0.000000000000000000e+00,2.926127504829498793e-01
1.000000000000000000e+00,2.204464708029945097e-01
2.000000000000000000e+00,1.137384283157263781e-01
3.000000000000000000e+00,1.073410071787153502e-01
4.000000000000000000e+00,2.093389540771880553e-01
5.000000000000000000e+00,3.113583981855137517e-01
6.000000000000000000e+00,-3.528129284069986965e-02
7.000000000000000000e+00,-1.476960164602057757e-01
8.000000000000000000e+00,-1.884626919419153945e-01
9.000000000000000000e+00,-3.406008351276368917e-01
1.000000000000000000e+01,-1.070954584328084880e-03
1.100000000000000000e+01,-8.790691244942791527e-03
1.200000000000000000e+01,-1.159081596093744365e-01
1.300000000000000000e+01,-1.870535632015028482e-01
1.400000000000000000e+01,8.972242258832581474e-02
1.500000000000000000e+01,-3.445351026386355153e-01
1.600000000000000000e+01,6.443188988664319550e-03
1.700000000000000000e+01,-8.489161998589496438e-02
1.800000000000000000e+01,-1.794515438856700285e-01
1.900000000000000000e+01,-1.577363942861144674e-01
2.000000000000000000e+01,-4.718871092070489603e-02
2.100000000000000000e+01,1.248677245817710058e-02
2.200000000000000000e+01,-5.412488965704643357e-02
2.300000000000000000e+01,-1.628431496754279006e-01
2.400000000000000000e+01,-1.762752092360506118e-01
2.500000000000000000e+01,-7.744629105244557610e-02
2.600000000000000000e+01,8.748471105477606535e-03
2.700000000000000000e+01,2.925059198941002969e-01
2.800000000000000000e+01,-3.406096723927670711e-01
2.900000000000000000e+01,-3.038851198626585370e-01
3.000000000000000000e+01,-1.054505376201771011e-01
3.100000000000000000e+01,-1.173840557451635846e-03
3.200000000000000000e+01,-1.836305542576022187e-03
3.300000000000000000e+01,-1.066007418579371507e-01
3.400000000000000000e+01,-1.830709993845229810e-01
3.500000000000000000e+01,-1.346077217604746135e-01
3.600000000000000000e+01,2.962845279739909632e-01
3.700000000000000000e+01,1.165159893555410553e-02
3.800000000000000000e+01,2.265723503605065470e-01
3.900000000000000000e+01,-5.204132246526256278e-01
4.000000000000000000e+01,-1.588317916103346161e-01
4.100000000000000000e+01,-4.978403490715108820e-02
4.200000000000000000e+01,1.575573634578514293e-02
4.300000000000000000e+01,-4.503842240631211746e-02
4.400000000000000000e+01,-1.553378386521622745e-01
4.500000000000000000e+01,-1.757515264338347372e-01
4.600000000000000000e+01,-8.048166955453023297e-02
4.700000000000000000e+01,1.007436512319709321e-02
4.800000000000000000e+01,-1.852369223883471028e-02
4.900000000000000000e+01,-1.301350210646589345e-01
5.000000000000000000e+01,-1.837107046997258353e-01
5.100000000000000000e+01,-1.115444250197710069e-01
5.200000000000000000e+01,-4.836382532502403464e-03
5.300000000000000000e+01,1.561038604509012995e-03
5.400000000000000000e+01,-1.004369082939638724e-01
5.500000000000000000e+01,-1.819302265844867650e-01
5.600000000000000000e+01,-1.399316623709920826e-01
5.700000000000000000e+01,-2.751693875148573942e-02
5.800000000000000000e+01,1.324973673022404597e-02
5.900000000000000000e+01,-3.217076538405225783e-01
6.000000000000000000e+01,-8.637268331816586042e-02
6.100000000000000000e+01,-7.865294665755148684e-02
6.200000000000000000e+01,2.846452170688047040e-02
6.300000000000000000e+01,9.960992529900852821e-02
6.400000000000000000e+01,4.487319668042357573e-02
6.500000000000000000e+01,-6.657207438798383448e-02
6.600000000000000000e+01,1.236997060368425494e-01
6.700000000000000000e+01,-2.552017916599876035e-03
6.800000000000000000e+01,9.200790598317568070e-02
6.900000000000000000e+01,7.029275638362011969e-02
7.000000000000000000e+01,-4.025492698178849416e-02
7.100000000000000000e+01,-9.993041036067136507e-02
7.200000000000000000e+01,-3.331874824544769909e-02
7.300000000000000000e+01,7.539951177293301166e-02
7.400000000000000000e+01,1.973654653416496152e-01
7.500000000000000000e+01,-9.997346850048440328e-03
7.600000000000000000e+01,-9.619210900797188490e-02
7.700000000000000000e+01,1.276259263306865344e-01
7.800000000000000000e+01,5.458133714468550446e-01
7.900000000000000000e+01,2.871248668367621937e-01
8.000000000000000000e+01,5.198009937511610667e-01
8.100000000000000000e+01,1.054120798656104502e-01
8.200000000000000000e+01,-8.561261993366889311e-02
8.300000000000000000e+01,2.108389811660953683e-01
8.400000000000000000e+01,1.781239761346684047e-02
8.500000000000000000e+01,2.388459610686332057e-01
8.600000000000000000e+01,1.266946587480748121e-01
8.700000000000000000e+01,6.930486602157169551e-02
8.800000000000000000e+01,1.796259446782993152e-01
8.900000000000000000e+01,2.778165729808105833e-01
9.000000000000000000e+01,2.630700309184930696e-01
9.100000000000000000e+01,1.540222742153103952e-01
9.200000000000000000e+01,8.848250296237297752e-02
9.300000000000000000e+01,1.492766617144696550e-01
9.400000000000000000e+01,-3.747016220783522256e-02
9.500000000000000000e+01,-1.705647442616231579e-02
9.600000000000000000e+01,4.745970852033404297e-02
9.700000000000000000e+01,-4.309632615739367179e-02
9.800000000000000000e+01,-1.449826879536303403e-02
9.900000000000000000e+01,-9.274276196193015354e-02
1.000000000000000000e+02,1.506887436655290902e-01
1.010000000000000000e+02,4.161534375327996527e-01
1.020000000000000000e+02,-2.818557850169356449e-02
1.030000000000000000e+02,-3.458299963870609117e-02
1.040000000000000000e+02,6.741494725976651670e-02
1.050000000000000000e+02,1.489082655502895758e-01
1.060000000000000000e+02,-1.674110993402030956e-02
1.070000000000000000e+02,-1.939549559640588172e-01
1.080000000000000000e+02,-2.347216314457706843e-01
1.090000000000000000e+02,-1.523213361785572539e-01
1.100000000000000000e+02,-5.088751702418931044e-02
1.110000000000000000e+02,-5.860725368480124153e-02
1.120000000000000000e+02,-1.657247220492320539e-01
1.130000000000000000e+02,1.013551559713813943e-01
1.140000000000000000e+02,-1.821333970227802523e-01
1.150000000000000000e+02,-7.068812595437251600e-02
1.160000000000000000e+02,5.249354400537856180e-02
1.170000000000000000e+02,-3.218114949540978875e-02
1.180000000000000000e+02,-1.334011888689548564e-01
1.190000000000000000e+02,-1.116860392694031257e-01
1.200000000000000000e+02,-1.138355903993915064e-03
1.210000000000000000e+02,5.853712747489092649e-02
1.220000000000000000e+02,-8.074534640330921498e-03
1.230000000000000000e+02,-4.448532437836777986e-01
1.240000000000000000e+02,1.668213859488182349e-01
1.250000000000000000e+02,2.549093315621145939e-01
1.260000000000000000e+02,1.920590264645452849e-01
1.270000000000000000e+02,3.706209447431912940e-01
1.280000000000000000e+02,4.445642944550878134e-02
1.290000000000000000e+02,-2.808015698838761676e-03
1.300000000000000000e+02,7.462807420958669780e-02
1.310000000000000000e+02,1.789047712723129679e-01
1.320000000000000000e+02,1.782423062871918984e-01
1.330000000000000000e+02,7.347786997183171354e-02
1.340000000000000000e+02,-2.992387554756850698e-03
1.350000000000000000e+02,4.547089006928878990e-02
1.360000000000000000e+02,1.576221923898473154e-01
1.370000000000000000e+02,1.917302107653202914e-01
1.380000000000000000e+02,1.046909064596250050e-01
1.390000000000000000e+02,6.500278157114680599e-03
1.400000000000000000e+02,2.124682021942837784e-02
1.410000000000000000e+02,1.302945769226114547e-01
1.420000000000000000e+02,-1.075324695720827339e-01
1.430000000000000000e+02,1.350401894234559141e-01
1.440000000000000000e+02,2.474077317760471628e-02
1.450000000000000000e+02,-3.318188071360972380e-01
1.460000000000000000e+02,3.730024818657065935e-03
1.470000000000000000e+02,9.428605949638707573e-02
1.480000000000000000e+02,3.545958634266385134e-01
1.490000000000000000e+02,2.429845346008140949e-01
1.500000000000000000e+02,1.894088509657446406e-01
1.510000000000000000e+02,5.311677613071640325e-01
1.520000000000000000e+02,3.682831731329671565e-01
1.530000000000000000e+02,3.746805942699817926e-01
1.540000000000000000e+02,2.726826473715108223e-01
1.550000000000000000e+02,1.911893290809848212e-01
1.560000000000000000e+02,3.080141205264609328e-01
1.570000000000000000e+02,2.730143653113019098e-01
1.580000000000000000e+02,3.863692923956953407e-01
1.590000000000000000e+02,3.039689971284823544e-01
1.600000000000000000e+02,2.025351779741141334e-01
1.610000000000000000e+02,2.102549146347254538e-01
1.620000000000000000e+02,3.173723829991560441e-01
1.630000000000000000e+02,3.885177865912877171e-01
1.640000000000000000e+02,3.337810579727052973e-01
1.650000000000000000e+02,2.223357869042975055e-01
1.660000000000000000e+02,1.950210344011201191e-01
1.670000000000000000e+02,2.863558433756783761e-01
1.680000000000000000e+02,4.204040581181281988e-01
1.690000000000000000e+02,3.592006176759023894e-01
1.700000000000000000e+02,4.856022186080605207e-02
1.710000000000000000e+02,1.889774509316079487e-01
1.720000000000000000e+02,2.555891130468292416e-01
1.730000000000000000e+02,2.671838539290055659e-01
1.740000000000000000e+02,3.777394326258365909e-01
1.750000000000000000e+02,5.729952371966612334e-01
1.760000000000000000e+02,1.927157522843086224e-01
1.770000000000000000e+02,4.354851903518585643e-01
1.780000000000000000e+02,3.631863340418743369e-01
1.790000000000000000e+02,4.104507791862224697e-01
1.800000000000000000e+02,3.330146892777974821e-01
1.810000000000000000e+02,2.287379922150709621e-01
1.820000000000000000e+02,2.294004572001913655e-01
1.830000000000000000e+02,3.341648935155512867e-01
1.840000000000000000e+02,4.106351510421403783e-01
1.850000000000000000e+02,3.621718734180953136e-01
1.860000000000000000e+02,2.500205710975367257e-01
1.870000000000000000e+02,-2.538991249608602008e-03
1.880000000000000000e+02,3.029518570277580092e-01
1.890000000000000000e+02,4.113430354998148797e-01
1.900000000000000000e+02,3.863959432679556216e-01
1.910000000000000000e+02,2.773481865647726696e-01
1.920000000000000000e+02,2.118084153118329205e-01
1.930000000000000000e+02,2.726025740639271278e-01
1.940000000000000000e+02,3.829019903097784505e-01
1.950000000000000000e+02,4.033156780914536887e-01
1.960000000000000000e+02,3.080458212121527928e-01
1.970000000000000000e+02,2.876371136504951576e-01
1.980000000000000000e+02,3.162351710125224646e-01
1.990000000000000000e+02,4.278464998383467721e-01
2.000000000000000000e+02,4.814221834734168648e-01
2.010000000000000000e+02,4.092559037934641042e-01
2.020000000000000000e+02,3.025478613061945987e-01
2.030000000000000000e+02,2.961504401691792965e-01
2.040000000000000000e+02,3.981483870676500447e-01
2.050000000000000000e+02,4.796417053581764622e-01
2.060000000000000000e+02,4.376431411446854436e-01
2.070000000000000000e+02,1.114663610710983771e-01
2.080000000000000000e+02,-2.731410398734331058e-02
2.090000000000000000e+02,-9.518502353275969108e-02
2.100000000000000000e+02,1.565200104342363008e-01
2.110000000000000000e+02,1.488002737736270897e-01
2.120000000000000000e+02,4.168280540919670762e-02
2.130000000000000000e+02,-2.946259818293547883e-02
2.140000000000000000e+02,2.527413043564633727e-02
2.150000000000000000e+02,1.367194015040520960e-01
2.160000000000000000e+02,1.640341540072322579e-01
2.170000000000000000e+02,3.143662210652368727e-01
2.180000000000000000e+02,-2.186057886710222886e-02
2.190000000000000000e+02,-1.454292675506507759e-04
2.200000000000000000e+02,1.104022540978609329e-01
2.210000000000000000e+02,1.700777374767442618e-01
2.220000000000000000e+02,1.034660753615261330e-01
2.230000000000000000e+02,-5.252184656859101852e-03
2.240000000000000000e+02,-1.868424421748600406e-02
2.250000000000000000e+02,8.014467396611944794e-02
2.260000000000000000e+02,-2.639483358516403477e-02
2.270000000000000000e+02,6.082400735066313679e-02
2.280000000000000000e+02,-5.141048801106454236e-02
2.290000000000000000e+02,-3.041677167485909994e-01
2.300000000000000000e+02,-2.123884324698877696e-02
2.310000000000000000e+02,8.303785381573637603e-02
2.320000000000000000e+02,8.237538883061662487e-02
2.330000000000000000e+02,1.412018753465842102e-01
2.340000000000000000e+02,-9.885930501133143034e-02
2.350000000000000000e+02,-5.039602738728655995e-02
2.360000000000000000e+02,6.175527493326984918e-02
2.370000000000000000e+02,9.586329330874629462e-02
2.380000000000000000e+02,8.823989003054684074e-03
2.390000000000000000e+02,-8.936663929946039864e-02
2.400000000000000000e+02,-7.462009723714674303e-02
2.410000000000000000e+02,3.442765946603868615e-02
2.420000000000000000e+02,9.996743071897634669e-02
2.430000000000000000e+02,3.917327196688528967e-02
2.440000000000000000e+02,-7.112614427896879477e-02
2.450000000000000000e+02,-9.153983206064580935e-02
2.460000000000000000e+02,3.730024818658731270e-03
2.470000000000000000e+02,9.428605949638668715e-02
2.480000000000000000e+02,6.568800213435785351e-02
2.490000000000000000e+02,-2.445249576272107983e-01
2.500000000000000000e+02,-2.981006412622816959e-01
2.510000000000000000e+02,-4.115341539135911053e-02
2.520000000000000000e+02,1.612504919183091467e-03
2.530000000000000000e+02,8.009926056199323519e-03
2.540000000000000000e+02,-9.398802084226967613e-02
2.550000000000000000e+02,-1.754813391327971484e-01
2.560000000000000000e+02,-1.334827749193061297e-01
2.570000000000000000e+02,-2.106805129980210411e-02
2.580000000000000000e+02,1.969862418191398179e-02
2.590000000000000000e+02,-6.270167108529528521e-02
2.600000000000000000e+02,-1.641354902396668647e-01
2.610000000000000000e+02,-1.564157535790569320e-01
2.620000000000000000e+02,-4.929828521462401025e-02
2.630000000000000000e+02,-1.594085578055843555e-01
2.640000000000000000e+02,-3.288961024107273090e-02
2.650000000000000000e+02,-1.443348813094832150e-01
2.660000000000000000e+02,-1.716496338126629329e-01
2.670000000000000000e+02,-8.031482483810445383e-02
2.680000000000000000e+02,1.424509906167142903e-02
2.690000000000000000e+02,-7.470050537880440489e-03
2.700000000000000000e+02,-1.180177339032872641e-01
2.710000000000000000e+02,5.031941027704456282e-02
2.720000000000000000e+02,-1.110815551669534773e-01
2.730000000000000000e+02,-2.363295148572627791e-03
2.740000000000000000e+02,1.106876441205550954e-02
2.750000000000000000e+02,-8.776015377154550157e-02
2.760000000000000000e+02,-1.739549159294734582e-01
2.770000000000000000e+02,-1.385868142721680962e-01
2.780000000000000000e+02,-1.263745356586548352e-01
2.790000000000000000e+02,2.195137571696577083e-01
2.800000000000000000e+02,1.420776672612364400e-01
2.810000000000000000e+02,1.384353213767477164e-01
2.820000000000000000e+02,-8.237538883061856776e-02
2.830000000000000000e+02,2.238904748474366754e-02
2.840000000000000000e+02,-7.638313689547959751e-02
2.850000000000000000e+02,5.039602738728951592e-02
2.860000000000000000e+02,-6.175527493327162554e-02
2.870000000000000000e+02,-9.586329330874726606e-02
2.880000000000000000e+02,-8.823989003052437607e-03
2.890000000000000000e+02,8.936663929945885820e-02
2.900000000000000000e+02,7.462009723714523035e-02
2.910000000000000000e+02,-3.442765946603546651e-02
2.920000000000000000e+02,-9.996743071897626343e-02
2.930000000000000000e+02,-3.917327196688321495e-02
2.940000000000000000e+02,7.112614427896638003e-02
2.950000000000000000e+02,9.153983206064490730e-02
2.960000000000000000e+02,2.836996026041384567e-01
2.970000000000000000e+02,1.931435679264063288e-01
2.980000000000000000e+02,4.211891054164412229e-01
2.990000000000000000e+02,3.333529541142549735e-01
3.000000000000000000e+02,3.869286377493287299e-01
3.010000000000000000e+02,3.147623580693796885e-01
3.020000000000000000e+02,4.817147373295471713e-03
3.030000000000000000e+02,4.818755750132988624e-01
3.040000000000000000e+02,3.036548413435634086e-01
3.050000000000000000e+02,3.851481596340879943e-01
3.060000000000000000e+02,3.431495954206005283e-01
3.070000000000000000e+02,2.307348718010917843e-01
3.080000000000000000e+02,1.899681963193767809e-01
3.090000000000000000e+02,2.723684915865890455e-01
3.100000000000000000e+02,1.370559556624390551e-01
3.110000000000000000e+02,3.660825740803470563e-01
3.120000000000000000e+02,4.085231367674911906e-01
3.130000000000000000e+02,1.878197021237859032e-01
3.140000000000000000e+02,2.425564307423662969e-01
3.150000000000000000e+02,3.540017018107722291e-01
3.160000000000000000e+02,3.813164543139536677e-01
3.170000000000000000e+02,2.899816453393994076e-01
3.180000000000000000e+02,1.954217214396192226e-01
3.190000000000000000e+02,2.171368710391695100e-01
3.200000000000000000e+02,3.276845544045808856e-01
3.210000000000000000e+02,3.873600377834652830e-01
3.220000000000000000e+02,3.207483756682482645e-01
3.230000000000000000e+02,5.302831757836166116e-01
3.240000000000000000e+02,1.295191438820249008e-01
3.250000000000000000e+02,3.720543904645729483e-01
3.260000000000000000e+02,9.619210900797031671e-02
3.270000000000000000e+02,-9.286000814536504722e-02
3.280000000000000000e+02,-5.141048801106354316e-02
3.290000000000000000e+02,-9.867493315541393806e-02
3.300000000000000000e+02,-2.123884324698992535e-02
3.310000000000000000e+02,1.780816401094346135e-01
3.320000000000000000e+02,8.237538883061729100e-02
3.330000000000000000e+02,-2.238904748474032647e-02
3.340000000000000000e+02,-9.885930501133124992e-02
3.350000000000000000e+02,-5.039602738728757303e-02
3.360000000000000000e+02,6.175527493326891243e-02
3.370000000000000000e+02,9.586329330874662769e-02
3.380000000000000000e+02,8.823989003055855013e-03
3.390000000000000000e+02,-8.936663929945987128e-02
3.400000000000000000e+02,3.241745728727687403e-01
3.410000000000000000e+02,3.262680601978161787e-01
3.420000000000000000e+02,3.918078314507549287e-01
3.430000000000000000e+02,3.310136726986649403e-01
3.440000000000000000e+02,2.207142564528106199e-01
3.450000000000000000e+02,2.003005686711322730e-01
3.460000000000000000e+02,2.955704255504361111e-01
3.470000000000000000e+02,3.861264602281648806e-01
3.480000000000000000e+02,3.575284028661372959e-01
3.490000000000000000e+02,2.459170740403153754e-01
3.500000000000000000e+02,1.923413904052432843e-01
3.510000000000000000e+02,2.645076700851948237e-01
3.520000000000000000e+02,4.907957484212712718e-01
3.530000000000000000e+02,-4.346051193464238460e-02
3.540000000000000000e+02,1.507201606542542538e-01
3.550000000000000000e+02,6.922684236372585176e-02
3.560000000000000000e+02,1.112254065772156492e-01
3.570000000000000000e+02,2.236401301967196886e-01
3.580000000000000000e+02,4.977726869996278447e-01
3.590000000000000000e+02,1.804915249890728379e-01
3.600000000000000000e+02,3.139385725780473035e-01
3.610000000000000000e+02,5.826877101225936828e-01
3.620000000000000000e+02,4.287757776030884926e-01
3.630000000000000000e+02,4.999211811952194440e-01
3.640000000000000000e+02,2.157947981439254370e-01
3.650000000000000000e+02,4.384308890132663228e-01
3.660000000000000000e+02,3.064244290050503472e-01
3.670000000000000000e+02,3.977592379796079936e-01
3.680000000000000000e+02,4.923191618793846258e-01
3.690000000000000000e+02,3.348579063915097520e-01
3.700000000000000000e+02,6.821592818264884950e-02
3.710000000000000000e+02,8.540444803761176873e-03
3.720000000000000000e+02,7.515210691898044360e-02
3.730000000000000000e+02,1.838703669373616401e-01
3.740000000000000000e+02,1.973024264979910680e-01
3.750000000000000000e+02,9.847350831439072305e-02
3.760000000000000000e+02,1.227874615646187828e-02
3.770000000000000000e+02,4.764684781376601896e-02
3.780000000000000000e+02,4.566755806969164944e-01
3.790000000000000000e+02,4.949470107480078429e-01
3.800000000000000000e+02,4.175109208395875737e-01
3.810000000000000000e+02,3.547441793740765403e-01
3.820000000000000000e+02,4.387917149187331445e-01
3.830000000000000000e+02,5.435561512340949530e-01
3.840000000000000000e+02,6.200264087606830454e-01
3.850000000000000000e+02,5.715631311366429212e-01
3.860000000000000000e+02,4.594118288160816688e-01
3.870000000000000000e+02,1.212722898552043571e-01
3.880000000000000000e+02,2.789772334251078845e-01
3.890000000000000000e+02,3.771678617276197909e-01
3.900000000000000000e+02,3.624213196653074953e-01
3.910000000000000000e+02,2.533735629621270968e-01
3.920000000000000000e+02,1.878337917091852383e-01
3.930000000000000000e+02,2.486279504612771696e-01
3.940000000000000000e+02,3.589273667071270491e-01
3.950000000000000000e+02,3.793410544888068392e-01
3.960000000000000000e+02,1.178821492453418635e-01
3.970000000000000000e+02,2.720305440125577179e-01
3.980000000000000000e+02,2.512798065267919934e-01
3.990000000000000000e+02,2.530274248103251411e-01
4.000000000000000000e+02,4.164668189876883919e-01
4.010000000000000000e+02,3.443005393077404053e-01
4.020000000000000000e+02,2.375924968204673193e-01
4.030000000000000000e+02,2.311950756834493526e-01
4.040000000000000000e+02,3.331930225819217939e-01
4.050000000000000000e+02,4.146863408724472677e-01
4.060000000000000000e+02,3.726877766589610230e-01
4.070000000000000000e+02,-7.727836802572314590e-02
4.080000000000000000e+02,-6.829484487042540575e-02
4.090000000000000000e+02,-1.221886371073188232e-01
4.100000000000000000e+02,1.155392695511541779e-01
4.110000000000000000e+02,1.078195328905458550e-01
4.120000000000000000e+02,7.020645261180263885e-04
4.130000000000000000e+02,-7.044333906601595030e-02
4.140000000000000000e+02,-1.570661044743669812e-02
4.150000000000000000e+02,9.573866062096940410e-02
4.160000000000000000e+02,1.230534131241521334e-01
4.170000000000000000e+02,-1.401728425575746451e-01
4.180000000000000000e+02,-6.284131975018224237e-02
4.190000000000000000e+02,-4.112617015063324555e-02
4.200000000000000000e+02,6.942151321477264825e-02
4.210000000000000000e+02,1.290969965936633879e-01
4.220000000000000000e+02,4.101675085038137825e-01
4.230000000000000000e+02,-4.623292553993847698e-02
4.240000000000000000e+02,-5.966498510056801596e-02
4.250000000000000000e+02,4.191187119487962964e-02
4.260000000000000000e+02,3.602206174461573540e-01
4.270000000000000000e+02,4.801604091703530752e-01
4.280000000000000000e+02,2.126180204271248542e-01
4.290000000000000000e+02,4.563775082048193710e-01
4.300000000000000000e+02,4.987990762931021060e-01
4.310000000000000000e+02,6.380902951759717112e-01
4.320000000000000000e+02,6.374278301908514743e-01
4.330000000000000000e+02,5.326633938754943287e-01
4.340000000000000000e+02,4.561931363489032942e-01
4.350000000000000000e+02,5.046564139729400322e-01
4.360000000000000000e+02,6.168077162935059476e-01
4.370000000000000000e+02,6.509157346689804502e-01
4.380000000000000000e+02,5.638764303632906039e-01
4.390000000000000000e+02,4.656858020607766990e-01
4.400000000000000000e+02,3.977269179333775551e-01
4.410000000000000000e+02,5.067746746365585642e-01
4.420000000000000000e+02,5.723144458894983133e-01
4.430000000000000000e+02,5.115202871374094906e-01
4.440000000000000000e+02,4.012208708915589450e-01
4.450000000000000000e+02,4.821129770283009153e-01
4.460000000000000000e+02,4.760770399891783855e-01
4.470000000000000000e+02,5.666330746669080431e-01
4.480000000000000000e+02,5.380350173048858986e-01
4.490000000000000000e+02,4.264236884790649773e-01
4.500000000000000000e+02,3.728480048439872241e-01
4.510000000000000000e+02,5.742540117452226145e-01
4.520000000000000000e+02,8.066755173803226153e-01
4.530000000000000000e+02,8.130729385173443013e-01
4.540000000000000000e+02,1.048543066720192929e+00
4.550000000000000000e+02,8.194147681555665752e-01
4.560000000000000000e+02,4.075517291036453993e-01
4.570000000000000000e+02,5.199664527231494526e-01
4.580000000000000000e+02,4.887282837955838621e-01
4.590000000000000000e+02,2.867436114366738731e-01
4.600000000000000000e+02,8.587508086124162610e-02
4.610000000000000000e+02,3.977183914873663739e-01
4.620000000000000000e+02,2.007122858862756265e-01
4.630000000000000000e+02,3.960885506274294809e-01
4.640000000000000000e+02,-8.584284092089439211e-02
4.650000000000000000e+02,-1.972881119893001856e-01
4.660000000000000000e+02,-2.246028644924824014e-01
4.670000000000000000e+02,-1.332680555179311666e-01
4.680000000000000000e+02,-3.870813161814595782e-02
4.690000000000000000e+02,-2.104510617318344767e-02
4.700000000000000000e+02,-8.826553839339235097e-02
4.710000000000000000e+02,-1.369071991654202680e-02
4.720000000000000000e+02,-8.132935965706827863e-02
4.730000000000000000e+02,3.575312517448722693e-01
4.740000000000000000e+02,6.414786976229411852e-01
4.750000000000000000e+02,2.721343931218995205e-01
4.760000000000000000e+02,1.859396309639714251e-01
4.770000000000000000e+02,3.148927775882682800e-01
4.780000000000000000e+02,3.335422279830049241e-01
4.790000000000000000e+02,3.808066731273542227e-01
4.800000000000000000e+02,5.674183551208984433e-01
4.810000000000000000e+02,-5.585930421290924430e-02
4.820000000000000000e+02,-5.519683922779278218e-02
4.830000000000000000e+02,4.956759708756525162e-02
4.840000000000000000e+02,1.260378546141544542e-01
4.850000000000000000e+02,7.757457699011544028e-02
4.860000000000000000e+02,-3.457672533044137131e-02
4.870000000000000000e+02,-6.868474370592242417e-02
4.880000000000000000e+02,1.835456059976914300e-02
4.890000000000000000e+02,1.165451889022817156e-01
4.900000000000000000e+02,1.017986468399744715e-01
4.910000000000000000e+02,-7.249109863204039605e-03
4.920000000000000000e+02,-7.278888111615244849e-02
4.930000000000000000e+02,-1.219912256886635515e-01
4.940000000000000000e+02,4.012684956625146571e-01
4.950000000000000000e+02,4.216821834441980554e-01
4.960000000000000000e+02,3.264123265648912753e-01
4.970000000000000000e+02,2.358562918871632830e-01
4.980000000000000000e+02,2.644543492491877035e-01
4.990000000000000000e+02,3.760656780750090133e-01
5.000000000000000000e+02,4.296413617100856563e-01
5.010000000000000000e+02,3.574750820301326737e-01
5.020000000000000000e+02,3.634509178144665897e-01
5.030000000000000000e+02,-8.577273297770451888e-02
5.040000000000000000e+02,1.622521392076173297e-02
5.050000000000000000e+02,9.771853221129250811e-02
5.060000000000000000e+02,5.571996799780398746e-02
5.070000000000000000e+02,-5.669475562170004507e-02
5.080000000000000000e+02,-9.746143110341749793e-02
5.090000000000000000e+02,-1.506113583621265274e-02
5.100000000000000000e+02,8.637268331816462530e-02
5.110000000000000000e+02,7.865294665755476200e-02
5.120000000000000000e+02,-2.846452170687267108e-02
5.130000000000000000e+02,2.170643622198673295e-01
5.140000000000000000e+02,2.855027619782493642e-01
5.150000000000000000e+02,3.969480330466649831e-01
5.160000000000000000e+02,4.242627855498447564e-01
5.170000000000000000e+02,8.420861257017797641e-03
5.180000000000000000e+02,2.383680526755126428e-01
5.190000000000000000e+02,2.600832022750621531e-01
5.200000000000000000e+02,3.706308856404689767e-01
5.210000000000000000e+02,4.303063690193556501e-01
5.220000000000000000e+02,3.636947069041407410e-01
5.230000000000000000e+02,2.549764468857582123e-01
5.240000000000000000e+02,5.093900879228134837e-01
5.250000000000000000e+02,1.011102724265666997e-01
5.260000000000000000e+02,4.265680676666536719e-01
5.270000000000000000e+02,3.911999660093544717e-01
5.280000000000000000e+02,5.964507981305748885e-01
5.290000000000000000e+02,5.491863529862180959e-01
5.300000000000000000e+02,3.382286842039745611e-01
5.310000000000000000e+02,7.308991399573658843e-01
5.320000000000000000e+02,7.302366749722533079e-01
5.330000000000000000e+02,6.254722386568878356e-01
5.340000000000000000e+02,5.490019811303006314e-01
5.350000000000000000e+02,5.974652587543418658e-01
5.360000000000000000e+02,7.096165610748985664e-01
5.370000000000000000e+02,7.437245794503803964e-01
5.380000000000000000e+02,6.566852751446839997e-01
5.390000000000000000e+02,3.356621953544598469e-01
5.400000000000000000e+02,3.504087374167695890e-01
5.410000000000000000e+02,3.819787071974339865e-01
5.420000000000000000e+02,8.006250163870402003e-01
5.430000000000000000e+02,1.338261479621179750e-01
5.440000000000000000e+02,2.352673171626837312e-02
5.450000000000000000e+02,3.113043934587417239e-03
5.460000000000000000e+02,9.838290081388420538e-02
5.470000000000000000e+02,1.889389354916220787e-01
5.480000000000000000e+02,1.603408781295951602e-01
5.490000000000000000e+02,4.872954930377351723e-02
5.500000000000000000e+02,-4.846134331300849807e-03
5.510000000000000000e+02,6.732014534864319555e-02
5.520000000000000000e+02,1.017290718221570966e-01
5.530000000000000000e+02,1.804256089729380508e-01
5.540000000000000000e+02,7.842766207447068871e-02
5.550000000000000000e+02,-3.065656216058310068e-03
5.560000000000000000e+02,3.893290799742313291e-02
5.570000000000000000e+02,3.745498633276874711e-01
5.580000000000000000e+02,-1.253710203842957893e-01
5.590000000000000000e+02,-2.077713156515023640e-01
5.600000000000000000e+02,-3.092051348058728055e-01
5.610000000000000000e+02,-3.014853981452661480e-01
5.620000000000000000e+02,-1.943679297808379447e-01
5.630000000000000000e+02,-1.232225261887048978e-01
5.640000000000000000e+02,-1.779592548072801428e-01
5.650000000000000000e+02,-2.894045258756869354e-01
5.660000000000000000e+02,-3.167192783788727040e-01
5.670000000000000000e+02,-4.492500221177049835e-01
5.680000000000000000e+02,-4.345683248406335686e-01
5.690000000000000000e+02,7.029275638362834921e-02
5.700000000000000000e+02,-4.025492698177660089e-02
5.710000000000000000e+02,-9.993041036067153160e-02
5.720000000000000000e+02,-3.331874824545458247e-02
5.730000000000000000e+02,7.539951177292728013e-02
5.740000000000000000e+02,8.883157133356195390e-02
5.750000000000000000e+02,1.788079122165075474e-01
5.760000000000000000e+02,9.261315005858268556e-02
5.770000000000000000e+02,1.279812517158843144e-01
5.780000000000000000e+02,2.402157470776115356e-01
5.790000000000000000e+02,2.874801922219678563e-01
5.800000000000000000e+02,2.100441023135429797e-01
5.810000000000000000e+02,1.057674052508172785e-01
5.820000000000000000e+02,1.064298702359323945e-01
5.830000000000000000e+02,2.111943065512876527e-01
5.840000000000000000e+02,6.151981080074029329e-01
5.850000000000000000e+02,7.583555060109393731e-01
5.860000000000000000e+02,4.545835280628044983e-01
5.870000000000000000e+02,4.186485282991749823e-01
5.880000000000000000e+02,5.075148139930116820e-01
5.890000000000000000e+02,6.057054422955331363e-01
5.900000000000000000e+02,5.909589002332209517e-01
5.910000000000000000e+02,4.819111435300411639e-01
5.920000000000000000e+02,4.163713722770971959e-01
5.930000000000000000e+02,4.771655310291816887e-01
5.940000000000000000e+02,5.874649472750412826e-01
5.950000000000000000e+02,6.078786350567196850e-01
5.960000000000000000e+02,2.510821711416495461e-01
5.970000000000000000e+02,4.220527434996890204e-01
5.980000000000000000e+02,4.506508008617059469e-01
5.990000000000000000e+02,5.622621296875365271e-01
6.000000000000000000e+02,6.409956923473052459e-01
6.010000000000000000e+02,3.778195141617484154e-01
6.020000000000000000e+02,5.794768596185039256e-01
6.030000000000000000e+02,4.834738299941981898e-01
6.040000000000000000e+02,6.916560208175864810e-01
6.050000000000000000e+02,4.558166480930985198e-01
6.060000000000000000e+02,6.467491359817101326e-01
6.070000000000000000e+02,5.719319064950953990e-01
6.080000000000000000e+02,4.075575647218514508e-01
6.090000000000000000e+02,7.782379585375795994e-01
6.100000000000000000e+02,8.369396247248028775e-01
6.110000000000000000e+02,6.973647003236402853e-01
6.120000000000000000e+02,8.425820935508752108e-01
6.130000000000000000e+02,2.871892494158685971e-01
6.140000000000000000e+02,5.441199052582231799e-01
6.150000000000000000e+02,2.175479188356417293e-01
6.160000000000000000e+02,3.527258609568644232e-01
6.170000000000000000e+02,3.102727411311859695e-01
6.180000000000000000e+02,1.003483171408822705e-01
6.190000000000000000e+02,-1.251854050498137916e-01
6.200000000000000000e+02,4.612247206897537866e-01
6.210000000000000000e+02,6.782298152618614073e-02
6.220000000000000000e+02,6.389354905889761682e-02
6.230000000000000000e+02,4.585668790820214835e-01
6.240000000000000000e+02,1.282903489183677692e-01
6.250000000000000000e+02,3.713061060612853903e-01
6.260000000000000000e+02,4.477226934583861673e-01
6.270000000000000000e+02,1.443193866701832917e-01
6.280000000000000000e+02,7.034522521833254383e-02
6.290000000000000000e+02,7.507951372446962368e-02
6.300000000000000000e+02,-1.179672466166807598e-02
6.310000000000000000e+02,2.166720157186551865e-01
6.320000000000000000e+02,5.961772411429691609e-02
6.330000000000000000e+02,1.056745350126279404e-01
6.340000000000000000e+02,4.663624982586375700e-02
6.350000000000000000e+02,-5.377357738781514407e-02
6.360000000000000000e+02,-1.022478905826837425e-03
6.370000000000000000e+02,-3.540719888805194948e-01
6.380000000000000000e+02,-1.411335345554366461e-01
6.390000000000000000e+02,-4.154050435761923454e-01
6.400000000000000000e+02,-2.572220849120376851e-01
6.410000000000000000e+02,-2.171824881022433873e-01
6.420000000000000000e+02,-1.783726219042843786e-01
6.430000000000000000e+02,-8.805901535011882719e-02
6.440000000000000000e+02,-5.541076843684470399e-01
6.450000000000000000e+02,-2.884722722384817084e-01
6.460000000000000000e+02,-1.350057557851433998e-01
6.470000000000000000e+02,-5.480124227211440047e-02
6.480000000000000000e+02,-2.523367364629923448e-02
6.490000000000000000e+02,-1.349798443960947558e-01
6.500000000000000000e+02,-3.056842111781983284e-01
6.510000000000000000e+02,-5.330867123631861937e-02
6.520000000000000000e+02,-4.514225366316815258e-02
6.530000000000000000e+02,2.104518974146094012e-01
6.540000000000000000e+02,1.716981764421045553e-01
6.550000000000000000e+02,4.530798158541923804e-02
6.560000000000000000e+02,2.909610408892180367e-01
6.570000000000000000e+02,-8.876968177086463907e-02
6.580000000000000000e+02,2.145129556239744606e-01
6.590000000000000000e+02,4.763098061821680052e-01
6.600000000000000000e+02,2.278221280848113373e-01
6.610000000000000000e+02,2.266475249252062618e-01
6.620000000000000000e+02,1.438271438933204638e-01
6.630000000000000000e+02,3.252747515765566089e-01
6.640000000000000000e+02,3.691293211783360784e-01
6.650000000000000000e+02,2.037696425864923833e-01
6.660000000000000000e+02,1.346439461513277425e-01
6.670000000000000000e+02,1.353026172602029287e-01
6.680000000000000000e+02,5.251164056778047096e-01
6.690000000000000000e+02,4.331638617448650974e-01
6.700000000000000000e+02,3.773445420898942637e-01
6.710000000000000000e+02,3.068603111849397269e-01
6.720000000000000000e+02,1.976475460843867826e-01
6.730000000000000000e+02,2.102455276979302012e-01
6.740000000000000000e+02,1.873552666243152309e-01
6.750000000000000000e+02,9.251694537759827530e-02
6.760000000000000000e+02,2.189496133821839940e-01
6.770000000000000000e+02,7.507466573232057794e-02
6.780000000000000000e+02,3.603344104542518522e-01
6.790000000000000000e+02,1.594270359786221780e-01
6.800000000000000000e+02,2.512558319515046934e-01
6.810000000000000000e+02,2.371370268136707704e-01
6.820000000000000000e+02,3.589507438927151961e-01
6.830000000000000000e+02,-2.239980009308950581e-01
6.840000000000000000e+02,9.656746204897018182e-02
6.850000000000000000e+02,2.026351434570050625e-01
6.860000000000000000e+02,-1.266252181258798737e-01
6.870000000000000000e+02,-6.003043978101287731e-02
6.880000000000000000e+02,5.016301892862784495e-03
6.890000000000000000e+02,-1.421195320741880375e-01
6.900000000000000000e+02,1.854191675020156194e-01
6.910000000000000000e+02,-5.296278501951435791e-01
6.920000000000000000e+02,1.920300060642946005e-01
6.930000000000000000e+02,1.621083509580720228e-01
6.940000000000000000e+02,2.460100577682417661e-02
6.950000000000000000e+02,4.799046489128480086e-01
6.960000000000000000e+02,3.604034032512483110e-01
6.970000000000000000e+02,4.807075664767649498e-02
6.980000000000000000e+02,3.915845920578230888e-01
6.990000000000000000e+02,3.062774562131703737e-01
7.000000000000000000e+02,3.186613993806332035e-01
7.010000000000000000e+02,3.429889564879812780e-01
7.020000000000000000e+02,1.437913659913356845e-01
7.030000000000000000e+02,1.442820627364109765e-01
7.040000000000000000e+02,5.224388247649524031e-01
7.050000000000000000e+02,3.043253562542936885e-01
7.060000000000000000e+02,5.034619971379583614e-01
7.070000000000000000e+02,5.411182561448186767e-01
7.080000000000000000e+02,5.612244374703435623e-01
7.090000000000000000e+02,8.102444750799870921e-01
7.100000000000000000e+02,7.402366403242728321e-01
7.110000000000000000e+02,6.923654565863764931e-01
7.120000000000000000e+02,7.982090972784419147e-01
7.130000000000000000e+02,5.251584983624772995e-01
7.140000000000000000e+02,3.305778253402495426e-01
7.150000000000000000e+02,9.586835086449319032e-01
7.160000000000000000e+02,1.364828388658327452e+00
7.170000000000000000e+02,9.468795940034169245e-01
7.180000000000000000e+02,7.407282292929504575e-01
7.190000000000000000e+02,1.523146529174214781e+00
7.200000000000000000e+02,1.690536990468098244e+00
7.210000000000000000e+02,1.543229265323465826e+00
7.220000000000000000e+02,1.779140225211986559e+00
7.230000000000000000e+02,1.777870440619810699e+00
7.240000000000000000e+02,2.017982517907766837e+00
7.250000000000000000e+02,2.438104060388478711e+00
7.260000000000000000e+02,2.608957230193779342e+00
7.270000000000000000e+02,2.877198771996239302e+00
7.280000000000000000e+02,2.885824478253736114e+00
7.290000000000000000e+02,2.998265587574393098e+00
7.300000000000000000e+02,3.691675089979413737e+00
7.310000000000000000e+02,4.303359461237331374e+00
7.320000000000000000e+02,4.489158088900166987e+00
7.330000000000000000e+02,4.470830782897520450e+00
7.340000000000000000e+02,5.061768664255491323e+00
7.350000000000000000e+02,5.512313595923406417e+00
7.360000000000000000e+02,5.993120129106693561e+00
7.370000000000000000e+02,6.424011887946951660e+00
7.380000000000000000e+02,6.574038090133924150e+00
7.390000000000000000e+02,7.184232381858604910e+00
7.400000000000000000e+02,7.738339037988949620e+00
7.410000000000000000e+02,8.317622098728785218e+00
7.420000000000000000e+02,8.804581778399681369e+00
7.430000000000000000e+02,9.387725403083953424e+00
7.440000000000000000e+02,1.013976193323577313e+01
7.450000000000000000e+02,1.063065700322458262e+01
7.460000000000000000e+02,1.154655750690960936e+01
7.470000000000000000e+02,1.187853359035860557e+01
7.480000000000000000e+02,1.254716392110868206e+01
7.490000000000000000e+02,1.304764049846940210e+01
7.500000000000000000e+02,1.402643455597975652e+01
7.510000000000000000e+02,1.471308100860699142e+01
7.520000000000000000e+02,1.524414947936267772e+01
7.530000000000000000e+02,1.567384701729307928e+01
7.540000000000000000e+02,1.600917149043328891e+01
7.550000000000000000e+02,1.669544661439597277e+01
7.560000000000000000e+02,1.708122502871887960e+01
7.570000000000000000e+02,1.802565602324455085e+01
7.580000000000000000e+02,1.843346778001560793e+01
7.590000000000000000e+02,1.907702416196509887e+01
7.600000000000000000e+02,1.938875266462050817e+01
7.610000000000000000e+02,2.000210864334320959e+01
7.620000000000000000e+02,2.042917422970607788e+01
7.630000000000000000e+02,2.111847107132236090e+01
7.640000000000000000e+02,2.126640594974393750e+01
7.650000000000000000e+02,2.188406894365444799e+01
7.660000000000000000e+02,2.210528514099074826e+01
7.670000000000000000e+02,2.268526894316701359e+01
7.680000000000000000e+02,2.319564660387659316e+01
7.690000000000000000e+02,2.334475673128900297e+01
7.700000000000000000e+02,2.353455264464907160e+01
7.710000000000000000e+02,2.330187133407313382e+01
7.720000000000000000e+02,2.406452138364301518e+01
7.730000000000000000e+02,2.473146412878230294e+01
7.740000000000000000e+02,2.471773290838940085e+01
7.750000000000000000e+02,2.499886629807055982e+01
7.760000000000000000e+02,2.504247448490891159e+01
7.770000000000000000e+02,2.519163130685327090e+01
7.780000000000000000e+02,2.544060291322233169e+01
7.790000000000000000e+02,2.612673278503838858e+01
7.800000000000000000e+02,2.627293985256497066e+01
7.810000000000000000e+02,2.593573716075652058e+01
7.820000000000000000e+02,2.569804149831734108e+01
7.830000000000000000e+02,2.629330084716294280e+01
7.840000000000000000e+02,2.673824707812124757e+01
7.850000000000000000e+02,2.709711001715553635e+01
7.860000000000000000e+02,2.682519525237033875e+01
7.870000000000000000e+02,2.707544187910656674e+01
7.880000000000000000e+02,2.721329258126895922e+01
7.890000000000000000e+02,2.707330567862005211e+01
7.900000000000000000e+02,2.730559861173414404e+01
7.910000000000000000e+02,2.745075680898556314e+01
7.920000000000000000e+02,2.737923832873454799e+01
7.930000000000000000e+02,2.784991804538916682e+01
7.940000000000000000e+02,2.757204441280616081e+01
7.950000000000000000e+02,2.784808120069046922e+01
7.960000000000000000e+02,2.762328600798323919e+01
7.970000000000000000e+02,2.766333520507558674e+01
7.980000000000000000e+02,2.773068851746628738e+01
7.990000000000000000e+02,2.815457469027687409e+01
8.000000000000000000e+02,2.860132381453911776e+01
8.010000000000000000e+02,2.803498748118957806e+01
8.020000000000000000e+02,2.848505136927817816e+01
8.030000000000000000e+02,2.832800700284107975e+01
8.040000000000000000e+02,2.833643944168001383e+01
8.050000000000000000e+02,2.855881890078970997e+01
8.060000000000000000e+02,2.852178504328715647e+01
8.070000000000000000e+02,2.833421312760455635e+01
8.080000000000000000e+02,2.855813783215315027e+01
8.090000000000000000e+02,2.801434964330569599e+01
8.100000000000000000e+02,2.820168178027397232e+01
8.110000000000000000e+02,2.815668050503113307e+01
8.120000000000000000e+02,2.785454434931326517e+01
8.130000000000000000e+02,2.805639596350603426e+01
8.140000000000000000e+02,2.807329703037834889e+01
8.150000000000000000e+02,2.837455620771649123e+01
8.160000000000000000e+02,2.857640654278396397e+01
8.170000000000000000e+02,2.824870451492817480e+01
8.180000000000000000e+02,2.819818626506910775e+01
8.190000000000000000e+02,2.836554904369512897e+01
8.200000000000000000e+02,2.839591603824488431e+01
8.210000000000000000e+02,2.886915602648353740e+01
8.220000000000000000e+02,2.793436947825895800e+01
8.230000000000000000e+02,2.823850460235652093e+01
8.240000000000000000e+02,2.809330392258202025e+01
8.250000000000000000e+02,2.852273951094937132e+01
8.260000000000000000e+02,2.855431285255728113e+01
8.270000000000000000e+02,2.817010700829292702e+01
8.280000000000000000e+02,2.854238502627261553e+01
8.290000000000000000e+02,2.851195207415480581e+01
8.300000000000000000e+02,2.809855492962975632e+01
8.310000000000000000e+02,2.848320878817026625e+01
8.320000000000000000e+02,2.857778027448487990e+01
8.330000000000000000e+02,2.838391758017154842e+01
8.340000000000000000e+02,2.831473939746141610e+01
8.350000000000000000e+02,2.849720711190885325e+01
8.360000000000000000e+02,2.841866128792659651e+01
8.370000000000000000e+02,2.833805478345894713e+01
8.380000000000000000e+02,2.824869334996943948e+01
8.390000000000000000e+02,2.819799688504562596e+01
8.400000000000000000e+02,2.813605930555484491e+01
8.410000000000000000e+02,2.831331655670842551e+01
8.420000000000000000e+02,2.797162673253937015e+01
8.430000000000000000e+02,2.819555711348800031e+01
8.440000000000000000e+02,2.837768007751260768e+01
8.450000000000000000e+02,2.826305860033093609e+01
8.460000000000000000e+02,2.838339255314082621e+01
8.470000000000000000e+02,2.830316268034789218e+01
8.480000000000000000e+02,2.830172849309588656e+01
8.490000000000000000e+02,2.808914637879295029e+01
8.500000000000000000e+02,2.804706359961109285e+01
8.510000000000000000e+02,2.822053932182600633e+01
8.520000000000000000e+02,2.835872410252549969e+01
8.530000000000000000e+02,2.810587893489960720e+01
8.540000000000000000e+02,2.876652173932578549e+01
8.550000000000000000e+02,2.821689136103261575e+01
8.560000000000000000e+02,2.839179788616429434e+01
8.570000000000000000e+02,2.855766503754870911e+01
8.580000000000000000e+02,2.857857040925746261e+01
8.590000000000000000e+02,2.859419691928068374e+01
8.600000000000000000e+02,2.858295611320752627e+01
8.610000000000000000e+02,2.841816469884624752e+01
8.620000000000000000e+02,2.836713666499850106e+01
8.630000000000000000e+02,2.825071835245814000e+01
8.640000000000000000e+02,2.816147752056132703e+01
8.650000000000000000e+02,2.857885833913787010e+01
8.660000000000000000e+02,2.791720028725722003e+01
8.670000000000000000e+02,2.820751041577244678e+01
8.680000000000000000e+02,2.843707908415573726e+01
8.690000000000000000e+02,2.821368774556091807e+01
8.700000000000000000e+02,2.830640209675991059e+01
8.710000000000000000e+02,2.848346427505535416e+01
8.720000000000000000e+02,2.816895502595061984e+01
8.730000000000000000e+02,2.857297545606209965e+01
8.740000000000000000e+02,2.866449047519108007e+01
8.750000000000000000e+02,2.824012077502000295e+01
8.760000000000000000e+02,2.828162698584494450e+01
8.770000000000000000e+02,2.832178474583179550e+01
8.780000000000000000e+02,2.837353621156733041e+01
8.790000000000000000e+02,2.851829389546980664e+01
8.800000000000000000e+02,2.841232613427591858e+01
8.810000000000000000e+02,2.847153041370553339e+01
8.820000000000000000e+02,2.884587969287628795e+01
8.830000000000000000e+02,2.771680019493200930e+01
8.840000000000000000e+02,2.815377858285439672e+01
8.850000000000000000e+02,2.850525546378612773e+01
8.860000000000000000e+02,2.790597247736493358e+01
8.870000000000000000e+02,2.792559050366877571e+01
8.880000000000000000e+02,2.800911041908705812e+01
8.890000000000000000e+02,2.833149220312310845e+01
8.900000000000000000e+02,2.853445621095442775e+01
8.910000000000000000e+02,2.805135439147693788e+01
8.920000000000000000e+02,2.805198404632494302e+01
8.930000000000000000e+02,2.826584226196174399e+01
8.940000000000000000e+02,2.852752190059542059e+01
8.950000000000000000e+02,2.801322633653262173e+01
8.960000000000000000e+02,2.817400779642327180e+01
8.970000000000000000e+02,2.816363185509813505e+01
8.980000000000000000e+02,2.839227865570626363e+01
8.990000000000000000e+02,2.827620349546801037e+01
9.000000000000000000e+02,2.836060039156861023e+01
9.010000000000000000e+02,2.820724249250145377e+01
9.020000000000000000e+02,2.823339688869824471e+01
9.030000000000000000e+02,2.786041001900629155e+01
9.040000000000000000e+02,2.845592207591901968e+01
9.050000000000000000e+02,2.793098855222105570e+01
9.060000000000000000e+02,2.793307993609980855e+01
9.070000000000000000e+02,2.802480591116714947e+01
9.080000000000000000e+02,2.754730969019720987e+01
9.090000000000000000e+02,2.783330940420207611e+01
9.100000000000000000e+02,2.786782033017377813e+01
9.110000000000000000e+02,2.803151512962270786e+01
9.120000000000000000e+02,2.750114238427243762e+01
9.130000000000000000e+02,2.776954971749596979e+01
9.140000000000000000e+02,2.779008174201471704e+01
9.150000000000000000e+02,2.796470507322196752e+01
9.160000000000000000e+02,2.773180031526867140e+01
9.170000000000000000e+02,2.766626054834032189e+01
9.180000000000000000e+02,2.775640876431087278e+01
9.190000000000000000e+02,2.761098837932298267e+01
9.200000000000000000e+02,2.764303109194890595e+01
9.210000000000000000e+02,2.769434976013970484e+01
9.220000000000000000e+02,2.746137208174021538e+01
9.230000000000000000e+02,2.762427220007107209e+01
9.240000000000000000e+02,2.768994510505144646e+01
9.250000000000000000e+02,2.789003518136043880e+01
9.260000000000000000e+02,2.802131013651461089e+01
9.270000000000000000e+02,2.782602827706384474e+01
9.280000000000000000e+02,2.766350590638208473e+01
9.290000000000000000e+02,2.769434949545606273e+01
9.300000000000000000e+02,2.789189306660253109e+01
9.310000000000000000e+02,2.799729233942593254e+01
9.320000000000000000e+02,2.800626925891866392e+01
9.330000000000000000e+02,2.780068641286107578e+01
9.340000000000000000e+02,2.790625602006382877e+01
9.350000000000000000e+02,2.799941811232179134e+01
9.360000000000000000e+02,2.811082213212769787e+01
9.370000000000000000e+02,2.805174336241060118e+01
9.380000000000000000e+02,2.821004954285504951e+01
9.390000000000000000e+02,2.777278650931836168e+01
9.400000000000000000e+02,2.796651840917929022e+01
9.410000000000000000e+02,2.832376718047326847e+01
9.420000000000000000e+02,2.832385149691488024e+01
9.430000000000000000e+02,2.813412364876763760e+01
9.440000000000000000e+02,2.818498026551069557e+01
9.450000000000000000e+02,2.826630481038011311e+01
9.460000000000000000e+02,2.815995416204546231e+01
9.470000000000000000e+02,2.839797879645722034e+01
9.480000000000000000e+02,2.819339004994246878e+01
9.490000000000000000e+02,2.826096746694736339e+01
9.500000000000000000e+02,2.790203182671643845e+01
9.510000000000000000e+02,2.812292753171180237e+01
9.520000000000000000e+02,2.805342284944931563e+01
9.530000000000000000e+02,2.806803531067931701e+01
9.540000000000000000e+02,2.821596522700199827e+01
9.550000000000000000e+02,2.781852080818692130e+01
9.560000000000000000e+02,2.810891392354197649e+01
9.570000000000000000e+02,2.819128095630302155e+01
9.580000000000000000e+02,2.789439165268123588e+01
9.590000000000000000e+02,2.799164418913658281e+01
9.600000000000000000e+02,2.789618228899718844e+01
9.610000000000000000e+02,2.824537530149909514e+01
9.620000000000000000e+02,2.811972428300530424e+01
9.630000000000000000e+02,2.827546625897134902e+01
9.640000000000000000e+02,2.816041253612795714e+01
9.650000000000000000e+02,2.818773211961184089e+01
9.660000000000000000e+02,2.766455721896645059e+01
9.670000000000000000e+02,2.830187737889299271e+01
9.680000000000000000e+02,2.808435743091463621e+01
9.690000000000000000e+02,2.837770353391518796e+01
9.700000000000000000e+02,2.783995755344808032e+01
9.710000000000000000e+02,2.800585936310507762e+01
9.720000000000000000e+02,2.789228633284121628e+01
9.730000000000000000e+02,2.813634345246233437e+01
9.740000000000000000e+02,2.871264195915383510e+01
9.750000000000000000e+02,2.793205124147591789e+01
9.760000000000000000e+02,2.758591832761717200e+01
9.770000000000000000e+02,2.795529999824687195e+01
9.780000000000000000e+02,2.853655214022167286e+01
9.790000000000000000e+02,2.833529733848888554e+01
9.800000000000000000e+02,2.818913629038540591e+01
9.810000000000000000e+02,2.805608855036838278e+01
9.820000000000000000e+02,2.794173053931370276e+01
9.830000000000000000e+02,2.811509510373275234e+01
9.840000000000000000e+02,2.837121213312891399e+01
9.850000000000000000e+02,2.813541621932771974e+01
9.860000000000000000e+02,2.791020552922883269e+01
9.870000000000000000e+02,2.806092972989033640e+01
9.880000000000000000e+02,2.804104578734115094e+01
9.890000000000000000e+02,2.825370337674207022e+01
9.900000000000000000e+02,2.838629615916710236e+01
9.910000000000000000e+02,2.803984226702663918e+01
9.920000000000000000e+02,2.806591006891411411e+01
9.930000000000000000e+02,2.803392467170585434e+01
9.940000000000000000e+02,2.834123125850345559e+01
9.950000000000000000e+02,2.839509731268168835e+01
9.960000000000000000e+02,2.845961068133281202e+01
9.970000000000000000e+02,2.821231854879135525e+01
9.980000000000000000e+02,2.839021428719427220e+01
9.990000000000000000e+02,2.802933699227469333e+01
1.000000000000000000e+03,2.824138011126917291e+01
1.001000000000000000e+03,2.862026504123443971e+01
1.002000000000000000e+03,2.821537858665564258e+01
1.003000000000000000e+03,2.873711490574899230e+01
1.004000000000000000e+03,2.855996857434507419e+01
1.005000000000000000e+03,2.860715170631966942e+01
1.006000000000000000e+03,2.857153668131165958e+01
1.007000000000000000e+03,2.885567234878603671e+01
1.008000000000000000e+03,2.865109863090951947e+01
1.009000000000000000e+03,2.870376636043236473e+01
1.010000000000000000e+03,2.912397748693266664e+01
1.011000000000000000e+03,2.910058952116392561e+01
1.012000000000000000e+03,2.919372248680259929e+01
1.013000000000000000e+03,2.959025953294146305e+01
1.014000000000000000e+03,2.968449914078911434e+01
1.015000000000000000e+03,2.982681952540109904e+01
1.016000000000000000e+03,2.982615940554981648e+01
1.017000000000000000e+03,3.009097641345915619e+01
1.018000000000000000e+03,2.968686520315974775e+01
1.019000000000000000e+03,3.044799237948847193e+01
1.020000000000000000e+03,3.016146340123667358e+01
1.021000000000000000e+03,3.059091605677210524e+01
1.022000000000000000e+03,3.100178619464493934e+01
1.023000000000000000e+03,3.105555864459826410e+01
1.024000000000000000e+03,3.089844876275685337e+01
1.025000000000000000e+03,3.151772020051816625e+01
1.026000000000000000e+03,3.164215931810009863e+01
1.027000000000000000e+03,3.171856236341142576e+01
1.028000000000000000e+03,3.193550836063866427e+01
1.029000000000000000e+03,3.227586739455555431e+01
1.030000000000000000e+03,3.275571595510678691e+01
1.031000000000000000e+03,3.313231863978000291e+01
1.032000000000000000e+03,3.346849947857844398e+01
1.033000000000000000e+03,3.361517632487095852e+01
1.034000000000000000e+03,3.396031818277531755e+01
1.035000000000000000e+03,3.445536995885006348e+01
1.036000000000000000e+03,3.539513310975723215e+01
1.037000000000000000e+03,3.567518624346342904e+01
1.038000000000000000e+03,3.622290428445128896e+01
1.039000000000000000e+03,3.625729298993401528e+01
1.040000000000000000e+03,3.677654812767121228e+01
1.041000000000000000e+03,3.722132856068212448e+01
1.042000000000000000e+03,3.785290624220795763e+01
1.043000000000000000e+03,3.857781345911075022e+01
1.044000000000000000e+03,3.913235381742435948e+01
1.045000000000000000e+03,3.959403148679900397e+01
1.046000000000000000e+03,4.005244779903483732e+01
1.047000000000000000e+03,4.121853810311350941e+01
1.048000000000000000e+03,4.181290354641383544e+01
1.049000000000000000e+03,4.242373856672124788e+01
1.050000000000000000e+03,4.286806026323026231e+01
1.051000000000000000e+03,4.363721486054868848e+01
1.052000000000000000e+03,4.472815292173797275e+01
1.053000000000000000e+03,4.544292214436846677e+01
1.054000000000000000e+03,4.575564820931150933e+01
1.055000000000000000e+03,4.630612405862529357e+01
1.056000000000000000e+03,4.696765779742725044e+01
1.057000000000000000e+03,4.785378518089988376e+01
1.058000000000000000e+03,4.794261134950128422e+01
1.059000000000000000e+03,4.867202741090402895e+01
1.060000000000000000e+03,4.914956720419452552e+01
1.061000000000000000e+03,4.977669810749228674e+01
1.062000000000000000e+03,5.032105505790558908e+01
1.063000000000000000e+03,5.071666273836874694e+01
1.064000000000000000e+03,5.144805077446250863e+01
1.065000000000000000e+03,5.184859724011649718e+01
1.066000000000000000e+03,5.212875623209023956e+01
1.067000000000000000e+03,5.261995247512141560e+01
1.068000000000000000e+03,5.292889493457546735e+01
1.069000000000000000e+03,5.350214469313809929e+01
1.070000000000000000e+03,5.356707972396014128e+01
1.071000000000000000e+03,5.405805253173927127e+01
1.072000000000000000e+03,5.448757965814832716e+01
1.073000000000000000e+03,5.465868752425123489e+01
1.074000000000000000e+03,5.500766753342138315e+01
1.075000000000000000e+03,5.508090036838878234e+01
1.076000000000000000e+03,5.523070197952849725e+01
1.077000000000000000e+03,5.530375614643240567e+01
1.078000000000000000e+03,5.562335043265270684e+01
1.079000000000000000e+03,5.576748471321787548e+01
1.080000000000000000e+03,5.586734386533109387e+01
1.081000000000000000e+03,5.589112291857113490e+01
1.082000000000000000e+03,5.591416031738127401e+01
1.083000000000000000e+03,5.625834833912704624e+01
1.084000000000000000e+03,5.668561393551519245e+01
1.085000000000000000e+03,5.659776368752923048e+01
1.086000000000000000e+03,5.662994097785885117e+01
1.087000000000000000e+03,5.638323265337319157e+01
1.088000000000000000e+03,5.684783825558624670e+01
1.089000000000000000e+03,5.668365052035716900e+01
1.090000000000000000e+03,5.665273943885568997e+01
1.091000000000000000e+03,5.692738879691272302e+01
1.092000000000000000e+03,5.666794105098566092e+01
1.093000000000000000e+03,5.688926496813239453e+01
1.094000000000000000e+03,5.727228191496661935e+01
1.095000000000000000e+03,5.735469431273637753e+01
1.096000000000000000e+03,5.752285086134828163e+01
1.097000000000000000e+03,5.721446478981813044e+01
1.098000000000000000e+03,5.746513585216834485e+01
1.099000000000000000e+03,5.753247028769716565e+01
1.100000000000000000e+03,5.745799053679019153e+01
1.101000000000000000e+03,5.744853577003693346e+01
1.102000000000000000e+03,5.750573357045582412e+01
1.103000000000000000e+03,5.781873788069100328e+01
1.104000000000000000e+03,5.798074685545019236e+01
1.105000000000000000e+03,5.833739952446057231e+01
1.106000000000000000e+03,5.798580802313654914e+01
1.107000000000000000e+03,5.767526605059875067e+01
1.108000000000000000e+03,5.806309453465749471e+01
1.109000000000000000e+03,5.837024842739070607e+01
1.110000000000000000e+03,5.811627528814111088e+01
1.111000000000000000e+03,5.822386365521876428e+01
1.112000000000000000e+03,5.840588465886312974e+01
1.113000000000000000e+03,5.852898086932112420e+01
1.114000000000000000e+03,5.839033553501949569e+01
1.115000000000000000e+03,5.876778209505958017e+01
1.116000000000000000e+03,5.853195475591257235e+01
1.117000000000000000e+03,5.848628673609844242e+01
1.118000000000000000e+03,5.843934421990076800e+01
1.119000000000000000e+03,5.841055418831119539e+01
1.120000000000000000e+03,5.854509898324955230e+01
1.121000000000000000e+03,5.830841670390047682e+01
1.122000000000000000e+03,5.824883538848532538e+01
1.123000000000000000e+03,5.857448287910654727e+01
1.124000000000000000e+03,5.853977767767180040e+01
1.125000000000000000e+03,5.848413812176590199e+01
1.126000000000000000e+03,5.860604180417082176e+01
1.127000000000000000e+03,5.864235313500758195e+01
1.128000000000000000e+03,5.874642027904588559e+01
1.129000000000000000e+03,5.808826319400642291e+01
1.130000000000000000e+03,5.855054107837057131e+01
1.131000000000000000e+03,5.884376609102655920e+01
1.132000000000000000e+03,5.816656221174651620e+01
1.133000000000000000e+03,5.780105021479436544e+01
1.134000000000000000e+03,5.817415854004407549e+01
1.135000000000000000e+03,5.804396926082096542e+01
1.136000000000000000e+03,5.835424729004451194e+01
1.137000000000000000e+03,5.827746864834459473e+01
1.138000000000000000e+03,5.797859123943754156e+01
1.139000000000000000e+03,5.805337172729984729e+01
1.140000000000000000e+03,5.798955008757650376e+01
1.141000000000000000e+03,5.822418895316220500e+01
1.142000000000000000e+03,5.848433386200940731e+01
1.143000000000000000e+03,5.829185259784086526e+01
1.144000000000000000e+03,5.798096036867949721e+01
1.145000000000000000e+03,5.783326842177765315e+01
1.146000000000000000e+03,5.802923433139683596e+01
1.147000000000000000e+03,5.815871341638701608e+01
1.148000000000000000e+03,5.820216079420373489e+01
1.149000000000000000e+03,5.805469701042218844e+01
1.150000000000000000e+03,5.814429282427218482e+01
1.151000000000000000e+03,5.798498824431777621e+01
1.152000000000000000e+03,5.812566720108172547e+01
1.153000000000000000e+03,5.793863563254186744e+01
1.154000000000000000e+03,5.828880740102532343e+01
1.155000000000000000e+03,5.764304723006013376e+01
1.156000000000000000e+03,5.794283320368320744e+01
1.157000000000000000e+03,5.836702344812998433e+01
1.158000000000000000e+03,5.790547317780060155e+01
1.159000000000000000e+03,5.775396089539335520e+01
1.160000000000000000e+03,5.785404719981882948e+01
1.161000000000000000e+03,5.800047800651660168e+01
1.162000000000000000e+03,5.784734071965915803e+01
1.163000000000000000e+03,5.809492013941076038e+01
1.164000000000000000e+03,5.761858494433561617e+01
1.165000000000000000e+03,5.778437992389564215e+01
1.166000000000000000e+03,5.786806330121339670e+01
1.167000000000000000e+03,5.782876918388431875e+01
1.168000000000000000e+03,5.779351087999029346e+01
1.169000000000000000e+03,5.769703224900662519e+01
1.170000000000000000e+03,5.768866417870906105e+01
1.171000000000000000e+03,5.756643025441702832e+01
1.172000000000000000e+03,5.775252083466371289e+01
1.173000000000000000e+03,5.795481712397774743e+01
1.174000000000000000e+03,5.808381449821803955e+01
1.175000000000000000e+03,5.765778180961226695e+01
1.176000000000000000e+03,5.782583371438420272e+01
1.177000000000000000e+03,5.750430252852024893e+01
1.178000000000000000e+03,5.802540134975717478e+01
1.179000000000000000e+03,5.780622646366508377e+01
1.180000000000000000e+03,5.780511249151181374e+01
1.181000000000000000e+03,5.738544726994474843e+01
1.182000000000000000e+03,5.763552629219060464e+01
1.183000000000000000e+03,5.802266520635184577e+01
1.184000000000000000e+03,5.785598101916462355e+01
1.185000000000000000e+03,5.808559795106125279e+01
1.186000000000000000e+03,5.784954425637975817e+01
1.187000000000000000e+03,5.791144067855270805e+01
1.188000000000000000e+03,5.806736180903597955e+01
1.189000000000000000e+03,5.797589986890285729e+01
1.190000000000000000e+03,5.826836975915821881e+01
1.191000000000000000e+03,5.803506036124660739e+01
1.192000000000000000e+03,5.789672025993284876e+01
1.193000000000000000e+03,5.801252799715523167e+01
1.194000000000000000e+03,5.804874593514690417e+01
1.195000000000000000e+03,5.819611914159725785e+01
1.196000000000000000e+03,5.806122894879241869e+01
1.197000000000000000e+03,5.780990832401171531e+01
1.198000000000000000e+03,5.809507343630235709e+01
1.199000000000000000e+03,5.815809192121287907e+01
1.200000000000000000e+03,5.838052522033339642e+01
1.201000000000000000e+03,5.821959220136307778e+01
1.202000000000000000e+03,5.764471229354629145e+01
1.203000000000000000e+03,5.760816738590391139e+01
1.204000000000000000e+03,5.800354429856735550e+01
1.205000000000000000e+03,5.831811664759545977e+01
1.206000000000000000e+03,5.812124227029424617e+01
1.207000000000000000e+03,5.804032327870595509e+01
1.208000000000000000e+03,5.786313763563556023e+01
1.209000000000000000e+03,5.810176978830019578e+01
1.210000000000000000e+03,5.824053821558327826e+01
1.211000000000000000e+03,5.838315304723428056e+01
1.212000000000000000e+03,5.793673775647967972e+01
1.213000000000000000e+03,5.748749113031843905e+01
1.214000000000000000e+03,5.831304791238989083e+01
1.215000000000000000e+03,5.823438463658740005e+01
1.216000000000000000e+03,5.839340598424040962e+01
1.217000000000000000e+03,5.812144614197548265e+01
1.218000000000000000e+03,5.784971719241742250e+01
1.219000000000000000e+03,5.738992047760930149e+01
1.220000000000000000e+03,5.797892729138889223e+01
1.221000000000000000e+03,5.791946217488897730e+01
1.222000000000000000e+03,5.793592312378641651e+01
1.223000000000000000e+03,5.790206698282232622e+01
1.224000000000000000e+03,5.798776858280066193e+01
1.225000000000000000e+03,5.770271760552439844e+01
1.226000000000000000e+03,5.786327986632220188e+01
1.227000000000000000e+03,5.812708743702012981e+01
1.228000000000000000e+03,5.806329478095524621e+01
1.229000000000000000e+03,5.773914935155416117e+01
1.230000000000000000e+03,5.790047711949259224e+01
1.231000000000000000e+03,5.816914040369224637e+01
1.232000000000000000e+03,5.831514282763610169e+01
1.233000000000000000e+03,5.776473705211831344e+01
1.234000000000000000e+03,5.798268062498231501e+01
1.235000000000000000e+03,5.808103853353716772e+01
1.236000000000000000e+03,5.810277519312770522e+01
1.237000000000000000e+03,5.794643495685881618e+01
1.238000000000000000e+03,5.796303134066435803e+01
1.239000000000000000e+03,5.808534879799713480e+01
1.240000000000000000e+03,5.773415902913363595e+01
1.241000000000000000e+03,5.794039457775724600e+01
1.242000000000000000e+03,5.821588350483703067e+01
1.243000000000000000e+03,5.806800209289152548e+01
1.244000000000000000e+03,5.799186557349926829e+01
1.245000000000000000e+03,5.822884608972186271e+01
1.246000000000000000e+03,5.843782488239759232e+01
1.247000000000000000e+03,5.862126178123130416e+01
1.248000000000000000e+03,5.819181703027150121e+01
1.249000000000000000e+03,5.814410181755432205e+01
1.250000000000000000e+03,5.868053665483278536e+01
1.251000000000000000e+03,5.848414623767065024e+01
1.252000000000000000e+03,5.820588814761285334e+01
1.253000000000000000e+03,5.831009266593520124e+01
1.254000000000000000e+03,5.851135857428901232e+01
1.255000000000000000e+03,5.838341728817361798e+01
1.256000000000000000e+03,5.859558452315054922e+01
1.257000000000000000e+03,5.835039278696056186e+01
1.258000000000000000e+03,5.859492310172062446e+01
1.259000000000000000e+03,5.832891177392298232e+01
1.260000000000000000e+03,5.828085025355477455e+01
1.261000000000000000e+03,5.800491959688870480e+01
1.262000000000000000e+03,5.849045177702873843e+01
1.263000000000000000e+03,5.874501480509427864e+01
1.264000000000000000e+03,5.823728599100429904e+01
1.265000000000000000e+03,5.794249758013297935e+01
1.266000000000000000e+03,5.825787830833175462e+01
1.267000000000000000e+03,5.828558174678894233e+01
1.268000000000000000e+03,5.837254564057238326e+01
1.269000000000000000e+03,5.807034866124469374e+01
1.270000000000000000e+03,5.853404018865765579e+01
1.271000000000000000e+03,5.820100481310429785e+01
1.272000000000000000e+03,5.844465345045630045e+01
1.273000000000000000e+03,5.867060120559039404e+01
1.274000000000000000e+03,5.855443033633583383e+01
1.275000000000000000e+03,5.802420170067889416e+01
1.276000000000000000e+03,5.811158774388808013e+01
1.277000000000000000e+03,5.820204515394536315e+01
1.278000000000000000e+03,5.848345151854986312e+01
1.279000000000000000e+03,5.849414510184089977e+01
1.280000000000000000e+03,5.873060921728368555e+01
1.281000000000000000e+03,5.853049791580743744e+01
1.282000000000000000e+03,5.826709503662169709e+01
1.283000000000000000e+03,5.829439040912257752e+01
1.284000000000000000e+03,5.837718837814540507e+01
1.285000000000000000e+03,5.853822184981755328e+01
1.286000000000000000e+03,5.849769421325721908e+01
1.287000000000000000e+03,5.845088029584285749e+01
1.288000000000000000e+03,5.833039342390671322e+01
1.289000000000000000e+03,5.876068535781423918e+01
1.290000000000000000e+03,5.831153221144359833e+01
1.291000000000000000e+03,5.789803808195285484e+01
1.292000000000000000e+03,5.809404838518493364e+01
1.293000000000000000e+03,5.858732639172102807e+01
1.294000000000000000e+03,5.851069311766235614e+01
1.295000000000000000e+03,5.876422902887339461e+01
1.296000000000000000e+03,5.834870445885931645e+01
1.297000000000000000e+03,5.860669546274871777e+01
1.298000000000000000e+03,5.836785295072579061e+01
1.299000000000000000e+03,5.850819240346687167e+01
1.300000000000000000e+03,5.851923850706909747e+01
1.301000000000000000e+03,5.850574199949634391e+01
1.302000000000000000e+03,5.856304423000595705e+01
1.303000000000000000e+03,5.848438710442076882e+01
1.304000000000000000e+03,5.867153952331838695e+01
1.305000000000000000e+03,5.898794404404711855e+01
1.306000000000000000e+03,5.913832675721980081e+01
1.307000000000000000e+03,5.938099946559152187e+01
1.308000000000000000e+03,5.889178704518175067e+01
1.309000000000000000e+03,5.888151514651701035e+01
1.310000000000000000e+03,5.874160269640150034e+01
1.311000000000000000e+03,5.903285551884589211e+01
1.312000000000000000e+03,5.879027987641139674e+01
1.313000000000000000e+03,5.919975487649713841e+01
1.314000000000000000e+03,5.932023203545834633e+01
1.315000000000000000e+03,5.918884402755076479e+01
1.316000000000000000e+03,5.938260473599904543e+01
1.317000000000000000e+03,5.958835728958982259e+01
1.318000000000000000e+03,5.959088682513288404e+01
1.319000000000000000e+03,5.950516576419261128e+01
1.320000000000000000e+03,6.007409173412708725e+01
1.321000000000000000e+03,6.012731872025149471e+01
1.322000000000000000e+03,6.039566837780787978e+01
1.323000000000000000e+03,6.019689299407822602e+01
1.324000000000000000e+03,6.067519403926566213e+01
1.325000000000000000e+03,6.051755051924505580e+01
1.326000000000000000e+03,6.104387920435458881e+01
1.327000000000000000e+03,6.127626182714791270e+01
1.328000000000000000e+03,6.146701649624795749e+01
1.329000000000000000e+03,6.149108362155299545e+01
1.330000000000000000e+03,6.213729314465803100e+01
1.331000000000000000e+03,6.229639082568361630e+01
1.332000000000000000e+03,6.270741491151616742e+01
1.333000000000000000e+03,6.297880398264255319e+01
1.334000000000000000e+03,6.322606963166309413e+01
1.335000000000000000e+03,6.329490134044485927e+01
1.336000000000000000e+03,6.383610705806084695e+01
1.337000000000000000e+03,6.426264264291779682e+01
1.338000000000000000e+03,6.469167500727114373e+01
1.339000000000000000e+03,6.521718910470838182e+01
1.340000000000000000e+03,6.599927773788851937e+01
1.341000000000000000e+03,6.653542618963065536e+01
1.342000000000000000e+03,6.709426389959271830e+01
1.343000000000000000e+03,6.763496047659558030e+01
1.344000000000000000e+03,6.807581696671968530e+01
1.345000000000000000e+03,6.862344743276000258e+01
1.346000000000000000e+03,6.954895733707118666e+01
1.347000000000000000e+03,6.989751043663102337e+01
1.348000000000000000e+03,7.056568437954697970e+01
1.349000000000000000e+03,7.132775906251737297e+01
1.350000000000000000e+03,7.217390518277056799e+01
1.351000000000000000e+03,7.222717400249595698e+01
1.352000000000000000e+03,7.329691695053030287e+01
1.353000000000000000e+03,7.386505937827314483e+01
1.354000000000000000e+03,7.443636375645782266e+01
1.355000000000000000e+03,7.501743254445356968e+01
1.356000000000000000e+03,7.556919549033102612e+01
1.357000000000000000e+03,7.628239416339845036e+01
1.358000000000000000e+03,7.705577556712854914e+01
1.359000000000000000e+03,7.746425706917895582e+01
1.360000000000000000e+03,7.768207824026136166e+01
1.361000000000000000e+03,7.809429013541709708e+01
1.362000000000000000e+03,7.873503848456493870e+01
1.363000000000000000e+03,7.957948286302294605e+01
1.364000000000000000e+03,7.987914383163520426e+01
1.365000000000000000e+03,8.007624460489013529e+01
1.366000000000000000e+03,8.062434225730825688e+01
1.367000000000000000e+03,8.076324985469567252e+01
1.368000000000000000e+03,8.120615339326415949e+01
1.369000000000000000e+03,8.150156982838194608e+01
1.370000000000000000e+03,8.192076334477353328e+01
1.371000000000000000e+03,8.202988782879498331e+01
1.372000000000000000e+03,8.241869897807664813e+01
1.373000000000000000e+03,8.311090572557453982e+01
1.374000000000000000e+03,8.321179670729604538e+01
1.375000000000000000e+03,8.353440965414667119e+01
1.376000000000000000e+03,8.362076459199984413e+01
1.377000000000000000e+03,8.369320322157751946e+01
1.378000000000000000e+03,8.402169066686762733e+01
1.379000000000000000e+03,8.405506253987488208e+01
1.380000000000000000e+03,8.443689890072241155e+01
1.381000000000000000e+03,8.439983578496283201e+01
1.382000000000000000e+03,8.430219191434224513e+01
1.383000000000000000e+03,8.466194251110060520e+01
1.384000000000000000e+03,8.473159194608504663e+01
1.385000000000000000e+03,8.500102330022001240e+01
1.386000000000000000e+03,8.503724992005744809e+01
1.387000000000000000e+03,8.488908636321350798e+01
1.388000000000000000e+03,8.501613999583342718e+01
1.389000000000000000e+03,8.526789001393881051e+01
1.390000000000000000e+03,8.534045414297408172e+01
1.391000000000000000e+03,8.532489146047360862e+01
1.392000000000000000e+03,8.533514068021190724e+01
1.393000000000000000e+03,8.539491080564381775e+01
1.394000000000000000e+03,8.531352177356508548e+01
1.395000000000000000e+03,8.583725845095831630e+01
1.396000000000000000e+03,8.556207881622529499e+01
1.397000000000000000e+03,8.550459558575010988e+01
1.398000000000000000e+03,8.548244765441113202e+01
1.399000000000000000e+03,8.587372490283782156e+01
1.400000000000000000e+03,8.543017731290977679e+01
1.401000000000000000e+03,8.556411542875353859e+01
1.402000000000000000e+03,8.553032048448045543e+01
1.403000000000000000e+03,8.549564259478941608e+01
1.404000000000000000e+03,8.544050938334488876e+01
1.405000000000000000e+03,8.555381659988411513e+01
1.406000000000000000e+03,8.586073691767063565e+01
1.407000000000000000e+03,8.550385444212871278e+01
1.408000000000000000e+03,8.549672467210045568e+01
1.409000000000000000e+03,8.569968269721319132e+01
1.410000000000000000e+03,8.568057637085891542e+01
1.411000000000000000e+03,8.548432856074207109e+01
1.412000000000000000e+03,8.569470331908439675e+01
1.413000000000000000e+03,8.567670046973175602e+01
1.414000000000000000e+03,8.544665046879879355e+01
1.415000000000000000e+03,8.589967934908041514e+01
1.416000000000000000e+03,8.584553105377254667e+01
1.417000000000000000e+03,8.577555735488714106e+01
1.418000000000000000e+03,8.583419007506623188e+01
1.419000000000000000e+03,8.560165433590169926e+01
1.420000000000000000e+03,8.585613238305406014e+01
1.421000000000000000e+03,8.585971292939004229e+01
1.422000000000000000e+03,8.566825167506554806e+01
1.423000000000000000e+03,8.571923660458006111e+01
1.424000000000000000e+03,8.572410460181995973e+01
1.425000000000000000e+03,8.568482755226632719e+01
1.426000000000000000e+03,8.585100096860207941e+01
1.427000000000000000e+03,8.533939549907277922e+01
1.428000000000000000e+03,8.563064860358481667e+01
1.429000000000000000e+03,8.549848844335181752e+01
1.430000000000000000e+03,8.618707368584082928e+01
1.431000000000000000e+03,8.638858835884367693e+01
1.432000000000000000e+03,8.621159657581070235e+01
1.433000000000000000e+03,8.632065102045616811e+01
1.434000000000000000e+03,8.639798774015943650e+01
1.435000000000000000e+03,8.646812906656073494e+01
1.436000000000000000e+03,8.660388428002559635e+01
1.437000000000000000e+03,8.663408797384946070e+01
1.438000000000000000e+03,8.628954501198906257e+01
1.439000000000000000e+03,8.602098603515574382e+01
1.440000000000000000e+03,8.631161624950752298e+01
1.441000000000000000e+03,8.645000628284944355e+01
1.442000000000000000e+03,8.651172843794550715e+01
1.443000000000000000e+03,8.636823799300096027e+01
1.444000000000000000e+03,8.632197500985606098e+01
1.445000000000000000e+03,8.622042459408845616e+01
1.446000000000000000e+03,8.642330928144514246e+01
1.447000000000000000e+03,8.622336582926951110e+01
1.448000000000000000e+03,8.618604912874893387e+01
1.449000000000000000e+03,8.612976820267417111e+01
1.450000000000000000e+03,8.601317987321667147e+01
1.451000000000000000e+03,8.598179404206014453e+01
1.452000000000000000e+03,8.640947394513189295e+01
1.453000000000000000e+03,8.642851652147287211e+01
1.454000000000000000e+03,8.628919353316948104e+01
1.455000000000000000e+03,8.621481188917513805e+01
1.456000000000000000e+03,8.620915124155442300e+01
1.457000000000000000e+03,8.648462392814387556e+01
1.458000000000000000e+03,8.646927187766752354e+01
1.459000000000000000e+03,8.670991980223075757e+01
1.460000000000000000e+03,8.622624740714618952e+01
1.461000000000000000e+03,8.580907047625792927e+01
1.462000000000000000e+03,8.614988756952496374e+01
1.463000000000000000e+03,8.646694075727616280e+01
1.464000000000000000e+03,8.615619923820118231e+01
1.465000000000000000e+03,8.599658215531236749e+01
1.466000000000000000e+03,8.575710026082940374e+01
1.467000000000000000e+03,8.566902649993807017e+01
1.468000000000000000e+03,8.602306843093444400e+01
1.469000000000000000e+03,8.618830794348305346e+01
1.470000000000000000e+03,8.606575250707834357e+01
1.471000000000000000e+03,8.588611290598446146e+01
1.472000000000000000e+03,8.579135818669450941e+01
1.473000000000000000e+03,8.579649021187211133e+01
1.474000000000000000e+03,8.603704998686791328e+01
1.475000000000000000e+03,8.584771708806805179e+01
1.476000000000000000e+03,8.610588547114996061e+01
1.477000000000000000e+03,8.593685545369982037e+01
1.478000000000000000e+03,8.614061100830080875e+01
1.479000000000000000e+03,8.622893057693897845e+01
1.480000000000000000e+03,8.612714912100732079e+01
1.481000000000000000e+03,8.607663850188244226e+01
1.482000000000000000e+03,8.596802782770960505e+01
1.483000000000000000e+03,8.616599085649232848e+01
1.484000000000000000e+03,8.617521710230130338e+01
1.485000000000000000e+03,8.614605495534880220e+01
1.486000000000000000e+03,8.604062697987868091e+01
1.487000000000000000e+03,8.572241187698949716e+01
1.488000000000000000e+03,8.579544107232496231e+01
1.489000000000000000e+03,8.612580625595198569e+01
1.490000000000000000e+03,8.592348320273940487e+01
1.491000000000000000e+03,8.589055507944908641e+01
1.492000000000000000e+03,8.582633008017624832e+01
1.493000000000000000e+03,8.607292959064992033e+01
1.494000000000000000e+03,8.654520921762645003e+01
1.495000000000000000e+03,8.614110376278085823e+01
1.496000000000000000e+03,8.590435846175910228e+01
1.497000000000000000e+03,8.590145919515312301e+01
1.498000000000000000e+03,8.582112196772580148e+01
1.499000000000000000e+03,8.602683209466306380e+01
1.500000000000000000e+03,8.624131891854182186e+01
1.501000000000000000e+03,8.589270911404526032e+01
1.502000000000000000e+03,8.578798045847649689e+01
1.503000000000000000e+03,8.561453743238112679e+01
1.504000000000000000e+03,8.611606764399441261e+01
1.505000000000000000e+03,8.608318908973939187e+01
1.506000000000000000e+03,8.595116637210199428e+01
1.507000000000000000e+03,8.612313794644911980e+01
1.508000000000000000e+03,8.582387473541376721e+01
1.509000000000000000e+03,8.585121921388510202e+01
1.510000000000000000e+03,8.610039260081451573e+01
1.511000000000000000e+03,8.567581145649104712e+01
1.512000000000000000e+03,8.611860193677888731e+01
1.513000000000000000e+03,8.605522616434946315e+01
1.514000000000000000e+03,8.603713526032726122e+01
1.515000000000000000e+03,8.619538979843258630e+01
1.516000000000000000e+03,8.615382461380525569e+01
1.517000000000000000e+03,8.595521051147233038e+01
1.518000000000000000e+03,8.591966072808627075e+01
1.519000000000000000e+03,8.613683619156738303e+01
1.520000000000000000e+03,8.620894271438078249e+01
1.521000000000000000e+03,8.597266954572863540e+01
1.522000000000000000e+03,8.621857390221200035e+01
1.523000000000000000e+03,8.611078363829903992e+01
1.524000000000000000e+03,8.594143674754496942e+01
1.525000000000000000e+03,8.609184372937258445e+01
1.526000000000000000e+03,8.611168285053804539e+01
1.527000000000000000e+03,8.604968746710696337e+01
1.528000000000000000e+03,8.614658245281076177e+01
1.529000000000000000e+03,8.597114005932105840e+01
1.530000000000000000e+03,8.618408799934547915e+01
1.531000000000000000e+03,8.618182331931510021e+01
1.532000000000000000e+03,8.629589917815023625e+01
1.533000000000000000e+03,8.607087568853020798e+01
1.534000000000000000e+03,8.608249299256434028e+01
1.535000000000000000e+03,8.618361344566838511e+01
1.536000000000000000e+03,8.631200416678267118e+01
1.537000000000000000e+03,8.640198182711722552e+01
1.538000000000000000e+03,8.609367062103147816e+01
1.539000000000000000e+03,8.598761029678844636e+01
1.540000000000000000e+03,8.586522006013294117e+01
1.541000000000000000e+03,8.635976202413603176e+01
1.542000000000000000e+03,8.637560011860449549e+01
1.543000000000000000e+03,8.625666328693532137e+01
1.544000000000000000e+03,8.624734205365358264e+01
1.545000000000000000e+03,8.560503109065113847e+01
1.546000000000000000e+03,8.601623288023247937e+01
1.547000000000000000e+03,8.610687719066561385e+01
1.548000000000000000e+03,8.624650660442067363e+01
1.549000000000000000e+03,8.585943662849231828e+01
1.550000000000000000e+03,8.597879120269526254e+01
1.551000000000000000e+03,8.589458279324097134e+01
1.552000000000000000e+03,8.616654271126598985e+01
1.553000000000000000e+03,8.599925268316653160e+01
1.554000000000000000e+03,8.582223674269415881e+01
1.555000000000000000e+03,8.596416458999568988e+01
1.556000000000000000e+03,8.598291197951751030e+01
1.557000000000000000e+03,8.606383028270467150e+01
1.558000000000000000e+03,8.583961746387772962e+01
1.559000000000000000e+03,8.593649917962292761e+01
1.560000000000000000e+03,8.587836206823611462e+01
1.561000000000000000e+03,8.581065072044503950e+01
1.562000000000000000e+03,8.593392410291860983e+01
1.563000000000000000e+03,8.581756683438351274e+01
1.564000000000000000e+03,8.599992059740785066e+01
1.565000000000000000e+03,8.609518390523405174e+01
1.566000000000000000e+03,8.605585078079722905e+01
1.567000000000000000e+03,8.593643212084488425e+01
1.568000000000000000e+03,8.609361026401700201e+01
1.569000000000000000e+03,8.598736308253825200e+01
1.570000000000000000e+03,8.604445732131276259e+01
1.571000000000000000e+03,8.580251659183932134e+01
1.572000000000000000e+03,8.614668954153816571e+01
1.573000000000000000e+03,8.593529599172185840e+01
1.574000000000000000e+03,8.591379905698065045e+01
1.575000000000000000e+03,8.598438585953320512e+01
1.576000000000000000e+03,8.613499304559073266e+01
1.577000000000000000e+03,8.600594741175648039e+01
1.578000000000000000e+03,8.628241488251522640e+01
1.579000000000000000e+03,8.593256215425238054e+01
1.580000000000000000e+03,8.601617374971029051e+01
1.581000000000000000e+03,8.608298337185736671e+01
1.582000000000000000e+03,8.610740972533939441e+01
1.583000000000000000e+03,8.637924335297941525e+01
1.584000000000000000e+03,8.646751197802012712e+01
1.585000000000000000e+03,8.634184710539186369e+01
1.586000000000000000e+03,8.652696121580302702e+01
1.587000000000000000e+03,8.628118757743571621e+01
1.588000000000000000e+03,8.651793745392694746e+01
1.589000000000000000e+03,8.650759100739460905e+01
1.590000000000000000e+03,8.644360603343179150e+01
1.591000000000000000e+03,8.639063908370623324e+01
1.592000000000000000e+03,8.633221390509001480e+01
1.593000000000000000e+03,8.656436829577967274e+01
1.594000000000000000e+03,8.653244547310876555e+01
1.595000000000000000e+03,8.683038365097482369e+01
1.596000000000000000e+03,8.662518051185932677e+01
1.597000000000000000e+03,8.655465911641722698e+01
1.598000000000000000e+03,8.638662465083041297e+01
1.599000000000000000e+03,8.693232287940746517e+01
1.600000000000000000e+03,8.665670894863376361e+01
1.601000000000000000e+03,8.655750394448334362e+01
1.602000000000000000e+03,8.663752509139133906e+01
1.603000000000000000e+03,8.650110807643443422e+01
1.604000000000000000e+03,8.727084952778491811e+01
1.605000000000000000e+03,8.683302723827401337e+01
1.606000000000000000e+03,8.675224727465982255e+01
1.607000000000000000e+03,8.692357406767139594e+01
1.608000000000000000e+03,8.694220049470857248e+01
1.609000000000000000e+03,8.680187610058837322e+01
1.610000000000000000e+03,8.711620900683557522e+01
1.611000000000000000e+03,8.715377705970678335e+01
1.612000000000000000e+03,8.687038808575024973e+01
1.613000000000000000e+03,8.737132946424698332e+01
1.614000000000000000e+03,8.694227152161914773e+01
1.615000000000000000e+03,8.759272621173602147e+01
1.616000000000000000e+03,8.757696044470728225e+01
1.617000000000000000e+03,8.781509067731779794e+01
1.618000000000000000e+03,8.767957229235607031e+01
1.619000000000000000e+03,8.755485844421107799e+01
1.620000000000000000e+03,8.782859646210080484e+01
1.621000000000000000e+03,8.823952722056684195e+01
1.622000000000000000e+03,8.814836857727695474e+01
1.623000000000000000e+03,8.810669632223310543e+01
1.624000000000000000e+03,8.870096603509981037e+01
1.625000000000000000e+03,8.866971344305598279e+01
1.626000000000000000e+03,8.933945397394806776e+01
1.627000000000000000e+03,8.940691474564148677e+01
1.628000000000000000e+03,8.974281799292448625e+01
1.629000000000000000e+03,8.933376184409229381e+01
1.630000000000000000e+03,9.005648869314303795e+01
1.631000000000000000e+03,9.086191392834203384e+01
1.632000000000000000e+03,9.076400910598928817e+01
1.633000000000000000e+03,9.122531552399917132e+01
1.634000000000000000e+03,9.157736548190663939e+01
1.635000000000000000e+03,9.192671875948265381e+01
1.636000000000000000e+03,9.217509799659060832e+01
1.637000000000000000e+03,9.292162895582023907e+01
1.638000000000000000e+03,9.344420749177041330e+01
1.639000000000000000e+03,9.363153240043639869e+01
1.640000000000000000e+03,9.445116757554205833e+01
1.641000000000000000e+03,9.524800478198420706e+01
1.642000000000000000e+03,9.542688237490510517e+01
1.643000000000000000e+03,9.620609556971342613e+01
1.644000000000000000e+03,9.670902960718916574e+01
1.645000000000000000e+03,9.766808670258144787e+01
1.646000000000000000e+03,9.852325304251597515e+01
1.647000000000000000e+03,9.892124860217489868e+01
1.648000000000000000e+03,9.970903523168118454e+01
1.649000000000000000e+03,1.001342390483755480e+02
1.650000000000000000e+03,1.011644605098556866e+02
1.651000000000000000e+03,1.014894726382886603e+02
1.652000000000000000e+03,1.020745577439553529e+02
1.653000000000000000e+03,1.030585753493885051e+02
1.654000000000000000e+03,1.034644537232258585e+02
1.655000000000000000e+03,1.040075777604871803e+02
1.656000000000000000e+03,1.045365570446052175e+02
1.657000000000000000e+03,1.054656430942401215e+02
1.658000000000000000e+03,1.066154113799501459e+02
1.659000000000000000e+03,1.069412446785836295e+02
1.660000000000000000e+03,1.076735219617222299e+02
1.661000000000000000e+03,1.079069164847852420e+02
1.662000000000000000e+03,1.086149275764588822e+02
1.663000000000000000e+03,1.091196483408430851e+02
1.664000000000000000e+03,1.089142509348215953e+02
1.665000000000000000e+03,1.095168188052357010e+02
1.666000000000000000e+03,1.101305741812285106e+02
1.667000000000000000e+03,1.102832452692760938e+02
1.668000000000000000e+03,1.111433044175602589e+02
1.669000000000000000e+03,1.110281497053398709e+02
1.670000000000000000e+03,1.116614053743575568e+02
1.671000000000000000e+03,1.116022443749134396e+02
1.672000000000000000e+03,1.122852947349900745e+02
1.673000000000000000e+03,1.124679130850154678e+02
1.674000000000000000e+03,1.129574505646598368e+02
1.675000000000000000e+03,1.131758602546800034e+02
1.676000000000000000e+03,1.130843449026334611e+02
1.677000000000000000e+03,1.134050507418494220e+02
1.678000000000000000e+03,1.136149684358247640e+02
1.679000000000000000e+03,1.137790790125601319e+02
1.680000000000000000e+03,1.139280223778337842e+02
1.681000000000000000e+03,1.143394276331203514e+02
1.682000000000000000e+03,1.143288067207057139e+02
1.683000000000000000e+03,1.145304691225998681e+02
1.684000000000000000e+03,1.145965476751813554e+02
1.685000000000000000e+03,1.151326331909186678e+02
1.686000000000000000e+03,1.145521645288278876e+02
1.687000000000000000e+03,1.148403479105219418e+02
1.688000000000000000e+03,1.146416643183221566e+02
1.689000000000000000e+03,1.151781940515871412e+02
1.690000000000000000e+03,1.150835357642141474e+02
1.691000000000000000e+03,1.150103500016615214e+02
1.692000000000000000e+03,1.148467454981843190e+02
1.693000000000000000e+03,1.147766515814633692e+02
1.694000000000000000e+03,1.157748750276463880e+02
1.695000000000000000e+03,1.155675021138472829e+02
1.696000000000000000e+03,1.154072176568675445e+02
1.697000000000000000e+03,1.155479239732036092e+02
1.698000000000000000e+03,1.158597228956912772e+02
1.699000000000000000e+03,1.159739452594336484e+02
1.700000000000000000e+03,1.158535156807660513e+02
1.701000000000000000e+03,1.157643971192855190e+02
1.702000000000000000e+03,1.158121735895293511e+02
1.703000000000000000e+03,1.161166962247832402e+02
1.704000000000000000e+03,1.158024150663159730e+02
1.705000000000000000e+03,1.161850596797774244e+02
1.706000000000000000e+03,1.160311036823493538e+02
1.707000000000000000e+03,1.158370678948844841e+02
1.708000000000000000e+03,1.160722211659645353e+02
1.709000000000000000e+03,1.159701445633043164e+02
1.710000000000000000e+03,1.161517356780731518e+02
1.711000000000000000e+03,1.161367584877998951e+02
1.712000000000000000e+03,1.161437493713190463e+02
1.713000000000000000e+03,1.158467324267603260e+02
1.714000000000000000e+03,1.158938007855700363e+02
1.715000000000000000e+03,1.161353387468445391e+02
1.716000000000000000e+03,1.161498963527063637e+02
1.717000000000000000e+03,1.159858918513140651e+02
1.718000000000000000e+03,1.158738995402478338e+02
1.719000000000000000e+03,1.160168420438825052e+02
1.720000000000000000e+03,1.159717005488674459e+02
1.721000000000000000e+03,1.161303618485170972e+02
1.722000000000000000e+03,1.162177350030003993e+02
1.723000000000000000e+03,1.159536752357805227e+02
1.724000000000000000e+03,1.157785542263973326e+02
1.725000000000000000e+03,1.161448976364568182e+02
1.726000000000000000e+03,1.164646422740380274e+02
1.727000000000000000e+03,1.161478159320611638e+02
1.728000000000000000e+03,1.161373371340499290e+02
1.729000000000000000e+03,1.159420094957905718e+02
1.730000000000000000e+03,1.159347983887404752e+02
1.731000000000000000e+03,1.162513948361217189e+02
1.732000000000000000e+03,1.160692275788584027e+02
1.733000000000000000e+03,1.160472761556079178e+02
1.734000000000000000e+03,1.158682028219145081e+02
1.735000000000000000e+03,1.155214425537725305e+02
1.736000000000000000e+03,1.157235953144274134e+02
1.737000000000000000e+03,1.155256844907679863e+02
1.738000000000000000e+03,1.156951466530475301e+02
1.739000000000000000e+03,1.154576088493247710e+02
1.740000000000000000e+03,1.157064190263053973e+02
1.741000000000000000e+03,1.156539144660781346e+02
1.742000000000000000e+03,1.157511456518792414e+02
1.743000000000000000e+03,1.158221308066793682e+02
1.744000000000000000e+03,1.156865495435821032e+02
1.745000000000000000e+03,1.157635381416534841e+02
1.746000000000000000e+03,1.155811333362737514e+02
1.747000000000000000e+03,1.156229352515946687e+02
1.748000000000000000e+03,1.152666221609317176e+02
1.749000000000000000e+03,1.156897535144628364e+02
1.750000000000000000e+03,1.157296628901455193e+02
1.751000000000000000e+03,1.156263510815228273e+02
1.752000000000000000e+03,1.157047503724891158e+02
1.753000000000000000e+03,1.155160742305786812e+02
1.754000000000000000e+03,1.156200942064671864e+02
1.755000000000000000e+03,1.154871414189294399e+02
1.756000000000000000e+03,1.154338403594069575e+02
1.757000000000000000e+03,1.158942515429102968e+02
1.758000000000000000e+03,1.154769340323579314e+02
1.759000000000000000e+03,1.155698194421080842e+02
1.760000000000000000e+03,1.157203587019346713e+02
1.761000000000000000e+03,1.155798531150222601e+02
1.762000000000000000e+03,1.153827076964040117e+02
1.763000000000000000e+03,1.157079234796658369e+02
1.764000000000000000e+03,1.155889795090773902e+02
1.765000000000000000e+03,1.161244465332456031e+02
1.766000000000000000e+03,1.159637501611682779e+02
1.767000000000000000e+03,1.162586508481986982e+02
1.768000000000000000e+03,1.164045246181902797e+02
1.769000000000000000e+03,1.161617224615431496e+02
1.770000000000000000e+03,1.159409450963052564e+02
1.771000000000000000e+03,1.161060142375989841e+02
1.772000000000000000e+03,1.160613167207133074e+02
1.773000000000000000e+03,1.161074624325961651e+02
1.774000000000000000e+03,1.164532822493432604e+02
1.775000000000000000e+03,1.160263770759335529e+02
1.776000000000000000e+03,1.160430807742527719e+02
1.777000000000000000e+03,1.160079705868749187e+02
1.778000000000000000e+03,1.158735307620763280e+02
1.779000000000000000e+03,1.158781618169174976e+02
1.780000000000000000e+03,1.160143790459502071e+02
1.781000000000000000e+03,1.158552331159595781e+02
1.782000000000000000e+03,1.157411933596108753e+02
1.783000000000000000e+03,1.161310198765834798e+02
1.784000000000000000e+03,1.158176811599670657e+02
1.785000000000000000e+03,1.156386068867701624e+02
1.786000000000000000e+03,1.157576872568310051e+02
1.787000000000000000e+03,1.155185326203054785e+02
1.788000000000000000e+03,1.158176502247209925e+02
1.789000000000000000e+03,1.158797597715574170e+02
1.790000000000000000e+03,1.158473984578900087e+02
1.791000000000000000e+03,1.158947009613241050e+02
1.792000000000000000e+03,1.159224711179689962e+02
1.793000000000000000e+03,1.159316678293103848e+02
1.794000000000000000e+03,1.159820580436227573e+02
1.795000000000000000e+03,1.162974575868380924e+02
1.796000000000000000e+03,1.156136635041802094e+02
1.797000000000000000e+03,1.157240692763261194e+02
1.798000000000000000e+03,1.157448504137693277e+02
1.799000000000000000e+03,1.157691870213757142e+02
1.800000000000000000e+03,1.158666598815023718e+02
1.801000000000000000e+03,1.160543858351368698e+02
1.802000000000000000e+03,1.157462057305380085e+02
1.803000000000000000e+03,1.160268504445068913e+02
1.804000000000000000e+03,1.156768110010988693e+02
1.805000000000000000e+03,1.157638002342683450e+02
1.806000000000000000e+03,1.160459347298130552e+02
1.807000000000000000e+03,1.154448539998695509e+02
1.808000000000000000e+03,1.157195333365850445e+02
1.809000000000000000e+03,1.163651048541186555e+02
1.810000000000000000e+03,1.165494534566818743e+02
1.811000000000000000e+03,1.162715909843103077e+02
1.812000000000000000e+03,1.166256289731243925e+02
1.813000000000000000e+03,1.163313145150565333e+02
1.814000000000000000e+03,1.160329102529563841e+02
1.815000000000000000e+03,1.160189469053214850e+02
1.816000000000000000e+03,1.165399732424799311e+02
1.817000000000000000e+03,1.161240637220979863e+02
1.818000000000000000e+03,1.166045240160519398e+02
1.819000000000000000e+03,1.161705154962944562e+02
1.820000000000000000e+03,1.164547628240434420e+02
1.821000000000000000e+03,1.164403589766648679e+02
1.822000000000000000e+03,1.164131560628310922e+02
1.823000000000000000e+03,1.161268707836458134e+02
1.824000000000000000e+03,1.162715584884685569e+02
1.825000000000000000e+03,1.164429969443752668e+02
1.826000000000000000e+03,1.163114290249311864e+02
1.827000000000000000e+03,1.162806420818196642e+02
1.828000000000000000e+03,1.157349936326315856e+02
1.829000000000000000e+03,1.159252969411242447e+02
1.830000000000000000e+03,1.159995888395467460e+02
1.831000000000000000e+03,1.158697059518527936e+02
1.832000000000000000e+03,1.159815636775744139e+02
1.833000000000000000e+03,1.163842904135358509e+02
1.834000000000000000e+03,1.160392987380367202e+02
1.835000000000000000e+03,1.162635557372875610e+02
1.836000000000000000e+03,1.163612586815593062e+02
1.837000000000000000e+03,1.161981003470800857e+02
1.838000000000000000e+03,1.160014632930312501e+02
1.839000000000000000e+03,1.160211745238963914e+02
1.840000000000000000e+03,1.161516547925573519e+02
1.841000000000000000e+03,1.160436647817011249e+02
1.842000000000000000e+03,1.163511594971474779e+02
1.843000000000000000e+03,1.162610082676143577e+02
1.844000000000000000e+03,1.160810343214026972e+02
1.845000000000000000e+03,1.161219151598699710e+02
1.846000000000000000e+03,1.160768819374224705e+02
1.847000000000000000e+03,1.163970172378082992e+02
1.848000000000000000e+03,1.163504260001542008e+02
1.849000000000000000e+03,1.163139035167181135e+02
1.850000000000000000e+03,1.162856524370601363e+02
1.851000000000000000e+03,1.162418624971163581e+02
1.852000000000000000e+03,1.160384410575677947e+02
1.853000000000000000e+03,1.159437123901372928e+02
1.854000000000000000e+03,1.164111809002730098e+02
1.855000000000000000e+03,1.159914047622201423e+02
1.856000000000000000e+03,1.160831222046198548e+02
1.857000000000000000e+03,1.163886022643696805e+02
1.858000000000000000e+03,1.164058526545751988e+02
1.859000000000000000e+03,1.160895991326386110e+02
1.860000000000000000e+03,1.162477705361293800e+02
1.861000000000000000e+03,1.162356915647755642e+02
1.862000000000000000e+03,1.161180588571297818e+02
1.863000000000000000e+03,1.164911951498682043e+02
1.864000000000000000e+03,1.160817013229646761e+02
1.865000000000000000e+03,1.158316584268766434e+02
1.866000000000000000e+03,1.157641659442481910e+02
1.867000000000000000e+03,1.159177679475075138e+02
1.868000000000000000e+03,1.158327010493440525e+02
1.869000000000000000e+03,1.161182903792078918e+02
1.870000000000000000e+03,1.157232473314945622e+02
1.871000000000000000e+03,1.158293420624873704e+02
1.872000000000000000e+03,1.163581684302676393e+02
1.873000000000000000e+03,1.160234445616032843e+02
1.874000000000000000e+03,1.160996347354014375e+02
1.875000000000000000e+03,1.158821410875467279e+02
1.876000000000000000e+03,1.154549661641131451e+02
1.877000000000000000e+03,1.156650854418717529e+02
1.878000000000000000e+03,1.161463588367244597e+02
1.879000000000000000e+03,1.160000829277799994e+02
1.880000000000000000e+03,1.157766576970946346e+02
1.881000000000000000e+03,1.158279760915409327e+02
1.882000000000000000e+03,1.163681069486145674e+02
1.883000000000000000e+03,1.162629719778041277e+02
1.884000000000000000e+03,1.160910161730536032e+02
1.885000000000000000e+03,1.161011745573457290e+02
1.886000000000000000e+03,1.160185952695070455e+02
1.887000000000000000e+03,1.163065295866191349e+02
1.888000000000000000e+03,1.163707738450855089e+02
1.889000000000000000e+03,1.155940672880928162e+02
1.890000000000000000e+03,1.161241661293998817e+02
1.891000000000000000e+03,1.157890832323798804e+02
1.892000000000000000e+03,1.159976325664961792e+02
1.893000000000000000e+03,1.157860931766113879e+02
1.894000000000000000e+03,1.160027545015554722e+02
1.895000000000000000e+03,1.163143052726117901e+02
1.896000000000000000e+03,1.163246057362141386e+02
1.897000000000000000e+03,1.159604600230523914e+02
1.898000000000000000e+03,1.162560005208121652e+02
1.899000000000000000e+03,1.162581426394770290e+02
1.900000000000000000e+03,1.166069848068323438e+02
1.901000000000000000e+03,1.168918130141539677e+02
1.902000000000000000e+03,1.163742728902934971e+02
1.903000000000000000e+03,1.165856199176583203e+02
1.904000000000000000e+03,1.167575328243217427e+02
1.905000000000000000e+03,1.168514376898855005e+02
1.906000000000000000e+03,1.173759021159595335e+02
1.907000000000000000e+03,1.171443223831686140e+02
1.908000000000000000e+03,1.168292170796988643e+02
1.909000000000000000e+03,1.174088825153323796e+02
1.910000000000000000e+03,1.171736317806677761e+02
1.911000000000000000e+03,1.170120387076311488e+02
1.912000000000000000e+03,1.167739858348408717e+02
1.913000000000000000e+03,1.167932104396258808e+02
1.914000000000000000e+03,1.166668029958079416e+02
1.915000000000000000e+03,1.169596585301110849e+02
1.916000000000000000e+03,1.172468078791456350e+02
1.917000000000000000e+03,1.169539681727506348e+02
1.918000000000000000e+03,1.172715214411645661e+02
1.919000000000000000e+03,1.178312309926432704e+02
1.920000000000000000e+03,1.177555997723614070e+02
1.921000000000000000e+03,1.182505230715072742e+02
1.922000000000000000e+03,1.182594362428644672e+02
1.923000000000000000e+03,1.179123300111060502e+02
1.924000000000000000e+03,1.186797193590222008e+02
1.925000000000000000e+03,1.188323513714827868e+02
1.926000000000000000e+03,1.190260540919776417e+02
1.927000000000000000e+03,1.193211533314259185e+02
1.928000000000000000e+03,1.193186694795281966e+02
1.929000000000000000e+03,1.196116326709302626e+02
1.930000000000000000e+03,1.199113730742327562e+02
1.931000000000000000e+03,1.206748299735087784e+02
1.932000000000000000e+03,1.206683045319688290e+02
1.933000000000000000e+03,1.206846886196562281e+02
1.934000000000000000e+03,1.209828532384063919e+02
1.935000000000000000e+03,1.218087640123818858e+02
1.936000000000000000e+03,1.220939091455400671e+02
1.937000000000000000e+03,1.225159545868133080e+02
1.938000000000000000e+03,1.228956076300295877e+02
1.939000000000000000e+03,1.231270135528060479e+02
1.940000000000000000e+03,1.238855965174636111e+02
1.941000000000000000e+03,1.250583858895758027e+02
1.942000000000000000e+03,1.254864224198921647e+02
1.943000000000000000e+03,1.260647400130647924e+02
1.944000000000000000e+03,1.265196759839318332e+02
1.945000000000000000e+03,1.271209922702561670e+02
1.946000000000000000e+03,1.277399071169033107e+02
1.947000000000000000e+03,1.285475064247661408e+02
1.948000000000000000e+03,1.292791276334543795e+02
1.949000000000000000e+03,1.297758487127460398e+02
1.950000000000000000e+03,1.301853445481073663e+02
1.951000000000000000e+03,1.311585902809479194e+02
1.952000000000000000e+03,1.314700642147715541e+02
1.953000000000000000e+03,1.323007958977720477e+02
1.954000000000000000e+03,1.329916358800189187e+02
1.955000000000000000e+03,1.336041879116706923e+02
1.956000000000000000e+03,1.342864237728855983e+02
1.957000000000000000e+03,1.345577977851536104e+02
1.958000000000000000e+03,1.357970782594314869e+02
1.959000000000000000e+03,1.359035538329540884e+02
1.960000000000000000e+03,1.363295581744908418e+02
1.961000000000000000e+03,1.369679882804951490e+02
1.962000000000000000e+03,1.378128060387917913e+02
1.963000000000000000e+03,1.380432804881579898e+02
1.964000000000000000e+03,1.385665263524463455e+02
1.965000000000000000e+03,1.390171025074378406e+02
1.966000000000000000e+03,1.395067375104422922e+02
1.967000000000000000e+03,1.396202919457413714e+02
1.968000000000000000e+03,1.403596880324444669e+02
1.969000000000000000e+03,1.407710877045574307e+02
1.970000000000000000e+03,1.405703798412177719e+02
1.971000000000000000e+03,1.410905507324836208e+02
1.972000000000000000e+03,1.412399968748717356e+02
1.973000000000000000e+03,1.416365689491131548e+02
1.974000000000000000e+03,1.418074213950236242e+02
1.975000000000000000e+03,1.418131467158674184e+02
1.976000000000000000e+03,1.420675974834602471e+02
1.977000000000000000e+03,1.420819798226730484e+02
1.978000000000000000e+03,1.424221439370684266e+02
1.979000000000000000e+03,1.427933316497436635e+02
1.980000000000000000e+03,1.430797971939193474e+02
1.981000000000000000e+03,1.430031291595066136e+02
1.982000000000000000e+03,1.429122823572842833e+02
1.983000000000000000e+03,1.434907158694973930e+02
1.984000000000000000e+03,1.435015125721517393e+02
1.985000000000000000e+03,1.432266566467910422e+02
1.986000000000000000e+03,1.435804618674977746e+02
1.987000000000000000e+03,1.434921956455501117e+02
1.988000000000000000e+03,1.437629540989178452e+02
1.989000000000000000e+03,1.436154199498021171e+02
1.990000000000000000e+03,1.438145568642711680e+02
1.991000000000000000e+03,1.435314785749791611e+02
1.992000000000000000e+03,1.439772257447088464e+02
1.993000000000000000e+03,1.439203370469786307e+02
1.994000000000000000e+03,1.436957656497165203e+02
1.995000000000000000e+03,1.438181109154122339e+02
1.996000000000000000e+03,1.439371638990541271e+02
1.997000000000000000e+03,1.438269281297115469e+02
1.998000000000000000e+03,1.438053485160883440e+02
1.999000000000000000e+03,1.442124598850035397e+02
2.000000000000000000e+03,1.438515826965625024e+02
2.001000000000000000e+03,1.442280071709423908e+02
2.002000000000000000e+03,1.436261646230043993e+02
2.003000000000000000e+03,1.439990487621677175e+02
2.004000000000000000e+03,1.439015570505642643e+02
2.005000000000000000e+03,1.441150104513588133e+02
2.006000000000000000e+03,1.444179794116337234e+02
2.007000000000000000e+03,1.440469999364148066e+02
2.008000000000000000e+03,1.437839612995192056e+02
2.009000000000000000e+03,1.440352722594514887e+02
2.010000000000000000e+03,1.440299964251549909e+02
2.011000000000000000e+03,1.444186166922650330e+02
2.012000000000000000e+03,1.440736347578267385e+02
2.013000000000000000e+03,1.442940651793760765e+02
2.014000000000000000e+03,1.440850235076304955e+02
2.015000000000000000e+03,1.443219223996222524e+02
2.016000000000000000e+03,1.446060359910996453e+02
2.017000000000000000e+03,1.448018328411735922e+02
2.018000000000000000e+03,1.444353488689583003e+02
2.019000000000000000e+03,1.443546634260241888e+02
2.020000000000000000e+03,1.447727438148259580e+02
2.021000000000000000e+03,1.445133836306337969e+02
2.022000000000000000e+03,1.445128412382802594e+02
2.023000000000000000e+03,1.445948146905467695e+02
2.024000000000000000e+03,1.446345115957908547e+02
2.025000000000000000e+03,1.448303850381707889e+02
2.026000000000000000e+03,1.448627431494300311e+02
2.027000000000000000e+03,1.444052018431246722e+02
2.028000000000000000e+03,1.450904189690594990e+02
2.029000000000000000e+03,1.444896826794155515e+02
2.030000000000000000e+03,1.448698162156969147e+02
2.031000000000000000e+03,1.449183455895496593e+02
2.032000000000000000e+03,1.449170455958564219e+02
2.033000000000000000e+03,1.446040533003228177e+02
2.034000000000000000e+03,1.446915725609235608e+02
2.035000000000000000e+03,1.446385402277276171e+02
2.036000000000000000e+03,1.446980553037900279e+02
2.037000000000000000e+03,1.447277255764409745e+02
2.038000000000000000e+03,1.451545902650346420e+02
2.039000000000000000e+03,1.445699880625741116e+02
2.040000000000000000e+03,1.446986326000979091e+02
2.041000000000000000e+03,1.447061171341052273e+02
2.042000000000000000e+03,1.448477827352165832e+02
2.043000000000000000e+03,1.447500625384346336e+02
2.044000000000000000e+03,1.443863100217943440e+02
2.045000000000000000e+03,1.441339128486712298e+02
2.046000000000000000e+03,1.440954329479845626e+02
2.047000000000000000e+03,1.443836625644815399e+02
2.048000000000000000e+03,1.443328999826416350e+02
2.049000000000000000e+03,1.443980745716890510e+02
2.050000000000000000e+03,1.441670786296612334e+02
2.051000000000000000e+03,1.440939319647153525e+02
2.052000000000000000e+03,1.444721483143023022e+02
2.053000000000000000e+03,1.446364627176774036e+02
2.054000000000000000e+03,1.440326866708765294e+02
2.055000000000000000e+03,1.441209759331127600e+02
2.056000000000000000e+03,1.442137202893380845e+02
2.057000000000000000e+03,1.438974955890851106e+02
2.058000000000000000e+03,1.442874987126407405e+02
2.059000000000000000e+03,1.444003692567063126e+02
2.060000000000000000e+03,1.439790446231732517e+02
2.061000000000000000e+03,1.439421325820113680e+02
2.062000000000000000e+03,1.444262954017523271e+02
2.063000000000000000e+03,1.440172397653306575e+02
2.064000000000000000e+03,1.441071626820261997e+02
2.065000000000000000e+03,1.436705718912603231e+02
2.066000000000000000e+03,1.437426480163649671e+02
2.067000000000000000e+03,1.435920118740805833e+02
2.068000000000000000e+03,1.440137778231405150e+02
2.069000000000000000e+03,1.438370102825882100e+02
2.070000000000000000e+03,1.436994852456657554e+02
2.071000000000000000e+03,1.438929508236815025e+02
2.072000000000000000e+03,1.441189596068624894e+02
2.073000000000000000e+03,1.438054523769423838e+02
2.074000000000000000e+03,1.439184178649013290e+02
2.075000000000000000e+03,1.438044446021970657e+02
2.076000000000000000e+03,1.438469173056495833e+02
2.077000000000000000e+03,1.439837447599095981e+02
2.078000000000000000e+03,1.437991338602124642e+02
2.079000000000000000e+03,1.439370578409173618e+02
2.080000000000000000e+03,1.440532583872299028e+02
2.081000000000000000e+03,1.438911507267722527e+02
2.082000000000000000e+03,1.437421705188747012e+02
2.083000000000000000e+03,1.440596875402222281e+02
2.084000000000000000e+03,1.439887038844100857e+02
2.085000000000000000e+03,1.438273175125228249e+02
2.086000000000000000e+03,1.439984655288097031e+02
2.087000000000000000e+03,1.436633534865632100e+02
2.088000000000000000e+03,1.439240149580636796e+02
2.089000000000000000e+03,1.444533096120418634e+02
2.090000000000000000e+03,1.438873129287968027e+02
2.091000000000000000e+03,1.439132383949745417e+02
2.092000000000000000e+03,1.443343864669095638e+02
2.093000000000000000e+03,1.442648048468464310e+02
2.094000000000000000e+03,1.444874973083373391e+02
2.095000000000000000e+03,1.443212705279620138e+02
2.096000000000000000e+03,1.443434871675369777e+02
2.097000000000000000e+03,1.442592291132199307e+02
2.098000000000000000e+03,1.441316987552386877e+02
2.099000000000000000e+03,1.438841518638060393e+02
2.100000000000000000e+03,1.440227010579865521e+02
2.101000000000000000e+03,1.441911595382115365e+02
2.102000000000000000e+03,1.440540798312957520e+02
2.103000000000000000e+03,1.437488168346138195e+02
2.104000000000000000e+03,1.443069017923437514e+02
2.105000000000000000e+03,1.443839025851685278e+02
2.106000000000000000e+03,1.443953278551443304e+02
2.107000000000000000e+03,1.443364632931805147e+02
2.108000000000000000e+03,1.440797715898491447e+02
2.109000000000000000e+03,1.441335963793939925e+02
2.110000000000000000e+03,1.440537659110514142e+02
2.111000000000000000e+03,1.440449087285435894e+02
2.112000000000000000e+03,1.441679863202643332e+02
2.113000000000000000e+03,1.438710613955698818e+02
2.114000000000000000e+03,1.438308469511747205e+02
2.115000000000000000e+03,1.443376492836273144e+02
2.116000000000000000e+03,1.441348798619129070e+02
2.117000000000000000e+03,1.439295542940520249e+02
2.118000000000000000e+03,1.440077353444505945e+02
2.119000000000000000e+03,1.442869117653627029e+02
2.120000000000000000e+03,1.439156326861475748e+02
2.121000000000000000e+03,1.441459440040676725e+02
2.122000000000000000e+03,1.443373182130082739e+02
2.123000000000000000e+03,1.438619281290502556e+02
2.124000000000000000e+03,1.440584203728641342e+02
2.125000000000000000e+03,1.442409110136320862e+02
2.126000000000000000e+03,1.442252349463362577e+02
2.127000000000000000e+03,1.441897023647320566e+02
2.128000000000000000e+03,1.445120206789058557e+02
2.129000000000000000e+03,1.441080874200468429e+02
2.130000000000000000e+03,1.443178732689264621e+02
2.131000000000000000e+03,1.443196501059128138e+02
2.132000000000000000e+03,1.444156947277905374e+02
2.133000000000000000e+03,1.445063779816425722e+02
2.134000000000000000e+03,1.441926833452890264e+02
2.135000000000000000e+03,1.441028530436930453e+02
2.136000000000000000e+03,1.446314936714510395e+02
2.137000000000000000e+03,1.445877446148834053e+02
2.138000000000000000e+03,1.446125578588030294e+02
2.139000000000000000e+03,1.443618551571299520e+02
2.140000000000000000e+03,1.444921042733211323e+02
2.141000000000000000e+03,1.449014968810034816e+02
2.142000000000000000e+03,1.446817675940639560e+02
2.143000000000000000e+03,1.445663630950543279e+02
2.144000000000000000e+03,1.444383955994896098e+02
2.145000000000000000e+03,1.444400163868025686e+02
2.146000000000000000e+03,1.443910955133374898e+02
2.147000000000000000e+03,1.443325363045547647e+02
2.148000000000000000e+03,1.445684316088273533e+02
2.149000000000000000e+03,1.444252771530951804e+02
2.150000000000000000e+03,1.445635452878908609e+02
2.151000000000000000e+03,1.443119789084753961e+02
2.152000000000000000e+03,1.447044787487242559e+02
2.153000000000000000e+03,1.446559451208764813e+02
2.154000000000000000e+03,1.447117432784999096e+02
2.155000000000000000e+03,1.443683575388675138e+02
2.156000000000000000e+03,1.443952429791014822e+02
2.157000000000000000e+03,1.446074100300510281e+02
2.158000000000000000e+03,1.445624274995026326e+02
2.159000000000000000e+03,1.444306319730523001e+02
2.160000000000000000e+03,1.444561130061828464e+02
2.161000000000000000e+03,1.443485415971807129e+02
2.162000000000000000e+03,1.439831895384932636e+02
2.163000000000000000e+03,1.444865709468147656e+02
2.164000000000000000e+03,1.444894455685054595e+02
2.165000000000000000e+03,1.442408252461107452e+02
2.166000000000000000e+03,1.443122332979611997e+02
2.167000000000000000e+03,1.444768687521574009e+02
2.168000000000000000e+03,1.445030409320658862e+02
2.169000000000000000e+03,1.443966083727412695e+02
2.170000000000000000e+03,1.445684260919390738e+02
2.171000000000000000e+03,1.442770767095429676e+02
2.172000000000000000e+03,1.442997583085275437e+02
2.173000000000000000e+03,1.445258442767730003e+02
2.174000000000000000e+03,1.447076610822204827e+02
2.175000000000000000e+03,1.443617145436990370e+02
2.176000000000000000e+03,1.441931036936435646e+02
2.177000000000000000e+03,1.444079209246781375e+02
2.178000000000000000e+03,1.444626514996403728e+02
2.179000000000000000e+03,1.444561119314626296e+02
2.180000000000000000e+03,1.448379134149516574e+02
2.181000000000000000e+03,1.447543349969888595e+02
2.182000000000000000e+03,1.443075380697533774e+02
2.183000000000000000e+03,1.445954159095855687e+02
2.184000000000000000e+03,1.444499554603804086e+02
2.185000000000000000e+03,1.442847362614627968e+02
2.186000000000000000e+03,1.444425506024754213e+02
2.187000000000000000e+03,1.442609744148148252e+02
2.188000000000000000e+03,1.444205009545161147e+02
2.189000000000000000e+03,1.445211783676402888e+02
2.190000000000000000e+03,1.443943364141619270e+02
2.191000000000000000e+03,1.444116117655847518e+02
2.192000000000000000e+03,1.441944782668921334e+02
2.193000000000000000e+03,1.444283770429552476e+02
2.194000000000000000e+03,1.441647461162435491e+02
2.195000000000000000e+03,1.446770632202560591e+02
2.196000000000000000e+03,1.441062892459917464e+02
2.197000000000000000e+03,1.439072786748523356e+02
2.198000000000000000e+03,1.440931557102473448e+02
2.199000000000000000e+03,1.440579287531810451e+02
2.200000000000000000e+03,1.444017376825210022e+02
2.201000000000000000e+03,1.441636197489343658e+02
2.202000000000000000e+03,1.440657964898326782e+02
2.203000000000000000e+03,1.443693006242912986e+02
2.204000000000000000e+03,1.438922248507329584e+02
2.205000000000000000e+03,1.440626757194968661e+02
2.206000000000000000e+03,1.439032280996695476e+02
2.207000000000000000e+03,1.437074927164441647e+02
2.208000000000000000e+03,1.437572731349080755e+02
2.209000000000000000e+03,1.436137976001770085e+02
2.210000000000000000e+03,1.438160170573010248e+02
2.211000000000000000e+03,1.440756453459825934e+02
2.212000000000000000e+03,1.440348668203950808e+02
2.213000000000000000e+03,1.436143681862678250e+02
2.214000000000000000e+03,1.439202923887893348e+02
2.215000000000000000e+03,1.436013503876693562e+02
2.216000000000000000e+03,1.435425062953509894e+02
2.217000000000000000e+03,1.437352230838617686e+02
2.218000000000000000e+03,1.430127498949854044e+02
2.219000000000000000e+03,1.431360561645783491e+02
2.220000000000000000e+03,1.431689160259945197e+02
2.221000000000000000e+03,1.428967032427874813e+02
2.222000000000000000e+03,1.427143269532632814e+02
2.223000000000000000e+03,1.426663671587123190e+02
2.224000000000000000e+03,1.420848068582958206e+02
2.225000000000000000e+03,1.420750784999940493e+02
2.226000000000000000e+03,1.419536067884100703e+02
2.227000000000000000e+03,1.415446365082653415e+02
2.228000000000000000e+03,1.415240053803175897e+02
2.229000000000000000e+03,1.410217980121550454e+02
2.230000000000000000e+03,1.410972867057623716e+02
2.231000000000000000e+03,1.407382533270279339e+02
2.232000000000000000e+03,1.405487796794067208e+02
2.233000000000000000e+03,1.400875474123976687e+02
2.234000000000000000e+03,1.394508086520153824e+02
2.235000000000000000e+03,1.390582785436710651e+02
2.236000000000000000e+03,1.388697099542453657e+02
2.237000000000000000e+03,1.383655993652348855e+02
2.238000000000000000e+03,1.379849366344801354e+02
2.239000000000000000e+03,1.371570122831433878e+02
2.240000000000000000e+03,1.367986123887955330e+02
2.241000000000000000e+03,1.359016202205609716e+02
2.242000000000000000e+03,1.353604913075762113e+02
2.243000000000000000e+03,1.352897552863994690e+02
2.244000000000000000e+03,1.341970421643207771e+02
2.245000000000000000e+03,1.335809057578230465e+02
2.246000000000000000e+03,1.330913115925059458e+02
2.247000000000000000e+03,1.326763820916597467e+02
2.248000000000000000e+03,1.320865436565170796e+02
2.249000000000000000e+03,1.313731091262386030e+02
2.250000000000000000e+03,1.306540666411196412e+02
2.251000000000000000e+03,1.300603327676148524e+02
2.252000000000000000e+03,1.294987994283525552e+02
2.253000000000000000e+03,1.289882331155140207e+02
2.254000000000000000e+03,1.280107437359540370e+02
2.255000000000000000e+03,1.274045435054213584e+02
2.256000000000000000e+03,1.268753614581434732e+02
2.257000000000000000e+03,1.265713786508039504e+02
2.258000000000000000e+03,1.261787228427230048e+02
2.259000000000000000e+03,1.256522488771977777e+02
2.260000000000000000e+03,1.248782421301748826e+02
2.261000000000000000e+03,1.244003034657588813e+02
2.262000000000000000e+03,1.240552748413093838e+02
2.263000000000000000e+03,1.235340945050332095e+02
2.264000000000000000e+03,1.231243232027963757e+02
2.265000000000000000e+03,1.229760092974203758e+02
2.266000000000000000e+03,1.223122796925120213e+02
2.267000000000000000e+03,1.220195619780709251e+02
2.268000000000000000e+03,1.217913625448881447e+02
2.269000000000000000e+03,1.213966528506531262e+02
2.270000000000000000e+03,1.208653362964928704e+02
2.271000000000000000e+03,1.206379607591530174e+02
2.272000000000000000e+03,1.204275991725792636e+02
2.273000000000000000e+03,1.206282363546680614e+02
2.274000000000000000e+03,1.199937782509369981e+02
2.275000000000000000e+03,1.197381274183453996e+02
2.276000000000000000e+03,1.193142608247144807e+02
2.277000000000000000e+03,1.193475035216927012e+02
2.278000000000000000e+03,1.189929347003503892e+02
2.279000000000000000e+03,1.189558791492701602e+02
2.280000000000000000e+03,1.189261612154345471e+02
2.281000000000000000e+03,1.185355274284888907e+02
2.282000000000000000e+03,1.182613477385419287e+02
2.283000000000000000e+03,1.184401552391281456e+02
2.284000000000000000e+03,1.181916719304994814e+02
2.285000000000000000e+03,1.184856191548790747e+02
2.286000000000000000e+03,1.177893252777007262e+02
2.287000000000000000e+03,1.178285177949847906e+02
2.288000000000000000e+03,1.177506191211340081e+02
2.289000000000000000e+03,1.177053372110316332e+02
2.290000000000000000e+03,1.177541810978022880e+02
2.291000000000000000e+03,1.173093712957984565e+02
2.292000000000000000e+03,1.176049034174129844e+02
2.293000000000000000e+03,1.178097582845153539e+02
2.294000000000000000e+03,1.174417154557025498e+02
2.295000000000000000e+03,1.177413952231472223e+02
2.296000000000000000e+03,1.178492518264237816e+02
2.297000000000000000e+03,1.173177473289101442e+02
2.298000000000000000e+03,1.173591203178051643e+02
2.299000000000000000e+03,1.175773042570371558e+02
2.300000000000000000e+03,1.174057209404592470e+02
2.301000000000000000e+03,1.174465425557813205e+02
2.302000000000000000e+03,1.171609554072066999e+02
2.303000000000000000e+03,1.172881892484815012e+02
2.304000000000000000e+03,1.172783968936847003e+02
2.305000000000000000e+03,1.172986876659001041e+02
2.306000000000000000e+03,1.171976153715344537e+02
2.307000000000000000e+03,1.170339662624941752e+02
2.308000000000000000e+03,1.171294872291826294e+02
2.309000000000000000e+03,1.171218220771354339e+02
2.310000000000000000e+03,1.176026157252337185e+02
2.311000000000000000e+03,1.175105393943381955e+02
2.312000000000000000e+03,1.173724835730110243e+02
2.313000000000000000e+03,1.169517437553558352e+02
2.314000000000000000e+03,1.172072644180685614e+02
2.315000000000000000e+03,1.172658531747369324e+02
2.316000000000000000e+03,1.171058943241992552e+02
2.317000000000000000e+03,1.172808319797607481e+02
2.318000000000000000e+03,1.169771012508651467e+02
2.319000000000000000e+03,1.167844748579217651e+02
2.320000000000000000e+03,1.167429828652074661e+02
2.321000000000000000e+03,1.168997358963971749e+02
2.322000000000000000e+03,1.169457923321456434e+02
2.323000000000000000e+03,1.171219154080171734e+02
2.324000000000000000e+03,1.168515315500262233e+02
2.325000000000000000e+03,1.172051170597521121e+02
2.326000000000000000e+03,1.167025061338237464e+02
2.327000000000000000e+03,1.171699872817364536e+02
2.328000000000000000e+03,1.169115722382252471e+02
2.329000000000000000e+03,1.164684696917762494e+02
2.330000000000000000e+03,1.167068702614259337e+02
2.331000000000000000e+03,1.165524356551569838e+02
2.332000000000000000e+03,1.164942222540756802e+02
2.333000000000000000e+03,1.165659143862531550e+02
2.334000000000000000e+03,1.165050779986897993e+02
2.335000000000000000e+03,1.164788884363489103e+02
2.336000000000000000e+03,1.167300590267328175e+02
2.337000000000000000e+03,1.166998909586931887e+02
2.338000000000000000e+03,1.165418967092630851e+02
2.339000000000000000e+03,1.165329926143245132e+02
2.340000000000000000e+03,1.170801589900572708e+02
2.341000000000000000e+03,1.164795797490534710e+02
2.342000000000000000e+03,1.165784730048385143e+02
2.343000000000000000e+03,1.165812819875336430e+02
2.344000000000000000e+03,1.162762222619301440e+02
2.345000000000000000e+03,1.163361949548094572e+02
2.346000000000000000e+03,1.166636240577399235e+02
2.347000000000000000e+03,1.164314704247923942e+02
2.348000000000000000e+03,1.163432880028730523e+02
2.349000000000000000e+03,1.165681634618287319e+02
2.350000000000000000e+03,1.162914550522199306e+02
2.351000000000000000e+03,1.163920934524112027e+02
2.352000000000000000e+03,1.168334533492090941e+02
2.353000000000000000e+03,1.167447088842627494e+02
2.354000000000000000e+03,1.168972444051765507e+02
2.355000000000000000e+03,1.167699359302143876e+02
2.356000000000000000e+03,1.163434157646042166e+02
2.357000000000000000e+03,1.164531686525868110e+02
2.358000000000000000e+03,1.168282367848517822e+02
2.359000000000000000e+03,1.169489442588094903e+02
2.360000000000000000e+03,1.169408462330873846e+02
2.361000000000000000e+03,1.170593481409675576e+02
2.362000000000000000e+03,1.169560236017814105e+02
2.363000000000000000e+03,1.168365440577146472e+02
2.364000000000000000e+03,1.170440437579233333e+02
2.365000000000000000e+03,1.169482937106750171e+02
2.366000000000000000e+03,1.168326934613796908e+02
2.367000000000000000e+03,1.167205023184819481e+02
2.368000000000000000e+03,1.166097593788065723e+02
2.369000000000000000e+03,1.170226479396713302e+02
2.370000000000000000e+03,1.169028525832178218e+02
2.371000000000000000e+03,1.167749951121315064e+02
2.372000000000000000e+03,1.168271476780368516e+02
2.373000000000000000e+03,1.170298071234435326e+02
2.374000000000000000e+03,1.166684073469983360e+02
2.375000000000000000e+03,1.168906423778901456e+02
2.376000000000000000e+03,1.167298417375351960e+02
2.377000000000000000e+03,1.169273090192206581e+02
2.378000000000000000e+03,1.167411556871827543e+02
2.379000000000000000e+03,1.171910145325777677e+02
2.380000000000000000e+03,1.167725130920007501e+02
2.381000000000000000e+03,1.169483537388650518e+02
2.382000000000000000e+03,1.168834011839953178e+02
2.383000000000000000e+03,1.171070060706735347e+02
2.384000000000000000e+03,1.171556311164374478e+02
2.385000000000000000e+03,1.172566953499012072e+02
2.386000000000000000e+03,1.171156111633278698e+02
2.387000000000000000e+03,1.170289575859999616e+02
2.388000000000000000e+03,1.168996416030413883e+02
2.389000000000000000e+03,1.170839735236799157e+02
2.390000000000000000e+03,1.170619283673377140e+02
2.391000000000000000e+03,1.170926256834910220e+02
2.392000000000000000e+03,1.168135106099509528e+02
2.393000000000000000e+03,1.167968783232334857e+02
2.394000000000000000e+03,1.171171338341806774e+02
2.395000000000000000e+03,1.173017482804454659e+02
2.396000000000000000e+03,1.171725434857525556e+02
2.397000000000000000e+03,1.170353985692834158e+02
2.398000000000000000e+03,1.171725403470467910e+02
2.399000000000000000e+03,1.172138494261999284e+02
2.400000000000000000e+03,1.171503558580229338e+02
2.401000000000000000e+03,1.171747112725933277e+02
2.402000000000000000e+03,1.169777403012406154e+02
2.403000000000000000e+03,1.168751395543615956e+02
2.404000000000000000e+03,1.169791690721404507e+02
2.405000000000000000e+03,1.173242119251600997e+02
2.406000000000000000e+03,1.173327297590786742e+02
2.407000000000000000e+03,1.170060966331340779e+02
2.408000000000000000e+03,1.169830133021603729e+02
2.409000000000000000e+03,1.172800121491974181e+02
2.410000000000000000e+03,1.172831273700737000e+02
2.411000000000000000e+03,1.168656688484355755e+02
2.412000000000000000e+03,1.177708552466205845e+02
2.413000000000000000e+03,1.166082905317537382e+02
2.414000000000000000e+03,1.173984102991381491e+02
2.415000000000000000e+03,1.172270914975502762e+02
2.416000000000000000e+03,1.177285345941865131e+02
2.417000000000000000e+03,1.173901888868315666e+02
2.418000000000000000e+03,1.170648825427508513e+02
2.419000000000000000e+03,1.173929468577493509e+02
2.420000000000000000e+03,1.173797306661704170e+02
2.421000000000000000e+03,1.173989391193544662e+02
2.422000000000000000e+03,1.171798237496180235e+02
2.423000000000000000e+03,1.172216965674214464e+02
2.424000000000000000e+03,1.169991294728958309e+02
2.425000000000000000e+03,1.170360073254545199e+02
2.426000000000000000e+03,1.169100485107720573e+02
2.427000000000000000e+03,1.169893112330341580e+02
2.428000000000000000e+03,1.171920961629409987e+02
2.429000000000000000e+03,1.171549040857947688e+02
2.430000000000000000e+03,1.172197915599161604e+02
2.431000000000000000e+03,1.174231225502573892e+02
2.432000000000000000e+03,1.173374831318230491e+02
2.433000000000000000e+03,1.172538304140053782e+02
2.434000000000000000e+03,1.171297881582993199e+02
2.435000000000000000e+03,1.169447370663875034e+02
2.436000000000000000e+03,1.172674454305064842e+02
2.437000000000000000e+03,1.173708102735851639e+02
2.438000000000000000e+03,1.171794722912048741e+02
2.439000000000000000e+03,1.170950952955317206e+02
2.440000000000000000e+03,1.174420077853208113e+02
2.441000000000000000e+03,1.174203720935791893e+02
2.442000000000000000e+03,1.175934868826397519e+02
2.443000000000000000e+03,1.169557971679359127e+02
2.444000000000000000e+03,1.168404012711081350e+02
2.445000000000000000e+03,1.167893169671629607e+02
2.446000000000000000e+03,1.171390890138629857e+02
2.447000000000000000e+03,1.172564142142270356e+02
2.448000000000000000e+03,1.170724772205209803e+02
2.449000000000000000e+03,1.170042103269980771e+02
2.450000000000000000e+03,1.167140726221536653e+02
2.451000000000000000e+03,1.167589254607356111e+02
2.452000000000000000e+03,1.168691489906193794e+02
2.453000000000000000e+03,1.171127006029971369e+02
2.454000000000000000e+03,1.174820844346560023e+02
2.455000000000000000e+03,1.172411398578537529e+02
2.456000000000000000e+03,1.172850221713889169e+02
2.457000000000000000e+03,1.173146099642781337e+02
2.458000000000000000e+03,1.171294379556922536e+02
2.459000000000000000e+03,1.173761804144712073e+02
2.460000000000000000e+03,1.170924122398511429e+02
2.461000000000000000e+03,1.172868787345267805e+02
2.462000000000000000e+03,1.172363693382775125e+02
2.463000000000000000e+03,1.174888717109440677e+02
2.464000000000000000e+03,1.171523570334106239e+02
2.465000000000000000e+03,1.174794504589033153e+02
2.466000000000000000e+03,1.174211288697437965e+02
2.467000000000000000e+03,1.170791235218582074e+02
2.468000000000000000e+03,1.171083049340884088e+02
2.469000000000000000e+03,1.173946598344383716e+02
2.470000000000000000e+03,1.170767071494338865e+02
2.471000000000000000e+03,1.171460696245078310e+02
2.472000000000000000e+03,1.169263288971634580e+02
2.473000000000000000e+03,1.172446576871259936e+02
2.474000000000000000e+03,1.171272433141528069e+02
2.475000000000000000e+03,1.171743960898086669e+02
2.476000000000000000e+03,1.167748693983884181e+02
2.477000000000000000e+03,1.167817599289453057e+02
2.478000000000000000e+03,1.170321850991444848e+02
2.479000000000000000e+03,1.171895543358290013e+02
2.480000000000000000e+03,1.170440135307367626e+02
2.481000000000000000e+03,1.168097334936361875e+02
2.482000000000000000e+03,1.170494948458955804e+02
2.483000000000000000e+03,1.169822371060897552e+02
2.484000000000000000e+03,1.169775878173344950e+02
2.485000000000000000e+03,1.169351349061456915e+02
2.486000000000000000e+03,1.171120978544576445e+02
2.487000000000000000e+03,1.166991540945414272e+02
2.488000000000000000e+03,1.171538773161709486e+02
2.489000000000000000e+03,1.169261721600619666e+02
2.490000000000000000e+03,1.168938536998456499e+02
2.491000000000000000e+03,1.165805990596838484e+02
2.492000000000000000e+03,1.167583029038617752e+02
2.493000000000000000e+03,1.167080205481528878e+02
2.494000000000000000e+03,1.166333518999463763e+02
2.495000000000000000e+03,1.166779008976218392e+02
2.496000000000000000e+03,1.166261299384059242e+02
2.497000000000000000e+03,1.166534552629286026e+02
2.498000000000000000e+03,1.164476959420427846e+02
2.499000000000000000e+03,1.165939219217247285e+02
2.500000000000000000e+03,1.164189168299954673e+02
2.501000000000000000e+03,1.164240396337942940e+02
2.502000000000000000e+03,1.166750150126454315e+02
2.503000000000000000e+03,1.162588885241000582e+02
2.504000000000000000e+03,1.165838974061861109e+02
2.505000000000000000e+03,1.166214971939626110e+02
2.506000000000000000e+03,1.162224764561391765e+02
2.507000000000000000e+03,1.164844236603409797e+02
2.508000000000000000e+03,1.160879573741283650e+02
2.509000000000000000e+03,1.162754754341069940e+02
2.510000000000000000e+03,1.159270837773734115e+02
2.511000000000000000e+03,1.157893944568148896e+02
2.512000000000000000e+03,1.162412119151856160e+02
2.513000000000000000e+03,1.160385493080851091e+02
2.514000000000000000e+03,1.160937658237045156e+02
2.515000000000000000e+03,1.160557357129254115e+02
2.516000000000000000e+03,1.156911866974331105e+02
2.517000000000000000e+03,1.157443534722357299e+02
2.518000000000000000e+03,1.158926147000117624e+02
2.519000000000000000e+03,1.152942449697205518e+02
2.520000000000000000e+03,1.153422980146952312e+02
2.521000000000000000e+03,1.152593104974179283e+02
2.522000000000000000e+03,1.148234277026342056e+02
2.523000000000000000e+03,1.146442309546260390e+02
2.524000000000000000e+03,1.142841639283745963e+02
2.525000000000000000e+03,1.145973753565913853e+02
2.526000000000000000e+03,1.144888507396365753e+02
2.527000000000000000e+03,1.141094012713178358e+02
2.528000000000000000e+03,1.136243600561140710e+02
2.529000000000000000e+03,1.131353046057641052e+02
2.530000000000000000e+03,1.130574120429654528e+02
2.531000000000000000e+03,1.128899097228806596e+02
2.532000000000000000e+03,1.124048727949706290e+02
2.533000000000000000e+03,1.119428113216549150e+02
2.534000000000000000e+03,1.118223733287631632e+02
2.535000000000000000e+03,1.113705474875515762e+02
2.536000000000000000e+03,1.109221228548124571e+02
2.537000000000000000e+03,1.108539062462012623e+02
2.538000000000000000e+03,1.100686980947015030e+02
2.539000000000000000e+03,1.098631965679012552e+02
2.540000000000000000e+03,1.092622555258931527e+02
2.541000000000000000e+03,1.089736720416884452e+02
2.542000000000000000e+03,1.085006551037024707e+02
2.543000000000000000e+03,1.080993246918054638e+02
2.544000000000000000e+03,1.074165666192426158e+02
2.545000000000000000e+03,1.068904880998487101e+02
2.546000000000000000e+03,1.067085617191171849e+02
2.547000000000000000e+03,1.059956104255088434e+02
2.548000000000000000e+03,1.056726664291880979e+02
2.549000000000000000e+03,1.047477936481300986e+02
2.550000000000000000e+03,1.041544921523248206e+02
2.551000000000000000e+03,1.034532701882256305e+02
2.552000000000000000e+03,1.030573584075212779e+02
2.553000000000000000e+03,1.025296021308791552e+02
2.554000000000000000e+03,1.021960729496499312e+02
2.555000000000000000e+03,1.012116786787174192e+02
2.556000000000000000e+03,1.007898418661611686e+02
2.557000000000000000e+03,1.002526727214557809e+02
2.558000000000000000e+03,9.944008241983711116e+01
2.559000000000000000e+03,9.944415590004823002e+01
2.560000000000000000e+03,9.901268845686423958e+01
2.561000000000000000e+03,9.856280197441792268e+01
2.562000000000000000e+03,9.840165860676894738e+01
2.563000000000000000e+03,9.757816057938373433e+01
2.564000000000000000e+03,9.724966134890452452e+01
2.565000000000000000e+03,9.679931086328218726e+01
2.566000000000000000e+03,9.652153542117325458e+01
2.567000000000000000e+03,9.629114017566570283e+01
2.568000000000000000e+03,9.541058732917348095e+01
2.569000000000000000e+03,9.582881954726127560e+01
2.570000000000000000e+03,9.502658008244485188e+01
2.571000000000000000e+03,9.449310896374150559e+01
2.572000000000000000e+03,9.427767415807441864e+01
2.573000000000000000e+03,9.435292091282138927e+01
2.574000000000000000e+03,9.422179587909359100e+01
2.575000000000000000e+03,9.388294924568126021e+01
2.576000000000000000e+03,9.420154887337113792e+01
2.577000000000000000e+03,9.337385306041700517e+01
2.578000000000000000e+03,9.339435493721167347e+01
2.579000000000000000e+03,9.307220252768978241e+01
2.580000000000000000e+03,9.266254355410427479e+01
2.581000000000000000e+03,9.251178332581615393e+01
2.582000000000000000e+03,9.250185454466951285e+01
2.583000000000000000e+03,9.269624479008825801e+01
2.584000000000000000e+03,9.252606088622417246e+01
2.585000000000000000e+03,9.232973750236091348e+01
2.586000000000000000e+03,9.196019082429977232e+01
2.587000000000000000e+03,9.198211189632357332e+01
2.588000000000000000e+03,9.181917333677101567e+01
2.589000000000000000e+03,9.217017012095071493e+01
2.590000000000000000e+03,9.202151985667944700e+01
2.591000000000000000e+03,9.159474841397344846e+01
2.592000000000000000e+03,9.136149894249390968e+01
2.593000000000000000e+03,9.194412627487233181e+01
2.594000000000000000e+03,9.184749548847210576e+01
2.595000000000000000e+03,9.154626765034313962e+01
2.596000000000000000e+03,9.159468355671575068e+01
2.597000000000000000e+03,9.137265913918638205e+01
2.598000000000000000e+03,9.154564435695661473e+01
2.599000000000000000e+03,9.155104513025318624e+01
2.600000000000000000e+03,9.181941262484654942e+01
2.601000000000000000e+03,9.194779967364064532e+01
2.602000000000000000e+03,9.143503796896177960e+01
2.603000000000000000e+03,9.110918087879286986e+01
2.604000000000000000e+03,9.129888229587758985e+01
2.605000000000000000e+03,9.130537292148154904e+01
2.606000000000000000e+03,9.147428621470270116e+01
2.607000000000000000e+03,9.073638817660771849e+01
2.608000000000000000e+03,9.106073123960854332e+01
2.609000000000000000e+03,9.118963732966228974e+01
2.610000000000000000e+03,9.157702992974316203e+01
2.611000000000000000e+03,9.130217290738113434e+01
2.612000000000000000e+03,9.114543575838411016e+01
2.613000000000000000e+03,9.116103643978310345e+01
2.614000000000000000e+03,9.128701876737224552e+01
2.615000000000000000e+03,9.116660803745546104e+01
2.616000000000000000e+03,9.131643865463273357e+01
2.617000000000000000e+03,9.117959374725440114e+01
2.618000000000000000e+03,9.117625095594918605e+01
2.619000000000000000e+03,9.124569352143002732e+01
2.620000000000000000e+03,9.118504116991856279e+01
2.621000000000000000e+03,9.154325575470025456e+01
2.622000000000000000e+03,9.105415971663691721e+01
2.623000000000000000e+03,9.111098912589629606e+01
2.624000000000000000e+03,9.097125601844294351e+01
2.625000000000000000e+03,9.111518168412071361e+01
2.626000000000000000e+03,9.150687243449115726e+01
2.627000000000000000e+03,9.114375016806877738e+01
2.628000000000000000e+03,9.105272503310912668e+01
2.629000000000000000e+03,9.109185214596001856e+01
2.630000000000000000e+03,9.115833600955309635e+01
2.631000000000000000e+03,9.118886034462316559e+01
2.632000000000000000e+03,9.114782658737205168e+01
2.633000000000000000e+03,9.118753458464857431e+01
2.634000000000000000e+03,9.120356652520574414e+01
2.635000000000000000e+03,9.115281208113221112e+01
2.636000000000000000e+03,9.175297289107969334e+01
2.637000000000000000e+03,9.130996037139769328e+01
2.638000000000000000e+03,9.132261120146195310e+01
2.639000000000000000e+03,9.095035095450829488e+01
2.640000000000000000e+03,9.115322101079244987e+01
2.641000000000000000e+03,9.106382769664760701e+01
2.642000000000000000e+03,9.106546405961384494e+01
2.643000000000000000e+03,9.112080776958859474e+01
2.644000000000000000e+03,9.094743812852229325e+01
2.645000000000000000e+03,9.086561436765681776e+01
2.646000000000000000e+03,9.127629953381151040e+01
2.647000000000000000e+03,9.126621808681383641e+01
2.648000000000000000e+03,9.113958770411237253e+01
2.649000000000000000e+03,9.110844115984450298e+01
2.650000000000000000e+03,9.103804775144976702e+01
2.651000000000000000e+03,9.114094259264672360e+01
2.652000000000000000e+03,9.151749051186635597e+01
2.653000000000000000e+03,9.094218316641513411e+01
2.654000000000000000e+03,9.084497618418231468e+01
2.655000000000000000e+03,9.105894344981257404e+01
2.656000000000000000e+03,9.092498480126855043e+01
2.657000000000000000e+03,9.088990121039162773e+01
2.658000000000000000e+03,9.112014047928356320e+01
2.659000000000000000e+03,9.090963574677513748e+01
2.660000000000000000e+03,9.072881444815604368e+01
2.661000000000000000e+03,9.098207403839597873e+01
2.662000000000000000e+03,9.150032222294396433e+01
2.663000000000000000e+03,9.111219080521843239e+01
2.664000000000000000e+03,9.111460432435103485e+01
2.665000000000000000e+03,9.075989116353083830e+01
2.666000000000000000e+03,9.140245704209775113e+01
2.667000000000000000e+03,9.113211643709718146e+01
2.668000000000000000e+03,9.124093576871204903e+01
2.669000000000000000e+03,9.142308148512360333e+01
2.670000000000000000e+03,9.112295042181334281e+01
2.671000000000000000e+03,9.149409650980979336e+01
2.672000000000000000e+03,9.146949292286645061e+01
2.673000000000000000e+03,9.179567153061876184e+01
2.674000000000000000e+03,9.145253252661673571e+01
2.675000000000000000e+03,9.169563099078948198e+01
2.676000000000000000e+03,9.160142971438195048e+01
2.677000000000000000e+03,9.161363559325467065e+01
2.678000000000000000e+03,9.158474005969789289e+01
2.679000000000000000e+03,9.156870605436948551e+01
2.680000000000000000e+03,9.125572438182210533e+01
2.681000000000000000e+03,9.129444816279136887e+01
2.682000000000000000e+03,9.133635872501074005e+01
2.683000000000000000e+03,9.148670100476988409e+01
2.684000000000000000e+03,9.150903003569926852e+01
2.685000000000000000e+03,9.136840160201543881e+01
2.686000000000000000e+03,9.112102180145251396e+01
2.687000000000000000e+03,9.138021477325045794e+01
2.688000000000000000e+03,9.133313821327881499e+01
2.689000000000000000e+03,9.133304529121387816e+01
2.690000000000000000e+03,9.140242334627502885e+01
2.691000000000000000e+03,9.154002461884412867e+01
2.692000000000000000e+03,9.104364254068477180e+01
2.693000000000000000e+03,9.097738895607874099e+01
2.694000000000000000e+03,9.157841408948006290e+01
2.695000000000000000e+03,9.156311485965038344e+01
2.696000000000000000e+03,9.186534055081038730e+01
2.697000000000000000e+03,9.121747696945777761e+01
2.698000000000000000e+03,9.103952415574218548e+01
2.699000000000000000e+03,9.082547917339721266e+01
2.700000000000000000e+03,9.124125115878297265e+01
2.701000000000000000e+03,9.114709238968590910e+01
2.702000000000000000e+03,9.081786631095597784e+01
2.703000000000000000e+03,9.087496741738569028e+01
2.704000000000000000e+03,9.090421575866368187e+01
2.705000000000000000e+03,9.129852908697294822e+01
2.706000000000000000e+03,9.081066925433955817e+01
2.707000000000000000e+03,9.074960158035565883e+01
2.708000000000000000e+03,9.070737646066122295e+01
2.709000000000000000e+03,9.032398244052011194e+01
2.710000000000000000e+03,9.017578399050266569e+01
2.711000000000000000e+03,9.068525965672816369e+01
2.712000000000000000e+03,9.036453258672126765e+01
2.713000000000000000e+03,9.072070744431240996e+01
2.714000000000000000e+03,9.032347339608730863e+01
2.715000000000000000e+03,9.071123664655848984e+01
2.716000000000000000e+03,9.094601338548019953e+01
2.717000000000000000e+03,9.091525197443401396e+01
2.718000000000000000e+03,9.051547620429937524e+01
2.719000000000000000e+03,9.066537821368963534e+01
2.720000000000000000e+03,9.083028948025612692e+01
2.721000000000000000e+03,9.104613940188713173e+01
2.722000000000000000e+03,9.076483804239116182e+01
2.723000000000000000e+03,9.033285537595081394e+01
2.724000000000000000e+03,9.013991523141417872e+01
2.725000000000000000e+03,9.065651069991247368e+01
2.726000000000000000e+03,9.059600500413364443e+01
2.727000000000000000e+03,9.086965056247250061e+01
2.728000000000000000e+03,9.074240614466832255e+01
2.729000000000000000e+03,9.083296673239071595e+01
2.730000000000000000e+03,9.073052168742239587e+01
2.731000000000000000e+03,9.085598709470329482e+01
2.732000000000000000e+03,9.080941264068572139e+01
2.733000000000000000e+03,9.076129191446537448e+01
2.734000000000000000e+03,9.075474071084948946e+01
2.735000000000000000e+03,9.056190560948785162e+01
2.736000000000000000e+03,9.097401515490153656e+01
2.737000000000000000e+03,9.100620604939457792e+01
2.738000000000000000e+03,9.109688721098379460e+01
2.739000000000000000e+03,9.102947667890263972e+01
2.740000000000000000e+03,9.099318602033339687e+01
2.741000000000000000e+03,9.117343992473018943e+01
2.742000000000000000e+03,9.125648813967390538e+01
2.743000000000000000e+03,9.094327345353542569e+01
2.744000000000000000e+03,9.093086651592682301e+01
2.745000000000000000e+03,9.123838743448348509e+01
2.746000000000000000e+03,9.138683434703752084e+01
2.747000000000000000e+03,9.134913866072777466e+01
2.748000000000000000e+03,9.112871310944623815e+01
2.749000000000000000e+03,9.095947085446411506e+01
2.750000000000000000e+03,9.109486970853326682e+01
2.751000000000000000e+03,9.106895553295797185e+01
2.752000000000000000e+03,9.066384038762974740e+01
2.753000000000000000e+03,9.152526463155363956e+01
2.754000000000000000e+03,9.109960202252875661e+01
2.755000000000000000e+03,9.115869696749938100e+01
2.756000000000000000e+03,9.104284747139419665e+01
2.757000000000000000e+03,9.135601870098265920e+01
2.758000000000000000e+03,9.152744501543094202e+01
2.759000000000000000e+03,9.128758391263809813e+01
2.760000000000000000e+03,9.135246275798813542e+01
2.761000000000000000e+03,9.130716303159073277e+01
2.762000000000000000e+03,9.145888832418056325e+01
2.763000000000000000e+03,9.136694748646178255e+01
2.764000000000000000e+03,9.149765031479726929e+01
2.765000000000000000e+03,9.101911000699985266e+01
2.766000000000000000e+03,9.106212466396078753e+01
2.767000000000000000e+03,9.116605936982678315e+01
2.768000000000000000e+03,9.140325039680482178e+01
2.769000000000000000e+03,9.138162616608038036e+01
2.770000000000000000e+03,9.119063526870472458e+01
2.771000000000000000e+03,9.114105049026447603e+01
2.772000000000000000e+03,9.130423852108761196e+01
2.773000000000000000e+03,9.153963948542964602e+01
2.774000000000000000e+03,9.132037916170354208e+01
2.775000000000000000e+03,9.126315968969927894e+01
2.776000000000000000e+03,9.132900428105108404e+01
2.777000000000000000e+03,9.125808550977812672e+01
2.778000000000000000e+03,9.135976866316325129e+01
2.779000000000000000e+03,9.154140415059275426e+01
2.780000000000000000e+03,9.105026692036027214e+01
2.781000000000000000e+03,9.111869748497254307e+01
2.782000000000000000e+03,9.107998086505395463e+01
2.783000000000000000e+03,9.138049216754656356e+01
2.784000000000000000e+03,9.142718339888297407e+01
2.785000000000000000e+03,9.123039087066550223e+01
2.786000000000000000e+03,9.112183778961581027e+01
2.787000000000000000e+03,9.109802431026984948e+01
2.788000000000000000e+03,9.135837337616595732e+01
2.789000000000000000e+03,9.139666783217305124e+01
2.790000000000000000e+03,9.116718045425872674e+01
2.791000000000000000e+03,9.106221835839892265e+01
2.792000000000000000e+03,9.095824014587077500e+01
2.793000000000000000e+03,9.108115876405653921e+01
2.794000000000000000e+03,9.136303985688887508e+01
2.795000000000000000e+03,9.121840951627385152e+01
2.796000000000000000e+03,9.149251453604505002e+01
2.797000000000000000e+03,9.150776105415776840e+01
2.798000000000000000e+03,9.115539738065176323e+01
2.799000000000000000e+03,9.140271266084207014e+01
2.800000000000000000e+03,9.133267759642538408e+01
2.801000000000000000e+03,9.138483163625193129e+01
2.802000000000000000e+03,9.129295176562260394e+01
2.803000000000000000e+03,9.104815568387684266e+01
2.804000000000000000e+03,9.147002222746961309e+01
2.805000000000000000e+03,9.111049078067372875e+01
2.806000000000000000e+03,9.118341030858755403e+01
2.807000000000000000e+03,9.098694622652928388e+01
2.808000000000000000e+03,9.071569499861026031e+01
2.809000000000000000e+03,9.062039104868283346e+01
2.810000000000000000e+03,9.095285402168856592e+01
2.811000000000000000e+03,9.098747204846364411e+01
2.812000000000000000e+03,9.045365846750320316e+01
2.813000000000000000e+03,9.011873524662794921e+01
2.814000000000000000e+03,9.050358916459353509e+01
2.815000000000000000e+03,9.016802967127985369e+01
2.816000000000000000e+03,8.992151309330327535e+01
2.817000000000000000e+03,9.030093317070564751e+01
2.818000000000000000e+03,9.014393792676784756e+01
2.819000000000000000e+03,8.991327895226099542e+01
2.820000000000000000e+03,9.006006078825936356e+01
2.821000000000000000e+03,8.992997657647657661e+01
2.822000000000000000e+03,8.951928042498236948e+01
2.823000000000000000e+03,8.874906508636664171e+01
2.824000000000000000e+03,8.894176484155327955e+01
2.825000000000000000e+03,8.906374784053168980e+01
2.826000000000000000e+03,8.851418789849336122e+01
2.827000000000000000e+03,8.794592334162769021e+01
2.828000000000000000e+03,8.767092771334363022e+01
2.829000000000000000e+03,8.747729371882412863e+01
2.830000000000000000e+03,8.721806063647066765e+01
2.831000000000000000e+03,8.688866541755812989e+01
2.832000000000000000e+03,8.652322932965645919e+01
2.833000000000000000e+03,8.628371609208099358e+01
2.834000000000000000e+03,8.548192048758464523e+01
2.835000000000000000e+03,8.511075276867146044e+01
2.836000000000000000e+03,8.475017683712540872e+01
2.837000000000000000e+03,8.443335993477606394e+01
2.838000000000000000e+03,8.391687371627213565e+01
2.839000000000000000e+03,8.335749679887328512e+01
2.840000000000000000e+03,8.278447478498968337e+01
2.841000000000000000e+03,8.239279544135865763e+01
2.842000000000000000e+03,8.171789320418015734e+01
2.843000000000000000e+03,8.145586545057041405e+01
2.844000000000000000e+03,8.016314505156945813e+01
2.845000000000000000e+03,7.983969857111533486e+01
2.846000000000000000e+03,7.963618712995695148e+01
2.847000000000000000e+03,7.911919418211338950e+01
2.848000000000000000e+03,7.818542561583628014e+01
2.849000000000000000e+03,7.744561571273142420e+01
2.850000000000000000e+03,7.643602927172183570e+01
2.851000000000000000e+03,7.602538647009403405e+01
2.852000000000000000e+03,7.548756349089745754e+01
2.853000000000000000e+03,7.493088777081258911e+01
2.854000000000000000e+03,7.397964052298164006e+01
2.855000000000000000e+03,7.321343101670377962e+01
2.856000000000000000e+03,7.290095450971520563e+01
2.857000000000000000e+03,7.221220465033043467e+01
2.858000000000000000e+03,7.177781785466606834e+01
2.859000000000000000e+03,7.101966916548438746e+01
2.860000000000000000e+03,7.038902772379275063e+01
2.861000000000000000e+03,7.001308725841668945e+01
2.862000000000000000e+03,6.935265418824457129e+01
2.863000000000000000e+03,6.926949292241543787e+01
2.864000000000000000e+03,6.866595636359474497e+01
2.865000000000000000e+03,6.785081636348439815e+01
2.866000000000000000e+03,6.770939596110233083e+01
2.867000000000000000e+03,6.751509719394948661e+01
2.868000000000000000e+03,6.660033043997385960e+01
2.869000000000000000e+03,6.641076150657170274e+01
2.870000000000000000e+03,6.638964644520305569e+01
2.871000000000000000e+03,6.550275416572468146e+01
2.872000000000000000e+03,6.535979877696732387e+01
2.873000000000000000e+03,6.515402277209783222e+01
2.874000000000000000e+03,6.490440702999536882e+01
2.875000000000000000e+03,6.420542430954112945e+01
2.876000000000000000e+03,6.429730068844779112e+01
2.877000000000000000e+03,6.416432739388818618e+01
2.878000000000000000e+03,6.392392129793716293e+01
2.879000000000000000e+03,6.383174783979540479e+01
2.880000000000000000e+03,6.395864820061748190e+01
2.881000000000000000e+03,6.337140394462449677e+01
2.882000000000000000e+03,6.333099120986747721e+01
2.883000000000000000e+03,6.293145633631812075e+01
2.884000000000000000e+03,6.317344710072480751e+01
2.885000000000000000e+03,6.316251044687361116e+01
2.886000000000000000e+03,6.328168664902602814e+01
2.887000000000000000e+03,6.333461586238157537e+01
2.888000000000000000e+03,6.289764192614067184e+01
2.889000000000000000e+03,6.305651119649462544e+01
2.890000000000000000e+03,6.292463305298156939e+01
2.891000000000000000e+03,6.308231228277312397e+01
2.892000000000000000e+03,6.251787897260968663e+01
2.893000000000000000e+03,6.270090970768214333e+01
2.894000000000000000e+03,6.285555142540052742e+01
2.895000000000000000e+03,6.256820286611446136e+01
2.896000000000000000e+03,6.259569399982061100e+01
2.897000000000000000e+03,6.231486883305942115e+01
2.898000000000000000e+03,6.242202060050427548e+01
2.899000000000000000e+03,6.245545012536811669e+01
2.900000000000000000e+03,6.232280892096547120e+01
2.901000000000000000e+03,6.243283628857649603e+01
2.902000000000000000e+03,6.237514076433692622e+01
2.903000000000000000e+03,6.191300798334505373e+01
2.904000000000000000e+03,6.241275301372310480e+01
2.905000000000000000e+03,6.252561135446192964e+01
2.906000000000000000e+03,6.214205920108203429e+01
2.907000000000000000e+03,6.213531105615192729e+01
2.908000000000000000e+03,6.215420156440391963e+01
2.909000000000000000e+03,6.216194283734515125e+01
2.910000000000000000e+03,6.216222002325282148e+01
2.911000000000000000e+03,6.231791467349042790e+01
2.912000000000000000e+03,6.195233857120376797e+01
2.913000000000000000e+03,6.213545688054646376e+01
2.914000000000000000e+03,6.194219062701795053e+01
2.915000000000000000e+03,6.244267979892459408e+01
2.916000000000000000e+03,6.208507939046261015e+01
2.917000000000000000e+03,6.183042637340417258e+01
2.918000000000000000e+03,6.202736941214890010e+01
2.919000000000000000e+03,6.189603059309679622e+01
2.920000000000000000e+03,6.213588572757591066e+01
2.921000000000000000e+03,6.219866065683916645e+01
2.922000000000000000e+03,6.228140491638985310e+01
2.923000000000000000e+03,6.201762581000780017e+01
2.924000000000000000e+03,6.182467056533470640e+01
2.925000000000000000e+03,6.224317041104766446e+01
2.926000000000000000e+03,6.220496917477287724e+01
2.927000000000000000e+03,6.213152446497581138e+01
2.928000000000000000e+03,6.167855796342416141e+01
2.929000000000000000e+03,6.185102341786954838e+01
2.930000000000000000e+03,6.213074572535443707e+01
2.931000000000000000e+03,6.206220384401069623e+01
2.932000000000000000e+03,6.224031618868772853e+01
2.933000000000000000e+03,6.186914178967828803e+01
2.934000000000000000e+03,6.150778514177284961e+01
2.935000000000000000e+03,6.165116006891877731e+01
2.936000000000000000e+03,6.195165191149549599e+01
2.937000000000000000e+03,6.180510653473401561e+01
2.938000000000000000e+03,6.203773617438488230e+01
2.939000000000000000e+03,6.197307399839564823e+01
2.940000000000000000e+03,6.175450997431397582e+01
2.941000000000000000e+03,6.201352931742954411e+01
2.942000000000000000e+03,6.198107810886543945e+01
2.943000000000000000e+03,6.194060009408804035e+01
2.944000000000000000e+03,6.182215013501686229e+01
2.945000000000000000e+03,6.202845040867157422e+01
2.946000000000000000e+03,6.177226162360956607e+01
2.947000000000000000e+03,6.230206673819744623e+01
2.948000000000000000e+03,6.226060514947148761e+01
2.949000000000000000e+03,6.151743544116484230e+01
2.950000000000000000e+03,6.165311124004040266e+01
2.951000000000000000e+03,6.149877540514343366e+01
2.952000000000000000e+03,6.167482365687882151e+01
2.953000000000000000e+03,6.157423001443086719e+01
2.954000000000000000e+03,6.163024858683686347e+01
2.955000000000000000e+03,6.136378895508976683e+01
2.956000000000000000e+03,6.175214026446827376e+01
2.957000000000000000e+03,6.196391983054488151e+01
2.958000000000000000e+03,6.182180250601786042e+01
2.959000000000000000e+03,6.165847227144411136e+01
2.960000000000000000e+03,6.178176780907612198e+01
2.961000000000000000e+03,6.155094529244706791e+01
2.962000000000000000e+03,6.177666834702619525e+01
2.963000000000000000e+03,6.175545255499740449e+01
2.964000000000000000e+03,6.199188611695807793e+01
2.965000000000000000e+03,6.138330932900203862e+01
2.966000000000000000e+03,6.165457256009501208e+01
2.967000000000000000e+03,6.160569121670599202e+01
2.968000000000000000e+03,6.145830619377881021e+01
2.969000000000000000e+03,6.196223080105995962e+01
2.970000000000000000e+03,6.161716833183212572e+01
2.971000000000000000e+03,6.147896068984723428e+01
2.972000000000000000e+03,6.161773549533211991e+01
2.973000000000000000e+03,6.171773577155098423e+01
2.974000000000000000e+03,6.149370179548490256e+01
2.975000000000000000e+03,6.173689337970412794e+01
2.976000000000000000e+03,6.162911912732602104e+01
2.977000000000000000e+03,6.171944175378769870e+01
2.978000000000000000e+03,6.171452664911201680e+01
2.979000000000000000e+03,6.241181980948266528e+01
2.980000000000000000e+03,6.206545331928830223e+01
2.981000000000000000e+03,6.203588868003160428e+01
2.982000000000000000e+03,6.175700979146628100e+01
2.983000000000000000e+03,6.209197343697546501e+01
2.984000000000000000e+03,6.217503066971145387e+01
2.985000000000000000e+03,6.209799814785254313e+01
2.986000000000000000e+03,6.218524939943709029e+01
2.987000000000000000e+03,6.220800187716891116e+01
2.988000000000000000e+03,6.198156210259841714e+01
2.989000000000000000e+03,6.257517633002322555e+01
2.990000000000000000e+03,6.252958489848148105e+01
2.991000000000000000e+03,6.259193762142551520e+01
2.992000000000000000e+03,6.215777614833763209e+01
2.993000000000000000e+03,6.202956863696804390e+01
2.994000000000000000e+03,6.217675048750849243e+01
2.995000000000000000e+03,6.211885347088835374e+01
2.996000000000000000e+03,6.244747894279974076e+01
2.997000000000000000e+03,6.207505583293539786e+01
2.998000000000000000e+03,6.199530906114987516e+01
2.999000000000000000e+03,6.233025827586934753e+01
3.000000000000000000e+03,6.220467880174869890e+01
3.001000000000000000e+03,6.208588818950076416e+01
3.002000000000000000e+03,6.196784280263307920e+01
3.003000000000000000e+03,6.222088130358640257e+01
3.004000000000000000e+03,6.207888426578688268e+01
3.005000000000000000e+03,6.200393052414489858e+01
3.006000000000000000e+03,6.206235752542761475e+01
3.007000000000000000e+03,6.207540898704580457e+01
3.008000000000000000e+03,6.189383221210147923e+01
3.009000000000000000e+03,6.200119325618793908e+01
3.010000000000000000e+03,6.164533570120945427e+01
3.011000000000000000e+03,6.179917463698604507e+01
3.012000000000000000e+03,6.204573737212248119e+01
3.013000000000000000e+03,6.205535575695581940e+01
3.014000000000000000e+03,6.167871101374022658e+01
3.015000000000000000e+03,6.200353684357731510e+01
3.016000000000000000e+03,6.203377786883650913e+01
3.017000000000000000e+03,6.177486905831139552e+01
3.018000000000000000e+03,6.195877180120450589e+01
3.019000000000000000e+03,6.146426314384485323e+01
3.020000000000000000e+03,6.187901542007790567e+01
3.021000000000000000e+03,6.167138150755269521e+01
3.022000000000000000e+03,6.180137713844316494e+01
3.023000000000000000e+03,6.180100587860425776e+01
3.024000000000000000e+03,6.156003817999529559e+01
3.025000000000000000e+03,6.180076553365757519e+01
3.026000000000000000e+03,6.195406009724128182e+01
3.027000000000000000e+03,6.137590419593821878e+01
3.028000000000000000e+03,6.155249117883644772e+01
3.029000000000000000e+03,6.173490598637715721e+01
3.030000000000000000e+03,6.161736115514022316e+01
3.031000000000000000e+03,6.163829258781517950e+01
3.032000000000000000e+03,6.171225269683900905e+01
3.033000000000000000e+03,6.170266547155778625e+01
3.034000000000000000e+03,6.147626009837212990e+01
3.035000000000000000e+03,6.143712828616974519e+01
3.036000000000000000e+03,6.199101769718612331e+01
3.037000000000000000e+03,6.155831406193844657e+01
3.038000000000000000e+03,6.155939458573592304e+01
3.039000000000000000e+03,6.174487307337046360e+01
3.040000000000000000e+03,6.149280380666031931e+01
3.041000000000000000e+03,6.181730913088070167e+01
3.042000000000000000e+03,6.177596912288120734e+01
3.043000000000000000e+03,6.178250782806863128e+01
3.044000000000000000e+03,6.144729627774444936e+01
3.045000000000000000e+03,6.178936044005757822e+01
3.046000000000000000e+03,6.151150880095934781e+01
3.047000000000000000e+03,6.166893364636473507e+01
3.048000000000000000e+03,6.150733906242911075e+01
3.049000000000000000e+03,6.120673184239539921e+01
3.050000000000000000e+03,6.098355826507552280e+01
3.051000000000000000e+03,6.125049321230086719e+01
3.052000000000000000e+03,6.144252490712563741e+01
3.053000000000000000e+03,6.167088814177294154e+01
3.054000000000000000e+03,6.125961466727338234e+01
3.055000000000000000e+03,6.105162333882668690e+01
3.056000000000000000e+03,6.160004996318954795e+01
3.057000000000000000e+03,6.159797841073125824e+01
3.058000000000000000e+03,6.140876214335171568e+01
3.059000000000000000e+03,6.123165681617097533e+01
3.060000000000000000e+03,6.123123650067707047e+01
3.061000000000000000e+03,6.146718228140035478e+01
3.062000000000000000e+03,6.152841050747787222e+01
3.063000000000000000e+03,6.159551322209428292e+01
3.064000000000000000e+03,6.117356931049406654e+01
3.065000000000000000e+03,6.101440557767811868e+01
3.066000000000000000e+03,6.161493825855530559e+01
3.067000000000000000e+03,6.139115029695824433e+01
3.068000000000000000e+03,6.171617768740213705e+01
3.069000000000000000e+03,6.144411273230017656e+01
3.070000000000000000e+03,6.133202380747319893e+01
3.071000000000000000e+03,6.153008242460878563e+01
3.072000000000000000e+03,6.154531310994281768e+01
3.073000000000000000e+03,6.159282997035280971e+01
3.074000000000000000e+03,6.149062957978969024e+01
3.075000000000000000e+03,6.152245379445854212e+01
3.076000000000000000e+03,6.126582096213896023e+01
3.077000000000000000e+03,6.146046797083923963e+01
3.078000000000000000e+03,6.148691401789083244e+01
3.079000000000000000e+03,6.171164612823958606e+01
3.080000000000000000e+03,6.207081697746551185e+01
3.081000000000000000e+03,6.196996421437233238e+01
3.082000000000000000e+03,6.206539521525488823e+01
3.083000000000000000e+03,6.198466292175540815e+01
3.084000000000000000e+03,6.233214010199906596e+01
3.085000000000000000e+03,6.205147001808560958e+01
3.086000000000000000e+03,6.195181291354900566e+01
3.087000000000000000e+03,6.175162037905609225e+01
3.088000000000000000e+03,6.190757336191023796e+01
3.089000000000000000e+03,6.184207071291611157e+01
3.090000000000000000e+03,6.193733944323720664e+01
3.091000000000000000e+03,6.137402771163107928e+01
3.092000000000000000e+03,6.156783931996645975e+01
3.093000000000000000e+03,6.174051313828509535e+01
3.094000000000000000e+03,6.182601320869295591e+01
3.095000000000000000e+03,6.171179511024631381e+01
3.096000000000000000e+03,6.166655152359106751e+01
3.097000000000000000e+03,6.177573713988214621e+01
3.098000000000000000e+03,6.183281204557271593e+01
3.099000000000000000e+03,6.190074937611996120e+01
3.100000000000000000e+03,6.170143139868032023e+01
3.101000000000000000e+03,6.184666699195982886e+01
3.102000000000000000e+03,6.171757887644758966e+01
3.103000000000000000e+03,6.147567902449828381e+01
3.104000000000000000e+03,6.133641674455009252e+01
3.105000000000000000e+03,6.177077469732849124e+01
3.106000000000000000e+03,6.152296908472160197e+01
3.107000000000000000e+03,6.133481011626306412e+01
3.108000000000000000e+03,6.121328016283210616e+01
3.109000000000000000e+03,6.104989386244652394e+01
3.110000000000000000e+03,6.071514514733325285e+01
3.111000000000000000e+03,6.066640581146548072e+01
3.112000000000000000e+03,6.049836664266356223e+01
3.113000000000000000e+03,6.025607565901523799e+01
3.114000000000000000e+03,6.026332580864374222e+01
3.115000000000000000e+03,6.055350699572827722e+01
3.116000000000000000e+03,6.030043984674902191e+01
3.117000000000000000e+03,5.990161771516969225e+01
3.118000000000000000e+03,5.992457757860106682e+01
3.119000000000000000e+03,5.948625675618593789e+01
3.120000000000000000e+03,5.956998893761107183e+01
3.121000000000000000e+03,5.971249612985736377e+01
3.122000000000000000e+03,5.940410989870770919e+01
3.123000000000000000e+03,5.896709623560729341e+01
3.124000000000000000e+03,5.895549767242890482e+01
3.125000000000000000e+03,5.866858991416870595e+01
3.126000000000000000e+03,5.889298603631834794e+01
3.127000000000000000e+03,5.829686661783082968e+01
3.128000000000000000e+03,5.803347792807782213e+01
3.129000000000000000e+03,5.785357998622318121e+01
3.130000000000000000e+03,5.735996338032789765e+01
3.131000000000000000e+03,5.760270643640018307e+01
3.132000000000000000e+03,5.699508495209435921e+01
3.133000000000000000e+03,5.657577303688587733e+01
3.134000000000000000e+03,5.606188036660142160e+01
3.135000000000000000e+03,5.565771403328518119e+01
3.136000000000000000e+03,5.584786165869356012e+01
3.137000000000000000e+03,5.493161176481278574e+01
3.138000000000000000e+03,5.465903449182248863e+01
3.139000000000000000e+03,5.437696705338922243e+01
3.140000000000000000e+03,5.344949486516051707e+01
3.141000000000000000e+03,5.357319884873009386e+01
3.142000000000000000e+03,5.329555936431017216e+01
3.143000000000000000e+03,5.251197525517212483e+01
3.144000000000000000e+03,5.167711521246644679e+01
3.145000000000000000e+03,5.123902468293624679e+01
3.146000000000000000e+03,5.054045441213646228e+01
3.147000000000000000e+03,5.003537006174360613e+01
3.148000000000000000e+03,4.947450867525451912e+01
3.149000000000000000e+03,4.886218938107926135e+01
3.150000000000000000e+03,4.805084253360826096e+01
3.151000000000000000e+03,4.760243423701539456e+01
3.152000000000000000e+03,4.712350018870532153e+01
3.153000000000000000e+03,4.658560247589419845e+01
3.154000000000000000e+03,4.617142720625686536e+01
3.155000000000000000e+03,4.511035656871197119e+01
3.156000000000000000e+03,4.433715179953478014e+01
3.157000000000000000e+03,4.399942218591735354e+01
3.158000000000000000e+03,4.375554213448511831e+01
3.159000000000000000e+03,4.283395129337332463e+01
3.160000000000000000e+03,4.246577241700455829e+01
3.161000000000000000e+03,4.181103778152254336e+01
3.162000000000000000e+03,4.129380084610058788e+01
3.163000000000000000e+03,4.147670290204710142e+01
3.164000000000000000e+03,4.071772089803648242e+01
3.165000000000000000e+03,4.020228274941464974e+01
3.166000000000000000e+03,3.967465866032426902e+01
3.167000000000000000e+03,3.915479661558604363e+01
3.168000000000000000e+03,3.895258974014295461e+01
3.169000000000000000e+03,3.873841920287209462e+01
3.170000000000000000e+03,3.846811464700191152e+01
3.171000000000000000e+03,3.814084875607336755e+01
3.172000000000000000e+03,3.770176024911354062e+01
3.173000000000000000e+03,3.781003933341541767e+01
3.174000000000000000e+03,3.721556083018415251e+01
3.175000000000000000e+03,3.736334156465179035e+01
3.176000000000000000e+03,3.699541452467099845e+01
3.177000000000000000e+03,3.660306844725908348e+01
3.178000000000000000e+03,3.685019755328068669e+01
3.179000000000000000e+03,3.646285631741115907e+01
3.180000000000000000e+03,3.648512433081783968e+01
3.181000000000000000e+03,3.627179354589004845e+01
3.182000000000000000e+03,3.615344763266086403e+01
3.183000000000000000e+03,3.607811885464222001e+01
3.184000000000000000e+03,3.604119811196740386e+01
3.185000000000000000e+03,3.597103084431780928e+01
3.186000000000000000e+03,3.562957081544684712e+01
3.187000000000000000e+03,3.534944206468276917e+01
3.188000000000000000e+03,3.562386442144011767e+01
3.189000000000000000e+03,3.554819430353246190e+01
3.190000000000000000e+03,3.534985752834811734e+01
3.191000000000000000e+03,3.506150489779795265e+01
3.192000000000000000e+03,3.531550027525329227e+01
3.193000000000000000e+03,3.511168184176089824e+01
3.194000000000000000e+03,3.513182394867872915e+01
3.195000000000000000e+03,3.528243536661599933e+01
3.196000000000000000e+03,3.496911694517872604e+01
3.197000000000000000e+03,3.498573218220357717e+01
3.198000000000000000e+03,3.480902175292309408e+01
3.199000000000000000e+03,3.506514570694950805e+01
3.200000000000000000e+03,3.509569992741587896e+01
3.201000000000000000e+03,3.508504377987937062e+01
3.202000000000000000e+03,3.461890209791922501e+01
3.203000000000000000e+03,3.457539359996064121e+01
3.204000000000000000e+03,3.516708138228184310e+01
3.205000000000000000e+03,3.485821562933624307e+01
3.206000000000000000e+03,3.504225977298717964e+01
3.207000000000000000e+03,3.478718593584987673e+01
3.208000000000000000e+03,3.425583426730725733e+01
3.209000000000000000e+03,3.479204452582033724e+01
3.210000000000000000e+03,3.421633058262097649e+01
3.211000000000000000e+03,3.436921833436441176e+01
3.212000000000000000e+03,3.437352678046942600e+01
3.213000000000000000e+03,3.393636645237333482e+01
3.214000000000000000e+03,3.462626852999879645e+01
3.215000000000000000e+03,3.426814878837619460e+01
3.216000000000000000e+03,3.477101490790325755e+01
3.217000000000000000e+03,3.458531974684832733e+01
3.218000000000000000e+03,3.419681588365025249e+01
3.219000000000000000e+03,3.461499379828974554e+01
3.220000000000000000e+03,3.431323219700295368e+01
3.221000000000000000e+03,3.447017322274250262e+01
3.222000000000000000e+03,3.452394750884315044e+01
3.223000000000000000e+03,3.458713644224354056e+01
3.224000000000000000e+03,3.432152794256361972e+01
3.225000000000000000e+03,3.426123705843352241e+01
3.226000000000000000e+03,3.463796797582306652e+01
3.227000000000000000e+03,3.458510535671410935e+01
3.228000000000000000e+03,3.455932181595877495e+01
3.229000000000000000e+03,3.432938259358153488e+01
3.230000000000000000e+03,3.440203156447780941e+01
3.231000000000000000e+03,3.441019698549582273e+01
3.232000000000000000e+03,3.479077385286036872e+01
3.233000000000000000e+03,3.431956582098175090e+01
3.234000000000000000e+03,3.415076460445840212e+01
3.235000000000000000e+03,3.452565703090219529e+01
3.236000000000000000e+03,3.427118007472270023e+01
3.237000000000000000e+03,3.461291291016492977e+01
3.238000000000000000e+03,3.492569924693022898e+01
3.239000000000000000e+03,3.462546054598634981e+01
3.240000000000000000e+03,3.483608095250895076e+01
3.241000000000000000e+03,3.495435654307983953e+01
3.242000000000000000e+03,3.473208856979591275e+01
3.243000000000000000e+03,3.473386261191527069e+01
3.244000000000000000e+03,3.456860254513291153e+01
3.245000000000000000e+03,3.446026651191726131e+01
3.246000000000000000e+03,3.450937511078137021e+01
3.247000000000000000e+03,3.477790604668200558e+01
3.248000000000000000e+03,3.452061116917893457e+01
3.249000000000000000e+03,3.473904391438793482e+01
3.250000000000000000e+03,3.462238841053470395e+01
3.251000000000000000e+03,3.467676923337572248e+01
3.252000000000000000e+03,3.481517558250287436e+01
3.253000000000000000e+03,3.466157273940159200e+01
3.254000000000000000e+03,3.457216677334000821e+01
3.255000000000000000e+03,3.445708048205715812e+01
3.256000000000000000e+03,3.434951729439184476e+01
3.257000000000000000e+03,3.469911437397723830e+01
3.258000000000000000e+03,3.453440368287193252e+01
3.259000000000000000e+03,3.449423859659118108e+01
3.260000000000000000e+03,3.410418146610241052e+01
3.261000000000000000e+03,3.392052236559376155e+01
3.262000000000000000e+03,3.408950080272901317e+01
3.263000000000000000e+03,3.453131911138961385e+01
3.264000000000000000e+03,3.461125077364880553e+01
3.265000000000000000e+03,3.461751920582126019e+01
3.266000000000000000e+03,3.430361868277337578e+01
3.267000000000000000e+03,3.441631123587387719e+01
3.268000000000000000e+03,3.436848191880916659e+01
3.269000000000000000e+03,3.424672836953975974e+01
3.270000000000000000e+03,3.428164287366337248e+01
3.271000000000000000e+03,3.435127571878182806e+01
3.272000000000000000e+03,3.393247358342610909e+01
3.273000000000000000e+03,3.424393763699055171e+01
3.274000000000000000e+03,3.428585749104156122e+01
3.275000000000000000e+03,3.432630886127405034e+01
3.276000000000000000e+03,3.404756235824260102e+01
3.277000000000000000e+03,3.430215081703381230e+01
3.278000000000000000e+03,3.434260412746145619e+01
3.279000000000000000e+03,3.453224709166175899e+01
3.280000000000000000e+03,3.421824455095492823e+01
3.281000000000000000e+03,3.407251210765994642e+01
3.282000000000000000e+03,3.422729969376258907e+01
3.283000000000000000e+03,3.426197912987264971e+01
3.284000000000000000e+03,3.433589518201567614e+01
3.285000000000000000e+03,3.434816832882928139e+01
3.286000000000000000e+03,3.425192483242977204e+01
3.287000000000000000e+03,3.439359725478131224e+01
3.288000000000000000e+03,3.465768629707610415e+01
3.289000000000000000e+03,3.451951462263340886e+01
3.290000000000000000e+03,3.436372605424787707e+01
3.291000000000000000e+03,3.447643551674971008e+01
3.292000000000000000e+03,3.447182991346766556e+01
3.293000000000000000e+03,3.456691748749153703e+01
3.294000000000000000e+03,3.462511858629051176e+01
3.295000000000000000e+03,3.474888616753432302e+01
3.296000000000000000e+03,3.440386323697889992e+01
3.297000000000000000e+03,3.433596462460690191e+01
3.298000000000000000e+03,3.456600094819826552e+01
3.299000000000000000e+03,3.483117737660460023e+01
3.300000000000000000e+03,3.476181424475725379e+01
3.301000000000000000e+03,3.456014706507205858e+01
3.302000000000000000e+03,3.454818556154298648e+01
3.303000000000000000e+03,3.510985966482083143e+01
3.304000000000000000e+03,3.484336341255600900e+01
3.305000000000000000e+03,3.507009608796298750e+01
3.306000000000000000e+03,3.515682191314149208e+01
3.307000000000000000e+03,3.505476390457278058e+01
3.308000000000000000e+03,3.485985230546507552e+01
3.309000000000000000e+03,3.509727209049025021e+01
3.310000000000000000e+03,3.517093476918200423e+01
3.311000000000000000e+03,3.510329079671996055e+01
3.312000000000000000e+03,3.493953062519220509e+01
3.313000000000000000e+03,3.483637592236264879e+01
3.314000000000000000e+03,3.459586894045472860e+01
3.315000000000000000e+03,3.495639368673442959e+01
3.316000000000000000e+03,3.483030464248587776e+01
3.317000000000000000e+03,3.499780684748846937e+01
3.318000000000000000e+03,3.497326209885105186e+01
3.319000000000000000e+03,3.483260708795337024e+01
3.320000000000000000e+03,3.507084885321916801e+01
3.321000000000000000e+03,3.487791926275976095e+01
3.322000000000000000e+03,3.510975233252885630e+01
3.323000000000000000e+03,3.489354941538003629e+01
3.324000000000000000e+03,3.486243587342282524e+01
3.325000000000000000e+03,3.496686457047662344e+01
3.326000000000000000e+03,3.524679787384447849e+01
3.327000000000000000e+03,3.501319685533881199e+01
3.328000000000000000e+03,3.477936842318071342e+01
3.329000000000000000e+03,3.477295679005952422e+01
3.330000000000000000e+03,3.475599845044890657e+01
3.331000000000000000e+03,3.543127317288269751e+01
3.332000000000000000e+03,3.505029931946814514e+01
3.333000000000000000e+03,3.459737976013119010e+01
3.334000000000000000e+03,3.459346527997803378e+01
3.335000000000000000e+03,3.459611833314884421e+01
3.336000000000000000e+03,3.456159234071001407e+01
3.337000000000000000e+03,3.459494422351034615e+01
3.338000000000000000e+03,3.436345672365533233e+01
3.339000000000000000e+03,3.422847010013876456e+01
3.340000000000000000e+03,3.410924703523222945e+01
3.341000000000000000e+03,3.431774041538648845e+01
3.342000000000000000e+03,3.481751056375266984e+01
3.343000000000000000e+03,3.445254222986401516e+01
3.344000000000000000e+03,3.437087905243021879e+01
3.345000000000000000e+03,3.456289712802559677e+01
3.346000000000000000e+03,3.473354884115110508e+01
3.347000000000000000e+03,3.448120907120524237e+01
3.348000000000000000e+03,3.438444696169274550e+01
3.349000000000000000e+03,3.422156685784201358e+01
3.350000000000000000e+03,3.438843220377384569e+01
3.351000000000000000e+03,3.442787135236100227e+01
3.352000000000000000e+03,3.463753271325220595e+01
3.353000000000000000e+03,3.444728068494690376e+01
3.354000000000000000e+03,3.433911753826638602e+01
3.355000000000000000e+03,3.431556467601686222e+01
3.356000000000000000e+03,3.446676176710750639e+01
3.357000000000000000e+03,3.444760476485164702e+01
3.358000000000000000e+03,3.439310151952307137e+01
3.359000000000000000e+03,3.460654395251623328e+01
3.360000000000000000e+03,3.440574872955946972e+01
3.361000000000000000e+03,3.458070236345976411e+01
3.362000000000000000e+03,3.455959333650086052e+01
3.363000000000000000e+03,3.422789180227083961e+01
3.364000000000000000e+03,3.423975876350710479e+01
3.365000000000000000e+03,3.447775296857629002e+01
3.366000000000000000e+03,3.453091588418955382e+01
3.367000000000000000e+03,3.438999010226174846e+01
3.368000000000000000e+03,3.497344281351943351e+01
3.369000000000000000e+03,3.478836325986651445e+01
3.370000000000000000e+03,3.442961979553606966e+01
3.371000000000000000e+03,3.446531112291371102e+01
3.372000000000000000e+03,3.465211330175073812e+01
3.373000000000000000e+03,3.484910173906934716e+01
3.374000000000000000e+03,3.453009964370131257e+01
3.375000000000000000e+03,3.451524274494259714e+01
3.376000000000000000e+03,3.460354195862807103e+01
3.377000000000000000e+03,3.460815651659349612e+01
3.378000000000000000e+03,3.449133329970739226e+01
3.379000000000000000e+03,3.453308306388062476e+01
3.380000000000000000e+03,3.467064169047718991e+01
3.381000000000000000e+03,3.438261467460667831e+01
3.382000000000000000e+03,3.407638213552134232e+01
3.383000000000000000e+03,3.438543079081328102e+01
3.384000000000000000e+03,3.439581614845956636e+01
3.385000000000000000e+03,3.466553334625933047e+01
3.386000000000000000e+03,3.444172126309456416e+01
3.387000000000000000e+03,3.432920358185297260e+01
3.388000000000000000e+03,3.421029691079278479e+01
3.389000000000000000e+03,3.453343483621812737e+01
3.390000000000000000e+03,3.434821672160884987e+01
3.391000000000000000e+03,3.447036307773548458e+01
3.392000000000000000e+03,3.433368295261487901e+01
3.393000000000000000e+03,3.423923857657479175e+01
3.394000000000000000e+03,3.447181910742653344e+01
3.395000000000000000e+03,3.451240594672353268e+01
3.396000000000000000e+03,3.402353403908853835e+01
3.397000000000000000e+03,3.415735874100421654e+01
3.398000000000000000e+03,3.437955021619200124e+01
3.399000000000000000e+03,3.422791294821539054e+01
3.400000000000000000e+03,3.417315635840784438e+01
3.401000000000000000e+03,3.427848907880972718e+01
3.402000000000000000e+03,3.421058183312795364e+01
3.403000000000000000e+03,3.424867541037856711e+01
3.404000000000000000e+03,3.408562583785729316e+01
3.405000000000000000e+03,3.431772049623573650e+01
3.406000000000000000e+03,3.394744098442715341e+01
3.407000000000000000e+03,3.386879517002617490e+01
3.408000000000000000e+03,3.417205096629816552e+01
3.409000000000000000e+03,3.370998239604867308e+01
3.410000000000000000e+03,3.411607878352121759e+01
3.411000000000000000e+03,3.392725769972781080e+01
3.412000000000000000e+03,3.362614311635821451e+01
3.413000000000000000e+03,3.336085461236675798e+01
3.414000000000000000e+03,3.344143219962199254e+01
3.415000000000000000e+03,3.344480999328565929e+01
3.416000000000000000e+03,3.339405748630371562e+01
3.417000000000000000e+03,3.366850282734807109e+01
3.418000000000000000e+03,3.352176061216503200e+01
3.419000000000000000e+03,3.354924713422207816e+01
3.420000000000000000e+03,3.316471039188508740e+01
3.421000000000000000e+03,3.314661632747453979e+01
3.422000000000000000e+03,3.338639548923328704e+01
3.423000000000000000e+03,3.277347661708016346e+01
3.424000000000000000e+03,3.247655885875214921e+01
3.425000000000000000e+03,3.270719269494356496e+01
3.426000000000000000e+03,3.277499379842294047e+01
3.427000000000000000e+03,3.222967696583553732e+01
3.428000000000000000e+03,3.179305327266746417e+01
3.429000000000000000e+03,3.133459418307251099e+01
3.430000000000000000e+03,3.089979117798063157e+01
3.431000000000000000e+03,3.113723847341603701e+01
3.432000000000000000e+03,3.081593212905129775e+01
3.433000000000000000e+03,3.029732538160399358e+01
3.434000000000000000e+03,2.984342096050973581e+01
3.435000000000000000e+03,2.963236272736978805e+01
3.436000000000000000e+03,2.918492736189810444e+01
3.437000000000000000e+03,2.867171165527584265e+01
3.438000000000000000e+03,2.777091168897596063e+01
3.439000000000000000e+03,2.766083629049537862e+01
3.440000000000000000e+03,2.710037895606372516e+01
3.441000000000000000e+03,2.676164613255834013e+01
3.442000000000000000e+03,2.613044116517776061e+01
3.443000000000000000e+03,2.561492042345303233e+01
3.444000000000000000e+03,2.498779854492466512e+01
3.445000000000000000e+03,2.448096397752510356e+01
3.446000000000000000e+03,2.367822543412768965e+01
3.447000000000000000e+03,2.325732551738272491e+01
3.448000000000000000e+03,2.244598244495122330e+01
3.449000000000000000e+03,2.191592649392907788e+01
3.450000000000000000e+03,2.135957611666819744e+01
3.451000000000000000e+03,2.105158649368956247e+01
3.452000000000000000e+03,1.967359337819759091e+01
3.453000000000000000e+03,1.931649880059488567e+01
3.454000000000000000e+03,1.872852892244418754e+01
3.455000000000000000e+03,1.809976585965983986e+01
3.456000000000000000e+03,1.754151209243839915e+01
3.457000000000000000e+03,1.722435898206513016e+01
3.458000000000000000e+03,1.680295187027214965e+01
3.459000000000000000e+03,1.646143414618723000e+01
3.460000000000000000e+03,1.557204335196892409e+01
3.461000000000000000e+03,1.535767987303007587e+01
3.462000000000000000e+03,1.455594024685090560e+01
3.463000000000000000e+03,1.409586336627549308e+01
3.464000000000000000e+03,1.383810683073457248e+01
3.465000000000000000e+03,1.328722736715707065e+01
3.466000000000000000e+03,1.314555091416717225e+01
3.467000000000000000e+03,1.284738334786465153e+01
3.468000000000000000e+03,1.238523621911889805e+01
3.469000000000000000e+03,1.207230004325240813e+01
3.470000000000000000e+03,1.167020013058228223e+01
3.471000000000000000e+03,1.120263202785379875e+01
3.472000000000000000e+03,1.119887638085300985e+01
3.473000000000000000e+03,1.094076309204008091e+01
3.474000000000000000e+03,1.089789441013097182e+01
3.475000000000000000e+03,1.042876877092873933e+01
3.476000000000000000e+03,9.823337590524729990e+00
3.477000000000000000e+03,1.016239668939706320e+01
3.478000000000000000e+03,9.604186036618850508e+00
3.479000000000000000e+03,9.773790522129139902e+00
3.480000000000000000e+03,9.334965462702243144e+00
3.481000000000000000e+03,9.115743586430278711e+00
3.482000000000000000e+03,8.965010090694921274e+00
3.483000000000000000e+03,9.163054913495425780e+00
3.484000000000000000e+03,9.269073148893038905e+00
3.485000000000000000e+03,8.899962839505050738e+00
3.486000000000000000e+03,8.669592874422832551e+00
3.487000000000000000e+03,8.509850860350960389e+00
3.488000000000000000e+03,8.393260569159913587e+00
3.489000000000000000e+03,8.579434064355913492e+00
3.490000000000000000e+03,8.634158744625667126e+00
3.491000000000000000e+03,8.248587393412323721e+00
3.492000000000000000e+03,8.046188694561454469e+00
3.493000000000000000e+03,8.168021583635679761e+00
3.494000000000000000e+03,8.271957863642727560e+00
3.495000000000000000e+03,8.059323965232268350e+00
3.496000000000000000e+03,7.628672098522769396e+00
3.497000000000000000e+03,7.911117516345066214e+00
3.498000000000000000e+03,7.800777388928544553e+00
3.499000000000000000e+03,7.828663144967697995e+00
3.500000000000000000e+03,7.671580582325828068e+00
3.501000000000000000e+03,7.847255589905218542e+00
3.502000000000000000e+03,7.634774560725575476e+00
3.503000000000000000e+03,7.146061955613154382e+00
3.504000000000000000e+03,7.465723529088893251e+00
3.505000000000000000e+03,7.836307099852597879e+00
3.506000000000000000e+03,7.348108079447876584e+00
3.507000000000000000e+03,7.442845376747693642e+00
3.508000000000000000e+03,7.502302053399347415e+00
3.509000000000000000e+03,7.437734111462406261e+00
3.510000000000000000e+03,7.141585721332464054e+00
3.511000000000000000e+03,7.163550656383729454e+00
3.512000000000000000e+03,7.296749805890394569e+00
3.513000000000000000e+03,7.009907996157672905e+00
3.514000000000000000e+03,7.313180073094275535e+00
3.515000000000000000e+03,7.197845428283144109e+00
3.516000000000000000e+03,7.189810242620126246e+00
3.517000000000000000e+03,6.998274737553896507e+00
3.518000000000000000e+03,7.315587627256692649e+00
3.519000000000000000e+03,7.430150376944702373e+00
3.520000000000000000e+03,7.269507559142395436e+00
3.521000000000000000e+03,7.326116741635055440e+00
3.522000000000000000e+03,7.178086707159169855e+00
3.523000000000000000e+03,7.162709630207760192e+00
3.524000000000000000e+03,7.271532549271530144e+00
3.525000000000000000e+03,6.865218705606001670e+00
3.526000000000000000e+03,7.346618166964530516e+00
3.527000000000000000e+03,6.939246348776621609e+00
3.528000000000000000e+03,7.054811528147060251e+00
3.529000000000000000e+03,7.158470611760514579e+00
3.530000000000000000e+03,7.024990582853538612e+00
3.531000000000000000e+03,7.165647165988325185e+00
3.532000000000000000e+03,7.205419674896173632e+00
3.533000000000000000e+03,7.260526027755353162e+00
3.534000000000000000e+03,6.847908394269409449e+00
3.535000000000000000e+03,7.272057434974339429e+00
3.536000000000000000e+03,7.152451868537410995e+00
3.537000000000000000e+03,7.124738680549216774e+00
3.538000000000000000e+03,6.944523430657791430e+00
3.539000000000000000e+03,7.290007237316053157e+00
3.540000000000000000e+03,7.335594827103205873e+00
3.541000000000000000e+03,7.273299455585741313e+00
3.542000000000000000e+03,7.320882987242406159e+00
3.543000000000000000e+03,7.436233471689299712e+00
3.544000000000000000e+03,7.226766982432861752e+00
3.545000000000000000e+03,7.122722063214967925e+00
3.546000000000000000e+03,7.430199752936464286e+00
3.547000000000000000e+03,7.679027490840889314e+00
3.548000000000000000e+03,7.430299788070949596e+00
3.549000000000000000e+03,7.691406032637612356e+00
3.550000000000000000e+03,7.410070877647751963e+00
3.551000000000000000e+03,7.787152614536459794e+00
3.552000000000000000e+03,7.728343908300311149e+00
3.553000000000000000e+03,7.564248980811076883e+00
3.554000000000000000e+03,7.636307251017104392e+00
3.555000000000000000e+03,7.587118558326617190e+00
3.556000000000000000e+03,7.458478111712656400e+00
3.557000000000000000e+03,7.794034901680372052e+00
3.558000000000000000e+03,7.687347157623775296e+00
3.559000000000000000e+03,7.807180690020027569e+00
3.560000000000000000e+03,7.681701864706847793e+00
3.561000000000000000e+03,7.430321403140545122e+00
3.562000000000000000e+03,7.834166654819229691e+00
3.563000000000000000e+03,7.948050548281484495e+00
3.564000000000000000e+03,7.662294288322496705e+00
3.565000000000000000e+03,7.737372382242119428e+00
3.566000000000000000e+03,7.615614937644187066e+00
3.567000000000000000e+03,7.684641165988839617e+00
3.568000000000000000e+03,7.865809575371016216e+00
3.569000000000000000e+03,7.738980719285540211e+00
3.570000000000000000e+03,7.558129409439050761e+00
3.571000000000000000e+03,7.498228808146733648e+00
3.572000000000000000e+03,7.772447213302446478e+00
3.573000000000000000e+03,7.613317004926223319e+00
3.574000000000000000e+03,7.805163063934533518e+00
3.575000000000000000e+03,7.618290994017774764e+00
3.576000000000000000e+03,7.454262674223963714e+00
3.577000000000000000e+03,7.500104133772763859e+00
3.578000000000000000e+03,7.561631896233776295e+00
3.579000000000000000e+03,7.757037609423167446e+00
3.580000000000000000e+03,7.147570272254407442e+00
3.581000000000000000e+03,7.484380154226149884e+00
3.582000000000000000e+03,7.393078549897959206e+00
3.583000000000000000e+03,7.575625079668028228e+00
3.584000000000000000e+03,7.489678636698569925e+00
3.585000000000000000e+03,7.749668709328556560e+00
3.586000000000000000e+03,7.466619279777391149e+00
3.587000000000000000e+03,7.568329625063232591e+00
3.588000000000000000e+03,7.533725190067279698e+00
3.589000000000000000e+03,7.690414956722010587e+00
3.590000000000000000e+03,7.702600611038232792e+00
3.591000000000000000e+03,7.435308907001739520e+00
3.592000000000000000e+03,7.551331131739331681e+00
3.593000000000000000e+03,7.436913573740527639e+00
3.594000000000000000e+03,7.684149927538830305e+00
3.595000000000000000e+03,7.804961096201456172e+00
3.596000000000000000e+03,7.392496170386130494e+00
3.597000000000000000e+03,7.691662281897007958e+00
3.598000000000000000e+03,7.816897294533788454e+00
3.599000000000000000e+03,7.403748006227136358e+00
3.600000000000000000e+03,6.238104624161422862e+00
3.601000000000000000e+03,6.165938344481457278e+00
3.602000000000000000e+03,6.059230301994243284e+00
3.603000000000000000e+03,6.052832880857156539e+00
3.604000000000000000e+03,6.154830827755608524e+00
3.605000000000000000e+03,6.435984645827059758e+00
3.606000000000000000e+03,6.194325581832718086e+00
3.607000000000000000e+03,6.081910858213205096e+00
3.608000000000000000e+03,6.041144182731469137e+00
3.609000000000000000e+03,6.169259963054633644e+00
3.610000000000000000e+03,6.018203925628978546e+00
3.611000000000000000e+03,6.078652946657546075e+00
3.612000000000000000e+03,5.971535478293102273e+00
3.613000000000000000e+03,5.900390074700997189e+00
3.614000000000000000e+03,5.955126803319527262e+00
3.615000000000000000e+03,5.974701113438660727e+00
3.616000000000000000e+03,6.093886826891171005e+00
3.617000000000000000e+03,6.002552017916626959e+00
3.618000000000000000e+03,5.907992094016831786e+00
3.619000000000000000e+03,5.929707243616372025e+00
3.620000000000000000e+03,6.040254926981788230e+00
3.621000000000000000e+03,6.188749997661608049e+00
3.622000000000000000e+03,6.033318748245432239e+00
3.623000000000000000e+03,6.158347421219583673e+00
3.624000000000000000e+03,5.911168428666417896e+00
3.625000000000000000e+03,6.009997346850001421e+00
3.626000000000000000e+03,6.096192109007961157e+00
3.627000000000000000e+03,6.060824007350685605e+00
3.628000000000000000e+03,5.948589511988950029e+00
3.629000000000000000e+03,5.901325066844584910e+00
3.630000000000000000e+03,5.978761156753011008e+00
3.631000000000000000e+03,6.083037853815742579e+00
3.632000000000000000e+03,6.082375388830606688e+00
3.633000000000000000e+03,5.977610952515319376e+00
3.634000000000000000e+03,5.901140694988677105e+00
3.635000000000000000e+03,5.949603972612673708e+00
3.636000000000000000e+03,6.061755274933243065e+00
3.637000000000000000e+03,6.095863293308754649e+00
3.638000000000000000e+03,6.008823989003071908e+00
3.639000000000000000e+03,5.910633360700544792e+00
3.640000000000000000e+03,5.925379902762853312e+00
3.641000000000000000e+03,6.034427659466043536e+00
3.642000000000000000e+03,6.099967430718976402e+00
3.643000000000000000e+03,6.039173271966943091e+00
3.644000000000000000e+03,5.928873855721071173e+00
3.645000000000000000e+03,5.908460167939336039e+00
3.646000000000000000e+03,6.062666071680443913e+00
3.647000000000000000e+03,6.094286059496377028e+00
3.648000000000000000e+03,6.065688002134375090e+00
3.649000000000000000e+03,5.954076673308546397e+00
3.650000000000000000e+03,5.900500989673465035e+00
3.651000000000000000e+03,5.972667269353422625e+00
3.652000000000000000e+03,6.258802554834991483e+00
3.653000000000000000e+03,6.265199975972032931e+00
3.654000000000000000e+03,6.163202029073585386e+00
3.655000000000000000e+03,6.081708710783011895e+00
3.656000000000000000e+03,5.835843432218802640e+00
3.657000000000000000e+03,6.243765550469261072e+00
3.658000000000000000e+03,6.539666536700800670e+00
3.659000000000000000e+03,6.194488378830514286e+00
3.660000000000000000e+03,6.093054559676134296e+00
3.661000000000000000e+03,6.100774296336744840e+00
3.662000000000000000e+03,6.207891764701185089e+00
3.663000000000000000e+03,6.279037168293298166e+00
3.664000000000000000e+03,6.224300439674776975e+00
3.665000000000000000e+03,6.112855168606353473e+00
3.666000000000000000e+03,5.863481646093845256e+00
3.667000000000000000e+03,6.176875225077659515e+00
3.668000000000000000e+03,6.271435148977460905e+00
3.669000000000000000e+03,6.249719999377930435e+00
3.670000000000000000e+03,6.139172316012516895e+00
3.671000000000000000e+03,5.921101663128362169e+00
3.672000000000000000e+03,6.146108494748855122e+00
3.673000000000000000e+03,6.254826754767240260e+00
3.674000000000000000e+03,6.422838310162418018e+00
3.675000000000000000e+03,6.169429896144303704e+00
3.676000000000000000e+03,6.226730439004438900e+00
3.677000000000000000e+03,6.262098540661704682e+00
3.678000000000000000e+03,6.374333036023439369e+00
3.679000000000000000e+03,6.421597481167813370e+00
3.680000000000000000e+03,6.025380704725476377e+00
3.681000000000000000e+03,5.999782446904839084e+00
3.682000000000000000e+03,6.061119916187489132e+00
3.683000000000000000e+03,6.126516256371308700e+00
3.684000000000000000e+03,6.242354610029422268e+00
3.685000000000000000e+03,6.193891332405435435e+00
3.686000000000000000e+03,6.081740030084865190e+00
3.687000000000000000e+03,6.047632011709343836e+00
3.688000000000000000e+03,6.134671316015020359e+00
3.689000000000000000e+03,6.232861944317551917e+00
3.690000000000000000e+03,6.218115402255254054e+00
3.691000000000000000e+03,6.109067645552065606e+00
3.692000000000000000e+03,6.043527874299124747e+00
3.693000000000000000e+03,6.104322033051233554e+00
3.694000000000000000e+03,6.214621449297023759e+00
3.695000000000000000e+03,6.235035137078768663e+00
3.696000000000000000e+03,6.139765280199491748e+00
3.697000000000000000e+03,6.049209245521726785e+00
3.698000000000000000e+03,6.396192110270111364e+00
3.699000000000000000e+03,6.189418631709546759e+00
3.700000000000000000e+03,6.242994315344637002e+00
3.701000000000000000e+03,6.170828035664687405e+00
3.702000000000000000e+03,5.817143030426168870e+00
3.703000000000000000e+03,5.810745609289163838e+00
3.704000000000000000e+03,5.912743556187560756e+00
3.705000000000000000e+03,5.914809093211953694e+00
3.706000000000000000e+03,5.808743005246602031e+00
3.707000000000000000e+03,5.696328281627088153e+00
3.708000000000000000e+03,5.414431514967721348e+00
3.709000000000000000e+03,5.796987183482957384e+00
3.710000000000000000e+03,5.898421002637342703e+00
3.711000000000000000e+03,5.801431647251607870e+00
3.712000000000000000e+03,5.694314178887171174e+00
3.713000000000000000e+03,5.623168775295042110e+00
3.714000000000000000e+03,5.677905503913562413e+00
3.715000000000000000e+03,5.789350774981986802e+00
3.716000000000000000e+03,5.816665527485228360e+00
3.717000000000000000e+03,5.725330718510696748e+00
3.718000000000000000e+03,5.630770794610890029e+00
3.719000000000000000e+03,5.652485944210410729e+00
3.720000000000000000e+03,5.763033627575822493e+00
3.721000000000000000e+03,5.822709110954723322e+00
3.722000000000000000e+03,5.756097448839500252e+00
3.723000000000000000e+03,5.647379188821112450e+00
3.724000000000000000e+03,5.633947129260501896e+00
3.725000000000000000e+03,5.732776047444033907e+00
3.726000000000000000e+03,5.844788941163577611e+00
3.727000000000000000e+03,5.809420839506321599e+00
3.728000000000000000e+03,5.697186344144586911e+00
3.729000000000000000e+03,5.239261164231010959e+00
3.730000000000000000e+03,5.660938201384521307e+00
3.731000000000000000e+03,5.574268650680195059e+00
3.732000000000000000e+03,5.796347454205751148e+00
3.733000000000000000e+03,5.691583017890383012e+00
3.734000000000000000e+03,5.615112760363800248e+00
3.735000000000000000e+03,5.663576037987792411e+00
3.736000000000000000e+03,5.775727340308362656e+00
3.737000000000000000e+03,5.809835358683893780e+00
3.738000000000000000e+03,5.427422021141193653e+00
3.739000000000000000e+03,5.565580144005259022e+00
3.740000000000000000e+03,5.290685068561450599e+00
3.741000000000000000e+03,5.778644061495866957e+00
3.742000000000000000e+03,5.844183832748816698e+00
3.743000000000000000e+03,5.783389673996716773e+00
3.744000000000000000e+03,5.673090257750860843e+00
3.745000000000000000e+03,5.652676569969168341e+00
3.746000000000000000e+03,5.747946426848440815e+00
3.747000000000000000e+03,5.838502461526211107e+00
3.748000000000000000e+03,5.809904404164229597e+00
3.749000000000000000e+03,5.698293075338402680e+00
3.750000000000000000e+03,5.644717391703303555e+00
3.751000000000000000e+03,5.716883671383245158e+00
3.752000000000000000e+03,6.069103945922326382e+00
3.753000000000000000e+03,5.829989135007539680e+00
3.754000000000000000e+03,5.976534703198885801e+00
3.755000000000000000e+03,5.566281189454673317e+00
3.756000000000000000e+03,5.662678302470418146e+00
3.757000000000000000e+03,5.470848238235633154e+00
3.758000000000000000e+03,5.813199686870137661e+00
3.759000000000000000e+03,6.015061135836236694e+00
3.760000000000000000e+03,5.913627316681847823e+00
3.761000000000000000e+03,5.921347053342437050e+00
3.762000000000000000e+03,6.028464521706871082e+00
3.763000000000000000e+03,6.099609925299008140e+00
3.764000000000000000e+03,6.044873196680415894e+00
3.765000000000000000e+03,5.933427925612070553e+00
3.766000000000000000e+03,5.906113173108819225e+00
3.767000000000000000e+03,5.997447982083345508e+00
3.768000000000000000e+03,6.092007905983157556e+00
3.769000000000000000e+03,6.070292756383646626e+00
3.770000000000000000e+03,5.959745073018236639e+00
3.771000000000000000e+03,6.210718346595322181e+00
3.772000000000000000e+03,6.277330008710536369e+00
3.773000000000000000e+03,6.044840213374204296e+00
3.774000000000000000e+03,6.399480328289547160e+00
3.775000000000000000e+03,6.463067616744549326e+00
3.776000000000000000e+03,6.214456647948040313e+00
3.777000000000000000e+03,5.923881976169421471e+00
3.778000000000000000e+03,6.362059244967020355e+00
3.779000000000000000e+03,6.409323690111413896e+00
3.780000000000000000e+03,6.469677486845322179e+00
3.781000000000000000e+03,6.227610903140266885e+00
3.782000000000000000e+03,6.228273368125371690e+00
3.783000000000000000e+03,6.333037804440736274e+00
3.784000000000000000e+03,6.409508061967327031e+00
3.785000000000000000e+03,6.361044784343265590e+00
3.786000000000000000e+03,6.567141802328522182e+00
3.787000000000000000e+03,6.214785463647231722e+00
3.788000000000000000e+03,6.261136557848744566e+00
3.789000000000000000e+03,6.400015396255437139e+00
3.790000000000000000e+03,6.385268854193159704e+00
3.791000000000000000e+03,6.276221097489976586e+00
3.792000000000000000e+03,6.210681326237017963e+00
3.793000000000000000e+03,6.271475484989109894e+00
3.794000000000000000e+03,6.381774901234967601e+00
3.795000000000000000e+03,6.402188589016632569e+00
3.796000000000000000e+03,6.306918732137402728e+00
3.797000000000000000e+03,6.216362697459626219e+00
3.798000000000000000e+03,6.244960754821598847e+00
3.799000000000000000e+03,6.356572083647423987e+00
3.800000000000000000e+03,6.269928590375037025e+00
3.801000000000000000e+03,6.027332730646604020e+00
3.802000000000000000e+03,5.920624688159320748e+00
3.803000000000000000e+03,5.914227267022296175e+00
3.804000000000000000e+03,6.016225213920773918e+00
3.805000000000000000e+03,5.760298606527987531e+00
3.806000000000000000e+03,6.055719967997859499e+00
3.807000000000000000e+03,5.943305244378345620e+00
3.808000000000000000e+03,5.902538568896572357e+00
3.809000000000000000e+03,5.984938864163754424e+00
3.810000000000000000e+03,6.086372683318147736e+00
3.811000000000000000e+03,6.078652946657568279e+00
3.812000000000000000e+03,5.971535478293136912e+00
3.813000000000000000e+03,5.900390074700991860e+00
3.814000000000000000e+03,6.228644102696738294e+00
3.815000000000000000e+03,6.340089373765152025e+00
3.816000000000000000e+03,6.367404126268345621e+00
3.817000000000000000e+03,6.276069317293826444e+00
3.818000000000000000e+03,6.181509393394008178e+00
3.819000000000000000e+03,5.914783499205412909e+00
3.820000000000000000e+03,6.436208238742913146e+00
3.821000000000000000e+03,6.373447709737834366e+00
3.822000000000000000e+03,6.103701378818854550e+00
3.823000000000000000e+03,6.482919345544107870e+00
3.824000000000000000e+03,6.383483596759178091e+00
3.825000000000000000e+03,6.283514646227217781e+00
3.826000000000000000e+03,6.369709408385113569e+00
3.827000000000000000e+03,6.334341306727877097e+00
3.828000000000000000e+03,6.222106811366143297e+00
3.829000000000000000e+03,6.505717094289560798e+00
3.830000000000000000e+03,6.252278456130137663e+00
3.831000000000000000e+03,6.356555153192884333e+00
3.832000000000000000e+03,6.355892688207790187e+00
3.833000000000000000e+03,5.959247662834165737e+00
3.834000000000000000e+03,6.174657994365831293e+00
3.835000000000000000e+03,6.223121271989882963e+00
3.836000000000000000e+03,6.335272574310447879e+00
3.837000000000000000e+03,6.369380592685926601e+00
3.838000000000000000e+03,6.282341288380270505e+00
3.839000000000000000e+03,6.184150660077722961e+00
3.840000000000000000e+03,6.198897202139990625e+00
3.841000000000000000e+03,6.307944958843171968e+00
3.842000000000000000e+03,6.373484730096137696e+00
3.843000000000000000e+03,6.626693112703210709e+00
3.844000000000000000e+03,5.928873855721032982e+00
3.845000000000000000e+03,5.908460167939357355e+00
3.846000000000000000e+03,5.850610949140151007e+00
3.847000000000000000e+03,6.381813820323250397e+00
3.848000000000000000e+03,6.353215762961288426e+00
3.849000000000000000e+03,6.241604434135464174e+00
3.850000000000000000e+03,6.188028750500347286e+00
3.851000000000000000e+03,6.260195030180273790e+00
3.852000000000000000e+03,6.366903072667558838e+00
3.853000000000000000e+03,6.024713053721320932e+00
3.854000000000000000e+03,6.460652786969479422e+00
3.855000000000000000e+03,6.189809228615589909e+00
3.856000000000000000e+03,6.231807792829093806e+00
3.857000000000000000e+03,6.344222516448532190e+00
3.858000000000000000e+03,6.384989191930315222e+00
3.859000000000000000e+03,6.302588896663140261e+00
3.860000000000000000e+03,6.201155077508742508e+00
3.861000000000000000e+03,6.208874814169312195e+00
3.862000000000000000e+03,6.315992282533740010e+00
3.863000000000000000e+03,6.387137686125893055e+00
3.864000000000000000e+03,6.332400957507317685e+00
3.865000000000000000e+03,6.220955686438902177e+00
3.866000000000000000e+03,5.936115800753078986e+00
3.867000000000000000e+03,6.284975742910212659e+00
3.868000000000000000e+03,6.379535666810036254e+00
3.869000000000000000e+03,6.224528937785106741e+00
3.870000000000000000e+03,6.247272833845139317e+00
3.871000000000000000e+03,6.187597350466212731e+00
3.872000000000000000e+03,6.254209012581410931e+00
3.873000000000000000e+03,6.362927272599805839e+00
3.874000000000000000e+03,6.376359332160447480e+00
3.875000000000000000e+03,6.277530413976839085e+00
3.876000000000000000e+03,5.891247141564702972e+00
3.877000000000000000e+03,5.769560606382172274e+00
3.878000000000000000e+03,5.881795101743905185e+00
3.879000000000000000e+03,5.929059546888316490e+00
3.880000000000000000e+03,5.851623456979927695e+00
3.881000000000000000e+03,6.064082110735296460e+00
3.882000000000000000e+03,5.748009224902261849e+00
3.883000000000000000e+03,5.852773661217618439e+00
3.884000000000000000e+03,5.929243918744224295e+00
3.885000000000000000e+03,5.880780641120181507e+00
3.886000000000000000e+03,5.768629338799615702e+00
3.887000000000000000e+03,6.023416293561535184e+00
3.888000000000000000e+03,6.110455597867159305e+00
3.889000000000000000e+03,6.208646226169711291e+00
3.890000000000000000e+03,6.193899684107453396e+00
3.891000000000000000e+03,6.084851927404275607e+00
3.892000000000000000e+03,6.019312156151300996e+00
3.893000000000000000e+03,6.080106314903375164e+00
3.894000000000000000e+03,6.190405731149237312e+00
3.895000000000000000e+03,5.910113731830167971e+00
3.896000000000000000e+03,6.115549562051612043e+00
3.897000000000000000e+03,6.024993527373884383e+00
3.898000000000000000e+03,6.053591584735866782e+00
3.899000000000000000e+03,6.165202913561690146e+00
3.900000000000000000e+03,6.218778597196815916e+00
3.901000000000000000e+03,6.146612317516897406e+00
3.902000000000000000e+03,6.039904275029608804e+00
3.903000000000000000e+03,5.955934190537313100e+00
3.904000000000000000e+03,6.050930989165282270e+00
3.905000000000000000e+03,6.476416173075410398e+00
3.906000000000000000e+03,6.490557133776478693e+00
3.907000000000000000e+03,6.147626405889917933e+00
3.908000000000000000e+03,6.106859730408200626e+00
3.909000000000000000e+03,6.189260025675368482e+00
3.910000000000000000e+03,6.290693844829770676e+00
3.911000000000000000e+03,6.282974108169211647e+00
3.912000000000000000e+03,6.175856639804786496e+00
3.913000000000000000e+03,6.104711236212625458e+00
3.914000000000000000e+03,5.838263864184785490e+00
3.915000000000000000e+03,6.252011579533336416e+00
3.916000000000000000e+03,6.028041964704288880e+00
3.917000000000000000e+03,5.852457328701683892e+00
3.918000000000000000e+03,5.757897404801945562e+00
3.919000000000000000e+03,5.779612554401426294e+00
3.920000000000000000e+03,5.890160237766830065e+00
3.921000000000000000e+03,5.949835721145765532e+00
3.922000000000000000e+03,5.883224059030576214e+00
3.923000000000000000e+03,5.774505799012177754e+00
3.924000000000000000e+03,5.761073739451526343e+00
3.925000000000000000e+03,5.859902657635129408e+00
3.926000000000000000e+03,5.950890817048867909e+00
3.927000000000000000e+03,5.910729318135749644e+00
3.928000000000000000e+03,5.798494822774089563e+00
3.929000000000000000e+03,5.751230377629668489e+00
3.930000000000000000e+03,5.828666467538050178e+00
3.931000000000000000e+03,5.932943164600804842e+00
3.932000000000000000e+03,5.932280699615730235e+00
3.933000000000000000e+03,5.820352626740059598e+00
3.934000000000000000e+03,5.835619817399514631e+00
3.935000000000000000e+03,5.884083095023548537e+00
3.936000000000000000e+03,5.996234397344114342e+00
3.937000000000000000e+03,6.030342415719586846e+00
3.938000000000000000e+03,5.943303111413878348e+00
3.939000000000000000e+03,5.845112483111412516e+00
3.940000000000000000e+03,5.859859025173659752e+00
3.941000000000000000e+03,5.792311652498744579e+00
3.942000000000000000e+03,5.996461191040107330e+00
3.943000000000000000e+03,5.637160470983181959e+00
3.944000000000000000e+03,5.578471933724876486e+00
3.945000000000000000e+03,5.553626031146894348e+00
3.946000000000000000e+03,5.606986027309086573e+00
3.947000000000000000e+03,6.088133803868214677e+00
3.948000000000000000e+03,6.144159605411909197e+00
3.949000000000000000e+03,5.706363597215768912e+00
3.950000000000000000e+03,5.652787913580634260e+00
3.951000000000000000e+03,6.051492559499695112e+00
3.952000000000000000e+03,5.831662235747836931e+00
3.953000000000000000e+03,5.838059656884892590e+00
3.954000000000000000e+03,5.455743262054570941e+00
3.955000000000000000e+03,5.654568391695883101e+00
3.956000000000000000e+03,5.696566955909367458e+00
3.957000000000000000e+03,5.808981679528881337e+00
3.958000000000000000e+03,5.849748355010587986e+00
3.959000000000000000e+03,5.767348059743446775e+00
3.960000000000000000e+03,5.665914240589040141e+00
3.961000000000000000e+03,5.345510838167212064e+00
3.962000000000000000e+03,5.780751445614010997e+00
3.963000000000000000e+03,5.851896849206180029e+00
3.964000000000000000e+03,5.797160120587622423e+00
3.965000000000000000e+03,5.685714849519205139e+00
3.966000000000000000e+03,5.699893904065326034e+00
3.967000000000000000e+03,5.749734905990574241e+00
3.968000000000000000e+03,5.844294829890353427e+00
3.969000000000000000e+03,5.822579680290847826e+00
3.970000000000000000e+03,5.862417919589606896e+00
3.971000000000000000e+03,5.802742436210663435e+00
3.972000000000000000e+03,5.869354098325843871e+00
3.973000000000000000e+03,5.978072358344244996e+00
3.974000000000000000e+03,5.991504417904906177e+00
3.975000000000000000e+03,5.587899408431720616e+00
3.976000000000000000e+03,6.054193813656193690e+00
3.977000000000000000e+03,6.081216832334348510e+00
3.978000000000000000e+03,6.201796410675235016e+00
3.979000000000000000e+03,6.249060855819586813e+00
3.980000000000000000e+03,6.171624765911213117e+00
3.981000000000000000e+03,6.045238618596624924e+00
3.982000000000000000e+03,6.068010533833518849e+00
3.983000000000000000e+03,6.172774970148868334e+00
3.984000000000000000e+03,6.249245227675489289e+00
3.985000000000000000e+03,6.200781950051464264e+00
3.986000000000000000e+03,5.836389981817371897e+00
3.987000000000000000e+03,5.802281963441889623e+00
3.988000000000000000e+03,5.947631585109662389e+00
3.989000000000000000e+03,5.987511896050103921e+00
3.990000000000000000e+03,5.972765353987825598e+00
3.991000000000000000e+03,5.863717597284652250e+00
3.992000000000000000e+03,5.798177826031660764e+00
3.993000000000000000e+03,5.858971984783718057e+00
3.994000000000000000e+03,5.969271401029583757e+00
3.995000000000000000e+03,5.791307300452230855e+00
3.996000000000000000e+03,5.771592609666754470e+00
3.997000000000000000e+03,6.026693693579870725e+00
3.998000000000000000e+03,5.832457254616281617e+00
3.999000000000000000e+03,5.646910502264418596e+00
4.000000000000000000e+03,6.134523077809416414e+00
4.001000000000000000e+03,5.910864926791494334e+00
4.002000000000000000e+03,5.804156884304198627e+00
4.003000000000000000e+03,5.797759463167133198e+00
4.004000000000000000e+03,5.899757410065594065e+00
4.005000000000000000e+03,5.981250728356145352e+00
4.006000000000000000e+03,5.939252164142669876e+00
4.007000000000000000e+03,5.612765054249916119e+00
4.008000000000000000e+03,6.024369843122833856e+00
4.009000000000000000e+03,6.106770138390057667e+00
4.010000000000000000e+03,6.208203957544379037e+00
4.011000000000000000e+03,6.200484220883839548e+00
4.012000000000000000e+03,6.093366752519421503e+00
4.013000000000000000e+03,6.022221348927244478e+00
4.014000000000000000e+03,6.076958077545793202e+00
4.015000000000000000e+03,6.014455868071112654e+00
4.016000000000000000e+03,6.467958767030939526e+00
4.017000000000000000e+03,6.535363809587690476e+00
4.018000000000000000e+03,6.282064034156599419e+00
4.019000000000000000e+03,6.303779183756160087e+00
4.020000000000000000e+03,6.414326867121496356e+00
4.021000000000000000e+03,6.197481377760293064e+00
4.022000000000000000e+03,6.015148421053896577e+00
4.023000000000000000e+03,5.906430161035493676e+00
4.024000000000000000e+03,5.892998101474821837e+00
4.025000000000000000e+03,5.895524610374308416e+00
4.026000000000000000e+03,5.981719372532255719e+00
4.027000000000000000e+03,5.946351270874960626e+00
4.028000000000000000e+03,5.834116775513224162e+00
4.029000000000000000e+03,5.786852330368877695e+00
4.030000000000000000e+03,5.846111718684590564e+00
4.031000000000000000e+03,5.982722292187802715e+00
4.032000000000000000e+03,5.832129790296556315e+00
4.033000000000000000e+03,5.672989160972750966e+00
4.034000000000000000e+03,5.650895096454582323e+00
4.035000000000000000e+03,5.699358374078597578e+00
4.036000000000000000e+03,5.811509676399165159e+00
4.037000000000000000e+03,5.952822810030841794e+00
4.038000000000000000e+03,5.520279312387568638e+00
4.039000000000000000e+03,5.422088684085051291e+00
4.040000000000000000e+03,5.436835226147318956e+00
4.041000000000000000e+03,5.662438696040998920e+00
4.042000000000000000e+03,5.611422754103489119e+00
4.043000000000000000e+03,5.550628595351440708e+00
4.044000000000000000e+03,5.440329179105573232e+00
4.045000000000000000e+03,5.322789075834140071e+00
4.046000000000000000e+03,5.418058932713433862e+00
4.047000000000000000e+03,5.508614967391180173e+00
4.048000000000000000e+03,5.168792142623368058e+00
4.049000000000000000e+03,5.368405581203327337e+00
4.050000000000000000e+03,5.372824338593762405e+00
4.051000000000000000e+03,5.532151138975232918e+00
4.052000000000000000e+03,5.885946487066826549e+00
4.053000000000000000e+03,5.892343908203903524e+00
4.054000000000000000e+03,5.556860646578271279e+00
4.055000000000000000e+03,5.805155052298994534e+00
4.056000000000000000e+03,5.847153616512460239e+00
4.057000000000000000e+03,5.959568340131974118e+00
4.058000000000000000e+03,6.000335015613699419e+00
4.059000000000000000e+03,5.917934720346482713e+00
4.060000000000000000e+03,5.816500901192111606e+00
4.061000000000000000e+03,5.824220637852685734e+00
4.062000000000000000e+03,5.931338106217101114e+00
4.063000000000000000e+03,6.002483509809286133e+00
4.064000000000000000e+03,6.091115691188414338e+00
4.065000000000000000e+03,6.021980576101395144e+00
4.066000000000000000e+03,5.808986757619114094e+00
4.067000000000000000e+03,5.900321566593664357e+00
4.068000000000000000e+03,5.994881490493454201e+00
4.069000000000000000e+03,5.891399739539876279e+00
4.070000000000000000e+03,6.070624664054644626e+00
4.071000000000000000e+03,6.010949180675766890e+00
4.072000000000000000e+03,6.077560842790931339e+00
4.073000000000000000e+03,6.003935394599317910e+00
4.074000000000000000e+03,5.950726628429179321e+00
4.075000000000000000e+03,6.198008659676148113e+00
4.076000000000000000e+03,6.111813897518194594e+00
4.077000000000000000e+03,6.204658154814929105e+00
4.078000000000000000e+03,6.259416494537215492e+00
4.079000000000000000e+03,6.306680939681571729e+00
4.080000000000000000e+03,6.229244849773138526e+00
4.081000000000000000e+03,6.124968152710461133e+00
4.082000000000000000e+03,6.125630617695504654e+00
4.083000000000000000e+03,6.230395054010847034e+00
4.084000000000000000e+03,6.306865311537482199e+00
4.085000000000000000e+03,6.258402033913476714e+00
4.086000000000000000e+03,5.874986477749726710e+00
4.087000000000000000e+03,6.112142713217406431e+00
4.088000000000000000e+03,6.335173717839660767e+00
4.089000000000000000e+03,6.297372645825618065e+00
4.090000000000000000e+03,6.282626103763299774e+00
4.091000000000000000e+03,6.173578347060191263e+00
4.092000000000000000e+03,6.108038575807183790e+00
4.093000000000000000e+03,6.168832734559223319e+00
4.094000000000000000e+03,6.279132150805093460e+00
4.095000000000000000e+03,6.299545838586818824e+00
4.096000000000000000e+03,6.204275981707530363e+00
4.097000000000000000e+03,6.113719947029778723e+00
4.098000000000000000e+03,6.487341329978887572e+00
4.099000000000000000e+03,6.045923326691461597e+00
4.100000000000000000e+03,6.099499010326534076e+00
4.101000000000000000e+03,6.027332730646568493e+00
4.102000000000000000e+03,5.920624688159354498e+00
4.103000000000000000e+03,5.914227267022267753e+00
4.104000000000000000e+03,6.016225213920719739e+00
4.105000000000000000e+03,6.097718532211286124e+00
4.106000000000000000e+03,6.055719967997829301e+00
4.107000000000000000e+03,5.943305244378316310e+00
4.108000000000000000e+03,5.902538568896580351e+00
4.109000000000000000e+03,5.984938864163790839e+00
4.110000000000000000e+03,6.086372683318166388e+00
4.111000000000000000e+03,6.078652946657546075e+00
4.112000000000000000e+03,5.971535478293189314e+00
4.113000000000000000e+03,5.663928710902555785e+00
4.114000000000000000e+03,5.955126803319527262e+00
4.115000000000000000e+03,6.066572074387948987e+00
4.116000000000000000e+03,6.093886826891171005e+00
4.117000000000000000e+03,6.001084296491947967e+00
4.118000000000000000e+03,5.906524372592151906e+00
4.119000000000000000e+03,6.225737519345522664e+00
4.120000000000000000e+03,6.336285202710938869e+00
4.121000000000000000e+03,6.395960686089821934e+00
4.122000000000000000e+03,6.329349023974669031e+00
4.123000000000000000e+03,6.220630763956259912e+00
4.124000000000000000e+03,6.207198704395568534e+00
4.125000000000000000e+03,6.306027622579152059e+00
4.126000000000000000e+03,6.392222384737111796e+00
4.127000000000000000e+03,6.356854283079836243e+00
4.128000000000000000e+03,6.244619787718100667e+00
4.129000000000000000e+03,6.197355342573735548e+00
4.130000000000000000e+03,6.274791432482161646e+00
4.131000000000000000e+03,6.379068129544893218e+00
4.132000000000000000e+03,6.378405664559809729e+00
4.133000000000000000e+03,6.273641228244470902e+00
4.134000000000000000e+03,6.197170970717827743e+00
4.135000000000000000e+03,6.245634248341824346e+00
4.136000000000000000e+03,6.357785550662393703e+00
4.137000000000000000e+03,6.391893569037905287e+00
4.138000000000000000e+03,6.304854264732222546e+00
4.139000000000000000e+03,6.206663636429695430e+00
4.140000000000000000e+03,6.221410178492003951e+00
4.141000000000000000e+03,6.330457935195194175e+00
4.142000000000000000e+03,6.395997706448125264e+00
4.143000000000000000e+03,6.335203547696093729e+00
4.144000000000000000e+03,6.224904131450221811e+00
4.145000000000000000e+03,6.204490443668486677e+00
4.146000000000000000e+03,6.018646727749046299e+00
4.147000000000000000e+03,6.716891691090375538e+00
4.148000000000000000e+03,6.309062041604472704e+00
4.149000000000000000e+03,5.954076673308546397e+00
4.150000000000000000e+03,5.900500989673465035e+00
4.151000000000000000e+03,5.972667269353422625e+00
4.152000000000000000e+03,6.368407651464056407e+00
4.153000000000000000e+03,5.777366681484716437e+00
4.154000000000000000e+03,6.096107650938967559e+00
4.155000000000000000e+03,6.014614332648394068e+00
4.156000000000000000e+03,6.056612896861841122e+00
4.157000000000000000e+03,6.459116293749439741e+00
4.158000000000000000e+03,6.209794295963099842e+00
4.159000000000000000e+03,6.127394000695897347e+00
4.160000000000000000e+03,6.025960181541516469e+00
4.161000000000000000e+03,6.033679918202127013e+00
4.162000000000000000e+03,6.140797386566567262e+00
4.163000000000000000e+03,5.988345205790928993e+00
4.164000000000000000e+03,6.483392913127700830e+00
4.165000000000000000e+03,6.045760790471735646e+00
4.166000000000000000e+03,6.018446037968503859e+00
4.167000000000000000e+03,6.109780846943041688e+00
4.168000000000000000e+03,6.204340770842843078e+00
4.169000000000000000e+03,6.182625621243312608e+00
4.170000000000000000e+03,6.072077937877899068e+00
4.171000000000000000e+03,6.012402454499007121e+00
4.172000000000000000e+03,6.079014116614237295e+00
4.173000000000000000e+03,6.187732376632562925e+00
4.174000000000000000e+03,5.998516688764966354e+00
4.175000000000000000e+03,6.102335518009686766e+00
4.176000000000000000e+03,6.300255756846635080e+00
4.177000000000000000e+03,6.335623858503899974e+00
4.178000000000000000e+03,6.447858353865635550e+00
4.179000000000000000e+03,6.495122799010009551e+00
4.180000000000000000e+03,6.414129086165585747e+00
4.181000000000000000e+03,6.309852389102850623e+00
4.182000000000000000e+03,6.310514854087975856e+00
4.183000000000000000e+03,6.423826616657364319e+00
4.184000000000000000e+03,6.379416683070230576e+00
4.185000000000000000e+03,6.330953405446243742e+00
4.186000000000000000e+03,6.218802103125673497e+00
4.187000000000000000e+03,6.184694084750152143e+00
4.188000000000000000e+03,6.271733389055828667e+00
4.189000000000000000e+03,6.369924017358360224e+00
4.190000000000000000e+03,6.355177475296062362e+00
4.191000000000000000e+03,6.246129718592873914e+00
4.192000000000000000e+03,6.180589947339933055e+00
4.193000000000000000e+03,6.241384106091957484e+00
4.194000000000000000e+03,6.351683522337831178e+00
4.195000000000000000e+03,6.372097210119576971e+00
4.196000000000000000e+03,6.276827353240300056e+00
4.197000000000000000e+03,6.186271318562535093e+00
4.198000000000000000e+03,6.407320351318978702e+00
4.199000000000000000e+03,6.239037066847861190e+00
