0.000000000000000000e+00,-2.739550841184625884e-01
1.000000000000000000e+00,-3.698198743714715686e-01
2.000000000000000000e+00,-2.178656804142063141e-01
3.000000000000000000e+00,-7.340226577505956640e-02
4.000000000000000000e+00,-2.564825461067484769e-01
5.000000000000000000e+00,-4.301802959569369644e-01
6.000000000000000000e+00,-3.955198648818875617e-01
7.000000000000000000e+00,-2.747028359168445233e-01
8.000000000000000000e+00,-3.457999869637682910e-01
9.000000000000000000e+00,-4.996786593609368610e-01
1.000000000000000000e+01,-4.644908644273758047e-01
1.100000000000000000e+01,-3.085562886131009153e-01
1.200000000000000000e+01,-2.477157439830693364e-01
1.300000000000000000e+01,-4.923728619286602548e-01
1.400000000000000000e+01,-3.428584403904891276e-01
1.500000000000000000e+01,-6.089833956818798688e-01
1.600000000000000000e+01,-4.060308872244979828e-01
1.700000000000000000e+01,-3.694118395727741255e-01
1.800000000000000000e+01,-5.063024477463645701e-02
1.900000000000000000e+01,-7.439005251123664841e-02
2.000000000000000000e+01,-6.157266150626226064e-01
2.100000000000000000e+01,-1.121068096721369173e-01
2.200000000000000000e+01,-2.605447877266262383e-02
2.300000000000000000e+01,-1.416407223800822054e-02
2.400000000000000000e+01,2.489560293850668349e-01
2.500000000000000000e+01,-2.392753740949794539e-01
2.600000000000000000e+01,-1.714480876230765061e-01
2.700000000000000000e+01,1.549066008151397944e-01
2.800000000000000000e+01,9.952820178399832129e-02
2.900000000000000000e+01,-1.410734441170000686e-01
3.000000000000000000e+01,-1.915320391177630366e-01
3.100000000000000000e+01,-1.195238578180586181e-01
3.200000000000000000e+01,1.047740228925373232e-02
3.300000000000000000e+01,-7.515520232183023341e-02
3.400000000000000000e+01,-3.892983827721369083e-02
3.500000000000000000e+01,-4.262304944385089667e-02
3.600000000000000000e+01,-2.717149649091348679e-03
3.700000000000000000e+01,6.882923332666225635e-02
3.800000000000000000e+01,-1.460378963803952157e-01
3.900000000000000000e+01,1.656791191214562198e-01
4.000000000000000000e+01,-5.293815352749221131e-02
4.100000000000000000e+01,-3.628268727180187225e-01
4.200000000000000000e+01,2.969938066471801766e-02
4.300000000000000000e+01,8.308371919236115510e-02
4.400000000000000000e+01,-3.838034278203198563e-02
4.500000000000000000e+01,-1.012435622406104990e-01
4.600000000000000000e+01,-1.468085509359789986e-02
4.700000000000000000e+01,1.928070397541158110e-02
4.800000000000000000e+01,-2.535829201928727072e-01
4.900000000000000000e+01,-2.275478360406291423e-01
5.000000000000000000e+01,-7.869463166520157538e-02
5.100000000000000000e+01,-3.220201687212392860e-01
5.200000000000000000e+01,-1.172252779613560392e-01
5.300000000000000000e+01,-1.651133966104824102e-01
5.400000000000000000e+01,-1.028499352444414427e-01
5.500000000000000000e+01,-2.879420308417451335e-01
5.600000000000000000e+01,-1.625037131853511452e-01
5.700000000000000000e+01,8.532241752304381421e-03
5.800000000000000000e+01,-4.082536493608186490e-01
5.900000000000000000e+01,-4.946497939061472726e-02
6.000000000000000000e+01,-2.477194543369236890e-01
6.100000000000000000e+01,-5.503016187114022628e-01
6.200000000000000000e+01,-2.274414108858253958e-01
6.300000000000000000e+01,-2.712528179487597169e-02
6.400000000000000000e+01,-1.525043113686258001e-01
6.500000000000000000e+01,-3.276059526060146609e-01
6.600000000000000000e+01,-2.707667049044560348e-01
6.700000000000000000e+01,-2.035560602723484047e-01
6.800000000000000000e+01,-1.067443965074095641e-01
6.900000000000000000e+01,-1.502631816964838107e-01
7.000000000000000000e+01,-4.242305852306099689e-01
7.100000000000000000e+01,-1.450719147841496304e-01
7.200000000000000000e+01,-6.783518510791172740e-02
7.300000000000000000e+01,8.695038174100254424e-02
7.400000000000000000e+01,-1.780507570734785605e-01
7.500000000000000000e+01,-3.339146679310550647e-01
7.600000000000000000e+01,-2.368658728219421583e-01
7.700000000000000000e+01,-1.196366958475735959e-01
7.800000000000000000e+01,3.865496016354415254e-02
7.900000000000000000e+01,2.140298762338425920e-01
8.000000000000000000e+01,4.058149010898268877e-03
8.100000000000000000e+01,-2.737373320950671138e-02
8.200000000000000000e+01,1.062511889737343534e-01
8.300000000000000000e+01,1.892063180344377704e-01
8.400000000000000000e+01,-4.060125935573115075e-01
8.500000000000000000e+01,-1.084279566083895113e-01
8.600000000000000000e+01,8.791723584398011826e-02
8.700000000000000000e+01,1.560587763552019891e-01
8.800000000000000000e+01,9.742434643597512600e-02
8.900000000000000000e+01,8.228853166365394933e-02
9.000000000000000000e+01,-9.694105590063616107e-02
9.100000000000000000e+01,-1.881798475378807997e-02
9.200000000000000000e+01,2.775469175011077150e-01
9.300000000000000000e+01,2.277303856448298636e-01
9.400000000000000000e+01,-1.694801038412518668e-01
9.500000000000000000e+01,-1.315094863728851482e-01
9.600000000000000000e+01,-3.019373263987638611e-01
9.700000000000000000e+01,-1.014507308733962054e-01
9.800000000000000000e+01,6.371107109934898149e-02
9.900000000000000000e+01,-2.690113872437314146e-01
1.000000000000000000e+02,-1.684972984451297284e-01
1.010000000000000000e+02,-2.506124851660155861e-01
1.020000000000000000e+02,-4.544245997694740247e-02
1.030000000000000000e+02,-1.341933260066149047e-01
1.040000000000000000e+02,-1.426341393050618578e-01
1.050000000000000000e+02,-7.714208120464349783e-02
1.060000000000000000e+02,-2.199124596273575039e-01
1.070000000000000000e+02,-1.398564957282575627e-01
1.080000000000000000e+02,-2.043819723226614204e-02
1.090000000000000000e+02,-1.182549358009606644e-01
1.100000000000000000e+02,-8.745981221543189243e-02
1.110000000000000000e+02,-1.448142251265177594e-01
1.120000000000000000e+02,8.562749407345382480e-02
1.130000000000000000e+02,-8.037852847140264378e-02
1.140000000000000000e+02,-1.062029989336777946e-01
1.150000000000000000e+02,-1.334674353480291009e-01
1.160000000000000000e+02,-3.372154828370479418e-01
1.170000000000000000e+02,-1.122509750696661923e-01
1.180000000000000000e+02,9.932497057790345973e-02
1.190000000000000000e+02,-1.275519479879775597e-01
1.200000000000000000e+02,1.338996580581206242e-01
1.210000000000000000e+02,-3.918199593703819428e-02
1.220000000000000000e+02,-7.038630451551175504e-02
1.230000000000000000e+02,2.784986957131599938e-01
1.240000000000000000e+02,8.755444231457756854e-02
1.250000000000000000e+02,-4.420218982157225057e-02
1.260000000000000000e+02,-5.958634223199400781e-02
1.270000000000000000e+02,-5.513627532955069077e-02
1.280000000000000000e+02,1.258396828904924658e-01
1.290000000000000000e+02,6.151794906141225261e-02
1.300000000000000000e+02,4.509808838810783205e-02
1.310000000000000000e+02,-1.598433388006670619e-01
1.320000000000000000e+02,1.034453275894092750e-01
1.330000000000000000e+02,1.915044161017749047e-01
1.340000000000000000e+02,2.524952330868543982e-01
1.350000000000000000e+02,1.014047575664311363e-01
1.360000000000000000e+02,2.154271705064844666e-01
1.370000000000000000e+02,2.733463629823381091e-01
1.380000000000000000e+02,4.673743672156074891e-01
1.390000000000000000e+02,4.851324677851392431e-01
1.400000000000000000e+02,2.640152063754550582e-01
1.410000000000000000e+02,1.828970335318035878e-01
1.420000000000000000e+02,3.625905920858303322e-01
1.430000000000000000e+02,7.114911939726396017e-01
1.440000000000000000e+02,4.924751795275963961e-01
1.450000000000000000e+02,3.123296155164512200e-01
1.460000000000000000e+02,2.737100910888501937e-01
1.470000000000000000e+02,3.187181304079250710e-01
1.480000000000000000e+02,3.995080235432663107e-01
1.490000000000000000e+02,2.250917867203095779e-01
1.500000000000000000e+02,2.079201031197878968e-01
1.510000000000000000e+02,3.677924230535578598e-01
1.520000000000000000e+02,6.029870608167021695e-01
1.530000000000000000e+02,5.365440876792409997e-01
1.540000000000000000e+02,4.470590241780822982e-01
1.550000000000000000e+02,4.579601570507646491e-01
1.560000000000000000e+02,3.706343720804108344e-01
1.570000000000000000e+02,5.720812051432712098e-01
1.580000000000000000e+02,5.885363135982765170e-01
1.590000000000000000e+02,6.715753633251531074e-01
1.600000000000000000e+02,4.248117322228084358e-01
1.610000000000000000e+02,3.456972037398139408e-01
1.620000000000000000e+02,5.279894740500297168e-01
1.630000000000000000e+02,5.267544254334172171e-01
1.640000000000000000e+02,1.626193211288689267e-01
1.650000000000000000e+02,8.514734253274301723e-02
1.660000000000000000e+02,1.865092868874501653e-01
1.670000000000000000e+02,2.237763732020372487e-01
1.680000000000000000e+02,5.283075724929399142e-01
1.690000000000000000e+02,3.114163531857133127e-01
1.700000000000000000e+02,-6.175915021706283037e-01
1.710000000000000000e+02,-2.071818844789026781e-01
1.720000000000000000e+02,-2.310578363475862540e-02
1.730000000000000000e+02,2.416067472470423694e-01
1.740000000000000000e+02,8.408593570296943320e-02
1.750000000000000000e+02,2.554222581211096355e-01
1.760000000000000000e+02,3.440212866635791733e-02
1.770000000000000000e+02,1.638395354801888415e-01
1.780000000000000000e+02,2.872249986866561855e-01
1.790000000000000000e+02,9.113511312023864219e-02
1.800000000000000000e+02,1.937372266478280258e-01
1.810000000000000000e+02,-1.385026563338714045e-01
1.820000000000000000e+02,-1.310454230287971811e-03
1.830000000000000000e+02,8.971102243663045539e-02
1.840000000000000000e+02,-9.232312271895001810e-02
1.850000000000000000e+02,-3.033992763521747849e-01
1.860000000000000000e+02,-1.430015858422928610e-01
1.870000000000000000e+02,-4.404380540275285028e-02
1.880000000000000000e+02,5.047745167382711173e-02
1.890000000000000000e+02,1.248226914461309511e-01
1.900000000000000000e+02,-6.142121205778053317e-02
1.910000000000000000e+02,6.690933806609311585e-02
1.920000000000000000e+02,1.049280997922805714e-01
1.930000000000000000e+02,2.268843826636518790e-01
1.940000000000000000e+02,1.998709776961404838e-01
1.950000000000000000e+02,1.676822494572872968e-01
1.960000000000000000e+02,4.393233247070122555e-02
1.970000000000000000e+02,2.844009414252673396e-01
1.980000000000000000e+02,2.665159833997384764e-01
1.990000000000000000e+02,4.301271554289892718e-02
2.000000000000000000e+02,1.261382911959859077e-01
2.010000000000000000e+02,3.534542879120770587e-01
2.020000000000000000e+02,1.250342214917803951e-01
2.030000000000000000e+02,2.488834120949672823e-01
2.040000000000000000e+02,3.258793841575179373e-01
2.050000000000000000e+02,1.726353344650450872e-01
2.060000000000000000e+02,3.090235359331855447e-01
2.070000000000000000e+02,2.873162167028137093e-01
2.080000000000000000e+02,3.729127852429315881e-01
2.090000000000000000e+02,2.099883541209406623e-01
2.100000000000000000e+02,3.305936165359066314e-02
2.110000000000000000e+02,5.719031200861217634e-01
2.120000000000000000e+02,4.100085064568935733e-01
2.130000000000000000e+02,4.480367475981411607e-01
2.140000000000000000e+02,2.986595229579417921e-01
2.150000000000000000e+02,3.811333748062966098e-01
2.160000000000000000e+02,2.353129298750441523e-01
2.170000000000000000e+02,4.626138637717517876e-01
2.180000000000000000e+02,4.777845358132714604e-01
2.190000000000000000e+02,1.187079522453783342e-01
2.200000000000000000e+02,6.278492072821589831e-02
2.210000000000000000e+02,4.915361403002502239e-02
2.220000000000000000e+02,1.336389749050257425e-01
2.230000000000000000e+02,2.529866232312509844e-01
2.240000000000000000e+02,4.279918356800974100e-01
2.250000000000000000e+02,1.422146343166776350e-01
2.260000000000000000e+02,2.773446063578150489e-01
2.270000000000000000e+02,3.006855626829784689e-01
2.280000000000000000e+02,3.225624471644570890e-01
2.290000000000000000e+02,1.084795874552217931e-01
2.300000000000000000e+02,8.307099074992185805e-02
2.310000000000000000e+02,1.158124122903336772e-03
2.320000000000000000e+02,1.419857583096173770e-01
2.330000000000000000e+02,4.053678310545665298e-01
2.340000000000000000e+02,-2.120730199881606381e-01
2.350000000000000000e+02,8.859730382165437179e-02
2.360000000000000000e+02,1.627237368575884524e-02
2.370000000000000000e+02,7.929750812079111588e-02
2.380000000000000000e+02,2.215231790119423505e-01
2.390000000000000000e+02,-1.316324765988099721e-01
2.400000000000000000e+02,-3.883530088029107930e-01
2.410000000000000000e+02,-3.765684393041263123e-01
2.420000000000000000e+02,9.417590735609493446e-04
2.430000000000000000e+02,-6.609055188724552443e-02
2.440000000000000000e+02,-4.177585031364672297e-01
2.450000000000000000e+02,-1.183992087416232131e-01
2.460000000000000000e+02,-5.455576609042904757e-01
2.470000000000000000e+02,2.521407082935314681e-02
2.480000000000000000e+02,-4.343089796974516914e-02
2.490000000000000000e+02,-2.174254186900654029e-01
2.500000000000000000e+02,-1.628768185861682316e-01
2.510000000000000000e+02,-5.275529670789677605e-02
2.520000000000000000e+02,-2.207104982573512009e-01
2.530000000000000000e+02,-1.507857690732482547e-01
2.540000000000000000e+02,-1.542649051833201723e-01
2.550000000000000000e+02,-1.060823017449294553e-01
2.560000000000000000e+02,-1.467959228315899867e-01
2.570000000000000000e+02,8.831975900520210032e-02
2.580000000000000000e+02,-1.149636551705811166e-01
2.590000000000000000e+02,6.516510002029657356e-04
2.600000000000000000e+02,-1.969991511043518995e-01
2.610000000000000000e+02,5.486001262592730965e-02
2.620000000000000000e+02,-2.090038926467873703e-01
2.630000000000000000e+02,3.169109698526565988e-01
2.640000000000000000e+02,6.906253046192146750e-01
2.650000000000000000e+02,1.016230544596578855e-02
2.660000000000000000e+02,1.773503795323358445e-03
2.670000000000000000e+02,1.025132272095929248e-01
2.680000000000000000e+02,2.366928480218091768e-03
2.690000000000000000e+02,1.793582475824532230e-01
2.700000000000000000e+02,4.433660453557968228e-01
2.710000000000000000e+02,2.703074910169734890e-01
2.720000000000000000e+02,6.231403838881183210e-01
2.730000000000000000e+02,4.955890329388512039e-01
2.740000000000000000e+02,5.148188634926966767e-01
2.750000000000000000e+02,1.650779253067760077e-01
2.760000000000000000e+02,1.241926558001145570e-01
2.770000000000000000e+02,2.932057328814028918e-01
2.780000000000000000e+02,6.961486099043022735e-01
2.790000000000000000e+02,3.425615125818930462e-01
2.800000000000000000e+02,4.397176531550794354e-01
2.810000000000000000e+02,5.669902929448227269e-01
2.820000000000000000e+02,4.561948143191482674e-01
2.830000000000000000e+02,5.126847136080222578e-01
2.840000000000000000e+02,2.945375605592647217e-01
2.850000000000000000e+02,5.252204795651204128e-01
2.860000000000000000e+02,4.056593062221436341e-01
2.870000000000000000e+02,2.675118516477595354e-01
2.880000000000000000e+02,6.343140202949126838e-02
2.890000000000000000e+02,1.742703961041136562e-02
2.900000000000000000e+02,-1.383747222335410809e-01
2.910000000000000000e+02,1.051959546206164275e-01
2.920000000000000000e+02,3.876620985082180892e-01
2.930000000000000000e+02,2.386794340013513871e-01
2.940000000000000000e+02,4.332662293613370741e-01
2.950000000000000000e+02,1.157682374291658656e-01
2.960000000000000000e+02,2.100056980936406692e-01
2.970000000000000000e+02,1.328636329907016411e-01
2.980000000000000000e+02,1.335541781636964132e-01
2.990000000000000000e+02,1.230647228724244258e-01
3.000000000000000000e+02,-2.333193893245322226e-03
3.010000000000000000e+02,-5.371507185736368317e-02
3.020000000000000000e+02,2.469462675456127743e-01
3.030000000000000000e+02,4.051978323257110493e-01
3.040000000000000000e+02,2.144914508011740439e-01
3.050000000000000000e+02,3.684984996992000106e-01
3.060000000000000000e+02,4.896931336622597497e-01
3.070000000000000000e+02,2.839481668952307247e-01
3.080000000000000000e+02,5.536613575068121129e-01
3.090000000000000000e+02,1.394888483244437483e-01
3.100000000000000000e+02,3.506312394222825812e-01
3.110000000000000000e+02,3.961181830090461098e-01
3.120000000000000000e+02,8.031330147139117415e-01
3.130000000000000000e+02,8.231334194108109736e-01
3.140000000000000000e+02,8.715105017351939543e-01
3.150000000000000000e+02,5.915933347912911699e-01
3.160000000000000000e+02,9.088266202631259949e-01
3.170000000000000000e+02,6.915113760854089131e-01
3.180000000000000000e+02,9.927864578675548168e-01
3.190000000000000000e+02,1.103442693427715504e+00
3.200000000000000000e+02,1.017879420082534736e+00
3.210000000000000000e+02,1.004229335970640014e+00
3.220000000000000000e+02,1.094489738524707656e+00
3.230000000000000000e+02,1.507168448269983418e+00
3.240000000000000000e+02,7.746414019514786808e-01
3.250000000000000000e+02,1.327236040847666221e+00
3.260000000000000000e+02,1.120359584565089772e+00
3.270000000000000000e+02,1.360535628049074131e+00
3.280000000000000000e+02,1.195068833690833721e+00
3.290000000000000000e+02,1.016064384630225526e+00
3.300000000000000000e+02,1.005327331253545564e+00
3.310000000000000000e+02,1.124275597174580144e+00
3.320000000000000000e+02,8.255581950438907191e-01
3.330000000000000000e+02,8.492834810421502345e-01
3.340000000000000000e+02,9.729808635492686042e-01
3.350000000000000000e+02,4.984203237861344893e-01
3.360000000000000000e+02,9.407404643938713784e-01
3.370000000000000000e+02,8.643372860089936216e-01
3.380000000000000000e+02,9.760280699139051164e-01
3.390000000000000000e+02,1.004938640042389641e+00
3.400000000000000000e+02,7.574182714393774551e-01
3.410000000000000000e+02,1.081968755896235423e+00
3.420000000000000000e+02,3.481324331953598583e-01
3.430000000000000000e+02,6.441580169804174139e-01
3.440000000000000000e+02,9.042849806212845953e-01
3.450000000000000000e+02,6.028270161320549159e-01
3.460000000000000000e+02,4.992660278190907408e-01
3.470000000000000000e+02,8.636556125278361806e-01
3.480000000000000000e+02,7.667835843944196261e-01
3.490000000000000000e+02,7.617183421586272152e-01
3.500000000000000000e+02,7.455453722015085161e-01
3.510000000000000000e+02,5.138057648832839996e-01
3.520000000000000000e+02,7.162626782423157090e-01
3.530000000000000000e+02,8.622610663849495927e-01
3.540000000000000000e+02,1.044822093634309335e+00
3.550000000000000000e+02,6.844570119447365153e-01
3.560000000000000000e+02,4.713873956000526610e-01
3.570000000000000000e+02,6.312853062180870944e-01
3.580000000000000000e+02,6.392074758168978521e-01
3.590000000000000000e+02,1.278883176536458111e+00
3.600000000000000000e+02,9.814421006667555236e-01
3.610000000000000000e+02,9.019710569891521423e-01
3.620000000000000000e+02,1.246255391998004391e+00
3.630000000000000000e+02,1.282022683667836560e+00
3.640000000000000000e+02,1.229286893157016891e+00
3.650000000000000000e+02,1.131201991522329475e+00
3.660000000000000000e+02,9.386095401792636794e-01
3.670000000000000000e+02,1.272625169219094410e+00
3.680000000000000000e+02,1.222749726925667080e+00
3.690000000000000000e+02,1.418274756959935878e+00
3.700000000000000000e+02,1.199249202726816232e+00
3.710000000000000000e+02,9.371581883271782321e-01
3.720000000000000000e+02,1.471329977675996492e+00
3.730000000000000000e+02,1.597181499058911269e+00
3.740000000000000000e+02,1.106150868674877996e+00
3.750000000000000000e+02,1.376319826688113590e+00
3.760000000000000000e+02,1.280527909802202213e+00
3.770000000000000000e+02,1.107624365932034616e+00
3.780000000000000000e+02,1.560559968333485426e+00
3.790000000000000000e+02,1.436642967198221044e+00
3.800000000000000000e+02,1.119055640283231678e+00
3.810000000000000000e+02,1.325116759003989175e+00
3.820000000000000000e+02,1.579501529580407571e+00
3.830000000000000000e+02,1.544062039230932326e+00
3.840000000000000000e+02,1.272048503730249580e+00
3.850000000000000000e+02,8.973721292196592536e-01
3.860000000000000000e+02,1.500098855460022307e+00
3.870000000000000000e+02,1.559932284390684432e+00
3.880000000000000000e+02,1.827620617636840361e+00
3.890000000000000000e+02,1.502897549348627848e+00
3.900000000000000000e+02,1.298168069922876589e+00
3.910000000000000000e+02,1.269844734539596232e+00
3.920000000000000000e+02,1.379089234835409794e+00
3.930000000000000000e+02,1.756150713646228656e+00
3.940000000000000000e+02,1.567576204202937307e+00
3.950000000000000000e+02,1.584339934590965893e+00
3.960000000000000000e+02,8.598202987781260465e-01
3.970000000000000000e+02,1.346648184049783703e+00
3.980000000000000000e+02,1.275179156803624814e+00
3.990000000000000000e+02,1.499182017979616921e+00
4.000000000000000000e+02,1.502720830082082903e+00
4.010000000000000000e+02,1.595909493303193427e+00
4.020000000000000000e+02,1.621519677158490991e+00
4.030000000000000000e+02,1.792361395713407246e+00
4.040000000000000000e+02,1.581133663159886016e+00
4.050000000000000000e+02,1.536506758714371479e+00
4.060000000000000000e+02,1.491287544760078632e+00
4.070000000000000000e+02,1.594470526368275465e+00
4.080000000000000000e+02,1.879624800261947781e+00
4.090000000000000000e+02,1.646364916652698795e+00
4.100000000000000000e+02,1.472276994861587252e+00
4.110000000000000000e+02,1.374613893438737300e+00
4.120000000000000000e+02,1.676573035098650077e+00
4.130000000000000000e+02,1.504908943822432121e+00
4.140000000000000000e+02,1.674938117606133980e+00
4.150000000000000000e+02,1.697908831441902633e+00
4.160000000000000000e+02,1.617229552157777972e+00
4.170000000000000000e+02,1.514094129393147359e+00
4.180000000000000000e+02,1.633276945814350789e+00
4.190000000000000000e+02,1.649266874803123173e+00
4.200000000000000000e+02,1.412698611288898398e+00
4.210000000000000000e+02,1.263471468186933233e+00
4.220000000000000000e+02,1.771568726114070014e+00
4.230000000000000000e+02,2.062968676679941993e+00
4.240000000000000000e+02,1.832888239693366339e+00
4.250000000000000000e+02,1.453397513938600838e+00
4.260000000000000000e+02,1.422526723402929516e+00
4.270000000000000000e+02,1.806043392834140615e+00
4.280000000000000000e+02,1.625903372372313083e+00
4.290000000000000000e+02,1.484591895675798412e+00
4.300000000000000000e+02,1.211571352487952558e+00
4.310000000000000000e+02,1.522016775078607553e+00
4.320000000000000000e+02,1.654487827551453627e+00
4.330000000000000000e+02,1.504796369141283119e+00
4.340000000000000000e+02,1.606503665762052391e+00
4.350000000000000000e+02,1.583131023031257412e+00
4.360000000000000000e+02,1.329679966256545498e+00
4.370000000000000000e+02,1.652591647955553134e+00
4.380000000000000000e+02,1.705394852814982709e+00
4.390000000000000000e+02,1.705463919559661035e+00
4.400000000000000000e+02,1.326552850859855415e+00
4.410000000000000000e+02,1.670550895434259830e+00
4.420000000000000000e+02,1.535180297501870017e+00
4.430000000000000000e+02,1.816503617575546237e+00
4.440000000000000000e+02,1.898245321678035946e+00
4.450000000000000000e+02,1.741877795593648859e+00
4.460000000000000000e+02,1.658142790747069828e+00
4.470000000000000000e+02,1.658728834807249974e+00
4.480000000000000000e+02,1.844093115874684052e+00
4.490000000000000000e+02,1.849280094208092695e+00
4.500000000000000000e+02,1.277688619911312884e+00
4.510000000000000000e+02,2.189611127852968409e+00
4.520000000000000000e+02,1.730290631637652066e+00
4.530000000000000000e+02,2.023253570178085603e+00
4.540000000000000000e+02,1.794756000452773836e+00
4.550000000000000000e+02,2.114294193895235097e+00
4.560000000000000000e+02,2.221690215883837638e+00
4.570000000000000000e+02,1.964460993374046893e+00
4.580000000000000000e+02,1.844890796467894223e+00
4.590000000000000000e+02,1.625644024697635803e+00
4.600000000000000000e+02,1.524707513251559288e+00
4.610000000000000000e+02,1.781446254011020525e+00
4.620000000000000000e+02,1.708211924109558133e+00
4.630000000000000000e+02,1.810439008504328928e+00
4.640000000000000000e+02,1.796125067541401776e+00
4.650000000000000000e+02,1.832384186297304041e+00
4.660000000000000000e+02,1.967119505790409395e+00
4.670000000000000000e+02,1.790241761391325070e+00
4.680000000000000000e+02,1.902036150031821027e+00
4.690000000000000000e+02,1.949078830258936357e+00
4.700000000000000000e+02,1.765276630725156615e+00
4.710000000000000000e+02,1.722451782477465443e+00
4.720000000000000000e+02,1.782551493596043812e+00
4.730000000000000000e+02,2.008516052597193458e+00
4.740000000000000000e+02,1.866468235358522021e+00
4.750000000000000000e+02,1.595864314133803363e+00
4.760000000000000000e+02,1.927645887330226460e+00
4.770000000000000000e+02,2.154628372620807308e+00
4.780000000000000000e+02,1.930943545071855727e+00
4.790000000000000000e+02,1.949460786118188516e+00
4.800000000000000000e+02,2.268142397292357337e+00
4.810000000000000000e+02,1.780201686884353318e+00
4.820000000000000000e+02,2.247345964487644121e+00
4.830000000000000000e+02,2.242373136305810810e+00
4.840000000000000000e+02,2.105275920729219319e+00
4.850000000000000000e+02,1.631720875436112550e+00
4.860000000000000000e+02,1.821778924284028545e+00
4.870000000000000000e+02,2.382415415327788111e+00
4.880000000000000000e+02,3.097751494796023852e+00
4.890000000000000000e+02,2.705053553384225484e+00
4.900000000000000000e+02,2.605283107978610957e+00
4.910000000000000000e+02,2.507796717480173410e+00
4.920000000000000000e+02,2.695547141430941096e+00
4.930000000000000000e+02,2.509032955255110497e+00
4.940000000000000000e+02,2.390913966283363390e+00
4.950000000000000000e+02,2.491456805307840305e+00
4.960000000000000000e+02,2.380552804874870532e+00
4.970000000000000000e+02,2.585356238466484768e+00
4.980000000000000000e+02,2.284959442738444757e+00
4.990000000000000000e+02,2.654660270804290789e+00
5.000000000000000000e+02,2.314537419620795511e+00
5.010000000000000000e+02,2.291027286431157606e+00
5.020000000000000000e+02,2.336707740234319708e+00
5.030000000000000000e+02,2.252614143175123651e+00
5.040000000000000000e+02,2.455526311610262802e+00
5.050000000000000000e+02,2.666506988466476713e+00
5.060000000000000000e+02,2.545309980844964848e+00
5.070000000000000000e+02,2.514415936440502541e+00
5.080000000000000000e+02,2.493329678838654750e+00
5.090000000000000000e+02,2.563857372572015514e+00
5.100000000000000000e+02,2.296075445026897199e+00
5.110000000000000000e+02,2.609582646357788249e+00
5.120000000000000000e+02,2.686938255195823189e+00
5.130000000000000000e+02,2.779380869033424517e+00
5.140000000000000000e+02,2.384831236561252510e+00
5.150000000000000000e+02,2.615911235111720856e+00
5.160000000000000000e+02,2.435816446379726052e+00
5.170000000000000000e+02,2.625563140143691854e+00
5.180000000000000000e+02,2.834691837572136386e+00
5.190000000000000000e+02,2.691785388375620869e+00
5.200000000000000000e+02,2.846658790008458340e+00
5.210000000000000000e+02,2.649564092780969382e+00
5.220000000000000000e+02,2.686293196538215966e+00
5.230000000000000000e+02,2.342332501042764470e+00
5.240000000000000000e+02,2.483109091700489657e+00
5.250000000000000000e+02,2.214528276662603545e+00
5.260000000000000000e+02,2.689563720813644476e+00
5.270000000000000000e+02,2.892395489604188352e+00
5.280000000000000000e+02,2.784102556205688028e+00
5.290000000000000000e+02,2.767930241572108319e+00
5.300000000000000000e+02,2.720734400329601677e+00
5.310000000000000000e+02,2.727267129680573277e+00
5.320000000000000000e+02,2.615469946444929139e+00
5.330000000000000000e+02,2.815490042462442943e+00
5.340000000000000000e+02,2.878447845255036164e+00
5.350000000000000000e+02,2.603705968545620308e+00
5.360000000000000000e+02,2.651613801241995194e+00
5.370000000000000000e+02,2.744026716667813393e+00
5.380000000000000000e+02,2.637536701221536273e+00
5.390000000000000000e+02,2.765156189925054964e+00
5.400000000000000000e+02,2.354429865608298034e+00
5.410000000000000000e+02,2.681375906318451019e+00
5.420000000000000000e+02,2.547861277100015087e+00
5.430000000000000000e+02,2.926626596818129311e+00
5.440000000000000000e+02,2.766670261226774841e+00
5.450000000000000000e+02,2.543792330878337005e+00
5.460000000000000000e+02,2.735351431985428849e+00
5.470000000000000000e+02,2.886764877001986473e+00
5.480000000000000000e+02,2.836827573389475887e+00
5.490000000000000000e+02,2.898612393848569280e+00
5.500000000000000000e+02,2.730493336883160982e+00
5.510000000000000000e+02,2.950044078327268338e+00
5.520000000000000000e+02,2.529587352559248270e+00
5.530000000000000000e+02,2.642723323850952433e+00
5.540000000000000000e+02,2.950825662448191444e+00
5.550000000000000000e+02,2.617825710041645326e+00
5.560000000000000000e+02,2.967200506337588362e+00
5.570000000000000000e+02,2.791648196567242390e+00
5.580000000000000000e+02,3.167592207567141660e+00
5.590000000000000000e+02,3.113891083950200755e+00
5.600000000000000000e+02,2.876792490276086411e+00
5.610000000000000000e+02,3.260762014234230843e+00
5.620000000000000000e+02,3.137676634718868929e+00
5.630000000000000000e+02,2.997100928704151901e+00
5.640000000000000000e+02,3.183057009089854894e+00
5.650000000000000000e+02,2.771927817755651446e+00
5.660000000000000000e+02,2.718776982192776970e+00
5.670000000000000000e+02,2.874171376715314530e+00
5.680000000000000000e+02,3.357598607837104066e+00
5.690000000000000000e+02,3.170863458305669624e+00
5.700000000000000000e+02,3.189537060861596274e+00
5.710000000000000000e+02,3.127703283110655263e+00
5.720000000000000000e+02,3.246865709261039346e+00
5.730000000000000000e+02,3.431475782350687620e+00
5.740000000000000000e+02,3.333423586177762132e+00
5.750000000000000000e+02,3.298168091134707325e+00
5.760000000000000000e+02,2.802862097243331352e+00
5.770000000000000000e+02,3.347033067146704788e+00
5.780000000000000000e+02,3.928233387363317952e+00
5.790000000000000000e+02,3.223305548661693720e+00
5.800000000000000000e+02,3.164847379418065820e+00
5.810000000000000000e+02,3.387297009485512600e+00
5.820000000000000000e+02,3.297885495925967358e+00
5.830000000000000000e+02,3.447809715250307327e+00
5.840000000000000000e+02,3.215858771386638892e+00
5.850000000000000000e+02,2.919265776489046171e+00
5.860000000000000000e+02,3.139391628459751171e+00
5.870000000000000000e+02,3.264683407316656183e+00
5.880000000000000000e+02,2.907699414721340858e+00
5.890000000000000000e+02,3.420315720562103756e+00
5.900000000000000000e+02,3.245923392198912349e+00
5.910000000000000000e+02,3.122335849444906941e+00
5.920000000000000000e+02,3.250653810050451398e+00
5.930000000000000000e+02,3.090705436409030948e+00
5.940000000000000000e+02,3.246381683194930812e+00
5.950000000000000000e+02,2.992290600319136740e+00
5.960000000000000000e+02,3.332510020012581009e+00
5.970000000000000000e+02,3.276171259946398351e+00
5.980000000000000000e+02,3.457850381005592499e+00
5.990000000000000000e+02,3.605623758446736993e+00
6.000000000000000000e+02,2.815141488985086315e+00
6.010000000000000000e+02,3.133546940542361714e+00
6.020000000000000000e+02,3.038990398607438248e+00
6.030000000000000000e+02,3.380099056778881561e+00
6.040000000000000000e+02,3.095770893354456099e+00
6.050000000000000000e+02,3.384959347761461235e+00
6.060000000000000000e+02,3.112202726357695237e+00
6.070000000000000000e+02,2.912920099821639575e+00
6.080000000000000000e+02,3.423224885104615201e+00
6.090000000000000000e+02,3.578843474408413439e+00
6.100000000000000000e+02,3.149870969445867974e+00
6.110000000000000000e+02,3.128251415494253784e+00
6.120000000000000000e+02,3.506076015482311181e+00
6.130000000000000000e+02,3.451674483217562539e+00
6.140000000000000000e+02,3.455453087840672399e+00
6.150000000000000000e+02,3.615732946035924211e+00
6.160000000000000000e+02,3.020019757412341743e+00
6.170000000000000000e+02,3.545099266727953946e+00
6.180000000000000000e+02,3.670397896960003514e+00
6.190000000000000000e+02,3.574687323437906628e+00
6.200000000000000000e+02,3.561365819888613782e+00
6.210000000000000000e+02,4.123719930424648794e+00
6.220000000000000000e+02,3.659801932926209478e+00
6.230000000000000000e+02,3.537990409005731696e+00
6.240000000000000000e+02,3.548972051294819074e+00
6.250000000000000000e+02,3.279931028632155687e+00
6.260000000000000000e+02,3.576210940302590569e+00
6.270000000000000000e+02,3.612473643893078012e+00
6.280000000000000000e+02,3.763806219760468252e+00
6.290000000000000000e+02,3.571131107505213897e+00
6.300000000000000000e+02,3.952716226752710504e+00
6.310000000000000000e+02,4.055548534840787589e+00
6.320000000000000000e+02,3.602110033677424994e+00
6.330000000000000000e+02,3.789531589473314366e+00
6.340000000000000000e+02,3.913931824453379171e+00
6.350000000000000000e+02,3.649683443881017286e+00
6.360000000000000000e+02,3.694535896227282734e+00
6.370000000000000000e+02,3.761176385272026135e+00
6.380000000000000000e+02,4.111330742610215694e+00
6.390000000000000000e+02,3.820253116499768620e+00
6.400000000000000000e+02,3.927309406167447836e+00
6.410000000000000000e+02,4.132658499749830128e+00
6.420000000000000000e+02,4.051462077197516720e+00
6.430000000000000000e+02,3.894188523962302639e+00
6.440000000000000000e+02,4.133366796170220070e+00
6.450000000000000000e+02,3.825065534536174372e+00
6.460000000000000000e+02,3.681392243119252949e+00
6.470000000000000000e+02,3.837970395781884037e+00
6.480000000000000000e+02,3.971847361724837100e+00
6.490000000000000000e+02,3.985262472743334339e+00
6.500000000000000000e+02,3.688060352936394004e+00
6.510000000000000000e+02,3.742374140381666603e+00
6.520000000000000000e+02,4.745290698015510955e+00
6.530000000000000000e+02,4.613644444614999784e+00
6.540000000000000000e+02,4.583869928459126442e+00
6.550000000000000000e+02,4.271470314139205193e+00
6.560000000000000000e+02,4.568223573670332271e+00
6.570000000000000000e+02,4.342606077176812462e+00
6.580000000000000000e+02,4.962519337208374459e+00
6.590000000000000000e+02,4.575728482581216561e+00
6.600000000000000000e+02,4.502731710979196222e+00
6.610000000000000000e+02,4.454384332494717214e+00
6.620000000000000000e+02,4.433335379894424833e+00
6.630000000000000000e+02,4.757096835170806948e+00
6.640000000000000000e+02,4.597793295901081656e+00
6.650000000000000000e+02,4.651912643427466243e+00
6.660000000000000000e+02,4.604330499879029759e+00
6.670000000000000000e+02,4.697181163429374529e+00
6.680000000000000000e+02,4.758150619751959631e+00
6.690000000000000000e+02,4.902936066058360076e+00
6.700000000000000000e+02,4.782942601179302144e+00
6.710000000000000000e+02,4.689982789600770197e+00
6.720000000000000000e+02,4.708856845034808281e+00
6.730000000000000000e+02,5.198465534779239228e+00
6.740000000000000000e+02,4.991077727736069392e+00
6.750000000000000000e+02,4.844656693083885024e+00
6.760000000000000000e+02,4.713689890440501351e+00
6.770000000000000000e+02,4.914029135904080192e+00
6.780000000000000000e+02,5.041211791183232371e+00
6.790000000000000000e+02,4.548908609138502257e+00
6.800000000000000000e+02,4.761457850303174588e+00
6.810000000000000000e+02,5.159666743615946238e+00
6.820000000000000000e+02,4.677231624645369124e+00
6.830000000000000000e+02,4.562731684238703345e+00
6.840000000000000000e+02,4.602414212505637536e+00
6.850000000000000000e+02,4.369982540685131589e+00
6.860000000000000000e+02,4.231086213534895002e+00
6.870000000000000000e+02,4.715154257505350444e+00
6.880000000000000000e+02,4.523152385665513364e+00
6.890000000000000000e+02,4.372271277380639809e+00
6.900000000000000000e+02,4.111358236441207126e+00
6.910000000000000000e+02,4.194249392888079520e+00
6.920000000000000000e+02,4.373852573932297538e+00
6.930000000000000000e+02,4.443034237867014902e+00
6.940000000000000000e+02,4.318447298031254711e+00
6.950000000000000000e+02,4.109669602670225963e+00
6.960000000000000000e+02,4.205889932281991150e+00
6.970000000000000000e+02,4.268837918612701010e+00
6.980000000000000000e+02,4.528931789410214570e+00
6.990000000000000000e+02,4.327974587264932893e+00
7.000000000000000000e+02,4.043227335489980590e+00
7.010000000000000000e+02,4.341817669389120837e+00
7.020000000000000000e+02,4.309352405496931659e+00
7.030000000000000000e+02,4.363845436797177513e+00
7.040000000000000000e+02,4.521029799619993739e+00
7.050000000000000000e+02,4.308675062751760265e+00
7.060000000000000000e+02,4.341131719850171322e+00
7.070000000000000000e+02,4.882939156457598351e+00
7.080000000000000000e+02,4.593208403210507385e+00
7.090000000000000000e+02,4.610495375135324814e+00
7.100000000000000000e+02,4.734819526133732026e+00
7.110000000000000000e+02,4.550639901104342577e+00
7.120000000000000000e+02,4.591458544563345789e+00
7.130000000000000000e+02,4.433878751701169740e+00
7.140000000000000000e+02,4.517746037194918962e+00
7.150000000000000000e+02,4.721994201147140302e+00
7.160000000000000000e+02,4.709170852735393709e+00
7.170000000000000000e+02,4.994591341978419585e+00
7.180000000000000000e+02,4.895872736337301134e+00
7.190000000000000000e+02,4.803732335141983611e+00
7.200000000000000000e+02,4.760025989504788946e+00
7.210000000000000000e+02,4.982851907554279869e+00
7.220000000000000000e+02,4.608145352099437098e+00
7.230000000000000000e+02,5.023494103387065479e+00
7.240000000000000000e+02,4.990545188999822024e+00
7.250000000000000000e+02,4.861277215132963292e+00
7.260000000000000000e+02,4.767498792878968494e+00
7.270000000000000000e+02,5.312080447290510321e+00
7.280000000000000000e+02,5.022906248065365453e+00
7.290000000000000000e+02,4.751117522842075225e+00
7.300000000000000000e+02,4.764922004283139501e+00
7.310000000000000000e+02,4.844575526227739459e+00
7.320000000000000000e+02,5.213745947436311923e+00
7.330000000000000000e+02,5.164036532198027274e+00
7.340000000000000000e+02,5.029236419768379207e+00
7.350000000000000000e+02,5.046192172935748843e+00
7.360000000000000000e+02,5.270098450922614752e+00
7.370000000000000000e+02,5.351270398125165251e+00
7.380000000000000000e+02,5.092782660834372699e+00
7.390000000000000000e+02,5.055118500131731807e+00
7.400000000000000000e+02,5.041008983037884583e+00
7.410000000000000000e+02,4.902459702378856754e+00
7.420000000000000000e+02,5.039083081349222226e+00
7.430000000000000000e+02,5.079183450069204575e+00
7.440000000000000000e+02,5.316298487892571423e+00
7.450000000000000000e+02,4.935507134514687699e+00
7.460000000000000000e+02,4.874697005156223284e+00
7.470000000000000000e+02,5.213632875581749815e+00
7.480000000000000000e+02,5.092333748104699076e+00
7.490000000000000000e+02,5.103388857657516375e+00
7.500000000000000000e+02,4.983967760000901137e+00
7.510000000000000000e+02,5.391360098168922477e+00
7.520000000000000000e+02,5.171739904899521179e+00
7.530000000000000000e+02,5.571761445582316341e+00
7.540000000000000000e+02,5.293595495589401345e+00
7.550000000000000000e+02,5.038145964129858712e+00
7.560000000000000000e+02,5.135939653881265166e+00
7.570000000000000000e+02,5.330607624381817899e+00
7.580000000000000000e+02,5.300872423561310498e+00
7.590000000000000000e+02,5.525124638529366194e+00
7.600000000000000000e+02,5.469873441042215845e+00
7.610000000000000000e+02,5.591076032049413058e+00
7.620000000000000000e+02,5.234347721851729140e+00
7.630000000000000000e+02,5.251557554450350551e+00
7.640000000000000000e+02,5.454438453446163848e+00
7.650000000000000000e+02,5.201905066217697104e+00
7.660000000000000000e+02,5.297108252095012126e+00
7.670000000000000000e+02,5.185467112258066891e+00
7.680000000000000000e+02,5.459838165398964271e+00
7.690000000000000000e+02,5.219935538812857878e+00
7.700000000000000000e+02,5.124183834693950779e+00
7.710000000000000000e+02,5.254897947949133119e+00
7.720000000000000000e+02,5.258841223953616861e+00
7.730000000000000000e+02,5.390633759163464767e+00
7.740000000000000000e+02,5.087780666025816245e+00
7.750000000000000000e+02,4.923364698492562752e+00
7.760000000000000000e+02,5.258969879298449612e+00
7.770000000000000000e+02,5.095706751963567704e+00
7.780000000000000000e+02,5.396378744394964677e+00
7.790000000000000000e+02,5.386672532341568065e+00
7.800000000000000000e+02,5.328497989213677677e+00
7.810000000000000000e+02,5.099402164107792679e+00
7.820000000000000000e+02,5.261875181388936618e+00
7.830000000000000000e+02,5.251406556718851704e+00
7.840000000000000000e+02,5.029943974966888831e+00
7.850000000000000000e+02,4.872141192701630708e+00
7.860000000000000000e+02,5.386589864786504478e+00
7.870000000000000000e+02,5.390257452365569968e+00
7.880000000000000000e+02,5.259748861575985757e+00
7.890000000000000000e+02,5.350779272887988824e+00
7.900000000000000000e+02,5.258309047803979119e+00
7.910000000000000000e+02,5.335701823433752544e+00
7.920000000000000000e+02,5.454394539106552031e+00
7.930000000000000000e+02,5.422144756900852514e+00
7.940000000000000000e+02,5.101517903314469748e+00
7.950000000000000000e+02,5.246759094155735603e+00
7.960000000000000000e+02,5.025462972113804661e+00
7.970000000000000000e+02,5.564697668405877984e+00
7.980000000000000000e+02,5.740645726997459342e+00
7.990000000000000000e+02,5.375465101076000174e+00
8.000000000000000000e+02,5.448472066484469245e+00
8.010000000000000000e+02,5.281609270236616638e+00
8.020000000000000000e+02,5.448525845740567419e+00
8.030000000000000000e+02,5.528414918470523354e+00
8.040000000000000000e+02,5.019861937414186848e+00
8.050000000000000000e+02,5.162267679141227639e+00
8.060000000000000000e+02,5.432048433588732017e+00
8.070000000000000000e+02,5.328793661980646412e+00
8.080000000000000000e+02,5.402024349879068765e+00
8.090000000000000000e+02,5.366342257711496089e+00
8.100000000000000000e+02,5.413498260253455818e+00
8.110000000000000000e+02,5.378442430631767301e+00
8.120000000000000000e+02,5.493814922942698686e+00
8.130000000000000000e+02,5.503612407395320538e+00
8.140000000000000000e+02,5.723029356185512562e+00
8.150000000000000000e+02,4.997349854330097152e+00
8.160000000000000000e+02,5.416979521562430122e+00
8.170000000000000000e+02,5.445899920447636156e+00
8.180000000000000000e+02,5.816875087613909479e+00
8.190000000000000000e+02,5.424206573933529008e+00
8.200000000000000000e+02,5.420636793008686283e+00
8.210000000000000000e+02,5.419812178697239524e+00
8.220000000000000000e+02,5.656488599720357335e+00
8.230000000000000000e+02,5.543307669570622487e+00
8.240000000000000000e+02,5.306671637734871716e+00
8.250000000000000000e+02,5.820869448602556062e+00
8.260000000000000000e+02,5.560678829349211760e+00
8.270000000000000000e+02,5.804378233686997568e+00
8.280000000000000000e+02,5.479998688947418373e+00
8.290000000000000000e+02,5.471108251009561663e+00
8.300000000000000000e+02,5.676086679772602395e+00
8.310000000000000000e+02,5.361176870125610172e+00
8.320000000000000000e+02,5.691914879096621860e+00
8.330000000000000000e+02,5.891244637231632275e+00
8.340000000000000000e+02,5.450686558460266617e+00
8.350000000000000000e+02,5.160689382628751432e+00
8.360000000000000000e+02,5.533626001402084604e+00
8.370000000000000000e+02,5.312981323623610308e+00
8.380000000000000000e+02,5.248983759380282166e+00
8.390000000000000000e+02,5.695028747074451836e+00
8.400000000000000000e+02,5.492868013561635010e+00
8.410000000000000000e+02,5.650310497282206690e+00
8.420000000000000000e+02,5.691107627569750527e+00
8.430000000000000000e+02,5.704816089907705390e+00
8.440000000000000000e+02,5.640316492373905533e+00
8.450000000000000000e+02,5.317273768082260155e+00
8.460000000000000000e+02,5.402576034620427237e+00
8.470000000000000000e+02,5.473305613087180888e+00
8.480000000000000000e+02,5.640346482282879492e+00
8.490000000000000000e+02,5.567162513484896103e+00
8.500000000000000000e+02,5.583469361102872952e+00
8.510000000000000000e+02,5.659892023618188439e+00
8.520000000000000000e+02,5.776283801247066307e+00
8.530000000000000000e+02,5.903644268204110368e+00
8.540000000000000000e+02,5.616732313966960710e+00
8.550000000000000000e+02,5.396572971522158646e+00
8.560000000000000000e+02,5.696398336688536013e+00
8.570000000000000000e+02,5.811648963201949236e+00
8.580000000000000000e+02,6.133466707759896330e+00
8.590000000000000000e+02,6.012505821171658660e+00
8.600000000000000000e+02,5.752910210154897896e+00
8.610000000000000000e+02,5.793674434479370916e+00
8.620000000000000000e+02,6.000757680626787050e+00
8.630000000000000000e+02,6.030643940934543146e+00
8.640000000000000000e+02,6.107096437313730419e+00
8.650000000000000000e+02,5.982413523089359586e+00
8.660000000000000000e+02,5.997313562617078375e+00
8.670000000000000000e+02,6.023694660613636565e+00
8.680000000000000000e+02,6.259822007403712973e+00
8.690000000000000000e+02,5.769504902633204146e+00
8.700000000000000000e+02,6.266166485108838557e+00
8.710000000000000000e+02,6.049194918518166375e+00
8.720000000000000000e+02,5.950431591310107571e+00
8.730000000000000000e+02,6.425902453075976517e+00
8.740000000000000000e+02,6.088774111078099516e+00
8.750000000000000000e+02,6.211213813453235311e+00
8.760000000000000000e+02,6.555498445862875556e+00
8.770000000000000000e+02,6.344194803190990939e+00
8.780000000000000000e+02,6.382287616498031113e+00
8.790000000000000000e+02,6.355386228646754176e+00
8.800000000000000000e+02,6.150422810394888806e+00
8.810000000000000000e+02,6.451582719401792509e+00
8.820000000000000000e+02,6.629631786241663605e+00
8.830000000000000000e+02,6.746232330266787258e+00
8.840000000000000000e+02,6.722747613519459264e+00
8.850000000000000000e+02,6.468793449061141843e+00
8.860000000000000000e+02,6.538171773350845761e+00
8.870000000000000000e+02,6.545280554146425622e+00
8.880000000000000000e+02,6.557041666366007604e+00
8.890000000000000000e+02,7.062351236696126300e+00
8.900000000000000000e+02,5.945985540395341218e+00
8.910000000000000000e+02,6.096768305453715620e+00
8.920000000000000000e+02,6.707858648525821366e+00
8.930000000000000000e+02,6.508251181297226573e+00
8.940000000000000000e+02,6.531611270016337123e+00
8.950000000000000000e+02,6.089271884061653317e+00
8.960000000000000000e+02,5.794447942408878838e+00
8.970000000000000000e+02,6.324668375543195609e+00
8.980000000000000000e+02,6.335639224159223204e+00
8.990000000000000000e+02,6.264224368590055825e+00
9.000000000000000000e+02,6.108832203378979919e+00
9.010000000000000000e+02,6.102061498601822009e+00
9.020000000000000000e+02,6.404101046044278434e+00
9.030000000000000000e+02,6.633855602778396587e+00
9.040000000000000000e+02,6.211167919975899565e+00
9.050000000000000000e+02,6.153572023490704979e+00
9.060000000000000000e+02,5.762281965613662571e+00
9.070000000000000000e+02,6.172063865454523679e+00
9.080000000000000000e+02,6.229803447596413690e+00
9.090000000000000000e+02,6.048020888669789485e+00
9.100000000000000000e+02,6.214689365511785191e+00
9.110000000000000000e+02,6.316669232525047306e+00
9.120000000000000000e+02,6.093935410471078562e+00
9.130000000000000000e+02,6.465876502350173638e+00
9.140000000000000000e+02,6.077359727006849788e+00
9.150000000000000000e+02,5.764380748364127172e+00
9.160000000000000000e+02,6.140155339053454675e+00
9.170000000000000000e+02,5.847270193066621324e+00
9.180000000000000000e+02,6.330718604997088050e+00
9.190000000000000000e+02,6.099142350652537736e+00
9.200000000000000000e+02,6.180886258297488389e+00
9.210000000000000000e+02,6.173239854349429123e+00
9.220000000000000000e+02,6.271816438295298113e+00
9.230000000000000000e+02,6.395543778421604486e+00
9.240000000000000000e+02,6.423986367326119939e+00
9.250000000000000000e+02,6.414441276242840217e+00
9.260000000000000000e+02,6.682491050578773795e+00
9.270000000000000000e+02,6.580620563734683515e+00
9.280000000000000000e+02,6.690873490718504790e+00
9.290000000000000000e+02,6.517279406186257340e+00
9.300000000000000000e+02,5.865072200472393860e+00
9.310000000000000000e+02,6.319815208089172742e+00
9.320000000000000000e+02,6.417086891250095348e+00
9.330000000000000000e+02,6.352493417029818623e+00
9.340000000000000000e+02,6.437160938914892938e+00
9.350000000000000000e+02,6.474638485982703529e+00
9.360000000000000000e+02,6.470354719235317908e+00
9.370000000000000000e+02,6.624895162934389070e+00
9.380000000000000000e+02,6.773693774315221461e+00
9.390000000000000000e+02,6.237067860706720701e+00
9.400000000000000000e+02,6.317055181251291174e+00
9.410000000000000000e+02,6.042099854188589525e+00
9.420000000000000000e+02,6.618125525962573974e+00
9.430000000000000000e+02,6.565594193802341216e+00
9.440000000000000000e+02,6.468851620894064069e+00
9.450000000000000000e+02,6.356931378902243246e+00
9.460000000000000000e+02,6.434821761552446340e+00
9.470000000000000000e+02,6.117189495532272758e+00
9.480000000000000000e+02,6.899884860942728793e+00
9.490000000000000000e+02,6.678158640958645975e+00
9.500000000000000000e+02,6.436306209222982133e+00
9.510000000000000000e+02,6.210164045781601416e+00
9.520000000000000000e+02,6.647589015960621239e+00
9.530000000000000000e+02,6.467898515979475960e+00
9.540000000000000000e+02,6.780013659535661930e+00
9.550000000000000000e+02,6.534918059476989782e+00
9.560000000000000000e+02,6.309056619165952284e+00
9.570000000000000000e+02,6.582202444593550972e+00
9.580000000000000000e+02,6.971458737534534045e+00
9.590000000000000000e+02,6.763350310869192583e+00
9.600000000000000000e+02,6.781031346849635710e+00
9.610000000000000000e+02,6.765751021244095220e+00
9.620000000000000000e+02,6.904556054703322232e+00
9.630000000000000000e+02,7.275269301719305304e+00
9.640000000000000000e+02,6.877383167878940107e+00
9.650000000000000000e+02,7.266106289227592718e+00
9.660000000000000000e+02,6.832740258655016774e+00
9.670000000000000000e+02,7.084459433343862855e+00
9.680000000000000000e+02,6.863229644123467921e+00
9.690000000000000000e+02,6.802486525176776766e+00
9.700000000000000000e+02,6.743300207912507283e+00
9.710000000000000000e+02,7.119505240785798605e+00
9.720000000000000000e+02,7.127386212189129822e+00
9.730000000000000000e+02,7.150658664291375644e+00
9.740000000000000000e+02,7.068068357796478907e+00
9.750000000000000000e+02,7.342358644653463884e+00
9.760000000000000000e+02,7.060506131708474520e+00
9.770000000000000000e+02,7.224463797937461962e+00
9.780000000000000000e+02,7.124892576302991998e+00
9.790000000000000000e+02,7.349669853781625406e+00
9.800000000000000000e+02,7.153622322263283984e+00
9.810000000000000000e+02,7.285418201569734187e+00
9.820000000000000000e+02,7.385278626939247637e+00
9.830000000000000000e+02,7.006331278497587967e+00
9.840000000000000000e+02,7.768159417627432894e+00
9.850000000000000000e+02,7.056287780917504193e+00
9.860000000000000000e+02,7.266069012526216397e+00
9.870000000000000000e+02,7.292870209940274684e+00
9.880000000000000000e+02,7.023138912137643963e+00
9.890000000000000000e+02,6.945216668916532221e+00
9.900000000000000000e+02,7.290209073338240309e+00
9.910000000000000000e+02,6.700510106895833040e+00
9.920000000000000000e+02,6.696598328378986942e+00
9.930000000000000000e+02,6.807865592679243960e+00
9.940000000000000000e+02,7.166233230565500989e+00
9.950000000000000000e+02,7.149847384962389363e+00
9.960000000000000000e+02,7.001623175733659110e+00
9.970000000000000000e+02,7.369186420353272204e+00
9.980000000000000000e+02,6.945549012495622065e+00
9.990000000000000000e+02,7.062751529358394897e+00
1.000000000000000000e+03,7.151471447515772795e+00
1.001000000000000000e+03,7.040323705717796088e+00
1.002000000000000000e+03,7.089325381887848110e+00
1.003000000000000000e+03,7.298582702765365582e+00
1.004000000000000000e+03,7.424751497972270187e+00
1.005000000000000000e+03,7.064667192503661042e+00
1.006000000000000000e+03,7.329591166157833015e+00
1.007000000000000000e+03,7.136465385632065228e+00
1.008000000000000000e+03,7.063917510143379985e+00
1.009000000000000000e+03,6.913023113882969639e+00
1.010000000000000000e+03,6.947102298361395256e+00
1.011000000000000000e+03,7.002866639707458596e+00
1.012000000000000000e+03,7.161494886921426328e+00
1.013000000000000000e+03,6.867982706383783054e+00
1.014000000000000000e+03,7.147170886317910643e+00
1.015000000000000000e+03,6.861211739907992602e+00
1.016000000000000000e+03,7.163343734675073904e+00
1.017000000000000000e+03,7.374387215807996832e+00
1.018000000000000000e+03,7.002474660912743509e+00
1.019000000000000000e+03,7.603579540015956262e+00
1.020000000000000000e+03,7.336357838831562006e+00
1.021000000000000000e+03,7.290910839370329022e+00
1.022000000000000000e+03,7.751739999009395810e+00
1.023000000000000000e+03,7.517214924213640792e+00
1.024000000000000000e+03,7.386145738329024546e+00
1.025000000000000000e+03,7.431497120797207145e+00
1.026000000000000000e+03,7.842892071878094562e+00
1.027000000000000000e+03,7.500467241831544563e+00
1.028000000000000000e+03,7.498826521144528634e+00
1.029000000000000000e+03,7.659848622544090269e+00
1.030000000000000000e+03,7.344752774188098243e+00
1.031000000000000000e+03,7.218493534731083017e+00
1.032000000000000000e+03,7.727083805099514535e+00
1.033000000000000000e+03,7.794087448170103904e+00
1.034000000000000000e+03,7.262652516038274442e+00
1.035000000000000000e+03,7.479585339040672132e+00
1.036000000000000000e+03,7.507739174559979745e+00
1.037000000000000000e+03,7.639725481028629694e+00
1.038000000000000000e+03,7.791037715318489099e+00
1.039000000000000000e+03,7.531033889836533213e+00
1.040000000000000000e+03,7.131218332452508690e+00
1.041000000000000000e+03,7.555408962477939028e+00
1.042000000000000000e+03,7.552646966648964622e+00
1.043000000000000000e+03,7.437231996687677871e+00
1.044000000000000000e+03,7.550574876145071279e+00
1.045000000000000000e+03,7.854679493716136385e+00
1.046000000000000000e+03,7.139317619081213095e+00
1.047000000000000000e+03,7.769421328903042046e+00
1.048000000000000000e+03,7.596298451388014072e+00
1.049000000000000000e+03,7.633951583632506477e+00
1.050000000000000000e+03,7.364878096790094197e+00
1.051000000000000000e+03,7.459819761240015445e+00
1.052000000000000000e+03,7.732252216852455007e+00
1.053000000000000000e+03,7.663900300150837452e+00
1.054000000000000000e+03,7.444521830943670260e+00
1.055000000000000000e+03,7.463891118974521177e+00
1.056000000000000000e+03,7.397580713081927328e+00
1.057000000000000000e+03,7.455268375812406312e+00
1.058000000000000000e+03,7.605023786202115943e+00
1.059000000000000000e+03,7.410078245593819446e+00
1.060000000000000000e+03,7.337112216221701289e+00
1.061000000000000000e+03,7.595358322771319948e+00
1.062000000000000000e+03,7.702819341719794544e+00
1.063000000000000000e+03,7.862757926638738404e+00
1.064000000000000000e+03,7.806963617520453091e+00
1.065000000000000000e+03,7.527566050365134487e+00
1.066000000000000000e+03,7.415385900077516190e+00
1.067000000000000000e+03,7.709282666164621212e+00
1.068000000000000000e+03,7.831064681807805350e+00
1.069000000000000000e+03,7.580236560519381328e+00
1.070000000000000000e+03,8.110791390964408265e+00
1.071000000000000000e+03,7.947229225231594363e+00
1.072000000000000000e+03,7.790490719370975370e+00
1.073000000000000000e+03,7.978904800597804936e+00
1.074000000000000000e+03,7.813644376463453334e+00
1.075000000000000000e+03,7.928801675671397042e+00
1.076000000000000000e+03,7.911090042881485651e+00
1.077000000000000000e+03,8.038778430375790762e+00
1.078000000000000000e+03,8.083102207860850541e+00
1.079000000000000000e+03,7.691715233833209098e+00
1.080000000000000000e+03,7.891577719800923596e+00
1.081000000000000000e+03,8.022666715740234267e+00
1.082000000000000000e+03,8.295750811333617136e+00
1.083000000000000000e+03,8.219599979548787516e+00
1.084000000000000000e+03,8.236212987593988899e+00
1.085000000000000000e+03,8.012428318898201951e+00
1.086000000000000000e+03,7.606223630162793015e+00
1.087000000000000000e+03,8.290122890090060537e+00
1.088000000000000000e+03,8.406514374235014131e+00
1.089000000000000000e+03,8.177199829816823140e+00
1.090000000000000000e+03,7.483743986752084076e+00
1.091000000000000000e+03,8.001954688459505860e+00
1.092000000000000000e+03,8.021556125723236619e+00
1.093000000000000000e+03,8.055914924251828424e+00
1.094000000000000000e+03,8.469622348550187141e+00
1.095000000000000000e+03,8.246401866560685079e+00
1.096000000000000000e+03,8.025375466018886073e+00
1.097000000000000000e+03,8.325777079433242633e+00
1.098000000000000000e+03,8.142754275623577342e+00
1.099000000000000000e+03,8.332067362588178483e+00
1.100000000000000000e+03,8.023585482475398933e+00
1.101000000000000000e+03,8.054199024871238066e+00
1.102000000000000000e+03,8.443475351106831894e+00
1.103000000000000000e+03,8.360810253160547489e+00
1.104000000000000000e+03,8.634789892985676119e+00
1.105000000000000000e+03,8.058831588363704057e+00
1.106000000000000000e+03,8.202488994016153612e+00
1.107000000000000000e+03,8.088067687611005141e+00
1.108000000000000000e+03,8.380451000108013915e+00
1.109000000000000000e+03,8.432181211282850697e+00
1.110000000000000000e+03,8.101984869996412542e+00
1.111000000000000000e+03,8.269234149302887360e+00
1.112000000000000000e+03,8.278536068402472026e+00
1.113000000000000000e+03,8.424915671924319227e+00
1.114000000000000000e+03,8.581006514251301454e+00
1.115000000000000000e+03,8.439241268081747904e+00
1.116000000000000000e+03,8.274587978374739805e+00
1.117000000000000000e+03,8.309109028799866792e+00
1.118000000000000000e+03,8.441667271840334053e+00
1.119000000000000000e+03,8.612956486084286212e+00
1.120000000000000000e+03,8.322565837653071341e+00
1.121000000000000000e+03,8.454493996590720428e+00
1.122000000000000000e+03,8.409689384179760197e+00
1.123000000000000000e+03,8.451490603429578030e+00
1.124000000000000000e+03,8.603596968744277262e+00
1.125000000000000000e+03,8.347446311493049720e+00
1.126000000000000000e+03,8.561481573535859368e+00
1.127000000000000000e+03,8.758248221060826566e+00
1.128000000000000000e+03,8.396634519467394142e+00
1.129000000000000000e+03,8.385232875495670868e+00
1.130000000000000000e+03,8.414661835150660352e+00
1.131000000000000000e+03,8.386047773571508657e+00
1.132000000000000000e+03,8.749848796677611062e+00
1.133000000000000000e+03,8.876720181604484949e+00
1.134000000000000000e+03,8.785275073380462985e+00
1.135000000000000000e+03,8.589598271805360952e+00
1.136000000000000000e+03,8.377121420176766975e+00
1.137000000000000000e+03,8.400287317465950920e+00
1.138000000000000000e+03,8.533979921624991860e+00
1.139000000000000000e+03,8.534700184863787342e+00
1.140000000000000000e+03,8.262815291129658846e+00
1.141000000000000000e+03,8.594810441390292155e+00
1.142000000000000000e+03,8.107615894786944111e+00
1.143000000000000000e+03,8.467213943415545785e+00
1.144000000000000000e+03,8.372994354267811801e+00
1.145000000000000000e+03,8.235222063034674633e+00
1.146000000000000000e+03,8.218022621352154999e+00
1.147000000000000000e+03,8.438533112117863055e+00
1.148000000000000000e+03,8.479766365853937060e+00
1.149000000000000000e+03,8.371022599100212958e+00
1.150000000000000000e+03,8.264786723948914116e+00
1.151000000000000000e+03,8.342545488748685401e+00
1.152000000000000000e+03,8.371427378226432126e+00
1.153000000000000000e+03,8.647840922623496240e+00
1.154000000000000000e+03,8.502267515399074327e+00
1.155000000000000000e+03,8.297770745585044239e+00
1.156000000000000000e+03,8.466121040875755455e+00
1.157000000000000000e+03,8.645347284477498562e+00
1.158000000000000000e+03,8.645834872047199582e+00
1.159000000000000000e+03,8.853148927241146993e+00
1.160000000000000000e+03,8.477858353541998682e+00
1.161000000000000000e+03,8.661359844353718529e+00
1.162000000000000000e+03,8.707777685046218963e+00
1.163000000000000000e+03,8.842718236168195745e+00
1.164000000000000000e+03,8.559051765708007409e+00
1.165000000000000000e+03,8.606879997934790083e+00
1.166000000000000000e+03,8.542052223484084550e+00
1.167000000000000000e+03,8.630212284936680689e+00
1.168000000000000000e+03,8.639309449769813298e+00
1.169000000000000000e+03,8.893096503665908870e+00
1.170000000000000000e+03,8.773732639019705459e+00
1.171000000000000000e+03,8.515861580270300379e+00
1.172000000000000000e+03,8.624936928703885286e+00
1.173000000000000000e+03,8.568874866824085501e+00
1.174000000000000000e+03,8.405657907810493157e+00
1.175000000000000000e+03,8.427867796789621835e+00
1.176000000000000000e+03,8.541180804434715057e+00
1.177000000000000000e+03,8.449096655674646072e+00
1.178000000000000000e+03,8.729109241045996725e+00
1.179000000000000000e+03,8.442592738135651587e+00
1.180000000000000000e+03,8.329053008250891565e+00
1.181000000000000000e+03,8.523554544386435339e+00
1.182000000000000000e+03,8.890006800278872134e+00
1.183000000000000000e+03,8.748012170516203057e+00
1.184000000000000000e+03,8.665961253129246700e+00
1.185000000000000000e+03,8.999432622468773957e+00
1.186000000000000000e+03,8.742092768667387048e+00
1.187000000000000000e+03,8.935150861363693409e+00
1.188000000000000000e+03,9.022001625008016390e+00
1.189000000000000000e+03,8.819325475037405937e+00
1.190000000000000000e+03,8.749820074650759949e+00
1.191000000000000000e+03,8.771066283414306497e+00
1.192000000000000000e+03,8.852788319345862078e+00
1.193000000000000000e+03,8.883423164916745662e+00
1.194000000000000000e+03,8.943000448594920826e+00
1.195000000000000000e+03,8.700007196152371947e+00
1.196000000000000000e+03,8.724112195453155749e+00
1.197000000000000000e+03,8.894073610708586486e+00
1.198000000000000000e+03,9.014640805993868966e+00
1.199000000000000000e+03,8.870367285398145896e+00
1.200000000000000000e+03,8.861539072632309555e+00
1.201000000000000000e+03,9.149841849271323824e+00
1.202000000000000000e+03,9.240124729965803141e+00
1.203000000000000000e+03,9.352022429184664531e+00
1.204000000000000000e+03,9.252699007469201931e+00
1.205000000000000000e+03,9.113537600673858208e+00
1.206000000000000000e+03,9.087081817499104375e+00
1.207000000000000000e+03,9.522121591450567024e+00
1.208000000000000000e+03,9.350801431681482256e+00
1.209000000000000000e+03,9.231675137523156494e+00
1.210000000000000000e+03,9.142835169433393361e+00
1.211000000000000000e+03,9.224307694690921267e+00
1.212000000000000000e+03,8.908714201225405915e+00
1.213000000000000000e+03,8.881933087386125081e+00
1.214000000000000000e+03,9.257699343029802463e+00
1.215000000000000000e+03,8.530433273024842222e+00
1.216000000000000000e+03,8.550849259777718814e+00
1.217000000000000000e+03,8.655524587217856336e+00
1.218000000000000000e+03,8.776303698443019385e+00
1.219000000000000000e+03,8.537904187315113802e+00
1.220000000000000000e+03,8.568805936185025729e+00
1.221000000000000000e+03,8.534403573644215868e+00
1.222000000000000000e+03,8.710214603796096355e+00
1.223000000000000000e+03,8.719677897724691817e+00
1.224000000000000000e+03,8.832114129572005368e+00
1.225000000000000000e+03,8.817942493485960043e+00
1.226000000000000000e+03,8.885804527962280375e+00
1.227000000000000000e+03,8.990313928401359789e+00
1.228000000000000000e+03,9.110191283395865369e+00
1.229000000000000000e+03,9.019917713921179470e+00
1.230000000000000000e+03,8.823144273486404288e+00
1.231000000000000000e+03,9.203051640150633261e+00
1.232000000000000000e+03,9.319703109168900212e+00
1.233000000000000000e+03,9.418885380159240484e+00
1.234000000000000000e+03,9.285671440884485150e+00
1.235000000000000000e+03,9.164828013477194446e+00
1.236000000000000000e+03,9.187000779989812571e+00
1.237000000000000000e+03,9.382097650753495444e+00
1.238000000000000000e+03,9.329736726249436174e+00
1.239000000000000000e+03,9.273279164813581943e+00
1.240000000000000000e+03,9.139418025639821863e+00
1.241000000000000000e+03,9.274775103536702758e+00
1.242000000000000000e+03,9.102470942563867240e+00
1.243000000000000000e+03,9.437824878511664295e+00
1.244000000000000000e+03,9.218869332971911135e+00
1.245000000000000000e+03,9.193656652224410308e+00
1.246000000000000000e+03,9.204857718152249291e+00
1.247000000000000000e+03,9.339382970794792627e+00
1.248000000000000000e+03,9.549096951572746406e+00
1.249000000000000000e+03,9.315576852884422721e+00
1.250000000000000000e+03,9.271215174632793321e+00
1.251000000000000000e+03,9.168620567140704836e+00
1.252000000000000000e+03,9.841491529927507642e+00
1.253000000000000000e+03,9.585201045051386259e+00
1.254000000000000000e+03,9.588676764221528259e+00
1.255000000000000000e+03,8.508165262137682205e+00
1.256000000000000000e+03,8.857914701999188622e+00
1.257000000000000000e+03,8.980112751200985954e+00
1.258000000000000000e+03,9.134036265796098064e+00
1.259000000000000000e+03,8.968949489624939986e+00
1.260000000000000000e+03,9.075345189599994811e+00
1.261000000000000000e+03,8.767546735820642922e+00
1.262000000000000000e+03,8.962501528746129154e+00
1.263000000000000000e+03,8.901076900227366195e+00
1.264000000000000000e+03,8.806978857501668756e+00
1.265000000000000000e+03,8.673328918897624362e+00
1.266000000000000000e+03,8.608417676207199776e+00
1.267000000000000000e+03,8.823117006098028625e+00
1.268000000000000000e+03,8.859628977632626246e+00
1.269000000000000000e+03,8.774595869792081615e+00
1.270000000000000000e+03,8.664604819156524584e+00
1.271000000000000000e+03,8.662268604933801797e+00
1.272000000000000000e+03,8.795881475990482201e+00
1.273000000000000000e+03,9.142992774922809929e+00
1.274000000000000000e+03,8.851263206134142081e+00
1.275000000000000000e+03,8.740428958991650177e+00
1.276000000000000000e+03,8.774466783181175344e+00
1.277000000000000000e+03,8.826820047875768793e+00
1.278000000000000000e+03,8.831544809856135103e+00
1.279000000000000000e+03,8.817557907889858271e+00
1.280000000000000000e+03,8.416351605875810549e+00
1.281000000000000000e+03,8.774154112519594761e+00
1.282000000000000000e+03,9.015363961693646289e+00
1.283000000000000000e+03,8.868897662795218295e+00
1.284000000000000000e+03,8.932196900681439899e+00
1.285000000000000000e+03,8.709071723889602268e+00
1.286000000000000000e+03,8.639410632035360749e+00
1.287000000000000000e+03,8.828271345275132020e+00
1.288000000000000000e+03,9.109905859050527965e+00
1.289000000000000000e+03,9.110901566462230150e+00
1.290000000000000000e+03,8.881908784933031598e+00
1.291000000000000000e+03,8.835785545911766903e+00
1.292000000000000000e+03,8.929570972900826575e+00
1.293000000000000000e+03,9.091948354384804531e+00
1.294000000000000000e+03,8.836673207331784852e+00
1.295000000000000000e+03,8.790230851399307710e+00
1.296000000000000000e+03,8.733368876908842893e+00
1.297000000000000000e+03,8.926684414985228244e+00
1.298000000000000000e+03,8.989967877944282648e+00
1.299000000000000000e+03,8.897668579996929950e+00
1.300000000000000000e+03,8.878745294257356591e+00
1.301000000000000000e+03,8.873603397153512873e+00
1.302000000000000000e+03,8.725992238430810843e+00
1.303000000000000000e+03,8.629234115968136720e+00
1.304000000000000000e+03,8.704918428436759115e+00
1.305000000000000000e+03,8.537125016269312638e+00
1.306000000000000000e+03,8.749048618293473467e+00
1.307000000000000000e+03,8.713037183741310088e+00
1.308000000000000000e+03,8.860645936991028648e+00
1.309000000000000000e+03,8.738793731347980653e+00
1.310000000000000000e+03,8.731352504447265517e+00
1.311000000000000000e+03,8.475812015016055412e+00
1.312000000000000000e+03,8.740481681148473569e+00
1.313000000000000000e+03,8.786759654176345080e+00
1.314000000000000000e+03,8.748744058258477452e+00
1.315000000000000000e+03,8.568753627783706861e+00
1.316000000000000000e+03,8.436131285144268688e+00
1.317000000000000000e+03,8.468007617347785398e+00
1.318000000000000000e+03,8.485862969178674220e+00
1.319000000000000000e+03,8.390228830262397963e+00
1.320000000000000000e+03,8.122911999492648860e+00
1.321000000000000000e+03,8.355721568973024205e+00
1.322000000000000000e+03,8.466612740332433162e+00
1.323000000000000000e+03,8.568490840639380934e+00
1.324000000000000000e+03,8.402131933626915128e+00
1.325000000000000000e+03,8.380141817734601872e+00
1.326000000000000000e+03,8.664864117210601790e+00
1.327000000000000000e+03,8.384016778776178569e+00
1.328000000000000000e+03,8.562346342464900673e+00
1.329000000000000000e+03,8.520784453551444315e+00
1.330000000000000000e+03,8.431758512154727825e+00
1.331000000000000000e+03,8.177038176858896890e+00
1.332000000000000000e+03,8.744247028153807832e+00
1.333000000000000000e+03,8.702968750031386591e+00
1.334000000000000000e+03,8.545963319894671173e+00
1.335000000000000000e+03,8.559777657146405261e+00
1.336000000000000000e+03,8.601969799791085336e+00
1.337000000000000000e+03,8.736325861970112072e+00
1.338000000000000000e+03,8.615811705373404905e+00
1.339000000000000000e+03,8.275758924861385424e+00
1.340000000000000000e+03,8.644918036152134277e+00
1.341000000000000000e+03,8.446149225732412447e+00
1.342000000000000000e+03,8.643558731688353092e+00
1.343000000000000000e+03,9.009146977006109225e+00
1.344000000000000000e+03,8.892177542436055404e+00
1.345000000000000000e+03,8.802780203714153373e+00
1.346000000000000000e+03,8.671381998900377752e+00
1.347000000000000000e+03,8.897724140481310329e+00
1.348000000000000000e+03,9.065573795462244178e+00
1.349000000000000000e+03,8.973193491644687825e+00
1.350000000000000000e+03,8.925695783782064296e+00
1.351000000000000000e+03,8.754533077596759583e+00
1.352000000000000000e+03,8.903208243279227219e+00
1.353000000000000000e+03,8.927870912882617915e+00
1.354000000000000000e+03,9.289073457870928863e+00
1.355000000000000000e+03,9.223433851465419053e+00
1.356000000000000000e+03,8.833456665981744393e+00
1.357000000000000000e+03,9.164644416280177452e+00
1.358000000000000000e+03,9.355305512346186347e+00
1.359000000000000000e+03,9.219759085523861586e+00
1.360000000000000000e+03,9.108676358305192622e+00
1.361000000000000000e+03,8.865652270836280380e+00
1.362000000000000000e+03,9.299720373843580745e+00
1.363000000000000000e+03,9.298305941633005389e+00
1.364000000000000000e+03,9.182484551898276948e+00
1.365000000000000000e+03,9.178338604237023191e+00
1.366000000000000000e+03,9.372607513895035325e+00
1.367000000000000000e+03,9.411139628592662731e+00
1.368000000000000000e+03,9.458079145632607876e+00
1.369000000000000000e+03,9.356592469935636203e+00
1.370000000000000000e+03,8.979430384051205749e+00
1.371000000000000000e+03,8.989662541159955111e+00
1.372000000000000000e+03,9.144278202040293735e+00
1.373000000000000000e+03,8.905044219592660681e+00
1.374000000000000000e+03,8.909364365023023424e+00
1.375000000000000000e+03,8.624907157014670034e+00
1.376000000000000000e+03,8.398463448394368314e+00
1.377000000000000000e+03,8.809033833351165299e+00
1.378000000000000000e+03,8.814285490647215227e+00
1.379000000000000000e+03,8.709532926878031489e+00
1.380000000000000000e+03,8.838219740339614106e+00
1.381000000000000000e+03,8.591733890659476458e+00
1.382000000000000000e+03,8.648054152954937734e+00
1.383000000000000000e+03,9.208038956047252199e+00
1.384000000000000000e+03,8.865804972107317994e+00
1.385000000000000000e+03,8.320955623401582457e+00
1.386000000000000000e+03,8.472493390299437266e+00
1.387000000000000000e+03,8.596566795120542892e+00
1.388000000000000000e+03,8.396880134482685776e+00
1.389000000000000000e+03,8.397506706543472532e+00
1.390000000000000000e+03,8.458344518889672869e+00
1.391000000000000000e+03,8.475367194128462955e+00
1.392000000000000000e+03,8.513918735591461839e+00
1.393000000000000000e+03,8.810599271512373321e+00
1.394000000000000000e+03,8.455201061135614538e+00
1.395000000000000000e+03,8.072163129684474470e+00
1.396000000000000000e+03,8.073939807867860807e+00
1.397000000000000000e+03,8.242276717166749478e+00
1.398000000000000000e+03,8.316323054670016646e+00
1.399000000000000000e+03,8.316581111362363998e+00
1.400000000000000000e+03,8.277728956879874644e+00
1.401000000000000000e+03,8.283215210333498391e+00
1.402000000000000000e+03,8.317703216326730598e+00
1.403000000000000000e+03,8.340594905114212310e+00
1.404000000000000000e+03,8.335676805239462084e+00
1.405000000000000000e+03,8.068769310082968715e+00
1.406000000000000000e+03,8.165109710604275151e+00
1.407000000000000000e+03,8.298853705441453954e+00
1.408000000000000000e+03,8.308638138646108118e+00
1.409000000000000000e+03,8.269429906711550871e+00
1.410000000000000000e+03,8.213014644443003220e+00
1.411000000000000000e+03,8.197344591581048334e+00
1.412000000000000000e+03,8.244075735369872149e+00
1.413000000000000000e+03,8.411645127945730493e+00
1.414000000000000000e+03,8.335616560761007321e+00
1.415000000000000000e+03,8.195307379125635450e+00
1.416000000000000000e+03,8.140929967064215234e+00
1.417000000000000000e+03,8.368099527597621545e+00
1.418000000000000000e+03,8.419571910481529642e+00
1.419000000000000000e+03,8.191291797243371420e+00
1.420000000000000000e+03,8.245832170534374228e+00
1.421000000000000000e+03,8.242028952224897509e+00
1.422000000000000000e+03,8.248807518306097819e+00
1.423000000000000000e+03,8.231409749331881187e+00
1.424000000000000000e+03,8.217925324286438737e+00
1.425000000000000000e+03,8.501182678361082878e+00
1.426000000000000000e+03,8.419204135622262442e+00
1.427000000000000000e+03,8.658565262866741108e+00
1.428000000000000000e+03,8.661647660263254167e+00
1.429000000000000000e+03,8.686103479898443780e+00
1.430000000000000000e+03,8.513727513605767072e+00
1.431000000000000000e+03,8.624560860357952663e+00
1.432000000000000000e+03,8.781185795451447618e+00
1.433000000000000000e+03,8.839116775722281716e+00
1.434000000000000000e+03,8.706447482656200165e+00
1.435000000000000000e+03,8.520123763903303171e+00
1.436000000000000000e+03,9.025921158406511324e+00
1.437000000000000000e+03,8.735456329767217198e+00
1.438000000000000000e+03,8.736401071218807601e+00
1.439000000000000000e+03,8.628792606046864933e+00
1.440000000000000000e+03,8.612359677099387767e+00
1.441000000000000000e+03,8.224586151795994837e+00
1.442000000000000000e+03,8.726254876694131468e+00
1.443000000000000000e+03,8.991814938927779721e+00
1.444000000000000000e+03,8.888289057570601059e+00
1.445000000000000000e+03,8.860559984886490881e+00
1.446000000000000000e+03,8.913544672817089065e+00
1.447000000000000000e+03,9.042172722044087507e+00
1.448000000000000000e+03,9.083444141419024120e+00
1.449000000000000000e+03,9.088659202518966751e+00
1.450000000000000000e+03,8.570790511500478104e+00
1.451000000000000000e+03,8.789726442581699217e+00
1.452000000000000000e+03,8.938977613064263750e+00
1.453000000000000000e+03,9.063703225169934541e+00
1.454000000000000000e+03,9.059803695284658787e+00
1.455000000000000000e+03,8.844966020887619962e+00
1.456000000000000000e+03,8.811216141868964513e+00
1.457000000000000000e+03,8.913424415877855722e+00
1.458000000000000000e+03,9.068159800126707637e+00
1.459000000000000000e+03,8.884574346729094074e+00
1.460000000000000000e+03,8.556143147558891826e+00
1.461000000000000000e+03,8.804915664331915082e+00
1.462000000000000000e+03,9.029488068255888678e+00
1.463000000000000000e+03,8.944582799870653744e+00
1.464000000000000000e+03,8.922414199855513317e+00
1.465000000000000000e+03,8.747265868939081201e+00
1.466000000000000000e+03,8.772461118348671150e+00
1.467000000000000000e+03,8.925889367099975047e+00
1.468000000000000000e+03,9.074687776848245235e+00
1.469000000000000000e+03,8.609895249826434949e+00
1.470000000000000000e+03,8.761135735322858054e+00
1.471000000000000000e+03,8.872995165620977787e+00
1.472000000000000000e+03,8.627324616609104879e+00
1.473000000000000000e+03,8.827553046692903749e+00
1.474000000000000000e+03,8.968433322571515376e+00
1.475000000000000000e+03,8.370013353703685155e+00
1.476000000000000000e+03,8.552213457791030038e+00
1.477000000000000000e+03,8.653806614347427484e+00
1.478000000000000000e+03,8.634642963470021471e+00
1.479000000000000000e+03,8.540287746312664297e+00
1.480000000000000000e+03,8.555197757936729985e+00
1.481000000000000000e+03,8.514110340383904685e+00
1.482000000000000000e+03,8.595751106147389464e+00
1.483000000000000000e+03,8.732853507294915829e+00
1.484000000000000000e+03,8.366148339046963756e+00
1.485000000000000000e+03,8.878664336675210933e+00
1.486000000000000000e+03,8.622135275716889424e+00
1.487000000000000000e+03,8.919275198902370860e+00
1.488000000000000000e+03,8.847176596257108727e+00
1.489000000000000000e+03,8.690463662021484126e+00
1.490000000000000000e+03,8.401620708407440574e+00
1.491000000000000000e+03,8.626972064423064523e+00
1.492000000000000000e+03,8.663352004730290545e+00
1.493000000000000000e+03,8.783200485951502046e+00
1.494000000000000000e+03,8.557454958394977496e+00
1.495000000000000000e+03,8.582683399518167278e+00
1.496000000000000000e+03,8.250841828646485965e+00
1.497000000000000000e+03,9.004605539569860539e+00
1.498000000000000000e+03,8.779315491895086865e+00
1.499000000000000000e+03,8.951555066816757389e+00
1.500000000000000000e+03,8.570752989699641944e+00
1.501000000000000000e+03,8.271682375033758916e+00
1.502000000000000000e+03,8.599079509708804636e+00
1.503000000000000000e+03,8.885484523118858391e+00
1.504000000000000000e+03,8.628210950252004352e+00
1.505000000000000000e+03,8.532250540675052619e+00
1.506000000000000000e+03,8.498273855645551933e+00
1.507000000000000000e+03,8.549844825519818059e+00
1.508000000000000000e+03,8.832320619642178627e+00
1.509000000000000000e+03,8.875320861214143875e+00
1.510000000000000000e+03,8.473961904659622846e+00
1.511000000000000000e+03,8.461628080327093571e+00
1.512000000000000000e+03,8.460422370561863303e+00
1.513000000000000000e+03,8.542656319057023495e+00
1.514000000000000000e+03,8.439129339072310998e+00
1.515000000000000000e+03,8.550623756504172945e+00
1.516000000000000000e+03,8.433595576187773446e+00
1.517000000000000000e+03,8.394182489362060906e+00
1.518000000000000000e+03,8.559116525360934702e+00
1.519000000000000000e+03,8.424244733126171170e+00
1.520000000000000000e+03,8.508398242278408574e+00
1.521000000000000000e+03,8.410132802119196782e+00
1.522000000000000000e+03,8.561136567819128018e+00
1.523000000000000000e+03,8.527967834786027268e+00
1.524000000000000000e+03,8.408096037968459058e+00
1.525000000000000000e+03,8.614842277146085081e+00
1.526000000000000000e+03,8.778440935640071885e+00
1.527000000000000000e+03,8.616897716242734262e+00
1.528000000000000000e+03,8.591035275963424311e+00
1.529000000000000000e+03,8.478274793597655901e+00
1.530000000000000000e+03,8.398209703781931879e+00
1.531000000000000000e+03,8.438299970586735199e+00
1.532000000000000000e+03,8.535459554735858489e+00
1.533000000000000000e+03,8.641473395666308122e+00
1.534000000000000000e+03,8.478664989721961476e+00
1.535000000000000000e+03,8.315895101715623738e+00
1.536000000000000000e+03,8.504854357480150284e+00
1.537000000000000000e+03,8.596442304198761875e+00
1.538000000000000000e+03,8.767382910861154954e+00
1.539000000000000000e+03,8.741543180994899132e+00
1.540000000000000000e+03,8.746196337745603344e+00
1.541000000000000000e+03,8.627873245334823693e+00
1.542000000000000000e+03,8.814822468761533969e+00
1.543000000000000000e+03,8.905879953198123644e+00
1.544000000000000000e+03,8.713956413413219693e+00
1.545000000000000000e+03,9.041915102423216055e+00
1.546000000000000000e+03,8.689344588396116009e+00
1.547000000000000000e+03,8.907752540587750900e+00
1.548000000000000000e+03,8.848095257155183191e+00
1.549000000000000000e+03,8.816376613149904173e+00
1.550000000000000000e+03,8.729891001537533057e+00
1.551000000000000000e+03,8.639763176470244943e+00
1.552000000000000000e+03,8.759992527852752175e+00
1.553000000000000000e+03,8.964722994786184174e+00
1.554000000000000000e+03,8.950528049581684797e+00
1.555000000000000000e+03,8.601508559959704314e+00
1.556000000000000000e+03,8.663313913646979003e+00
1.557000000000000000e+03,8.803108208095153486e+00
1.558000000000000000e+03,8.844575905705669427e+00
1.559000000000000000e+03,8.825002602866881318e+00
1.560000000000000000e+03,8.531479910651814436e+00
1.561000000000000000e+03,8.580116135652502862e+00
1.562000000000000000e+03,8.825910168636212916e+00
1.563000000000000000e+03,9.033219107063430897e+00
1.564000000000000000e+03,8.934549437253695103e+00
1.565000000000000000e+03,8.916484971100445023e+00
1.566000000000000000e+03,8.768783431867980482e+00
1.567000000000000000e+03,9.001805348076114655e+00
1.568000000000000000e+03,9.333608234491002520e+00
1.569000000000000000e+03,8.756796360658302802e+00
1.570000000000000000e+03,8.562973636335621919e+00
1.571000000000000000e+03,8.527888905366083350e+00
1.572000000000000000e+03,8.713850555550909149e+00
1.573000000000000000e+03,8.755150929683727767e+00
1.574000000000000000e+03,8.817596793030697100e+00
1.575000000000000000e+03,8.670305646800374078e+00
1.576000000000000000e+03,8.456961206453497581e+00
1.577000000000000000e+03,8.836757961428048702e+00
1.578000000000000000e+03,8.823050250252917337e+00
1.579000000000000000e+03,8.733431747043729487e+00
1.580000000000000000e+03,8.832435291302052960e+00
1.581000000000000000e+03,8.779315547760777605e+00
1.582000000000000000e+03,8.905444245884748256e+00
1.583000000000000000e+03,8.995595154151276418e+00
1.584000000000000000e+03,8.542482870714716015e+00
1.585000000000000000e+03,8.418301135398072788e+00
1.586000000000000000e+03,8.554941573458823001e+00
1.587000000000000000e+03,8.603348113652430129e+00
1.588000000000000000e+03,8.695671428633255928e+00
1.589000000000000000e+03,8.272868929505595048e+00
1.590000000000000000e+03,8.370413031702209850e+00
1.591000000000000000e+03,8.509967908073415188e+00
1.592000000000000000e+03,8.804200877166742600e+00
1.593000000000000000e+03,8.637689116280386159e+00
1.594000000000000000e+03,8.602586977006781765e+00
1.595000000000000000e+03,8.576025249576002096e+00
1.596000000000000000e+03,8.520561124244325768e+00
1.597000000000000000e+03,8.571390926678642330e+00
1.598000000000000000e+03,8.764088344482335202e+00
1.599000000000000000e+03,8.578372292792019849e+00
1.600000000000000000e+03,8.539160515779473215e+00
1.601000000000000000e+03,8.564575391325380593e+00
1.602000000000000000e+03,8.584170011440221515e+00
1.603000000000000000e+03,8.642624800066348811e+00
1.604000000000000000e+03,8.215611031488867511e+00
1.605000000000000000e+03,8.100595341332549992e+00
1.606000000000000000e+03,8.185101331397580893e+00
1.607000000000000000e+03,8.279523491357512199e+00
1.608000000000000000e+03,8.303593089577988806e+00
1.609000000000000000e+03,8.213081361026809191e+00
1.610000000000000000e+03,8.249300602620710521e+00
1.611000000000000000e+03,8.130128734936686641e+00
1.612000000000000000e+03,8.404536055066039069e+00
1.613000000000000000e+03,8.932751598427405071e+00
1.614000000000000000e+03,8.685297027938151615e+00
1.615000000000000000e+03,8.399454327873815629e+00
1.616000000000000000e+03,8.687464571116674250e+00
1.617000000000000000e+03,8.728006902521526555e+00
1.618000000000000000e+03,8.765408847350906640e+00
1.619000000000000000e+03,8.517712683505752835e+00
1.620000000000000000e+03,8.439350048649126634e+00
1.621000000000000000e+03,8.202465968367983251e+00
1.622000000000000000e+03,8.365551016760070624e+00
1.623000000000000000e+03,8.400320156721864606e+00
1.624000000000000000e+03,8.411638815540603886e+00
1.625000000000000000e+03,8.317171960820418875e+00
1.626000000000000000e+03,8.145225963261566449e+00
1.627000000000000000e+03,8.505021485433905681e+00
1.628000000000000000e+03,8.331605606095425998e+00
1.629000000000000000e+03,8.097808565726356989e+00
1.630000000000000000e+03,8.233227165071905773e+00
1.631000000000000000e+03,8.322089689986398753e+00
1.632000000000000000e+03,8.420745933128481298e+00
1.633000000000000000e+03,8.769899145192917800e+00
1.634000000000000000e+03,8.592825508899528231e+00
1.635000000000000000e+03,8.580990216615367316e+00
1.636000000000000000e+03,8.549690264832728204e+00
1.637000000000000000e+03,8.821030138822910871e+00
1.638000000000000000e+03,8.974226320790844369e+00
1.639000000000000000e+03,8.743789210064621287e+00
1.640000000000000000e+03,8.634305166798112552e+00
1.641000000000000000e+03,8.990472706113878942e+00
1.642000000000000000e+03,8.778073889441415645e+00
1.643000000000000000e+03,8.806021391359198702e+00
1.644000000000000000e+03,8.725966007898097843e+00
1.645000000000000000e+03,8.515136630416723307e+00
1.646000000000000000e+03,8.657746689435640519e+00
1.647000000000000000e+03,8.932437672975465759e+00
1.648000000000000000e+03,8.934432809104041695e+00
1.649000000000000000e+03,9.062036456973682874e+00
1.650000000000000000e+03,8.860140877171774676e+00
1.651000000000000000e+03,9.021530284888379825e+00
1.652000000000000000e+03,9.006870250850990800e+00
1.653000000000000000e+03,9.031473760551806507e+00
1.654000000000000000e+03,9.031445721191724729e+00
1.655000000000000000e+03,9.107167846580978221e+00
1.656000000000000000e+03,8.886464969266171465e+00
1.657000000000000000e+03,9.200874167784936830e+00
1.658000000000000000e+03,9.108220176419479230e+00
1.659000000000000000e+03,9.394047662486421757e+00
1.660000000000000000e+03,8.880783791320903120e+00
1.661000000000000000e+03,9.043186369816055503e+00
1.662000000000000000e+03,9.109624992052756554e+00
1.663000000000000000e+03,9.106587754781161337e+00
1.664000000000000000e+03,8.905337697507647476e+00
1.665000000000000000e+03,8.968981751403973135e+00
1.666000000000000000e+03,8.773371109461216122e+00
1.667000000000000000e+03,9.071434056945594904e+00
1.668000000000000000e+03,9.220756910949743812e+00
1.669000000000000000e+03,9.078991936378230321e+00
1.670000000000000000e+03,8.845754858578370516e+00
1.671000000000000000e+03,8.783685514355360269e+00
1.672000000000000000e+03,8.933804535022279225e+00
1.673000000000000000e+03,8.917103695036999511e+00
1.674000000000000000e+03,8.918053246537256840e+00
1.675000000000000000e+03,9.202089080117653808e+00
1.676000000000000000e+03,8.852870230518336214e+00
1.677000000000000000e+03,8.771751302666196182e+00
1.678000000000000000e+03,8.899923112661864977e+00
1.679000000000000000e+03,8.560534901328361812e+00
1.680000000000000000e+03,8.624058164088111766e+00
1.681000000000000000e+03,8.625224309273535894e+00
1.682000000000000000e+03,8.929177461773537772e+00
1.683000000000000000e+03,8.681855023304711594e+00
1.684000000000000000e+03,8.870774356382455039e+00
1.685000000000000000e+03,8.833788013740626610e+00
1.686000000000000000e+03,8.870459893482026459e+00
1.687000000000000000e+03,8.807794355782332829e+00
1.688000000000000000e+03,8.907274461203201099e+00
1.689000000000000000e+03,8.739383277434026098e+00
1.690000000000000000e+03,8.698170665216245823e+00
1.691000000000000000e+03,8.777862243328033998e+00
1.692000000000000000e+03,8.896757401424757461e+00
1.693000000000000000e+03,9.076829126816836180e+00
1.694000000000000000e+03,8.883847035497545619e+00
1.695000000000000000e+03,8.828627780670592173e+00
1.696000000000000000e+03,8.860140643900383139e+00
1.697000000000000000e+03,8.845633454350883440e+00
1.698000000000000000e+03,8.921105214557419671e+00
1.699000000000000000e+03,8.969634654319939671e+00
1.700000000000000000e+03,9.032444956770804723e+00
1.701000000000000000e+03,8.784240916806437482e+00
1.702000000000000000e+03,9.003492877756963608e+00
1.703000000000000000e+03,8.775324977483913713e+00
1.704000000000000000e+03,8.908181046650229362e+00
1.705000000000000000e+03,8.763455448006205017e+00
1.706000000000000000e+03,8.710730872683400960e+00
1.707000000000000000e+03,8.937047911415803014e+00
1.708000000000000000e+03,8.955973811939612617e+00
1.709000000000000000e+03,8.878433921807102891e+00
1.710000000000000000e+03,8.706526240451401222e+00
1.711000000000000000e+03,8.891944814345693615e+00
1.712000000000000000e+03,8.639580515326510834e+00
1.713000000000000000e+03,8.778584255496662436e+00
1.714000000000000000e+03,8.569162172739202887e+00
1.715000000000000000e+03,8.386591842572189037e+00
1.716000000000000000e+03,8.537544785016203619e+00
1.717000000000000000e+03,8.608199616080099759e+00
1.718000000000000000e+03,8.567479677235985136e+00
1.719000000000000000e+03,8.596384082658154568e+00
1.720000000000000000e+03,8.485929534855863210e+00
1.721000000000000000e+03,8.500776353272382124e+00
1.722000000000000000e+03,8.692230943051182379e+00
1.723000000000000000e+03,8.703991557233587528e+00
1.724000000000000000e+03,8.390706958212229338e+00
1.725000000000000000e+03,8.468198536656107223e+00
1.726000000000000000e+03,8.543522948376301329e+00
1.727000000000000000e+03,8.642505053029164941e+00
1.728000000000000000e+03,8.770052939546774340e+00
1.729000000000000000e+03,8.418747073486247956e+00
1.730000000000000000e+03,8.379551984363372341e+00
1.731000000000000000e+03,8.522833018457582455e+00
1.732000000000000000e+03,8.607921574922368535e+00
1.733000000000000000e+03,8.682313587611705685e+00
1.734000000000000000e+03,8.773511221818132810e+00
1.735000000000000000e+03,8.426703687553517952e+00
1.736000000000000000e+03,8.366916078484866404e+00
1.737000000000000000e+03,8.375914387789009652e+00
1.738000000000000000e+03,8.604629223405177996e+00
1.739000000000000000e+03,8.540941624757779849e+00
1.740000000000000000e+03,8.569197362421567377e+00
1.741000000000000000e+03,8.416878956819108026e+00
1.742000000000000000e+03,8.615541672973769494e+00
1.743000000000000000e+03,8.675558723577514897e+00
1.744000000000000000e+03,8.934870472111649420e+00
1.745000000000000000e+03,8.384204416908556112e+00
1.746000000000000000e+03,8.305835150209572859e+00
1.747000000000000000e+03,8.567382388700039542e+00
1.748000000000000000e+03,8.846336411692837132e+00
1.749000000000000000e+03,8.596726551532073657e+00
1.750000000000000000e+03,8.598750830338016016e+00
1.751000000000000000e+03,8.520985950427983013e+00
1.752000000000000000e+03,9.115885821764916130e+00
1.753000000000000000e+03,8.973693281645887865e+00
1.754000000000000000e+03,8.444943739817832196e+00
1.755000000000000000e+03,8.796859182617209783e+00
1.756000000000000000e+03,8.903690956948317137e+00
1.757000000000000000e+03,8.731017400974188547e+00
1.758000000000000000e+03,8.837348093410790639e+00
1.759000000000000000e+03,8.851592185384705047e+00
1.760000000000000000e+03,9.156279154999262815e+00
1.761000000000000000e+03,8.953160540668479328e+00
1.762000000000000000e+03,8.860569240948793279e+00
1.763000000000000000e+03,9.072618811764051827e+00
1.764000000000000000e+03,8.825908287434407029e+00
1.765000000000000000e+03,8.871853370106057568e+00
1.766000000000000000e+03,9.417973500551124033e+00
1.767000000000000000e+03,8.923144898678522452e+00
1.768000000000000000e+03,9.117675231073437914e+00
1.769000000000000000e+03,8.970182084814423362e+00
1.770000000000000000e+03,8.643915318452192409e+00
1.771000000000000000e+03,8.929861678875813169e+00
1.772000000000000000e+03,8.860004608669450832e+00
1.773000000000000000e+03,9.243470841781954661e+00
1.774000000000000000e+03,8.637732835496176875e+00
1.775000000000000000e+03,9.005786544535366644e+00
1.776000000000000000e+03,8.877256411046214879e+00
1.777000000000000000e+03,8.666560270209897610e+00
1.778000000000000000e+03,9.046384722989921912e+00
1.779000000000000000e+03,9.111771072931043491e+00
1.780000000000000000e+03,8.868758825557707226e+00
1.781000000000000000e+03,9.075676300926463824e+00
1.782000000000000000e+03,8.690913011589634252e+00
1.783000000000000000e+03,8.778107024061924335e+00
1.784000000000000000e+03,8.881269836382010396e+00
1.785000000000000000e+03,8.486635577143905707e+00
1.786000000000000000e+03,8.795908324551527713e+00
1.787000000000000000e+03,8.805645418878844666e+00
1.788000000000000000e+03,8.509647862185916622e+00
1.789000000000000000e+03,8.597315571719271077e+00
1.790000000000000000e+03,8.478875924974355272e+00
1.791000000000000000e+03,8.690270335042280081e+00
1.792000000000000000e+03,8.315459079066870984e+00
1.793000000000000000e+03,8.747537927656804158e+00
1.794000000000000000e+03,8.767375142694698198e+00
1.795000000000000000e+03,8.506840844461615703e+00
1.796000000000000000e+03,8.848496000795321947e+00
1.797000000000000000e+03,8.850150596023583560e+00
1.798000000000000000e+03,8.595377128526610733e+00
1.799000000000000000e+03,8.563895235763963498e+00
1.800000000000000000e+03,8.889794129905833842e+00
1.801000000000000000e+03,8.554155171399797197e+00
1.802000000000000000e+03,9.135369349781726100e+00
1.803000000000000000e+03,8.610351755384106909e+00
1.804000000000000000e+03,8.516829135471166268e+00
1.805000000000000000e+03,8.552804825167184433e+00
1.806000000000000000e+03,8.505636371892324021e+00
1.807000000000000000e+03,8.779567806708836741e+00
1.808000000000000000e+03,8.858908514055380934e+00
1.809000000000000000e+03,8.610912613294335216e+00
1.810000000000000000e+03,8.637138859755459919e+00
1.811000000000000000e+03,8.767652437966354739e+00
1.812000000000000000e+03,8.709635959633272861e+00
1.813000000000000000e+03,8.930738215720998241e+00
1.814000000000000000e+03,8.772875349279743773e+00
1.815000000000000000e+03,8.752957896895010137e+00
1.816000000000000000e+03,8.894503927201864002e+00
1.817000000000000000e+03,8.952317578928536079e+00
1.818000000000000000e+03,9.286664357650305845e+00
1.819000000000000000e+03,9.277019165529093669e+00
1.820000000000000000e+03,9.438958437631228549e+00
1.821000000000000000e+03,9.419289024005870203e+00
1.822000000000000000e+03,9.337977521680688398e+00
1.823000000000000000e+03,9.649483916613474932e+00
1.824000000000000000e+03,9.747752361447039604e+00
1.825000000000000000e+03,9.842634814528766540e+00
1.826000000000000000e+03,9.606935738010653481e+00
1.827000000000000000e+03,9.714809868695070350e+00
1.828000000000000000e+03,9.616214356693149057e+00
1.829000000000000000e+03,9.502562383418972303e+00
1.830000000000000000e+03,9.713922258770562479e+00
1.831000000000000000e+03,9.711066110760633308e+00
1.832000000000000000e+03,9.896441475926387454e+00
1.833000000000000000e+03,9.940402603097307832e+00
1.834000000000000000e+03,1.003239258917302124e+01
1.835000000000000000e+03,9.803524812263724186e+00
1.836000000000000000e+03,9.828911240670459293e+00
1.837000000000000000e+03,1.004489520835939587e+01
1.838000000000000000e+03,1.006558375864312005e+01
1.839000000000000000e+03,1.022106172914828726e+01
1.840000000000000000e+03,9.900630590094980477e+00
1.841000000000000000e+03,1.005167787556225001e+01
1.842000000000000000e+03,1.032642218905008846e+01
1.843000000000000000e+03,1.013154760917490727e+01
1.844000000000000000e+03,1.002849389799819768e+01
1.845000000000000000e+03,1.003605101355670293e+01
1.846000000000000000e+03,1.022494807826639551e+01
1.847000000000000000e+03,1.059656705829754664e+01
1.848000000000000000e+03,1.039854839207485426e+01
1.849000000000000000e+03,9.813000903687800758e+00
1.850000000000000000e+03,1.031284176032835020e+01
1.851000000000000000e+03,1.067210011130863379e+01
1.852000000000000000e+03,1.041173872202439732e+01
1.853000000000000000e+03,1.040388842659546498e+01
1.854000000000000000e+03,1.034843621155352444e+01
1.855000000000000000e+03,1.080278628758182080e+01
1.856000000000000000e+03,1.082571046803991344e+01
1.857000000000000000e+03,1.108183779621106702e+01
1.858000000000000000e+03,1.094956560351110575e+01
1.859000000000000000e+03,1.137964870081606250e+01
1.860000000000000000e+03,1.093138186800245393e+01
1.861000000000000000e+03,1.133715463186796946e+01
1.862000000000000000e+03,1.170404495053562144e+01
1.863000000000000000e+03,1.225256092919781459e+01
1.864000000000000000e+03,1.223139304093862378e+01
1.865000000000000000e+03,1.211080240272170627e+01
1.866000000000000000e+03,1.231062558040736477e+01
1.867000000000000000e+03,1.255909278881567737e+01
1.868000000000000000e+03,1.288182170308856911e+01
1.869000000000000000e+03,1.312636416641822024e+01
1.870000000000000000e+03,1.336498575494928787e+01
1.871000000000000000e+03,1.357403904279838436e+01
1.872000000000000000e+03,1.403458171026282386e+01
1.873000000000000000e+03,1.461077271974843050e+01
1.874000000000000000e+03,1.477238154110093049e+01
1.875000000000000000e+03,1.462158944211268619e+01
1.876000000000000000e+03,1.531467590832763825e+01
1.877000000000000000e+03,1.577804069612727922e+01
1.878000000000000000e+03,1.620273105186318574e+01
1.879000000000000000e+03,1.610162026044525163e+01
1.880000000000000000e+03,1.665825725655867728e+01
1.881000000000000000e+03,1.713093630708143777e+01
1.882000000000000000e+03,1.749439655792383164e+01
1.883000000000000000e+03,1.811411325242600867e+01
1.884000000000000000e+03,1.877303839811181163e+01
1.885000000000000000e+03,1.872860306668093955e+01
1.886000000000000000e+03,1.895266896994791495e+01
1.887000000000000000e+03,1.997241507489911783e+01
1.888000000000000000e+03,2.030768630158372545e+01
1.889000000000000000e+03,2.078985750981639313e+01
1.890000000000000000e+03,2.060260375845443193e+01
1.891000000000000000e+03,2.155452849148707628e+01
1.892000000000000000e+03,2.196409282152793452e+01
1.893000000000000000e+03,2.269110473870324540e+01
1.894000000000000000e+03,2.309302477537678300e+01
1.895000000000000000e+03,2.325517103177551803e+01
1.896000000000000000e+03,2.378409487631823183e+01
1.897000000000000000e+03,2.414552269872148926e+01
1.898000000000000000e+03,2.474747735463579090e+01
1.899000000000000000e+03,2.498142816516113029e+01
1.900000000000000000e+03,2.526103952985595669e+01
1.901000000000000000e+03,2.556146459121801939e+01
1.902000000000000000e+03,2.634598942993600090e+01
1.903000000000000000e+03,2.667071709893977527e+01
1.904000000000000000e+03,2.689660073762249937e+01
1.905000000000000000e+03,2.709090481221474178e+01
1.906000000000000000e+03,2.782678208607584125e+01
1.907000000000000000e+03,2.811943528952059523e+01
1.908000000000000000e+03,2.842280304608679486e+01
1.909000000000000000e+03,2.865994528700364796e+01
1.910000000000000000e+03,2.896971461586169738e+01
1.911000000000000000e+03,2.911586719468364493e+01
1.912000000000000000e+03,2.950270761022919785e+01
1.913000000000000000e+03,2.993747185530901689e+01
1.914000000000000000e+03,3.010885755872581271e+01
1.915000000000000000e+03,3.019567201857828209e+01
1.916000000000000000e+03,3.048703945165691920e+01
1.917000000000000000e+03,3.063744840299831296e+01
1.918000000000000000e+03,3.096598077131096716e+01
1.919000000000000000e+03,3.107468514435823081e+01
1.920000000000000000e+03,3.111971203880867520e+01
1.921000000000000000e+03,3.137700710996515241e+01
1.922000000000000000e+03,3.154334363224235460e+01
1.923000000000000000e+03,3.152379845206371911e+01
1.924000000000000000e+03,3.160222311511265758e+01
1.925000000000000000e+03,3.163269487140650682e+01
1.926000000000000000e+03,3.246074469690409359e+01
1.927000000000000000e+03,3.210127516276889281e+01
1.928000000000000000e+03,3.227762188660938847e+01
1.929000000000000000e+03,3.213315350429765971e+01
1.930000000000000000e+03,3.220431739350292588e+01
1.931000000000000000e+03,3.230301285312464188e+01
1.932000000000000000e+03,3.270504084574263004e+01
1.933000000000000000e+03,3.276874126295555811e+01
1.934000000000000000e+03,3.252130813443321244e+01
1.935000000000000000e+03,3.266808774087928668e+01
1.936000000000000000e+03,3.242139664775019980e+01
1.937000000000000000e+03,3.291795432940946853e+01
1.938000000000000000e+03,3.288648005435141641e+01
1.939000000000000000e+03,3.308158341776842093e+01
1.940000000000000000e+03,3.298715709012448372e+01
1.941000000000000000e+03,3.289918185702807563e+01
1.942000000000000000e+03,3.304020441261167207e+01
1.943000000000000000e+03,3.342698061946273924e+01
1.944000000000000000e+03,3.311992728586178458e+01
1.945000000000000000e+03,3.317918512777239215e+01
1.946000000000000000e+03,3.341834581546464733e+01
1.947000000000000000e+03,3.353481310718285613e+01
1.948000000000000000e+03,3.396600746301362506e+01
1.949000000000000000e+03,3.370289645011871471e+01
1.950000000000000000e+03,3.359378117189844914e+01
1.951000000000000000e+03,3.364987844746219992e+01
1.952000000000000000e+03,3.387507741704677500e+01
1.953000000000000000e+03,3.398275912414796096e+01
1.954000000000000000e+03,3.383865827259889869e+01
1.955000000000000000e+03,3.348268245082849148e+01
1.956000000000000000e+03,3.348045855366433443e+01
1.957000000000000000e+03,3.402738976343780308e+01
1.958000000000000000e+03,3.383579463130312348e+01
1.959000000000000000e+03,3.372454554533668158e+01
1.960000000000000000e+03,3.419906728516531302e+01
1.961000000000000000e+03,3.355121261393513521e+01
1.962000000000000000e+03,3.372144588229114959e+01
1.963000000000000000e+03,3.370088417225083788e+01
1.964000000000000000e+03,3.387770380758830413e+01
1.965000000000000000e+03,3.370250248595143461e+01
1.966000000000000000e+03,3.400402502404620719e+01
1.967000000000000000e+03,3.368783984365278172e+01
1.968000000000000000e+03,3.357820897999933862e+01
1.969000000000000000e+03,3.395271233775218178e+01
1.970000000000000000e+03,3.365364710828097827e+01
1.971000000000000000e+03,3.387353523943335887e+01
1.972000000000000000e+03,3.351677986311625546e+01
1.973000000000000000e+03,3.373257225072902088e+01
1.974000000000000000e+03,3.355072976806746254e+01
1.975000000000000000e+03,3.339289002333457290e+01
1.976000000000000000e+03,3.322042508951191309e+01
1.977000000000000000e+03,3.347613284940070599e+01
1.978000000000000000e+03,3.364087521785813806e+01
1.979000000000000000e+03,3.363619493555494699e+01
1.980000000000000000e+03,3.328389377338545785e+01
1.981000000000000000e+03,3.338525701787484934e+01
1.982000000000000000e+03,3.364063298377902100e+01
1.983000000000000000e+03,3.371109704936608154e+01
1.984000000000000000e+03,3.369052732819719864e+01
1.985000000000000000e+03,3.353220433726637140e+01
1.986000000000000000e+03,3.317294666316216478e+01
1.987000000000000000e+03,3.395302961139224607e+01
1.988000000000000000e+03,3.361126019818161836e+01
1.989000000000000000e+03,3.379064021680996177e+01
1.990000000000000000e+03,3.345871403641226749e+01
1.991000000000000000e+03,3.353142129830586526e+01
1.992000000000000000e+03,3.354851300567329275e+01
1.993000000000000000e+03,3.348339557200213079e+01
1.994000000000000000e+03,3.367048364196370613e+01
1.995000000000000000e+03,3.339624502945541451e+01
1.996000000000000000e+03,3.323849824761553862e+01
1.997000000000000000e+03,3.396679183911098932e+01
1.998000000000000000e+03,3.368345281869704877e+01
1.999000000000000000e+03,3.401057339576772875e+01
2.000000000000000000e+03,3.352992678755303757e+01
2.001000000000000000e+03,3.350022585559415234e+01
2.002000000000000000e+03,3.374944068203943459e+01
2.003000000000000000e+03,3.374416079333975205e+01
2.004000000000000000e+03,3.372228927353945949e+01
2.005000000000000000e+03,3.375763484995339070e+01
2.006000000000000000e+03,3.389900653211982018e+01
2.007000000000000000e+03,3.383135775067982109e+01
2.008000000000000000e+03,3.408622908499134496e+01
2.009000000000000000e+03,3.398088070043733921e+01
2.010000000000000000e+03,3.388466059222802329e+01
2.011000000000000000e+03,3.379630806382419905e+01
2.012000000000000000e+03,3.400387467086830640e+01
2.013000000000000000e+03,3.446447994095590417e+01
2.014000000000000000e+03,3.425331079487974506e+01
2.015000000000000000e+03,3.430005250403715422e+01
2.016000000000000000e+03,3.401892094513130615e+01
2.017000000000000000e+03,3.437644607327614210e+01
2.018000000000000000e+03,3.432476766625169518e+01
2.019000000000000000e+03,3.375133585278256731e+01
2.020000000000000000e+03,3.391313727228016006e+01
2.021000000000000000e+03,3.420374479275400859e+01
2.022000000000000000e+03,3.412824491271070571e+01
2.023000000000000000e+03,3.422248211977231591e+01
2.024000000000000000e+03,3.403432498583213572e+01
2.025000000000000000e+03,3.391637061702147804e+01
2.026000000000000000e+03,3.382071309286990868e+01
2.027000000000000000e+03,3.419802862200118199e+01
2.028000000000000000e+03,3.438406444114563243e+01
2.029000000000000000e+03,3.419092885328088016e+01
2.030000000000000000e+03,3.380470050190582754e+01
2.031000000000000000e+03,3.406325305326659958e+01
2.032000000000000000e+03,3.409594480911334102e+01
2.033000000000000000e+03,3.432579975195964295e+01
2.034000000000000000e+03,3.393545389978616811e+01
2.035000000000000000e+03,3.342786069307193486e+01
2.036000000000000000e+03,3.347153316086880892e+01
2.037000000000000000e+03,3.397028053391655078e+01
2.038000000000000000e+03,3.409607051618995399e+01
2.039000000000000000e+03,3.391842509687759843e+01
2.040000000000000000e+03,3.369537044736545539e+01
2.041000000000000000e+03,3.372506552760594190e+01
2.042000000000000000e+03,3.375832631433474518e+01
2.043000000000000000e+03,3.354766750232811034e+01
2.044000000000000000e+03,3.370388361123676901e+01
2.045000000000000000e+03,3.321085586736737127e+01
2.046000000000000000e+03,3.345479117255869284e+01
2.047000000000000000e+03,3.371853199126221057e+01
2.048000000000000000e+03,3.437236267950186175e+01
2.049000000000000000e+03,3.385285767653545719e+01
2.050000000000000000e+03,3.350320046534697127e+01
2.051000000000000000e+03,3.337419707771450561e+01
2.052000000000000000e+03,3.372930847339311811e+01
2.053000000000000000e+03,3.380852675903970805e+01
2.054000000000000000e+03,3.358999744654170172e+01
2.055000000000000000e+03,3.347713439577204042e+01
2.056000000000000000e+03,3.357096600285925092e+01
2.057000000000000000e+03,3.352695465190721080e+01
2.058000000000000000e+03,3.360479962667679388e+01
2.059000000000000000e+03,3.321357627010590363e+01
2.060000000000000000e+03,3.335062204246676032e+01
2.061000000000000000e+03,3.345480023802410585e+01
2.062000000000000000e+03,3.362021752252872631e+01
2.063000000000000000e+03,3.354033096593306595e+01
2.064000000000000000e+03,3.354757789292046510e+01
2.065000000000000000e+03,3.343542087189150891e+01
2.066000000000000000e+03,3.334677373871545569e+01
2.067000000000000000e+03,3.366368280026129867e+01
2.068000000000000000e+03,3.362378860779428891e+01
2.069000000000000000e+03,3.324592789806170856e+01
2.070000000000000000e+03,3.339926336468236912e+01
2.071000000000000000e+03,3.328175115731637845e+01
2.072000000000000000e+03,3.357337636997149843e+01
2.073000000000000000e+03,3.350181592872331748e+01
2.074000000000000000e+03,3.353633996934097183e+01
2.075000000000000000e+03,3.342614800471192638e+01
2.076000000000000000e+03,3.358032643084376190e+01
2.077000000000000000e+03,3.367974269708936674e+01
2.078000000000000000e+03,3.346818334560793318e+01
2.079000000000000000e+03,3.346388014176968539e+01
2.080000000000000000e+03,3.387667825168726665e+01
2.081000000000000000e+03,3.357739074067804808e+01
2.082000000000000000e+03,3.417354083724665514e+01
2.083000000000000000e+03,3.398123293805203105e+01
2.084000000000000000e+03,3.379812730106674934e+01
2.085000000000000000e+03,3.360305817159577657e+01
2.086000000000000000e+03,3.383230763102778837e+01
2.087000000000000000e+03,3.399972162744931126e+01
2.088000000000000000e+03,3.403447581212014939e+01
2.089000000000000000e+03,3.386401537674516504e+01
2.090000000000000000e+03,3.375070251238508945e+01
2.091000000000000000e+03,3.386955638581970618e+01
2.092000000000000000e+03,3.379643803979701744e+01
2.093000000000000000e+03,3.423806609354591046e+01
2.094000000000000000e+03,3.394663040708105228e+01
2.095000000000000000e+03,3.387361680396338670e+01
2.096000000000000000e+03,3.417843383141816815e+01
2.097000000000000000e+03,3.416788089806977524e+01
2.098000000000000000e+03,3.406955772441400399e+01
2.099000000000000000e+03,3.405799061151380869e+01
2.100000000000000000e+03,3.374250549263393140e+01
2.101000000000000000e+03,3.391864094685995212e+01
2.102000000000000000e+03,3.403561721866758916e+01
2.103000000000000000e+03,3.417358225950200534e+01
2.104000000000000000e+03,3.400901986295288282e+01
2.105000000000000000e+03,3.386540807940750852e+01
2.106000000000000000e+03,3.412823376663634889e+01
2.107000000000000000e+03,3.374086117964149878e+01
2.108000000000000000e+03,3.358467394746607226e+01
2.109000000000000000e+03,3.362314778971733631e+01
2.110000000000000000e+03,3.367330019125178353e+01
2.111000000000000000e+03,3.348151483929267869e+01
2.112000000000000000e+03,3.395300627551950612e+01
2.113000000000000000e+03,3.351267199514680328e+01
2.114000000000000000e+03,3.354921478405023549e+01
2.115000000000000000e+03,3.374142061315490793e+01
2.116000000000000000e+03,3.345403196698743642e+01
2.117000000000000000e+03,3.354719648241320584e+01
2.118000000000000000e+03,3.361965206963671449e+01
2.119000000000000000e+03,3.358450682424145839e+01
2.120000000000000000e+03,3.358105590493168080e+01
2.121000000000000000e+03,3.351393865131909422e+01
2.122000000000000000e+03,3.329517232352971945e+01
2.123000000000000000e+03,3.341866734811307538e+01
2.124000000000000000e+03,3.337275463231356554e+01
2.125000000000000000e+03,3.324231047226560065e+01
2.126000000000000000e+03,3.329245654933330201e+01
2.127000000000000000e+03,3.309658497285732892e+01
2.128000000000000000e+03,3.357258537660617748e+01
2.129000000000000000e+03,3.349456418729656093e+01
2.130000000000000000e+03,3.339428108145049379e+01
2.131000000000000000e+03,3.338117728804404294e+01
2.132000000000000000e+03,3.352485135193708032e+01
2.133000000000000000e+03,3.341664600665473728e+01
2.134000000000000000e+03,3.342723874923652261e+01
2.135000000000000000e+03,3.334785859706750699e+01
2.136000000000000000e+03,3.334063556125798300e+01
2.137000000000000000e+03,3.352594402459378387e+01
2.138000000000000000e+03,3.357803229844949300e+01
2.139000000000000000e+03,3.356811119535025512e+01
2.140000000000000000e+03,3.336618609972362037e+01
2.141000000000000000e+03,3.336775550234651178e+01
2.142000000000000000e+03,3.328484693824427154e+01
2.143000000000000000e+03,3.344382485500349844e+01
2.144000000000000000e+03,3.319207305648581752e+01
2.145000000000000000e+03,3.290258381024318624e+01
2.146000000000000000e+03,3.328694578703161255e+01
2.147000000000000000e+03,3.373411457203284414e+01
2.148000000000000000e+03,3.365441370872783722e+01
2.149000000000000000e+03,3.357930252073635558e+01
2.150000000000000000e+03,3.344497613409745185e+01
2.151000000000000000e+03,3.337742007864497396e+01
2.152000000000000000e+03,3.352646678683687043e+01
2.153000000000000000e+03,3.344165688851180818e+01
2.154000000000000000e+03,3.335801026037707118e+01
2.155000000000000000e+03,3.334845063150041256e+01
2.156000000000000000e+03,3.339265953939381859e+01
2.157000000000000000e+03,3.338279221230797589e+01
2.158000000000000000e+03,3.358088436615949490e+01
2.159000000000000000e+03,3.338788044689717083e+01
2.160000000000000000e+03,3.344682811424424074e+01
2.161000000000000000e+03,3.334314807576261330e+01
2.162000000000000000e+03,3.316270399780586331e+01
2.163000000000000000e+03,3.311414602771701254e+01
2.164000000000000000e+03,3.314670070152139658e+01
2.165000000000000000e+03,3.280260246087097897e+01
2.166000000000000000e+03,3.261435652782155614e+01
2.167000000000000000e+03,3.268749900504891315e+01
2.168000000000000000e+03,3.290616884540926890e+01
2.169000000000000000e+03,3.270807173946390378e+01
2.170000000000000000e+03,3.263680784434230020e+01
2.171000000000000000e+03,3.211839638456526558e+01
2.172000000000000000e+03,3.256482850556721331e+01
2.173000000000000000e+03,3.246769096910592367e+01
2.174000000000000000e+03,3.243581323836807684e+01
2.175000000000000000e+03,3.213109554002212320e+01
2.176000000000000000e+03,3.218107311731189668e+01
2.177000000000000000e+03,3.211332802004395859e+01
2.178000000000000000e+03,3.242765301506929632e+01
2.179000000000000000e+03,3.227318575935306910e+01
2.180000000000000000e+03,3.203868508633399870e+01
2.181000000000000000e+03,3.215429583241141387e+01
2.182000000000000000e+03,3.223276917015296306e+01
2.183000000000000000e+03,3.228187285060924694e+01
2.184000000000000000e+03,3.220684927692818178e+01
2.185000000000000000e+03,3.210842642363562049e+01
2.186000000000000000e+03,3.210338792014334786e+01
2.187000000000000000e+03,3.229804369404993736e+01
2.188000000000000000e+03,3.224981821430620244e+01
2.189000000000000000e+03,3.215382246518867504e+01
2.190000000000000000e+03,3.191049543271471833e+01
2.191000000000000000e+03,3.200488053272917455e+01
2.192000000000000000e+03,3.211001884193130707e+01
2.193000000000000000e+03,3.218224453651131967e+01
2.194000000000000000e+03,3.173448248714096920e+01
2.195000000000000000e+03,3.209689116026822120e+01
2.196000000000000000e+03,3.210996644274073475e+01
2.197000000000000000e+03,3.220033238539912190e+01
2.198000000000000000e+03,3.229857757123957640e+01
2.199000000000000000e+03,3.231128014193125608e+01
2.200000000000000000e+03,3.176413742507610394e+01
2.201000000000000000e+03,3.245335473465281950e+01
2.202000000000000000e+03,3.267033041753691691e+01
2.203000000000000000e+03,3.265337025331398735e+01
2.204000000000000000e+03,3.239840207119898707e+01
2.205000000000000000e+03,3.248107891825996063e+01
2.206000000000000000e+03,3.266172998098864610e+01
2.207000000000000000e+03,3.301222125104777660e+01
2.208000000000000000e+03,3.282717434212525376e+01
2.209000000000000000e+03,3.266600408308273273e+01
2.210000000000000000e+03,3.250868823734051460e+01
2.211000000000000000e+03,3.265382429475911863e+01
2.212000000000000000e+03,3.267029713540445357e+01
2.213000000000000000e+03,3.286924266239391557e+01
2.214000000000000000e+03,3.257650253203405555e+01
2.215000000000000000e+03,3.247677947285883704e+01
2.216000000000000000e+03,3.243279338370398079e+01
2.217000000000000000e+03,3.254955879127167151e+01
2.218000000000000000e+03,3.251020940313190977e+01
2.219000000000000000e+03,3.250662135027826594e+01
2.220000000000000000e+03,3.253888185236989727e+01
2.221000000000000000e+03,3.206911982342917611e+01
2.222000000000000000e+03,3.287862776715315505e+01
2.223000000000000000e+03,3.271224432330980392e+01
2.224000000000000000e+03,3.264448000358203217e+01
2.225000000000000000e+03,3.258544867232695452e+01
2.226000000000000000e+03,3.286749185422576858e+01
2.227000000000000000e+03,3.294950488404478506e+01
2.228000000000000000e+03,3.306196182540307404e+01
2.229000000000000000e+03,3.285712558529471750e+01
2.230000000000000000e+03,3.288349749462152971e+01
2.231000000000000000e+03,3.293173687835041363e+01
2.232000000000000000e+03,3.278530749172844594e+01
2.233000000000000000e+03,3.293835400164198290e+01
2.234000000000000000e+03,3.279380457365866164e+01
2.235000000000000000e+03,3.268189601621833873e+01
2.236000000000000000e+03,3.281087600483039068e+01
2.237000000000000000e+03,3.300290135487822596e+01
2.238000000000000000e+03,3.295163755557906882e+01
2.239000000000000000e+03,3.296196013739773178e+01
2.240000000000000000e+03,3.283942071901118709e+01
2.241000000000000000e+03,3.283524084363186546e+01
2.242000000000000000e+03,3.287168847744626277e+01
2.243000000000000000e+03,3.303835481907627525e+01
2.244000000000000000e+03,3.286811973931416730e+01
2.245000000000000000e+03,3.280758691744318867e+01
2.246000000000000000e+03,3.274745718679378115e+01
2.247000000000000000e+03,3.285318595609565762e+01
2.248000000000000000e+03,3.306007437169921559e+01
2.249000000000000000e+03,3.267211811606034644e+01
2.250000000000000000e+03,3.270371068829434336e+01
2.251000000000000000e+03,3.271079886084233124e+01
2.252000000000000000e+03,3.277654245154430868e+01
2.253000000000000000e+03,3.322457351966815509e+01
2.254000000000000000e+03,3.271724767517368093e+01
2.255000000000000000e+03,3.230574266285111662e+01
2.256000000000000000e+03,3.262143049949707319e+01
2.257000000000000000e+03,3.271016575712111774e+01
2.258000000000000000e+03,3.249050611990783466e+01
2.259000000000000000e+03,3.270024679968675940e+01
2.260000000000000000e+03,3.251753694096898784e+01
2.261000000000000000e+03,3.242278683698047814e+01
2.262000000000000000e+03,3.263385227417548862e+01
2.263000000000000000e+03,3.249972231836566294e+01
2.264000000000000000e+03,3.244801719916328864e+01
2.265000000000000000e+03,3.239572268503480501e+01
2.266000000000000000e+03,3.208790043965323235e+01
2.267000000000000000e+03,3.234481799994352968e+01
2.268000000000000000e+03,3.243333257721389629e+01
2.269000000000000000e+03,3.238774036024658187e+01
2.270000000000000000e+03,3.216310435289724268e+01
2.271000000000000000e+03,3.221102610762220309e+01
2.272000000000000000e+03,3.229521554541186390e+01
2.273000000000000000e+03,3.247054247829665030e+01
2.274000000000000000e+03,3.217376774631770076e+01
2.275000000000000000e+03,3.204956851942053220e+01
2.276000000000000000e+03,3.202344062440919004e+01
2.277000000000000000e+03,3.218204059330257394e+01
2.278000000000000000e+03,3.219641777225343304e+01
2.279000000000000000e+03,3.212679562903784358e+01
2.280000000000000000e+03,3.153983634170696249e+01
2.281000000000000000e+03,3.163842896795539872e+01
2.282000000000000000e+03,3.188237680026854903e+01
2.283000000000000000e+03,3.200587629386259891e+01
2.284000000000000000e+03,3.173206887779899432e+01
2.285000000000000000e+03,3.161235000427138786e+01
2.286000000000000000e+03,3.160604070303250523e+01
2.287000000000000000e+03,3.168143109208204322e+01
2.288000000000000000e+03,3.187835928070392910e+01
2.289000000000000000e+03,3.178358022286320406e+01
2.290000000000000000e+03,3.166678423716942703e+01
2.291000000000000000e+03,3.173784028123136380e+01
2.292000000000000000e+03,3.168016618210129209e+01
2.293000000000000000e+03,3.165019810852960447e+01
2.294000000000000000e+03,3.169625055598013219e+01
2.295000000000000000e+03,3.156904232428346546e+01
2.296000000000000000e+03,3.124823042910684379e+01
2.297000000000000000e+03,3.143841498707143955e+01
2.298000000000000000e+03,3.169092734904302233e+01
2.299000000000000000e+03,3.160332820069130833e+01
2.300000000000000000e+03,3.157615249297247928e+01
2.301000000000000000e+03,3.136973752628557932e+01
2.302000000000000000e+03,3.148008797461977792e+01
2.303000000000000000e+03,3.158640312466463840e+01
2.304000000000000000e+03,3.152071347785144440e+01
2.305000000000000000e+03,3.158927848510688463e+01
2.306000000000000000e+03,3.176131452319719273e+01
2.307000000000000000e+03,3.185686203397351335e+01
2.308000000000000000e+03,3.197899425222718861e+01
2.309000000000000000e+03,3.183909173113856284e+01
2.310000000000000000e+03,3.194614883740322497e+01
2.311000000000000000e+03,3.190096423865982089e+01
2.312000000000000000e+03,3.202841021264291044e+01
2.313000000000000000e+03,3.212944463143649187e+01
2.314000000000000000e+03,3.197679450964052705e+01
2.315000000000000000e+03,3.159530105978592474e+01
2.316000000000000000e+03,3.152245066891114789e+01
2.317000000000000000e+03,3.204637747774255274e+01
2.318000000000000000e+03,3.180018057503823670e+01
2.319000000000000000e+03,3.198710691617884549e+01
2.320000000000000000e+03,3.150278703763889254e+01
2.321000000000000000e+03,3.157261509737177008e+01
2.322000000000000000e+03,3.174777476226573114e+01
2.323000000000000000e+03,3.181552995402155659e+01
2.324000000000000000e+03,3.182913302882218076e+01
2.325000000000000000e+03,3.149155763267743069e+01
2.326000000000000000e+03,3.127682804256257754e+01
2.327000000000000000e+03,3.163839722801100152e+01
2.328000000000000000e+03,3.178160860442489977e+01
2.329000000000000000e+03,3.159608223998826304e+01
2.330000000000000000e+03,3.155272363751918618e+01
2.331000000000000000e+03,3.159370625050456027e+01
2.332000000000000000e+03,3.167662645806095867e+01
2.333000000000000000e+03,3.159484974067167329e+01
2.334000000000000000e+03,3.142024785896928307e+01
2.335000000000000000e+03,3.119778046899860158e+01
2.336000000000000000e+03,3.103182545008039739e+01
2.337000000000000000e+03,3.123283284068363841e+01
2.338000000000000000e+03,3.131980835727793533e+01
2.339000000000000000e+03,3.124955424064214426e+01
2.340000000000000000e+03,3.116475491422369259e+01
2.341000000000000000e+03,3.103922775157694858e+01
2.342000000000000000e+03,3.139424026649508548e+01
2.343000000000000000e+03,3.131315640627340358e+01
2.344000000000000000e+03,3.127414602027312895e+01
2.345000000000000000e+03,3.096991845150133571e+01
2.346000000000000000e+03,3.111527384235787608e+01
2.347000000000000000e+03,3.114647051617660622e+01
2.348000000000000000e+03,3.119419979993431724e+01
2.349000000000000000e+03,3.114864988365977183e+01
2.350000000000000000e+03,3.087864932340056612e+01
2.351000000000000000e+03,3.106399316452846904e+01
2.352000000000000000e+03,3.103714739574853709e+01
2.353000000000000000e+03,3.133942075766123025e+01
2.354000000000000000e+03,3.121779488277840642e+01
2.355000000000000000e+03,3.163933860809783383e+01
2.356000000000000000e+03,3.170398325133367834e+01
2.357000000000000000e+03,3.137714812770661865e+01
2.358000000000000000e+03,3.146740024452185835e+01
2.359000000000000000e+03,3.139529289301396631e+01
2.360000000000000000e+03,3.126592669149791348e+01
2.361000000000000000e+03,3.158873473602263360e+01
2.362000000000000000e+03,3.189242437068096336e+01
2.363000000000000000e+03,3.142555850857072741e+01
2.364000000000000000e+03,3.155551988023957577e+01
2.365000000000000000e+03,3.152549726053211288e+01
2.366000000000000000e+03,3.151913242159308481e+01
2.367000000000000000e+03,3.176178101600841686e+01
2.368000000000000000e+03,3.169915507005485367e+01
2.369000000000000000e+03,3.166068598711022020e+01
2.370000000000000000e+03,3.147258945737427993e+01
2.371000000000000000e+03,3.149021942955265629e+01
2.372000000000000000e+03,3.161387636465882167e+01
2.373000000000000000e+03,3.186221564879689438e+01
2.374000000000000000e+03,3.165476661411915771e+01
2.375000000000000000e+03,3.160303269478086108e+01
2.376000000000000000e+03,3.149478473850014737e+01
2.377000000000000000e+03,3.170661803182250438e+01
2.378000000000000000e+03,3.167172297442487050e+01
2.379000000000000000e+03,3.151234494771048489e+01
2.380000000000000000e+03,3.153745005687348879e+01
2.381000000000000000e+03,3.157333861191021640e+01
2.382000000000000000e+03,3.159105580638470556e+01
2.383000000000000000e+03,3.157637183860636654e+01
2.384000000000000000e+03,3.150883976236953643e+01
2.385000000000000000e+03,3.118347318072243723e+01
2.386000000000000000e+03,3.112972451107376060e+01
2.387000000000000000e+03,3.120018024909351695e+01
2.388000000000000000e+03,3.136821695955408629e+01
2.389000000000000000e+03,3.122609645736141815e+01
2.390000000000000000e+03,3.112435391202038559e+01
2.391000000000000000e+03,3.082897286880866616e+01
2.392000000000000000e+03,3.107336977044523607e+01
2.393000000000000000e+03,3.095299407319844320e+01
2.394000000000000000e+03,3.095762287532989276e+01
2.395000000000000000e+03,3.073793081674022787e+01
2.396000000000000000e+03,3.096375658496779337e+01
2.397000000000000000e+03,3.087929812617984737e+01
2.398000000000000000e+03,3.091512033436909590e+01
2.399000000000000000e+03,3.081829721152053736e+01
2.400000000000000000e+03,3.076844646657497861e+01
2.401000000000000000e+03,3.083050827510762204e+01
2.402000000000000000e+03,3.075523509201640948e+01
2.403000000000000000e+03,3.088515269412089026e+01
2.404000000000000000e+03,3.098327336660932474e+01
2.405000000000000000e+03,3.093524797462969289e+01
2.406000000000000000e+03,3.065560490398931393e+01
2.407000000000000000e+03,3.059401884522060300e+01
2.408000000000000000e+03,3.082565780337574424e+01
2.409000000000000000e+03,3.052772291219610068e+01
2.410000000000000000e+03,3.062334553097081269e+01
2.411000000000000000e+03,3.055723562392226000e+01
2.412000000000000000e+03,3.076814663837803465e+01
2.413000000000000000e+03,3.082247837462703188e+01
2.414000000000000000e+03,3.066617705877547451e+01
2.415000000000000000e+03,3.053449846580029714e+01
2.416000000000000000e+03,3.057264316617970579e+01
2.417000000000000000e+03,3.050926780224416035e+01
2.418000000000000000e+03,3.069809691162504706e+01
2.419000000000000000e+03,3.046562334932382754e+01
2.420000000000000000e+03,3.038494924097098604e+01
2.421000000000000000e+03,3.052547415218675653e+01
2.422000000000000000e+03,3.053577776751447104e+01
2.423000000000000000e+03,3.067226294086776761e+01
2.424000000000000000e+03,3.064788839917096297e+01
2.425000000000000000e+03,3.047488269196005817e+01
2.426000000000000000e+03,3.093292855991424872e+01
2.427000000000000000e+03,3.102493069765590405e+01
2.428000000000000000e+03,3.070371424250376791e+01
2.429000000000000000e+03,3.059418660601258821e+01
2.430000000000000000e+03,3.056497297186331963e+01
2.431000000000000000e+03,3.089717594125962208e+01
2.432000000000000000e+03,3.068992305275935450e+01
2.433000000000000000e+03,3.071585661634210851e+01
2.434000000000000000e+03,3.054298855094710774e+01
2.435000000000000000e+03,3.045041185840735309e+01
2.436000000000000000e+03,3.052427044066955730e+01
2.437000000000000000e+03,3.056845152966944923e+01
2.438000000000000000e+03,3.070023472312335500e+01
2.439000000000000000e+03,3.070690825185803163e+01
2.440000000000000000e+03,3.075837461491011737e+01
2.441000000000000000e+03,3.073015601839301425e+01
2.442000000000000000e+03,3.075753472431503965e+01
2.443000000000000000e+03,3.085733035670304858e+01
2.444000000000000000e+03,3.066169984340003296e+01
2.445000000000000000e+03,3.061079141821339178e+01
2.446000000000000000e+03,3.059153182277582417e+01
2.447000000000000000e+03,3.070936869341172581e+01
2.448000000000000000e+03,3.088682735638894883e+01
2.449000000000000000e+03,3.068050697523725745e+01
2.450000000000000000e+03,3.056271865381504327e+01
2.451000000000000000e+03,3.053574958528846039e+01
2.452000000000000000e+03,3.081111763084057742e+01
2.453000000000000000e+03,3.076311580902284604e+01
2.454000000000000000e+03,3.071325552979962481e+01
2.455000000000000000e+03,3.082819667175271405e+01
2.456000000000000000e+03,3.065576379427016107e+01
2.457000000000000000e+03,3.070521559768811315e+01
2.458000000000000000e+03,3.084951468761056859e+01
2.459000000000000000e+03,3.093171410173189173e+01
2.460000000000000000e+03,3.089715292058672702e+01
2.461000000000000000e+03,3.079840281725569540e+01
2.462000000000000000e+03,3.076159889718996965e+01
2.463000000000000000e+03,3.095935776013519813e+01
2.464000000000000000e+03,3.078834333049639227e+01
2.465000000000000000e+03,3.070198368613180406e+01
2.466000000000000000e+03,3.070745448087822282e+01
2.467000000000000000e+03,3.084995323659223843e+01
2.468000000000000000e+03,3.090920077551144729e+01
2.469000000000000000e+03,3.079635141263245046e+01
2.470000000000000000e+03,3.069886739060300940e+01
2.471000000000000000e+03,3.071018361364568250e+01
2.472000000000000000e+03,3.095873883032886553e+01
2.473000000000000000e+03,3.079899733763214442e+01
2.474000000000000000e+03,3.080227185094515718e+01
2.475000000000000000e+03,3.055394335022848651e+01
2.476000000000000000e+03,3.061754092611386113e+01
2.477000000000000000e+03,3.059206458820244023e+01
2.478000000000000000e+03,3.094989942154993301e+01
2.479000000000000000e+03,3.075448015790495759e+01
2.480000000000000000e+03,3.065112865769386374e+01
2.481000000000000000e+03,3.089433460791129704e+01
2.482000000000000000e+03,3.076944530503366337e+01
2.483000000000000000e+03,3.086109174244248265e+01
2.484000000000000000e+03,3.071206852312883484e+01
2.485000000000000000e+03,3.068867014456190745e+01
2.486000000000000000e+03,3.090817290571604659e+01
2.487000000000000000e+03,3.115776797634213224e+01
2.488000000000000000e+03,3.069668808135956084e+01
2.489000000000000000e+03,3.073822636954898968e+01
2.490000000000000000e+03,3.026888586210671406e+01
2.491000000000000000e+03,3.063102142562676278e+01
2.492000000000000000e+03,3.078202621225218394e+01
2.493000000000000000e+03,3.088557042559943611e+01
2.494000000000000000e+03,3.080437472575138003e+01
2.495000000000000000e+03,3.061879817261604231e+01
2.496000000000000000e+03,3.064491798516268517e+01
2.497000000000000000e+03,3.073394527433556078e+01
2.498000000000000000e+03,3.083461824316788835e+01
2.499000000000000000e+03,3.061760392492906746e+01
2.500000000000000000e+03,3.109878160571571115e+01
2.501000000000000000e+03,3.072924522180786511e+01
2.502000000000000000e+03,3.079038998188563525e+01
2.503000000000000000e+03,3.043943359178780383e+01
2.504000000000000000e+03,3.068796910577522041e+01
2.505000000000000000e+03,3.070523627904587727e+01
2.506000000000000000e+03,3.066203535342514286e+01
2.507000000000000000e+03,3.079736706329821416e+01
2.508000000000000000e+03,3.092491114674272268e+01
2.509000000000000000e+03,3.072062058217011327e+01
2.510000000000000000e+03,3.065013511181618000e+01
2.511000000000000000e+03,3.049616519065816433e+01
2.512000000000000000e+03,3.071587841177358769e+01
2.513000000000000000e+03,3.067231722777578895e+01
2.514000000000000000e+03,3.065117124364585166e+01
2.515000000000000000e+03,3.075586107652727108e+01
2.516000000000000000e+03,3.069243609773009496e+01
2.517000000000000000e+03,3.072964758190676804e+01
2.518000000000000000e+03,3.084697353223186411e+01
2.519000000000000000e+03,3.078712516046531533e+01
2.520000000000000000e+03,3.032959546487361280e+01
2.521000000000000000e+03,3.051958988107021042e+01
2.522000000000000000e+03,3.057978062234566963e+01
2.523000000000000000e+03,3.064658821802576227e+01
2.524000000000000000e+03,3.074526716594331077e+01
2.525000000000000000e+03,3.031847759548016796e+01
2.526000000000000000e+03,3.007876060369161664e+01
2.527000000000000000e+03,3.048476545131893545e+01
2.528000000000000000e+03,3.054428301620309227e+01
2.529000000000000000e+03,3.046641762632370387e+01
2.530000000000000000e+03,3.023290591268214200e+01
2.531000000000000000e+03,3.035525348386169497e+01
2.532000000000000000e+03,3.058201259079290679e+01
2.533000000000000000e+03,3.055299793825545152e+01
2.534000000000000000e+03,3.040824386328537798e+01
2.535000000000000000e+03,3.031397556866140874e+01
2.536000000000000000e+03,3.045159273734956429e+01
2.537000000000000000e+03,3.057650294261017265e+01
2.538000000000000000e+03,3.060793347067159331e+01
2.539000000000000000e+03,3.046862133132206552e+01
2.540000000000000000e+03,3.009146384640916594e+01
2.541000000000000000e+03,3.034696184341648006e+01
2.542000000000000000e+03,3.043049805019598963e+01
2.543000000000000000e+03,3.056083188500677394e+01
2.544000000000000000e+03,3.044653435005239572e+01
2.545000000000000000e+03,3.059504060858169794e+01
2.546000000000000000e+03,3.038780215972835208e+01
2.547000000000000000e+03,3.055869968043716511e+01
2.548000000000000000e+03,3.067821939406385212e+01
2.549000000000000000e+03,3.034545708348054660e+01
2.550000000000000000e+03,3.038373583594699312e+01
2.551000000000000000e+03,3.063869516862057907e+01
2.552000000000000000e+03,3.071466548877612723e+01
2.553000000000000000e+03,3.060288800865478365e+01
2.554000000000000000e+03,3.069193243368255253e+01
2.555000000000000000e+03,3.070438088607795279e+01
2.556000000000000000e+03,3.038403211591741027e+01
2.557000000000000000e+03,3.037694545787346456e+01
2.558000000000000000e+03,3.067168257670744680e+01
2.559000000000000000e+03,3.065599233004159530e+01
2.560000000000000000e+03,3.060350386914463527e+01
2.561000000000000000e+03,3.037127749491113704e+01
2.562000000000000000e+03,3.047741052414884066e+01
2.563000000000000000e+03,3.056984916919256534e+01
2.564000000000000000e+03,3.039755138717107386e+01
2.565000000000000000e+03,3.032780203178351286e+01
2.566000000000000000e+03,3.033585462668980881e+01
2.567000000000000000e+03,3.043695764303525308e+01
2.568000000000000000e+03,3.061185971613274504e+01
2.569000000000000000e+03,3.051237363242275435e+01
2.570000000000000000e+03,3.036021081138347810e+01
2.571000000000000000e+03,3.041771643413962067e+01
2.572000000000000000e+03,3.029035487324462039e+01
2.573000000000000000e+03,3.039199948099918558e+01
2.574000000000000000e+03,3.046921402871663886e+01
2.575000000000000000e+03,3.028815702953178857e+01
2.576000000000000000e+03,3.042710407053097654e+01
2.577000000000000000e+03,3.058564106350532086e+01
2.578000000000000000e+03,3.041273796571138277e+01
2.579000000000000000e+03,3.053120626507680768e+01
2.580000000000000000e+03,3.030778904837766063e+01
2.581000000000000000e+03,3.025034244195123989e+01
2.582000000000000000e+03,3.047943367847130602e+01
2.583000000000000000e+03,3.058335616040901428e+01
2.584000000000000000e+03,3.043747455693719672e+01
2.585000000000000000e+03,3.036584562632373974e+01
2.586000000000000000e+03,3.032171700713690043e+01
2.587000000000000000e+03,3.050535114972975492e+01
2.588000000000000000e+03,3.036447694108729323e+01
2.589000000000000000e+03,3.041066681324201326e+01
2.590000000000000000e+03,3.014712560007268038e+01
2.591000000000000000e+03,3.054111589423807160e+01
2.592000000000000000e+03,3.058144270336008574e+01
2.593000000000000000e+03,3.075899930246795932e+01
2.594000000000000000e+03,3.059335697738071147e+01
2.595000000000000000e+03,3.067441548753026126e+01
2.596000000000000000e+03,3.056410698599022879e+01
2.597000000000000000e+03,3.065233008538583448e+01
2.598000000000000000e+03,3.066541307055183196e+01
2.599000000000000000e+03,3.087188003284258642e+01
2.600000000000000000e+03,3.044020611395688292e+01
2.601000000000000000e+03,3.049618495675505514e+01
2.602000000000000000e+03,3.075592422637829060e+01
2.603000000000000000e+03,3.061506664283155033e+01
2.604000000000000000e+03,3.059118010671007326e+01
2.605000000000000000e+03,3.047124130424536403e+01
2.606000000000000000e+03,3.055760377283955265e+01
2.607000000000000000e+03,3.064355104856075229e+01
2.608000000000000000e+03,3.052011560797051004e+01
2.609000000000000000e+03,3.056105619451671629e+01
2.610000000000000000e+03,3.051439840584534835e+01
2.611000000000000000e+03,3.053335556034996046e+01
2.612000000000000000e+03,3.061432993242687672e+01
2.613000000000000000e+03,3.061389455617459276e+01
2.614000000000000000e+03,3.064664448441108746e+01
2.615000000000000000e+03,3.057119634349696113e+01
2.616000000000000000e+03,3.059135288506848482e+01
2.617000000000000000e+03,3.074634544517675394e+01
2.618000000000000000e+03,3.070609058330359176e+01
2.619000000000000000e+03,3.061278513164636905e+01
2.620000000000000000e+03,3.051599185912068180e+01
2.621000000000000000e+03,3.052305437103673214e+01
2.622000000000000000e+03,3.079466626131583951e+01
2.623000000000000000e+03,3.048839462356724539e+01
2.624000000000000000e+03,3.060743307923610246e+01
2.625000000000000000e+03,3.054452993408143158e+01
2.626000000000000000e+03,3.043804285883724248e+01
2.627000000000000000e+03,3.056674521337579264e+01
2.628000000000000000e+03,3.071131527693809815e+01
2.629000000000000000e+03,3.069254307772373735e+01
2.630000000000000000e+03,3.056341276421989761e+01
2.631000000000000000e+03,3.049080081037046597e+01
2.632000000000000000e+03,3.072114390400734152e+01
2.633000000000000000e+03,3.068727679045909085e+01
2.634000000000000000e+03,3.053492500853066360e+01
2.635000000000000000e+03,3.051316502065060732e+01
2.636000000000000000e+03,3.051321191560574064e+01
2.637000000000000000e+03,3.053266514401926557e+01
2.638000000000000000e+03,3.093312350974763802e+01
2.639000000000000000e+03,3.077373446266327406e+01
2.640000000000000000e+03,3.082525674878593591e+01
2.641000000000000000e+03,3.088995641379487367e+01
2.642000000000000000e+03,3.101392904478410628e+01
2.643000000000000000e+03,3.122875032334628287e+01
2.644000000000000000e+03,3.113881620650032289e+01
2.645000000000000000e+03,3.088686273325549791e+01
2.646000000000000000e+03,3.095620831919305971e+01
2.647000000000000000e+03,3.115978083689215339e+01
2.648000000000000000e+03,3.116081821064325297e+01
2.649000000000000000e+03,3.110054322789675751e+01
2.650000000000000000e+03,3.103590011198725662e+01
2.651000000000000000e+03,3.103910549077484404e+01
2.652000000000000000e+03,3.108218336150584094e+01
2.653000000000000000e+03,3.106929262009783344e+01
2.654000000000000000e+03,3.113751336903209932e+01
2.655000000000000000e+03,3.088256895406525615e+01
2.656000000000000000e+03,3.096445315079662208e+01
2.657000000000000000e+03,3.110947265890511559e+01
2.658000000000000000e+03,3.111163566975477934e+01
2.659000000000000000e+03,3.091216796658331845e+01
2.660000000000000000e+03,3.094221092994175493e+01
2.661000000000000000e+03,3.129408352114742442e+01
2.662000000000000000e+03,3.108497350025855255e+01
2.663000000000000000e+03,3.119386413844056349e+01
2.664000000000000000e+03,3.113509756055523781e+01
2.665000000000000000e+03,3.101637715638009851e+01
2.666000000000000000e+03,3.066213307322799153e+01
2.667000000000000000e+03,3.103880045766556606e+01
2.668000000000000000e+03,3.093235248554329075e+01
2.669000000000000000e+03,3.081250561295762935e+01
2.670000000000000000e+03,3.062089348788885346e+01
2.671000000000000000e+03,3.089732711469869031e+01
2.672000000000000000e+03,3.044800172938201044e+01
2.673000000000000000e+03,3.065087782492813062e+01
2.674000000000000000e+03,3.073634810348292490e+01
2.675000000000000000e+03,3.051155569955593450e+01
2.676000000000000000e+03,3.052419206933699414e+01
2.677000000000000000e+03,3.057675697360476263e+01
2.678000000000000000e+03,3.044082863685201090e+01
2.679000000000000000e+03,3.038414106045507523e+01
2.680000000000000000e+03,3.016326566055409231e+01
2.681000000000000000e+03,3.030145260028343657e+01
2.682000000000000000e+03,3.040949684367762629e+01
2.683000000000000000e+03,3.046693311111163993e+01
2.684000000000000000e+03,3.041513614898913431e+01
2.685000000000000000e+03,3.014420900553781735e+01
2.686000000000000000e+03,3.014683368483716208e+01
2.687000000000000000e+03,3.029787533507862918e+01
2.688000000000000000e+03,3.040808507707430408e+01
2.689000000000000000e+03,3.002460043303684145e+01
2.690000000000000000e+03,3.024084942744254789e+01
2.691000000000000000e+03,3.023977672941725814e+01
2.692000000000000000e+03,3.021468353335738399e+01
2.693000000000000000e+03,3.058174793313821382e+01
2.694000000000000000e+03,3.032711718308179627e+01
2.695000000000000000e+03,3.013812032483541614e+01
2.696000000000000000e+03,3.027282583481019529e+01
2.697000000000000000e+03,3.041029086002145476e+01
2.698000000000000000e+03,3.039308946351732388e+01
2.699000000000000000e+03,3.038593866899415019e+01
2.700000000000000000e+03,3.013661305627311293e+01
2.701000000000000000e+03,3.010936409908602940e+01
2.702000000000000000e+03,3.039085408635137497e+01
2.703000000000000000e+03,3.030886565832629032e+01
2.704000000000000000e+03,3.033413827463624912e+01
2.705000000000000000e+03,3.015714151764395723e+01
2.706000000000000000e+03,3.021769701437147404e+01
2.707000000000000000e+03,3.071961943371321269e+01
2.708000000000000000e+03,3.053884930454858804e+01
2.709000000000000000e+03,3.060055655197801983e+01
2.710000000000000000e+03,3.015860314091860772e+01
2.711000000000000000e+03,3.054027423348853532e+01
2.712000000000000000e+03,3.063358555952017070e+01
2.713000000000000000e+03,3.064133239625632754e+01
2.714000000000000000e+03,3.058771164578218205e+01
2.715000000000000000e+03,3.016038893955620992e+01
2.716000000000000000e+03,3.061168597512965661e+01
2.717000000000000000e+03,3.066480113903405780e+01
2.718000000000000000e+03,3.072839555488166852e+01
2.719000000000000000e+03,3.063805529559737550e+01
2.720000000000000000e+03,3.036420588235062112e+01
2.721000000000000000e+03,3.045975802924083453e+01
2.722000000000000000e+03,3.064238752479596783e+01
2.723000000000000000e+03,3.056042674464979214e+01
2.724000000000000000e+03,3.054195438041104183e+01
2.725000000000000000e+03,3.043722757608730944e+01
2.726000000000000000e+03,3.058943270678486570e+01
2.727000000000000000e+03,3.070297451484974971e+01
2.728000000000000000e+03,3.060611414624879956e+01
2.729000000000000000e+03,3.073388718060742164e+01
2.730000000000000000e+03,3.035948435553900637e+01
2.731000000000000000e+03,3.054988040682032846e+01
2.732000000000000000e+03,3.068732429174834309e+01
2.733000000000000000e+03,3.070754464072288670e+01
2.734000000000000000e+03,3.079712183160134842e+01
2.735000000000000000e+03,3.032388999576059874e+01
2.736000000000000000e+03,3.058677167804942698e+01
2.737000000000000000e+03,3.068228184782783430e+01
2.738000000000000000e+03,3.064844455179381910e+01
2.739000000000000000e+03,3.055741966237765084e+01
2.740000000000000000e+03,3.050549193075206489e+01
2.741000000000000000e+03,3.063260916044175985e+01
2.742000000000000000e+03,3.058712194568438392e+01
2.743000000000000000e+03,3.064366280785359109e+01
2.744000000000000000e+03,3.042804791448027757e+01
2.745000000000000000e+03,3.033988652128526908e+01
2.746000000000000000e+03,3.053806994137027786e+01
2.747000000000000000e+03,3.051836006580053251e+01
2.748000000000000000e+03,3.059371901171679653e+01
2.749000000000000000e+03,3.042129093955955099e+01
2.750000000000000000e+03,3.045683686789981337e+01
2.751000000000000000e+03,3.031195121352523003e+01
2.752000000000000000e+03,3.041274791266051736e+01
2.753000000000000000e+03,3.069673804417427831e+01
2.754000000000000000e+03,3.038006940583487037e+01
2.755000000000000000e+03,3.033940841298653268e+01
2.756000000000000000e+03,3.043694100537818414e+01
2.757000000000000000e+03,3.018767823440662923e+01
2.758000000000000000e+03,3.064938988523844188e+01
2.759000000000000000e+03,3.052749870575460989e+01
2.760000000000000000e+03,3.032470681825060765e+01
2.761000000000000000e+03,3.036128123933853473e+01
2.762000000000000000e+03,3.042523495212097728e+01
2.763000000000000000e+03,3.056800543571217688e+01
2.764000000000000000e+03,3.032917293156377170e+01
2.765000000000000000e+03,3.025026256935567304e+01
2.766000000000000000e+03,3.021131689342919913e+01
2.767000000000000000e+03,3.055250285392663656e+01
2.768000000000000000e+03,3.065379172432361443e+01
2.769000000000000000e+03,3.044309935048583071e+01
2.770000000000000000e+03,3.033307171082757137e+01
2.771000000000000000e+03,3.035198744239651347e+01
2.772000000000000000e+03,3.053586915820536518e+01
2.773000000000000000e+03,3.033715215684359023e+01
2.774000000000000000e+03,3.055143993294921145e+01
2.775000000000000000e+03,3.042572276008451482e+01
2.776000000000000000e+03,3.063746819231446850e+01
2.777000000000000000e+03,3.066264795475175120e+01
2.778000000000000000e+03,3.069319847570869442e+01
2.779000000000000000e+03,3.043344287131261439e+01
2.780000000000000000e+03,3.031002419952134730e+01
2.781000000000000000e+03,3.057479920240653826e+01
2.782000000000000000e+03,3.053501261470058026e+01
2.783000000000000000e+03,3.069783477060762777e+01
2.784000000000000000e+03,3.070943006784562002e+01
2.785000000000000000e+03,3.049663250329346909e+01
2.786000000000000000e+03,3.056495505925235179e+01
2.787000000000000000e+03,3.085474012068540972e+01
2.788000000000000000e+03,3.076033220415596858e+01
2.789000000000000000e+03,3.078299426280575801e+01
2.790000000000000000e+03,3.061972392299772849e+01
2.791000000000000000e+03,3.063155345331015766e+01
2.792000000000000000e+03,3.082008019563084744e+01
2.793000000000000000e+03,3.077504793426377461e+01
2.794000000000000000e+03,3.088385249864290927e+01
2.795000000000000000e+03,3.041092666154095525e+01
2.796000000000000000e+03,3.062422955075211917e+01
2.797000000000000000e+03,3.084203965406747372e+01
2.798000000000000000e+03,3.087439190398112387e+01
2.799000000000000000e+03,3.081823204892823753e+01
2.800000000000000000e+03,3.055132927786340602e+01
2.801000000000000000e+03,3.069578374911587915e+01
2.802000000000000000e+03,3.074143174714150462e+01
2.803000000000000000e+03,3.089699840675539377e+01
2.804000000000000000e+03,3.075163053471291974e+01
2.805000000000000000e+03,3.067542661674330873e+01
2.806000000000000000e+03,3.066078814286194287e+01
2.807000000000000000e+03,3.077102799406740274e+01
2.808000000000000000e+03,3.076359772197356435e+01
2.809000000000000000e+03,3.067658606149159084e+01
2.810000000000000000e+03,3.070785431091938023e+01
2.811000000000000000e+03,3.062058128840582327e+01
2.812000000000000000e+03,3.054271161921799660e+01
2.813000000000000000e+03,3.064698361682602368e+01
2.814000000000000000e+03,3.060257361927769182e+01
2.815000000000000000e+03,3.044755372727560783e+01
2.816000000000000000e+03,3.050637216038404631e+01
2.817000000000000000e+03,3.035835718117592563e+01
2.818000000000000000e+03,3.041188919631128940e+01
2.819000000000000000e+03,3.039944904217796662e+01
