0.000000000000000000e+00,1.122906957686362062e-02
1.000000000000000000e+00,4.255318444103164954e-03
2.000000000000000000e+00,-8.457249630668932372e-02
3.000000000000000000e+00,-1.772005609676656213e-01
4.000000000000000000e+00,-1.202236568952533002e-01
5.000000000000000000e+00,-9.169341646283302172e-02
6.000000000000000000e+00,-4.358575295957706208e-02
7.000000000000000000e+00,-6.436195645847046787e-02
8.000000000000000000e+00,-1.826351872455899417e-01
9.000000000000000000e+00,-2.329665967266454363e-01
1.000000000000000000e+01,-4.730442244937826252e-02
1.100000000000000000e+01,-3.553078558869954273e-02
1.200000000000000000e+01,-1.269892721539006564e-02
1.300000000000000000e+01,-1.404690242276052381e-01
1.400000000000000000e+01,-1.458242467516056851e-01
1.500000000000000000e+01,-1.131581504973613178e-01
1.600000000000000000e+01,-1.467831813165808297e-02
1.700000000000000000e+01,-3.294628240864715119e-02
1.800000000000000000e+01,-1.072369613059070137e-01
1.900000000000000000e+01,-2.019202294536192599e-01
2.000000000000000000e+01,-2.082496503544212507e-01
2.100000000000000000e+01,-2.068783753467413888e-01
2.200000000000000000e+01,1.487927994322171821e-02
2.300000000000000000e+01,6.669238117829534573e-02
2.400000000000000000e+01,-1.558492837483553550e-02
2.500000000000000000e+01,1.814591394672577379e-02
2.600000000000000000e+01,2.028239676425593885e-01
2.700000000000000000e+01,1.124774800523531681e-01
2.800000000000000000e+01,1.103691218640178440e-01
2.900000000000000000e+01,-1.897012192424647747e-02
3.000000000000000000e+01,-1.033373142694250929e-01
3.100000000000000000e+01,4.956266233294508855e-02
3.200000000000000000e+01,7.606341536516980639e-02
3.300000000000000000e+01,9.346800243274824838e-02
3.400000000000000000e+01,3.049522823210904648e-02
3.500000000000000000e+01,-2.569248590365166840e-02
3.600000000000000000e+01,3.062085348962812967e-02
3.700000000000000000e+01,1.244589805999984228e-01
3.800000000000000000e+01,3.331682356156856484e-01
3.900000000000000000e+01,1.963903607643191773e-01
4.000000000000000000e+01,1.310253932946586763e-01
4.100000000000000000e+01,1.636702272145941772e-01
4.200000000000000000e+01,2.895057432272195030e-01
4.300000000000000000e+01,3.699759036250271915e-01
4.400000000000000000e+01,1.498301755841739136e-01
4.500000000000000000e+01,1.508342440650852490e-01
4.600000000000000000e+01,2.849952868027497144e-01
4.700000000000000000e+01,2.041451812439151747e-01
4.800000000000000000e+01,4.064069775419389408e-01
4.900000000000000000e+01,3.624002388953770915e-01
5.000000000000000000e+01,2.070787262290257058e-01
5.100000000000000000e+01,1.262271303050590543e-01
5.200000000000000000e+01,2.037568145575844314e-01
5.300000000000000000e+01,2.506152142638960467e-01
5.400000000000000000e+01,3.278026390660372380e-01
5.500000000000000000e+01,1.802330511853549866e-01
5.600000000000000000e+01,9.873343548123969526e-02
5.700000000000000000e+01,-4.425691746229989953e-02
5.800000000000000000e+01,1.795588842524707129e-01
5.900000000000000000e+01,3.132105615417833944e-01
6.000000000000000000e+01,1.553350337306026729e-01
6.100000000000000000e+01,6.070083425635022789e-02
6.200000000000000000e+01,1.373842113087468675e-01
6.300000000000000000e+01,2.264183951444055654e-01
6.400000000000000000e+01,3.323879403059974980e-01
6.500000000000000000e+01,1.028093114771222172e-01
6.600000000000000000e+01,8.309151155089063157e-02
6.700000000000000000e+01,3.785101746792850497e-01
6.800000000000000000e+01,1.231636105257531699e-01
6.900000000000000000e+01,9.066271203464974782e-02
7.000000000000000000e+01,7.077991619381973631e-02
7.100000000000000000e+01,-1.409760089942900529e-01
7.200000000000000000e+01,-9.808596770792624153e-02
7.300000000000000000e+01,5.672540014081649262e-03
7.400000000000000000e+01,1.187274685910014449e-01
7.500000000000000000e+01,3.650381375635786130e-02
7.600000000000000000e+01,-1.024135677775744879e-01
7.700000000000000000e+01,-1.877493679754668743e-01
7.800000000000000000e+01,-1.253710307341164842e-01
7.900000000000000000e+01,-1.247934669585410994e-01
8.000000000000000000e+01,-4.950000655304445663e-04
8.100000000000000000e+01,-1.012687232544070837e-01
8.200000000000000000e+01,-1.571086390498775132e-01
8.300000000000000000e+01,-2.309162736988399911e-01
8.400000000000000000e+01,4.878884729389892233e-02
8.500000000000000000e+01,1.349772158179235737e-01
8.600000000000000000e+01,-5.571675967414549402e-02
8.700000000000000000e+01,-1.466692360101905235e-01
8.800000000000000000e+01,-9.902289105181349971e-02
8.900000000000000000e+01,-5.321437226216406413e-02
9.000000000000000000e+01,3.592091615405853394e-02
9.100000000000000000e+01,-7.628312829163730324e-02
9.200000000000000000e+01,-1.901635303106338215e-01
9.300000000000000000e+01,-2.031961771022361973e-01
9.400000000000000000e+01,-8.110931336692514537e-02
9.500000000000000000e+01,-3.558303255854364244e-03
9.600000000000000000e+01,6.027314362679409704e-02
9.700000000000000000e+01,-2.271571368976730287e-01
9.800000000000000000e+01,-1.341724622624440866e-01
9.900000000000000000e+01,-1.720964751312733798e-01
1.000000000000000000e+02,1.438925429111286292e-01
1.010000000000000000e+02,6.225462422277974056e-02
1.020000000000000000e+02,-2.362648789952504977e-02
1.030000000000000000e+02,-2.557195124072372261e-01
1.040000000000000000e+02,-1.579955657378649680e-01
1.050000000000000000e+02,-7.069831936068801670e-02
1.060000000000000000e+02,-5.975407883317578051e-02
1.070000000000000000e+02,4.045073823898378412e-02
1.080000000000000000e+02,-1.329878439544583679e-01
1.090000000000000000e+02,-2.087612540905288694e-01
1.100000000000000000e+02,-2.284487496609153429e-02
1.110000000000000000e+02,6.869042717597403924e-02
1.120000000000000000e+02,2.796851933411413638e-03
1.130000000000000000e+02,-3.763131360955720289e-02
1.140000000000000000e+02,2.640626065844227377e-02
1.150000000000000000e+02,2.778913978846582478e-02
1.160000000000000000e+02,4.825383183934618680e-02
1.170000000000000000e+02,1.537561187740710267e-02
1.180000000000000000e+02,-1.528566474131629327e-01
1.190000000000000000e+02,-1.645787544243899336e-01
1.200000000000000000e+02,-8.423250060559328567e-02
1.210000000000000000e+02,2.382838237671378034e-01
1.220000000000000000e+02,3.009608280153495130e-01
1.230000000000000000e+02,1.567340343068184261e-01
1.240000000000000000e+02,3.068408062232622080e-02
1.250000000000000000e+02,4.587571441334931110e-02
1.260000000000000000e+02,2.035047279691528099e-01
1.270000000000000000e+02,2.294097096734748487e-01
1.280000000000000000e+02,3.323687407089949697e-01
1.290000000000000000e+02,6.442880569857736828e-02
1.300000000000000000e+02,1.035881309775429915e-01
1.310000000000000000e+02,2.260296193618455129e-01
1.320000000000000000e+02,-2.467511942045935713e-02
1.330000000000000000e+02,2.661044678051882051e-01
1.340000000000000000e+02,1.750125756207602523e-01
1.350000000000000000e+02,1.853982424800205975e-01
1.360000000000000000e+02,2.414441429529518846e-01
1.370000000000000000e+02,3.237088759276479655e-01
1.380000000000000000e+02,3.128045564355148023e-01
1.390000000000000000e+02,1.859019660103523597e-01
1.400000000000000000e+02,2.150702918406134367e-01
1.410000000000000000e+02,1.273213127654989896e-01
1.420000000000000000e+02,2.947963488356439843e-01
1.430000000000000000e+02,3.795677661839957362e-01
1.440000000000000000e+02,2.518700154118557188e-01
1.450000000000000000e+02,9.963362839901900025e-02
1.460000000000000000e+02,5.097702662840816745e-02
1.470000000000000000e+02,6.955187345989191638e-02
1.480000000000000000e+02,1.877022170458681749e-01
1.490000000000000000e+02,1.146767904409406180e-01
1.500000000000000000e+02,1.328403626277696314e-01
1.510000000000000000e+02,-1.847749348024113614e-01
1.520000000000000000e+02,-1.034823494861853849e-01
1.530000000000000000e+02,-5.854864512095964146e-03
1.540000000000000000e+02,5.728387071684409859e-02
1.550000000000000000e+02,-1.421462161836323235e-01
1.560000000000000000e+02,-2.286737007258078380e-01
1.570000000000000000e+02,-2.759215163523246472e-01
1.580000000000000000e+02,-4.477618967062976796e-02
1.590000000000000000e+02,-5.472084220637128682e-02
1.600000000000000000e+02,-2.331152049907478929e-01
1.610000000000000000e+02,-2.389085499130340629e-01
1.620000000000000000e+02,-2.527587000725267652e-01
1.630000000000000000e+02,-3.727731251571453353e-02
1.640000000000000000e+02,-8.080860720911048345e-03
1.650000000000000000e+02,-7.946189900099816239e-02
1.660000000000000000e+02,-1.551713237819558888e-01
1.670000000000000000e+02,-2.107205402273756578e-01
1.680000000000000000e+02,-1.278039435466491458e-01
1.690000000000000000e+02,-1.248586660673864923e-01
1.700000000000000000e+02,-1.706276391213568944e-01
1.710000000000000000e+02,-2.028149955592867260e-01
1.720000000000000000e+02,-3.251147518036949791e-01
1.730000000000000000e+02,-1.932896367944683114e-01
1.740000000000000000e+02,-3.756910187772782850e-02
1.750000000000000000e+02,5.152420311381150642e-02
1.760000000000000000e+02,-6.339978503045196057e-02
1.770000000000000000e+02,-1.446375593686567984e-01
1.780000000000000000e+02,-1.436693331264556894e-01
1.790000000000000000e+02,-1.733780910428520949e-01
1.800000000000000000e+02,9.167121236710079613e-02
1.810000000000000000e+02,2.295471917206708401e-01
1.820000000000000000e+02,1.423375935807401627e-01
1.830000000000000000e+02,-4.022438711209525009e-02
1.840000000000000000e+02,5.135704967961107759e-02
1.850000000000000000e+02,-7.557300165069207043e-02
1.860000000000000000e+02,1.395117803712804250e-01
1.870000000000000000e+02,-7.881137461516568576e-02
1.880000000000000000e+02,-1.012288294650919851e-01
1.890000000000000000e+02,3.029736222809722990e-02
1.900000000000000000e+02,3.608326162863426667e-01
1.910000000000000000e+02,-5.535366658142983065e-02
1.920000000000000000e+02,-1.391198938172416300e-01
1.930000000000000000e+02,-3.078278329154690574e-02
1.940000000000000000e+02,-8.074856321709059093e-02
1.950000000000000000e+02,1.876690367251983016e-01
1.960000000000000000e+02,-2.016343456386404664e-01
1.970000000000000000e+02,-8.169301084087123022e-02
1.980000000000000000e+02,-1.322203994007849492e-01
1.990000000000000000e+02,-1.094935459910475750e-01
2.000000000000000000e+02,-8.126014484282519101e-02
2.010000000000000000e+02,-6.508668778547485601e-03
2.020000000000000000e+02,1.349637857945763242e-01
2.030000000000000000e+02,1.114492176838736553e-01
2.040000000000000000e+02,-8.326677284186695394e-02
2.050000000000000000e+02,1.668150361649023694e-01
2.060000000000000000e+02,1.186735558647276645e-01
2.070000000000000000e+02,1.005926688695564508e-01
2.080000000000000000e+02,-7.220615213756421957e-02
2.090000000000000000e+02,-1.221173794988588412e-01
2.100000000000000000e+02,-1.484119019688971974e-01
2.110000000000000000e+02,2.060828392177059265e-01
2.120000000000000000e+02,5.356955008132364970e-02
2.130000000000000000e+02,4.652818991473102461e-02
2.140000000000000000e+02,-1.025275443590059066e-01
2.150000000000000000e+02,2.415729450515055610e-02
2.160000000000000000e+02,9.566593388921632024e-02
2.170000000000000000e+02,-5.449447000372598104e-02
2.180000000000000000e+02,3.509251805876932584e-03
2.190000000000000000e+02,3.497355406159981250e-02
2.200000000000000000e+02,7.033410163112989444e-02
2.210000000000000000e+02,2.600206961133521566e-01
2.220000000000000000e+02,2.028023571171317929e-01
2.230000000000000000e+02,1.765532736258435820e-01
2.240000000000000000e+02,4.396985712116811829e-02
2.250000000000000000e+02,-2.423418585265353642e-02
2.260000000000000000e+02,1.798779852835166726e-01
2.270000000000000000e+02,2.201540681798399568e-01
2.280000000000000000e+02,1.730129763578012181e-01
2.290000000000000000e+02,9.463822533281876503e-02
2.300000000000000000e+02,1.054881281891415362e-01
2.310000000000000000e+02,1.554564807527455683e-01
2.320000000000000000e+02,1.957649624998793469e-01
2.330000000000000000e+02,2.065644719740291624e-01
2.340000000000000000e+02,9.472856824662533037e-02
2.350000000000000000e+02,3.176266458166605855e-02
2.360000000000000000e+02,1.513916880858483527e-01
2.370000000000000000e+02,4.257594270062855513e-01
2.380000000000000000e+02,4.348328622513735198e-01
2.390000000000000000e+02,3.070418248164715758e-01
2.400000000000000000e+02,2.694997403171765504e-01
2.410000000000000000e+02,4.141885233764324159e-01
2.420000000000000000e+02,4.408291819302770920e-01
2.430000000000000000e+02,6.114680489242387829e-01
2.440000000000000000e+02,3.432579915615671107e-01
2.450000000000000000e+02,3.201103937517671971e-01
2.460000000000000000e+02,4.337348961672324865e-01
2.470000000000000000e+02,7.851579024765780179e-01
2.480000000000000000e+02,4.351889277246276944e-01
2.490000000000000000e+02,6.340815557865668861e-01
2.500000000000000000e+02,3.838638146257760120e-01
2.510000000000000000e+02,4.540457398147325074e-01
2.520000000000000000e+02,5.763285663628037181e-01
2.530000000000000000e+02,7.560254567776198975e-01
2.540000000000000000e+02,7.214161465498161174e-01
2.550000000000000000e+02,6.561639533496248511e-01
2.560000000000000000e+02,5.985130148743253997e-01
2.570000000000000000e+02,3.274242603185867351e-01
2.580000000000000000e+02,9.190145351042218191e-01
2.590000000000000000e+02,8.463556238818933375e-01
2.600000000000000000e+02,1.099768679601728527e+00
2.610000000000000000e+02,3.595000642047752049e-01
2.620000000000000000e+02,7.891345519631237648e-01
2.630000000000000000e+02,1.196064727253050020e+00
2.640000000000000000e+02,1.227779902267317258e+00
2.650000000000000000e+02,1.124318651751185838e+00
2.660000000000000000e+02,1.236488995007371194e+00
2.670000000000000000e+02,8.489425651474598045e-01
2.680000000000000000e+02,1.043053683524123976e+00
2.690000000000000000e+02,1.085800677761440847e+00
2.700000000000000000e+02,1.000466129468755350e+00
2.710000000000000000e+02,1.178787690362956830e+00
2.720000000000000000e+02,1.376162480749374861e+00
2.730000000000000000e+02,1.146011809260110592e+00
2.740000000000000000e+02,1.367282323487479578e+00
2.750000000000000000e+02,1.343152161489493457e+00
2.760000000000000000e+02,1.382501765284553485e+00
2.770000000000000000e+02,1.051834456112794136e+00
2.780000000000000000e+02,1.539253161325902841e+00
2.790000000000000000e+02,1.632512121771931612e+00
2.800000000000000000e+02,1.781799955666344859e+00
2.810000000000000000e+02,1.532134460512426966e+00
2.820000000000000000e+02,1.433955602254681994e+00
2.830000000000000000e+02,1.694448540080734755e+00
2.840000000000000000e+02,1.764555207020338745e+00
2.850000000000000000e+02,1.937840092796095481e+00
2.860000000000000000e+02,1.779234577666377826e+00
2.870000000000000000e+02,1.657762196104865193e+00
2.880000000000000000e+02,1.838631056289747434e+00
2.890000000000000000e+02,1.867231734969360790e+00
2.900000000000000000e+02,2.149140407568669531e+00
2.910000000000000000e+02,2.126394661121568941e+00
2.920000000000000000e+02,2.020081166584574373e+00
2.930000000000000000e+02,2.012270393593718953e+00
2.940000000000000000e+02,2.237107628102737777e+00
2.950000000000000000e+02,2.368763875550802034e+00
2.960000000000000000e+02,2.215030533766372045e+00
2.970000000000000000e+02,2.330395529958451561e+00
2.980000000000000000e+02,2.113901771358885906e+00
2.990000000000000000e+02,2.401539265993809735e+00
3.000000000000000000e+02,2.286380391587409022e+00
3.010000000000000000e+02,2.359286197164407461e+00
3.020000000000000000e+02,2.236446888033202463e+00
3.030000000000000000e+02,2.152777728094121823e+00
3.040000000000000000e+02,2.280606442955433799e+00
3.050000000000000000e+02,2.321869504813849350e+00
3.060000000000000000e+02,2.375385143160372525e+00
3.070000000000000000e+02,2.467931543349852763e+00
3.080000000000000000e+02,2.053891643902002961e+00
3.090000000000000000e+02,2.419256010892654629e+00
3.100000000000000000e+02,2.350149022188972481e+00
3.110000000000000000e+02,2.704394888502384298e+00
3.120000000000000000e+02,2.282152588458629783e+00
3.130000000000000000e+02,2.340560363861072357e+00
3.140000000000000000e+02,2.354626042233879613e+00
3.150000000000000000e+02,2.546149566340822457e+00
3.160000000000000000e+02,2.638627332922606872e+00
3.170000000000000000e+02,2.609794381117084949e+00
3.180000000000000000e+02,2.598488105656376668e+00
3.190000000000000000e+02,2.347120381096388986e+00
3.200000000000000000e+02,2.558904455699698488e+00
3.210000000000000000e+02,2.697390063147787842e+00
3.220000000000000000e+02,2.922218244629358086e+00
3.230000000000000000e+02,2.749048974390112754e+00
3.240000000000000000e+02,2.830272473962158308e+00
3.250000000000000000e+02,2.651028506046944511e+00
3.260000000000000000e+02,3.080705539014039207e+00
3.270000000000000000e+02,2.959683387388710507e+00
3.280000000000000000e+02,3.116514765986047042e+00
3.290000000000000000e+02,2.960278193740202735e+00
3.300000000000000000e+02,2.798834746045983923e+00
3.310000000000000000e+02,3.217941587948241811e+00
3.320000000000000000e+02,3.175886670793373945e+00
3.330000000000000000e+02,3.339675584511483386e+00
3.340000000000000000e+02,2.972802149287661955e+00
3.350000000000000000e+02,3.348822167304720487e+00
3.360000000000000000e+02,3.543365083710351637e+00
3.370000000000000000e+02,3.456231515411235300e+00
3.380000000000000000e+02,3.486309922317334387e+00
3.390000000000000000e+02,3.470506278395056210e+00
3.400000000000000000e+02,3.827001590691579302e+00
3.410000000000000000e+02,3.293007354830201017e+00
3.420000000000000000e+02,3.853049084693842552e+00
3.430000000000000000e+02,3.980694331199754910e+00
3.440000000000000000e+02,3.935214716961765724e+00
3.450000000000000000e+02,3.544450018803884994e+00
3.460000000000000000e+02,3.925266674047892312e+00
3.470000000000000000e+02,4.057730396099617387e+00
3.480000000000000000e+02,4.224147509124184907e+00
3.490000000000000000e+02,3.976728565121903980e+00
3.500000000000000000e+02,3.945039963490528212e+00
3.510000000000000000e+02,4.067639285812246541e+00
3.520000000000000000e+02,4.328060142546041433e+00
3.530000000000000000e+02,4.217948544760112384e+00
3.540000000000000000e+02,4.401381205918538875e+00
3.550000000000000000e+02,4.332511687618349150e+00
3.560000000000000000e+02,4.177368421251305364e+00
3.570000000000000000e+02,4.247232443761306264e+00
3.580000000000000000e+02,4.411517518151979012e+00
3.590000000000000000e+02,4.511213177972074106e+00
3.600000000000000000e+02,4.434437805268157007e+00
3.610000000000000000e+02,4.173154487455025041e+00
3.620000000000000000e+02,4.492899208095779251e+00
3.630000000000000000e+02,4.430169612804767176e+00
3.640000000000000000e+02,4.763070407129682771e+00
3.650000000000000000e+02,4.625212332931964987e+00
3.660000000000000000e+02,4.675715949103965485e+00
3.670000000000000000e+02,4.853843523687507933e+00
3.680000000000000000e+02,4.598694541554633197e+00
3.690000000000000000e+02,4.792844700596948115e+00
3.700000000000000000e+02,4.993658309824766661e+00
3.710000000000000000e+02,4.798399648339979784e+00
3.720000000000000000e+02,4.728500515171895735e+00
3.730000000000000000e+02,4.787823596044880503e+00
3.740000000000000000e+02,5.035347734812377851e+00
3.750000000000000000e+02,5.240210363080953115e+00
3.760000000000000000e+02,5.121814025327192432e+00
3.770000000000000000e+02,5.059518951552180788e+00
3.780000000000000000e+02,5.124556181604387639e+00
3.790000000000000000e+02,5.423361359007540017e+00
3.800000000000000000e+02,5.443231900670366663e+00
3.810000000000000000e+02,5.198115186175744640e+00
3.820000000000000000e+02,5.114218098625523901e+00
3.830000000000000000e+02,5.301126273677959411e+00
3.840000000000000000e+02,5.482842994208254161e+00
3.850000000000000000e+02,5.621534153726338801e+00
3.860000000000000000e+02,5.370405927620148567e+00
3.870000000000000000e+02,5.775562403081625718e+00
3.880000000000000000e+02,5.615561125542540388e+00
3.890000000000000000e+02,5.662576076009063542e+00
3.900000000000000000e+02,5.787487984931867224e+00
3.910000000000000000e+02,5.816014894576505334e+00
3.920000000000000000e+02,5.669810198139255242e+00
3.930000000000000000e+02,5.591111086744744441e+00
3.940000000000000000e+02,5.665232768406291086e+00
3.950000000000000000e+02,6.059592295198851453e+00
3.960000000000000000e+02,5.804020987301356627e+00
3.970000000000000000e+02,5.588463886900105315e+00
3.980000000000000000e+02,5.509645419050231752e+00
3.990000000000000000e+02,5.664910932157182444e+00
4.000000000000000000e+02,5.743469255773564264e+00
4.010000000000000000e+02,5.938567095911793992e+00
4.020000000000000000e+02,6.155241339205734796e+00
4.030000000000000000e+02,5.612632800669735467e+00
4.040000000000000000e+02,6.043573930429878338e+00
4.050000000000000000e+02,5.941432033657568113e+00
4.060000000000000000e+02,5.996282238691002853e+00
4.070000000000000000e+02,6.017770899347222091e+00
4.080000000000000000e+02,5.995571996037257101e+00
4.090000000000000000e+02,5.869703072734769655e+00
4.100000000000000000e+02,5.945188071548818343e+00
4.110000000000000000e+02,5.985794531897794535e+00
4.120000000000000000e+02,6.015502754311659039e+00
4.130000000000000000e+02,6.138574203236471405e+00
4.140000000000000000e+02,6.029774685194377426e+00
4.150000000000000000e+02,6.280271002665066327e+00
4.160000000000000000e+02,6.577097260518816491e+00
4.170000000000000000e+02,6.468101812753827673e+00
4.180000000000000000e+02,6.167883766111935451e+00
4.190000000000000000e+02,6.295710108600878208e+00
4.200000000000000000e+02,6.475372254584204512e+00
4.210000000000000000e+02,6.136827401857106956e+00
4.220000000000000000e+02,6.478784928028634482e+00
4.230000000000000000e+02,6.635709817133023769e+00
4.240000000000000000e+02,6.702162981938564634e+00
4.250000000000000000e+02,6.451924516210794991e+00
4.260000000000000000e+02,6.732135873078361143e+00
4.270000000000000000e+02,7.168039695619181195e+00
4.280000000000000000e+02,6.857017931834728408e+00
4.290000000000000000e+02,6.923438295143081511e+00
4.300000000000000000e+02,7.182116140764163603e+00
4.310000000000000000e+02,7.150435906167351696e+00
4.320000000000000000e+02,7.059374640748961482e+00
4.330000000000000000e+02,7.146863342291954524e+00
4.340000000000000000e+02,7.383945853635359491e+00
4.350000000000000000e+02,7.411907533229683764e+00
4.360000000000000000e+02,7.457599340591312576e+00
4.370000000000000000e+02,7.355561088298854244e+00
4.380000000000000000e+02,7.548654851412641698e+00
4.390000000000000000e+02,7.693710418148881125e+00
4.400000000000000000e+02,7.280100884664421734e+00
4.410000000000000000e+02,7.464269606803403789e+00
4.420000000000000000e+02,7.538694358059526479e+00
4.430000000000000000e+02,7.577259328672076855e+00
4.440000000000000000e+02,7.700196827713813086e+00
4.450000000000000000e+02,7.536689641792434280e+00
4.460000000000000000e+02,7.628667557742688565e+00
4.470000000000000000e+02,7.642570162276034473e+00
4.480000000000000000e+02,7.625752825258382828e+00
4.490000000000000000e+02,7.892090966625291415e+00
4.500000000000000000e+02,7.664976187074859837e+00
4.510000000000000000e+02,7.773461328328208353e+00
4.520000000000000000e+02,7.786266021421020866e+00
4.530000000000000000e+02,8.437650207622263920e+00
4.540000000000000000e+02,7.939112998188146975e+00
4.550000000000000000e+02,8.093941672845280877e+00
4.560000000000000000e+02,7.801722011593808404e+00
4.570000000000000000e+02,7.768690314952371168e+00
4.580000000000000000e+02,7.995076083323175098e+00
4.590000000000000000e+02,8.077892391326228605e+00
4.600000000000000000e+02,7.764608748613127887e+00
4.610000000000000000e+02,8.090584200734317832e+00
4.620000000000000000e+02,7.932080574522917260e+00
4.630000000000000000e+02,7.902093026228960149e+00
4.640000000000000000e+02,7.975015204519055878e+00
4.650000000000000000e+02,8.063811849289988842e+00
4.660000000000000000e+02,7.813607415703411441e+00
4.670000000000000000e+02,8.403576609943476328e+00
4.680000000000000000e+02,8.778885035754466770e+00
4.690000000000000000e+02,8.567451519199087429e+00
4.700000000000000000e+02,8.533175867276245441e+00
4.710000000000000000e+02,8.615170112406120850e+00
4.720000000000000000e+02,8.633247579146381412e+00
4.730000000000000000e+02,8.651059796896365839e+00
4.740000000000000000e+02,8.788043518478783511e+00
4.750000000000000000e+02,8.814516431764214843e+00
4.760000000000000000e+02,8.720296514009602262e+00
4.770000000000000000e+02,8.653009796456021974e+00
4.780000000000000000e+02,8.933746175299445369e+00
4.790000000000000000e+02,8.824773718319784521e+00
4.800000000000000000e+02,9.044323294822591564e+00
4.810000000000000000e+02,8.699661196227793880e+00
4.820000000000000000e+02,8.900283034605813270e+00
4.830000000000000000e+02,8.768379879814835576e+00
4.840000000000000000e+02,9.063111074321881233e+00
4.850000000000000000e+02,9.115241428577409266e+00
4.860000000000000000e+02,9.062789928359970659e+00
4.870000000000000000e+02,9.282631066898801464e+00
4.880000000000000000e+02,9.269511548280421565e+00
4.890000000000000000e+02,9.154015222302074761e+00
4.900000000000000000e+02,9.527314036738474101e+00
4.910000000000000000e+02,9.711260978422165735e+00
4.920000000000000000e+02,9.734711871905750158e+00
4.930000000000000000e+02,9.653609296977082366e+00
4.940000000000000000e+02,9.912158142541812822e+00
4.950000000000000000e+02,1.013284743958266354e+01
4.960000000000000000e+02,9.987422776351817078e+00
4.970000000000000000e+02,9.966763068380286583e+00
4.980000000000000000e+02,9.815587854845187366e+00
4.990000000000000000e+02,9.994314425890379994e+00
5.000000000000000000e+02,1.002954892776976337e+01
5.010000000000000000e+02,1.004766034331274938e+01
5.020000000000000000e+02,1.014811242086414467e+01
5.030000000000000000e+02,1.023227501006551954e+01
5.040000000000000000e+02,1.018701184762626610e+01
5.050000000000000000e+02,1.034194043064963431e+01
5.060000000000000000e+02,1.051283151034131613e+01
5.070000000000000000e+02,1.043144909952960120e+01
5.080000000000000000e+02,1.022036320321941005e+01
5.090000000000000000e+02,1.040152948680577971e+01
5.100000000000000000e+02,1.060863323650415957e+01
5.110000000000000000e+02,1.050385056796620376e+01
5.120000000000000000e+02,1.050173381451412880e+01
5.130000000000000000e+02,1.057481269411640667e+01
5.140000000000000000e+02,1.054204788182839891e+01
5.150000000000000000e+02,1.071950471315611253e+01
5.160000000000000000e+02,1.077914733194303842e+01
5.170000000000000000e+02,1.090843072009495174e+01
5.180000000000000000e+02,1.085203078571916180e+01
5.190000000000000000e+02,1.092043198755995270e+01
5.200000000000000000e+02,1.062812864600246421e+01
5.210000000000000000e+02,1.081108190331143781e+01
5.220000000000000000e+02,1.110849211959816074e+01
5.230000000000000000e+02,1.078127204191394384e+01
5.240000000000000000e+02,1.069801472971164102e+01
5.250000000000000000e+02,1.093703408172677349e+01
5.260000000000000000e+02,1.109792149739002554e+01
5.270000000000000000e+02,1.125935919804796193e+01
5.280000000000000000e+02,1.111483937491734864e+01
5.290000000000000000e+02,1.111746374766813972e+01
5.300000000000000000e+02,1.096229944464664818e+01
5.310000000000000000e+02,1.116561995894070947e+01
5.320000000000000000e+02,1.151445203699627662e+01
5.330000000000000000e+02,1.144956213926884558e+01
5.340000000000000000e+02,1.127353552751252508e+01
5.350000000000000000e+02,1.123925816207633588e+01
5.360000000000000000e+02,1.144860544693792193e+01
5.370000000000000000e+02,1.148377126238794865e+01
5.380000000000000000e+02,1.144234442328257018e+01
5.390000000000000000e+02,1.150800428945319709e+01
5.400000000000000000e+02,1.134191633756149820e+01
5.410000000000000000e+02,1.154311460557120306e+01
5.420000000000000000e+02,1.153357953434057670e+01
5.430000000000000000e+02,1.151906757158318406e+01
5.440000000000000000e+02,1.165753999286168074e+01
5.450000000000000000e+02,1.152084970354182225e+01
5.460000000000000000e+02,1.159344656164669018e+01
5.470000000000000000e+02,1.169302804268540719e+01
5.480000000000000000e+02,1.168914427973455261e+01
5.490000000000000000e+02,1.174163005399414494e+01
5.500000000000000000e+02,1.168282200246959057e+01
5.510000000000000000e+02,1.182777544474301301e+01
5.520000000000000000e+02,1.189894825612256035e+01
5.530000000000000000e+02,1.215218730021628879e+01
5.540000000000000000e+02,1.198943485993124725e+01
5.550000000000000000e+02,1.202888228996002873e+01
5.560000000000000000e+02,1.177090636361304732e+01
5.570000000000000000e+02,1.196552065045941760e+01
5.580000000000000000e+02,1.207979604781802152e+01
5.590000000000000000e+02,1.241073085924856834e+01
5.600000000000000000e+02,1.201459494218323876e+01
5.610000000000000000e+02,1.194603321998684464e+01
5.620000000000000000e+02,1.206894324276749764e+01
5.630000000000000000e+02,1.237086610517971508e+01
5.640000000000000000e+02,1.225633497155000207e+01
5.650000000000000000e+02,1.225782668554954569e+01
5.660000000000000000e+02,1.205534812850281057e+01
5.670000000000000000e+02,1.248989755525916578e+01
5.680000000000000000e+02,1.248154317103559841e+01
5.690000000000000000e+02,1.272718954303716643e+01
5.700000000000000000e+02,1.264124991929058872e+01
5.710000000000000000e+02,1.277759028235735350e+01
5.720000000000000000e+02,1.262570063078069005e+01
5.730000000000000000e+02,1.285589120290027942e+01
5.740000000000000000e+02,1.288919515264265314e+01
5.750000000000000000e+02,1.298616172525296975e+01
5.760000000000000000e+02,1.297192890864348591e+01
5.770000000000000000e+02,1.284169395036470540e+01
5.780000000000000000e+02,1.289718048917200477e+01
5.790000000000000000e+02,1.317170792907008980e+01
5.800000000000000000e+02,1.315200063628461535e+01
5.810000000000000000e+02,1.336579355728156315e+01
5.820000000000000000e+02,1.286035376420517551e+01
5.830000000000000000e+02,1.322437947895982546e+01
5.840000000000000000e+02,1.340995972295677952e+01
5.850000000000000000e+02,1.349687434247709383e+01
5.860000000000000000e+02,1.328388333740904770e+01
5.870000000000000000e+02,1.346240651495556229e+01
5.880000000000000000e+02,1.325892825280558363e+01
5.890000000000000000e+02,1.337906789181509204e+01
5.900000000000000000e+02,1.357676998197969453e+01
5.910000000000000000e+02,1.346641770685828199e+01
5.920000000000000000e+02,1.329915936872158966e+01
5.930000000000000000e+02,1.358621156297649613e+01
5.940000000000000000e+02,1.360147127574584225e+01
5.950000000000000000e+02,1.383303398305324095e+01
5.960000000000000000e+02,1.392011401232633894e+01
5.970000000000000000e+02,1.344505804712366981e+01
5.980000000000000000e+02,1.348921422897783451e+01
5.990000000000000000e+02,1.363484887822280633e+01
6.000000000000000000e+02,1.372877740612789488e+01
6.010000000000000000e+02,1.385672200983625224e+01
6.020000000000000000e+02,1.343207608943671083e+01
6.030000000000000000e+02,1.367406166985936089e+01
6.040000000000000000e+02,1.374538982249467090e+01
6.050000000000000000e+02,1.386851509506225888e+01
6.060000000000000000e+02,1.382793244549303324e+01
6.070000000000000000e+02,1.384244912757601931e+01
6.080000000000000000e+02,1.374958367288388850e+01
6.090000000000000000e+02,1.373222283342875905e+01
6.100000000000000000e+02,1.415695574280239555e+01
6.110000000000000000e+02,1.438417884640646704e+01
6.120000000000000000e+02,1.434845797430696912e+01
6.130000000000000000e+02,1.413067818833717304e+01
6.140000000000000000e+02,1.416892521997346677e+01
6.150000000000000000e+02,1.429566001381250295e+01
6.160000000000000000e+02,1.436652747606270708e+01
6.170000000000000000e+02,1.427372016405098698e+01
6.180000000000000000e+02,1.434305083566420969e+01
6.190000000000000000e+02,1.431721933755338760e+01
6.200000000000000000e+02,1.423377352853800382e+01
6.210000000000000000e+02,1.446598999329559376e+01
6.220000000000000000e+02,1.475731498106725681e+01
6.230000000000000000e+02,1.450143851812746831e+01
6.240000000000000000e+02,1.450486240286971018e+01
6.250000000000000000e+02,1.460667711776182820e+01
6.260000000000000000e+02,1.481159506104178547e+01
6.270000000000000000e+02,1.475901162663466337e+01
6.280000000000000000e+02,1.461008976645881496e+01
6.290000000000000000e+02,1.461014440862625108e+01
6.300000000000000000e+02,1.455501711167048207e+01
6.310000000000000000e+02,1.472002576830402987e+01
6.320000000000000000e+02,1.489937740864229454e+01
6.330000000000000000e+02,1.482666119112562164e+01
6.340000000000000000e+02,1.473918317112172716e+01
6.350000000000000000e+02,1.479994873612138839e+01
6.360000000000000000e+02,1.484647522904545092e+01
6.370000000000000000e+02,1.477082347135387153e+01
6.380000000000000000e+02,1.490455935835638535e+01
6.390000000000000000e+02,1.483033401037521593e+01
6.400000000000000000e+02,1.483037703470744084e+01
6.410000000000000000e+02,1.480124113933727870e+01
6.420000000000000000e+02,1.517078554777124921e+01
6.430000000000000000e+02,1.496582458792665804e+01
6.440000000000000000e+02,1.476831798070710633e+01
6.450000000000000000e+02,1.448744149866275066e+01
6.460000000000000000e+02,1.464564061942540718e+01
6.470000000000000000e+02,1.479274429539429292e+01
6.480000000000000000e+02,1.486813254916373772e+01
6.490000000000000000e+02,1.498873956333696533e+01
6.500000000000000000e+02,1.480154964859814903e+01
6.510000000000000000e+02,1.482072331286123479e+01
6.520000000000000000e+02,1.516927669072805074e+01
6.530000000000000000e+02,1.518820534908758901e+01
6.540000000000000000e+02,1.546595983551137365e+01
6.550000000000000000e+02,1.521129617366613651e+01
6.560000000000000000e+02,1.539654812403791517e+01
6.570000000000000000e+02,1.551760948904108517e+01
6.580000000000000000e+02,1.594952808291303903e+01
6.590000000000000000e+02,1.580252851552385174e+01
6.600000000000000000e+02,1.593066551898321315e+01
6.610000000000000000e+02,1.593105522999509382e+01
6.620000000000000000e+02,1.592096714081325359e+01
6.630000000000000000e+02,1.612168568392441514e+01
6.640000000000000000e+02,1.593543795551568465e+01
6.650000000000000000e+02,1.613942953106111133e+01
6.660000000000000000e+02,1.596920021431449754e+01
6.670000000000000000e+02,1.604631510573791076e+01
6.680000000000000000e+02,1.632936232265214826e+01
6.690000000000000000e+02,1.616795952389848168e+01
6.700000000000000000e+02,1.635527469563301750e+01
6.710000000000000000e+02,1.615640068411249430e+01
6.720000000000000000e+02,1.641507412709238878e+01
6.730000000000000000e+02,1.640985887878126093e+01
6.740000000000000000e+02,1.672310232791814855e+01
6.750000000000000000e+02,1.698694495551238504e+01
6.760000000000000000e+02,1.673439094650294123e+01
6.770000000000000000e+02,1.669517723097199635e+01
6.780000000000000000e+02,1.698627511419129377e+01
6.790000000000000000e+02,1.677804199392685547e+01
6.800000000000000000e+02,1.685088617811708289e+01
6.810000000000000000e+02,1.684139983718042188e+01
6.820000000000000000e+02,1.671521408722309232e+01
6.830000000000000000e+02,1.698722668815913650e+01
6.840000000000000000e+02,1.675431741443926370e+01
6.850000000000000000e+02,1.690566847257287009e+01
6.860000000000000000e+02,1.680598753674443913e+01
6.870000000000000000e+02,1.673246139653038256e+01
6.880000000000000000e+02,1.702190658456379779e+01
6.890000000000000000e+02,1.692046707592688293e+01
6.900000000000000000e+02,1.699114114527934305e+01
6.910000000000000000e+02,1.707357780869439523e+01
6.920000000000000000e+02,1.691694117259528696e+01
6.930000000000000000e+02,1.704109126212057390e+01
6.940000000000000000e+02,1.723434689206820636e+01
6.950000000000000000e+02,1.706788647877968401e+01
6.960000000000000000e+02,1.757004091199896223e+01
6.970000000000000000e+02,1.734531904775852951e+01
6.980000000000000000e+02,1.707513476561434373e+01
6.990000000000000000e+02,1.737131974740363560e+01
7.000000000000000000e+02,1.733920869678185639e+01
7.010000000000000000e+02,1.749015297877397046e+01
7.020000000000000000e+02,1.725177831527346228e+01
7.030000000000000000e+02,1.719649465025563018e+01
7.040000000000000000e+02,1.741528024210585812e+01
7.050000000000000000e+02,1.760989655881597571e+01
7.060000000000000000e+02,1.743558411745998171e+01
7.070000000000000000e+02,1.752284140329726370e+01
7.080000000000000000e+02,1.747939314455343407e+01
7.090000000000000000e+02,1.748135420098185477e+01
7.100000000000000000e+02,1.775347501331359723e+01
7.110000000000000000e+02,1.767571498778995220e+01
7.120000000000000000e+02,1.777255648948476008e+01
7.130000000000000000e+02,1.777772828703455232e+01
7.140000000000000000e+02,1.765469456755748112e+01
7.150000000000000000e+02,1.773463052336071044e+01
7.160000000000000000e+02,1.806160309348355852e+01
7.170000000000000000e+02,1.789717591463434943e+01
7.180000000000000000e+02,1.779080073030132780e+01
7.190000000000000000e+02,1.782343177284865021e+01
7.200000000000000000e+02,1.826114437676848468e+01
7.210000000000000000e+02,1.801451063015765897e+01
7.220000000000000000e+02,1.819610560349467221e+01
7.230000000000000000e+02,1.815780175118745632e+01
7.240000000000000000e+02,1.797216759013003440e+01
7.250000000000000000e+02,1.823051286874974863e+01
7.260000000000000000e+02,1.820991502196068268e+01
7.270000000000000000e+02,1.812518243642656657e+01
7.280000000000000000e+02,1.858550876072701641e+01
7.290000000000000000e+02,1.830858220428605065e+01
7.300000000000000000e+02,1.830216820550416301e+01
7.310000000000000000e+02,1.851802224743745029e+01
7.320000000000000000e+02,1.886085224262746607e+01
7.330000000000000000e+02,1.853984905488865564e+01
7.340000000000000000e+02,1.872837822276109421e+01
7.350000000000000000e+02,1.873343059130001720e+01
7.360000000000000000e+02,1.891370797414769811e+01
7.370000000000000000e+02,1.884121017539066045e+01
7.380000000000000000e+02,1.901595764706135228e+01
7.390000000000000000e+02,1.881845045225984236e+01
7.400000000000000000e+02,1.886167845751203131e+01
7.410000000000000000e+02,1.899674511065612137e+01
7.420000000000000000e+02,1.882728097927737210e+01
7.430000000000000000e+02,1.901632288825033257e+01
7.440000000000000000e+02,1.902315631020302078e+01
7.450000000000000000e+02,1.894409554236287363e+01
7.460000000000000000e+02,1.898216195369453629e+01
7.470000000000000000e+02,1.918708795882995588e+01
7.480000000000000000e+02,1.933056243772757199e+01
7.490000000000000000e+02,1.937921139561261796e+01
7.500000000000000000e+02,1.946352630293576169e+01
7.510000000000000000e+02,1.908222086394296824e+01
7.520000000000000000e+02,1.952969640826497866e+01
7.530000000000000000e+02,1.987650812706276682e+01
7.540000000000000000e+02,1.956921649834033516e+01
7.550000000000000000e+02,1.963558556396390742e+01
7.560000000000000000e+02,1.954704640744263600e+01
7.570000000000000000e+02,1.972705230122420872e+01
7.580000000000000000e+02,1.949509188353774647e+01
7.590000000000000000e+02,1.968547004233214537e+01
7.600000000000000000e+02,1.936997536847743717e+01
7.610000000000000000e+02,1.958089525556257726e+01
7.620000000000000000e+02,1.966429961047390407e+01
7.630000000000000000e+02,1.964937947362089687e+01
7.640000000000000000e+02,1.986108058798140164e+01
7.650000000000000000e+02,1.989921739808323764e+01
7.660000000000000000e+02,1.966703057165086932e+01
7.670000000000000000e+02,1.973515919347140013e+01
7.680000000000000000e+02,1.983230598085494734e+01
7.690000000000000000e+02,1.994027510110875312e+01
7.700000000000000000e+02,2.005317471530879203e+01
7.710000000000000000e+02,1.991776197651573099e+01
7.720000000000000000e+02,2.001244791034310921e+01
7.730000000000000000e+02,1.984907693488133873e+01
7.740000000000000000e+02,2.015867266083021647e+01
7.750000000000000000e+02,2.024457704721399764e+01
7.760000000000000000e+02,2.028170693506816491e+01
7.770000000000000000e+02,2.020527583624155454e+01
7.780000000000000000e+02,2.026552855200959158e+01
7.790000000000000000e+02,2.041496044408042465e+01
7.800000000000000000e+02,2.067993195037749743e+01
7.810000000000000000e+02,2.044971461145520308e+01
7.820000000000000000e+02,2.032194408073658565e+01
7.830000000000000000e+02,2.042278663610871092e+01
7.840000000000000000e+02,2.063796645376368488e+01
7.850000000000000000e+02,2.058796055068973629e+01
7.860000000000000000e+02,2.041409108431948738e+01
7.870000000000000000e+02,2.051735921345098035e+01
7.880000000000000000e+02,2.061461319182036434e+01
7.890000000000000000e+02,2.050268582285055174e+01
7.900000000000000000e+02,2.085337302373957513e+01
7.910000000000000000e+02,2.105144147978581515e+01
7.920000000000000000e+02,2.066437931358345281e+01
7.930000000000000000e+02,2.074755753510024903e+01
7.940000000000000000e+02,2.129326480221230256e+01
7.950000000000000000e+02,2.126379507234687338e+01
7.960000000000000000e+02,2.115220115290304292e+01
7.970000000000000000e+02,2.114717564344007528e+01
7.980000000000000000e+02,2.137941150144307301e+01
7.990000000000000000e+02,2.118079273924696082e+01
8.000000000000000000e+02,2.138010448455276347e+01
8.010000000000000000e+02,2.144601553146051032e+01
8.020000000000000000e+02,2.135332916815534077e+01
8.030000000000000000e+02,2.110393874756101340e+01
8.040000000000000000e+02,2.147537232909099103e+01
8.050000000000000000e+02,2.169888626790288200e+01
8.060000000000000000e+02,2.152399326575821448e+01
8.070000000000000000e+02,2.168060211760886702e+01
8.080000000000000000e+02,2.162346312253543701e+01
8.090000000000000000e+02,2.164290018026665763e+01
8.100000000000000000e+02,2.189943292794229990e+01
8.110000000000000000e+02,2.169169771062115970e+01
8.120000000000000000e+02,2.201495783792594096e+01
8.130000000000000000e+02,2.161422317363523504e+01
8.140000000000000000e+02,2.200833276128064142e+01
8.150000000000000000e+02,2.185062551131220943e+01
8.160000000000000000e+02,2.218749894840119197e+01
8.170000000000000000e+02,2.200130213422896830e+01
8.180000000000000000e+02,2.193453753352897806e+01
8.190000000000000000e+02,2.210357227752827924e+01
8.200000000000000000e+02,2.226138363910478901e+01
8.210000000000000000e+02,2.237568586860469466e+01
8.220000000000000000e+02,2.241414134373233580e+01
8.230000000000000000e+02,2.269136794283055281e+01
8.240000000000000000e+02,2.209756057046564948e+01
8.250000000000000000e+02,2.206267678083055728e+01
8.260000000000000000e+02,2.211097995699194385e+01
8.270000000000000000e+02,2.243265890137282881e+01
8.280000000000000000e+02,2.231329913977067747e+01
8.290000000000000000e+02,2.238988258741634141e+01
8.300000000000000000e+02,2.232437547387682031e+01
8.310000000000000000e+02,2.250643593677554932e+01
8.320000000000000000e+02,2.264055055534045025e+01
8.330000000000000000e+02,2.255317304670913003e+01
8.340000000000000000e+02,2.255477943302113175e+01
8.350000000000000000e+02,2.243301137856260397e+01
8.360000000000000000e+02,2.256726225150932308e+01
8.370000000000000000e+02,2.250026762688911930e+01
8.380000000000000000e+02,2.230285507724511618e+01
8.390000000000000000e+02,2.230389704985581645e+01
8.400000000000000000e+02,2.224412529937344374e+01
8.410000000000000000e+02,2.269009675916588620e+01
8.420000000000000000e+02,2.253286469333083275e+01
8.430000000000000000e+02,2.300684943149192918e+01
8.440000000000000000e+02,2.277894133353112238e+01
8.450000000000000000e+02,2.289386510849635670e+01
8.460000000000000000e+02,2.306830289115867316e+01
8.470000000000000000e+02,2.289715217015739768e+01
8.480000000000000000e+02,2.316633629993079069e+01
8.490000000000000000e+02,2.296858798406781332e+01
8.500000000000000000e+02,2.303411735646315250e+01
8.510000000000000000e+02,2.322257458463937141e+01
8.520000000000000000e+02,2.320120864961386076e+01
8.530000000000000000e+02,2.338713591841633033e+01
8.540000000000000000e+02,2.319129665655853145e+01
8.550000000000000000e+02,2.315555485599672991e+01
8.560000000000000000e+02,2.324910506137235089e+01
8.570000000000000000e+02,2.351051127664677409e+01
8.580000000000000000e+02,2.347863302716646672e+01
8.590000000000000000e+02,2.328553684195338747e+01
8.600000000000000000e+02,2.338578293266328956e+01
8.610000000000000000e+02,2.338315742333995573e+01
8.620000000000000000e+02,2.343173381545532052e+01
8.630000000000000000e+02,2.351927183939081800e+01
8.640000000000000000e+02,2.366037268839001939e+01
8.650000000000000000e+02,2.350164038614461504e+01
8.660000000000000000e+02,2.369193608300461307e+01
8.670000000000000000e+02,2.378427824175651395e+01
8.680000000000000000e+02,2.403678520709273769e+01
8.690000000000000000e+02,2.408884009363876899e+01
8.700000000000000000e+02,2.394908137602464038e+01
8.710000000000000000e+02,2.396545513858603726e+01
8.720000000000000000e+02,2.427324812329944947e+01
8.730000000000000000e+02,2.389641896594999793e+01
8.740000000000000000e+02,2.398452560798912359e+01
8.750000000000000000e+02,2.418505279760531224e+01
8.760000000000000000e+02,2.397765572911874088e+01
8.770000000000000000e+02,2.395720318230881674e+01
8.780000000000000000e+02,2.404424102220655968e+01
8.790000000000000000e+02,2.424034144601998975e+01
8.800000000000000000e+02,2.423788971168882611e+01
8.810000000000000000e+02,2.418375495713557299e+01
8.820000000000000000e+02,2.381840668391700788e+01
8.830000000000000000e+02,2.403403422136755552e+01
8.840000000000000000e+02,2.423780498258636484e+01
8.850000000000000000e+02,2.438293008824872743e+01
8.860000000000000000e+02,2.443972535158880177e+01
8.870000000000000000e+02,2.438474865404895553e+01
8.880000000000000000e+02,2.434141699681180526e+01
8.890000000000000000e+02,2.459350108808222402e+01
8.900000000000000000e+02,2.482443450255178519e+01
8.910000000000000000e+02,2.480986741866469103e+01
8.920000000000000000e+02,2.458756244579681294e+01
8.930000000000000000e+02,2.473364611444858596e+01
8.940000000000000000e+02,2.485852937259916828e+01
8.950000000000000000e+02,2.519665421925120796e+01
8.960000000000000000e+02,2.509503593780091535e+01
8.970000000000000000e+02,2.503667840125483934e+01
8.980000000000000000e+02,2.517942277529111195e+01
8.990000000000000000e+02,2.533792026862570879e+01
9.000000000000000000e+02,2.520419826343605152e+01
9.010000000000000000e+02,2.547605742483280622e+01
9.020000000000000000e+02,2.553908723688023841e+01
9.030000000000000000e+02,2.553821617511257713e+01
9.040000000000000000e+02,2.511036156512128770e+01
9.050000000000000000e+02,2.532859373284414062e+01
9.060000000000000000e+02,2.552289836643105048e+01
9.070000000000000000e+02,2.545284596726821036e+01
9.080000000000000000e+02,2.539177870645934121e+01
9.090000000000000000e+02,2.548656570194669513e+01
9.100000000000000000e+02,2.547539162111204192e+01
9.110000000000000000e+02,2.570221998359611959e+01
9.120000000000000000e+02,2.545232329341562760e+01
9.130000000000000000e+02,2.571962250032972008e+01
9.140000000000000000e+02,2.537522193711967944e+01
9.150000000000000000e+02,2.567840761557854279e+01
9.160000000000000000e+02,2.596518603557800020e+01
9.170000000000000000e+02,2.576891831949891198e+01
9.180000000000000000e+02,2.576722342731547144e+01
9.190000000000000000e+02,2.591577880619464835e+01
9.200000000000000000e+02,2.557264584132373386e+01
9.210000000000000000e+02,2.594331329960713362e+01
9.220000000000000000e+02,2.583999559939871205e+01
9.230000000000000000e+02,2.557919816730684914e+01
9.240000000000000000e+02,2.557347566180503762e+01
9.250000000000000000e+02,2.563663620780844354e+01
9.260000000000000000e+02,2.577089623045104716e+01
9.270000000000000000e+02,2.591703545722785762e+01
9.280000000000000000e+02,2.583787338608871309e+01
9.290000000000000000e+02,2.563541752139064300e+01
9.300000000000000000e+02,2.568918300643905184e+01
9.310000000000000000e+02,2.568407348170935478e+01
9.320000000000000000e+02,2.579523977277369440e+01
9.330000000000000000e+02,2.598448583475222762e+01
9.340000000000000000e+02,2.591747331303368185e+01
9.350000000000000000e+02,2.606651713817624128e+01
9.360000000000000000e+02,2.609413615360685412e+01
9.370000000000000000e+02,2.645184888117043798e+01
9.380000000000000000e+02,2.615308752028466088e+01
9.390000000000000000e+02,2.604435586184184714e+01
9.400000000000000000e+02,2.660156324897976177e+01
9.410000000000000000e+02,2.659520693743885289e+01
9.420000000000000000e+02,2.665535337615402867e+01
9.430000000000000000e+02,2.683853781549342443e+01
9.440000000000000000e+02,2.647930750541967271e+01
9.450000000000000000e+02,2.659789147094731376e+01
9.460000000000000000e+02,2.634485423087652478e+01
9.470000000000000000e+02,2.685887735580740809e+01
9.480000000000000000e+02,2.659712358809129995e+01
9.490000000000000000e+02,2.690014817030915495e+01
9.500000000000000000e+02,2.679260759800366287e+01
9.510000000000000000e+02,2.689429328581183398e+01
9.520000000000000000e+02,2.706874888164292514e+01
9.530000000000000000e+02,2.715577002634332615e+01
9.540000000000000000e+02,2.703219624655619668e+01
9.550000000000000000e+02,2.708139809181115254e+01
9.560000000000000000e+02,2.691412766453443695e+01
9.570000000000000000e+02,2.714004276051991127e+01
9.580000000000000000e+02,2.757419222134398140e+01
9.590000000000000000e+02,2.740513020278739376e+01
9.600000000000000000e+02,2.747337344197751818e+01
9.610000000000000000e+02,2.746294736936690839e+01
9.620000000000000000e+02,2.757605761027229363e+01
9.630000000000000000e+02,2.738980588127202864e+01
9.640000000000000000e+02,2.780649002679207626e+01
9.650000000000000000e+02,2.748866383982485928e+01
9.660000000000000000e+02,2.779551440767095727e+01
9.670000000000000000e+02,2.783607346609392863e+01
9.680000000000000000e+02,2.781958286742808539e+01
9.690000000000000000e+02,2.792014600530901447e+01
9.700000000000000000e+02,2.767770332977737979e+01
9.710000000000000000e+02,2.782483951288632085e+01
9.720000000000000000e+02,2.761048935446093111e+01
9.730000000000000000e+02,2.790072359543727742e+01
9.740000000000000000e+02,2.775137558578507324e+01
9.750000000000000000e+02,2.810975773048576443e+01
9.760000000000000000e+02,2.784585310343752695e+01
9.770000000000000000e+02,2.785010484364450889e+01
9.780000000000000000e+02,2.804188421403833331e+01
9.790000000000000000e+02,2.817814297671084844e+01
9.800000000000000000e+02,2.836012604460840691e+01
9.810000000000000000e+02,2.848602342443055946e+01
9.820000000000000000e+02,2.793211122567753435e+01
9.830000000000000000e+02,2.787536004732990946e+01
9.840000000000000000e+02,2.847685786502977479e+01
9.850000000000000000e+02,2.813596696475388015e+01
9.860000000000000000e+02,2.836166050363432944e+01
9.870000000000000000e+02,2.813160301404785457e+01
9.880000000000000000e+02,2.830677573731854224e+01
9.890000000000000000e+02,2.830617589823355118e+01
9.900000000000000000e+02,2.855661440956668429e+01
9.910000000000000000e+02,2.841515699781425397e+01
9.920000000000000000e+02,2.820108546843610497e+01
9.930000000000000000e+02,2.827523586294519475e+01
9.940000000000000000e+02,2.862690991974575283e+01
9.950000000000000000e+02,2.864476446190640146e+01
9.960000000000000000e+02,2.862625426282171048e+01
9.970000000000000000e+02,2.857381449881851054e+01
9.980000000000000000e+02,2.856071570909685065e+01
9.990000000000000000e+02,2.880769794329823341e+01
1.000000000000000000e+03,2.891132843138710484e+01
1.001000000000000000e+03,2.879966312893027691e+01
1.002000000000000000e+03,2.862685533959889739e+01
1.003000000000000000e+03,2.866906919917117946e+01
1.004000000000000000e+03,2.899720969097764112e+01
1.005000000000000000e+03,2.885991575976075296e+01
1.006000000000000000e+03,2.903482256667232519e+01
1.007000000000000000e+03,2.877502435767230082e+01
1.008000000000000000e+03,2.894232170493068779e+01
1.009000000000000000e+03,2.904631133026891021e+01
1.010000000000000000e+03,2.908415616891860012e+01
1.011000000000000000e+03,2.899067455931951898e+01
1.012000000000000000e+03,2.938678846065702288e+01
1.013000000000000000e+03,2.907868153224227825e+01
1.014000000000000000e+03,2.898063152567765499e+01
1.015000000000000000e+03,2.925705865162784036e+01
1.016000000000000000e+03,2.933538316068221263e+01
1.017000000000000000e+03,2.962024241440003536e+01
1.018000000000000000e+03,2.938115977138309276e+01
1.019000000000000000e+03,2.937036609696279399e+01
1.020000000000000000e+03,2.937991552372033510e+01
1.021000000000000000e+03,2.948079003998991965e+01
1.022000000000000000e+03,2.955866759594208304e+01
1.023000000000000000e+03,2.979550277373498446e+01
1.024000000000000000e+03,2.959599986367330615e+01
1.025000000000000000e+03,2.947399745953408257e+01
1.026000000000000000e+03,2.978862289922083662e+01
1.027000000000000000e+03,3.002139757444473744e+01
1.028000000000000000e+03,2.965375297064054294e+01
1.029000000000000000e+03,2.972654745414123312e+01
1.030000000000000000e+03,2.986490927961815345e+01
1.031000000000000000e+03,2.989140947742874488e+01
1.032000000000000000e+03,3.001520640071898427e+01
1.033000000000000000e+03,3.009502368373519232e+01
1.034000000000000000e+03,3.001396402431354105e+01
1.035000000000000000e+03,2.993692857415847186e+01
1.036000000000000000e+03,3.019234018491692950e+01
1.037000000000000000e+03,3.023382788165982760e+01
1.038000000000000000e+03,3.024948464438886830e+01
1.039000000000000000e+03,3.041321514077714383e+01
1.040000000000000000e+03,2.998650660229851894e+01
1.041000000000000000e+03,3.023159806687003837e+01
1.042000000000000000e+03,3.033693372807035615e+01
1.043000000000000000e+03,3.029780352774706742e+01
1.044000000000000000e+03,3.048737393605338397e+01
1.045000000000000000e+03,3.020851481138144123e+01
1.046000000000000000e+03,3.043817741966873314e+01
1.047000000000000000e+03,3.057898873576153420e+01
1.048000000000000000e+03,3.076816445627676444e+01
1.049000000000000000e+03,3.063484091852572533e+01
1.050000000000000000e+03,3.059087371284263668e+01
1.051000000000000000e+03,3.032357557915679536e+01
1.052000000000000000e+03,3.078343796080350003e+01
1.053000000000000000e+03,3.094965131500218902e+01
1.054000000000000000e+03,3.068476205003524981e+01
1.055000000000000000e+03,3.057821406806469966e+01
1.056000000000000000e+03,3.098047791841166188e+01
1.057000000000000000e+03,3.090036911233500305e+01
1.058000000000000000e+03,3.095157499699026715e+01
1.059000000000000000e+03,3.124326820214589873e+01
1.060000000000000000e+03,3.105233882435270232e+01
1.061000000000000000e+03,3.107436209042273845e+01
1.062000000000000000e+03,3.100126334932029337e+01
1.063000000000000000e+03,3.121152525639980269e+01
1.064000000000000000e+03,3.086515705772224649e+01
1.065000000000000000e+03,3.102510441433022592e+01
1.066000000000000000e+03,3.096925874831864078e+01
1.067000000000000000e+03,3.110344566893326856e+01
1.068000000000000000e+03,3.122312124628202312e+01
1.069000000000000000e+03,3.138556575662165926e+01
1.070000000000000000e+03,3.139058362912221511e+01
1.071000000000000000e+03,3.112974839370624736e+01
1.072000000000000000e+03,3.114626218222787912e+01
1.073000000000000000e+03,3.114338389375058469e+01
1.074000000000000000e+03,3.129380243559208097e+01
1.075000000000000000e+03,3.114752075434601153e+01
1.076000000000000000e+03,3.148088984305069360e+01
1.077000000000000000e+03,3.142313143778798334e+01
1.078000000000000000e+03,3.148894212097489387e+01
1.079000000000000000e+03,3.141926943734042510e+01
1.080000000000000000e+03,3.132965521009916543e+01
1.081000000000000000e+03,3.133343763744027655e+01
1.082000000000000000e+03,3.127640319026222571e+01
1.083000000000000000e+03,3.155867969416113539e+01
1.084000000000000000e+03,3.165044208635552181e+01
1.085000000000000000e+03,3.168753690947632862e+01
1.086000000000000000e+03,3.172854188667317032e+01
1.087000000000000000e+03,3.199206826012340699e+01
1.088000000000000000e+03,3.189682076602445804e+01
1.089000000000000000e+03,3.191962696005104405e+01
1.090000000000000000e+03,3.214518121119841965e+01
1.091000000000000000e+03,3.209830349567762653e+01
1.092000000000000000e+03,3.204354974042638560e+01
1.093000000000000000e+03,3.222448341439476849e+01
1.094000000000000000e+03,3.234089254473888531e+01
1.095000000000000000e+03,3.251263713732093663e+01
1.096000000000000000e+03,3.263501828023454721e+01
1.097000000000000000e+03,3.250776647214937753e+01
1.098000000000000000e+03,3.257378550287027252e+01
1.099000000000000000e+03,3.246202150629387972e+01
1.100000000000000000e+03,3.261952928515194117e+01
1.101000000000000000e+03,3.249096173683309985e+01
1.102000000000000000e+03,3.277426839977358952e+01
1.103000000000000000e+03,3.263927468624812178e+01
1.104000000000000000e+03,3.264109925274883039e+01
1.105000000000000000e+03,3.281285042415777298e+01
1.106000000000000000e+03,3.293910770341211247e+01
1.107000000000000000e+03,3.293436313106867885e+01
1.108000000000000000e+03,3.268398403395826790e+01
1.109000000000000000e+03,3.264267710936551481e+01
1.110000000000000000e+03,3.309783779221612576e+01
1.111000000000000000e+03,3.333178643110117179e+01
1.112000000000000000e+03,3.330380717364664633e+01
1.113000000000000000e+03,3.313086742832054910e+01
1.114000000000000000e+03,3.320157624312757605e+01
1.115000000000000000e+03,3.319039362741080623e+01
1.116000000000000000e+03,3.342587115288966260e+01
1.117000000000000000e+03,3.327000868580087456e+01
1.118000000000000000e+03,3.314837557908977317e+01
1.119000000000000000e+03,3.323136970343703211e+01
1.120000000000000000e+03,3.332646771219109638e+01
1.121000000000000000e+03,3.345528601537627367e+01
1.122000000000000000e+03,3.339818908845024481e+01
1.123000000000000000e+03,3.343478114957033398e+01
1.124000000000000000e+03,3.338154173077263920e+01
1.125000000000000000e+03,3.343908101131066957e+01
1.126000000000000000e+03,3.359536597552886406e+01
1.127000000000000000e+03,3.368575545324478782e+01
1.128000000000000000e+03,3.375894424208084388e+01
1.129000000000000000e+03,3.354206801776523861e+01
1.130000000000000000e+03,3.376884005538627775e+01
1.131000000000000000e+03,3.356463742417257379e+01
1.132000000000000000e+03,3.378720594184538584e+01
1.133000000000000000e+03,3.397889887422901722e+01
1.134000000000000000e+03,3.388075067466504464e+01
1.135000000000000000e+03,3.373188913874591321e+01
1.136000000000000000e+03,3.403136439494076626e+01
1.137000000000000000e+03,3.410462599928203531e+01
1.138000000000000000e+03,3.394552166612759692e+01
1.139000000000000000e+03,3.401224470413674794e+01
1.140000000000000000e+03,3.393991951574341925e+01
1.141000000000000000e+03,3.395878565578527741e+01
1.142000000000000000e+03,3.389484724637448920e+01
1.143000000000000000e+03,3.412917212548074275e+01
1.144000000000000000e+03,3.403410494489603622e+01
1.145000000000000000e+03,3.391832748219134430e+01
1.146000000000000000e+03,3.391927216887221164e+01
1.147000000000000000e+03,3.404954728216315374e+01
1.148000000000000000e+03,3.425568479273426448e+01
1.149000000000000000e+03,3.400654911904735656e+01
1.150000000000000000e+03,3.376438772640251074e+01
1.151000000000000000e+03,3.388296124266151566e+01
1.152000000000000000e+03,3.391505763815289498e+01
1.153000000000000000e+03,3.402197473768258362e+01
1.154000000000000000e+03,3.400586161960331566e+01
1.155000000000000000e+03,3.384523870710049209e+01
1.156000000000000000e+03,3.382564120403196029e+01
1.157000000000000000e+03,3.391878802088905331e+01
1.158000000000000000e+03,3.406691428338120886e+01
1.159000000000000000e+03,3.406757174141601041e+01
1.160000000000000000e+03,3.396539548188708579e+01
1.161000000000000000e+03,3.383285812240733748e+01
1.162000000000000000e+03,3.383481360501637170e+01
1.163000000000000000e+03,3.392639444394242076e+01
1.164000000000000000e+03,3.376755420342727376e+01
1.165000000000000000e+03,3.416447817765764938e+01
1.166000000000000000e+03,3.376607172291985393e+01
1.167000000000000000e+03,3.401217003866047861e+01
1.168000000000000000e+03,3.403770095293866405e+01
1.169000000000000000e+03,3.375946845074145841e+01
1.170000000000000000e+03,3.408239707366597315e+01
1.171000000000000000e+03,3.385820577648635776e+01
1.172000000000000000e+03,3.388485479750821838e+01
1.173000000000000000e+03,3.386949703032496473e+01
1.174000000000000000e+03,3.395612526251169783e+01
1.175000000000000000e+03,3.399756324070555991e+01
1.176000000000000000e+03,3.385529175839852201e+01
1.177000000000000000e+03,3.379987894379936364e+01
1.178000000000000000e+03,3.397261441293672135e+01
1.179000000000000000e+03,3.412164301328048310e+01
1.180000000000000000e+03,3.401507632811993886e+01
1.181000000000000000e+03,3.397774605507941459e+01
1.182000000000000000e+03,3.389920480801377778e+01
1.183000000000000000e+03,3.386760965746256602e+01
1.184000000000000000e+03,3.396211446154947566e+01
1.185000000000000000e+03,3.396179555085841173e+01
1.186000000000000000e+03,3.396135507081291394e+01
1.187000000000000000e+03,3.381073435349311751e+01
1.188000000000000000e+03,3.391188038808714822e+01
1.189000000000000000e+03,3.394173459271095794e+01
1.190000000000000000e+03,3.393373851690559206e+01
1.191000000000000000e+03,3.412682682562789438e+01
1.192000000000000000e+03,3.391834475641677926e+01
1.193000000000000000e+03,3.414621689872294041e+01
1.194000000000000000e+03,3.399436925591096070e+01
1.195000000000000000e+03,3.413234818792049197e+01
1.196000000000000000e+03,3.401223559421251963e+01
1.197000000000000000e+03,3.401756181494946674e+01
1.198000000000000000e+03,3.415840653759153156e+01
1.199000000000000000e+03,3.419901478797214622e+01
1.200000000000000000e+03,3.429241612452517529e+01
1.201000000000000000e+03,3.407944841491313070e+01
1.202000000000000000e+03,3.430065916395520276e+01
1.203000000000000000e+03,3.408059183215639365e+01
1.204000000000000000e+03,3.426366772661641136e+01
1.205000000000000000e+03,3.437092285509389455e+01
1.206000000000000000e+03,3.439407959188081065e+01
1.207000000000000000e+03,3.439640136435698281e+01
1.208000000000000000e+03,3.431292478240423804e+01
1.209000000000000000e+03,3.430196231622637271e+01
1.210000000000000000e+03,3.441494166993520309e+01
1.211000000000000000e+03,3.451630245659899288e+01
1.212000000000000000e+03,3.418454489715212929e+01
1.213000000000000000e+03,3.444727049002036523e+01
1.214000000000000000e+03,3.439962800362563655e+01
1.215000000000000000e+03,3.434614272304673932e+01
1.216000000000000000e+03,3.460200741571225080e+01
1.217000000000000000e+03,3.450330565151932660e+01
1.218000000000000000e+03,3.439770379089986818e+01
1.219000000000000000e+03,3.432259806898468923e+01
1.220000000000000000e+03,3.454868555448745582e+01
1.221000000000000000e+03,3.422458042399350120e+01
1.222000000000000000e+03,3.446800151300470816e+01
1.223000000000000000e+03,3.438819726855075487e+01
1.224000000000000000e+03,3.417899584973235250e+01
1.225000000000000000e+03,3.428642370395682093e+01
1.226000000000000000e+03,3.441697705594801704e+01
1.227000000000000000e+03,3.431504263784322006e+01
1.228000000000000000e+03,3.415751028761459196e+01
1.229000000000000000e+03,3.414898769471348317e+01
1.230000000000000000e+03,3.405254339918393924e+01
1.231000000000000000e+03,3.410880496889389946e+01
1.232000000000000000e+03,3.429783719078668724e+01
1.233000000000000000e+03,3.436713124010685050e+01
1.234000000000000000e+03,3.391700626393394202e+01
1.235000000000000000e+03,3.403769665569812730e+01
1.236000000000000000e+03,3.399227939273944088e+01
1.237000000000000000e+03,3.422228812921709817e+01
1.238000000000000000e+03,3.412022088932960884e+01
1.239000000000000000e+03,3.408654357593221818e+01
1.240000000000000000e+03,3.394171456381020135e+01
1.241000000000000000e+03,3.401339635494257152e+01
1.242000000000000000e+03,3.415901048806284734e+01
1.243000000000000000e+03,3.424752675913574507e+01
1.244000000000000000e+03,3.400207532547936040e+01
1.245000000000000000e+03,3.404864103879122439e+01
1.246000000000000000e+03,3.414034021519821493e+01
1.247000000000000000e+03,3.399361645667433152e+01
1.248000000000000000e+03,3.422438195650632764e+01
1.249000000000000000e+03,3.423273763177412121e+01
1.250000000000000000e+03,3.412610374953771242e+01
1.251000000000000000e+03,3.383361702247309921e+01
1.252000000000000000e+03,3.420369619413068563e+01
1.253000000000000000e+03,3.423595831767894992e+01
1.254000000000000000e+03,3.400991830276984018e+01
1.255000000000000000e+03,3.409958495831919123e+01
1.256000000000000000e+03,3.417677502119890676e+01
1.257000000000000000e+03,3.425965631944803391e+01
1.258000000000000000e+03,3.423338279663945372e+01
1.259000000000000000e+03,3.421208126903858471e+01
1.260000000000000000e+03,3.406096346015793586e+01
1.261000000000000000e+03,3.403974434564806018e+01
1.262000000000000000e+03,3.402257834302061923e+01
1.263000000000000000e+03,3.418916707806811672e+01
1.264000000000000000e+03,3.424135475749399404e+01
1.265000000000000000e+03,3.403943051273428466e+01
1.266000000000000000e+03,3.391255176087594947e+01
1.267000000000000000e+03,3.401190283123340663e+01
1.268000000000000000e+03,3.402264587949741070e+01
1.269000000000000000e+03,3.412631065151300191e+01
1.270000000000000000e+03,3.432503784391267487e+01
1.271000000000000000e+03,3.399188202774241319e+01
1.272000000000000000e+03,3.392523893404765545e+01
1.273000000000000000e+03,3.404931798934200771e+01
1.274000000000000000e+03,3.415155805737096983e+01
1.275000000000000000e+03,3.402560345681315823e+01
1.276000000000000000e+03,3.386594832380635012e+01
1.277000000000000000e+03,3.382957442222628686e+01
1.278000000000000000e+03,3.383353114122013494e+01
1.279000000000000000e+03,3.398047806638197699e+01
1.280000000000000000e+03,3.401371711803604114e+01
1.281000000000000000e+03,3.388547779391483772e+01
1.282000000000000000e+03,3.376136840648902648e+01
1.283000000000000000e+03,3.383339216284269213e+01
1.284000000000000000e+03,3.397647920327737125e+01
1.285000000000000000e+03,3.389170808626010967e+01
1.286000000000000000e+03,3.402039825257726591e+01
1.287000000000000000e+03,3.371689049142207040e+01
1.288000000000000000e+03,3.373777657682623499e+01
1.289000000000000000e+03,3.407652213154828047e+01
1.290000000000000000e+03,3.393701569401677887e+01
1.291000000000000000e+03,3.388822572240417230e+01
1.292000000000000000e+03,3.363798123162854381e+01
1.293000000000000000e+03,3.363890235983836874e+01
1.294000000000000000e+03,3.383940144513825743e+01
1.295000000000000000e+03,3.395318492438108393e+01
1.296000000000000000e+03,3.384028175060739585e+01
1.297000000000000000e+03,3.379870925432369688e+01
1.298000000000000000e+03,3.378318837959111676e+01
1.299000000000000000e+03,3.379497764069503063e+01
1.300000000000000000e+03,3.388568875500911304e+01
1.301000000000000000e+03,3.387640424629105240e+01
1.302000000000000000e+03,3.391260410878074083e+01
1.303000000000000000e+03,3.371907566810812540e+01
1.304000000000000000e+03,3.379343862971677481e+01
1.305000000000000000e+03,3.388922591255105488e+01
1.306000000000000000e+03,3.390090186490536439e+01
1.307000000000000000e+03,3.390697640638687460e+01
1.308000000000000000e+03,3.382137638456678985e+01
1.309000000000000000e+03,3.384258743644993217e+01
1.310000000000000000e+03,3.396436959325142624e+01
1.311000000000000000e+03,3.396846950786916608e+01
1.312000000000000000e+03,3.388952479709693932e+01
1.313000000000000000e+03,3.374821759717163872e+01
1.314000000000000000e+03,3.380060591955270155e+01
1.315000000000000000e+03,3.383236898491856692e+01
1.316000000000000000e+03,3.381799726186080335e+01
1.317000000000000000e+03,3.403743275005507485e+01
1.318000000000000000e+03,3.401301168006829556e+01
1.319000000000000000e+03,3.387053445541047836e+01
1.320000000000000000e+03,3.392488207304038639e+01
1.321000000000000000e+03,3.409403924173955147e+01
1.322000000000000000e+03,3.386098014207353657e+01
1.323000000000000000e+03,3.401574745623347695e+01
1.324000000000000000e+03,3.385147383378161123e+01
1.325000000000000000e+03,3.389295594232751796e+01
1.326000000000000000e+03,3.405611007322465156e+01
1.327000000000000000e+03,3.409364947311205896e+01
1.328000000000000000e+03,3.399211838199458668e+01
1.329000000000000000e+03,3.405673131748534388e+01
1.330000000000000000e+03,3.417627634450278862e+01
1.331000000000000000e+03,3.421977900192880639e+01
1.332000000000000000e+03,3.423062205035973449e+01
1.333000000000000000e+03,3.436456783542637083e+01
1.334000000000000000e+03,3.410828435855507479e+01
1.335000000000000000e+03,3.429340971753845224e+01
1.336000000000000000e+03,3.416980652784424421e+01
1.337000000000000000e+03,3.426519204609130043e+01
1.338000000000000000e+03,3.434399498441407417e+01
1.339000000000000000e+03,3.409248841323488932e+01
1.340000000000000000e+03,3.437928745344633086e+01
1.341000000000000000e+03,3.425043790046276371e+01
1.342000000000000000e+03,3.446820225150302264e+01
1.343000000000000000e+03,3.451264410494374602e+01
1.344000000000000000e+03,3.444204299470776931e+01
1.345000000000000000e+03,3.426443939861202637e+01
1.346000000000000000e+03,3.433588321033820279e+01
1.347000000000000000e+03,3.447094043295060573e+01
1.348000000000000000e+03,3.450102290636930746e+01
1.349000000000000000e+03,3.448914270456387499e+01
1.350000000000000000e+03,3.433538500778925595e+01
1.351000000000000000e+03,3.430501303635242749e+01
1.352000000000000000e+03,3.433075429890288888e+01
1.353000000000000000e+03,3.459917661905169695e+01
1.354000000000000000e+03,3.465149882125312786e+01
1.355000000000000000e+03,3.451937071416251257e+01
1.356000000000000000e+03,3.458213403539306796e+01
1.357000000000000000e+03,3.457191828241562348e+01
1.358000000000000000e+03,3.451162671421182893e+01
1.359000000000000000e+03,3.432270986484703457e+01
1.360000000000000000e+03,3.438393598769829396e+01
1.361000000000000000e+03,3.438423181545633156e+01
1.362000000000000000e+03,3.422013344105886290e+01
1.363000000000000000e+03,3.449934230598060481e+01
1.364000000000000000e+03,3.453523381861997166e+01
1.365000000000000000e+03,3.436097995310686315e+01
1.366000000000000000e+03,3.442919786932176862e+01
1.367000000000000000e+03,3.435463165315936607e+01
1.368000000000000000e+03,3.442712788733131646e+01
1.369000000000000000e+03,3.471876997271624532e+01
1.370000000000000000e+03,3.404273481961590164e+01
1.371000000000000000e+03,3.425965199609442635e+01
1.372000000000000000e+03,3.423153640230343342e+01
1.373000000000000000e+03,3.423197504028419047e+01
1.374000000000000000e+03,3.438624624565618859e+01
1.375000000000000000e+03,3.427147414601229514e+01
1.376000000000000000e+03,3.427088124555601922e+01
1.377000000000000000e+03,3.414670296359209800e+01
1.378000000000000000e+03,3.388451224740935430e+01
1.379000000000000000e+03,3.415250911858563398e+01
1.380000000000000000e+03,3.413804619973620902e+01
1.381000000000000000e+03,3.416592474309770466e+01
1.382000000000000000e+03,3.404109959916638672e+01
1.383000000000000000e+03,3.415374990401638655e+01
1.384000000000000000e+03,3.396579615379013006e+01
1.385000000000000000e+03,3.400257025949559164e+01
1.386000000000000000e+03,3.389879258610142188e+01
1.387000000000000000e+03,3.385712973666893078e+01
1.388000000000000000e+03,3.386181951014770419e+01
1.389000000000000000e+03,3.401479749443236500e+01
1.390000000000000000e+03,3.403255243548761655e+01
1.391000000000000000e+03,3.396807976550466890e+01
1.392000000000000000e+03,3.391785750631766660e+01
1.393000000000000000e+03,3.397217881725716637e+01
1.394000000000000000e+03,3.386053229793318309e+01
1.395000000000000000e+03,3.388271448634748140e+01
1.396000000000000000e+03,3.378459467840153962e+01
1.397000000000000000e+03,3.377166282319133472e+01
1.398000000000000000e+03,3.359376500794727605e+01
1.399000000000000000e+03,3.367821835443803735e+01
1.400000000000000000e+03,3.384387169069329104e+01
1.401000000000000000e+03,3.408952218926064148e+01
1.402000000000000000e+03,3.371538931332422351e+01
1.403000000000000000e+03,3.343535917735250251e+01
1.404000000000000000e+03,3.363256681500731560e+01
1.405000000000000000e+03,3.343204294141767008e+01
1.406000000000000000e+03,3.397019024139655130e+01
1.407000000000000000e+03,3.378964946889959720e+01
1.408000000000000000e+03,3.388925608214140084e+01
1.409000000000000000e+03,3.387988063449193987e+01
1.410000000000000000e+03,3.392027778834543739e+01
1.411000000000000000e+03,3.407704320477103010e+01
1.412000000000000000e+03,3.397086490180038965e+01
1.413000000000000000e+03,3.392846863511932298e+01
1.414000000000000000e+03,3.383214678407509268e+01
1.415000000000000000e+03,3.390428330587970862e+01
1.416000000000000000e+03,3.406085774536923338e+01
1.417000000000000000e+03,3.405836197116024522e+01
1.418000000000000000e+03,3.396706030008252242e+01
1.419000000000000000e+03,3.410803411852811706e+01
1.420000000000000000e+03,3.408219414577198592e+01
1.421000000000000000e+03,3.417592792194876949e+01
1.422000000000000000e+03,3.420252897024334260e+01
1.423000000000000000e+03,3.408810648279513345e+01
1.424000000000000000e+03,3.417629179251044746e+01
1.425000000000000000e+03,3.400785061603165360e+01
1.426000000000000000e+03,3.446499033483674879e+01
1.427000000000000000e+03,3.419476215139722086e+01
1.428000000000000000e+03,3.433966975753219941e+01
1.429000000000000000e+03,3.420996908340296727e+01
1.430000000000000000e+03,3.422404006943359889e+01
1.431000000000000000e+03,3.435718803011175027e+01
1.432000000000000000e+03,3.439984024960028108e+01
1.433000000000000000e+03,3.436415771015989407e+01
1.434000000000000000e+03,3.428862877070721993e+01
1.435000000000000000e+03,3.424009121880772000e+01
1.436000000000000000e+03,3.406780743962780633e+01
1.437000000000000000e+03,3.433949201489790681e+01
1.438000000000000000e+03,3.436937642802980974e+01
1.439000000000000000e+03,3.384230495428832342e+01
1.440000000000000000e+03,3.407183656168914609e+01
1.441000000000000000e+03,3.417037175072415778e+01
1.442000000000000000e+03,3.423712589259039873e+01
1.443000000000000000e+03,3.426061878377620218e+01
1.444000000000000000e+03,3.412373116344935653e+01
1.445000000000000000e+03,3.411316657066231528e+01
1.446000000000000000e+03,3.402209203634222945e+01
1.447000000000000000e+03,3.443208972167918347e+01
1.448000000000000000e+03,3.419873093525718843e+01
1.449000000000000000e+03,3.413259738168110857e+01
1.450000000000000000e+03,3.395216778795843737e+01
1.451000000000000000e+03,3.389980304277673184e+01
1.452000000000000000e+03,3.410121090420619794e+01
1.453000000000000000e+03,3.416320410937359497e+01
1.454000000000000000e+03,3.414902061484602314e+01
1.455000000000000000e+03,3.395365229142235819e+01
1.456000000000000000e+03,3.397075190193778838e+01
1.457000000000000000e+03,3.414442279562704385e+01
1.458000000000000000e+03,3.441407275264541710e+01
1.459000000000000000e+03,3.423713280790223479e+01
1.460000000000000000e+03,3.405917813942746619e+01
1.461000000000000000e+03,3.411126642210469129e+01
1.462000000000000000e+03,3.410283652367353113e+01
1.463000000000000000e+03,3.414550238796516624e+01
1.464000000000000000e+03,3.409142666209231720e+01
1.465000000000000000e+03,3.407857999286461137e+01
1.466000000000000000e+03,3.405612200666148226e+01
1.467000000000000000e+03,3.404791866703443048e+01
1.468000000000000000e+03,3.415191932582774115e+01
1.469000000000000000e+03,3.432625791097607504e+01
1.470000000000000000e+03,3.418320859471853623e+01
1.471000000000000000e+03,3.409906423208148851e+01
1.472000000000000000e+03,3.400206226657344644e+01
1.473000000000000000e+03,3.417328759254724702e+01
1.474000000000000000e+03,3.421123095150932159e+01
1.475000000000000000e+03,3.419490987150972927e+01
1.476000000000000000e+03,3.417624384592528486e+01
1.477000000000000000e+03,3.398892623683139647e+01
1.478000000000000000e+03,3.401392012878790894e+01
1.479000000000000000e+03,3.402650572819501207e+01
1.480000000000000000e+03,3.394327890642149015e+01
1.481000000000000000e+03,3.392819006333223797e+01
1.482000000000000000e+03,3.382399359677296502e+01
1.483000000000000000e+03,3.387969327195870761e+01
1.484000000000000000e+03,3.395750841647974028e+01
1.485000000000000000e+03,3.387907319353819702e+01
1.486000000000000000e+03,3.393794072797636119e+01
1.487000000000000000e+03,3.395095069946736999e+01
1.488000000000000000e+03,3.348890175520308077e+01
1.489000000000000000e+03,3.372916864255140723e+01
1.490000000000000000e+03,3.373978720881621030e+01
1.491000000000000000e+03,3.369427606513729501e+01
1.492000000000000000e+03,3.359226104444577743e+01
1.493000000000000000e+03,3.357235075410885372e+01
1.494000000000000000e+03,3.365498686801865347e+01
1.495000000000000000e+03,3.374280220768373795e+01
1.496000000000000000e+03,3.382135216705078307e+01
1.497000000000000000e+03,3.358260919991591464e+01
1.498000000000000000e+03,3.356980009052958280e+01
1.499000000000000000e+03,3.365876897464501383e+01
1.500000000000000000e+03,3.375768159463591900e+01
1.501000000000000000e+03,3.374449390503745150e+01
1.502000000000000000e+03,3.361927289347846681e+01
1.503000000000000000e+03,3.364468205495094821e+01
1.504000000000000000e+03,3.354385113748246994e+01
1.505000000000000000e+03,3.353271818140922278e+01
1.506000000000000000e+03,3.376905575135417337e+01
1.507000000000000000e+03,3.369271628753781300e+01
1.508000000000000000e+03,3.377158743180201839e+01
1.509000000000000000e+03,3.374790155582155649e+01
1.510000000000000000e+03,3.385703895291825205e+01
1.511000000000000000e+03,3.408374955011599639e+01
1.512000000000000000e+03,3.381748091999291006e+01
1.513000000000000000e+03,3.374280187336244552e+01
1.514000000000000000e+03,3.370020034120809527e+01
1.515000000000000000e+03,3.385405153559462121e+01
1.516000000000000000e+03,3.396535772643451168e+01
1.517000000000000000e+03,3.396315370374907872e+01
1.518000000000000000e+03,3.386342812166540739e+01
1.519000000000000000e+03,3.382929266594832995e+01
1.520000000000000000e+03,3.397362425325041357e+01
1.521000000000000000e+03,3.406083900229643291e+01
1.522000000000000000e+03,3.414828349522410633e+01
1.523000000000000000e+03,3.402953035957056471e+01
1.524000000000000000e+03,3.387503176823985029e+01
1.525000000000000000e+03,3.389410386343807602e+01
1.526000000000000000e+03,3.400046717426999265e+01
1.527000000000000000e+03,3.418261890529933567e+01
1.528000000000000000e+03,3.406124995579983050e+01
1.529000000000000000e+03,3.371999745635457657e+01
1.530000000000000000e+03,3.393970034840229744e+01
1.531000000000000000e+03,3.406940726509115791e+01
1.532000000000000000e+03,3.411331852726209490e+01
1.533000000000000000e+03,3.408289248957444073e+01
1.534000000000000000e+03,3.405329878501905938e+01
1.535000000000000000e+03,3.391434841629492070e+01
1.536000000000000000e+03,3.366984191854835018e+01
1.537000000000000000e+03,3.418906460702354622e+01
1.538000000000000000e+03,3.411264848170873165e+01
1.539000000000000000e+03,3.378066191339944169e+01
1.540000000000000000e+03,3.413208724200620026e+01
1.541000000000000000e+03,3.392218842935618994e+01
1.542000000000000000e+03,3.405263818264257480e+01
1.543000000000000000e+03,3.414014310895652216e+01
1.544000000000000000e+03,3.430513629880507409e+01
1.545000000000000000e+03,3.399618259226571837e+01
1.546000000000000000e+03,3.395372749784217348e+01
1.547000000000000000e+03,3.402454809066407648e+01
1.548000000000000000e+03,3.413930601331009740e+01
1.549000000000000000e+03,3.402625122595755869e+01
1.550000000000000000e+03,3.390411242218765153e+01
1.551000000000000000e+03,3.390108895517813892e+01
1.552000000000000000e+03,3.399396112225634425e+01
1.553000000000000000e+03,3.409517632796373476e+01
1.554000000000000000e+03,3.393459036780919291e+01
1.555000000000000000e+03,3.392204748448452278e+01
1.556000000000000000e+03,3.390197681503250493e+01
1.557000000000000000e+03,3.386621234636802313e+01
1.558000000000000000e+03,3.402571857653293819e+01
1.559000000000000000e+03,3.381493740918752167e+01
1.560000000000000000e+03,3.374319806187035198e+01
1.561000000000000000e+03,3.384164532990371299e+01
1.562000000000000000e+03,3.395003667621812582e+01
1.563000000000000000e+03,3.400629896093882820e+01
1.564000000000000000e+03,3.402742605283653177e+01
1.565000000000000000e+03,3.388836341765335192e+01
1.566000000000000000e+03,3.383335352641302762e+01
1.567000000000000000e+03,3.391190642031069302e+01
1.568000000000000000e+03,3.386173089168325134e+01
1.569000000000000000e+03,3.410636003131373428e+01
1.570000000000000000e+03,3.399815048290236064e+01
1.571000000000000000e+03,3.381001735029786204e+01
1.572000000000000000e+03,3.376263377319267533e+01
1.573000000000000000e+03,3.373394002758364962e+01
1.574000000000000000e+03,3.384069709055894037e+01
1.575000000000000000e+03,3.391282507126189927e+01
1.576000000000000000e+03,3.400187248796551387e+01
1.577000000000000000e+03,3.398616592354825627e+01
1.578000000000000000e+03,3.385021583501582398e+01
1.579000000000000000e+03,3.410560558490086436e+01
1.580000000000000000e+03,3.408898531324486214e+01
1.581000000000000000e+03,3.400673928352479436e+01
1.582000000000000000e+03,3.392714051124614372e+01
1.583000000000000000e+03,3.387634487650494464e+01
1.584000000000000000e+03,3.395104180077218103e+01
1.585000000000000000e+03,3.410671534726891707e+01
1.586000000000000000e+03,3.417255504104101504e+01
1.587000000000000000e+03,3.389271031661389344e+01
1.588000000000000000e+03,3.384477124459681363e+01
1.589000000000000000e+03,3.393216140147243465e+01
1.590000000000000000e+03,3.400718565912664104e+01
1.591000000000000000e+03,3.396951271878383949e+01
1.592000000000000000e+03,3.387981978815261641e+01
1.593000000000000000e+03,3.399318259545101029e+01
1.594000000000000000e+03,3.387050952239915347e+01
1.595000000000000000e+03,3.397459161881485556e+01
1.596000000000000000e+03,3.388533538594541739e+01
1.597000000000000000e+03,3.389099268532240217e+01
1.598000000000000000e+03,3.371433994393169797e+01
1.599000000000000000e+03,3.394424149254619039e+01
1.600000000000000000e+03,3.398531373341801753e+01
1.601000000000000000e+03,3.397512143661819550e+01
1.602000000000000000e+03,3.393256579570013542e+01
1.603000000000000000e+03,3.385563560653753967e+01
1.604000000000000000e+03,3.379493307392615264e+01
1.605000000000000000e+03,3.400896297642163546e+01
1.606000000000000000e+03,3.387902838821928242e+01
1.607000000000000000e+03,3.385170536866183255e+01
1.608000000000000000e+03,3.379945807948279679e+01
1.609000000000000000e+03,3.384173869872836349e+01
1.610000000000000000e+03,3.362365991204951854e+01
1.611000000000000000e+03,3.384752682029772330e+01
1.612000000000000000e+03,3.388939485104481975e+01
1.613000000000000000e+03,3.383420318842838270e+01
1.614000000000000000e+03,3.376304582386487851e+01
1.615000000000000000e+03,3.390248836924505582e+01
1.616000000000000000e+03,3.422436021463525435e+01
1.617000000000000000e+03,3.395526448172666534e+01
1.618000000000000000e+03,3.387142541959084241e+01
1.619000000000000000e+03,3.386328538909759089e+01
1.620000000000000000e+03,3.385290275745322219e+01
1.621000000000000000e+03,3.405176195430146890e+01
1.622000000000000000e+03,3.400037208180691550e+01
1.623000000000000000e+03,3.394053687596075974e+01
1.624000000000000000e+03,3.379979189000797390e+01
1.625000000000000000e+03,3.392654767003620719e+01
1.626000000000000000e+03,3.397023523337627893e+01
1.627000000000000000e+03,3.398254711804573702e+01
1.628000000000000000e+03,3.400012088005463085e+01
1.629000000000000000e+03,3.376175076723632884e+01
1.630000000000000000e+03,3.388893105862440081e+01
1.631000000000000000e+03,3.391882262081597332e+01
1.632000000000000000e+03,3.400297600652456254e+01
1.633000000000000000e+03,3.398038442662873848e+01
1.634000000000000000e+03,3.368030902715723585e+01
1.635000000000000000e+03,3.397821399750694127e+01
1.636000000000000000e+03,3.392301288503387013e+01
1.637000000000000000e+03,3.407961925194589980e+01
1.638000000000000000e+03,3.407487215090842625e+01
1.639000000000000000e+03,3.400140869595121274e+01
1.640000000000000000e+03,3.385730677706593639e+01
1.641000000000000000e+03,3.388195584381406178e+01
1.642000000000000000e+03,3.404856362952321547e+01
1.643000000000000000e+03,3.395539922348017114e+01
1.644000000000000000e+03,3.380150468817080878e+01
1.645000000000000000e+03,3.371359726647586541e+01
1.646000000000000000e+03,3.373479727944564388e+01
1.647000000000000000e+03,3.397798773435231112e+01
1.648000000000000000e+03,3.391141270703507615e+01
1.649000000000000000e+03,3.385983124947981793e+01
1.650000000000000000e+03,3.393364114444372603e+01
1.651000000000000000e+03,3.368834657862242210e+01
1.652000000000000000e+03,3.379713883597115398e+01
1.653000000000000000e+03,3.382062216317333991e+01
1.654000000000000000e+03,3.376215930180025993e+01
1.655000000000000000e+03,3.374062870070500963e+01
1.656000000000000000e+03,3.366139205286163616e+01
1.657000000000000000e+03,3.367134893376027804e+01
1.658000000000000000e+03,3.384725794426324086e+01
1.659000000000000000e+03,3.388049012950379080e+01
1.660000000000000000e+03,3.367624042805127260e+01
1.661000000000000000e+03,3.359316036715442522e+01
1.662000000000000000e+03,3.346331305921759025e+01
1.663000000000000000e+03,3.374832268851059069e+01
1.664000000000000000e+03,3.384598853522874151e+01
1.665000000000000000e+03,3.370620189231568986e+01
1.666000000000000000e+03,3.368173550067709954e+01
1.667000000000000000e+03,3.360589268846757705e+01
1.668000000000000000e+03,3.381505842299772979e+01
1.669000000000000000e+03,3.386908188391008423e+01
1.670000000000000000e+03,3.373762230139194429e+01
1.671000000000000000e+03,3.356301361828722918e+01
1.672000000000000000e+03,3.374824098886160328e+01
1.673000000000000000e+03,3.384179970234990265e+01
1.674000000000000000e+03,3.394626140032693939e+01
1.675000000000000000e+03,3.398622388227218494e+01
1.676000000000000000e+03,3.379015350185753164e+01
1.677000000000000000e+03,3.378513567037641252e+01
1.678000000000000000e+03,3.382859342846464301e+01
1.679000000000000000e+03,3.389833415121086801e+01
1.680000000000000000e+03,3.394592766804362327e+01
1.681000000000000000e+03,3.375155510574445117e+01
1.682000000000000000e+03,3.365025054647458091e+01
1.683000000000000000e+03,3.397992358050310457e+01
1.684000000000000000e+03,3.406594726045875632e+01
1.685000000000000000e+03,3.405877209011664064e+01
1.686000000000000000e+03,3.403231194996300957e+01
1.687000000000000000e+03,3.384682397321664382e+01
1.688000000000000000e+03,3.389264523471783264e+01
1.689000000000000000e+03,3.400423140602617877e+01
1.690000000000000000e+03,3.401343668185742075e+01
1.691000000000000000e+03,3.402127248501157908e+01
1.692000000000000000e+03,3.389659497101376218e+01
1.693000000000000000e+03,3.393390568829535425e+01
1.694000000000000000e+03,3.410102467824627581e+01
1.695000000000000000e+03,3.400480565514808262e+01
1.696000000000000000e+03,3.402678459507409769e+01
1.697000000000000000e+03,3.393083964029080590e+01
1.698000000000000000e+03,3.388167340082097212e+01
1.699000000000000000e+03,3.384861119769755078e+01
1.700000000000000000e+03,3.399600501550782639e+01
1.701000000000000000e+03,3.413008781417727278e+01
1.702000000000000000e+03,3.405362727989145810e+01
1.703000000000000000e+03,3.384493825612052831e+01
1.704000000000000000e+03,3.374502637226263602e+01
1.705000000000000000e+03,3.404965883930393034e+01
1.706000000000000000e+03,3.393074527356013448e+01
1.707000000000000000e+03,3.413749877033852442e+01
1.708000000000000000e+03,3.400904932192873531e+01
1.709000000000000000e+03,3.411694841248856847e+01
1.710000000000000000e+03,3.394806603036995796e+01
1.711000000000000000e+03,3.416221576580407771e+01
1.712000000000000000e+03,3.404978796270207653e+01
1.713000000000000000e+03,3.399714425730145706e+01
1.714000000000000000e+03,3.390804786908203994e+01
1.715000000000000000e+03,3.396173536377418145e+01
1.716000000000000000e+03,3.414944524414202931e+01
1.717000000000000000e+03,3.410292775382337283e+01
1.718000000000000000e+03,3.407825070109498000e+01
1.719000000000000000e+03,3.389127949367085080e+01
1.720000000000000000e+03,3.392207802077906820e+01
1.721000000000000000e+03,3.408418174508113196e+01
1.722000000000000000e+03,3.414093169060711830e+01
1.723000000000000000e+03,3.399528145128820000e+01
1.724000000000000000e+03,3.390852476702685436e+01
1.725000000000000000e+03,3.397974346460438255e+01
1.726000000000000000e+03,3.413696430898696832e+01
1.727000000000000000e+03,3.404720085512737882e+01
1.728000000000000000e+03,3.398295081041184318e+01
1.729000000000000000e+03,3.389330699390094992e+01
1.730000000000000000e+03,3.398012145377915516e+01
1.731000000000000000e+03,3.400601418724703962e+01
1.732000000000000000e+03,3.409765447038388686e+01
1.733000000000000000e+03,3.410247277398928389e+01
1.734000000000000000e+03,3.392092880986449188e+01
1.735000000000000000e+03,3.384301836098300242e+01
1.736000000000000000e+03,3.398906363785605578e+01
1.737000000000000000e+03,3.418419589321002405e+01
1.738000000000000000e+03,3.423507872445662059e+01
1.739000000000000000e+03,3.403164704349251934e+01
1.740000000000000000e+03,3.371657862527600713e+01
1.741000000000000000e+03,3.405096176884507031e+01
1.742000000000000000e+03,3.405975448893873647e+01
1.743000000000000000e+03,3.423418362384582991e+01
1.744000000000000000e+03,3.381106921823208467e+01
1.745000000000000000e+03,3.411024189362744607e+01
1.746000000000000000e+03,3.390632446697081548e+01
1.747000000000000000e+03,3.395447066372157963e+01
1.748000000000000000e+03,3.418558513930508980e+01
1.749000000000000000e+03,3.422760251843580193e+01
1.750000000000000000e+03,3.401294552763058476e+01
1.751000000000000000e+03,3.384150370179552425e+01
1.752000000000000000e+03,3.406490711706148744e+01
1.753000000000000000e+03,3.412782825799441611e+01
1.754000000000000000e+03,3.410965395977574133e+01
1.755000000000000000e+03,3.413601572257603323e+01
1.756000000000000000e+03,3.415264869164159478e+01
1.757000000000000000e+03,3.408641936745885204e+01
1.758000000000000000e+03,3.458888867270068346e+01
1.759000000000000000e+03,3.436074079163580564e+01
1.760000000000000000e+03,3.403213852608953971e+01
1.761000000000000000e+03,3.418864759238995532e+01
1.762000000000000000e+03,3.400280028826204415e+01
1.763000000000000000e+03,3.431328371635526508e+01
1.764000000000000000e+03,3.447372361362014459e+01
1.765000000000000000e+03,3.420400243325065048e+01
1.766000000000000000e+03,3.422896676334637789e+01
1.767000000000000000e+03,3.430285889616498451e+01
1.768000000000000000e+03,3.423349081354950130e+01
1.769000000000000000e+03,3.436895940455449505e+01
1.770000000000000000e+03,3.451204803169843416e+01
1.771000000000000000e+03,3.425872308712668968e+01
1.772000000000000000e+03,3.407413973025118281e+01
1.773000000000000000e+03,3.427585523224834674e+01
1.774000000000000000e+03,3.437627008676462737e+01
1.775000000000000000e+03,3.447325065478025152e+01
1.776000000000000000e+03,3.414509774300383071e+01
1.777000000000000000e+03,3.403228410869562737e+01
1.778000000000000000e+03,3.424131866277787850e+01
1.779000000000000000e+03,3.438947738564770162e+01
1.780000000000000000e+03,3.418607816812247790e+01
1.781000000000000000e+03,3.439033348710881199e+01
1.782000000000000000e+03,3.399528178470496442e+01
1.783000000000000000e+03,3.401935320688281195e+01
1.784000000000000000e+03,3.445935063427999268e+01
1.785000000000000000e+03,3.452811552077100288e+01
1.786000000000000000e+03,3.413876181511909635e+01
1.787000000000000000e+03,3.396523559199870590e+01
1.788000000000000000e+03,3.400941121442526338e+01
1.789000000000000000e+03,3.446333336629118094e+01
1.790000000000000000e+03,3.409351782423649979e+01
1.791000000000000000e+03,3.438623601297231858e+01
1.792000000000000000e+03,3.422459372867216842e+01
1.793000000000000000e+03,3.419452332980215914e+01
1.794000000000000000e+03,3.407592556298340725e+01
1.795000000000000000e+03,3.453561524311390230e+01
1.796000000000000000e+03,3.400500521037405832e+01
1.797000000000000000e+03,3.425273323583773077e+01
1.798000000000000000e+03,3.437535150036918452e+01
1.799000000000000000e+03,3.427189125780545709e+01
1.800000000000000000e+03,3.466076425226149382e+01
1.801000000000000000e+03,3.429229242329989091e+01
1.802000000000000000e+03,3.412672938572192294e+01
1.803000000000000000e+03,3.419217190819845342e+01
1.804000000000000000e+03,3.405090712364306427e+01
1.805000000000000000e+03,3.424697874170183809e+01
1.806000000000000000e+03,3.419926266019610495e+01
1.807000000000000000e+03,3.434413503832347203e+01
1.808000000000000000e+03,3.426161930336729000e+01
1.809000000000000000e+03,3.446885658855193668e+01
1.810000000000000000e+03,3.452710030000838515e+01
1.811000000000000000e+03,3.450830949961811456e+01
1.812000000000000000e+03,3.456308472928206044e+01
1.813000000000000000e+03,3.494520794336236236e+01
1.814000000000000000e+03,3.447265771310961213e+01
1.815000000000000000e+03,3.472123281414539520e+01
1.816000000000000000e+03,3.480702692284916111e+01
1.817000000000000000e+03,3.467303341136390316e+01
1.818000000000000000e+03,3.512494435021712036e+01
1.819000000000000000e+03,3.485680218717675416e+01
1.820000000000000000e+03,3.481879801669249019e+01
1.821000000000000000e+03,3.512184861452368523e+01
1.822000000000000000e+03,3.531213174799841426e+01
1.823000000000000000e+03,3.530233948145658474e+01
1.824000000000000000e+03,3.533777550411883794e+01
1.825000000000000000e+03,3.527426947084682496e+01
1.826000000000000000e+03,3.575451056307616682e+01
1.827000000000000000e+03,3.600223154026104311e+01
1.828000000000000000e+03,3.593132715726929405e+01
1.829000000000000000e+03,3.596284579029689610e+01
1.830000000000000000e+03,3.615774513303833970e+01
1.831000000000000000e+03,3.660166307297838273e+01
1.832000000000000000e+03,3.680910253228074680e+01
1.833000000000000000e+03,3.708427188147748410e+01
1.834000000000000000e+03,3.702294155770294992e+01
1.835000000000000000e+03,3.717117004413825043e+01
1.836000000000000000e+03,3.743037792148038534e+01
1.837000000000000000e+03,3.809820523403310233e+01
1.838000000000000000e+03,3.835663600591546896e+01
1.839000000000000000e+03,3.853265465216426122e+01
1.840000000000000000e+03,3.875485578405341158e+01
1.841000000000000000e+03,3.919397883615105371e+01
1.842000000000000000e+03,3.965264338756432494e+01
1.843000000000000000e+03,3.985711890000244040e+01
1.844000000000000000e+03,4.004779912477363979e+01
1.845000000000000000e+03,4.067751863671740153e+01
1.846000000000000000e+03,4.139134957658122005e+01
1.847000000000000000e+03,4.212441099789262466e+01
1.848000000000000000e+03,4.241269195056233343e+01
1.849000000000000000e+03,4.295543575587150542e+01
1.850000000000000000e+03,4.344339480446194557e+01
1.851000000000000000e+03,4.395584727391326396e+01
1.852000000000000000e+03,4.470327811804691009e+01
1.853000000000000000e+03,4.548236456644327319e+01
1.854000000000000000e+03,4.635801270252607509e+01
1.855000000000000000e+03,4.711499237780047622e+01
1.856000000000000000e+03,4.775959463228621615e+01
1.857000000000000000e+03,4.891417102716602017e+01
1.858000000000000000e+03,4.988450000478840707e+01
1.859000000000000000e+03,5.088189742276541239e+01
1.860000000000000000e+03,5.207386193717642442e+01
1.861000000000000000e+03,5.274831785510489368e+01
1.862000000000000000e+03,5.416148278325638188e+01
1.863000000000000000e+03,5.544265101345174429e+01
1.864000000000000000e+03,5.682338340332864135e+01
1.865000000000000000e+03,5.806382165790110861e+01
1.866000000000000000e+03,5.962089164847019163e+01
1.867000000000000000e+03,6.109795524428395908e+01
1.868000000000000000e+03,6.300634790391477225e+01
1.869000000000000000e+03,6.456532723568778920e+01
1.870000000000000000e+03,6.658015094962691194e+01
1.871000000000000000e+03,6.807875802174835655e+01
1.872000000000000000e+03,7.003540392334926423e+01
1.873000000000000000e+03,7.220702359150398308e+01
1.874000000000000000e+03,7.431383429783032568e+01
1.875000000000000000e+03,7.648170846092141062e+01
1.876000000000000000e+03,7.817086567429878130e+01
1.877000000000000000e+03,8.075629319877432977e+01
1.878000000000000000e+03,8.311810933590591333e+01
1.879000000000000000e+03,8.557559636379700407e+01
1.880000000000000000e+03,8.774132129210511266e+01
1.881000000000000000e+03,9.049991135456662050e+01
1.882000000000000000e+03,9.309588190264319962e+01
1.883000000000000000e+03,9.577515274528559530e+01
1.884000000000000000e+03,9.859339924278519618e+01
1.885000000000000000e+03,1.014163154123546917e+02
1.886000000000000000e+03,1.042067262398149978e+02
1.887000000000000000e+03,1.069939475590076796e+02
1.888000000000000000e+03,1.099350231565767757e+02
1.889000000000000000e+03,1.127378843470962266e+02
1.890000000000000000e+03,1.155751641245310708e+02
1.891000000000000000e+03,1.187519679646286050e+02
1.892000000000000000e+03,1.212795064637613081e+02
1.893000000000000000e+03,1.241053237527692090e+02
1.894000000000000000e+03,1.270096532688792195e+02
1.895000000000000000e+03,1.298131467793760407e+02
1.896000000000000000e+03,1.325124407451795889e+02
1.897000000000000000e+03,1.351852404639127485e+02
1.898000000000000000e+03,1.377729657469506037e+02
1.899000000000000000e+03,1.406721852443154717e+02
1.900000000000000000e+03,1.427484894250497689e+02
1.901000000000000000e+03,1.452334729073836286e+02
1.902000000000000000e+03,1.476997483305929393e+02
1.903000000000000000e+03,1.498538690624362744e+02
1.904000000000000000e+03,1.520936960007388450e+02
1.905000000000000000e+03,1.544785624232912085e+02
1.906000000000000000e+03,1.568833760106527109e+02
1.907000000000000000e+03,1.586517929764571591e+02
1.908000000000000000e+03,1.605787054576543369e+02
1.909000000000000000e+03,1.625847157732947608e+02
1.910000000000000000e+03,1.644981559866300245e+02
1.911000000000000000e+03,1.665211907964240368e+02
1.912000000000000000e+03,1.680291033881007365e+02
1.913000000000000000e+03,1.693998995235502605e+02
1.914000000000000000e+03,1.710940730635105069e+02
1.915000000000000000e+03,1.725930217632023016e+02
1.916000000000000000e+03,1.740825006328813060e+02
1.917000000000000000e+03,1.756656369441384129e+02
1.918000000000000000e+03,1.766498938113596182e+02
1.919000000000000000e+03,1.777069215466405296e+02
1.920000000000000000e+03,1.792429057485074395e+02
1.921000000000000000e+03,1.801575901904778334e+02
1.922000000000000000e+03,1.812824849671746108e+02
1.923000000000000000e+03,1.820430309567931602e+02
1.924000000000000000e+03,1.829027900924179448e+02
1.925000000000000000e+03,1.839436698487013189e+02
1.926000000000000000e+03,1.847051696711926638e+02
1.927000000000000000e+03,1.854568338602009590e+02
1.928000000000000000e+03,1.861817129624481879e+02
1.929000000000000000e+03,1.868963710370221065e+02
1.930000000000000000e+03,1.878326589573109970e+02
1.931000000000000000e+03,1.883091151136722488e+02
1.932000000000000000e+03,1.888616584843158535e+02
1.933000000000000000e+03,1.895200551106256626e+02
1.934000000000000000e+03,1.899584984986505276e+02
1.935000000000000000e+03,1.903689271130367615e+02
1.936000000000000000e+03,1.905453265640842915e+02
1.937000000000000000e+03,1.913571068508164501e+02
1.938000000000000000e+03,1.916404135789097438e+02
1.939000000000000000e+03,1.921212600473307077e+02
1.940000000000000000e+03,1.921939753369405537e+02
1.941000000000000000e+03,1.925878182352475676e+02
1.942000000000000000e+03,1.930171369830039225e+02
1.943000000000000000e+03,1.933878103522961283e+02
1.944000000000000000e+03,1.935117898551552855e+02
1.945000000000000000e+03,1.936246293173472850e+02
1.946000000000000000e+03,1.937184765612504407e+02
1.947000000000000000e+03,1.942383478533517120e+02
1.948000000000000000e+03,1.944809419308632243e+02
1.949000000000000000e+03,1.943138340920210965e+02
1.950000000000000000e+03,1.945894759425603127e+02
1.951000000000000000e+03,1.946322237930359620e+02
1.952000000000000000e+03,1.949617445250497099e+02
1.953000000000000000e+03,1.952703797150924458e+02
1.954000000000000000e+03,1.950800677802051268e+02
1.955000000000000000e+03,1.952308925946416309e+02
1.956000000000000000e+03,1.951515704010646175e+02
1.957000000000000000e+03,1.954705673282874159e+02
1.958000000000000000e+03,1.956962579493478245e+02
1.959000000000000000e+03,1.959827713111668288e+02
1.960000000000000000e+03,1.957218667544889854e+02
1.961000000000000000e+03,1.958724621062733888e+02
1.962000000000000000e+03,1.958092282712910333e+02
1.963000000000000000e+03,1.960555057629525209e+02
1.964000000000000000e+03,1.962970164593225491e+02
1.965000000000000000e+03,1.962443961081359021e+02
1.966000000000000000e+03,1.961404970176498068e+02
1.967000000000000000e+03,1.963583991777501296e+02
1.968000000000000000e+03,1.966078491611585548e+02
1.969000000000000000e+03,1.965744780706065455e+02
1.970000000000000000e+03,1.968176122185117549e+02
1.971000000000000000e+03,1.966518159737886151e+02
1.972000000000000000e+03,1.964156225576254542e+02
1.973000000000000000e+03,1.964991189933184899e+02
1.974000000000000000e+03,1.969546437002714470e+02
1.975000000000000000e+03,1.968988718308636976e+02
1.976000000000000000e+03,1.964194811882751992e+02
1.977000000000000000e+03,1.967718487321136536e+02
1.978000000000000000e+03,1.968706945522289686e+02
1.979000000000000000e+03,1.969620460857282183e+02
1.980000000000000000e+03,1.970162965080882600e+02
1.981000000000000000e+03,1.971729577233669204e+02
1.982000000000000000e+03,1.969885046904882699e+02
1.983000000000000000e+03,1.971085636844528892e+02
1.984000000000000000e+03,1.972545226534340657e+02
1.985000000000000000e+03,1.971344760195673587e+02
1.986000000000000000e+03,1.972619444057167755e+02
1.987000000000000000e+03,1.970951720704491947e+02
1.988000000000000000e+03,1.972193466717797321e+02
1.989000000000000000e+03,1.974093397500728599e+02
1.990000000000000000e+03,1.973898236029444888e+02
1.991000000000000000e+03,1.974254962920892922e+02
1.992000000000000000e+03,1.971850928697406573e+02
1.993000000000000000e+03,1.971113791412239209e+02
1.994000000000000000e+03,1.973397971747248789e+02
1.995000000000000000e+03,1.975638009259990042e+02
1.996000000000000000e+03,1.975088820780312062e+02
1.997000000000000000e+03,1.973500315871239650e+02
1.998000000000000000e+03,1.970025711159091202e+02
1.999000000000000000e+03,1.973060683088736766e+02
2.000000000000000000e+03,1.973033881465508728e+02
2.001000000000000000e+03,1.975486599950884568e+02
2.002000000000000000e+03,1.972886978608233051e+02
2.003000000000000000e+03,1.972883282334096009e+02
2.004000000000000000e+03,1.972764419526877191e+02
2.005000000000000000e+03,1.972250110052999332e+02
2.006000000000000000e+03,1.975288328667698465e+02
2.007000000000000000e+03,1.973886162927499299e+02
2.008000000000000000e+03,1.969679059437753210e+02
2.009000000000000000e+03,1.971045833870745128e+02
2.010000000000000000e+03,1.971843416092112307e+02
2.011000000000000000e+03,1.972970852298305147e+02
2.012000000000000000e+03,1.973104316821154498e+02
2.013000000000000000e+03,1.971615682349932683e+02
2.014000000000000000e+03,1.969337497245307134e+02
2.015000000000000000e+03,1.970515217721125794e+02
2.016000000000000000e+03,1.971669503409358981e+02
2.017000000000000000e+03,1.972523713252500386e+02
2.018000000000000000e+03,1.970266888405572558e+02
2.019000000000000000e+03,1.969388599540053235e+02
2.020000000000000000e+03,1.970645727580373432e+02
2.021000000000000000e+03,1.971667481706249134e+02
2.022000000000000000e+03,1.969768792840741867e+02
2.023000000000000000e+03,1.969975133065521788e+02
2.024000000000000000e+03,1.969147025773654889e+02
2.025000000000000000e+03,1.969789558615420049e+02
2.026000000000000000e+03,1.970355586357538016e+02
2.027000000000000000e+03,1.969403235020618013e+02
2.028000000000000000e+03,1.969370876773128600e+02
2.029000000000000000e+03,1.969821644605647180e+02
2.030000000000000000e+03,1.968319396340741605e+02
2.031000000000000000e+03,1.970307799837885057e+02
2.032000000000000000e+03,1.971087376971169363e+02
2.033000000000000000e+03,1.970069994077143178e+02
2.034000000000000000e+03,1.970384294011291217e+02
2.035000000000000000e+03,1.968095177547326102e+02
2.036000000000000000e+03,1.971055455360121584e+02
2.037000000000000000e+03,1.970224308821235297e+02
2.038000000000000000e+03,1.969614031312303837e+02
2.039000000000000000e+03,1.967642188348568197e+02
2.040000000000000000e+03,1.968942675731047132e+02
2.041000000000000000e+03,1.967092144836043985e+02
2.042000000000000000e+03,1.968638084518936182e+02
2.043000000000000000e+03,1.968234874777857044e+02
2.044000000000000000e+03,1.968553423418194086e+02
2.045000000000000000e+03,1.967043939216913486e+02
2.046000000000000000e+03,1.966730988571850105e+02
2.047000000000000000e+03,1.967541100440969899e+02
2.048000000000000000e+03,1.969065469921187912e+02
2.049000000000000000e+03,1.967492694321181830e+02
2.050000000000000000e+03,1.967745776921316576e+02
2.051000000000000000e+03,1.966661893586700387e+02
2.052000000000000000e+03,1.967850702400290288e+02
2.053000000000000000e+03,1.967778555644856908e+02
2.054000000000000000e+03,1.968079746713833345e+02
2.055000000000000000e+03,1.967134843543598208e+02
2.056000000000000000e+03,1.966283853621036997e+02
2.057000000000000000e+03,1.968424763497556853e+02
2.058000000000000000e+03,1.968682632867346740e+02
2.059000000000000000e+03,1.968801467109955752e+02
2.060000000000000000e+03,1.966683096745509545e+02
2.061000000000000000e+03,1.966222255987964616e+02
2.062000000000000000e+03,1.966542962398454506e+02
2.063000000000000000e+03,1.968632508394293836e+02
2.064000000000000000e+03,1.968171428224243300e+02
2.065000000000000000e+03,1.967218427241548682e+02
2.066000000000000000e+03,1.967949685581926076e+02
2.067000000000000000e+03,1.966976657444469083e+02
2.068000000000000000e+03,1.964580408483993494e+02
2.069000000000000000e+03,1.966871072200141271e+02
2.070000000000000000e+03,1.970256211718534018e+02
2.071000000000000000e+03,1.967364671923149047e+02
2.072000000000000000e+03,1.968103683228047771e+02
2.073000000000000000e+03,1.969753820989758424e+02
2.074000000000000000e+03,1.967699003513421303e+02
2.075000000000000000e+03,1.969672461041071756e+02
2.076000000000000000e+03,1.967750119195268041e+02
2.077000000000000000e+03,1.966983681898566942e+02
2.078000000000000000e+03,1.967264368200391118e+02
2.079000000000000000e+03,1.968765750897370594e+02
2.080000000000000000e+03,1.968927155444412733e+02
2.081000000000000000e+03,1.967643698479901104e+02
2.082000000000000000e+03,1.967785853925811637e+02
2.083000000000000000e+03,1.967228573522083366e+02
2.084000000000000000e+03,1.968754645088428390e+02
2.085000000000000000e+03,1.968881591488008098e+02
2.086000000000000000e+03,1.968281382239366337e+02
2.087000000000000000e+03,1.966892955915052141e+02
2.088000000000000000e+03,1.967703449770208408e+02
2.089000000000000000e+03,1.968501756255553801e+02
2.090000000000000000e+03,1.968697914077182531e+02
2.091000000000000000e+03,1.968127578046012047e+02
2.092000000000000000e+03,1.968021052729627911e+02
2.093000000000000000e+03,1.965664952754188732e+02
2.094000000000000000e+03,1.967141815136088212e+02
2.095000000000000000e+03,1.968018264491836646e+02
2.096000000000000000e+03,1.967973970593430693e+02
2.097000000000000000e+03,1.967469158457799381e+02
2.098000000000000000e+03,1.966946233538653814e+02
2.099000000000000000e+03,1.966274080335774386e+02
2.100000000000000000e+03,1.968654104193334717e+02
2.101000000000000000e+03,1.968323371106093589e+02
2.102000000000000000e+03,1.968330352108068553e+02
2.103000000000000000e+03,1.966295185702743424e+02
2.104000000000000000e+03,1.966436338730919431e+02
2.105000000000000000e+03,1.967011730707694426e+02
2.106000000000000000e+03,1.967761138395939611e+02
2.107000000000000000e+03,1.967127278436893789e+02
2.108000000000000000e+03,1.968229293817859116e+02
2.109000000000000000e+03,1.966107537406635970e+02
2.110000000000000000e+03,1.965321172688898343e+02
2.111000000000000000e+03,1.968489717141720803e+02
2.112000000000000000e+03,1.966742171456609185e+02
2.113000000000000000e+03,1.965734699475602270e+02
2.114000000000000000e+03,1.965745700290097489e+02
2.115000000000000000e+03,1.966377195979741543e+02
2.116000000000000000e+03,1.967336679505083623e+02
2.117000000000000000e+03,1.967228397455392894e+02
2.118000000000000000e+03,1.965613756211037639e+02
2.119000000000000000e+03,1.966896961399812085e+02
2.120000000000000000e+03,1.964914442747241310e+02
2.121000000000000000e+03,1.966692366817367201e+02
2.122000000000000000e+03,1.966529525212067142e+02
2.123000000000000000e+03,1.966632819352362276e+02
2.124000000000000000e+03,1.964737801253549208e+02
2.125000000000000000e+03,1.965122947229724844e+02
2.126000000000000000e+03,1.966690877159806803e+02
2.127000000000000000e+03,1.966092361845859386e+02
2.128000000000000000e+03,1.966516941406102319e+02
2.129000000000000000e+03,1.964397057189266036e+02
2.130000000000000000e+03,1.964622459057776211e+02
2.131000000000000000e+03,1.965811065195720744e+02
2.132000000000000000e+03,1.965845599987663377e+02
2.133000000000000000e+03,1.964505948909044832e+02
2.134000000000000000e+03,1.965434902520604510e+02
2.135000000000000000e+03,1.964786344625919980e+02
2.136000000000000000e+03,1.965650516887987180e+02
2.137000000000000000e+03,1.963183385647832893e+02
2.138000000000000000e+03,1.963980666472822634e+02
2.139000000000000000e+03,1.964643603094884838e+02
2.140000000000000000e+03,1.962342212592011208e+02
2.141000000000000000e+03,1.962431963234496379e+02
2.142000000000000000e+03,1.963041743987927248e+02
2.143000000000000000e+03,1.963987449257131459e+02
2.144000000000000000e+03,1.962108314597881247e+02
2.145000000000000000e+03,1.960924843911726327e+02
2.146000000000000000e+03,1.962024805716737319e+02
2.147000000000000000e+03,1.962940244372755103e+02
2.148000000000000000e+03,1.964754619182583042e+02
2.149000000000000000e+03,1.962910533285893280e+02
2.150000000000000000e+03,1.960810038342431199e+02
2.151000000000000000e+03,1.960971247204634835e+02
2.152000000000000000e+03,1.964442718353863029e+02
2.153000000000000000e+03,1.962471470268763198e+02
2.154000000000000000e+03,1.962771777060515603e+02
2.155000000000000000e+03,1.963398273670387084e+02
2.156000000000000000e+03,1.960271849039873189e+02
2.157000000000000000e+03,1.960108504156457343e+02
2.158000000000000000e+03,1.961695352149011455e+02
2.159000000000000000e+03,1.961577154229486837e+02
2.160000000000000000e+03,1.960151712861957094e+02
2.161000000000000000e+03,1.959312863555037723e+02
2.162000000000000000e+03,1.959525579449535257e+02
2.163000000000000000e+03,1.960141187397109093e+02
2.164000000000000000e+03,1.960490358169320189e+02
2.165000000000000000e+03,1.959143071059704084e+02
2.166000000000000000e+03,1.956802789157703728e+02
2.167000000000000000e+03,1.960137924396930202e+02
2.168000000000000000e+03,1.959978586193305716e+02
2.169000000000000000e+03,1.961640390925426232e+02
2.170000000000000000e+03,1.961105658078906515e+02
2.171000000000000000e+03,1.958825002551766090e+02
2.172000000000000000e+03,1.958647949672951825e+02
2.173000000000000000e+03,1.957980652050641197e+02
2.174000000000000000e+03,1.958119342500805544e+02
2.175000000000000000e+03,1.958507279614235586e+02
2.176000000000000000e+03,1.956331546883503734e+02
2.177000000000000000e+03,1.956028690096524087e+02
2.178000000000000000e+03,1.956015434080904924e+02
2.179000000000000000e+03,1.957821932153643445e+02
2.180000000000000000e+03,1.957928767055746277e+02
2.181000000000000000e+03,1.955922314162895361e+02
2.182000000000000000e+03,1.955388545631625163e+02
2.183000000000000000e+03,1.955515312620636621e+02
2.184000000000000000e+03,1.956485461528371559e+02
2.185000000000000000e+03,1.956770583084391433e+02
2.186000000000000000e+03,1.955592688320071488e+02
2.187000000000000000e+03,1.954743693999626828e+02
2.188000000000000000e+03,1.954311239203949810e+02
2.189000000000000000e+03,1.954660942222585049e+02
2.190000000000000000e+03,1.955633065615915882e+02
2.191000000000000000e+03,1.954074269592173891e+02
2.192000000000000000e+03,1.953040148489511409e+02
2.193000000000000000e+03,1.952828045767804213e+02
2.194000000000000000e+03,1.953042337268686026e+02
2.195000000000000000e+03,1.953889170341582542e+02
2.196000000000000000e+03,1.952788156346578035e+02
2.197000000000000000e+03,1.951563357156875043e+02
2.198000000000000000e+03,1.952593633510450672e+02
2.199000000000000000e+03,1.952691514349648401e+02
2.200000000000000000e+03,1.953284847873805461e+02
2.201000000000000000e+03,1.951214518456364715e+02
2.202000000000000000e+03,1.950529169938470488e+02
2.203000000000000000e+03,1.950553995462822456e+02
2.204000000000000000e+03,1.951290333946870987e+02
2.205000000000000000e+03,1.951195776126426153e+02
2.206000000000000000e+03,1.952137847418330523e+02
2.207000000000000000e+03,1.951246344525342238e+02
2.208000000000000000e+03,1.950731669858014072e+02
2.209000000000000000e+03,1.950115191462890607e+02
2.210000000000000000e+03,1.950226155592213502e+02
2.211000000000000000e+03,1.952786805882156216e+02
2.212000000000000000e+03,1.949873363061291229e+02
2.213000000000000000e+03,1.949082801318497786e+02
2.214000000000000000e+03,1.947743519650920803e+02
2.215000000000000000e+03,1.947723344135683305e+02
2.216000000000000000e+03,1.949300768539324338e+02
2.217000000000000000e+03,1.947653872148976291e+02
2.218000000000000000e+03,1.945400209024730316e+02
2.219000000000000000e+03,1.945418255144187469e+02
2.220000000000000000e+03,1.945752355236360529e+02
2.221000000000000000e+03,1.945647972041684000e+02
2.222000000000000000e+03,1.946381646732471324e+02
2.223000000000000000e+03,1.944962549384667057e+02
2.224000000000000000e+03,1.943915344670330683e+02
2.225000000000000000e+03,1.943270118788329341e+02
2.226000000000000000e+03,1.943780285724794794e+02
2.227000000000000000e+03,1.944819949753583046e+02
2.228000000000000000e+03,1.943583862448413981e+02
2.229000000000000000e+03,1.942296452041803150e+02
2.230000000000000000e+03,1.942022278162363023e+02
2.231000000000000000e+03,1.940632237818744557e+02
2.232000000000000000e+03,1.942601495410601444e+02
2.233000000000000000e+03,1.941352526455005716e+02
2.234000000000000000e+03,1.940576020817448750e+02
2.235000000000000000e+03,1.940013755389405219e+02
2.236000000000000000e+03,1.939763990946320575e+02
2.237000000000000000e+03,1.940760944953558180e+02
2.238000000000000000e+03,1.939729950199177040e+02
2.239000000000000000e+03,1.938653075484234307e+02
2.240000000000000000e+03,1.939010320227211821e+02
2.241000000000000000e+03,1.939869854619718410e+02
2.242000000000000000e+03,1.939485970029467126e+02
2.243000000000000000e+03,1.939304695246706558e+02
2.244000000000000000e+03,1.936945978751223265e+02
2.245000000000000000e+03,1.936689397158133374e+02
2.246000000000000000e+03,1.935041034816233321e+02
2.247000000000000000e+03,1.936360187884152424e+02
2.248000000000000000e+03,1.936377380779543387e+02
2.249000000000000000e+03,1.936053548190116942e+02
2.250000000000000000e+03,1.934004787397985012e+02
2.251000000000000000e+03,1.933322785588209456e+02
2.252000000000000000e+03,1.936167931840106178e+02
2.253000000000000000e+03,1.933568053493882815e+02
2.254000000000000000e+03,1.933705555022603733e+02
2.255000000000000000e+03,1.931793807444532263e+02
2.256000000000000000e+03,1.930283941371543790e+02
2.257000000000000000e+03,1.931254958259225987e+02
2.258000000000000000e+03,1.931678685342948540e+02
2.259000000000000000e+03,1.931658176798455600e+02
2.260000000000000000e+03,1.929583991073136531e+02
2.261000000000000000e+03,1.928356443236624784e+02
2.262000000000000000e+03,1.928806895219302930e+02
2.263000000000000000e+03,1.929622506763897150e+02
2.264000000000000000e+03,1.928525615113197773e+02
2.265000000000000000e+03,1.927496881006433682e+02
2.266000000000000000e+03,1.926084231012672490e+02
2.267000000000000000e+03,1.926357950920172470e+02
2.268000000000000000e+03,1.924155702520909301e+02
2.269000000000000000e+03,1.926430663319586358e+02
2.270000000000000000e+03,1.925398432911620716e+02
2.271000000000000000e+03,1.922815886957393730e+02
2.272000000000000000e+03,1.921191390447811500e+02
2.273000000000000000e+03,1.921900094568843542e+02
2.274000000000000000e+03,1.922415783423838604e+02
2.275000000000000000e+03,1.921612158598379096e+02
2.276000000000000000e+03,1.920807282172135899e+02
2.277000000000000000e+03,1.918753395371591068e+02
2.278000000000000000e+03,1.918937709023967102e+02
2.279000000000000000e+03,1.920257716570297646e+02
2.280000000000000000e+03,1.919198621719714311e+02
2.281000000000000000e+03,1.917748756035908286e+02
2.282000000000000000e+03,1.916910869692935648e+02
2.283000000000000000e+03,1.916692694438035289e+02
2.284000000000000000e+03,1.917259109050137340e+02
2.285000000000000000e+03,1.917752009496958578e+02
2.286000000000000000e+03,1.916500957137878061e+02
2.287000000000000000e+03,1.913851904695747805e+02
2.288000000000000000e+03,1.913994504868020954e+02
2.289000000000000000e+03,1.914864276832144867e+02
2.290000000000000000e+03,1.914337159523854268e+02
2.291000000000000000e+03,1.913481563138863066e+02
2.292000000000000000e+03,1.911356411748618314e+02
2.293000000000000000e+03,1.911994648430077177e+02
2.294000000000000000e+03,1.911033693424194269e+02
2.295000000000000000e+03,1.909369339489375363e+02
2.296000000000000000e+03,1.911363886969503199e+02
2.297000000000000000e+03,1.913070366523091650e+02
2.298000000000000000e+03,1.907857270055813785e+02
2.299000000000000000e+03,1.907805561265033987e+02
2.300000000000000000e+03,1.911924079316549978e+02
2.301000000000000000e+03,1.910736732636576107e+02
2.302000000000000000e+03,1.907590015054890671e+02
2.303000000000000000e+03,1.908248630498086982e+02
2.304000000000000000e+03,1.908238415367299581e+02
2.305000000000000000e+03,1.907513908808766985e+02
2.306000000000000000e+03,1.908971087428884630e+02
2.307000000000000000e+03,1.906765233152850669e+02
2.308000000000000000e+03,1.905508185663224481e+02
2.309000000000000000e+03,1.906679949797538143e+02
2.310000000000000000e+03,1.908019253379389113e+02
2.311000000000000000e+03,1.907627431384247245e+02
2.312000000000000000e+03,1.909532855104095006e+02
2.313000000000000000e+03,1.907272132315101487e+02
2.314000000000000000e+03,1.907224528140899338e+02
2.315000000000000000e+03,1.905597938066312338e+02
2.316000000000000000e+03,1.907947539050304613e+02
2.317000000000000000e+03,1.906370406122146619e+02
2.318000000000000000e+03,1.905146544376989368e+02
2.319000000000000000e+03,1.903487999739365364e+02
2.320000000000000000e+03,1.903465647573623301e+02
2.321000000000000000e+03,1.903653146498145361e+02
2.322000000000000000e+03,1.903729888442168487e+02
2.323000000000000000e+03,1.903262142018383258e+02
2.324000000000000000e+03,1.901455732220631205e+02
2.325000000000000000e+03,1.901266494727838392e+02
2.326000000000000000e+03,1.901642887196194351e+02
2.327000000000000000e+03,1.902779892771171433e+02
2.328000000000000000e+03,1.899953477535589457e+02
2.329000000000000000e+03,1.898526512324651776e+02
2.330000000000000000e+03,1.899198305009068974e+02
2.331000000000000000e+03,1.899375464151763424e+02
2.332000000000000000e+03,1.900139788986611222e+02
2.333000000000000000e+03,1.899479098622574611e+02
2.334000000000000000e+03,1.897381889968151540e+02
2.335000000000000000e+03,1.897783250968174684e+02
2.336000000000000000e+03,1.899745729212378649e+02
2.337000000000000000e+03,1.896969086294104159e+02
2.338000000000000000e+03,1.895734854922967259e+02
2.339000000000000000e+03,1.894991186124831870e+02
2.340000000000000000e+03,1.893699523542188672e+02
2.341000000000000000e+03,1.892005771896520798e+02
2.342000000000000000e+03,1.892408211775919256e+02
2.343000000000000000e+03,1.893673145534635012e+02
2.344000000000000000e+03,1.889871832997630747e+02
2.345000000000000000e+03,1.890349679501788387e+02
2.346000000000000000e+03,1.889930598798494259e+02
2.347000000000000000e+03,1.891482905571487834e+02
2.348000000000000000e+03,1.890945196551854792e+02
2.349000000000000000e+03,1.890083201164743230e+02
2.350000000000000000e+03,1.889907834257534205e+02
2.351000000000000000e+03,1.886784798946140711e+02
2.352000000000000000e+03,1.889118112507243552e+02
2.353000000000000000e+03,1.889626488759185463e+02
2.354000000000000000e+03,1.891723652685172681e+02
2.355000000000000000e+03,1.887823496974622515e+02
2.356000000000000000e+03,1.886828505564494947e+02
2.357000000000000000e+03,1.887846461743126270e+02
2.358000000000000000e+03,1.886229867369285387e+02
2.359000000000000000e+03,1.887717654127714582e+02
2.360000000000000000e+03,1.887107355103178463e+02
2.361000000000000000e+03,1.885057557153122048e+02
2.362000000000000000e+03,1.885652211861091700e+02
2.363000000000000000e+03,1.887189712641066990e+02
2.364000000000000000e+03,1.888633389303121533e+02
2.365000000000000000e+03,1.887839459029539455e+02
2.366000000000000000e+03,1.885868059211704804e+02
2.367000000000000000e+03,1.885753178964441759e+02
2.368000000000000000e+03,1.886482504287824895e+02
2.369000000000000000e+03,1.884482327721318597e+02
2.370000000000000000e+03,1.887408151755456061e+02
2.371000000000000000e+03,1.883599023146536808e+02
2.372000000000000000e+03,1.884915313504465360e+02
2.373000000000000000e+03,1.884847786855452227e+02
2.374000000000000000e+03,1.884954352985072887e+02
2.375000000000000000e+03,1.884953222906021892e+02
2.376000000000000000e+03,1.883849041611793211e+02
2.377000000000000000e+03,1.881896751144694235e+02
2.378000000000000000e+03,1.885563693541587327e+02
2.379000000000000000e+03,1.882316813052968030e+02
2.380000000000000000e+03,1.884179681900013179e+02
2.381000000000000000e+03,1.882470433737014162e+02
2.382000000000000000e+03,1.881874761184940326e+02
2.383000000000000000e+03,1.883592032945904009e+02
2.384000000000000000e+03,1.882874018859831438e+02
2.385000000000000000e+03,1.882889950597734412e+02
2.386000000000000000e+03,1.883105819817747033e+02
2.387000000000000000e+03,1.882119697991509213e+02
2.388000000000000000e+03,1.881402720814445786e+02
2.389000000000000000e+03,1.879241765937589435e+02
2.390000000000000000e+03,1.880717638754111931e+02
2.391000000000000000e+03,1.879711661785093497e+02
2.392000000000000000e+03,1.877684122822402060e+02
2.393000000000000000e+03,1.880688455516944941e+02
2.394000000000000000e+03,1.877565652645464809e+02
2.395000000000000000e+03,1.878985584689261259e+02
2.396000000000000000e+03,1.880643339086620074e+02
2.397000000000000000e+03,1.877549463568689987e+02
2.398000000000000000e+03,1.876717810631751036e+02
2.399000000000000000e+03,1.878446585925638601e+02
2.400000000000000000e+03,1.878337725626331576e+02
2.401000000000000000e+03,1.879032019790270169e+02
2.402000000000000000e+03,1.877950742985588874e+02
2.403000000000000000e+03,1.876251477439431596e+02
2.404000000000000000e+03,1.876834828550401539e+02
2.405000000000000000e+03,1.877403335507924851e+02
2.406000000000000000e+03,1.878311217076460196e+02
2.407000000000000000e+03,1.877447493410359414e+02
2.408000000000000000e+03,1.876581001873982757e+02
2.409000000000000000e+03,1.875749594706609571e+02
2.410000000000000000e+03,1.876435313765147157e+02
2.411000000000000000e+03,1.877692083947227104e+02
2.412000000000000000e+03,1.875206825183400383e+02
2.413000000000000000e+03,1.874652942979569730e+02
2.414000000000000000e+03,1.875321965905550599e+02
2.415000000000000000e+03,1.874886185672753243e+02
2.416000000000000000e+03,1.875080382188299950e+02
2.417000000000000000e+03,1.877575996944163137e+02
2.418000000000000000e+03,1.876858265628979154e+02
2.419000000000000000e+03,1.878429128065158409e+02
2.420000000000000000e+03,1.878264747745866998e+02
2.421000000000000000e+03,1.879015477646278214e+02
2.422000000000000000e+03,1.877902156438436236e+02
2.423000000000000000e+03,1.876584204500173030e+02
2.424000000000000000e+03,1.874797532672751004e+02
2.425000000000000000e+03,1.874449299322959064e+02
2.426000000000000000e+03,1.876685505857566909e+02
2.427000000000000000e+03,1.876304185936118927e+02
2.428000000000000000e+03,1.878726494128133595e+02
2.429000000000000000e+03,1.874880843305240603e+02
2.430000000000000000e+03,1.877230437002848760e+02
2.431000000000000000e+03,1.879112513749978177e+02
2.432000000000000000e+03,1.878790362834701000e+02
2.433000000000000000e+03,1.879027055057451321e+02
2.434000000000000000e+03,1.876828498618454546e+02
2.435000000000000000e+03,1.876380038416514537e+02
2.436000000000000000e+03,1.877631780772065326e+02
2.437000000000000000e+03,1.878833583329920884e+02
2.438000000000000000e+03,1.876921149226888588e+02
2.439000000000000000e+03,1.878211538275674286e+02
2.440000000000000000e+03,1.877227842012464976e+02
2.441000000000000000e+03,1.876256623541144108e+02
2.442000000000000000e+03,1.877515889690690187e+02
2.443000000000000000e+03,1.877586344302171142e+02
2.444000000000000000e+03,1.877415306521429841e+02
2.445000000000000000e+03,1.874973989785263484e+02
2.446000000000000000e+03,1.875917966709774873e+02
2.447000000000000000e+03,1.878550053257411037e+02
2.448000000000000000e+03,1.876714292253009546e+02
2.449000000000000000e+03,1.875289898345414201e+02
2.450000000000000000e+03,1.873564295599378511e+02
2.451000000000000000e+03,1.875262321861516170e+02
2.452000000000000000e+03,1.875471715902401684e+02
2.453000000000000000e+03,1.875488200458700305e+02
2.454000000000000000e+03,1.873787373029326773e+02
2.455000000000000000e+03,1.875578338562642955e+02
2.456000000000000000e+03,1.874654983167765465e+02
2.457000000000000000e+03,1.875158622403892252e+02
2.458000000000000000e+03,1.872987507679951023e+02
2.459000000000000000e+03,1.873615018525583196e+02
2.460000000000000000e+03,1.873301919773663826e+02
2.461000000000000000e+03,1.871947472554427634e+02
2.462000000000000000e+03,1.872293305177337857e+02
2.463000000000000000e+03,1.872900167165065284e+02
2.464000000000000000e+03,1.873633810939781768e+02
2.465000000000000000e+03,1.872387693868456893e+02
2.466000000000000000e+03,1.871908665080072183e+02
2.467000000000000000e+03,1.871137405026014733e+02
2.468000000000000000e+03,1.872078023960903863e+02
2.469000000000000000e+03,1.873907020658710394e+02
2.470000000000000000e+03,1.872287644974687169e+02
2.471000000000000000e+03,1.874231982788919026e+02
2.472000000000000000e+03,1.871872459508889790e+02
2.473000000000000000e+03,1.872905018335866032e+02
2.474000000000000000e+03,1.873495701019334376e+02
2.475000000000000000e+03,1.872597286161852708e+02
2.476000000000000000e+03,1.874490477722381456e+02
2.477000000000000000e+03,1.871185925412942765e+02
2.478000000000000000e+03,1.871162405844979446e+02
2.479000000000000000e+03,1.872654135848403314e+02
2.480000000000000000e+03,1.872612583975814857e+02
2.481000000000000000e+03,1.871738084545216338e+02
2.482000000000000000e+03,1.871048232359273982e+02
2.483000000000000000e+03,1.871064832339155544e+02
2.484000000000000000e+03,1.872720291323592505e+02
2.485000000000000000e+03,1.872661737838487568e+02
2.486000000000000000e+03,1.871637005778732430e+02
2.487000000000000000e+03,1.871925959177167158e+02
2.488000000000000000e+03,1.870646101208442644e+02
2.489000000000000000e+03,1.871601085603699346e+02
2.490000000000000000e+03,1.873364359398368890e+02
2.491000000000000000e+03,1.870249593721577526e+02
2.492000000000000000e+03,1.870235950454284932e+02
2.493000000000000000e+03,1.870276143909615030e+02
2.494000000000000000e+03,1.870899892925231143e+02
2.495000000000000000e+03,1.872669484163467644e+02
2.496000000000000000e+03,1.874187361069834026e+02
2.497000000000000000e+03,1.869676899520943891e+02
2.498000000000000000e+03,1.870424876124210414e+02
2.499000000000000000e+03,1.868050072927659642e+02
2.500000000000000000e+03,1.870033969565177472e+02
2.501000000000000000e+03,1.869817415895042529e+02
2.502000000000000000e+03,1.869697135239321995e+02
2.503000000000000000e+03,1.866663474586254097e+02
2.504000000000000000e+03,1.868100826180011325e+02
2.505000000000000000e+03,1.868768008841733490e+02
2.506000000000000000e+03,1.869878775997603668e+02
2.507000000000000000e+03,1.868758820654956025e+02
2.508000000000000000e+03,1.868334084902845120e+02
2.509000000000000000e+03,1.867035679420313272e+02
2.510000000000000000e+03,1.867394522295011541e+02
2.511000000000000000e+03,1.868885660255948551e+02
2.512000000000000000e+03,1.867828182288893970e+02
2.513000000000000000e+03,1.866221878146342590e+02
2.514000000000000000e+03,1.866518398542550301e+02
2.515000000000000000e+03,1.866905271249005409e+02
2.516000000000000000e+03,1.868641624699723707e+02
2.517000000000000000e+03,1.867184474748682419e+02
2.518000000000000000e+03,1.865827198974085377e+02
2.519000000000000000e+03,1.866292326282605814e+02
2.520000000000000000e+03,1.865945829699976741e+02
2.521000000000000000e+03,1.868078391590686351e+02
2.522000000000000000e+03,1.868346186714267674e+02
2.523000000000000000e+03,1.866299397962024784e+02
2.524000000000000000e+03,1.864658341390423004e+02
2.525000000000000000e+03,1.865113797248637297e+02
2.526000000000000000e+03,1.865703059641159030e+02
2.527000000000000000e+03,1.867611574334061402e+02
2.528000000000000000e+03,1.870350837877604420e+02
2.529000000000000000e+03,1.871620999393852003e+02
2.530000000000000000e+03,1.867541353962360233e+02
2.531000000000000000e+03,1.870021061034000809e+02
2.532000000000000000e+03,1.872465338094497156e+02
2.533000000000000000e+03,1.871353648622605022e+02
2.534000000000000000e+03,1.870568479607131280e+02
2.535000000000000000e+03,1.869269626922063594e+02
2.536000000000000000e+03,1.870241371326811475e+02
2.537000000000000000e+03,1.871364453357680588e+02
2.538000000000000000e+03,1.874561940979119186e+02
2.539000000000000000e+03,1.873494924913724162e+02
2.540000000000000000e+03,1.872433275472625098e+02
2.541000000000000000e+03,1.871821447699889234e+02
2.542000000000000000e+03,1.873056416794968868e+02
2.543000000000000000e+03,1.873161213821491344e+02
2.544000000000000000e+03,1.871540677477976260e+02
2.545000000000000000e+03,1.872038003457138586e+02
2.546000000000000000e+03,1.871130489573967282e+02
2.547000000000000000e+03,1.872087947285646692e+02
2.548000000000000000e+03,1.870970455692866778e+02
2.549000000000000000e+03,1.872406849130135527e+02
2.550000000000000000e+03,1.871164811731569273e+02
2.551000000000000000e+03,1.872228189806819785e+02
2.552000000000000000e+03,1.872979146584413854e+02
2.553000000000000000e+03,1.873901186292468424e+02
2.554000000000000000e+03,1.874806042034239510e+02
2.555000000000000000e+03,1.870420736919519982e+02
2.556000000000000000e+03,1.873451391461782976e+02
2.557000000000000000e+03,1.873637018201661704e+02
2.558000000000000000e+03,1.872746768011076313e+02
2.559000000000000000e+03,1.873138428850420212e+02
2.560000000000000000e+03,1.871971452656898407e+02
2.561000000000000000e+03,1.870566432757647135e+02
2.562000000000000000e+03,1.872558059415050309e+02
2.563000000000000000e+03,1.873245495806628185e+02
2.564000000000000000e+03,1.872311513917483694e+02
2.565000000000000000e+03,1.873308250192972935e+02
2.566000000000000000e+03,1.871766233662822287e+02
2.567000000000000000e+03,1.871433942567260260e+02
2.568000000000000000e+03,1.871587817150032151e+02
2.569000000000000000e+03,1.873018925007375231e+02
2.570000000000000000e+03,1.873087622137507537e+02
2.571000000000000000e+03,1.870934808725741902e+02
2.572000000000000000e+03,1.869383285089031403e+02
2.573000000000000000e+03,1.870918195079067914e+02
2.574000000000000000e+03,1.872253484913093189e+02
2.575000000000000000e+03,1.871985385460738200e+02
2.576000000000000000e+03,1.871818198784657739e+02
2.577000000000000000e+03,1.870723529610517346e+02
2.578000000000000000e+03,1.871671809561699433e+02
2.579000000000000000e+03,1.872289959666330219e+02
2.580000000000000000e+03,1.874128269036485506e+02
2.581000000000000000e+03,1.872044023579664440e+02
2.582000000000000000e+03,1.871549754190743045e+02
2.583000000000000000e+03,1.874613518677241473e+02
2.584000000000000000e+03,1.872125364227074442e+02
2.585000000000000000e+03,1.871929474049053113e+02
2.586000000000000000e+03,1.870499115560129724e+02
2.587000000000000000e+03,1.868127894969632905e+02
2.588000000000000000e+03,1.867161415686680641e+02
2.589000000000000000e+03,1.870915548505842025e+02
2.590000000000000000e+03,1.871418303094378075e+02
2.591000000000000000e+03,1.871484042247099921e+02
2.592000000000000000e+03,1.869765553737082655e+02
2.593000000000000000e+03,1.871039039391525591e+02
2.594000000000000000e+03,1.870328126902137456e+02
2.595000000000000000e+03,1.871120280934765105e+02
2.596000000000000000e+03,1.871598977053295414e+02
2.597000000000000000e+03,1.870579930655567011e+02
2.598000000000000000e+03,1.869963208676458919e+02
2.599000000000000000e+03,1.870340324028379086e+02
2.600000000000000000e+03,1.873835241096392110e+02
2.601000000000000000e+03,1.872114742834993990e+02
2.602000000000000000e+03,1.869920521775175644e+02
2.603000000000000000e+03,1.869882711020636634e+02
2.604000000000000000e+03,1.870482335657898716e+02
2.605000000000000000e+03,1.870387724810701116e+02
2.606000000000000000e+03,1.872068213752609722e+02
2.607000000000000000e+03,1.870276341168696206e+02
2.608000000000000000e+03,1.872346024299806118e+02
2.609000000000000000e+03,1.872789496438122114e+02
2.610000000000000000e+03,1.870590335748016457e+02
2.611000000000000000e+03,1.872943570563756452e+02
2.612000000000000000e+03,1.871854061165075507e+02
2.613000000000000000e+03,1.874069224633677777e+02
2.614000000000000000e+03,1.871605751340336781e+02
2.615000000000000000e+03,1.871286377166125305e+02
2.616000000000000000e+03,1.871321439731501357e+02
2.617000000000000000e+03,1.872925546037712365e+02
2.618000000000000000e+03,1.871276851580082905e+02
2.619000000000000000e+03,1.870794808431695913e+02
2.620000000000000000e+03,1.870126811817430621e+02
2.621000000000000000e+03,1.872956609538143198e+02
2.622000000000000000e+03,1.875420029830304998e+02
2.623000000000000000e+03,1.875186691786595929e+02
2.624000000000000000e+03,1.873875418043118657e+02
2.625000000000000000e+03,1.873260979968322602e+02
2.626000000000000000e+03,1.874130118340795832e+02
2.627000000000000000e+03,1.873967539759305510e+02
2.628000000000000000e+03,1.873773871803586815e+02
2.629000000000000000e+03,1.874115775751942863e+02
2.630000000000000000e+03,1.873390521047426489e+02
2.631000000000000000e+03,1.874736261311728072e+02
2.632000000000000000e+03,1.877513096970279491e+02
2.633000000000000000e+03,1.873670107663697024e+02
2.634000000000000000e+03,1.874334964042963350e+02
2.635000000000000000e+03,1.873603366256519678e+02
2.636000000000000000e+03,1.874059286245636429e+02
2.637000000000000000e+03,1.875160706115511005e+02
2.638000000000000000e+03,1.873524498354239540e+02
2.639000000000000000e+03,1.871915634698309248e+02
2.640000000000000000e+03,1.871694140953599970e+02
2.641000000000000000e+03,1.871106457496459825e+02
2.642000000000000000e+03,1.870944359214983308e+02
2.643000000000000000e+03,1.873898450303240963e+02
2.644000000000000000e+03,1.872746141449840422e+02
2.645000000000000000e+03,1.871869258195880263e+02
2.646000000000000000e+03,1.871601548635934762e+02
2.647000000000000000e+03,1.873176432905007402e+02
2.648000000000000000e+03,1.873108241151039692e+02
2.649000000000000000e+03,1.871944991957982154e+02
2.650000000000000000e+03,1.871294454874557971e+02
2.651000000000000000e+03,1.873861339608393450e+02
2.652000000000000000e+03,1.870521329831091748e+02
2.653000000000000000e+03,1.871041669958226521e+02
2.654000000000000000e+03,1.871511369026694354e+02
2.655000000000000000e+03,1.869963040001738648e+02
2.656000000000000000e+03,1.868617135165589502e+02
2.657000000000000000e+03,1.869884849025859808e+02
2.658000000000000000e+03,1.870776210573232561e+02
2.659000000000000000e+03,1.867898271394531946e+02
2.660000000000000000e+03,1.869957387429215885e+02
2.661000000000000000e+03,1.869742584299739008e+02
2.662000000000000000e+03,1.870804845560511751e+02
2.663000000000000000e+03,1.871055377014788803e+02
2.664000000000000000e+03,1.871056647947579847e+02
2.665000000000000000e+03,1.870482007439624965e+02
2.666000000000000000e+03,1.869332698725433488e+02
2.667000000000000000e+03,1.869590541306526461e+02
2.668000000000000000e+03,1.869692347397612480e+02
2.669000000000000000e+03,1.870941600865416774e+02
2.670000000000000000e+03,1.870924796260457867e+02
2.671000000000000000e+03,1.868629835876089089e+02
2.672000000000000000e+03,1.869177350292240476e+02
2.673000000000000000e+03,1.869181603481623597e+02
2.674000000000000000e+03,1.871108937076930374e+02
2.675000000000000000e+03,1.869469192359753436e+02
2.676000000000000000e+03,1.869645354840684490e+02
2.677000000000000000e+03,1.868727025490007634e+02
2.678000000000000000e+03,1.870108319067644516e+02
2.679000000000000000e+03,1.870629651052292388e+02
2.680000000000000000e+03,1.870699031185187664e+02
2.681000000000000000e+03,1.871471214608369280e+02
2.682000000000000000e+03,1.869627744998622347e+02
2.683000000000000000e+03,1.867302412849688267e+02
2.684000000000000000e+03,1.870604184390150522e+02
2.685000000000000000e+03,1.871152022441307565e+02
2.686000000000000000e+03,1.869428685647848738e+02
2.687000000000000000e+03,1.869285080832763697e+02
2.688000000000000000e+03,1.869100851780375478e+02
2.689000000000000000e+03,1.869489386763664243e+02
2.690000000000000000e+03,1.870403257027261645e+02
2.691000000000000000e+03,1.870078026347417790e+02
2.692000000000000000e+03,1.868864156033259007e+02
2.693000000000000000e+03,1.869042639714327834e+02
2.694000000000000000e+03,1.870933422935299575e+02
2.695000000000000000e+03,1.870250526871070065e+02
2.696000000000000000e+03,1.870599677989575866e+02
2.697000000000000000e+03,1.869584196244683483e+02
2.698000000000000000e+03,1.867843861443264473e+02
2.699000000000000000e+03,1.869252047879786005e+02
2.700000000000000000e+03,1.872118111668575295e+02
2.701000000000000000e+03,1.870149495524925101e+02
2.702000000000000000e+03,1.870789829195872187e+02
2.703000000000000000e+03,1.870088763838800503e+02
2.704000000000000000e+03,1.868024415167742802e+02
2.705000000000000000e+03,1.870397304209366212e+02
2.706000000000000000e+03,1.870818112854769026e+02
2.707000000000000000e+03,1.870764461381438082e+02
2.708000000000000000e+03,1.867999296023513693e+02
2.709000000000000000e+03,1.871044225232952556e+02
2.710000000000000000e+03,1.870474541214763349e+02
2.711000000000000000e+03,1.869981204962486174e+02
2.712000000000000000e+03,1.870583841909383125e+02
2.713000000000000000e+03,1.868991274859101566e+02
2.714000000000000000e+03,1.869624825562663091e+02
2.715000000000000000e+03,1.870301532877611237e+02
2.716000000000000000e+03,1.870778058388674197e+02
2.717000000000000000e+03,1.870442728837807920e+02
2.718000000000000000e+03,1.870247268572837527e+02
2.719000000000000000e+03,1.869499982935243452e+02
2.720000000000000000e+03,1.869575464026535201e+02
2.721000000000000000e+03,1.871268076845968835e+02
2.722000000000000000e+03,1.870324693349358824e+02
2.723000000000000000e+03,1.870750864937435551e+02
2.724000000000000000e+03,1.868689699948846510e+02
2.725000000000000000e+03,1.868769472239173979e+02
2.726000000000000000e+03,1.870678684287397004e+02
2.727000000000000000e+03,1.870770649892850770e+02
2.728000000000000000e+03,1.870334065481796131e+02
2.729000000000000000e+03,1.869994637828071973e+02
2.730000000000000000e+03,1.871424960515553266e+02
2.731000000000000000e+03,1.870048845505943405e+02
2.732000000000000000e+03,1.871726709158757274e+02
2.733000000000000000e+03,1.871541908331520006e+02
2.734000000000000000e+03,1.869491238588030626e+02
2.735000000000000000e+03,1.868342628304079369e+02
2.736000000000000000e+03,1.870117968084547613e+02
2.737000000000000000e+03,1.871566197956556152e+02
2.738000000000000000e+03,1.870307075753773063e+02
2.739000000000000000e+03,1.869432855062477472e+02
2.740000000000000000e+03,1.868267858895763709e+02
2.741000000000000000e+03,1.869792072492877537e+02
2.742000000000000000e+03,1.871039022927935491e+02
2.743000000000000000e+03,1.871141384765486180e+02
2.744000000000000000e+03,1.869654385335522591e+02
2.745000000000000000e+03,1.868906023099649758e+02
2.746000000000000000e+03,1.869373163129666295e+02
2.747000000000000000e+03,1.868817882187503869e+02
2.748000000000000000e+03,1.869523552757038942e+02
2.749000000000000000e+03,1.869517450990833822e+02
2.750000000000000000e+03,1.868117555963239056e+02
2.751000000000000000e+03,1.870199280534019408e+02
2.752000000000000000e+03,1.867705230101216785e+02
2.753000000000000000e+03,1.869473358271304733e+02
2.754000000000000000e+03,1.870381577534315340e+02
2.755000000000000000e+03,1.867031792171711402e+02
2.756000000000000000e+03,1.866733360066656076e+02
2.757000000000000000e+03,1.867981733462971761e+02
2.758000000000000000e+03,1.868790975861790855e+02
2.759000000000000000e+03,1.869979502848150617e+02
2.760000000000000000e+03,1.868951293424299251e+02
2.761000000000000000e+03,1.867292879589084293e+02
2.762000000000000000e+03,1.869805718664545680e+02
2.763000000000000000e+03,1.868767365255560264e+02
2.764000000000000000e+03,1.871380676495105888e+02
2.765000000000000000e+03,1.868996347474441393e+02
2.766000000000000000e+03,1.866572394630697147e+02
2.767000000000000000e+03,1.868195332900124583e+02
2.768000000000000000e+03,1.866829547640807903e+02
2.769000000000000000e+03,1.866898961531400971e+02
2.770000000000000000e+03,1.867830991897265847e+02
2.771000000000000000e+03,1.865555336837577158e+02
2.772000000000000000e+03,1.865903116801029853e+02
2.773000000000000000e+03,1.866168309925400308e+02
2.774000000000000000e+03,1.867268782773062981e+02
2.775000000000000000e+03,1.866873686369465020e+02
2.776000000000000000e+03,1.866789027512075734e+02
2.777000000000000000e+03,1.866181178990123897e+02
2.778000000000000000e+03,1.866567357555508124e+02
2.779000000000000000e+03,1.864606701966413880e+02
2.780000000000000000e+03,1.868614265869436224e+02
2.781000000000000000e+03,1.866592751750994523e+02
2.782000000000000000e+03,1.866889402315463258e+02
2.783000000000000000e+03,1.867757809799371955e+02
2.784000000000000000e+03,1.866852022112432792e+02
2.785000000000000000e+03,1.868911039127477238e+02
2.786000000000000000e+03,1.870341643781233074e+02
2.787000000000000000e+03,1.866574685317069964e+02
2.788000000000000000e+03,1.866039129044101514e+02
2.789000000000000000e+03,1.868128011007128464e+02
2.790000000000000000e+03,1.866247754351586821e+02
2.791000000000000000e+03,1.864342703095574052e+02
2.792000000000000000e+03,1.865062342161407400e+02
2.793000000000000000e+03,1.864409973944222543e+02
2.794000000000000000e+03,1.865372905310872795e+02
2.795000000000000000e+03,1.867413530899784462e+02
2.796000000000000000e+03,1.864252097321904387e+02
2.797000000000000000e+03,1.862986913746605353e+02
2.798000000000000000e+03,1.866532963951939053e+02
2.799000000000000000e+03,1.867969632783518250e+02
2.800000000000000000e+03,1.868398230167143481e+02
2.801000000000000000e+03,1.867897393138416078e+02
2.802000000000000000e+03,1.867071191398447638e+02
2.803000000000000000e+03,1.865497620904779978e+02
2.804000000000000000e+03,1.867043977017962391e+02
2.805000000000000000e+03,1.868628886359456942e+02
2.806000000000000000e+03,1.868174690703102669e+02
2.807000000000000000e+03,1.868142524402875040e+02
2.808000000000000000e+03,1.866299737668176135e+02
2.809000000000000000e+03,1.866113298436811192e+02
2.810000000000000000e+03,1.869144686828077795e+02
2.811000000000000000e+03,1.869029749712830721e+02
2.812000000000000000e+03,1.867526517865375411e+02
2.813000000000000000e+03,1.866007626080961472e+02
2.814000000000000000e+03,1.866626504000271325e+02
2.815000000000000000e+03,1.866235503431108498e+02
2.816000000000000000e+03,1.868152380235060832e+02
2.817000000000000000e+03,1.867890125645327544e+02
2.818000000000000000e+03,1.866283757954568046e+02
2.819000000000000000e+03,1.863938328621588880e+02
