0.000000000000000000e+00,-1.139351568365736966e+03
1.000000000000000000e+00,1.050370836831152399e+00
2.000000000000000000e+00,1.187440498993230564e+00
3.000000000000000000e+00,-5.755597752286423230e-02
4.000000000000000000e+00,4.233629691459794842e-02
5.000000000000000000e+00,2.037312035072949556e-01
6.000000000000000000e+00,2.984304697733358158e-01
7.000000000000000000e+00,3.088425267649250738e-01
8.000000000000000000e+00,1.342591417367848261e-01
9.000000000000000000e+00,3.167217699445598056e-01
1.000000000000000000e+01,4.175013718076076019e-01
1.100000000000000000e+01,4.435870139186273153e-01
1.200000000000000000e+01,3.230942000663722391e-01
1.300000000000000000e+01,2.007926323711823613e-01
1.400000000000000000e+01,4.231448850540687756e-01
1.500000000000000000e+01,5.706915900932966190e-01
1.600000000000000000e+01,4.835014098432999230e-01
1.700000000000000000e+01,2.385888464678864729e-01
1.800000000000000000e+01,2.940004634914854531e-01
1.900000000000000000e+01,4.657357708501298488e-01
2.000000000000000000e+01,4.936375035986918514e-01
2.100000000000000000e+01,3.964115192808271293e-01
2.200000000000000000e+01,3.450948206517283623e-01
2.300000000000000000e+01,4.381001368810720775e-01
2.400000000000000000e+01,4.646705889058788674e-01
2.500000000000000000e+01,3.578804339021564584e-01
2.600000000000000000e+01,2.441021770503559729e-01
2.700000000000000000e+01,3.736236069112892633e-01
2.800000000000000000e+01,3.607205877041680386e-01
2.900000000000000000e+01,4.454060008095097611e-01
3.000000000000000000e+01,7.552529468499951104e-01
3.100000000000000000e+01,2.584380431818860124e-01
3.200000000000000000e+01,3.362705659447339235e-01
3.300000000000000000e+01,9.574971194998621593e-02
3.400000000000000000e+01,1.555221839981458243e-01
3.500000000000000000e+01,1.596733360131879498e-01
3.600000000000000000e+01,1.032759660654844897e-01
3.700000000000000000e+01,1.606548622959299844e-01
3.800000000000000000e+01,3.122232512445021757e-01
3.900000000000000000e+01,3.230921413532038960e-02
4.000000000000000000e+01,-1.291025024935756882e-01
4.100000000000000000e+01,1.442604522464156075e-02
4.200000000000000000e+01,2.343337225535762069e-01
4.300000000000000000e+01,1.868418087590776600e-01
4.400000000000000000e+01,-2.557000503705891825e-02
4.500000000000000000e+01,1.699552014473572903e-01
4.600000000000000000e+01,-8.038505618326424740e-02
4.700000000000000000e+01,9.862627313274668905e-02
4.800000000000000000e+01,9.703501164937380907e-02
4.900000000000000000e+01,-1.563609745090959458e-01
5.000000000000000000e+01,-3.221067925702216783e-01
5.100000000000000000e+01,1.082360684773770038e-01
5.200000000000000000e+01,8.931072238890548631e-02
5.300000000000000000e+01,3.199779638158543188e-02
5.400000000000000000e+01,-1.386518863532494317e-01
5.500000000000000000e+01,7.156245957528499513e-02
5.600000000000000000e+01,-7.348840819511981426e-03
5.700000000000000000e+01,1.283510368419247538e-01
5.800000000000000000e+01,-1.701356821855519452e-02
5.900000000000000000e+01,-6.610566500404357893e-02
6.000000000000000000e+01,7.520066849975337586e-02
6.100000000000000000e+01,7.315954215611028544e-02
6.200000000000000000e+01,-5.522485379373506809e-02
6.300000000000000000e+01,-1.347462915865918764e-01
6.400000000000000000e+01,1.653165577015374699e-01
6.500000000000000000e+01,1.510381414444102177e-01
6.600000000000000000e+01,8.857243705414635793e-02
6.700000000000000000e+01,-3.495770704280920516e-01
6.800000000000000000e+01,-1.281661459218774446e-01
6.900000000000000000e+01,4.139382985220726313e-02
7.000000000000000000e+01,4.018391819364226097e-02
7.100000000000000000e+01,-1.941720387562465011e-02
7.200000000000000000e+01,-1.608317138062662077e-02
7.300000000000000000e+01,-3.260120657287574747e-02
7.400000000000000000e+01,4.409095797574066194e-02
7.500000000000000000e+01,8.106430661847530139e-02
7.600000000000000000e+01,3.073092961692754782e-02
7.700000000000000000e+01,-1.781249325006348250e-01
7.800000000000000000e+01,1.116999873260073606e-01
7.900000000000000000e+01,1.192604442496044970e-01
8.000000000000000000e+01,-5.736934783776561492e-02
8.100000000000000000e+01,1.913912788460789272e-01
8.200000000000000000e+01,-1.137510748703756264e-01
8.300000000000000000e+01,4.130261936989295529e-02
8.400000000000000000e+01,1.881581869914695365e-02
8.500000000000000000e+01,-4.449576031586260222e-02
8.600000000000000000e+01,-7.302380888033521700e-02
8.700000000000000000e+01,6.743973126036274628e-03
8.800000000000000000e+01,1.267881363030809450e-01
8.900000000000000000e+01,-7.971647078244718104e-03
9.000000000000000000e+01,-1.584434437307841448e-01
9.100000000000000000e+01,1.139005877171821723e-01
9.200000000000000000e+01,1.454440434844330721e-01
9.300000000000000000e+01,1.098294630123428511e-01
9.400000000000000000e+01,-8.078699644414910619e-02
9.500000000000000000e+01,-2.901176577745592788e-02
9.600000000000000000e+01,1.776857006597054936e-02
9.700000000000000000e+01,-4.144192299997198625e-03
9.800000000000000000e+01,8.081457509504323677e-02
9.900000000000000000e+01,-1.636190178191901934e-01
1.000000000000000000e+02,-9.538587390487496265e-02
1.010000000000000000e+02,3.762220221461347325e-02
1.020000000000000000e+02,-6.873266766845277653e-02
1.030000000000000000e+02,6.139329067752531677e-03
1.040000000000000000e+02,-1.267008167886501391e-01
1.050000000000000000e+02,-3.449532206824246910e-02
1.060000000000000000e+02,1.720402395284093000e-01
1.070000000000000000e+02,2.446867651845809760e-02
1.080000000000000000e+02,-1.319075622546697080e-01
1.090000000000000000e+02,-4.655346940159246771e-03
1.100000000000000000e+02,1.597895155318686811e-01
1.110000000000000000e+02,2.453329824573468806e-02
1.120000000000000000e+02,-5.772346446893678994e-04
1.130000000000000000e+02,-9.289793522017050775e-02
1.140000000000000000e+02,-1.193420780651337360e-01
1.150000000000000000e+02,1.371896550402553483e-01
1.160000000000000000e+02,7.459492229682847253e-02
1.170000000000000000e+02,-1.350656421363854720e-01
1.180000000000000000e+02,-6.954588076608703151e-02
1.190000000000000000e+02,2.546864876788616089e-02
1.200000000000000000e+02,7.349156994342834204e-02
1.210000000000000000e+02,-1.473421749510183676e-01
1.220000000000000000e+02,-8.727626501732392572e-02
1.230000000000000000e+02,1.001527570338504175e-02
1.240000000000000000e+02,1.662543218211598450e-01
1.250000000000000000e+02,1.288995211779699890e-01
1.260000000000000000e+02,-2.917599498981401362e-01
1.270000000000000000e+02,-1.666839426458660567e-01
1.280000000000000000e+02,4.241535616688374248e-03
1.290000000000000000e+02,1.624431708354817927e-01
1.300000000000000000e+02,-5.900851546647952091e-03
1.310000000000000000e+02,-1.567130687227269725e-01
1.320000000000000000e+02,-8.604004059044906283e-02
1.330000000000000000e+02,1.275098208360260499e-01
1.340000000000000000e+02,1.265165795527620485e-01
1.350000000000000000e+02,-1.000472727586269872e-01
1.360000000000000000e+02,-1.494358180851846907e-01
1.370000000000000000e+02,2.320498899207270455e-02
1.380000000000000000e+02,1.388774322640956849e-01
1.390000000000000000e+02,-4.434936696189978496e-03
1.400000000000000000e+02,-3.910594904061180377e-01
1.410000000000000000e+02,2.637817848070005411e-01
1.420000000000000000e+02,6.866620737099525529e-02
1.430000000000000000e+02,2.491310140373404619e-02
1.440000000000000000e+02,-9.554287215801771094e-02
1.450000000000000000e+02,-2.662355057666127012e-01
1.460000000000000000e+02,-1.984904153133665999e-02
1.470000000000000000e+02,8.732081978018810253e-02
1.480000000000000000e+02,4.981416249259605633e-02
1.490000000000000000e+02,-5.576229967583513913e-02
1.500000000000000000e+02,2.225311528631146452e-03
1.510000000000000000e+02,-2.992253384080532930e-02
1.520000000000000000e+02,9.352105636259457067e-02
1.530000000000000000e+02,-1.381050368026402915e-02
1.540000000000000000e+02,-7.705726548184727021e-02
1.550000000000000000e+02,-1.335255778567999430e-01
1.560000000000000000e+02,1.230771598382859877e-01
1.570000000000000000e+02,-5.314729099205602048e-02
1.580000000000000000e+02,-5.167250846030529976e-02
1.590000000000000000e+02,-1.453633338847994394e-01
1.600000000000000000e+02,-2.176500995229627700e-01
1.610000000000000000e+02,1.441977749421791966e-01
1.620000000000000000e+02,-1.206047851366453816e-01
1.630000000000000000e+02,-1.311832273250064795e-01
1.640000000000000000e+02,1.217699946576193681e-02
1.650000000000000000e+02,8.562456277695870699e-02
1.660000000000000000e+02,7.295697367722543680e-03
1.670000000000000000e+02,-3.939031072818848650e-02
1.680000000000000000e+02,-1.694468168245019946e-01
1.690000000000000000e+02,-3.433456174243509906e-03
1.700000000000000000e+02,1.080306471074813091e-01
1.710000000000000000e+02,-9.041285677206026272e-02
1.720000000000000000e+02,-3.068612927770711374e-02
1.730000000000000000e+02,-1.322792870559720835e-01
1.740000000000000000e+02,-9.515344564036609665e-02
1.750000000000000000e+02,-3.095590058840388403e-01
1.760000000000000000e+02,-3.027431090285419013e-01
1.770000000000000000e+02,-3.432665961484482331e-01
1.780000000000000000e+02,-1.755757610469054208e-01
1.790000000000000000e+02,-1.569673901216560308e-01
1.800000000000000000e+02,-1.275328897245098791e-01
1.810000000000000000e+02,-3.413064977264369526e-01
1.820000000000000000e+02,-3.066832156882243754e-01
1.830000000000000000e+02,-1.084393252539275487e-01
1.840000000000000000e+02,-8.813404036471461644e-02
1.850000000000000000e+02,-4.123128767494035340e-01
1.860000000000000000e+02,-2.982772509590775334e-01
1.870000000000000000e+02,-2.189718780437642509e-01
1.880000000000000000e+02,-9.164597889677325582e-02
1.890000000000000000e+02,-1.148491877436429165e-01
1.900000000000000000e+02,-3.309624842834080205e-01
1.910000000000000000e+02,-2.932762811896840738e-01
1.920000000000000000e+02,-1.243482780672572063e-01
1.930000000000000000e+02,-1.757732566943391861e-01
1.940000000000000000e+02,-2.221998384038054164e-01
1.950000000000000000e+02,-2.321547030401907574e-01
1.960000000000000000e+02,-1.152909430200957930e-01
1.970000000000000000e+02,5.909669004829781747e-02
1.980000000000000000e+02,-7.556931105204001131e-02
1.990000000000000000e+02,-2.810275273436984023e-01
2.000000000000000000e+02,-1.886709378506402079e-01
2.010000000000000000e+02,-1.706359690797390471e-01
2.020000000000000000e+02,6.051818699106029098e-02
2.030000000000000000e+02,-1.429666110019328640e-02
2.040000000000000000e+02,-4.739058019560773993e-03
2.050000000000000000e+02,3.523898898539061797e-01
2.060000000000000000e+02,2.087431403517389095e-01
2.070000000000000000e+02,1.418145059671101216e-01
2.080000000000000000e+02,2.519735095526602631e-02
2.090000000000000000e+02,9.308490018386565701e-02
2.100000000000000000e+02,1.217779023296169383e-01
2.110000000000000000e+02,1.916458823936950662e-01
2.120000000000000000e+02,9.240445161971998222e-02
2.130000000000000000e+02,1.149997566806206101e-01
2.140000000000000000e+02,8.362861380812472434e-02
2.150000000000000000e+02,1.970466699711479475e-01
2.160000000000000000e+02,1.614204836968588519e-01
2.170000000000000000e+02,1.056140762843256198e-01
2.180000000000000000e+02,1.173010281384050113e-02
2.190000000000000000e+02,2.561279569728809880e-01
2.200000000000000000e+02,1.486788442124589438e-01
2.210000000000000000e+02,-3.314367534776335722e-02
2.220000000000000000e+02,-1.047564679373008678e-01
2.230000000000000000e+02,1.186126134523610154e-01
2.240000000000000000e+02,2.054747952092937924e-01
2.250000000000000000e+02,3.083529261970301416e-01
2.260000000000000000e+02,-5.647972268623175501e-02
2.270000000000000000e+02,-1.227708774507927370e-01
2.280000000000000000e+02,7.062799849170721400e-02
2.290000000000000000e+02,6.362605658320429070e-02
2.300000000000000000e+02,-2.363537256796691965e-01
2.310000000000000000e+02,-3.523592637685127316e-01
2.320000000000000000e+02,-3.240300522231469582e-01
2.330000000000000000e+02,-2.477195448728798932e-01
2.340000000000000000e+02,-2.893743771733863213e-01
2.350000000000000000e+02,-2.197306332835474163e-01
2.360000000000000000e+02,-3.376650154540190574e-01
2.370000000000000000e+02,-2.120272937380863754e-01
2.380000000000000000e+02,-3.078135214053508845e-02
2.390000000000000000e+02,-1.536125136482691111e-01
2.400000000000000000e+02,-4.564560415765976931e-01
2.410000000000000000e+02,-2.922438013113730082e-01
2.420000000000000000e+02,2.654363908712351755e-02
2.430000000000000000e+02,-1.943448786677087758e-01
2.440000000000000000e+02,-2.181976015403961910e-01
2.450000000000000000e+02,-2.134724558132470307e-01
2.460000000000000000e+02,-2.145975413086055883e-01
2.470000000000000000e+02,-2.586597686186029033e-01
2.480000000000000000e+02,-7.046815825646873810e-02
2.490000000000000000e+02,-4.625585870082986606e-01
2.500000000000000000e+02,1.713087295350024936e-02
2.510000000000000000e+02,-2.256351665279444640e-01
2.520000000000000000e+02,4.295363111899797720e-02
2.530000000000000000e+02,-2.568078970571977537e-01
2.540000000000000000e+02,-3.432011002137057010e-01
2.550000000000000000e+02,-1.812037192144669850e-01
2.560000000000000000e+02,-2.416715152741645278e-01
2.570000000000000000e+02,-2.662185013649444043e-01
2.580000000000000000e+02,-4.067560088448209932e-01
2.590000000000000000e+02,-2.284390871911132770e-01
2.600000000000000000e+02,9.735101376073600210e-02
2.610000000000000000e+02,1.178012981773269713e-01
2.620000000000000000e+02,8.645156219986703527e-02
2.630000000000000000e+02,-1.422354528491170111e-01
2.640000000000000000e+02,-5.425975674209453370e-01
2.650000000000000000e+02,3.689893198603284852e-02
2.660000000000000000e+02,1.386494456964645905e-02
2.670000000000000000e+02,-1.467644598509204312e-01
2.680000000000000000e+02,-1.183805602405487295e-01
2.690000000000000000e+02,-1.062348542680741359e-01
2.700000000000000000e+02,1.671069924568261977e-01
2.710000000000000000e+02,-1.879775135878472558e-01
2.720000000000000000e+02,-1.039476750531098392e-01
2.730000000000000000e+02,-8.824294428752484098e-02
2.740000000000000000e+02,-7.289125622030194485e-02
2.750000000000000000e+02,-3.521787295539464679e-01
2.760000000000000000e+02,-2.696732596532976367e-01
2.770000000000000000e+02,-1.038821432650327836e-01
2.780000000000000000e+02,-1.225931402907452783e-02
2.790000000000000000e+02,-1.170206414566947323e-01
2.800000000000000000e+02,1.734862309743844810e-01
2.810000000000000000e+02,-4.456630042423627147e-01
2.820000000000000000e+02,1.262345821880409003e-01
2.830000000000000000e+02,6.695964313938057577e-02
2.840000000000000000e+02,-1.532882406343502868e-01
2.850000000000000000e+02,-3.978053509605648519e-01
2.860000000000000000e+02,-3.784659187919606205e-01
2.870000000000000000e+02,-9.659803564773966622e-02
2.880000000000000000e+02,-1.083342578736565948e-01
2.890000000000000000e+02,4.467487908617125136e-02
2.900000000000000000e+02,-3.182232322671416647e-01
2.910000000000000000e+02,-3.099648778915552183e-02
2.920000000000000000e+02,-1.383240051060314890e-01
2.930000000000000000e+02,-1.052856241998621767e-02
2.940000000000000000e+02,6.748519285225226816e-03
2.950000000000000000e+02,-5.056710235755217109e-02
2.960000000000000000e+02,-3.024405558919370240e-01
2.970000000000000000e+02,-1.637606947888337605e-01
2.980000000000000000e+02,-2.124404735208215433e-01
2.990000000000000000e+02,-4.586444428167236742e-01
3.000000000000000000e+02,-1.448871409182747594e-01
3.010000000000000000e+02,-2.466800068578207661e-01
3.020000000000000000e+02,3.299969489824215729e-02
3.030000000000000000e+02,-1.904073153268066587e-01
3.040000000000000000e+02,-5.162940881900485168e-01
3.050000000000000000e+02,-5.529756091378233707e-02
3.060000000000000000e+02,-2.330541809621716753e-02
3.070000000000000000e+02,8.044754625520574021e-02
3.080000000000000000e+02,-3.556602615522272415e-02
3.090000000000000000e+02,4.156726069841678584e-01
3.100000000000000000e+02,-1.766791812656044736e-02
3.110000000000000000e+02,-2.493594676643710872e-02
3.120000000000000000e+02,4.834200749122465057e-02
3.130000000000000000e+02,-2.000782136673912581e-01
3.140000000000000000e+02,2.199294248018958675e-01
3.150000000000000000e+02,6.227671719471021550e-02
3.160000000000000000e+02,-5.880931354606201006e-02
3.170000000000000000e+02,1.927947765607936903e-01
3.180000000000000000e+02,-2.701412557764553690e-01
3.190000000000000000e+02,2.328281990084053177e-01
3.200000000000000000e+02,-3.357621091935296398e-02
3.210000000000000000e+02,-6.583669480401156682e-03
3.220000000000000000e+02,7.583047706443578340e-02
3.230000000000000000e+02,6.771047681474606783e-02
3.240000000000000000e+02,6.344447863929812692e-02
3.250000000000000000e+02,-2.614629751891171527e-01
3.260000000000000000e+02,3.264785815480171216e-01
3.270000000000000000e+02,9.533285875338859405e-02
3.280000000000000000e+02,-6.194560331685458610e-02
3.290000000000000000e+02,6.490591760176929459e-02
3.300000000000000000e+02,1.139583133117330338e-01
3.310000000000000000e+02,1.570373259083138184e-01
3.320000000000000000e+02,-8.836048174009571154e-02
3.330000000000000000e+02,2.191435811166473069e-01
3.340000000000000000e+02,7.622861348479793853e-02
3.350000000000000000e+02,1.446119018570943271e-01
3.360000000000000000e+02,5.541459751258494271e-02
3.370000000000000000e+02,1.160465450782838664e-01
3.380000000000000000e+02,1.284890175577062255e-02
3.390000000000000000e+02,1.980326214377403637e-01
3.400000000000000000e+02,1.906070305957996980e-01
3.410000000000000000e+02,1.633519882529594069e-01
3.420000000000000000e+02,7.294130186103102431e-02
3.430000000000000000e+02,2.713622994222141260e-01
3.440000000000000000e+02,1.939931629147113590e-01
3.450000000000000000e+02,2.000040199898469595e-01
3.460000000000000000e+02,2.151713087211982733e-01
3.470000000000000000e+02,5.123119816049334085e-01
3.480000000000000000e+02,4.502546227957088254e-01
3.490000000000000000e+02,1.981170292113563769e-01
3.500000000000000000e+02,7.190793357393381047e-02
3.510000000000000000e+02,5.245929449135798839e-01
3.520000000000000000e+02,3.258759970779091519e-01
3.530000000000000000e+02,5.633776967987737250e-02
3.540000000000000000e+02,3.306663520300753834e-02
3.550000000000000000e+02,8.587702480509193381e-02
3.560000000000000000e+02,3.635150107781129902e-01
3.570000000000000000e+02,4.375282245814181570e-01
3.580000000000000000e+02,-3.648744054371999002e-01
3.590000000000000000e+02,9.897975772368114433e-02
3.600000000000000000e+02,1.689430994356369842e-01
3.610000000000000000e+02,1.208448427319380458e-01
3.620000000000000000e+02,3.891534366479046381e-02
3.630000000000000000e+02,1.130448262778341595e-01
3.640000000000000000e+02,1.887431621768298207e-01
3.650000000000000000e+02,3.300808937034518387e-01
3.660000000000000000e+02,1.037902498462036915e-01
3.670000000000000000e+02,1.687296797349007449e-01
3.680000000000000000e+02,6.317261441382560072e-04
3.690000000000000000e+02,8.180273953342291626e-02
3.700000000000000000e+02,2.871416486095655918e-01
3.710000000000000000e+02,4.287034496346120993e-01
3.720000000000000000e+02,3.989731453052057508e-02
3.730000000000000000e+02,1.430491411462368190e-01
3.740000000000000000e+02,1.380896309069445105e-01
3.750000000000000000e+02,-1.077808452935120481e-01
3.760000000000000000e+02,9.133780179580694436e-02
3.770000000000000000e+02,-2.423727014673201507e-01
3.780000000000000000e+02,6.615958795006750270e-02
3.790000000000000000e+02,-3.869722760899894920e-02
3.800000000000000000e+02,-5.322775966230773592e-02
3.810000000000000000e+02,-1.327365504503164040e-01
3.820000000000000000e+02,-1.322621228198864740e-01
3.830000000000000000e+02,-1.036068784890101929e-01
3.840000000000000000e+02,1.928348636964533624e-01
3.850000000000000000e+02,-3.074793621220866524e-01
3.860000000000000000e+02,-1.000096762575423404e-01
3.870000000000000000e+02,2.673890171897475021e-02
3.880000000000000000e+02,-1.717644635689609123e-01
3.890000000000000000e+02,-3.524255177243455495e-01
3.900000000000000000e+02,-1.323313996870841280e-01
3.910000000000000000e+02,-1.021143255581509479e-01
3.920000000000000000e+02,-1.228380750787356201e-01
3.930000000000000000e+02,-1.519130010719356161e-01
3.940000000000000000e+02,-2.251312586979032360e-01
3.950000000000000000e+02,-3.341632229419790323e-01
3.960000000000000000e+02,-2.195541400393599130e-01
3.970000000000000000e+02,-8.872558564010590842e-02
3.980000000000000000e+02,1.284006712324220478e-02
3.990000000000000000e+02,5.822908261152268117e-02
4.000000000000000000e+02,2.213313454118531753e-02
4.010000000000000000e+02,2.189696555250946752e-01
4.020000000000000000e+02,-4.189322182191479449e-03
4.030000000000000000e+02,-3.151277667887364409e-02
4.040000000000000000e+02,5.242231645449352273e-02
4.050000000000000000e+02,3.721922975968899872e-02
4.060000000000000000e+02,3.503915520638289927e-01
4.070000000000000000e+02,1.880834580973825831e-01
4.080000000000000000e+02,6.742947735614598925e-02
4.090000000000000000e+02,2.396372534261696080e-02
4.100000000000000000e+02,1.238708206063080242e-01
4.110000000000000000e+02,9.188010886361736018e-02
4.120000000000000000e+02,4.317156733203315194e-02
4.130000000000000000e+02,-2.915536384427960814e-01
4.140000000000000000e+02,2.114270611430006386e-01
4.150000000000000000e+02,2.642647945112745478e-01
4.160000000000000000e+02,3.832760332790118296e-01
4.170000000000000000e+02,7.295310513070378811e-01
4.180000000000000000e+02,3.499474216139034644e-01
4.190000000000000000e+02,7.772985335733970658e-01
4.200000000000000000e+02,8.402399784660972148e-01
4.210000000000000000e+02,8.138145149725524163e-01
4.220000000000000000e+02,3.916607204335829095e-01
4.230000000000000000e+02,5.171949551010603940e-01
4.240000000000000000e+02,7.841955774156421644e-01
4.250000000000000000e+02,7.870044422862849665e-01
4.260000000000000000e+02,6.117435543625383554e-01
4.270000000000000000e+02,5.219965362709388934e-01
4.280000000000000000e+02,8.962189109276315069e-01
4.290000000000000000e+02,5.280991091941061866e-01
4.300000000000000000e+02,3.745639824491137082e-01
4.310000000000000000e+02,1.248236022906402121e-01
4.320000000000000000e+02,2.181211042930901456e-01
4.330000000000000000e+02,5.571553464137729561e-01
4.340000000000000000e+02,5.366943682365395984e-01
4.350000000000000000e+02,3.870797625546980592e-01
4.360000000000000000e+02,1.342870757265375026e-01
4.370000000000000000e+02,1.395354454054778814e-01
4.380000000000000000e+02,4.803277684914989409e-01
4.390000000000000000e+02,2.803309727734875634e-01
4.400000000000000000e+02,2.013572446782879721e-01
4.410000000000000000e+02,2.597025405906253637e-01
4.420000000000000000e+02,2.486498865898173760e-01
4.430000000000000000e+02,2.522777754599280220e-01
4.440000000000000000e+02,2.571117796087342700e-01
4.450000000000000000e+02,1.833566910845670916e-01
4.460000000000000000e+02,5.021908583929352715e-02
4.470000000000000000e+02,4.451312136637744499e-01
4.480000000000000000e+02,1.185577526344895188e-01
4.490000000000000000e+02,2.168487443248895974e-01
4.500000000000000000e+02,4.295703764934460933e-02
4.510000000000000000e+02,2.109175477734612225e-01
4.520000000000000000e+02,2.563320487820888172e-01
4.530000000000000000e+02,-1.920527533240012907e-02
4.540000000000000000e+02,1.853012838648149807e-01
4.550000000000000000e+02,2.684678688219914178e-01
4.560000000000000000e+02,3.964983069779191571e-01
4.570000000000000000e+02,1.766192020487427350e-01
4.580000000000000000e+02,8.337709752834114585e-02
4.590000000000000000e+02,1.159932458929929383e-01
4.600000000000000000e+02,1.017391213103602116e-01
4.610000000000000000e+02,5.353727405257557859e-01
4.620000000000000000e+02,4.621293462292556248e-02
4.630000000000000000e+02,1.896866379898995425e-02
4.640000000000000000e+02,2.981698939553951155e-01
4.650000000000000000e+02,2.888865686646252540e-01
4.660000000000000000e+02,1.694282643191571958e-01
4.670000000000000000e+02,1.981559770962711409e-01
4.680000000000000000e+02,3.245217802560902698e-02
4.690000000000000000e+02,3.340187635106378616e-01
4.700000000000000000e+02,4.908655415357540686e-01
4.710000000000000000e+02,5.299007200726849609e-01
4.720000000000000000e+02,5.125382285574714425e-01
4.730000000000000000e+02,2.660110741679901913e-01
4.740000000000000000e+02,2.030226880168485015e-01
4.750000000000000000e+02,3.857151391093738835e-01
4.760000000000000000e+02,3.351204889582432012e-01
4.770000000000000000e+02,1.088212473025578636e-01
4.780000000000000000e+02,2.675586251146774841e-01
4.790000000000000000e+02,3.843458086261683504e-01
4.800000000000000000e+02,2.319922360457220278e-01
4.810000000000000000e+02,8.353690168260025084e-02
4.820000000000000000e+02,3.070661598402567027e-01
4.830000000000000000e+02,4.697317898168316685e-01
4.840000000000000000e+02,4.335173324432580744e-01
4.850000000000000000e+02,7.711843929468614744e-02
4.860000000000000000e+02,4.961619969629465499e-01
4.870000000000000000e+02,4.117681814694840181e-01
4.880000000000000000e+02,4.911486618149409344e-01
4.890000000000000000e+02,2.185733018137827610e-01
4.900000000000000000e+02,-3.047548257786256501e-02
4.910000000000000000e+02,3.014676431855131677e-01
4.920000000000000000e+02,1.579196254042168068e-01
4.930000000000000000e+02,2.613059895192750837e-01
4.940000000000000000e+02,8.184443264067509105e-01
4.950000000000000000e+02,5.069512952717931675e-01
4.960000000000000000e+02,3.648813639063952508e-01
4.970000000000000000e+02,1.065057627647350152e-01
4.980000000000000000e+02,5.587970532957672321e-01
4.990000000000000000e+02,7.613230726996346454e-02
5.000000000000000000e+02,3.123738612054389185e-01
5.010000000000000000e+02,2.036976798422246160e-01
5.020000000000000000e+02,1.277245935565038404e-01
5.030000000000000000e+02,1.520320465930197901e-02
5.040000000000000000e+02,1.352482172527417204e-01
5.050000000000000000e+02,3.816065638074692123e-01
5.060000000000000000e+02,2.425030737675695214e-01
5.070000000000000000e+02,4.303158508631118595e-01
5.080000000000000000e+02,6.924820009640535179e-02
5.090000000000000000e+02,3.513193522964454529e-01
5.100000000000000000e+02,3.802253669660490276e-01
5.110000000000000000e+02,6.000196329795511874e-01
5.120000000000000000e+02,-9.983612467891096742e-04
5.130000000000000000e+02,-1.337220504759553674e-02
5.140000000000000000e+02,-2.566680594480693842e-02
5.150000000000000000e+02,6.305095850666504464e-01
5.160000000000000000e+02,5.236119710279185657e-01
5.170000000000000000e+02,4.502266317153224562e-01
5.180000000000000000e+02,2.798942215511764919e-01
5.190000000000000000e+02,2.566085879138018111e-01
5.200000000000000000e+02,2.948163642293702980e-01
5.210000000000000000e+02,2.229028827738834817e-01
5.220000000000000000e+02,-4.121655716841225725e-02
5.230000000000000000e+02,3.147202818544515557e-01
5.240000000000000000e+02,2.312317437625956984e-01
5.250000000000000000e+02,9.377310410873525293e-02
5.260000000000000000e+02,6.209251539249470431e-02
5.270000000000000000e+02,-1.007171977473793334e-02
5.280000000000000000e+02,1.543962209099572491e-01
5.290000000000000000e+02,-1.278732007120826630e-02
5.300000000000000000e+02,1.650742956786337423e-01
5.310000000000000000e+02,-9.023354863509522317e-02
5.320000000000000000e+02,-6.978266446671847756e-02
5.330000000000000000e+02,3.051638700884549138e-01
5.340000000000000000e+02,3.298752685082182445e-01
5.350000000000000000e+02,8.592114376578442736e-02
5.360000000000000000e+02,6.218642839711212289e-02
5.370000000000000000e+02,4.482141524664622068e-02
5.380000000000000000e+02,1.090414487909142499e-01
5.390000000000000000e+02,1.441865764510172343e-01
5.400000000000000000e+02,1.016239814484267562e-01
5.410000000000000000e+02,-6.082160533448413564e-03
5.420000000000000000e+02,2.877199407210014881e-01
5.430000000000000000e+02,3.190570615594398585e-01
5.440000000000000000e+02,-6.431542503328960270e-02
5.450000000000000000e+02,-1.565715719206848822e-01
5.460000000000000000e+02,2.175610549992957332e-01
5.470000000000000000e+02,8.287228005217216198e-02
5.480000000000000000e+02,-7.231122141821208493e-02
5.490000000000000000e+02,2.566457596506625527e-01
5.500000000000000000e+02,2.310241643132467937e-01
5.510000000000000000e+02,3.284157751797857072e-01
5.520000000000000000e+02,4.234998300278814964e-01
5.530000000000000000e+02,3.996590324910700986e-02
5.540000000000000000e+02,-1.713322132064064307e-02
5.550000000000000000e+02,2.721809415072724003e-01
5.560000000000000000e+02,2.745019324784264692e-01
5.570000000000000000e+02,3.412726464703697005e-01
5.580000000000000000e+02,6.421021439124569019e-04
5.590000000000000000e+02,3.084145148541327930e-01
5.600000000000000000e+02,9.784190576874181311e-02
5.610000000000000000e+02,3.997774509844956858e-01
5.620000000000000000e+02,2.174884248645894691e-01
5.630000000000000000e+02,-1.079082325106395235e-04
5.640000000000000000e+02,2.220561948423231402e-01
5.650000000000000000e+02,1.627250413894907322e-01
5.660000000000000000e+02,2.918649966053806222e-01
5.670000000000000000e+02,3.460553073419557757e-01
5.680000000000000000e+02,4.450897371840469019e-02
5.690000000000000000e+02,6.796432483515483236e-01
5.700000000000000000e+02,5.755450711391125740e-01
5.710000000000000000e+02,6.035682652147776883e-01
5.720000000000000000e+02,2.737234998241729333e-01
5.730000000000000000e+02,2.914994233635560539e-01
5.740000000000000000e+02,5.274548823393604424e-01
5.750000000000000000e+02,6.672199878621999369e-01
5.760000000000000000e+02,4.068601343400577441e-01
5.770000000000000000e+02,2.955749782828995809e-01
5.780000000000000000e+02,6.171943235588939203e-01
5.790000000000000000e+02,5.376548409731610745e-01
5.800000000000000000e+02,8.972816338695513982e-01
5.810000000000000000e+02,5.202802962484449623e-01
5.820000000000000000e+02,4.692711901227269999e-01
5.830000000000000000e+02,7.625719035916181943e-01
5.840000000000000000e+02,9.082667779944758601e-01
5.850000000000000000e+02,5.816866956556088208e-01
5.860000000000000000e+02,3.995183951249985377e-01
5.870000000000000000e+02,4.994835960774600681e-01
5.880000000000000000e+02,7.482265964100102140e-01
5.890000000000000000e+02,8.492045315867201571e-01
5.900000000000000000e+02,2.902508312447985017e-01
5.910000000000000000e+02,3.059416038197435017e-01
5.920000000000000000e+02,5.380720160563119414e-01
5.930000000000000000e+02,6.961552444706167186e-01
5.940000000000000000e+02,6.884280900290865590e-01
5.950000000000000000e+02,4.164519407357734626e-01
5.960000000000000000e+02,8.195522691611648591e-01
5.970000000000000000e+02,9.607713917638212031e-01
5.980000000000000000e+02,8.166317953485869863e-01
5.990000000000000000e+02,5.033001682277664646e-01
6.000000000000000000e+02,2.456478947873035890e-01
6.010000000000000000e+02,4.639507925045089354e-01
6.020000000000000000e+02,4.182709113875260898e-01
6.030000000000000000e+02,1.650896335901737566e-01
6.040000000000000000e+02,3.980989858635685108e-01
6.050000000000000000e+02,4.064331034994799752e-01
6.060000000000000000e+02,7.134169031441687236e-01
6.070000000000000000e+02,2.376304553048878554e-01
6.080000000000000000e+02,2.064961747221382982e-01
6.090000000000000000e+02,2.476994381920662458e-01
6.100000000000000000e+02,3.885515730072835461e-01
6.110000000000000000e+02,3.661873781249586624e-01
6.120000000000000000e+02,4.421041840380985910e-01
6.130000000000000000e+02,3.320072082670006974e-01
6.140000000000000000e+02,2.265332935050750895e-01
6.150000000000000000e+02,5.017640286760467472e-01
6.160000000000000000e+02,4.776789342327318333e-01
6.170000000000000000e+02,3.584042778837309706e-01
6.180000000000000000e+02,4.161523955744810266e-01
6.190000000000000000e+02,3.301379047543120948e-01
6.200000000000000000e+02,4.589596165671000483e-01
6.210000000000000000e+02,3.234365322128966436e-01
6.220000000000000000e+02,4.220839764894334656e-01
6.230000000000000000e+02,4.711099657635118843e-01
6.240000000000000000e+02,3.814607111394335837e-01
6.250000000000000000e+02,7.681693643209606126e-01
6.260000000000000000e+02,2.228169014006195492e-01
6.270000000000000000e+02,-8.354455657789600087e-02
6.280000000000000000e+02,-1.242807507268319234e-01
6.290000000000000000e+02,1.727920895288515002e-02
6.300000000000000000e+02,-4.794383382401018467e-02
6.310000000000000000e+02,7.494521661006720015e-02
6.320000000000000000e+02,-1.489808784381321805e-02
6.330000000000000000e+02,1.706307246951005441e-01
6.340000000000000000e+02,3.742733630337181649e-01
6.350000000000000000e+02,2.725984838776334129e-01
6.360000000000000000e+02,5.294167495885232499e-02
6.370000000000000000e+02,5.016046402953022731e-02
6.380000000000000000e+02,1.810998618991829234e-01
6.390000000000000000e+02,2.944920193970514966e-01
6.400000000000000000e+02,1.230038633698382622e-01
6.410000000000000000e+02,-7.422928492402716683e-02
6.420000000000000000e+02,7.704183816372961457e-02
6.430000000000000000e+02,2.446990701152751413e-01
6.440000000000000000e+02,-2.656420973764761495e-02
6.450000000000000000e+02,-1.411612451828134218e-01
6.460000000000000000e+02,2.495890740612617398e-01
6.470000000000000000e+02,1.774786761450029560e-01
6.480000000000000000e+02,1.060425258854902353e-02
6.490000000000000000e+02,3.513175596259551225e-01
6.500000000000000000e+02,1.121281502053521617e-01
6.510000000000000000e+02,1.295255880382241154e-01
6.520000000000000000e+02,1.817179326482290525e-01
6.530000000000000000e+02,2.368352930228808662e-01
6.540000000000000000e+02,-3.820148609456175404e-03
6.550000000000000000e+02,5.862474725770372430e-02
6.560000000000000000e+02,-7.658045614911945798e-02
6.570000000000000000e+02,4.490304613935456879e-01
6.580000000000000000e+02,5.710949567298667651e-02
6.590000000000000000e+02,2.282422096415954171e-01
6.600000000000000000e+02,2.949828680048164897e-01
6.610000000000000000e+02,5.414023989583459651e-01
6.620000000000000000e+02,3.130061442270466454e-01
6.630000000000000000e+02,4.310957529420789136e-03
6.640000000000000000e+02,2.621421542365655610e-01
6.650000000000000000e+02,4.422913140848991898e-01
6.660000000000000000e+02,5.136406346613447971e-01
6.670000000000000000e+02,3.544118052099927696e-01
6.680000000000000000e+02,4.823972672756217661e-01
6.690000000000000000e+02,5.478311772624877563e-01
6.700000000000000000e+02,5.080800510191785246e-01
6.710000000000000000e+02,7.387330011111434835e-01
6.720000000000000000e+02,2.272414563426637946e-01
6.730000000000000000e+02,2.897302327605142391e-01
6.740000000000000000e+02,5.389421705850152566e-01
6.750000000000000000e+02,2.535966176317039356e-01
6.760000000000000000e+02,4.788695233945278185e-01
6.770000000000000000e+02,1.865195120617983149e-01
6.780000000000000000e+02,4.762543169086272954e-01
6.790000000000000000e+02,3.290848726106795352e-01
6.800000000000000000e+02,2.009563562346685095e-01
6.810000000000000000e+02,1.216222111258936228e-02
6.820000000000000000e+02,5.861785932986317560e-01
6.830000000000000000e+02,3.835668950386472709e-01
6.840000000000000000e+02,3.418498994752557918e-01
6.850000000000000000e+02,9.882391065867210389e-02
6.860000000000000000e+02,1.555252323004509551e-01
6.870000000000000000e+02,5.367156223640942025e-01
6.880000000000000000e+02,2.838372518244988152e-01
6.890000000000000000e+02,6.278529703855729727e-01
6.900000000000000000e+02,2.663842150066000336e-01
6.910000000000000000e+02,3.943148337969926143e-01
6.920000000000000000e+02,6.419186730703067001e-01
6.930000000000000000e+02,5.342484448679368780e-01
6.940000000000000000e+02,2.749795926163183246e-01
6.950000000000000000e+02,2.368230491554304817e-01
6.960000000000000000e+02,3.853950375043684318e-01
6.970000000000000000e+02,4.242119574876254129e-01
6.980000000000000000e+02,6.324740563564942297e-01
6.990000000000000000e+02,3.649812291684594312e-01
7.000000000000000000e+02,3.411426391207920128e-01
7.010000000000000000e+02,2.265347307091684359e-01
7.020000000000000000e+02,3.029712817487727472e-01
7.030000000000000000e+02,3.917967951147121042e-01
7.040000000000000000e+02,1.395758309736742919e-01
7.050000000000000000e+02,1.522289816530635886e-01
7.060000000000000000e+02,3.605526693575348829e-01
7.070000000000000000e+02,5.267758849714824221e-01
7.080000000000000000e+02,3.108759950738427813e-01
7.090000000000000000e+02,2.236971551305495520e-01
7.100000000000000000e+02,2.515209142037994061e-01
7.110000000000000000e+02,5.401602418129036742e-01
7.120000000000000000e+02,4.646436459150227183e-01
7.130000000000000000e+02,3.915562588689239787e-01
7.140000000000000000e+02,5.283263204672641322e-01
7.150000000000000000e+02,4.266871538055851953e-01
7.160000000000000000e+02,9.701361192365293151e-01
7.170000000000000000e+02,3.745950442610826436e-01
7.180000000000000000e+02,4.364124725394527005e-01
7.190000000000000000e+02,4.324297684594701208e-01
7.200000000000000000e+02,7.223051238119287953e-01
7.210000000000000000e+02,6.337779239243941376e-01
7.220000000000000000e+02,5.686161719145147453e-01
7.230000000000000000e+02,4.322048466176196535e-01
7.240000000000000000e+02,6.807552774947314145e-01
7.250000000000000000e+02,6.021813750526785469e-01
7.260000000000000000e+02,3.758443051952586322e-01
7.270000000000000000e+02,3.128850977986072923e-01
7.280000000000000000e+02,3.929944403734150771e-01
7.290000000000000000e+02,5.688931703716286759e-01
7.300000000000000000e+02,2.240468024947310233e-01
7.310000000000000000e+02,5.109518075110033308e-01
7.320000000000000000e+02,3.315854618465048365e-01
7.330000000000000000e+02,5.501077692685181209e-01
7.340000000000000000e+02,7.423555831265968852e-01
7.350000000000000000e+02,4.324332994519071716e-01
7.360000000000000000e+02,4.762902631841618439e-01
7.370000000000000000e+02,3.977568438156198760e-01
7.380000000000000000e+02,7.761774559930376682e-01
7.390000000000000000e+02,5.200401119865067923e-01
7.400000000000000000e+02,2.988251534672073384e-01
7.410000000000000000e+02,1.967563205558080508e-01
7.420000000000000000e+02,5.796986562192332215e-01
7.430000000000000000e+02,6.490121027550510568e-01
7.440000000000000000e+02,2.150404548944028216e-01
7.450000000000000000e+02,6.144060510322983948e-01
7.460000000000000000e+02,4.804334635400601128e-01
7.470000000000000000e+02,3.780109890106158055e-01
7.480000000000000000e+02,1.200031079146226670e-01
7.490000000000000000e+02,3.392720811015857429e-01
7.500000000000000000e+02,5.552238865131191581e-01
7.510000000000000000e+02,4.892369314976188210e-01
7.520000000000000000e+02,5.220417535558651290e-01
7.530000000000000000e+02,2.983042842102384684e-01
7.540000000000000000e+02,3.777908550362524265e-01
7.550000000000000000e+02,6.655352055741092787e-01
7.560000000000000000e+02,8.752222447919764114e-01
7.570000000000000000e+02,3.925756689417509437e-01
7.580000000000000000e+02,4.129788702164543523e-01
7.590000000000000000e+02,6.324551584639034330e-01
7.600000000000000000e+02,5.438978138652268424e-01
7.610000000000000000e+02,6.367039275100372375e-01
7.620000000000000000e+02,4.327559516626808822e-01
7.630000000000000000e+02,4.128493276935588652e-01
7.640000000000000000e+02,4.286850052219092766e-01
7.650000000000000000e+02,7.481012929214763130e-01
7.660000000000000000e+02,5.607811749689279868e-01
7.670000000000000000e+02,5.021598952197906529e-01
7.680000000000000000e+02,7.170014144172615067e-01
7.690000000000000000e+02,7.300394289008379500e-01
7.700000000000000000e+02,7.755153036495149310e-01
7.710000000000000000e+02,3.180766404480059872e-01
7.720000000000000000e+02,2.409734851929225263e-01
7.730000000000000000e+02,1.116555324346002465e-02
7.740000000000000000e+02,5.917483233102214246e-01
7.750000000000000000e+02,1.787609717447850854e-01
7.760000000000000000e+02,4.135750199634480317e-01
7.770000000000000000e+02,8.196300199920522611e-02
7.780000000000000000e+02,3.292666514324035232e-01
7.790000000000000000e+02,5.923266916415690364e-01
7.800000000000000000e+02,6.114280560167066891e-01
7.810000000000000000e+02,4.670964571457985048e-01
7.820000000000000000e+02,4.908371222413990820e-01
7.830000000000000000e+02,4.218921243661735154e-01
7.840000000000000000e+02,8.115176584096053247e-01
7.850000000000000000e+02,4.204049379649165141e-01
7.860000000000000000e+02,3.151176386095952964e-01
7.870000000000000000e+02,4.467265024333055834e-01
7.880000000000000000e+02,6.786772139874568399e-01
7.890000000000000000e+02,4.818956510445127073e-01
7.900000000000000000e+02,4.170336311409652552e-01
7.910000000000000000e+02,2.351641921462795659e-01
7.920000000000000000e+02,4.046015047287259137e-01
7.930000000000000000e+02,7.192509964395695787e-01
7.940000000000000000e+02,3.910603253724331818e-01
7.950000000000000000e+02,3.817839170322550046e-01
7.960000000000000000e+02,5.661236706552198461e-01
7.970000000000000000e+02,7.943877057089546723e-01
7.980000000000000000e+02,7.405491013714659010e-01
7.990000000000000000e+02,3.834102222745833233e-01
8.000000000000000000e+02,4.027390387421054818e-01
8.010000000000000000e+02,3.111152396408350951e-01
8.020000000000000000e+02,1.001934237886433321e+00
8.030000000000000000e+02,6.065789676352690840e-01
8.040000000000000000e+02,5.694671196544434100e-01
8.050000000000000000e+02,5.492568459021729410e-01
8.060000000000000000e+02,5.315522601397860702e-01
8.070000000000000000e+02,7.522702658448177093e-01
8.080000000000000000e+02,3.244409248046030148e-01
8.090000000000000000e+02,4.361504983713490047e-01
8.100000000000000000e+02,7.288609938700960633e-01
8.110000000000000000e+02,6.615643101302669526e-01
8.120000000000000000e+02,5.290260639160315748e-01
8.130000000000000000e+02,3.171409405381773183e-01
8.140000000000000000e+02,6.579800773604391750e-01
8.150000000000000000e+02,7.173124771544608924e-01
8.160000000000000000e+02,5.889467875685397980e-01
8.170000000000000000e+02,1.724676251975661989e-01
8.180000000000000000e+02,4.650975854376981911e-01
8.190000000000000000e+02,6.049556542940450754e-01
8.200000000000000000e+02,2.195382540176727959e-01
8.210000000000000000e+02,7.503317652768439761e-01
8.220000000000000000e+02,4.190830705870868811e-01
8.230000000000000000e+02,6.801430745061327610e-01
8.240000000000000000e+02,5.627717520609986090e-01
8.250000000000000000e+02,1.725922249684303522e-01
8.260000000000000000e+02,4.110693259480444617e-01
8.270000000000000000e+02,2.657894535417899551e-01
8.280000000000000000e+02,4.408670479655402707e-01
8.290000000000000000e+02,5.329239120682062181e-01
8.300000000000000000e+02,4.180190649110480661e-01
8.310000000000000000e+02,3.354215144298528517e-01
8.320000000000000000e+02,3.390415491541058368e-01
8.330000000000000000e+02,5.401970266686328959e-01
8.340000000000000000e+02,3.747810013124149853e-01
8.350000000000000000e+02,2.364931963280533234e-01
8.360000000000000000e+02,5.334619127122802729e-01
8.370000000000000000e+02,7.123233575114941152e-01
8.380000000000000000e+02,5.623724481679511777e-01
8.390000000000000000e+02,5.940603541531217502e-01
8.400000000000000000e+02,2.351589983693380681e-01
8.410000000000000000e+02,3.895172274047101202e-01
8.420000000000000000e+02,7.449585320044781467e-01
8.430000000000000000e+02,4.346426381546143469e-01
8.440000000000000000e+02,5.032860639172945794e-01
8.450000000000000000e+02,5.763175776892287550e-01
8.460000000000000000e+02,5.814970512458484952e-01
8.470000000000000000e+02,8.088011591001955658e-01
8.480000000000000000e+02,3.404158249097873901e-01
8.490000000000000000e+02,3.819203542340869340e-01
8.500000000000000000e+02,3.755954866983719498e-01
8.510000000000000000e+02,9.290268317304716250e-01
8.520000000000000000e+02,7.642164573751006884e-01
8.530000000000000000e+02,7.580504108137129382e-01
8.540000000000000000e+02,6.471334996631945558e-01
8.550000000000000000e+02,8.310641640902786120e-01
8.560000000000000000e+02,8.980515652420314465e-01
8.570000000000000000e+02,8.039549093795763657e-01
8.580000000000000000e+02,6.308427241385611284e-01
8.590000000000000000e+02,5.642748429242940844e-01
8.600000000000000000e+02,6.868203064379032607e-01
8.610000000000000000e+02,9.982666057695046558e-01
8.620000000000000000e+02,5.691956980648191777e-01
8.630000000000000000e+02,7.407742163089533483e-01
8.640000000000000000e+02,6.690023459252473215e-01
8.650000000000000000e+02,9.909705545023298479e-01
8.660000000000000000e+02,8.866853385033202084e-01
8.670000000000000000e+02,6.138719554049260063e-01
8.680000000000000000e+02,8.666350323471713191e-01
8.690000000000000000e+02,9.489001477903323822e-01
8.700000000000000000e+02,9.807512975521432974e-01
8.710000000000000000e+02,5.344024382466623369e-01
8.720000000000000000e+02,5.822876163050393350e-01
8.730000000000000000e+02,7.069809270852747130e-01
8.740000000000000000e+02,6.540015902368455647e-01
8.750000000000000000e+02,7.347708210396765027e-01
8.760000000000000000e+02,6.239047481115215232e-01
8.770000000000000000e+02,8.058782284989794986e-01
8.780000000000000000e+02,8.473287569547840459e-01
8.790000000000000000e+02,1.004249454099253258e+00
8.800000000000000000e+02,4.498543184344230839e-01
8.810000000000000000e+02,5.910998363322823579e-01
8.820000000000000000e+02,6.380145932967800082e-01
8.830000000000000000e+02,8.560529753997333513e-01
8.840000000000000000e+02,5.819827988664699747e-01
8.850000000000000000e+02,5.558572054676590435e-01
8.860000000000000000e+02,4.135747336025279441e-01
8.870000000000000000e+02,6.718338581767632212e-01
8.880000000000000000e+02,6.363366160051570075e-01
8.890000000000000000e+02,3.122844896627857691e-01
8.900000000000000000e+02,2.358540020186583319e-01
8.910000000000000000e+02,2.061674171992124160e-01
8.920000000000000000e+02,4.299103875037835198e-01
8.930000000000000000e+02,3.989031137097815982e-01
8.940000000000000000e+02,3.952674396250982491e-01
8.950000000000000000e+02,4.303784567149232521e-01
8.960000000000000000e+02,3.780933522326589413e-01
8.970000000000000000e+02,4.911496357915703381e-01
8.980000000000000000e+02,3.620122000900378723e-01
8.990000000000000000e+02,3.553647641203319107e-01
9.000000000000000000e+02,4.121616375184864456e-01
9.010000000000000000e+02,5.804037583177986681e-01
9.020000000000000000e+02,4.538556367065947894e-01
9.030000000000000000e+02,3.537617192153178491e-01
9.040000000000000000e+02,3.201868181652882672e-01
9.050000000000000000e+02,3.604238024735377244e-01
9.060000000000000000e+02,4.059016382418417224e-01
9.070000000000000000e+02,4.359569816240698725e-01
9.080000000000000000e+02,3.808638053310058891e-01
9.090000000000000000e+02,-1.127449926599600472e-01
9.100000000000000000e+02,2.776317234040006077e-01
9.110000000000000000e+02,5.110746554583355250e-01
9.120000000000000000e+02,3.638073456720484211e-01
9.130000000000000000e+02,1.670689192870827289e-01
9.140000000000000000e+02,3.972647162025128020e-01
9.150000000000000000e+02,4.644651427815891243e-01
9.160000000000000000e+02,4.220525666474780335e-01
9.170000000000000000e+02,3.198728320682913129e-01
9.180000000000000000e+02,1.559253062603213613e-01
9.190000000000000000e+02,5.724650342530814839e-01
9.200000000000000000e+02,5.564912764812327550e-01
9.210000000000000000e+02,5.216415276624096764e-01
9.220000000000000000e+02,1.386037420521336605e-01
9.230000000000000000e+02,2.871648360088181473e-01
9.240000000000000000e+02,4.431764902264421213e-01
9.250000000000000000e+02,5.771423013815097924e-01
9.260000000000000000e+02,4.609101295734472359e-01
9.270000000000000000e+02,5.011982327128576831e-01
9.280000000000000000e+02,4.712097678449914673e-01
9.290000000000000000e+02,4.975568346729302149e-01
9.300000000000000000e+02,9.280707604988958082e-02
9.310000000000000000e+02,1.108802258269300789e-01
9.320000000000000000e+02,4.172253416156531669e-01
9.330000000000000000e+02,6.330249416679077923e-01
9.340000000000000000e+02,3.689948877768363111e-01
9.350000000000000000e+02,4.833773529020146675e-01
9.360000000000000000e+02,6.663788606144971371e-01
9.370000000000000000e+02,6.704262003271928005e-01
9.380000000000000000e+02,9.226733854333981633e-01
9.390000000000000000e+02,5.719156844499844183e-01
9.400000000000000000e+02,6.896253113708825655e-01
9.410000000000000000e+02,8.709049148461645018e-01
9.420000000000000000e+02,1.062634662148116416e+00
9.430000000000000000e+02,9.183575823430734086e-01
9.440000000000000000e+02,7.194806555561361616e-01
9.450000000000000000e+02,6.001011231999158202e-01
9.460000000000000000e+02,6.415574205922980333e-01
9.470000000000000000e+02,6.755774746931649810e-01
9.480000000000000000e+02,3.938409934581819649e-01
9.490000000000000000e+02,7.775759793202230430e-01
9.500000000000000000e+02,7.553041032027209001e-01
9.510000000000000000e+02,9.797952308313447878e-01
9.520000000000000000e+02,7.841061071387778192e-01
9.530000000000000000e+02,7.859858829308912220e-01
9.540000000000000000e+02,7.692808029719655494e-01
9.550000000000000000e+02,8.896864475187487020e-01
9.560000000000000000e+02,1.014135479410138707e+00
9.570000000000000000e+02,8.184645131490603243e-01
9.580000000000000000e+02,8.225026924400392625e-01
9.590000000000000000e+02,8.172338260185069148e-01
9.600000000000000000e+02,1.112555278838186279e+00
9.610000000000000000e+02,8.104254407775314251e-01
9.620000000000000000e+02,7.640394471408279431e-01
9.630000000000000000e+02,5.223576433298774413e-01
9.640000000000000000e+02,7.947214631482841796e-01
9.650000000000000000e+02,6.150640402336537971e-01
9.660000000000000000e+02,7.730313517350299035e-01
9.670000000000000000e+02,5.383390359701349936e-01
9.680000000000000000e+02,5.485626766545282917e-01
9.690000000000000000e+02,7.747542836878080763e-01
9.700000000000000000e+02,8.922395096029639427e-01
9.710000000000000000e+02,7.769066367778051374e-01
9.720000000000000000e+02,4.895470812681343986e-01
9.730000000000000000e+02,5.933455406327965420e-01
9.740000000000000000e+02,7.011666384663467477e-01
9.750000000000000000e+02,7.622852504666054463e-01
9.760000000000000000e+02,5.558661083868855490e-01
9.770000000000000000e+02,5.860602001955834695e-01
9.780000000000000000e+02,7.403950020543914601e-01
9.790000000000000000e+02,7.575599934023938831e-01
9.800000000000000000e+02,9.294058914467460131e-01
9.810000000000000000e+02,5.644740364277139877e-01
9.820000000000000000e+02,3.182321899664879994e-01
9.830000000000000000e+02,6.544737766261069511e-01
9.840000000000000000e+02,7.469934884994131608e-01
9.850000000000000000e+02,4.628434937454348752e-01
9.860000000000000000e+02,6.141091552361217509e-01
9.870000000000000000e+02,7.374521638497952836e-01
9.880000000000000000e+02,9.197857539766869372e-01
9.890000000000000000e+02,8.213824682292836243e-01
9.900000000000000000e+02,6.798351177704624604e-01
9.910000000000000000e+02,7.890204506945823759e-01
9.920000000000000000e+02,8.926200445483817303e-01
9.930000000000000000e+02,6.806874484531177938e-01
9.940000000000000000e+02,5.871555885699216715e-01
9.950000000000000000e+02,5.578233121495733693e-01
9.960000000000000000e+02,7.769540066206873652e-01
9.970000000000000000e+02,1.032991723233954273e+00
9.980000000000000000e+02,6.344530134400252486e-01
9.990000000000000000e+02,7.138383319598958776e-01
1.000000000000000000e+03,4.867106944079392927e-01
1.001000000000000000e+03,8.589813809612035778e-01
1.002000000000000000e+03,5.710744212079497117e-01
1.003000000000000000e+03,7.847215880540830968e-01
1.004000000000000000e+03,6.061502830991490898e-01
1.005000000000000000e+03,6.418891212550140724e-01
1.006000000000000000e+03,8.219061680708540374e-01
1.007000000000000000e+03,6.773139091892445007e-01
1.008000000000000000e+03,7.316088886594357410e-01
1.009000000000000000e+03,9.467979779510903304e-01
1.010000000000000000e+03,9.719497272954207290e-01
1.011000000000000000e+03,1.130610577210610312e+00
1.012000000000000000e+03,1.009627784532750816e+00
1.013000000000000000e+03,6.099693862072197437e-01
1.014000000000000000e+03,7.886813250421624844e-01
1.015000000000000000e+03,8.272100968908217000e-01
1.016000000000000000e+03,1.125401770714921312e+00
1.017000000000000000e+03,8.753192649394364588e-01
1.018000000000000000e+03,7.439793577065098029e-01
1.019000000000000000e+03,9.828869739981237474e-01
1.020000000000000000e+03,7.354133529113399126e-01
1.021000000000000000e+03,7.343963555702572865e-01
1.022000000000000000e+03,8.804573934782277123e-01
1.023000000000000000e+03,7.996234112624510670e-01
1.024000000000000000e+03,1.139673213356441117e+00
1.025000000000000000e+03,8.639194804323818699e-01
1.026000000000000000e+03,1.062769122657364784e+00
1.027000000000000000e+03,6.248965538069436443e-01
1.028000000000000000e+03,9.326994078167790692e-01
1.029000000000000000e+03,1.178366034629892312e+00
1.030000000000000000e+03,8.824822697849961095e-01
1.031000000000000000e+03,6.184277936065503134e-01
1.032000000000000000e+03,7.739027414870203181e-01
1.033000000000000000e+03,1.026269086937052322e+00
1.034000000000000000e+03,9.395678605636281766e-01
1.035000000000000000e+03,8.391854894578825164e-01
1.036000000000000000e+03,7.942467840844700255e-01
1.037000000000000000e+03,1.224287935208084654e+00
1.038000000000000000e+03,8.166942847599425459e-01
1.039000000000000000e+03,8.207871663134505003e-01
1.040000000000000000e+03,6.345132221193172661e-01
1.041000000000000000e+03,5.396527918605587004e-01
1.042000000000000000e+03,8.752669959627976670e-01
1.043000000000000000e+03,7.735523682857692318e-01
1.044000000000000000e+03,8.871181315331662098e-01
1.045000000000000000e+03,4.440627605241462827e-01
1.046000000000000000e+03,9.140982446236598502e-01
1.047000000000000000e+03,6.650481886940635690e-01
1.048000000000000000e+03,7.925087864753037614e-01
1.049000000000000000e+03,3.823805184758118925e-01
1.050000000000000000e+03,6.341419411592736921e-01
1.051000000000000000e+03,9.357904513397863333e-01
1.052000000000000000e+03,9.316927697392829444e-01
1.053000000000000000e+03,5.708781498402528687e-01
1.054000000000000000e+03,3.608555955537496307e-01
1.055000000000000000e+03,6.982731674791962106e-01
1.056000000000000000e+03,1.075747516916473856e+00
1.057000000000000000e+03,7.717695714934456053e-01
1.058000000000000000e+03,6.577983547839274525e-01
1.059000000000000000e+03,6.016039596820590418e-01
1.060000000000000000e+03,6.608776379144236657e-01
1.061000000000000000e+03,1.081864558863525172e+00
1.062000000000000000e+03,5.378451886224011602e-01
1.063000000000000000e+03,5.241731833093659088e-01
1.064000000000000000e+03,4.642221039301628882e-01
1.065000000000000000e+03,8.880369990455336815e-01
1.066000000000000000e+03,8.064782372177838887e-01
1.067000000000000000e+03,7.151937097460477899e-01
1.068000000000000000e+03,5.329356774938855956e-01
1.069000000000000000e+03,6.536142103933277880e-01
1.070000000000000000e+03,6.951458015363168874e-01
1.071000000000000000e+03,7.625781091436045767e-01
1.072000000000000000e+03,7.164905346129626373e-01
1.073000000000000000e+03,6.399354027022686742e-01
1.074000000000000000e+03,7.764734689202911211e-01
1.075000000000000000e+03,1.079337915858909147e+00
1.076000000000000000e+03,4.972988814114242540e-01
1.077000000000000000e+03,6.842641524617595339e-01
1.078000000000000000e+03,1.052575172368984679e+00
1.079000000000000000e+03,1.130375160371180021e+00
1.080000000000000000e+03,9.644764945235939635e-01
1.081000000000000000e+03,6.445690225719196143e-01
1.082000000000000000e+03,1.062482522078475267e+00
1.083000000000000000e+03,1.126538127291271563e+00
1.084000000000000000e+03,1.381265608328182903e+00
1.085000000000000000e+03,1.368380028270347104e+00
1.086000000000000000e+03,1.031405631670743173e+00
1.087000000000000000e+03,1.149698656766781069e+00
1.088000000000000000e+03,1.522384910690383508e+00
1.089000000000000000e+03,1.357875240884727663e+00
1.090000000000000000e+03,1.104478372117274176e+00
1.091000000000000000e+03,1.213016613662928345e+00
1.092000000000000000e+03,1.279650790893368528e+00
1.093000000000000000e+03,1.410981237282078249e+00
1.094000000000000000e+03,1.170668140146567726e+00
1.095000000000000000e+03,1.142964278850603810e+00
1.096000000000000000e+03,1.400820941292914457e+00
1.097000000000000000e+03,1.482229194181028831e+00
1.098000000000000000e+03,1.427358496475330307e+00
1.099000000000000000e+03,1.382486965411868773e+00
1.100000000000000000e+03,1.282847960393504572e+00
1.101000000000000000e+03,1.351830908604616521e+00
1.102000000000000000e+03,1.365470744303499906e+00
1.103000000000000000e+03,1.099851767784264966e+00
1.104000000000000000e+03,1.027304719740382177e+00
1.105000000000000000e+03,1.537865793711559403e+00
1.106000000000000000e+03,1.531558654006313080e+00
1.107000000000000000e+03,8.802839731125163825e-01
1.108000000000000000e+03,7.528860883672950921e-01
1.109000000000000000e+03,8.104953769506699768e-01
1.110000000000000000e+03,7.810742075945636964e-01
1.111000000000000000e+03,9.887415677196025321e-01
1.112000000000000000e+03,1.011209784542723922e+00
1.113000000000000000e+03,7.586250658620625753e-01
1.114000000000000000e+03,5.711888838249851164e-01
1.115000000000000000e+03,7.992084432149627604e-01
1.116000000000000000e+03,8.599767492271651603e-01
1.117000000000000000e+03,5.039369234360925320e-01
1.118000000000000000e+03,5.202467983228999948e-01
1.119000000000000000e+03,6.105439722177704587e-01
1.120000000000000000e+03,5.022598313579653695e-01
1.121000000000000000e+03,6.237211385800267571e-01
1.122000000000000000e+03,4.109173362638497973e-01
1.123000000000000000e+03,5.987954486047317726e-01
1.124000000000000000e+03,6.195390815673160745e-01
1.125000000000000000e+03,5.856664715568126178e-01
1.126000000000000000e+03,5.416581635045616405e-01
1.127000000000000000e+03,4.689629973200703517e-01
1.128000000000000000e+03,4.274190779239551152e-01
1.129000000000000000e+03,4.809286724642027333e-01
1.130000000000000000e+03,5.844503918986839741e-01
1.131000000000000000e+03,2.181618912340528849e-01
1.132000000000000000e+03,3.438451082335727826e-01
1.133000000000000000e+03,8.220981961252844528e-01
1.134000000000000000e+03,7.153706384871504342e-01
1.135000000000000000e+03,4.042727540652428231e-01
1.136000000000000000e+03,6.000345577539962783e-01
1.137000000000000000e+03,8.239493231190647693e-01
1.138000000000000000e+03,8.862094123948338620e-01
1.139000000000000000e+03,1.016590800830397212e+00
1.140000000000000000e+03,5.804209708954487512e-01
1.141000000000000000e+03,6.503915851344540533e-01
1.142000000000000000e+03,8.339355956678184967e-01
1.143000000000000000e+03,9.187887853387117776e-01
1.144000000000000000e+03,7.039385663846965402e-01
1.145000000000000000e+03,6.299493699882930953e-01
1.146000000000000000e+03,7.576944472528124308e-01
1.147000000000000000e+03,7.657271105165324165e-01
1.148000000000000000e+03,6.913890068825853108e-01
1.149000000000000000e+03,7.760592007815866333e-01
1.150000000000000000e+03,5.795537206702896516e-01
1.151000000000000000e+03,7.818969951346647074e-01
1.152000000000000000e+03,9.277482537867568491e-01
1.153000000000000000e+03,7.580022989991064275e-01
1.154000000000000000e+03,6.032049427631255289e-01
1.155000000000000000e+03,8.368243872674543393e-01
1.156000000000000000e+03,9.532594068175818114e-01
1.157000000000000000e+03,8.133757050585246340e-01
1.158000000000000000e+03,7.453432434406210838e-01
1.159000000000000000e+03,7.917920519345592600e-01
1.160000000000000000e+03,1.012745228439553724e+00
1.161000000000000000e+03,1.024351553967928874e+00
1.162000000000000000e+03,7.812006221259368832e-01
1.163000000000000000e+03,6.843792236052266276e-01
1.164000000000000000e+03,7.351524919357109722e-01
1.165000000000000000e+03,9.700705699929078607e-01
1.166000000000000000e+03,8.240695128368671352e-01
1.167000000000000000e+03,7.243328543181838386e-01
1.168000000000000000e+03,9.371962360171779416e-01
1.169000000000000000e+03,9.923474653217043695e-01
1.170000000000000000e+03,9.326167486806331564e-01
1.171000000000000000e+03,9.497598494727842455e-01
1.172000000000000000e+03,8.613791850821596041e-01
1.173000000000000000e+03,8.758169583908230749e-01
1.174000000000000000e+03,1.145947646919905694e+00
1.175000000000000000e+03,9.818766436990810087e-01
1.176000000000000000e+03,8.617082226644556808e-01
1.177000000000000000e+03,9.677834611988441749e-01
1.178000000000000000e+03,1.167985287563335195e+00
1.179000000000000000e+03,1.213041136172287038e+00
1.180000000000000000e+03,1.204816126596932602e+00
1.181000000000000000e+03,9.664681560635055568e-01
1.182000000000000000e+03,1.071672214796158817e+00
1.183000000000000000e+03,1.203196213559143413e+00
1.184000000000000000e+03,1.218366266319901969e+00
1.185000000000000000e+03,1.076607352465815293e+00
1.186000000000000000e+03,9.052225686017940642e-01
1.187000000000000000e+03,1.119416643589985272e+00
1.188000000000000000e+03,1.087806396784630314e+00
1.189000000000000000e+03,1.024044384246949768e+00
1.190000000000000000e+03,1.058569675892209405e+00
1.191000000000000000e+03,8.923408950215631075e-01
1.192000000000000000e+03,1.013229258055244442e+00
1.193000000000000000e+03,1.078816608101107244e+00
1.194000000000000000e+03,1.027563175865836564e+00
1.195000000000000000e+03,9.510853421323857138e-01
1.196000000000000000e+03,1.029576244321912970e+00
1.197000000000000000e+03,9.383079654558719174e-01
1.198000000000000000e+03,9.772185843864045207e-01
1.199000000000000000e+03,6.614225412518166536e-01
1.200000000000000000e+03,9.686360018955668671e-01
1.201000000000000000e+03,9.597566181389496354e-01
1.202000000000000000e+03,8.980549941118718404e-01
1.203000000000000000e+03,7.108225719588170399e-01
1.204000000000000000e+03,7.723935455600453581e-01
1.205000000000000000e+03,9.378586199102183496e-01
1.206000000000000000e+03,1.235168324679310148e+00
1.207000000000000000e+03,8.339565218257933843e-01
1.208000000000000000e+03,7.520218831484809519e-01
1.209000000000000000e+03,6.016265014927937305e-01
1.210000000000000000e+03,7.745793504490278147e-01
1.211000000000000000e+03,8.113803831546294587e-01
1.212000000000000000e+03,6.894745261322164920e-01
1.213000000000000000e+03,6.132851122108741171e-01
1.214000000000000000e+03,6.115668698276207627e-01
1.215000000000000000e+03,7.322311387167187435e-01
1.216000000000000000e+03,7.689874303926489407e-01
1.217000000000000000e+03,7.462752724924195391e-01
1.218000000000000000e+03,6.455174806006604982e-01
1.219000000000000000e+03,9.322267597058045974e-01
1.220000000000000000e+03,9.219038301548689862e-01
1.221000000000000000e+03,9.168429430263987934e-01
1.222000000000000000e+03,7.580008783167853093e-01
1.223000000000000000e+03,7.863125107219166576e-01
1.224000000000000000e+03,8.421038630031570937e-01
1.225000000000000000e+03,8.539673550858329909e-01
1.226000000000000000e+03,6.851967731949156759e-01
1.227000000000000000e+03,7.037330759127861102e-01
1.228000000000000000e+03,8.171985425037207040e-01
1.229000000000000000e+03,8.736536657073549206e-01
1.230000000000000000e+03,8.330105555368054748e-01
1.231000000000000000e+03,9.793184797402333386e-01
1.232000000000000000e+03,5.727973491214228829e-01
1.233000000000000000e+03,8.573491060944142816e-01
1.234000000000000000e+03,8.005632795049031358e-01
1.235000000000000000e+03,7.812113084914497074e-01
1.236000000000000000e+03,6.701776624764910206e-01
1.237000000000000000e+03,8.257634152340290745e-01
1.238000000000000000e+03,8.796639679438469361e-01
1.239000000000000000e+03,8.125979536473898479e-01
1.240000000000000000e+03,7.746153102306347904e-01
1.241000000000000000e+03,7.444216352720373076e-01
1.242000000000000000e+03,8.201193510288794508e-01
1.243000000000000000e+03,8.574925230758306816e-01
1.244000000000000000e+03,6.827896693583617171e-01
1.245000000000000000e+03,6.738537719595076858e-01
1.246000000000000000e+03,8.241101434434540129e-01
1.247000000000000000e+03,9.343428809426606030e-01
1.248000000000000000e+03,9.027479826655091522e-01
1.249000000000000000e+03,7.588306314742147007e-01
1.250000000000000000e+03,7.480139708184305736e-01
1.251000000000000000e+03,6.958911616564051883e-01
1.252000000000000000e+03,7.174937948104076479e-01
1.253000000000000000e+03,7.935163155005595659e-01
1.254000000000000000e+03,7.112825746040254415e-01
1.255000000000000000e+03,7.954542211884987335e-01
1.256000000000000000e+03,9.428296164597822493e-01
1.257000000000000000e+03,8.750886264078705512e-01
1.258000000000000000e+03,4.405050233169067742e-01
1.259000000000000000e+03,7.340818517161596946e-01
1.260000000000000000e+03,9.735374641330363232e-01
1.261000000000000000e+03,9.409662673864012117e-01
1.262000000000000000e+03,7.652653399975780646e-01
1.263000000000000000e+03,7.986451271415651032e-01
1.264000000000000000e+03,8.267745815143791033e-01
1.265000000000000000e+03,9.137641207180541292e-01
1.266000000000000000e+03,8.605878008572865889e-01
1.267000000000000000e+03,9.386777953606587621e-01
1.268000000000000000e+03,7.266049143937659549e-01
1.269000000000000000e+03,8.327187597559263521e-01
1.270000000000000000e+03,8.401801876458373508e-01
1.271000000000000000e+03,2.464888880676757432e-01
1.272000000000000000e+03,3.352553791252985693e-01
1.273000000000000000e+03,4.596044594046818643e-01
1.274000000000000000e+03,5.576212875684452008e-01
1.275000000000000000e+03,5.659687642221760129e-01
1.276000000000000000e+03,4.878800381912623552e-01
1.277000000000000000e+03,3.879262960435183594e-01
1.278000000000000000e+03,4.767615926706962881e-01
1.279000000000000000e+03,4.994256801530497780e-01
1.280000000000000000e+03,4.099400820081294805e-01
1.281000000000000000e+03,8.055311131077089182e-02
1.282000000000000000e+03,2.529144283478950150e-01
1.283000000000000000e+03,3.988927660148785526e-01
1.284000000000000000e+03,5.811635977167221023e-01
1.285000000000000000e+03,3.237967957425847976e-01
1.286000000000000000e+03,2.654364892606374537e-01
1.287000000000000000e+03,2.907161219142725406e-01
1.288000000000000000e+03,4.933790509283152437e-01
1.289000000000000000e+03,3.790833167101160806e-01
1.290000000000000000e+03,3.289735616831976905e-01
1.291000000000000000e+03,6.116910626320726241e-01
1.292000000000000000e+03,3.959007159695793199e-01
1.293000000000000000e+03,4.347017682502761771e-01
1.294000000000000000e+03,3.978262332484434199e-02
1.295000000000000000e+03,2.733775683786725530e-01
1.296000000000000000e+03,3.989490292206506750e-01
1.297000000000000000e+03,5.226248780812330352e-01
1.298000000000000000e+03,4.956833428075039238e-01
1.299000000000000000e+03,2.339205250164188565e-01
1.300000000000000000e+03,4.081333151681719729e-01
1.301000000000000000e+03,8.281199699706345285e-01
1.302000000000000000e+03,9.156707021764914911e-01
1.303000000000000000e+03,7.825512541010173351e-01
1.304000000000000000e+03,6.578917459877888785e-01
1.305000000000000000e+03,9.088804590825757534e-01
1.306000000000000000e+03,9.443448889734322726e-01
1.307000000000000000e+03,7.883278316476057812e-01
1.308000000000000000e+03,7.490982974502293779e-01
1.309000000000000000e+03,6.637057219999344948e-01
1.310000000000000000e+03,7.990452343862142204e-01
1.311000000000000000e+03,8.476977276378563353e-01
1.312000000000000000e+03,6.812313488766238434e-01
1.313000000000000000e+03,6.421592026978104606e-01
1.314000000000000000e+03,8.247571690034952718e-01
1.315000000000000000e+03,7.444636305708598467e-01
1.316000000000000000e+03,7.448031981840701476e-01
1.317000000000000000e+03,6.348447088699458174e-01
1.318000000000000000e+03,6.929954991754554428e-01
1.319000000000000000e+03,7.621723410762820672e-01
1.320000000000000000e+03,8.303405689811992341e-01
1.321000000000000000e+03,7.320096982765023075e-01
1.322000000000000000e+03,6.453592136751353792e-01
1.323000000000000000e+03,7.161816793614831367e-01
1.324000000000000000e+03,8.013983907157180564e-01
1.325000000000000000e+03,8.967147109090602974e-01
1.326000000000000000e+03,5.493570237104583587e-01
1.327000000000000000e+03,5.676286219111309483e-01
1.328000000000000000e+03,8.128043260875267295e-01
1.329000000000000000e+03,7.680837486509920486e-01
1.330000000000000000e+03,1.062158064472333630e+00
1.331000000000000000e+03,6.125324119362545172e-01
1.332000000000000000e+03,6.937836872799033605e-01
1.333000000000000000e+03,7.361788302741499868e-01
1.334000000000000000e+03,1.022129779607400257e+00
1.335000000000000000e+03,6.411776518661087554e-01
1.336000000000000000e+03,6.197493652565665423e-01
1.337000000000000000e+03,7.016859728409848840e-01
1.338000000000000000e+03,9.155386272635712697e-01
1.339000000000000000e+03,6.433861916567058525e-01
1.340000000000000000e+03,5.947075830418926401e-01
1.341000000000000000e+03,8.418926350232532885e-01
1.342000000000000000e+03,8.567321673219936429e-01
1.343000000000000000e+03,8.812849586496289689e-01
1.344000000000000000e+03,8.274581359916917123e-01
1.345000000000000000e+03,9.344943202927127324e-01
1.346000000000000000e+03,1.047577077420455138e+00
1.347000000000000000e+03,1.063703229788034665e+00
1.348000000000000000e+03,1.065452230486326313e+00
1.349000000000000000e+03,1.076616816153725287e+00
1.350000000000000000e+03,1.033522879173452536e+00
1.351000000000000000e+03,1.223097833097005038e+00
1.352000000000000000e+03,1.255287520727560002e+00
1.353000000000000000e+03,1.053011986958092727e+00
1.354000000000000000e+03,8.852199587300171313e-01
1.355000000000000000e+03,1.157629342131616168e+00
1.356000000000000000e+03,1.215980730748951633e+00
1.357000000000000000e+03,1.239083842195630281e+00
1.358000000000000000e+03,1.050234586346328935e+00
1.359000000000000000e+03,8.634716493581598984e-01
1.360000000000000000e+03,1.031066601880741507e+00
1.361000000000000000e+03,1.166795552023576654e+00
1.362000000000000000e+03,1.164012831134149328e+00
1.363000000000000000e+03,1.026277731881642286e+00
1.364000000000000000e+03,1.092248433980384403e+00
1.365000000000000000e+03,1.287482540870304559e+00
1.366000000000000000e+03,1.031655831397408019e+00
1.367000000000000000e+03,8.106813294343733212e-01
1.368000000000000000e+03,8.392535464052683913e-01
1.369000000000000000e+03,1.104274073566582359e+00
1.370000000000000000e+03,1.071551818413817081e+00
1.371000000000000000e+03,1.202591569195680110e+00
1.372000000000000000e+03,1.238899030500695941e+00
1.373000000000000000e+03,1.447581295512888389e+00
1.374000000000000000e+03,1.239287567396252898e+00
1.375000000000000000e+03,1.504481408127218645e+00
1.376000000000000000e+03,1.190221670500104745e+00
1.377000000000000000e+03,1.050288805904453060e+00
1.378000000000000000e+03,1.281339542299644529e+00
1.379000000000000000e+03,1.122372337221560157e+00
1.380000000000000000e+03,1.016062043561098749e+00
1.381000000000000000e+03,9.226062165194510722e-01
1.382000000000000000e+03,9.446339497350695336e-01
1.383000000000000000e+03,1.197631398877321951e+00
1.384000000000000000e+03,8.079714372808113332e-01
1.385000000000000000e+03,9.092770853904237338e-01
1.386000000000000000e+03,9.604324100782604123e-01
1.387000000000000000e+03,9.783759140839658475e-01
1.388000000000000000e+03,1.071850798024990059e+00
1.389000000000000000e+03,9.168087830149382889e-01
1.390000000000000000e+03,9.711392492887449546e-01
1.391000000000000000e+03,8.492112079927278678e-01
1.392000000000000000e+03,8.395431002045187219e-01
1.393000000000000000e+03,8.948080972016206891e-01
1.394000000000000000e+03,5.738788066212410222e-01
1.395000000000000000e+03,9.732099288427337180e-01
1.396000000000000000e+03,1.122213114483346486e+00
1.397000000000000000e+03,1.110598833719489420e+00
1.398000000000000000e+03,1.037451420653968004e+00
1.399000000000000000e+03,9.405343600454824093e-01
1.400000000000000000e+03,7.710985447593735609e-01
1.401000000000000000e+03,5.322038835184940142e-01
1.402000000000000000e+03,8.456812640723971874e-01
1.403000000000000000e+03,6.855192139266345075e-01
1.404000000000000000e+03,5.691282582231965703e-01
1.405000000000000000e+03,7.597824391322280935e-01
1.406000000000000000e+03,8.975283719882666267e-01
1.407000000000000000e+03,8.084555068115099052e-01
1.408000000000000000e+03,6.178845010159020879e-01
1.409000000000000000e+03,5.833527988893214555e-01
1.410000000000000000e+03,5.448881774181472126e-01
1.411000000000000000e+03,8.500993196981997402e-01
1.412000000000000000e+03,7.140560933295532209e-01
1.413000000000000000e+03,6.425268476666938788e-01
1.414000000000000000e+03,7.233821788562576627e-01
1.415000000000000000e+03,8.437882218973921100e-01
1.416000000000000000e+03,7.754605910723270101e-01
1.417000000000000000e+03,5.979257744402747266e-01
1.418000000000000000e+03,6.022227690291206414e-01
1.419000000000000000e+03,7.830073826017651673e-01
1.420000000000000000e+03,9.057948299508988832e-01
1.421000000000000000e+03,8.838437686288769246e-01
1.422000000000000000e+03,8.295899157475509211e-01
1.423000000000000000e+03,8.010597908515753041e-01
1.424000000000000000e+03,8.313828487621046648e-01
1.425000000000000000e+03,9.216538273468252163e-01
1.426000000000000000e+03,3.665276514395743312e-01
1.427000000000000000e+03,7.440100642258458130e-01
1.428000000000000000e+03,7.574634257175529850e-01
1.429000000000000000e+03,8.313127825256637626e-01
1.430000000000000000e+03,8.308238932957292544e-01
1.431000000000000000e+03,7.583811043122169471e-01
1.432000000000000000e+03,8.329826369082619086e-01
1.433000000000000000e+03,8.316360046410189444e-01
1.434000000000000000e+03,8.528836828228584244e-01
1.435000000000000000e+03,8.104739417746636976e-01
1.436000000000000000e+03,7.854721075810395803e-01
1.437000000000000000e+03,8.408378281374578878e-01
1.438000000000000000e+03,8.870796720824843939e-01
1.439000000000000000e+03,7.575383477369467267e-01
1.440000000000000000e+03,6.563595862643231138e-01
1.441000000000000000e+03,7.662686938334607456e-01
1.442000000000000000e+03,8.335428490989365002e-01
1.443000000000000000e+03,7.807526545663489026e-01
1.444000000000000000e+03,8.322024785720876228e-01
1.445000000000000000e+03,6.496838721324981192e-01
1.446000000000000000e+03,7.867798937588932340e-01
1.447000000000000000e+03,9.747317225855687273e-01
1.448000000000000000e+03,8.288609002108314749e-01
1.449000000000000000e+03,6.361764042433859512e-01
1.450000000000000000e+03,5.403929385476147207e-01
1.451000000000000000e+03,7.609928442487157163e-01
1.452000000000000000e+03,8.943920982115057816e-01
1.453000000000000000e+03,8.225867618961157923e-01
1.454000000000000000e+03,7.179133124585607151e-01
1.455000000000000000e+03,7.375300015135053400e-01
1.456000000000000000e+03,9.495555881539796683e-01
1.457000000000000000e+03,9.254781021288881471e-01
1.458000000000000000e+03,7.376678340986858595e-01
1.459000000000000000e+03,6.979910702561265001e-01
1.460000000000000000e+03,7.040562746230412117e-01
1.461000000000000000e+03,8.522025703662932106e-01
1.462000000000000000e+03,7.712479433107312099e-01
1.463000000000000000e+03,7.497913661499484572e-01
1.464000000000000000e+03,9.282079881747713479e-01
1.465000000000000000e+03,8.637689941382387104e-01
1.466000000000000000e+03,9.337527041659523519e-01
1.467000000000000000e+03,7.330232762926477408e-01
1.468000000000000000e+03,8.561518045415258404e-01
1.469000000000000000e+03,9.046633980013684129e-01
1.470000000000000000e+03,8.506139215527039887e-01
1.471000000000000000e+03,8.344347296745594500e-01
1.472000000000000000e+03,6.527340082344631478e-01
1.473000000000000000e+03,7.709294709599182616e-01
1.474000000000000000e+03,8.361636426117589060e-01
1.475000000000000000e+03,9.089222168930295442e-01
1.476000000000000000e+03,7.799122482188534100e-01
1.477000000000000000e+03,7.372744095217138582e-01
1.478000000000000000e+03,8.128577778984211744e-01
1.479000000000000000e+03,9.034169669445635265e-01
1.480000000000000000e+03,7.834214340768203000e-01
1.481000000000000000e+03,6.297236221440380977e-01
1.482000000000000000e+03,7.336843129056923596e-01
1.483000000000000000e+03,7.686441780494530640e-01
1.484000000000000000e+03,1.192805662723920967e+00
1.485000000000000000e+03,1.035064706944081925e+00
1.486000000000000000e+03,6.769610043631923979e-01
1.487000000000000000e+03,8.608450748891776083e-01
1.488000000000000000e+03,9.092669022831219028e-01
1.489000000000000000e+03,7.926383778451401296e-01
1.490000000000000000e+03,8.019734871422515843e-01
1.491000000000000000e+03,6.775076848110112016e-01
1.492000000000000000e+03,8.707375867889091126e-01
1.493000000000000000e+03,8.148325659428112822e-01
1.494000000000000000e+03,7.388154497198463622e-01
1.495000000000000000e+03,9.661608865979149918e-01
1.496000000000000000e+03,7.165178787500225965e-01
1.497000000000000000e+03,7.523533213781502527e-01
1.498000000000000000e+03,8.589900486337862517e-01
1.499000000000000000e+03,7.552629527690278843e-01
1.500000000000000000e+03,7.543086808886160233e-01
1.501000000000000000e+03,8.652194705336266889e-01
1.502000000000000000e+03,9.067401974360440597e-01
1.503000000000000000e+03,7.208921323479177135e-01
1.504000000000000000e+03,7.369700957298139787e-01
1.505000000000000000e+03,7.436356908141517064e-01
1.506000000000000000e+03,9.668641377156638184e-01
1.507000000000000000e+03,8.443551617442800472e-01
1.508000000000000000e+03,7.198054279893142393e-01
1.509000000000000000e+03,7.455142780017607329e-01
1.510000000000000000e+03,8.664388649989873681e-01
1.511000000000000000e+03,9.049030635563568570e-01
1.512000000000000000e+03,7.087372351836263018e-01
1.513000000000000000e+03,6.936442673880628407e-01
1.514000000000000000e+03,7.988220281997954197e-01
1.515000000000000000e+03,9.236680940021214647e-01
1.516000000000000000e+03,9.373666466229200189e-01
1.517000000000000000e+03,7.322722203157834286e-01
1.518000000000000000e+03,7.693698296788294977e-01
1.519000000000000000e+03,8.103362566663547817e-01
1.520000000000000000e+03,8.555068812991768468e-01
1.521000000000000000e+03,7.825861030862505396e-01
1.522000000000000000e+03,6.790813916752762580e-01
1.523000000000000000e+03,6.602114223283633843e-01
1.524000000000000000e+03,9.694020841642035924e-01
1.525000000000000000e+03,8.668867781060192179e-01
1.526000000000000000e+03,8.229424543627781308e-01
1.527000000000000000e+03,6.499656989683672004e-01
1.528000000000000000e+03,7.928203480984661322e-01
1.529000000000000000e+03,9.465747556220331926e-01
1.530000000000000000e+03,8.810573956777842941e-01
1.531000000000000000e+03,6.652557069475064644e-01
1.532000000000000000e+03,7.695889830133362253e-01
1.533000000000000000e+03,9.305317066032015028e-01
1.534000000000000000e+03,5.338874196397260796e-01
1.535000000000000000e+03,8.865143869182947611e-01
1.536000000000000000e+03,6.380266977282266216e-01
1.537000000000000000e+03,7.519731685787921505e-01
1.538000000000000000e+03,1.053883993681942410e+00
1.539000000000000000e+03,1.029194922439266247e+00
1.540000000000000000e+03,9.018896013751610541e-01
1.541000000000000000e+03,1.022145770162854461e+00
1.542000000000000000e+03,1.085660113937221727e+00
1.543000000000000000e+03,1.104231267763303714e+00
1.544000000000000000e+03,9.864049272745215591e-01
1.545000000000000000e+03,8.408360952180176096e-01
1.546000000000000000e+03,1.060482545800013110e+00
1.547000000000000000e+03,1.083092255345492028e+00
1.548000000000000000e+03,1.080556532658779378e+00
1.549000000000000000e+03,1.002467459375886438e+00
1.550000000000000000e+03,9.151337486719904879e-01
1.551000000000000000e+03,1.150848175321689926e+00
1.552000000000000000e+03,1.147876817156670892e+00
1.553000000000000000e+03,1.010656860355921172e+00
1.554000000000000000e+03,9.488080576062887239e-01
1.555000000000000000e+03,1.001524997817603069e+00
1.556000000000000000e+03,1.374433584746818537e+00
1.557000000000000000e+03,1.342460486527478070e+00
1.558000000000000000e+03,1.284949852185459651e+00
1.559000000000000000e+03,1.279451033088740086e+00
1.560000000000000000e+03,1.387534395721452096e+00
1.561000000000000000e+03,1.450835697070051111e+00
1.562000000000000000e+03,1.223590424202516180e+00
1.563000000000000000e+03,1.034689347280958627e+00
1.564000000000000000e+03,1.230808076402870599e+00
1.565000000000000000e+03,1.242866751955744364e+00
1.566000000000000000e+03,1.406458094246049173e+00
1.567000000000000000e+03,9.982715880002108744e-01
1.568000000000000000e+03,9.336747803319627170e-01
1.569000000000000000e+03,1.048301646615208416e+00
1.570000000000000000e+03,1.426935326551680649e+00
1.571000000000000000e+03,1.064049747306212490e+00
1.572000000000000000e+03,1.063993427676489745e+00
1.573000000000000000e+03,9.517109668595440386e-01
1.574000000000000000e+03,1.067121685049972513e+00
1.575000000000000000e+03,1.005061628032897447e+00
1.576000000000000000e+03,9.976866773659480714e-01
1.577000000000000000e+03,1.016824918763375107e+00
1.578000000000000000e+03,1.038032329692195166e+00
1.579000000000000000e+03,9.479452695733928680e-01
1.580000000000000000e+03,1.165872818478448814e+00
1.581000000000000000e+03,1.017934679112907359e+00
1.582000000000000000e+03,9.252315122848848716e-01
1.583000000000000000e+03,1.237664890991727829e+00
1.584000000000000000e+03,1.295598772928153508e+00
1.585000000000000000e+03,1.166758790377050214e+00
1.586000000000000000e+03,8.430894506681689826e-01
1.587000000000000000e+03,7.508437449568721167e-01
1.588000000000000000e+03,1.006926293295600905e+00
1.589000000000000000e+03,8.530036421938590463e-01
1.590000000000000000e+03,9.806410663924548521e-01
1.591000000000000000e+03,5.313859752602657638e-01
1.592000000000000000e+03,9.299260575862603462e-01
1.593000000000000000e+03,1.014640707753233784e+00
1.594000000000000000e+03,7.697304437512543229e-01
1.595000000000000000e+03,8.142369257615404976e-01
1.596000000000000000e+03,8.180842770073121217e-01
1.597000000000000000e+03,9.576736280196882500e-01
1.598000000000000000e+03,1.004788655134887909e+00
1.599000000000000000e+03,1.189216379138768653e+00
1.600000000000000000e+03,1.101521500963902778e+00
1.601000000000000000e+03,1.255789743086401788e+00
1.602000000000000000e+03,1.469406265298257575e+00
1.603000000000000000e+03,1.077438560164102999e+00
1.604000000000000000e+03,1.103603621691753300e+00
1.605000000000000000e+03,1.192562279149653959e+00
1.606000000000000000e+03,1.674325225540576501e+00
1.607000000000000000e+03,1.300888064331677141e+00
1.608000000000000000e+03,1.251590861745724981e+00
1.609000000000000000e+03,8.428755178300572082e-01
1.610000000000000000e+03,1.227062705652865571e+00
1.611000000000000000e+03,1.451611587177957574e+00
1.612000000000000000e+03,1.261179854257958421e+00
1.613000000000000000e+03,1.172224745794587575e+00
1.614000000000000000e+03,1.354316509961711601e+00
1.615000000000000000e+03,1.278446157693334806e+00
1.616000000000000000e+03,1.284854225292291874e+00
1.617000000000000000e+03,1.277242739813153172e+00
1.618000000000000000e+03,1.455681785827546815e+00
1.619000000000000000e+03,1.313492937237765501e+00
1.620000000000000000e+03,1.336493248360154595e+00
1.621000000000000000e+03,1.415104148479706669e+00
1.622000000000000000e+03,1.265175785517644869e+00
1.623000000000000000e+03,1.180713351559848023e+00
1.624000000000000000e+03,1.393752229670647047e+00
1.625000000000000000e+03,1.464358415829484006e+00
1.626000000000000000e+03,1.240840921297964083e+00
1.627000000000000000e+03,1.218554643968168483e+00
1.628000000000000000e+03,1.477162132299373321e+00
1.629000000000000000e+03,1.134907505148810669e+00
1.630000000000000000e+03,9.277323318203265501e-01
1.631000000000000000e+03,8.871553403753409395e-01
1.632000000000000000e+03,1.203244753508939224e+00
1.633000000000000000e+03,1.118135121194896664e+00
1.634000000000000000e+03,1.103297360448079800e+00
1.635000000000000000e+03,9.968696302315219748e-01
1.636000000000000000e+03,7.067400658671698643e-01
1.637000000000000000e+03,7.166439079782986887e-01
1.638000000000000000e+03,9.284774980816379308e-01
1.639000000000000000e+03,8.915197853843768172e-01
1.640000000000000000e+03,7.112715164402984014e-01
1.641000000000000000e+03,9.048387094837778699e-01
1.642000000000000000e+03,8.516739694643791214e-01
1.643000000000000000e+03,8.778768769604211597e-01
1.644000000000000000e+03,6.208338475923756983e-01
1.645000000000000000e+03,7.202618765187814853e-01
1.646000000000000000e+03,7.166402887935601207e-01
1.647000000000000000e+03,8.420662188452056052e-01
1.648000000000000000e+03,6.951853667372703827e-01
1.649000000000000000e+03,8.711046414904491941e-01
1.650000000000000000e+03,5.162215505522996795e-01
1.651000000000000000e+03,7.738881525012989426e-01
1.652000000000000000e+03,7.425590413816424151e-01
1.653000000000000000e+03,5.989471171169340469e-01
1.654000000000000000e+03,4.908122470195789289e-01
1.655000000000000000e+03,7.695094894593597079e-01
1.656000000000000000e+03,7.582025398564425922e-01
1.657000000000000000e+03,7.404619795863098819e-01
1.658000000000000000e+03,6.034374354977234400e-01
1.659000000000000000e+03,6.402766778100535960e-01
1.660000000000000000e+03,6.961061456523367497e-01
1.661000000000000000e+03,4.108400304692307325e-01
1.662000000000000000e+03,5.723585642519057881e-01
1.663000000000000000e+03,5.473399262848033242e-01
1.664000000000000000e+03,7.353120238075487869e-01
1.665000000000000000e+03,8.162748788271998457e-01
1.666000000000000000e+03,7.477822010436230293e-01
1.667000000000000000e+03,5.060426598628955386e-01
1.668000000000000000e+03,5.442579496819958118e-01
1.669000000000000000e+03,7.427185456487531701e-01
1.670000000000000000e+03,7.169547818845658504e-01
1.671000000000000000e+03,5.088525938164913942e-01
1.672000000000000000e+03,4.307275210552756750e-01
1.673000000000000000e+03,2.128487062612685610e-01
1.674000000000000000e+03,7.626484999271091469e-01
1.675000000000000000e+03,6.371798800743011526e-01
1.676000000000000000e+03,4.180930436586878240e-01
1.677000000000000000e+03,4.115787668539913069e-01
1.678000000000000000e+03,6.439561549857197864e-01
1.679000000000000000e+03,7.280961243853064646e-01
1.680000000000000000e+03,6.514829520338091262e-01
1.681000000000000000e+03,4.925595428474903725e-01
1.682000000000000000e+03,5.736425868260428551e-01
1.683000000000000000e+03,6.936517304258037475e-01
1.684000000000000000e+03,6.844740837524714294e-01
1.685000000000000000e+03,6.799176402918273299e-01
1.686000000000000000e+03,4.485188460568376168e-01
1.687000000000000000e+03,5.121935780222260925e-01
1.688000000000000000e+03,7.367948825950599856e-01
1.689000000000000000e+03,7.320675274948299505e-01
1.690000000000000000e+03,5.389183000084483144e-01
1.691000000000000000e+03,5.253112491075961898e-01
1.692000000000000000e+03,6.512196748116111378e-01
1.693000000000000000e+03,5.766964451910259193e-01
1.694000000000000000e+03,4.883979875748363786e-01
1.695000000000000000e+03,5.173859064124788354e-01
1.696000000000000000e+03,5.863976980685657869e-01
1.697000000000000000e+03,6.540067922233353537e-01
1.698000000000000000e+03,3.645065656537873067e-01
1.699000000000000000e+03,1.306296828605585381e-01
1.700000000000000000e+03,1.970301485107433526e-01
1.701000000000000000e+03,6.474440385297519640e-01
1.702000000000000000e+03,6.841455269585530186e-01
1.703000000000000000e+03,5.974928812588684579e-01
1.704000000000000000e+03,7.194440891642635005e-01
1.705000000000000000e+03,4.980411827037116157e-01
1.706000000000000000e+03,6.936281626109204179e-01
1.707000000000000000e+03,6.808754645555674667e-01
1.708000000000000000e+03,5.217706766724676815e-01
1.709000000000000000e+03,4.067734419144461433e-01
1.710000000000000000e+03,7.897355148010285486e-01
1.711000000000000000e+03,6.773162205750880016e-01
1.712000000000000000e+03,5.229967306185583364e-01
1.713000000000000000e+03,5.192813259031023865e-01
1.714000000000000000e+03,5.727528857946875274e-01
1.715000000000000000e+03,9.159167379271007103e-01
1.716000000000000000e+03,6.673765903929609333e-01
1.717000000000000000e+03,5.652901208253102716e-01
1.718000000000000000e+03,5.140908461866795509e-01
1.719000000000000000e+03,7.474892175287402019e-01
1.720000000000000000e+03,6.722900166765907182e-01
1.721000000000000000e+03,3.034074703100321235e-01
1.722000000000000000e+03,2.675619451126355353e-01
1.723000000000000000e+03,1.177633808189428311e-01
1.724000000000000000e+03,4.271719608318481631e-01
1.725000000000000000e+03,3.454076502342137145e-01
1.726000000000000000e+03,2.110734890188024626e-01
1.727000000000000000e+03,3.991352055297742174e-02
1.728000000000000000e+03,5.283556109823636104e-01
1.729000000000000000e+03,4.647369732482232729e-01
1.730000000000000000e+03,5.200234318887555496e-01
1.731000000000000000e+03,2.712754629230348380e-01
1.732000000000000000e+03,4.753517196536767297e-01
1.733000000000000000e+03,6.371383524838034607e-01
1.734000000000000000e+03,7.163877082990183220e-01
1.735000000000000000e+03,2.833846275798306280e-01
1.736000000000000000e+03,2.005017207950303970e-01
1.737000000000000000e+03,9.288188735899585713e-02
1.738000000000000000e+03,3.114082083771378962e-01
1.739000000000000000e+03,3.442080439493793165e-01
1.740000000000000000e+03,3.755236416152706314e-01
1.741000000000000000e+03,2.955294599611328898e-01
1.742000000000000000e+03,3.813641247834061998e-01
1.743000000000000000e+03,7.356502618130007498e-01
1.744000000000000000e+03,3.943363266485960805e-01
1.745000000000000000e+03,2.445356705108509277e-01
1.746000000000000000e+03,4.689683281974159623e-01
1.747000000000000000e+03,4.143732303183282339e-01
1.748000000000000000e+03,5.838077657058076131e-01
1.749000000000000000e+03,6.709505399585993235e-01
1.750000000000000000e+03,6.360745162708749678e-01
1.751000000000000000e+03,7.651283905421950582e-01
1.752000000000000000e+03,9.418031436924430011e-01
1.753000000000000000e+03,6.299558314106994406e-01
1.754000000000000000e+03,7.104887310539345080e-01
1.755000000000000000e+03,6.970613042588582609e-01
1.756000000000000000e+03,8.074909669357888120e-01
1.757000000000000000e+03,7.442675978563619843e-01
1.758000000000000000e+03,4.915946991748657013e-01
1.759000000000000000e+03,5.079321199267756715e-01
1.760000000000000000e+03,7.511843405004368091e-01
1.761000000000000000e+03,8.569647611577695390e-01
1.762000000000000000e+03,8.685326373136714739e-01
1.763000000000000000e+03,5.109079876045690138e-01
1.764000000000000000e+03,5.923336662580642731e-01
1.765000000000000000e+03,9.045017380225659487e-01
1.766000000000000000e+03,9.508743369921386357e-01
1.767000000000000000e+03,8.413719270512742821e-01
1.768000000000000000e+03,9.495364329092772504e-01
1.769000000000000000e+03,5.506671019485609442e-01
1.770000000000000000e+03,7.643708168967746630e-01
1.771000000000000000e+03,1.052189716033023359e+00
1.772000000000000000e+03,8.524768269790796715e-01
1.773000000000000000e+03,7.953203238772297290e-01
1.774000000000000000e+03,9.854851529364099250e-01
1.775000000000000000e+03,6.443597075277485153e-01
1.776000000000000000e+03,7.837955510594385444e-01
1.777000000000000000e+03,7.869240110116960674e-01
1.778000000000000000e+03,8.671127008151440219e-01
1.779000000000000000e+03,1.189175271226781128e+00
1.780000000000000000e+03,6.964032665337619443e-01
1.781000000000000000e+03,6.708464740158175399e-01
1.782000000000000000e+03,8.965574477201265768e-01
1.783000000000000000e+03,8.362984462981883915e-01
1.784000000000000000e+03,7.532755247274245392e-01
1.785000000000000000e+03,6.068105399311605197e-01
1.786000000000000000e+03,8.136126032547260634e-01
1.787000000000000000e+03,7.240849725603352161e-01
1.788000000000000000e+03,1.021422030445380491e+00
1.789000000000000000e+03,1.008549538694041736e+00
1.790000000000000000e+03,6.634876444717017208e-01
1.791000000000000000e+03,6.777335284050231001e-01
1.792000000000000000e+03,8.108771439729904884e-01
1.793000000000000000e+03,8.247525761162579627e-01
1.794000000000000000e+03,8.366109539729033040e-01
1.795000000000000000e+03,5.612440882972375977e-01
1.796000000000000000e+03,7.111416154611079898e-01
1.797000000000000000e+03,1.020198783135350507e+00
1.798000000000000000e+03,8.315313912097800353e-01
1.799000000000000000e+03,6.498322147046464714e-01
1.800000000000000000e+03,6.315806353439489262e-01
1.801000000000000000e+03,8.692768354597554259e-01
1.802000000000000000e+03,6.455130963780318920e-01
1.803000000000000000e+03,8.696049133996495151e-01
1.804000000000000000e+03,6.542727035063082841e-01
1.805000000000000000e+03,7.026306067267159561e-01
1.806000000000000000e+03,9.404418834393553084e-01
1.807000000000000000e+03,8.176227875134544076e-01
1.808000000000000000e+03,4.035608043434854575e-01
1.809000000000000000e+03,6.326724840061014321e-01
1.810000000000000000e+03,7.786017381625157663e-01
1.811000000000000000e+03,8.870235452129848763e-01
1.812000000000000000e+03,1.045581385554215093e+00
1.813000000000000000e+03,6.239803986016074777e-01
1.814000000000000000e+03,7.358787403589387432e-01
1.815000000000000000e+03,1.086442013050197275e+00
1.816000000000000000e+03,5.376174383915668376e-01
1.817000000000000000e+03,4.265835639628683951e-01
1.818000000000000000e+03,5.566031981037105059e-01
1.819000000000000000e+03,8.994947922353653258e-01
1.820000000000000000e+03,1.001126488191194319e+00
1.821000000000000000e+03,6.649074013700686514e-01
1.822000000000000000e+03,5.701151685084133725e-01
1.823000000000000000e+03,8.483088853321824052e-01
1.824000000000000000e+03,1.036335040780160144e+00
1.825000000000000000e+03,8.917556437829466942e-01
1.826000000000000000e+03,7.409069936082989249e-01
1.827000000000000000e+03,6.609718426172208616e-01
1.828000000000000000e+03,1.024162851538304331e+00
1.829000000000000000e+03,9.015639444245747702e-01
1.830000000000000000e+03,6.138812496316546907e-01
1.831000000000000000e+03,6.321633451179557994e-01
1.832000000000000000e+03,6.833077350286296259e-01
1.833000000000000000e+03,7.823208008575360806e-01
1.834000000000000000e+03,8.216212476210255078e-01
1.835000000000000000e+03,7.671799060928133907e-01
1.836000000000000000e+03,6.594074120962699626e-01
1.837000000000000000e+03,9.345579744910539333e-01
1.838000000000000000e+03,8.533649839444994445e-01
1.839000000000000000e+03,5.407692508968873213e-01
1.840000000000000000e+03,6.460906190224336987e-01
1.841000000000000000e+03,7.778859808891307459e-01
1.842000000000000000e+03,8.831071496224834894e-01
1.843000000000000000e+03,9.649410909578942652e-01
1.844000000000000000e+03,7.139243894896544207e-01
1.845000000000000000e+03,5.919029340334793776e-01
1.846000000000000000e+03,7.232296759657333984e-01
1.847000000000000000e+03,9.777104197356855098e-01
1.848000000000000000e+03,8.095624156043706998e-01
1.849000000000000000e+03,1.051668486905030786e+00
1.850000000000000000e+03,8.024728515021752884e-01
1.851000000000000000e+03,8.620046338442360900e-01
1.852000000000000000e+03,7.220878149750181718e-01
1.853000000000000000e+03,6.755123686792879889e-01
1.854000000000000000e+03,5.118018611327116441e-01
1.855000000000000000e+03,6.779911454489488953e-01
1.856000000000000000e+03,7.326405018214572351e-01
1.857000000000000000e+03,9.875342610998977255e-01
1.858000000000000000e+03,5.858941413881888494e-01
1.859000000000000000e+03,9.120565402569388302e-01
1.860000000000000000e+03,7.693572434474712507e-01
1.861000000000000000e+03,7.539957954413240016e-01
1.862000000000000000e+03,4.873546264914712101e-01
1.863000000000000000e+03,5.063902519190449647e-01
1.864000000000000000e+03,7.327679739700303507e-01
1.865000000000000000e+03,8.573129783942191606e-01
1.866000000000000000e+03,8.867205302427975111e-01
1.867000000000000000e+03,8.316198412604408619e-01
1.868000000000000000e+03,6.524201326753601426e-01
1.869000000000000000e+03,7.435655508699797744e-01
1.870000000000000000e+03,1.060654006765187063e+00
1.871000000000000000e+03,7.007212513674934140e-01
1.872000000000000000e+03,4.901120455356581251e-01
1.873000000000000000e+03,8.987520027494072528e-01
1.874000000000000000e+03,1.194871728208716899e+00
1.875000000000000000e+03,1.262762402348624802e+00
1.876000000000000000e+03,9.204744716524081438e-01
1.877000000000000000e+03,1.062743115897150092e+00
1.878000000000000000e+03,1.199130913222838268e+00
1.879000000000000000e+03,1.235564526273584596e+00
1.880000000000000000e+03,1.333830450910533871e+00
1.881000000000000000e+03,9.363905260067165726e-01
1.882000000000000000e+03,1.071662069235069570e+00
1.883000000000000000e+03,1.040111019690630911e+00
1.884000000000000000e+03,1.585930379807716450e+00
1.885000000000000000e+03,1.512649654916456754e+00
1.886000000000000000e+03,1.328298926714137185e+00
1.887000000000000000e+03,1.633022131806642907e+00
1.888000000000000000e+03,1.596748724512420115e+00
1.889000000000000000e+03,1.533276317602970451e+00
1.890000000000000000e+03,1.560597832627516501e+00
1.891000000000000000e+03,1.511276389369675899e+00
1.892000000000000000e+03,1.729417153469316570e+00
1.893000000000000000e+03,1.744815824735208798e+00
1.894000000000000000e+03,1.465685617855466027e+00
1.895000000000000000e+03,1.443073875423185770e+00
1.896000000000000000e+03,1.791204624734774375e+00
1.897000000000000000e+03,1.797919670002014580e+00
1.898000000000000000e+03,1.399269680367850155e+00
1.899000000000000000e+03,1.906152725779092227e+00
1.900000000000000000e+03,1.944407784356573021e+00
1.901000000000000000e+03,1.985156524486369145e+00
1.902000000000000000e+03,1.916225594413335065e+00
1.903000000000000000e+03,2.166797738342440383e+00
1.904000000000000000e+03,1.646806796000075623e+00
1.905000000000000000e+03,1.948466224621421716e+00
1.906000000000000000e+03,2.106032372328241031e+00
1.907000000000000000e+03,2.062284749555001628e+00
1.908000000000000000e+03,2.076335221870209580e+00
1.909000000000000000e+03,1.960026213577270804e+00
1.910000000000000000e+03,1.899153840148273487e+00
1.911000000000000000e+03,2.090352823805826432e+00
1.912000000000000000e+03,2.008788218787155966e+00
1.913000000000000000e+03,1.759975585916304652e+00
1.914000000000000000e+03,1.969794315163963638e+00
1.915000000000000000e+03,2.133739991861599350e+00
1.916000000000000000e+03,1.781636454546511539e+00
1.917000000000000000e+03,2.026286020756127293e+00
1.918000000000000000e+03,2.010308860194138791e+00
1.919000000000000000e+03,2.016923232314657088e+00
1.920000000000000000e+03,2.009409951780644299e+00
1.921000000000000000e+03,2.219680759859879782e+00
1.922000000000000000e+03,2.022196709720050389e+00
1.923000000000000000e+03,2.209388436044300796e+00
1.924000000000000000e+03,2.150027713721753830e+00
1.925000000000000000e+03,2.428350548266728470e+00
1.926000000000000000e+03,2.044174960017698606e+00
1.927000000000000000e+03,2.134257311256432921e+00
1.928000000000000000e+03,2.264731991027684188e+00
1.929000000000000000e+03,2.462507106173604576e+00
1.930000000000000000e+03,2.411079974596241904e+00
1.931000000000000000e+03,2.282074309739710039e+00
1.932000000000000000e+03,1.959539333178716536e+00
1.933000000000000000e+03,1.979141703449766920e+00
1.934000000000000000e+03,2.332644649720491792e+00
1.935000000000000000e+03,2.123135286333598160e+00
1.936000000000000000e+03,1.829725894139137887e+00
1.937000000000000000e+03,2.062353660216495577e+00
1.938000000000000000e+03,2.199147538398931623e+00
1.939000000000000000e+03,2.151484288337387696e+00
1.940000000000000000e+03,2.150919949292887878e+00
1.941000000000000000e+03,2.180204757720989761e+00
1.942000000000000000e+03,2.180768826762115253e+00
1.943000000000000000e+03,2.225435566607407267e+00
1.944000000000000000e+03,2.363894197324014179e+00
1.945000000000000000e+03,2.010372155598193267e+00
1.946000000000000000e+03,2.188000304428935117e+00
1.947000000000000000e+03,1.937063854964214737e+00
1.948000000000000000e+03,2.211185846527339294e+00
1.949000000000000000e+03,1.996288235988057602e+00
1.950000000000000000e+03,2.241053428280344484e+00
1.951000000000000000e+03,2.225096691833854834e+00
1.952000000000000000e+03,2.399755814369101792e+00
1.953000000000000000e+03,2.151653176875531592e+00
1.954000000000000000e+03,1.968088796453839828e+00
1.955000000000000000e+03,2.153664832701402965e+00
1.956000000000000000e+03,2.113511001968721992e+00
1.957000000000000000e+03,2.173914588780631263e+00
1.958000000000000000e+03,2.028172645494624504e+00
1.959000000000000000e+03,2.035332170934679219e+00
1.960000000000000000e+03,2.366397952114011716e+00
1.961000000000000000e+03,2.271034056592776906e+00
1.962000000000000000e+03,2.389218203823029185e+00
1.963000000000000000e+03,2.024239171346842170e+00
1.964000000000000000e+03,2.205196426275239929e+00
1.965000000000000000e+03,2.413704130178480955e+00
1.966000000000000000e+03,2.314044907012476227e+00
1.967000000000000000e+03,2.019814043414382532e+00
1.968000000000000000e+03,2.175641153355553747e+00
1.969000000000000000e+03,2.266330230020381808e+00
1.970000000000000000e+03,2.534939609260586924e+00
1.971000000000000000e+03,2.108443185408210852e+00
1.972000000000000000e+03,2.309580670827326099e+00
1.973000000000000000e+03,2.110005302001304539e+00
1.974000000000000000e+03,2.506228088660465314e+00
1.975000000000000000e+03,2.625224040091993505e+00
1.976000000000000000e+03,2.195417374630177054e+00
1.977000000000000000e+03,2.443144311593721696e+00
1.978000000000000000e+03,2.248529487964554985e+00
1.979000000000000000e+03,2.292129682286939030e+00
1.980000000000000000e+03,2.356652787986833086e+00
1.981000000000000000e+03,2.486682401497893213e+00
1.982000000000000000e+03,2.167194298180491252e+00
1.983000000000000000e+03,2.379282216162073471e+00
1.984000000000000000e+03,2.455196560348642087e+00
1.985000000000000000e+03,2.512795008139186770e+00
1.986000000000000000e+03,2.264835132372121418e+00
1.987000000000000000e+03,2.344168400338583425e+00
1.988000000000000000e+03,2.503382288328861449e+00
1.989000000000000000e+03,2.094414791154331823e+00
1.990000000000000000e+03,2.248741926247860068e+00
1.991000000000000000e+03,2.000335048931458193e+00
1.992000000000000000e+03,2.476757544987105319e+00
1.993000000000000000e+03,2.468485916436775618e+00
1.994000000000000000e+03,2.163306357200579733e+00
1.995000000000000000e+03,2.060691961128301664e+00
1.996000000000000000e+03,2.313206586572999157e+00
1.997000000000000000e+03,2.458371775550511007e+00
1.998000000000000000e+03,2.379098610554636117e+00
1.999000000000000000e+03,2.184897364600410175e+00
2.000000000000000000e+03,2.172948328644576765e+00
2.001000000000000000e+03,2.332768075044236777e+00
2.002000000000000000e+03,2.507523005086884194e+00
2.003000000000000000e+03,2.196607996134519070e+00
2.004000000000000000e+03,2.029298304464077773e+00
2.005000000000000000e+03,2.226755306748058771e+00
2.006000000000000000e+03,2.392777969082018785e+00
2.007000000000000000e+03,2.029808259331041587e+00
2.008000000000000000e+03,2.092633205064616142e+00
2.009000000000000000e+03,1.998937853629674022e+00
2.010000000000000000e+03,2.424419652687550553e+00
2.011000000000000000e+03,2.706241233830890991e+00
2.012000000000000000e+03,2.413221331848813378e+00
2.013000000000000000e+03,2.311191283059986112e+00
2.014000000000000000e+03,2.516940208897465059e+00
2.015000000000000000e+03,2.386382865312406398e+00
2.016000000000000000e+03,2.465495073244610147e+00
2.017000000000000000e+03,2.333492324519101047e+00
2.018000000000000000e+03,2.351689970074888336e+00
2.019000000000000000e+03,2.317917360458704223e+00
2.020000000000000000e+03,2.533520335228787168e+00
2.021000000000000000e+03,2.443772682433432042e+00
2.022000000000000000e+03,2.240793701281693640e+00
2.023000000000000000e+03,2.254511407483366980e+00
2.024000000000000000e+03,2.695226972637292384e+00
2.025000000000000000e+03,2.401947687247908192e+00
2.026000000000000000e+03,2.561189712501836357e+00
2.027000000000000000e+03,2.402161977115931712e+00
2.028000000000000000e+03,2.316814507560267522e+00
2.029000000000000000e+03,2.480026600005102999e+00
2.030000000000000000e+03,2.347342071401199881e+00
2.031000000000000000e+03,2.463677914685717507e+00
2.032000000000000000e+03,2.250127551359614397e+00
2.033000000000000000e+03,2.442667470663871132e+00
2.034000000000000000e+03,2.569174466555031788e+00
2.035000000000000000e+03,2.515082011078335622e+00
2.036000000000000000e+03,2.357329233394021895e+00
2.037000000000000000e+03,2.300884517853480471e+00
2.038000000000000000e+03,2.532508258763821463e+00
2.039000000000000000e+03,2.260334129411006199e+00
2.040000000000000000e+03,2.198523474910106579e+00
2.041000000000000000e+03,2.178166025154369301e+00
2.042000000000000000e+03,2.210885031421166769e+00
2.043000000000000000e+03,2.453306517024037348e+00
2.044000000000000000e+03,2.315585117835556428e+00
2.045000000000000000e+03,2.203725555464085328e+00
2.046000000000000000e+03,2.288022119938734278e+00
2.047000000000000000e+03,2.431820186770944581e+00
2.048000000000000000e+03,2.392663991371236420e+00
2.049000000000000000e+03,2.270452329269414982e+00
2.050000000000000000e+03,2.364796261050750470e+00
2.051000000000000000e+03,2.414086381701813888e+00
2.052000000000000000e+03,2.420798644578612269e+00
2.053000000000000000e+03,2.243817382408111794e+00
2.054000000000000000e+03,2.053516723189996895e+00
2.055000000000000000e+03,2.130544527491369244e+00
2.056000000000000000e+03,2.121741953419217008e+00
2.057000000000000000e+03,2.041903797581670510e+00
2.058000000000000000e+03,1.901217217529587611e+00
2.059000000000000000e+03,1.877964834996994625e+00
2.060000000000000000e+03,2.323679651899778431e+00
2.061000000000000000e+03,2.417266534848824477e+00
2.062000000000000000e+03,2.386889670150246445e+00
2.063000000000000000e+03,2.168935277635066772e+00
2.064000000000000000e+03,2.301416573827272494e+00
2.065000000000000000e+03,2.567010694718654840e+00
2.066000000000000000e+03,2.406518286658063666e+00
2.067000000000000000e+03,2.358764623507738634e+00
2.068000000000000000e+03,2.359877194325847860e+00
2.069000000000000000e+03,2.277197668830929445e+00
2.070000000000000000e+03,2.417725855022468728e+00
2.071000000000000000e+03,2.512635105346005204e+00
2.072000000000000000e+03,2.501691637562393211e+00
2.073000000000000000e+03,2.338958760832313466e+00
2.074000000000000000e+03,2.580517451595294887e+00
2.075000000000000000e+03,2.425184521937514326e+00
2.076000000000000000e+03,2.346037449085462079e+00
2.077000000000000000e+03,2.211572886769942237e+00
2.078000000000000000e+03,2.517061531795103946e+00
2.079000000000000000e+03,2.502207595995022515e+00
2.080000000000000000e+03,2.302522868996240923e+00
2.081000000000000000e+03,1.978848319444849846e+00
2.082000000000000000e+03,2.057921232863878291e+00
2.083000000000000000e+03,2.041651025872585290e+00
2.084000000000000000e+03,2.448142167707688888e+00
2.085000000000000000e+03,2.342442656405834267e+00
2.086000000000000000e+03,2.473661592670130194e+00
2.087000000000000000e+03,2.466363128023241647e+00
2.088000000000000000e+03,2.375357088646798953e+00
2.089000000000000000e+03,2.380137568414748106e+00
2.090000000000000000e+03,2.001078502427108941e+00
2.091000000000000000e+03,2.078152626525120450e+00
2.092000000000000000e+03,2.039829383835238819e+00
2.093000000000000000e+03,2.446235126404898264e+00
2.094000000000000000e+03,2.143739328066436745e+00
2.095000000000000000e+03,1.830449129897749661e+00
2.096000000000000000e+03,1.844883006513351020e+00
2.097000000000000000e+03,1.917867466749129335e+00
2.098000000000000000e+03,1.987555837027212835e+00
2.099000000000000000e+03,1.924061858460731411e+00
2.100000000000000000e+03,2.038152089066106676e+00
2.101000000000000000e+03,2.130549894634293118e+00
2.102000000000000000e+03,2.123017079335291157e+00
2.103000000000000000e+03,1.855897526366045103e+00
2.104000000000000000e+03,1.772303628405606180e+00
2.105000000000000000e+03,1.968252227243413532e+00
2.106000000000000000e+03,2.101915477563547796e+00
2.107000000000000000e+03,2.029914159188506151e+00
2.108000000000000000e+03,1.880592604648493094e+00
2.109000000000000000e+03,1.895846169293269323e+00
2.110000000000000000e+03,2.101500354921800540e+00
2.111000000000000000e+03,2.329371829375321390e+00
2.112000000000000000e+03,2.293554904770973124e+00
2.113000000000000000e+03,2.212598148954438404e+00
2.114000000000000000e+03,2.280632961628222155e+00
2.115000000000000000e+03,2.046795770655247093e+00
2.116000000000000000e+03,2.165327148615952879e+00
2.117000000000000000e+03,1.830441280634332646e+00
2.118000000000000000e+03,1.794629789477683257e+00
2.119000000000000000e+03,2.050632965793719009e+00
2.120000000000000000e+03,2.323680837565685220e+00
2.121000000000000000e+03,2.234082375187479652e+00
2.122000000000000000e+03,2.354711342953016651e+00
2.123000000000000000e+03,2.154929466381346082e+00
2.124000000000000000e+03,2.326838936454161733e+00
2.125000000000000000e+03,2.276063815875215557e+00
2.126000000000000000e+03,2.156765072169452679e+00
2.127000000000000000e+03,2.222067229161177160e+00
2.128000000000000000e+03,2.173518120076950666e+00
2.129000000000000000e+03,2.462064689908594506e+00
2.130000000000000000e+03,2.217377601699870748e+00
2.131000000000000000e+03,1.980408478551311857e+00
2.132000000000000000e+03,2.096678396225484686e+00
2.133000000000000000e+03,2.277463992492566369e+00
2.134000000000000000e+03,2.230135012056573718e+00
2.135000000000000000e+03,2.073741232507714027e+00
2.136000000000000000e+03,1.996031399963380748e+00
2.137000000000000000e+03,2.188580164273632889e+00
2.138000000000000000e+03,2.210801063050022108e+00
2.139000000000000000e+03,2.283364100062570845e+00
2.140000000000000000e+03,2.039572173408594313e+00
2.141000000000000000e+03,2.119670901847296118e+00
2.142000000000000000e+03,2.390945950478164939e+00
2.143000000000000000e+03,2.234958353390102292e+00
2.144000000000000000e+03,2.182053992546887144e+00
2.145000000000000000e+03,2.408162089206138834e+00
2.146000000000000000e+03,2.501204051438191467e+00
2.147000000000000000e+03,2.419785946445851099e+00
2.148000000000000000e+03,2.498652767753132942e+00
2.149000000000000000e+03,1.964591844468407844e+00
2.150000000000000000e+03,2.065018514482274803e+00
2.151000000000000000e+03,2.673207631779930704e+00
2.152000000000000000e+03,2.655745581178632797e+00
2.153000000000000000e+03,2.100825616221606129e+00
2.154000000000000000e+03,2.100272167956276803e+00
2.155000000000000000e+03,1.893442021596137170e+00
2.156000000000000000e+03,2.348558926331247854e+00
2.157000000000000000e+03,2.121777234775062304e+00
2.158000000000000000e+03,2.006458704378927038e+00
2.159000000000000000e+03,2.228954903579053237e+00
2.160000000000000000e+03,2.529146902894024329e+00
2.161000000000000000e+03,2.480524620032152683e+00
2.162000000000000000e+03,2.349388301581594618e+00
2.163000000000000000e+03,2.486338943099023702e+00
2.164000000000000000e+03,2.249283018270090473e+00
2.165000000000000000e+03,2.522639907633323908e+00
2.166000000000000000e+03,2.435178054168646966e+00
2.167000000000000000e+03,2.277280187559052038e+00
2.168000000000000000e+03,2.609991820122995243e+00
2.169000000000000000e+03,2.335570029519931978e+00
2.170000000000000000e+03,2.601383690852694386e+00
2.171000000000000000e+03,2.427191913503317977e+00
2.172000000000000000e+03,2.399241299937339811e+00
2.173000000000000000e+03,2.403303011864451832e+00
2.174000000000000000e+03,2.506051566785889584e+00
2.175000000000000000e+03,2.195382753181109425e+00
2.176000000000000000e+03,2.269141395481969248e+00
2.177000000000000000e+03,2.264243294552336749e+00
2.178000000000000000e+03,2.491469677554411177e+00
2.179000000000000000e+03,2.446476282922812828e+00
2.180000000000000000e+03,2.450469557762793293e+00
2.181000000000000000e+03,2.374864316710105783e+00
2.182000000000000000e+03,2.353927350781420458e+00
2.183000000000000000e+03,2.440929622244639496e+00
2.184000000000000000e+03,2.503636784478422861e+00
2.185000000000000000e+03,2.418652352950231510e+00
2.186000000000000000e+03,2.144891091688266194e+00
2.187000000000000000e+03,2.406634269457407882e+00
2.188000000000000000e+03,2.149991240041910778e+00
2.189000000000000000e+03,2.159858438509126177e+00
2.190000000000000000e+03,1.982853220099829006e+00
2.191000000000000000e+03,2.163319526149702021e+00
2.192000000000000000e+03,2.258932543873680920e+00
2.193000000000000000e+03,2.493762646560858887e+00
2.194000000000000000e+03,2.074798065131725266e+00
2.195000000000000000e+03,1.956267078639743806e+00
2.196000000000000000e+03,2.118311466478518756e+00
2.197000000000000000e+03,2.231383001329582338e+00
2.198000000000000000e+03,2.197834577600464634e+00
2.199000000000000000e+03,2.147639112566521291e+00
2.200000000000000000e+03,1.970272262517630324e+00
2.201000000000000000e+03,2.246019638511046246e+00
2.202000000000000000e+03,2.084437359790886291e+00
2.203000000000000000e+03,2.077264562551570215e+00
2.204000000000000000e+03,1.965414040230109460e+00
2.205000000000000000e+03,2.173248435098463993e+00
2.206000000000000000e+03,1.974254350140767222e+00
2.207000000000000000e+03,2.106164987982623416e+00
2.208000000000000000e+03,2.059311004835365111e+00
2.209000000000000000e+03,1.806762005183945030e+00
2.210000000000000000e+03,1.908645934498505392e+00
2.211000000000000000e+03,2.074397769575760275e+00
2.212000000000000000e+03,1.746188548248492900e+00
2.213000000000000000e+03,1.691742926770641864e+00
2.214000000000000000e+03,1.957884860002693239e+00
2.215000000000000000e+03,1.899588631602598943e+00
2.216000000000000000e+03,1.902893502787299740e+00
2.217000000000000000e+03,1.708874086592711672e+00
2.218000000000000000e+03,1.669567836615578171e+00
2.219000000000000000e+03,1.646928371975308947e+00
2.220000000000000000e+03,1.883337815864442266e+00
2.221000000000000000e+03,1.868179818517722968e+00
2.222000000000000000e+03,1.578092482941308772e+00
2.223000000000000000e+03,1.489307880933688377e+00
2.224000000000000000e+03,1.574323514843777527e+00
2.225000000000000000e+03,1.637163109825780172e+00
2.226000000000000000e+03,1.405927946647139271e+00
2.227000000000000000e+03,1.329329103107771637e+00
2.228000000000000000e+03,1.470232034300434698e+00
2.229000000000000000e+03,1.668587520819519554e+00
2.230000000000000000e+03,1.390963957330812351e+00
2.231000000000000000e+03,1.080536208191037684e+00
2.232000000000000000e+03,1.415129239860806853e+00
2.233000000000000000e+03,1.610003256806653571e+00
2.234000000000000000e+03,1.811094432139534804e+00
2.235000000000000000e+03,1.686595621505853071e+00
2.236000000000000000e+03,1.581164045364579884e+00
2.237000000000000000e+03,1.739361994561202218e+00
2.238000000000000000e+03,2.062636903995011650e+00
2.239000000000000000e+03,1.876130145816607753e+00
2.240000000000000000e+03,1.741573167510600095e+00
2.241000000000000000e+03,1.912247802388277185e+00
2.242000000000000000e+03,2.017795690352499172e+00
2.243000000000000000e+03,1.874421079262758694e+00
2.244000000000000000e+03,1.746481354083807558e+00
2.245000000000000000e+03,1.861424421627348780e+00
2.246000000000000000e+03,2.086811880247074313e+00
2.247000000000000000e+03,2.027238091147057553e+00
2.248000000000000000e+03,2.083841714796077049e+00
2.249000000000000000e+03,1.808809669375781137e+00
2.250000000000000000e+03,1.830005432388304598e+00
2.251000000000000000e+03,2.095555180326581279e+00
2.252000000000000000e+03,2.412424015566280389e+00
2.253000000000000000e+03,2.296740607481707386e+00
2.254000000000000000e+03,1.945340551777480442e+00
2.255000000000000000e+03,2.003885247083005972e+00
2.256000000000000000e+03,2.121905315930933789e+00
2.257000000000000000e+03,1.993942919319057872e+00
2.258000000000000000e+03,1.848228205126622559e+00
2.259000000000000000e+03,1.953980581125611238e+00
2.260000000000000000e+03,2.323329062780620902e+00
2.261000000000000000e+03,2.277212106036511585e+00
2.262000000000000000e+03,2.380898588891143142e+00
2.263000000000000000e+03,2.046541988329929396e+00
2.264000000000000000e+03,1.872262923312723260e+00
2.265000000000000000e+03,1.992063436846044810e+00
2.266000000000000000e+03,2.011519573913012060e+00
2.267000000000000000e+03,1.824548744499522757e+00
2.268000000000000000e+03,1.814450491825808864e+00
2.269000000000000000e+03,2.214963451920832327e+00
2.270000000000000000e+03,1.939340025316333760e+00
2.271000000000000000e+03,1.855217189785729026e+00
2.272000000000000000e+03,1.769743169044903253e+00
2.273000000000000000e+03,1.947297815553893807e+00
2.274000000000000000e+03,1.754151210821408569e+00
2.275000000000000000e+03,2.034365615625645773e+00
2.276000000000000000e+03,1.763227004381508367e+00
2.277000000000000000e+03,1.830317628931553919e+00
2.278000000000000000e+03,1.955571357444419123e+00
2.279000000000000000e+03,2.038782902418272869e+00
2.280000000000000000e+03,1.918290688140027012e+00
2.281000000000000000e+03,1.815062859577307730e+00
2.282000000000000000e+03,1.858167228540332561e+00
2.283000000000000000e+03,2.178922750855353030e+00
2.284000000000000000e+03,2.140637558054453216e+00
2.285000000000000000e+03,2.003865278931774352e+00
2.286000000000000000e+03,1.943286618217053174e+00
2.287000000000000000e+03,2.212812668263440585e+00
2.288000000000000000e+03,2.186216759162574519e+00
2.289000000000000000e+03,2.107409227148274056e+00
2.290000000000000000e+03,1.751787109756743677e+00
2.291000000000000000e+03,1.838523447966475155e+00
2.292000000000000000e+03,1.801587154202572982e+00
2.293000000000000000e+03,2.011330260446487550e+00
2.294000000000000000e+03,1.791927355853565329e+00
2.295000000000000000e+03,1.767641896260478740e+00
2.296000000000000000e+03,1.811682207138977097e+00
2.297000000000000000e+03,1.913891252246390673e+00
2.298000000000000000e+03,1.826007602797266260e+00
2.299000000000000000e+03,1.746019478511821488e+00
2.300000000000000000e+03,1.805653195941734346e+00
2.301000000000000000e+03,1.856574237066894728e+00
2.302000000000000000e+03,2.004966647277611091e+00
2.303000000000000000e+03,1.839467242712013118e+00
2.304000000000000000e+03,1.671218883214687700e+00
2.305000000000000000e+03,1.769699039747819835e+00
2.306000000000000000e+03,1.869021170607559457e+00
2.307000000000000000e+03,1.625133436653643626e+00
2.308000000000000000e+03,1.574709246141354768e+00
2.309000000000000000e+03,1.763398395061548385e+00
2.310000000000000000e+03,1.892081908462287965e+00
2.311000000000000000e+03,1.934577789886309240e+00
2.312000000000000000e+03,1.825649093983793048e+00
2.313000000000000000e+03,1.784023403794199769e+00
2.314000000000000000e+03,1.729877629480266021e+00
2.315000000000000000e+03,1.838678900481595990e+00
2.316000000000000000e+03,1.911574122188720803e+00
2.317000000000000000e+03,1.661981988129116905e+00
2.318000000000000000e+03,1.751760169177666304e+00
2.319000000000000000e+03,1.595206213082739355e+00
2.320000000000000000e+03,1.943950282147676623e+00
2.321000000000000000e+03,1.785443192008403734e+00
2.322000000000000000e+03,1.747691417409416470e+00
2.323000000000000000e+03,1.758957917678424243e+00
2.324000000000000000e+03,1.979318073849422044e+00
2.325000000000000000e+03,1.920199435531446897e+00
2.326000000000000000e+03,1.972208151851803093e+00
2.327000000000000000e+03,1.596812057155681419e+00
2.328000000000000000e+03,1.770044320613217481e+00
2.329000000000000000e+03,1.937402864573120720e+00
2.330000000000000000e+03,1.993673477469264599e+00
2.331000000000000000e+03,1.607141036257756062e+00
2.332000000000000000e+03,1.655722311894602727e+00
2.333000000000000000e+03,1.866276102538768189e+00
2.334000000000000000e+03,1.951757052450868501e+00
2.335000000000000000e+03,1.467877546500504282e+00
2.336000000000000000e+03,1.447542757759029630e+00
2.337000000000000000e+03,1.994256877334285027e+00
2.338000000000000000e+03,1.792914834350413766e+00
2.339000000000000000e+03,1.746717055734159363e+00
2.340000000000000000e+03,1.487866161659672892e+00
2.341000000000000000e+03,1.732830330207330238e+00
2.342000000000000000e+03,1.870124286141292114e+00
2.343000000000000000e+03,1.636088930894670224e+00
2.344000000000000000e+03,1.624378422086961704e+00
2.345000000000000000e+03,1.296404242685021302e+00
2.346000000000000000e+03,1.298261557249275278e+00
2.347000000000000000e+03,1.542387946281758015e+00
2.348000000000000000e+03,1.493045300959749522e+00
2.349000000000000000e+03,1.416637884993783070e+00
2.350000000000000000e+03,1.596557179126552262e+00
2.351000000000000000e+03,1.423887034805062513e+00
2.352000000000000000e+03,1.497721549221008530e+00
2.353000000000000000e+03,1.394542351692610982e+00
2.354000000000000000e+03,1.289980320433222749e+00
2.355000000000000000e+03,1.321228999592223952e+00
2.356000000000000000e+03,1.434439158501883860e+00
2.357000000000000000e+03,1.478933815537777363e+00
2.358000000000000000e+03,1.338806883135591264e+00
2.359000000000000000e+03,1.361637100286601010e+00
2.360000000000000000e+03,1.351939963732435634e+00
2.361000000000000000e+03,1.492467501706864041e+00
2.362000000000000000e+03,1.440327889782201387e+00
2.363000000000000000e+03,1.259621399374825756e+00
2.364000000000000000e+03,1.422965008188548541e+00
2.365000000000000000e+03,1.467679661014861026e+00
2.366000000000000000e+03,1.440668646112338136e+00
2.367000000000000000e+03,1.406550834353057278e+00
2.368000000000000000e+03,1.280787282061256249e+00
2.369000000000000000e+03,1.327903955964387706e+00
2.370000000000000000e+03,1.455322802148323547e+00
2.371000000000000000e+03,1.369142804042448924e+00
2.372000000000000000e+03,1.114692442593135713e+00
2.373000000000000000e+03,1.271799850826152101e+00
2.374000000000000000e+03,1.235785425939920135e+00
2.375000000000000000e+03,1.705749445757776206e+00
2.376000000000000000e+03,1.665936671394524504e+00
2.377000000000000000e+03,1.559975132062114245e+00
2.378000000000000000e+03,1.587244021059660337e+00
2.379000000000000000e+03,2.004911864118632980e+00
2.380000000000000000e+03,1.918644198590099936e+00
2.381000000000000000e+03,1.868186429767359602e+00
2.382000000000000000e+03,1.722746910862798631e+00
2.383000000000000000e+03,1.942592442609988312e+00
2.384000000000000000e+03,1.993144716890038470e+00
2.385000000000000000e+03,2.059527966036387880e+00
2.386000000000000000e+03,2.069783185153168503e+00
2.387000000000000000e+03,2.156019888071450730e+00
2.388000000000000000e+03,2.193867483974625276e+00
2.389000000000000000e+03,2.160541517574294357e+00
2.390000000000000000e+03,2.160897484719332962e+00
2.391000000000000000e+03,2.435526984546772411e+00
2.392000000000000000e+03,2.355919591878402830e+00
2.393000000000000000e+03,2.260741381727437105e+00
2.394000000000000000e+03,2.172979813404706917e+00
2.395000000000000000e+03,2.046751729085559468e+00
2.396000000000000000e+03,2.043325976781131370e+00
2.397000000000000000e+03,2.170560386377274664e+00
2.398000000000000000e+03,1.934518424995822272e+00
2.399000000000000000e+03,2.041466615764379711e+00
2.400000000000000000e+03,1.920326134802601725e+00
2.401000000000000000e+03,1.784735416479335424e+00
2.402000000000000000e+03,2.243135106278449253e+00
2.403000000000000000e+03,1.936433098538500097e+00
2.404000000000000000e+03,1.934240893462318311e+00
2.405000000000000000e+03,2.189283274493562192e+00
2.406000000000000000e+03,2.269213161820398561e+00
2.407000000000000000e+03,2.330088780603140730e+00
2.408000000000000000e+03,2.032937571291944412e+00
2.409000000000000000e+03,1.553818502171548932e+00
2.410000000000000000e+03,1.922127181493650472e+00
2.411000000000000000e+03,1.993738404373280204e+00
2.412000000000000000e+03,1.934249212563190934e+00
2.413000000000000000e+03,1.717889923069803260e+00
2.414000000000000000e+03,1.876620784655092855e+00
2.415000000000000000e+03,1.319468973001516332e+00
2.416000000000000000e+03,1.487825725021958201e+00
2.417000000000000000e+03,1.244237204731245772e+00
2.418000000000000000e+03,8.926009383118035379e-01
2.419000000000000000e+03,1.095763529283533044e+00
2.420000000000000000e+03,1.141515284345834047e+00
2.421000000000000000e+03,1.161960477304677219e+00
2.422000000000000000e+03,9.524959864806521459e-01
2.423000000000000000e+03,1.162047275807208457e+00
2.424000000000000000e+03,1.453205999032041840e+00
2.425000000000000000e+03,1.474414204264453687e+00
2.426000000000000000e+03,1.310936438028203588e+00
2.427000000000000000e+03,1.324255557497150626e+00
2.428000000000000000e+03,1.221474494782862630e+00
2.429000000000000000e+03,1.421802490186465207e+00
2.430000000000000000e+03,1.351060406683055160e+00
2.431000000000000000e+03,1.228303139847385816e+00
2.432000000000000000e+03,1.282915575260400010e+00
2.433000000000000000e+03,1.404595774651556273e+00
2.434000000000000000e+03,1.549829680580373292e+00
2.435000000000000000e+03,1.285123980611207362e+00
2.436000000000000000e+03,1.296654927861141227e+00
2.437000000000000000e+03,1.257538713762604843e+00
2.438000000000000000e+03,1.446877078345052636e+00
2.439000000000000000e+03,1.318667641231490606e+00
2.440000000000000000e+03,1.155056954247793977e+00
2.441000000000000000e+03,1.133279221866032360e+00
2.442000000000000000e+03,1.352972749633066130e+00
2.443000000000000000e+03,1.405809460537687627e+00
2.444000000000000000e+03,1.067494976520574124e+00
2.445000000000000000e+03,1.574684390291521296e+00
2.446000000000000000e+03,1.659620548079059787e+00
2.447000000000000000e+03,1.686504529152037968e+00
2.448000000000000000e+03,1.759351518588505359e+00
2.449000000000000000e+03,1.633082686405531447e+00
2.450000000000000000e+03,1.696245501201562034e+00
2.451000000000000000e+03,1.727248351133308102e+00
2.452000000000000000e+03,1.973423298476742804e+00
2.453000000000000000e+03,1.837389101966018012e+00
2.454000000000000000e+03,1.372831234457106309e+00
2.455000000000000000e+03,1.408754421602774975e+00
2.456000000000000000e+03,1.546400084094129879e+00
2.457000000000000000e+03,1.547324248833701787e+00
2.458000000000000000e+03,1.503081403387779957e+00
2.459000000000000000e+03,1.396535429318204180e+00
2.460000000000000000e+03,1.386982805866046720e+00
2.461000000000000000e+03,1.323046336306668458e+00
2.462000000000000000e+03,1.247311809139327821e+00
2.463000000000000000e+03,1.043509254584825241e+00
2.464000000000000000e+03,1.069595561294570896e+00
2.465000000000000000e+03,1.295107880264712463e+00
2.466000000000000000e+03,1.098244768935082050e+00
2.467000000000000000e+03,1.434936718632279673e+00
2.468000000000000000e+03,1.122105639270785771e+00
2.469000000000000000e+03,1.312728120883748684e+00
2.470000000000000000e+03,1.290033256283663610e+00
2.471000000000000000e+03,1.345792968992206129e+00
2.472000000000000000e+03,1.243980420529546604e+00
2.473000000000000000e+03,1.386302225135311650e+00
2.474000000000000000e+03,1.409693037236982693e+00
2.475000000000000000e+03,1.416361309453496808e+00
2.476000000000000000e+03,1.273197347102031474e+00
2.477000000000000000e+03,1.256762492470747228e+00
2.478000000000000000e+03,1.302098564194369645e+00
2.479000000000000000e+03,1.413073457078031447e+00
2.480000000000000000e+03,1.246641382088638172e+00
2.481000000000000000e+03,1.204006503657365279e+00
2.482000000000000000e+03,1.294962486270322399e+00
2.483000000000000000e+03,1.370722935827563216e+00
2.484000000000000000e+03,1.052904604891822915e+00
2.485000000000000000e+03,1.190101623139341536e+00
2.486000000000000000e+03,1.213128176909701317e+00
2.487000000000000000e+03,1.329057292761696596e+00
2.488000000000000000e+03,1.349968361220807544e+00
2.489000000000000000e+03,1.463076063316868458e+00
2.490000000000000000e+03,1.075656136954914466e+00
2.491000000000000000e+03,1.503957933400502656e+00
2.492000000000000000e+03,1.514650091934277798e+00
2.493000000000000000e+03,1.543449861134103429e+00
2.494000000000000000e+03,1.495305151805828014e+00
2.495000000000000000e+03,1.439146321478764978e+00
2.496000000000000000e+03,1.811510683340499250e+00
2.497000000000000000e+03,1.899444972880347748e+00
2.498000000000000000e+03,1.842569963278330780e+00
2.499000000000000000e+03,1.679036332993897540e+00
2.500000000000000000e+03,1.493087213048291284e+00
2.501000000000000000e+03,1.879303050306320833e+00
2.502000000000000000e+03,2.164613252339607552e+00
2.503000000000000000e+03,1.711423199652759797e+00
2.504000000000000000e+03,1.667182259671465383e+00
2.505000000000000000e+03,1.806415299640500738e+00
2.506000000000000000e+03,1.868291993456839384e+00
2.507000000000000000e+03,1.903967846461301461e+00
2.508000000000000000e+03,1.662007823666956652e+00
2.509000000000000000e+03,1.714286590338624849e+00
2.510000000000000000e+03,1.910454441369143552e+00
2.511000000000000000e+03,1.902124864565852835e+00
2.512000000000000000e+03,1.725017521583700253e+00
2.513000000000000000e+03,1.643628357801871775e+00
2.514000000000000000e+03,1.792716970933016851e+00
2.515000000000000000e+03,1.859151561082943216e+00
2.516000000000000000e+03,1.870371843468785267e+00
2.517000000000000000e+03,1.512847267118569539e+00
2.518000000000000000e+03,1.767158410653902667e+00
2.519000000000000000e+03,2.097281107682734458e+00
2.520000000000000000e+03,2.125638973405976628e+00
2.521000000000000000e+03,1.980673742780039603e+00
2.522000000000000000e+03,1.890166904508357781e+00
2.523000000000000000e+03,1.878208512097431671e+00
2.524000000000000000e+03,1.832492874553455442e+00
2.525000000000000000e+03,2.067786180906518112e+00
2.526000000000000000e+03,1.898230710158248735e+00
2.527000000000000000e+03,1.537160421160562507e+00
2.528000000000000000e+03,1.921236167861508859e+00
2.529000000000000000e+03,1.844309198691851615e+00
2.530000000000000000e+03,1.762992860936597905e+00
2.531000000000000000e+03,1.542638966766695541e+00
2.532000000000000000e+03,1.688034311858852776e+00
2.533000000000000000e+03,1.963462617929454757e+00
2.534000000000000000e+03,1.990148518220994145e+00
2.535000000000000000e+03,1.833807573204645047e+00
2.536000000000000000e+03,1.602896991152173989e+00
2.537000000000000000e+03,1.821757959090108070e+00
2.538000000000000000e+03,1.928068905958240098e+00
2.539000000000000000e+03,1.805827096594788683e+00
2.540000000000000000e+03,1.836189463641250130e+00
2.541000000000000000e+03,1.896186190210241262e+00
2.542000000000000000e+03,1.873973802197043570e+00
2.543000000000000000e+03,1.629018142442801631e+00
2.544000000000000000e+03,1.808687984042345764e+00
2.545000000000000000e+03,1.767874190299471016e+00
2.546000000000000000e+03,1.904614968300923694e+00
2.547000000000000000e+03,1.985980544111266122e+00
2.548000000000000000e+03,2.078993844229568566e+00
2.549000000000000000e+03,1.394383308580759984e+00
2.550000000000000000e+03,1.608333826176430836e+00
2.551000000000000000e+03,1.736295949992940679e+00
2.552000000000000000e+03,1.737548493674737404e+00
2.553000000000000000e+03,1.807362627182281578e+00
2.554000000000000000e+03,1.713673258811649891e+00
2.555000000000000000e+03,1.700111575906951833e+00
2.556000000000000000e+03,1.945769096007055943e+00
2.557000000000000000e+03,1.744116115519424692e+00
2.558000000000000000e+03,1.856811428902094274e+00
2.559000000000000000e+03,1.509299218638324946e+00
2.560000000000000000e+03,1.676769475754873007e+00
2.561000000000000000e+03,1.599678165333292768e+00
2.562000000000000000e+03,1.534107219836392755e+00
2.563000000000000000e+03,1.514512060441860042e+00
2.564000000000000000e+03,1.463228993089122021e+00
2.565000000000000000e+03,1.533967793151192582e+00
2.566000000000000000e+03,1.570848455017762602e+00
2.567000000000000000e+03,1.453321469802269394e+00
2.568000000000000000e+03,1.416696281703477611e+00
2.569000000000000000e+03,1.553559537623255382e+00
2.570000000000000000e+03,1.662119337910458627e+00
2.571000000000000000e+03,1.592633087378528600e+00
2.572000000000000000e+03,1.428497579742091794e+00
2.573000000000000000e+03,1.489732678211712402e+00
2.574000000000000000e+03,1.636998050877367383e+00
2.575000000000000000e+03,1.676252145683961636e+00
2.576000000000000000e+03,1.581656946542735920e+00
2.577000000000000000e+03,1.522027922576358883e+00
2.578000000000000000e+03,1.763226715144404544e+00
2.579000000000000000e+03,1.745964409620301971e+00
2.580000000000000000e+03,1.711269157560962206e+00
2.581000000000000000e+03,1.712193805194946794e+00
2.582000000000000000e+03,1.583167844100658694e+00
2.583000000000000000e+03,1.776029110356669882e+00
2.584000000000000000e+03,1.684950904617598333e+00
2.585000000000000000e+03,1.645488807998452874e+00
2.586000000000000000e+03,1.499221266524711549e+00
2.587000000000000000e+03,1.682863255866110741e+00
2.588000000000000000e+03,1.702571817707950075e+00
2.589000000000000000e+03,1.712541439691029677e+00
2.590000000000000000e+03,1.646104206538463899e+00
2.591000000000000000e+03,1.682272100177943486e+00
2.592000000000000000e+03,1.703941625911236546e+00
2.593000000000000000e+03,1.856496704029556355e+00
2.594000000000000000e+03,1.892832865160724687e+00
2.595000000000000000e+03,1.816453439328749919e+00
2.596000000000000000e+03,1.935469323249720652e+00
2.597000000000000000e+03,1.925200052214689705e+00
2.598000000000000000e+03,2.060754143787487891e+00
2.599000000000000000e+03,1.589906772175811334e+00
2.600000000000000000e+03,1.787794769751536172e+00
2.601000000000000000e+03,1.987896618233058632e+00
2.602000000000000000e+03,2.081173854691724223e+00
2.603000000000000000e+03,1.813020106911345852e+00
2.604000000000000000e+03,1.663137223284967270e+00
2.605000000000000000e+03,1.659834168691004974e+00
2.606000000000000000e+03,1.912978060698576011e+00
2.607000000000000000e+03,1.825639407548584003e+00
2.608000000000000000e+03,1.751948702217228648e+00
2.609000000000000000e+03,1.717999249920676652e+00
2.610000000000000000e+03,1.736134461682583119e+00
2.611000000000000000e+03,1.834120405259204611e+00
2.612000000000000000e+03,1.612192494188323888e+00
2.613000000000000000e+03,1.372769595593988035e+00
2.614000000000000000e+03,1.594137577150274820e+00
2.615000000000000000e+03,1.558687843215835533e+00
2.616000000000000000e+03,1.562999702973509875e+00
2.617000000000000000e+03,1.424275889019425145e+00
2.618000000000000000e+03,1.483343525983802591e+00
2.619000000000000000e+03,1.602572292100520990e+00
2.620000000000000000e+03,1.472846822453649729e+00
2.621000000000000000e+03,1.611148497198931162e+00
2.622000000000000000e+03,1.380831354443578629e+00
2.623000000000000000e+03,1.245415555422039189e+00
2.624000000000000000e+03,1.526512253365056582e+00
2.625000000000000000e+03,1.427515543703332890e+00
2.626000000000000000e+03,1.295288895352565639e+00
2.627000000000000000e+03,9.858752643201073029e-01
2.628000000000000000e+03,1.092424117222456026e+00
2.629000000000000000e+03,1.133345149606091784e+00
2.630000000000000000e+03,1.014810861381429952e+00
2.631000000000000000e+03,1.094031438274897905e+00
2.632000000000000000e+03,1.081909400527805598e+00
2.633000000000000000e+03,1.162090059952288534e+00
2.634000000000000000e+03,1.170754672713788302e+00
2.635000000000000000e+03,1.106683249649361045e+00
2.636000000000000000e+03,1.013733515826079845e+00
2.637000000000000000e+03,1.247019803777403180e+00
2.638000000000000000e+03,1.180683665193527521e+00
2.639000000000000000e+03,1.068015269082892793e+00
2.640000000000000000e+03,9.913790398400971204e-01
2.641000000000000000e+03,1.146993720108741677e+00
2.642000000000000000e+03,1.363821590660692529e+00
2.643000000000000000e+03,1.359986363383981711e+00
2.644000000000000000e+03,1.138539730860649080e+00
2.645000000000000000e+03,1.181011720597821668e+00
2.646000000000000000e+03,1.186159152101985192e+00
2.647000000000000000e+03,1.371112639943880662e+00
2.648000000000000000e+03,1.299236030114111706e+00
2.649000000000000000e+03,8.578943230782147822e-01
2.650000000000000000e+03,1.184453324102204608e+00
2.651000000000000000e+03,1.351562230305932477e+00
2.652000000000000000e+03,1.287753625394394863e+00
2.653000000000000000e+03,1.166647874580350575e+00
2.654000000000000000e+03,1.117058419129178137e+00
2.655000000000000000e+03,1.354502527104474385e+00
2.656000000000000000e+03,1.518846946072979875e+00
2.657000000000000000e+03,1.834579827698237686e+00
2.658000000000000000e+03,1.668026239856012172e+00
2.659000000000000000e+03,1.668417823386865617e+00
2.660000000000000000e+03,1.742952001732403833e+00
2.661000000000000000e+03,1.796121630607466546e+00
2.662000000000000000e+03,1.665016973702595493e+00
2.663000000000000000e+03,1.646190152088368386e+00
2.664000000000000000e+03,1.548008330969535606e+00
2.665000000000000000e+03,1.796015594466371379e+00
2.666000000000000000e+03,1.731241030704832262e+00
2.667000000000000000e+03,1.669942727252745840e+00
2.668000000000000000e+03,1.808672582772784310e+00
2.669000000000000000e+03,1.730251247178752116e+00
2.670000000000000000e+03,1.820617181295538067e+00
2.671000000000000000e+03,1.691870105811724923e+00
2.672000000000000000e+03,1.647712983192866965e+00
2.673000000000000000e+03,1.739121914752184583e+00
2.674000000000000000e+03,1.821280566982451443e+00
2.675000000000000000e+03,1.959388494991910701e+00
2.676000000000000000e+03,1.710695834670685311e+00
2.677000000000000000e+03,1.687456291714474421e+00
2.678000000000000000e+03,1.866405521336039097e+00
2.679000000000000000e+03,1.883492821872899903e+00
2.680000000000000000e+03,1.630925269701432256e+00
2.681000000000000000e+03,1.708887384387416830e+00
2.682000000000000000e+03,1.752628769117337004e+00
2.683000000000000000e+03,1.943433389072276363e+00
2.684000000000000000e+03,1.865088544144780425e+00
2.685000000000000000e+03,1.755085993841029257e+00
2.686000000000000000e+03,1.676206404496806801e+00
2.687000000000000000e+03,1.549924563513406461e+00
2.688000000000000000e+03,1.797914138792632066e+00
2.689000000000000000e+03,1.838972407742097914e+00
2.690000000000000000e+03,1.619604745676449964e+00
2.691000000000000000e+03,1.570234875367557015e+00
2.692000000000000000e+03,1.824432913797048306e+00
2.693000000000000000e+03,1.785311425112263484e+00
2.694000000000000000e+03,1.545820126742249778e+00
2.695000000000000000e+03,1.723272548671341164e+00
2.696000000000000000e+03,1.697821958865549874e+00
2.697000000000000000e+03,1.899770449070201428e+00
2.698000000000000000e+03,1.704595382656598490e+00
2.699000000000000000e+03,1.567993350114031292e+00
2.700000000000000000e+03,1.610629392501868651e+00
2.701000000000000000e+03,1.729810359254690288e+00
2.702000000000000000e+03,1.615120107854973952e+00
2.703000000000000000e+03,1.676037269690159537e+00
2.704000000000000000e+03,1.585872161707362116e+00
2.705000000000000000e+03,1.650071744930663442e+00
2.706000000000000000e+03,1.729298985838925828e+00
2.707000000000000000e+03,1.654663560704580982e+00
2.708000000000000000e+03,1.632701688072393909e+00
2.709000000000000000e+03,1.643209799867953347e+00
2.710000000000000000e+03,1.860192976354698269e+00
2.711000000000000000e+03,1.817896416922119007e+00
2.712000000000000000e+03,1.600943497664465864e+00
2.713000000000000000e+03,1.746154505933744217e+00
2.714000000000000000e+03,1.411018633593573268e+00
2.715000000000000000e+03,1.817723428367808980e+00
2.716000000000000000e+03,1.724807323500826328e+00
2.717000000000000000e+03,1.538193064787075404e+00
2.718000000000000000e+03,1.570983512605323096e+00
2.719000000000000000e+03,1.607955137502993015e+00
2.720000000000000000e+03,1.587873439279183119e+00
2.721000000000000000e+03,1.591650730441952488e+00
2.722000000000000000e+03,1.393433629650151273e+00
2.723000000000000000e+03,1.369966748585967897e+00
2.724000000000000000e+03,1.621317267472380141e+00
2.725000000000000000e+03,1.769840705172408990e+00
2.726000000000000000e+03,1.557370892253271411e+00
2.727000000000000000e+03,1.412600475437537639e+00
2.728000000000000000e+03,1.482160108246344699e+00
2.729000000000000000e+03,1.579420375198958393e+00
2.730000000000000000e+03,1.559142565071763187e+00
2.731000000000000000e+03,1.473799336536697258e+00
2.732000000000000000e+03,1.528824464975371500e+00
2.733000000000000000e+03,1.487621487902752504e+00
2.734000000000000000e+03,1.674353469108813330e+00
2.735000000000000000e+03,1.384898053955121222e+00
2.736000000000000000e+03,1.496219414564477379e+00
2.737000000000000000e+03,1.547457086336313958e+00
2.738000000000000000e+03,1.681460811024122926e+00
2.739000000000000000e+03,1.621047940200916582e+00
2.740000000000000000e+03,1.249020879644607174e+00
2.741000000000000000e+03,1.473541886753715335e+00
2.742000000000000000e+03,1.560931392061053691e+00
2.743000000000000000e+03,1.675838486559614982e+00
2.744000000000000000e+03,1.470631406236830863e+00
2.745000000000000000e+03,1.431776974079860487e+00
2.746000000000000000e+03,1.560192595430996310e+00
2.747000000000000000e+03,1.697133914438658131e+00
2.748000000000000000e+03,1.441931267027675601e+00
2.749000000000000000e+03,1.406661068772031786e+00
2.750000000000000000e+03,1.452941389706899233e+00
2.751000000000000000e+03,1.648818926434941767e+00
2.752000000000000000e+03,1.629195037301437443e+00
2.753000000000000000e+03,1.424356735947895025e+00
2.754000000000000000e+03,1.456609717204606191e+00
2.755000000000000000e+03,1.512685429086773503e+00
2.756000000000000000e+03,1.698453662996286306e+00
2.757000000000000000e+03,1.598240224251451069e+00
2.758000000000000000e+03,1.454122367400365823e+00
2.759000000000000000e+03,1.429068493221739677e+00
2.760000000000000000e+03,1.597724667279456723e+00
2.761000000000000000e+03,1.852738269107936597e+00
2.762000000000000000e+03,1.738357662078726662e+00
2.763000000000000000e+03,1.576824591037598422e+00
2.764000000000000000e+03,1.619319397040541508e+00
2.765000000000000000e+03,1.859921587558289513e+00
2.766000000000000000e+03,1.725512961398806278e+00
2.767000000000000000e+03,1.719384930477309448e+00
2.768000000000000000e+03,1.734633550397131740e+00
2.769000000000000000e+03,1.840457890623480086e+00
2.770000000000000000e+03,1.899856376842799621e+00
2.771000000000000000e+03,1.694592797362487691e+00
2.772000000000000000e+03,1.360629061926176497e+00
2.773000000000000000e+03,1.582374301726774624e+00
2.774000000000000000e+03,1.837638114994855743e+00
2.775000000000000000e+03,1.796633483626991934e+00
2.776000000000000000e+03,1.649040486852172416e+00
2.777000000000000000e+03,1.712114065335791135e+00
2.778000000000000000e+03,1.804880052458380346e+00
2.779000000000000000e+03,1.718729864502315907e+00
2.780000000000000000e+03,1.675384248974262080e+00
2.781000000000000000e+03,1.651541718908718481e+00
2.782000000000000000e+03,1.542209303132871190e+00
2.783000000000000000e+03,1.792049419874199634e+00
2.784000000000000000e+03,1.763913812914439605e+00
2.785000000000000000e+03,1.710176624689650593e+00
2.786000000000000000e+03,1.578909610785689699e+00
2.787000000000000000e+03,1.887934983917084253e+00
2.788000000000000000e+03,1.902702522522560447e+00
2.789000000000000000e+03,1.880836040504887841e+00
2.790000000000000000e+03,1.894144884567912079e+00
2.791000000000000000e+03,-1.138575726177160959e+03
2.792000000000000000e+03,-1.138580365374726398e+03
2.793000000000000000e+03,-1.137457751048396631e+03
2.794000000000000000e+03,-1.137517084284914517e+03
2.795000000000000000e+03,-1.137725259814638093e+03
2.796000000000000000e+03,-1.137330874270759523e+03
2.797000000000000000e+03,-1.137447199515439479e+03
2.798000000000000000e+03,-1.137701918309130633e+03
2.799000000000000000e+03,-1.137763639322733979e+03
2.800000000000000000e+03,-1.137583633565119044e+03
2.801000000000000000e+03,-1.137592734485684332e+03
2.802000000000000000e+03,-1.137532755236576349e+03
2.803000000000000000e+03,-1.137597212345090384e+03
2.804000000000000000e+03,-1.137617315916261077e+03
2.805000000000000000e+03,-1.137550214253477179e+03
2.806000000000000000e+03,-1.137514124854796137e+03
2.807000000000000000e+03,-1.137478489438871748e+03
2.808000000000000000e+03,-1.137710062268668935e+03
2.809000000000000000e+03,-1.137625953393404188e+03
2.810000000000000000e+03,-1.137546228416579879e+03
2.811000000000000000e+03,-1.137469293382993555e+03
2.812000000000000000e+03,-1.137521011178971094e+03
2.813000000000000000e+03,-1.137766161726733117e+03
2.814000000000000000e+03,-1.137495921031479838e+03
2.815000000000000000e+03,-1.137444729134292174e+03
2.816000000000000000e+03,-1.137695402021059863e+03
2.817000000000000000e+03,-1.137853910223011781e+03
2.818000000000000000e+03,-1.137688118288995611e+03
2.819000000000000000e+03,-1.137765447544398512e+03
