0.000000000000000000e+00,-1.133432931328461901e-01
1.000000000000000000e+00,-1.237882375223697540e-01
2.000000000000000000e+00,-2.356303383425637291e-02
3.000000000000000000e+00,6.067262710610218240e-02
4.000000000000000000e+00,2.246585342552418624e-02
5.000000000000000000e+00,-8.989951045620941938e-02
6.000000000000000000e+00,-3.723413936399505020e-01
7.000000000000000000e+00,-5.483564619126903017e-02
8.000000000000000000e+00,4.828159212137909245e-02
9.000000000000000000e+00,-1.860318874182328719e-01
1.000000000000000000e+01,-2.498527899352182002e-02
1.100000000000000000e+01,-9.922644871352713503e-02
1.200000000000000000e+01,-4.807010510079092608e-02
1.300000000000000000e+01,6.383487683805892654e-02
1.400000000000000000e+01,9.506847606417484497e-02
1.500000000000000000e+01,-9.198136071189801088e-02
1.600000000000000000e+01,-9.053376791430278736e-02
1.700000000000000000e+01,-7.281460924564001069e-02
1.800000000000000000e+01,-4.618090166257805135e-02
1.900000000000000000e+01,9.999992790302356105e-02
2.000000000000000000e+01,3.670078045621998769e-02
2.100000000000000000e+01,-3.862734339397629890e-01
2.200000000000000000e+01,-9.043151210831183728e-02
2.300000000000000000e+01,6.398891238831617978e-03
2.400000000000000000e+01,9.514269005825741476e-02
2.500000000000000000e+01,6.364982919899425662e-02
2.600000000000000000e+01,-4.828056025358561792e-02
2.700000000000000000e+01,1.977982603817139695e-02
2.800000000000000000e+01,9.422351195072772856e-02
2.900000000000000000e+01,1.999483973430875305e-01
3.000000000000000000e+01,2.033445637159332908e-01
3.100000000000000000e+01,1.001201027772667118e-01
3.200000000000000000e+01,2.072501938609409844e-02
3.300000000000000000e+01,6.549492120728356293e-02
3.400000000000000000e+01,1.778518047617816955e-01
3.500000000000000000e+01,2.158045579396798419e-01
3.600000000000000000e+01,1.313903549587133457e-01
3.700000000000000000e+01,3.128772035561176723e-02
3.800000000000000000e+01,-1.337217986523823177e-01
3.900000000000000000e+01,-1.715015231386916028e-01
4.000000000000000000e+01,2.187863153523283977e-01
4.100000000000000000e+01,1.614454206651751433e-01
4.200000000000000000e+01,5.043397818116290843e-02
4.300000000000000000e+01,2.604279765370005884e-02
4.400000000000000000e+01,-1.524144343410634983e-01
4.500000000000000000e+01,2.119979607632035690e-01
4.600000000000000000e+01,1.873433006593474281e-01
4.700000000000000000e+01,7.628962374695955062e-02
4.800000000000000000e+01,1.918111357609311729e-02
4.900000000000000000e+01,8.818870096620294585e-02
5.000000000000000000e+01,1.961039856167362538e-01
5.100000000000000000e+01,2.065489300062605116e-01
5.200000000000000000e+01,1.392941419639479039e-01
5.300000000000000000e+01,2.208806537778834622e-02
5.400000000000000000e+01,6.029483905836595381e-02
5.500000000000000000e+01,1.726602029400998439e-01
5.600000000000000000e+01,-3.823876334687142942e-03
5.700000000000000000e+01,1.862016414456047972e-02
5.800000000000000000e+01,-3.335544992356154759e-01
5.900000000000000000e+01,-8.083105940714363502e-02
6.000000000000000000e+01,2.498527899352107756e-02
6.100000000000000000e+01,9.922644871352709339e-02
6.200000000000000000e+01,5.573861248293378312e-02
6.300000000000000000e+01,-6.383487683805820490e-02
6.400000000000000000e+01,-2.323988950894439465e-01
6.500000000000000000e+01,-6.159203613017966497e-03
6.600000000000000000e+01,9.053376791430223225e-02
6.700000000000000000e+01,-1.991835054162980345e-01
6.800000000000000000e+01,-3.692407699938059229e-02
6.900000000000000000e+01,-9.999992790302356105e-02
7.000000000000000000e+01,-3.670078045622120200e-02
7.100000000000000000e+01,7.297901112577381832e-02
7.200000000000000000e+01,2.871533559257233303e-01
7.300000000000000000e+01,1.903229525785810616e-01
7.400000000000000000e+01,1.015791537591542726e-01
7.500000000000000000e+01,1.330720146184166675e-01
7.600000000000000000e+01,2.450024040709967987e-01
7.700000000000000000e+01,2.959181923098395117e-01
7.800000000000000000e+01,2.214745063972835548e-01
7.900000000000000000e+01,1.157496210049235308e-01
8.000000000000000000e+01,1.123534546320774791e-01
8.100000000000000000e+01,2.155779155707427397e-01
8.200000000000000000e+01,2.949729989619165327e-01
8.300000000000000000e+01,2.502030971407270266e-01
8.400000000000000000e+01,1.378462135862300875e-01
8.500000000000000000e+01,9.989346040833071982e-02
8.600000000000000000e+01,1.843076633892967719e-01
8.700000000000000000e+01,2.844102979923990304e-01
8.800000000000000000e+01,2.736965701830826880e-01
8.900000000000000000e+01,1.657059630652003845e-01
9.000000000000000000e+01,9.691170299568234447e-02
9.100000000000000000e+01,1.542525976828343914e-01
9.200000000000000000e+01,2.652640401668473480e-01
9.300000000000000000e+01,2.896552206943108776e-01
9.400000000000000000e+01,1.966017630525451754e-01
9.500000000000000000e+01,1.037000575848076311e-01
9.600000000000000000e+01,1.283547176886628560e-01
9.700000000000000000e+01,2.394083946010506225e-01
9.800000000000000000e+01,2.965169047719177220e-01
9.900000000000000000e+01,2.275093173818083236e-01
1.000000000000000000e+02,1.195940327312748214e-01
1.010000000000000000e+02,-2.347228469325203515e-01
1.020000000000000000e+02,-1.466987292338393922e-01
1.030000000000000000e+02,-6.246306829347950118e-02
1.040000000000000000e+02,-1.006698419740564843e-01
1.050000000000000000e+02,-2.130352058557891393e-01
1.060000000000000000e+02,-4.692747320080603579e-01
1.070000000000000000e+02,-1.779713415908513729e-01
1.080000000000000000e+02,-7.485410327820261889e-02
1.090000000000000000e+02,-1.149091792443485693e-01
1.100000000000000000e+02,-1.843364564398108363e-01
1.110000000000000000e+02,-2.585776261598169978e-01
1.120000000000000000e+02,-1.727096035446068212e-01
1.130000000000000000e+02,-3.967555231194409837e-02
1.140000000000000000e+02,-8.441953085825154579e-03
1.150000000000000000e+02,-9.735122553698077885e-02
1.160000000000000000e+02,-1.940441970643027314e-01
1.170000000000000000e+02,-1.763250383956418144e-01
1.180000000000000000e+02,-6.658635215062333468e-02
1.190000000000000000e+02,-3.510501246977187906e-03
1.200000000000000000e+02,-6.680964869377767346e-02
1.210000000000000000e+02,-1.764894402757732073e-01
1.220000000000000000e+02,-1.939419412583135438e-01
1.230000000000000000e+02,-9.711153791117102529e-02
1.240000000000000000e+02,-8.367739091743806035e-03
1.250000000000000000e+02,1.295089038896307110e-01
1.260000000000000000e+02,-1.517909894035831542e-01
1.270000000000000000e+02,-2.219729018963384759e-01
1.280000000000000000e+02,-1.282630917298748507e-01
1.290000000000000000e+02,-2.253820633751407732e-02
1.300000000000000000e+02,-1.914203996466574964e-02
1.310000000000000000e+02,-1.261489232682144745e-01
1.320000000000000000e+02,-4.241040684821491269e-02
1.330000000000000000e+02,2.359494972971026838e-03
1.340000000000000000e+02,2.557560435562013512e-01
1.350000000000000000e+02,1.526691317053707475e-01
1.360000000000000000e+02,6.825492872440619418e-02
1.370000000000000000e+02,-3.184770587869707736e-02
1.380000000000000000e+02,1.086857046001725446e-02
1.390000000000000000e+02,8.685662904849732191e-02
1.400000000000000000e+02,5.366375517637328452e-02
1.410000000000000000e+02,9.830999443086838041e-02
1.420000000000000000e+02,-2.752377934787584302e-01
1.430000000000000000e+02,-9.293337687690021720e-02
1.440000000000000000e+02,1.200807648642064781e-04
1.450000000000000000e+02,2.911042832442397033e-01
1.460000000000000000e+02,6.836712612875103789e-02
1.470000000000000000e+02,-2.928848426581533992e-01
1.480000000000000000e+02,-9.979506095450640935e-02
1.490000000000000000e+02,-3.078747356439883939e-02
1.500000000000000000e+02,7.712781108613529779e-02
1.510000000000000000e+02,8.757275547566208129e-02
1.520000000000000000e+02,-1.265244821245034915e-02
1.530000000000000000e+02,-6.811054430346241695e-02
1.540000000000000000e+02,-5.868133547223661900e-02
1.550000000000000000e+02,5.368402840949713234e-02
1.560000000000000000e+02,9.820615336135157802e-02
1.570000000000000000e+02,1.862016414456303323e-02
1.580000000000000000e+02,-8.449707416808661942e-02
1.590000000000000000e+02,-8.083105940714431503e-02
1.600000000000000000e+02,2.498527899351993958e-02
1.610000000000000000e+02,9.922644871352659379e-02
1.620000000000000000e+02,4.807010510079434001e-02
1.630000000000000000e+02,-6.383487683805620649e-02
1.640000000000000000e+02,-9.506847606417578866e-02
1.650000000000000000e+02,-6.159203613020559041e-03
1.660000000000000000e+02,9.053376791430173265e-02
1.670000000000000000e+02,4.094723074557595766e-01
1.680000000000000000e+02,-3.692407699937685223e-02
1.690000000000000000e+02,-9.999992790302356105e-02
1.700000000000000000e+02,-1.427596092801954875e-01
1.710000000000000000e+02,7.297901112577205585e-02
1.720000000000000000e+02,3.276451006788064779e-01
1.730000000000000000e+02,9.683776081672171299e-02
1.740000000000000000e+02,8.093961997294105148e-03
1.750000000000000000e+02,3.958682285655305833e-02
1.760000000000000000e+02,1.515172123091327594e-01
1.770000000000000000e+02,3.016249162791553307e-01
1.780000000000000000e+02,1.279893146354255384e-01
1.790000000000000000e+02,2.226442924306452908e-02
1.800000000000000000e+02,1.886826287021556303e-02
1.810000000000000000e+02,-8.380216225348040282e-02
1.820000000000000000e+02,-4.407078862306207379e-03
1.830000000000000000e+02,-4.917698068349152241e-02
1.840000000000000000e+02,-1.615338642379897938e-01
1.850000000000000000e+02,-1.994866174158919092e-01
1.860000000000000000e+02,-3.891183655447977285e-01
1.870000000000000000e+02,-1.496977983182423699e-02
1.880000000000000000e+02,-2.568350764113852547e-02
1.890000000000000000e+02,-1.336741147590177758e-01
1.900000000000000000e+02,-2.024683748285393825e-01
1.910000000000000000e+02,-1.451274801413899307e-01
1.920000000000000000e+02,-3.411603765737650229e-02
1.930000000000000000e+02,-9.724857129910141618e-03
1.940000000000000000e+02,-1.027783147716742063e-01
1.950000000000000000e+02,-1.956800202394139432e-01
1.960000000000000000e+02,-1.710253601355620490e-01
1.970000000000000000e+02,-5.997168322317497635e-02
1.980000000000000000e+02,-1.490929061171070713e-01
1.990000000000000000e+02,-7.187076044241119677e-02
2.000000000000000000e+02,-1.797860450929454901e-01
2.010000000000000000e+02,-1.279889564053884043e-01
2.020000000000000000e+02,-1.932424378499116857e-01
2.030000000000000000e+02,-1.090067769095516281e-01
2.040000000000000000e+02,-1.472135505901243646e-01
2.050000000000000000e+02,-2.595789144718581021e-01
2.060000000000000000e+02,-3.820002704311069586e-01
2.070000000000000000e+02,-3.024142812143188475e-01
2.080000000000000000e+02,-1.992970429016689415e-01
2.090000000000000000e+02,-2.029630576626105798e-01
2.100000000000000000e+02,-5.113686241423713863e-01
2.110000000000000000e+02,-1.771256797209203593e-01
2.120000000000000000e+02,-1.259693361081886676e-01
2.130000000000000000e+02,-1.406435416933805860e-02
2.140000000000000000e+02,1.716924505678214807e-02
2.150000000000000000e+02,-7.174002739436982634e-02
2.160000000000000000e+02,-1.684329989216952761e-01
2.170000000000000000e+02,-1.507138402530356636e-01
2.180000000000000000e+02,2.507491475564550820e-02
2.190000000000000000e+02,2.210069689562975392e-02
2.200000000000000000e+02,-4.119845055117492966e-02
2.210000000000000000e+02,-1.508782421331673895e-01
2.220000000000000000e+02,-1.683307431157071155e-01
2.230000000000000000e+02,1.991756633630984985e-01
2.240000000000000000e+02,1.724345905086277497e-02
2.250000000000000000e+02,-1.424940180839992521e-02
2.260000000000000000e+02,-1.261797912609776695e-01
2.270000000000000000e+02,-1.770955794998215760e-01
2.280000000000000000e+02,-1.026518935872662991e-01
2.290000000000000000e+02,3.072991805092184503e-03
2.300000000000000000e+02,6.469158177940290133e-03
2.310000000000000000e+02,-9.675530276072340230e-02
2.320000000000000000e+02,-1.761503861518991243e-01
2.330000000000000000e+02,-1.313804843307109504e-01
2.340000000000000000e+02,-1.902360077621047252e-02
2.350000000000000000e+02,8.875859600265613436e-02
2.360000000000000000e+02,-1.258555588100940814e-01
2.370000000000000000e+02,-8.768845417498744022e-02
2.380000000000000000e+02,4.281624089233120045e-02
2.390000000000000000e+02,3.101588075221203833e-02
2.400000000000000000e+02,9.981014082172894042e-02
2.410000000000000000e+02,-3.993071865730397213e-02
2.420000000000000000e+02,-6.854219634943573003e-02
2.430000000000000000e+02,-9.293337687690066129e-02
2.440000000000000000e+02,1.200807648658727206e-04
2.450000000000000000e+02,9.302178623260312640e-02
2.460000000000000000e+02,6.836712612874774886e-02
2.470000000000000000e+02,-4.268655078363764455e-02
2.480000000000000000e+02,4.696408488386158431e-02
2.490000000000000000e+02,2.401682392850898462e-01
2.500000000000000000e+02,-2.184076195995971470e-01
2.510000000000000000e+02,8.757275547566129026e-02
2.520000000000000000e+02,-1.265244821244918341e-02
2.530000000000000000e+02,-9.688810915281108327e-02
2.540000000000000000e+02,-5.868133547223526592e-02
2.550000000000000000e+02,5.368402840950092791e-02
2.560000000000000000e+02,-2.207348609440389631e-01
2.570000000000000000e+02,1.862016414456418856e-02
2.580000000000000000e+02,-4.312235812610490937e-01
2.590000000000000000e+02,4.074071046915833660e-02
2.600000000000000000e+02,2.498527899352155288e-02
2.610000000000000000e+02,9.922644871352681584e-02
2.620000000000000000e+02,4.807010510079038484e-02
2.630000000000000000e+02,-6.383487683805748325e-02
2.640000000000000000e+02,-9.506847606417614949e-02
2.650000000000000000e+02,-3.036654063861464747e-01
2.660000000000000000e+02,9.053376791430123305e-02
2.670000000000000000e+02,7.281460924564031600e-02
2.680000000000000000e+02,-3.692407699937840654e-02
2.690000000000000000e+02,-9.999992790302356105e-02
2.700000000000000000e+02,-3.670078045622206936e-02
2.710000000000000000e+02,2.507518529053281431e-01
2.720000000000000000e+02,9.043151210831232301e-02
2.730000000000000000e+02,-6.398891238827975059e-03
2.740000000000000000e+02,-9.514269005825727599e-02
2.750000000000000000e+02,-6.364982919899651870e-02
2.760000000000000000e+02,4.828056025358584691e-02
2.770000000000000000e+02,3.709190670171189086e-01
2.780000000000000000e+02,2.475266257987581570e-02
2.790000000000000000e+02,-8.097222281248731002e-02
2.800000000000000000e+02,-8.436838918533594300e-02
2.810000000000000000e+02,1.885607175333181215e-02
2.820000000000000000e+02,9.825115514450467880e-02
2.830000000000000000e+02,5.348125332331524207e-02
2.840000000000000000e+02,-5.887563023118055905e-02
2.850000000000000000e+02,-9.682838340908161978e-02
2.860000000000000000e+02,-1.241418042811554684e-02
2.870000000000000000e+02,8.768845417498578876e-02
2.880000000000000000e+02,7.697472636567097293e-02
2.890000000000000000e+02,1.599995893861654306e-01
2.900000000000000000e+02,-9.981014082172907920e-02
2.910000000000000000e+02,-4.246924613457783715e-02
2.920000000000000000e+02,6.854219634943323203e-02
2.930000000000000000e+02,9.293337687689982862e-02
2.940000000000000000e+02,-1.200807648624426031e-04
2.950000000000000000e+02,-9.302178623260395907e-02
2.960000000000000000e+02,-6.836712612875024686e-02
2.970000000000000000e+02,4.268655078363968458e-02
2.980000000000000000e+02,4.412688297501505819e-01
2.990000000000000000e+02,3.078747356440051514e-02
3.000000000000000000e+02,-7.712781108613597780e-02
3.010000000000000000e+02,-8.757275547566294172e-02
3.020000000000000000e+02,1.265244821245141774e-02
3.030000000000000000e+02,2.773847234378845616e-01
3.040000000000000000e+02,2.391779497573078006e-01
3.050000000000000000e+02,1.268125858755763113e-01
3.060000000000000000e+02,2.460069625050049225e-01
3.070000000000000000e+02,1.618764501405123846e-01
3.080000000000000000e+02,2.649936884531600145e-01
3.090000000000000000e+02,2.613276736922180432e-01
3.100000000000000000e+02,1.555113352915561131e-01
3.110000000000000000e+02,8.127016557154725929e-02
3.120000000000000000e+02,1.324265091842809494e-01
3.130000000000000000e+02,-7.166455329422599663e-02
3.140000000000000000e+02,2.755650903492498083e-01
3.150000000000000000e+02,1.866558178980966820e-01
3.160000000000000000e+02,8.996284637077216206e-02
3.170000000000000000e+02,1.076820050394316775e-01
3.180000000000000000e+02,2.174206912844548478e-01
3.190000000000000000e+02,2.804965421880979415e-01
3.200000000000000000e+02,4.620700618380466085e-01
3.210000000000000000e+02,4.634152377203688000e-01
3.220000000000000000e+02,-1.189100689988445980e-01
3.230000000000000000e+02,3.409309157639980326e-01
3.240000000000000000e+02,8.178852650992701756e-02
3.250000000000000000e+02,-6.275635540789209488e-02
3.260000000000000000e+02,-6.163472380191209465e-02
3.270000000000000000e+02,1.314219901902095033e-01
3.280000000000000000e+02,2.058656761027637394e-01
3.290000000000000000e+02,3.115905614951226532e-01
3.300000000000000000e+02,3.149867278679721050e-01
3.310000000000000000e+02,4.987130996253383297e-02
3.320000000000000000e+02,2.121712827650928945e-01
3.330000000000000000e+02,-3.359528925755084217e-03
3.340000000000000000e+02,1.089973546287454353e-01
3.350000000000000000e+02,1.469501078066440813e-01
3.360000000000000000e+02,6.253590482568199826e-02
3.370000000000000000e+02,-3.756672977742386843e-02
3.380000000000000000e+02,-2.685300196811013507e-02
3.390000000000000000e+02,8.113760514977397253e-02
3.400000000000000000e+02,1.499318652192919155e-01
3.410000000000000000e+02,9.259097053213882766e-02
3.420000000000000000e+02,1.942220800093845678e-01
3.430000000000000000e+02,-4.281165247933804707e-02
3.440000000000000000e+02,-2.825716122231574645e-01
3.450000000000000000e+02,1.431435106301657267e-01
3.460000000000000000e+02,1.184888505263116398e-01
3.470000000000000000e+02,7.435173613926454594e-03
3.480000000000000000e+02,-4.967333655694317063e-02
3.490000000000000000e+02,9.108231656167942170e-02
3.500000000000000000e+02,-4.127602577044902632e-01
3.510000000000000000e+02,2.352064991370378111e-01
3.520000000000000000e+02,1.373920305547468301e-01
3.530000000000000000e+02,-5.321524802997473769e-02
3.540000000000000000e+02,-9.436265891068468248e-02
3.550000000000000000e+02,2.976565306404665434e-01
3.560000000000000000e+02,3.283151434884354347e-02
3.570000000000000000e+02,1.862016414456534388e-02
3.580000000000000000e+02,-8.449707416808688309e-02
3.590000000000000000e+02,1.931772218394212648e-01
3.600000000000000000e+02,2.498527899352041490e-02
3.610000000000000000e+02,9.922644871352666318e-02
3.620000000000000000e+02,4.807010510079141874e-02
3.630000000000000000e+02,-6.383487683805658119e-02
3.640000000000000000e+02,8.183312393948755092e-02
3.650000000000000000e+02,-6.159203613020069849e-03
3.660000000000000000e+02,4.025089383369331864e-01
3.670000000000000000e+02,7.281460924564112092e-02
3.680000000000000000e+02,-3.692407699937731019e-02
3.690000000000000000e+02,-9.999992790302356105e-02
3.700000000000000000e+02,-3.670078045622315877e-02
3.710000000000000000e+02,7.297901112577043214e-02
3.720000000000000000e+02,9.043151210831282261e-02
3.730000000000000000e+02,-6.398891238826802386e-03
3.740000000000000000e+02,-9.514269005825691516e-02
3.750000000000000000e+02,-6.364982919899743463e-02
3.760000000000000000e+02,6.530738883237952042e-02
3.770000000000000000e+02,9.919634849242836561e-02
3.780000000000000000e+02,-2.863133822101632253e-01
3.790000000000000000e+02,-8.097222281248661613e-02
3.800000000000000000e+02,2.042950589036125475e-01
3.810000000000000000e+02,-2.514386608537737267e-02
3.820000000000000000e+02,2.775196239862845471e-01
3.830000000000000000e+02,1.649060277170139588e-01
3.840000000000000000e+02,1.161741893201872350e-01
3.850000000000000000e+02,1.459639098461582019e-02
3.860000000000000000e+02,9.901059396558101189e-02
3.870000000000000000e+02,1.991132285686829650e-01
3.880000000000000000e+02,1.883995007593694537e-01
3.890000000000000000e+02,-1.669881040759642055e-01
3.900000000000000000e+02,2.040324984389540464e-01
3.910000000000000000e+02,6.895552825911882566e-02
3.920000000000000000e+02,1.799669707431301169e-01
3.930000000000000000e+02,2.043581512705979764e-01
3.940000000000000000e+02,1.113046936288364652e-01
3.950000000000000000e+02,1.840298816109420255e-02
3.960000000000000000e+02,4.305764826494662412e-02
3.970000000000000000e+02,-1.658868006517676130e-02
3.980000000000000000e+02,2.112198353482041546e-01
3.990000000000000000e+02,1.422122479580993637e-01
4.000000000000000000e+02,3.429696330756248912e-02
4.010000000000000000e+02,2.385201891803422070e-02
4.020000000000000000e+02,1.240772226061479799e-01
4.030000000000000000e+02,2.083128835465076767e-01
4.040000000000000000e+02,1.701061098659321369e-01
4.050000000000000000e+02,5.774074598420068927e-02
4.060000000000000000e+02,1.321862103234559827e-02
4.070000000000000000e+02,-7.686394444872667042e-02
4.080000000000000000e+02,1.959218485617827965e-01
4.090000000000000000e+02,4.714328679284587320e-01
4.100000000000000000e+02,2.075071406948594266e-01
4.110000000000000000e+02,-3.247999323223333401e-01
4.120000000000000000e+02,1.053678105832492190e-01
4.130000000000000000e+02,6.383487683805393054e-02
4.140000000000000000e+02,4.262063140954165941e-01
4.150000000000000000e+02,6.159203613023493326e-03
4.160000000000000000e+02,-9.053376791430169102e-02
4.170000000000000000e+02,-7.281460924564346626e-02
4.180000000000000000e+02,3.692407699937940574e-02
4.190000000000000000e+02,-1.753939551797901453e-01
4.200000000000000000e+02,2.375004940278067078e-01
4.210000000000000000e+02,1.278207024458083985e-01
4.220000000000000000e+02,1.103682014632660635e-01
4.230000000000000000e+02,2.071986048104094147e-01
4.240000000000000000e+02,2.959424036298362037e-01
4.250000000000000000e+02,2.644495427705760293e-01
4.260000000000000000e+02,1.525191533179985348e-01
4.270000000000000000e+02,1.016033650791515613e-01
4.280000000000000000e+02,1.760470509917055892e-01
4.290000000000000000e+02,2.817719363840649471e-01
4.300000000000000000e+02,2.851681027569187843e-01
4.310000000000000000e+02,1.819436418182474868e-01
4.320000000000000000e+02,1.025485584270754702e-01
4.330000000000000000e+02,3.997014746868896018e-02
4.340000000000000000e+02,2.596753438027571970e-01
4.350000000000000000e+02,2.976280969806631149e-01
4.360000000000000000e+02,2.132138939996948424e-01
4.370000000000000000e+02,1.131112593965940410e-01
4.380000000000000000e+02,9.280001449145985903e-02
4.390000000000000000e+02,2.820739550009702112e-01
4.400000000000000000e+02,3.006098543933095057e-01
4.410000000000000000e+02,6.226752138490915245e-03
4.420000000000000000e+02,-1.047846903455199596e-01
4.430000000000000000e+02,-1.291758708729874860e-01
4.440000000000000000e+02,1.715056176915171759e-01
4.450000000000000000e+02,2.644073231592636852e-01
4.460000000000000000e+02,2.397526630554088212e-01
4.470000000000000000e+02,1.286989861430238302e-01
4.480000000000000000e+02,7.159047597215270620e-02
4.490000000000000000e+02,9.058877557515612744e-02
4.500000000000000000e+02,4.771363444121565212e-02
4.510000000000000000e+02,5.815857883074138091e-02
4.520000000000000000e+02,-4.206662485736786805e-02
4.530000000000000000e+02,-1.263022857977301183e-01
4.540000000000000000e+02,-8.809551211715360708e-02
4.550000000000000000e+02,2.426985176457790994e-02
4.560000000000000000e+02,6.879197671643069723e-02
4.570000000000000000e+02,-1.079401250035452731e-02
4.580000000000000000e+02,8.901226053602800947e-03
4.590000000000000000e+02,-1.102452360520640440e-01
4.600000000000000000e+02,-4.428897651401753066e-03
4.610000000000000000e+02,-1.803656070552442370e-01
4.620000000000000000e+02,1.865592845587640825e-02
4.630000000000000000e+02,9.939316978666679070e-02
4.640000000000000000e+02,-1.244826527090961421e-01
4.650000000000000000e+02,2.060332079250389303e-01
4.660000000000000000e+02,6.111959126937921427e-02
4.670000000000000000e+02,2.622049393680757623e-01
4.680000000000000000e+02,-6.633825364430251392e-02
4.690000000000000000e+02,-1.294141045479445529e-01
4.700000000000000000e+02,-2.291508996166028433e-01
4.710000000000000000e+02,6.000504895362901436e-01
4.720000000000000000e+02,2.980595430310610250e-01
4.730000000000000000e+02,5.132319392303814620e-01
4.740000000000000000e+02,-9.514269005825654046e-02
4.750000000000000000e+02,-6.364982919899835057e-02
4.760000000000000000e+02,4.828056025357880393e-02
4.770000000000000000e+02,9.919634849242922603e-02
4.780000000000000000e+02,2.475266257987258564e-02
4.790000000000000000e+02,-8.097222281248593612e-02
4.800000000000000000e+02,-8.436838918533720588e-02
4.810000000000000000e+02,1.885607175332391916e-02
4.820000000000000000e+02,9.825115514450530330e-02
4.830000000000000000e+02,5.348125332331721271e-02
4.840000000000000000e+02,-5.887563023117865779e-02
4.850000000000000000e+02,-9.682838340908220265e-02
4.860000000000000000e+02,-1.241418042812351963e-02
4.870000000000000000e+02,8.768845417498738470e-02
4.880000000000000000e+02,7.697472636567248561e-02
4.890000000000000000e+02,-3.101588075220654273e-02
4.900000000000000000e+02,-9.981014082172857960e-02
4.910000000000000000e+02,-4.246924613458511605e-02
4.920000000000000000e+02,6.854219634943564676e-02
4.930000000000000000e+02,9.293337687690068905e-02
4.940000000000000000e+02,-1.200807648600907789e-04
4.950000000000000000e+02,-9.302178623260100310e-02
4.960000000000000000e+02,-3.109553334450917417e-01
4.970000000000000000e+02,4.268655078363755434e-02
4.980000000000000000e+02,4.495882999069489988e-02
4.990000000000000000e+02,3.078747356440275293e-02
5.000000000000000000e+02,9.342653796059824378e-02
5.010000000000000000e+02,-8.757275547566133189e-02
5.020000000000000000e+02,-3.035935758660381345e-01
5.030000000000000000e+02,9.688810915280965386e-02
5.040000000000000000e+02,5.868133547223994967e-02
5.050000000000000000e+02,-5.368402840949126203e-02
5.060000000000000000e+02,-9.820615336135128659e-02
5.070000000000000000e+02,-1.862016414456428570e-02
5.080000000000000000e+02,-1.075273205004332738e-01
5.090000000000000000e+02,-1.111933352613692916e-01
5.100000000000000000e+02,-2.170096736620391598e-01
5.110000000000000000e+02,-2.572139630094688600e-01
5.120000000000000000e+02,-2.400944997693131577e-01
5.130000000000000000e+02,-1.281895178304646721e-01
5.140000000000000000e+02,-9.695591860433976084e-02
5.150000000000000000e+02,-1.858651910554987019e-01
5.160000000000000000e+02,-2.825581625828189059e-01
5.170000000000000000e+02,-2.648390039141619856e-01
5.180000000000000000e+02,-1.551003176691446717e-01
5.190000000000000000e+02,-9.202446676549413951e-02
5.200000000000000000e+02,-1.553236142122955410e-01
5.210000000000000000e+02,-2.650034057942888821e-01
5.220000000000000000e+02,-1.554571592482758002e-01
5.230000000000000000e+02,-1.856255034296954987e-01
5.240000000000000000e+02,-9.688170461026045233e-02
5.250000000000000000e+02,-1.283745654695210847e-01
5.260000000000000000e+02,-2.403049549220984682e-01
5.270000000000000000e+02,-2.912207431609466490e-01
5.280000000000000000e+02,-2.167770572483991298e-01
5.290000000000000000e+02,-1.110521718560304461e-01
5.300000000000000000e+02,-2.363041302162591228e-01
5.310000000000000000e+02,-4.123185954619877913e-01
5.320000000000000000e+02,-2.902755498130212830e-01
5.330000000000000000e+02,-2.455056479918330259e-01
5.340000000000000000e+02,-1.331487644373372248e-01
5.350000000000000000e+02,2.044338527511734560e-01
5.360000000000000000e+02,-1.796102142403964153e-01
5.370000000000000000e+02,-5.139430772343686615e-02
5.380000000000000000e+02,-7.697472636567104232e-02
5.390000000000000000e+02,3.101588075220868684e-02
5.400000000000000000e+02,-1.829089610311223635e-01
5.410000000000000000e+02,4.246924613458307601e-02
5.420000000000000000e+02,3.513887671912689636e-02
5.430000000000000000e+02,6.014391886289287281e-02
5.440000000000000000e+02,1.531973765046550917e-01
5.450000000000000000e+02,2.460990819723945511e-01
5.460000000000000000e+02,2.214444218685472088e-01
5.470000000000000000e+02,1.103907449561531418e-01
5.480000000000000000e+02,5.328223478528637536e-02
5.490000000000000000e+02,1.222898221753921238e-01
5.500000000000000000e+02,2.302051068259250433e-01
5.510000000000000000e+02,2.406500512154584603e-01
5.520000000000000000e+02,1.404248475273414121e-01
5.530000000000000000e+02,5.618918658698252022e-02
5.540000000000000000e+02,9.439596026755459057e-02
5.550000000000000000e+02,2.067613241492858855e-01
5.560000000000000000e+02,2.512834491011457505e-01
5.570000000000000000e+02,1.716974598843548083e-01
5.580000000000000000e+02,6.858022157170709510e-02
5.590000000000000000e+02,7.224623633264563860e-02
5.600000000000000000e+02,1.780625747333053621e-01
5.610000000000000000e+02,2.523037444533198226e-01
5.620000000000000000e+02,2.011474008405862157e-01
5.630000000000000000e+02,8.924241890173796599e-02
5.640000000000000000e+02,5.800881967561549724e-02
5.650000000000000000e+02,1.469180921267646545e-01
5.660000000000000000e+02,2.436110636540948782e-01
5.670000000000000000e+02,2.258919049854354599e-01
5.680000000000000000e+02,1.161532187404175909e-01
5.690000000000000000e+02,5.307736783676915426e-02
5.700000000000000000e+02,1.163765152835620903e-01
5.710000000000000000e+02,-1.031912584681042855e-01
5.720000000000000000e+02,4.452863527848217595e-01
5.730000000000000000e+02,-6.398891238824454437e-03
5.740000000000000000e+02,-9.514269005825443104e-02
5.750000000000000000e+02,-6.364982919899486724e-02
5.760000000000000000e+02,4.828056025358275216e-02
5.770000000000000000e+02,9.919634849242865704e-02
5.780000000000000000e+02,2.475266257987923310e-02
5.790000000000000000e+02,-8.097222281248189768e-02
5.800000000000000000e+02,-8.436838918533479115e-02
5.810000000000000000e+02,1.885607175332834617e-02
5.820000000000000000e+02,9.825115514450402654e-02
5.830000000000000000e+02,2.433297534752458524e-03
5.840000000000000000e+02,-5.887563023117312055e-02
5.850000000000000000e+02,-9.682838340908107855e-02
5.860000000000000000e+02,-1.241418042811904751e-02
5.870000000000000000e+02,8.768845417498409567e-02
5.880000000000000000e+02,7.697472636567685711e-02
5.890000000000000000e+02,-3.101588075221083096e-02
5.900000000000000000e+02,-9.981014082172885715e-02
5.910000000000000000e+02,-4.246924613458103598e-02
5.920000000000000000e+02,6.854219634943065076e-02
5.930000000000000000e+02,9.293337687690322868e-02
5.940000000000000000e+02,-2.732252299678420981e-01
5.950000000000000000e+02,-3.661269354355801697e-01
5.960000000000000000e+02,-3.315988807253789084e-02
5.970000000000000000e+02,-2.304185984193461711e-01
5.980000000000000000e+02,-1.733100882484705785e-01
5.990000000000000000e+02,-5.657816942775524272e-01
6.000000000000000000e+02,-3.502329602891112725e-01
6.010000000000000000e+02,-2.787564385289624802e-01
6.020000000000000000e+02,-1.928119808470509233e-01
6.030000000000000000e+02,-1.762170400501667511e-01
6.040000000000000000e+02,-2.144238137307412084e-01
6.050000000000000000e+02,-3.267891776124725589e-01
6.060000000000000000e+02,-3.713113025643300924e-01
6.070000000000000000e+02,-4.661700921044253376e-01
6.080000000000000000e+02,-1.886080750348906876e-01
6.090000000000000000e+02,-3.592742236968237135e-01
6.100000000000000000e+02,-2.980904281964923408e-01
6.110000000000000000e+02,-3.723315979165034428e-01
6.120000000000000000e+02,-6.562791233508300515e-01
6.130000000000000000e+02,-4.059443201456326422e-01
6.140000000000000000e+02,1.081382029640796660e-01
6.150000000000000000e+02,-2.669459455899516609e-01
6.160000000000000000e+02,-3.636389171172758061e-01
6.170000000000000000e+02,-3.459197584486187194e-01
6.180000000000000000e+02,-2.361810722036002952e-01
6.190000000000000000e+02,-1.731052212999539264e-01
6.200000000000000000e+02,-2.364043687467489718e-01
6.210000000000000000e+02,-3.608991217173880273e-01
6.220000000000000000e+02,-3.635366613112903655e-01
6.230000000000000000e+02,-1.957550530780936271e-01
6.240000000000000000e+02,5.879074438801624308e-02
6.250000000000000000e+02,5.418760030657567700e-02
6.260000000000000000e+02,-4.828056025357477243e-02
6.270000000000000000e+02,-9.919634849242836561e-02
6.280000000000000000e+02,-2.475266257987704735e-02
6.290000000000000000e+02,8.097222281248322995e-02
6.300000000000000000e+02,8.436838918533967613e-02
6.310000000000000000e+02,-1.885607175333056315e-02
6.320000000000000000e+02,-9.825115514450444287e-02
6.330000000000000000e+02,-5.348125332332111237e-02
6.340000000000000000e+02,-1.078050877483804904e-03
6.350000000000000000e+02,9.682838340908335450e-02
6.360000000000000000e+02,1.241418042811680972e-02
6.370000000000000000e+02,-5.045680197050469995e-03
6.380000000000000000e+02,-7.697472636567542770e-02
6.390000000000000000e+02,3.101588075220216428e-02
6.400000000000000000e+02,9.981014082172900981e-02
6.410000000000000000e+02,4.246924613457899594e-02
6.420000000000000000e+02,-6.854219634943230222e-02
6.430000000000000000e+02,-9.293337687690239601e-02
6.440000000000000000e+02,1.200807648554847628e-04
6.450000000000000000e+02,9.302178623260348722e-02
6.460000000000000000e+02,6.836712612875117667e-02
6.470000000000000000e+02,-4.268655078363339100e-02
6.480000000000000000e+02,-9.979506095450679792e-02
6.490000000000000000e+02,-3.078747356440713831e-02
6.500000000000000000e+02,7.712781108613517289e-02
6.510000000000000000e+02,8.757275547566356622e-02
6.520000000000000000e+02,-1.265244821244451701e-02
6.530000000000000000e+02,-9.688810915280851588e-02
6.540000000000000000e+02,-1.118569313761397788e-01
6.550000000000000000e+02,5.084325055916688596e-04
6.560000000000000000e+02,4.503055745744685007e-02
6.570000000000000000e+02,-3.455543175933648709e-02
6.580000000000000000e+02,-1.376726700719872465e-01
6.590000000000000000e+02,-1.340066553110497161e-01
6.600000000000000000e+02,-2.819031691038829945e-02
6.610000000000000000e+02,2.529373764971311056e-01
6.620000000000000000e+02,1.390613110969031729e-01
6.630000000000000000e+02,3.972804845233031679e-01
6.640000000000000000e+02,3.660468852971767717e-01
6.650000000000000000e+02,4.549561577483290931e-01
6.660000000000000000e+02,5.516491292756519060e-01
6.670000000000000000e+02,5.339299706070000928e-01
6.680000000000000000e+02,4.241912843619733420e-01
6.690000000000000000e+02,3.611154334583290826e-01
6.700000000000000000e+02,4.244145809051261820e-01
6.710000000000000000e+02,5.340943724871206610e-01
6.720000000000000000e+02,8.713580734537285100e-01
6.730000000000000000e+02,2.961145209862188210e-01
6.740000000000000000e+02,8.340452108750151528e-02
6.750000000000000000e+02,3.276987659314763435e-01
6.760000000000000000e+02,4.396291553840533384e-01
6.770000000000000000e+02,4.905449436229061266e-01
6.780000000000000000e+02,4.161012577103514465e-01
6.790000000000000000e+02,3.103763723179919221e-01
6.800000000000000000e+02,3.069802059451380294e-01
6.810000000000000000e+02,4.102046668837981969e-01
6.820000000000000000e+02,4.895997502749813712e-01
6.830000000000000000e+02,5.055888859863746365e-01
6.840000000000000000e+02,3.856485608032050871e-01
6.850000000000000000e+02,3.476958076252990582e-01
6.860000000000000000e+02,4.321100106062559787e-01
6.870000000000000000e+02,5.322126452093680626e-01
6.880000000000000000e+02,5.214989174000559391e-01
6.890000000000000000e+02,4.135083102821774936e-01
6.900000000000000000e+02,6.995020822584234466e-02
6.910000000000000000e+02,2.387354513820468815e-01
6.920000000000000000e+02,6.036766522397274404e-01
6.930000000000000000e+02,2.316661064602544562e-02
6.940000000000000000e+02,-6.988684699573384507e-02
6.950000000000000000e+02,-1.627885524634762326e-01
6.960000000000000000e+02,-1.381338923596256429e-01
6.970000000000000000e+02,-2.708021544724069363e-02
6.980000000000000000e+02,3.002829472363052754e-02
6.990000000000000000e+02,-3.897929266647111313e-02
7.000000000000000000e+02,-1.468945773170055036e-01
7.010000000000000000e+02,-1.573395217065385876e-01
7.020000000000000000e+02,-1.567169390736324885e-01
7.030000000000000000e+02,1.857232920582378433e-01
7.040000000000000000e+02,-3.254766187990416892e-02
7.050000000000000000e+02,-5.368402840948927057e-02
7.060000000000000000e+02,-9.820615336135173068e-02
7.070000000000000000e+02,-1.862016414456659635e-02
7.080000000000000000e+02,8.449707416808316385e-02
7.090000000000000000e+02,8.083105940714979676e-02
7.100000000000000000e+02,-2.498527899351918324e-02
7.110000000000000000e+02,-9.922644871352651053e-02
7.120000000000000000e+02,-4.807010510079751803e-02
7.130000000000000000e+02,6.383487683805122437e-02
7.140000000000000000e+02,9.506847606417867524e-02
7.150000000000000000e+02,6.159203613021340534e-03
7.160000000000000000e+02,1.065889041116949015e-01
7.170000000000000000e+02,1.243080627803491989e-01
7.180000000000000000e+02,2.340467490253659300e-01
7.190000000000000000e+02,2.971225999290186826e-01
7.200000000000000000e+02,2.338234524822194460e-01
7.210000000000000000e+02,1.241436609002255220e-01
7.220000000000000000e+02,9.169925991341282279e-03
7.230000000000000000e+02,5.153115031017124759e-01
7.240000000000000000e+02,2.922653620842516342e-01
7.250000000000000000e+02,2.607725012249935137e-01
7.260000000000000000e+02,1.488421117724163800e-01
7.270000000000000000e+02,-6.043987472499678937e-03
7.280000000000000000e+02,1.723700094461113885e-01
7.290000000000000000e+02,2.780948948384809882e-01
7.300000000000000000e+02,2.814910612113323829e-01
7.310000000000000000e+02,1.782666002726712717e-01
7.320000000000000000e+02,9.887151688149192763e-02
7.330000000000000000e+02,4.857040372151126828e-01
7.340000000000000000e+02,5.703980239465726854e-01
7.350000000000000000e+02,3.188059318304262701e-01
7.360000000000000000e+02,2.095368524541187105e-01
7.370000000000000000e+02,1.094342178510132046e-01
7.380000000000000000e+02,1.201479456603225526e-01
7.390000000000000000e+02,2.281385527782015532e-01
7.400000000000000000e+02,1.043396663648565870e-01
7.410000000000000000e+02,4.699877167771321362e-02
7.420000000000000000e+02,-6.401267080629929884e-02
7.430000000000000000e+02,-8.840385133377270943e-02
7.440000000000000000e+02,4.649606307988024545e-03
7.450000000000000000e+02,-3.744909303802312905e-02
7.460000000000000000e+02,-1.242260203541108859e-01
7.470000000000000000e+02,1.158846462204152217e-02
7.480000000000000000e+02,-2.923882074373735929e-01
7.490000000000000000e+02,-2.233806200472699122e-01
7.500000000000000000e+02,-1.154653353967362572e-01
7.510000000000000000e+02,-1.050203910072002034e-01
7.520000000000000000e+02,-4.715433194141063211e-01
7.530000000000000000e+02,-2.894812556356767264e-01
7.540000000000000000e+02,-2.512744819551070985e-01
7.550000000000000000e+02,-1.389091180733759145e-01
7.560000000000000000e+02,-9.438699312151362097e-02
7.570000000000000000e+02,-1.739729823383026897e-01
7.580000000000000000e+02,-5.940122599836119566e-01
7.590000000000000000e+02,-2.734242058900155370e-01
7.600000000000000000e+02,-2.237635716340653780e-01
7.610000000000000000e+02,-9.336669776934169995e-02
7.620000000000000000e+02,-2.954955292131837830e-01
7.630000000000000000e+02,-2.564280233209200177e-01
7.640000000000000000e+02,-4.888728942152240076e-01
7.650000000000000000e+02,-1.987523500958975065e-01
7.660000000000000000e+02,-1.020593785685659227e-01
7.670000000000000000e+02,-3.402594235376164566e-01
7.680000000000000000e+02,-2.295172234822400181e-01
7.690000000000000000e+02,-5.434195807996424765e-01
7.700000000000000000e+02,-3.670078045623282464e-02
7.710000000000000000e+02,7.297901112577111216e-02
7.720000000000000000e+02,-1.230165462531059989e-01
7.730000000000000000e+02,-6.398891238822108224e-03
7.740000000000000000e+02,-9.514269005825370940e-02
7.750000000000000000e+02,-6.364982919899668523e-02
7.760000000000000000e+02,2.358149537168311924e-02
7.770000000000000000e+02,9.919634849242894847e-02
7.780000000000000000e+02,2.475266257988151253e-02
7.790000000000000000e+02,-8.097222281248052378e-02
7.800000000000000000e+02,-8.436838918533605403e-02
7.810000000000000000e+02,1.885607175332603899e-02
7.820000000000000000e+02,9.825115514450358245e-02
7.830000000000000000e+02,5.348125332332501203e-02
7.840000000000000000e+02,-5.887563023117121930e-02
7.850000000000000000e+02,-9.682838340908167529e-02
7.860000000000000000e+02,-1.241418042812138071e-02
7.870000000000000000e+02,8.768845417498297157e-02
7.880000000000000000e+02,7.697472636567835591e-02
7.890000000000000000e+02,-3.101588075220859317e-02
7.900000000000000000e+02,-9.981014082172871837e-02
7.910000000000000000e+02,-4.246924613458316622e-02
7.920000000000000000e+02,6.854219634942894379e-02
7.930000000000000000e+02,9.293337687690408910e-02
7.940000000000000000e+02,-1.200807648622474061e-04
7.950000000000000000e+02,-9.302178623260179413e-02
7.960000000000000000e+02,-6.836712612875454897e-02
7.970000000000000000e+02,4.268655078362922767e-02
7.980000000000000000e+02,9.979506095450708936e-02
7.990000000000000000e+02,3.078747356440070249e-02
8.000000000000000000e+02,2.202860474918923450e-01
8.010000000000000000e+02,-8.757275547566578666e-02
8.020000000000000000e+02,1.265244821243994601e-02
8.030000000000000000e+02,9.688810915281019509e-02
8.040000000000000000e+02,5.868133547223820801e-02
8.050000000000000000e+02,-2.319017947807755775e-01
8.060000000000000000e+02,-9.820615336135302131e-02
8.070000000000000000e+02,-1.862016414457333402e-02
8.080000000000000000e+02,1.570222424779469106e-01
8.090000000000000000e+02,8.083105940714714610e-02
8.100000000000000000e+02,-2.498527899351253578e-02
8.110000000000000000e+02,-4.117977006973545517e-01
8.120000000000000000e+02,2.931033049080311592e-01
8.130000000000000000e+02,6.383487683805469382e-02
8.140000000000000000e+02,9.506847606417727359e-02
8.150000000000000000e+02,-1.994455965539971565e-01
8.160000000000000000e+02,-9.053376791429727788e-02
8.170000000000000000e+02,-7.281460924564280013e-02
8.180000000000000000e+02,2.634098907825692115e-01
8.190000000000000000e+02,9.999992790302357493e-02
8.200000000000000000e+02,3.670078045623072910e-02
8.210000000000000000e+02,-7.297901112576488103e-02
8.220000000000000000e+02,2.071937483485820908e-02
8.230000000000000000e+02,6.398891238824357293e-03
8.240000000000000000e+02,-1.215500769961512795e-01
8.250000000000000000e+02,2.862664420190838555e-02
8.260000000000000000e+02,-2.649733273079784013e-01
8.270000000000000000e+02,-3.158891155468343537e-01
8.280000000000000000e+02,-2.414454296342850026e-01
8.290000000000000000e+02,-1.357205442419238406e-01
8.300000000000000000e+02,-1.323243778690647576e-01
8.310000000000000000e+02,-2.355488388077339179e-01
8.320000000000000000e+02,-3.526944540295846031e-01
8.330000000000000000e+02,-3.079245522084037012e-01
8.340000000000000000e+02,-1.955676686539075948e-01
8.350000000000000000e+02,-1.576149154759966808e-01
8.360000000000000000e+02,-2.420291184569614840e-01
8.370000000000000000e+02,-3.421317530600646584e-01
8.380000000000000000e+02,-3.314180252507575308e-01
8.390000000000000000e+02,-9.300145786262115077e-02
8.400000000000000000e+02,-2.420719779309293829e-02
8.410000000000000000e+02,-8.154809248023997537e-02
8.420000000000000000e+02,-1.925595349642516552e-01
8.430000000000000000e+02,-2.169507154917243441e-01
8.440000000000000000e+02,-1.238972578499679678e-01
8.450000000000000000e+02,-1.771977203857140748e-01
8.460000000000000000e+02,-5.565021248606821791e-02
8.470000000000000000e+02,-1.667038893984523207e-01
8.480000000000000000e+02,-2.238123995693280244e-01
8.490000000000000000e+02,-1.548048121792304777e-01
8.500000000000000000e+02,-4.688952752868741358e-02
8.510000000000000000e+02,1.758870485305607800e-01
8.520000000000000000e+02,-1.366697868272632732e-01
8.530000000000000000e+02,-1.473681141840349484e-01
8.540000000000000000e+02,3.399409296733900410e-02
8.550000000000000000e+02,1.463594568490795833e-01
8.560000000000000000e+02,1.908815818009371723e-01
8.570000000000000000e+02,1.112955925841557225e-01
8.580000000000000000e+02,8.178354271503887607e-03
8.590000000000000000e+02,1.184436903243878125e-02
8.600000000000000000e+02,1.176607074330883046e-01
8.610000000000000000e+02,1.172150838580086063e-01
8.620000000000000000e+02,1.784960653710511158e-01
8.630000000000000000e+02,1.532950815275472833e-01
8.640000000000000000e+02,-1.109635312064494450e-01
8.650000000000000000e+02,1.242667566572222548e-01
8.660000000000000000e+02,2.209597281845577799e-01
8.670000000000000000e+02,2.032405695159008041e-01
8.680000000000000000e+02,-7.669365171332198639e-02
8.690000000000000000e+02,-9.999992790302357493e-02
8.700000000000000000e+02,-3.670078045623920149e-02
8.710000000000000000e+02,7.297901112576642146e-02
8.720000000000000000e+02,9.043151210831290587e-02
8.730000000000000000e+02,-6.398891238815262138e-03
8.740000000000000000e+02,-9.514269005825509717e-02
8.750000000000000000e+02,-6.364982919901072955e-02
8.760000000000000000e+02,4.828056025357468917e-02
8.770000000000000000e+02,9.919634849242837948e-02
8.780000000000000000e+02,2.475266257988815999e-02
8.790000000000000000e+02,-8.097222281248317444e-02
8.800000000000000000e+02,-8.436838918533362541e-02
8.810000000000000000e+02,1.885607175331930133e-02
8.820000000000000000e+02,1.817661035385554624e-01
8.830000000000000000e+02,5.348125332333080600e-02
8.840000000000000000e+02,-5.887563023117486222e-02
8.850000000000000000e+02,-9.682838340908053731e-02
8.860000000000000000e+02,-1.241418042812818777e-02
8.870000000000000000e+02,8.768845417498513650e-02
8.880000000000000000e+02,7.697472636568274129e-02
8.890000000000000000e+02,-3.101588075220207061e-02
8.900000000000000000e+02,-9.981014082172899593e-02
8.910000000000000000e+02,-4.246924613458937653e-02
8.920000000000000000e+02,6.854219634943223283e-02
8.930000000000000000e+02,9.293337687690661486e-02
8.940000000000000000e+02,1.691774797644766681e-01
8.950000000000000000e+02,-9.302178623260344559e-02
8.960000000000000000e+02,-6.836712612875954498e-02
8.970000000000000000e+02,4.268655078363330080e-02
8.980000000000000000e+02,9.979506095450751957e-02
8.990000000000000000e+02,-2.076931064112748360e-02
9.000000000000000000e+02,-3.486156847171482109e-01
9.010000000000000000e+02,-1.596755400952382109e-01
9.020000000000000000e+02,-1.619758879947527097e-01
9.030000000000000000e+02,1.496544680173441666e-01
9.040000000000000000e+02,2.860295078457931184e-01
9.050000000000000000e+02,-1.105856656050981934e-01
9.060000000000000000e+02,-1.319979266658075912e-01
9.070000000000000000e+02,-8.055391268559029816e-02
9.080000000000000000e+02,4.150174616715467391e-01
9.090000000000000000e+02,9.856929283169509060e-02
9.100000000000000000e+02,-6.877290616914955024e-02
9.110000000000000000e+02,-2.918594851592160588e-01
9.120000000000000000e+02,-1.944671320057022104e-02
9.130000000000000000e+02,1.887758768701102152e-01
9.140000000000000000e+02,2.314739912484860274e-02
9.150000000000000000e+02,2.522465754279931693e-01
9.160000000000000000e+02,-2.246837012752719853e-01
9.170000000000000000e+02,1.504834286863188098e-02
9.180000000000000000e+02,1.015329132071257356e-01
9.190000000000000000e+02,2.303853105409013335e-01
9.200000000000000000e+02,3.887180788342734505e-01
9.210000000000000000e+02,-6.716286817347824623e-02
9.220000000000000000e+02,5.987881767352452034e-01
9.230000000000000000e+02,2.827436200758950413e-01
9.240000000000000000e+02,4.071710186121340058e-01
9.250000000000000000e+02,3.359177124886855159e-01
9.260000000000000000e+02,4.198323177662702799e-01
9.270000000000000000e+02,3.623518520981230950e-02
9.280000000000000000e+02,2.084117808283819373e-01
9.290000000000000000e+02,4.840976092661305463e-01
9.300000000000000000e+02,1.393117538076842910e-01
9.310000000000000000e+02,1.125643097690435107e-01
9.320000000000000000e+02,2.085442480004718879e-01
9.330000000000000000e+02,2.333878589144907645e-01
9.340000000000000000e+02,2.219361663421841047e-01
9.350000000000000000e+02,1.209912554852441702e-01
9.360000000000000000e+02,8.139477775253584069e-02
9.370000000000000000e+02,6.437241626238127123e-02
9.380000000000000000e+02,2.093246570415603081e-01
9.390000000000000000e+02,2.004449789343066279e-01
9.400000000000000000e+02,4.346183018152376398e-01
9.410000000000000000e+02,1.395633903295965539e-01
9.420000000000000000e+02,1.669977614506753527e-01
9.430000000000000000e+02,2.346952875062981725e-01
9.440000000000000000e+02,1.500778816352299483e-01
9.450000000000000000e+02,5.085601775212263975e-01
9.460000000000000000e+02,2.198708500741328731e-01
9.470000000000000000e+02,-2.111219566899344979e-01
9.480000000000000000e+02,-6.937674356111912799e-02
9.490000000000000000e+02,7.732646015628560215e-03
9.500000000000000000e+02,2.044864412587184266e-01
9.510000000000000000e+02,3.389067861021098360e-01
9.520000000000000000e+02,4.054406946364735170e-02
9.530000000000000000e+02,-1.701177272711939525e-01
9.540000000000000000e+02,-1.428773770365500684e-01
9.550000000000000000e+02,4.679713468810761667e-02
9.560000000000000000e+02,6.273212286179044583e-02
9.570000000000000000e+02,1.032239138605315631e-01
9.580000000000000000e+02,2.069831289408144426e-03
9.590000000000000000e+02,-7.018539302302970184e-02
9.600000000000000000e+02,1.192819004722565079e-01
9.610000000000000000e+02,3.387245116587999094e-01
9.620000000000000000e+02,2.566286413252238940e-01
9.630000000000000000e+02,4.034222511065055361e-03
9.640000000000000000e+02,-2.871690721186488382e-01
9.650000000000000000e+02,2.619955961617079776e-01
9.660000000000000000e+02,2.183974001287119493e-01
9.670000000000000000e+02,1.422034808728443456e-01
9.680000000000000000e+02,-5.404706564666671154e-02
9.690000000000000000e+02,-1.451752265694405131e-01
9.700000000000000000e+02,1.899665021741932247e-01
9.710000000000000000e+02,-2.034952300015464843e-02
9.720000000000000000e+02,3.114429890589207606e-01
9.730000000000000000e+02,-1.499597556113496655e-01
9.740000000000000000e+02,1.848413944590108215e-01
9.750000000000000000e+02,-3.687508606953300572e-02
9.760000000000000000e+02,3.114542104599329897e-01
9.770000000000000000e+02,4.394302058165480696e-02
9.780000000000000000e+02,2.972132551544713619e-02
9.790000000000000000e+02,-1.976623027308541114e-01
9.800000000000000000e+02,-1.175092278787710776e-02
9.810000000000000000e+02,2.636778732367613468e-02
9.820000000000000000e+02,1.248301548750946621e-01
9.830000000000000000e+02,-3.052859624794720950e-02
9.840000000000000000e+02,1.093218958846498279e-01
9.850000000000000000e+02,5.950657364291075946e-02
9.860000000000000000e+02,1.824562006115325041e-01
9.870000000000000000e+02,-2.043415719666928643e-02
9.880000000000000000e+02,1.218914145125810922e-01
9.890000000000000000e+02,-2.215547171502728341e-02
9.900000000000000000e+02,3.908968437637707627e-01
9.910000000000000000e+02,2.558745639910153247e-01
9.920000000000000000e+02,1.945028623164591353e-01
9.930000000000000000e+02,2.824471539730125658e-01
9.940000000000000000e+02,2.455161247794208079e-01
9.950000000000000000e+02,2.485595592248986407e-01
9.960000000000000000e+02,2.736671993671461189e-01
9.970000000000000000e+02,4.123612206444871586e-01
9.980000000000000000e+02,3.902866936873038983e-01
9.990000000000000000e+02,2.743837865705474055e-01
1.000000000000000000e+03,4.404375753018395234e-01
1.001000000000000000e+03,4.294810510437456208e-01
1.002000000000000000e+03,3.668505740304581209e-01
1.003000000000000000e+03,9.832066081668818791e-01
1.004000000000000000e+03,6.434213123794835232e-01
1.005000000000000000e+03,5.654749681875353984e-01
1.006000000000000000e+03,6.022623173303286448e-01
1.007000000000000000e+03,5.532091855660680180e-01
1.008000000000000000e+03,8.050523287100824765e-01
1.009000000000000000e+03,8.826901366610836464e-01
1.010000000000000000e+03,6.329516811265837317e-01
1.011000000000000000e+03,6.380581991376338413e-01
1.012000000000000000e+03,1.062226142468897905e+00
1.013000000000000000e+03,1.181320671847213788e+00
1.014000000000000000e+03,1.345437396455605450e+00
1.015000000000000000e+03,1.502574917545953959e+00
1.016000000000000000e+03,1.721754229287353999e+00
1.017000000000000000e+03,1.797800376676189194e+00
1.018000000000000000e+03,1.916968513551527531e+00
1.019000000000000000e+03,2.450239769150426294e+00
1.020000000000000000e+03,1.956327382320754760e+00
1.021000000000000000e+03,1.623893588837688196e+00
1.022000000000000000e+03,2.479178098444684952e+00
1.023000000000000000e+03,2.373381088152090701e+00
1.024000000000000000e+03,2.746768852005811112e+00
1.025000000000000000e+03,3.030672069712255556e+00
1.026000000000000000e+03,3.058416421895040038e+00
1.027000000000000000e+03,3.308735301163754361e+00
1.028000000000000000e+03,3.651822953468089494e+00
1.029000000000000000e+03,4.298323887011387789e+00
1.030000000000000000e+03,4.539940071887409445e+00
1.031000000000000000e+03,4.585996915707060140e+00
1.032000000000000000e+03,4.795670676697558754e+00
1.033000000000000000e+03,5.274122712876327945e+00
1.034000000000000000e+03,5.898621806730753647e+00
1.035000000000000000e+03,6.520493805370762175e+00
1.036000000000000000e+03,6.485202207449215273e+00
1.037000000000000000e+03,6.928206475960907440e+00
1.038000000000000000e+03,7.410197096224100832e+00
1.039000000000000000e+03,8.139732197095804977e+00
1.040000000000000000e+03,8.459997348244366222e+00
1.041000000000000000e+03,9.371020320959171812e+00
1.042000000000000000e+03,9.480495314357446190e+00
1.043000000000000000e+03,9.944444022930918337e+00
1.044000000000000000e+03,1.080164807520765358e+01
1.045000000000000000e+03,1.153136775758248866e+01
1.046000000000000000e+03,1.245366208056497825e+01
1.047000000000000000e+03,1.273713438060792669e+01
1.048000000000000000e+03,1.369401234729615169e+01
1.049000000000000000e+03,1.421086256315329521e+01
1.050000000000000000e+03,1.498501850128532453e+01
1.051000000000000000e+03,1.553052463592298871e+01
1.052000000000000000e+03,1.626849021452240152e+01
1.053000000000000000e+03,1.673021172572290283e+01
1.054000000000000000e+03,1.743815142884955804e+01
1.055000000000000000e+03,1.837021798190899702e+01
1.056000000000000000e+03,1.891422952725970674e+01
1.057000000000000000e+03,1.937393089279755287e+01
1.058000000000000000e+03,2.012033526338390388e+01
1.059000000000000000e+03,2.058889280503174390e+01
1.060000000000000000e+03,2.179404922080689744e+01
1.061000000000000000e+03,2.185922597941405598e+01
1.062000000000000000e+03,2.290588234630733666e+01
1.063000000000000000e+03,2.322523936483371187e+01
1.064000000000000000e+03,2.380274784670034904e+01
1.065000000000000000e+03,2.442036466756837143e+01
1.066000000000000000e+03,2.466930113313272699e+01
1.067000000000000000e+03,2.505996364685059774e+01
1.068000000000000000e+03,2.537208554280697115e+01
1.069000000000000000e+03,2.595626317018264473e+01
1.070000000000000000e+03,2.596496629621105967e+01
1.071000000000000000e+03,2.686366807603305773e+01
1.072000000000000000e+03,2.698264133469295700e+01
1.073000000000000000e+03,2.710407437199099689e+01
1.074000000000000000e+03,2.723786521867563692e+01
1.075000000000000000e+03,2.713409986112623784e+01
1.076000000000000000e+03,2.801124170412298042e+01
1.077000000000000000e+03,2.769629308057486838e+01
1.078000000000000000e+03,2.761502446215359186e+01
1.079000000000000000e+03,2.813445995050655313e+01
1.080000000000000000e+03,2.826673641715100160e+01
1.081000000000000000e+03,2.849173593381339487e+01
1.082000000000000000e+03,2.865038928774254856e+01
1.083000000000000000e+03,2.867940064208011108e+01
1.084000000000000000e+03,2.924611409947499396e+01
1.085000000000000000e+03,2.894859724115789135e+01
1.086000000000000000e+03,2.867604350861111584e+01
1.087000000000000000e+03,2.936158720648477072e+01
1.088000000000000000e+03,2.945025300574977223e+01
1.089000000000000000e+03,2.918007899797487426e+01
1.090000000000000000e+03,2.910272721673953100e+01
1.091000000000000000e+03,2.906523264853530719e+01
1.092000000000000000e+03,2.904227685451076368e+01
1.093000000000000000e+03,2.935658713513464235e+01
1.094000000000000000e+03,2.911477469859172018e+01
1.095000000000000000e+03,2.941142732006428773e+01
1.096000000000000000e+03,2.946161442850935330e+01
1.097000000000000000e+03,2.982513448822502866e+01
1.098000000000000000e+03,2.958364252674300587e+01
1.099000000000000000e+03,2.956924609565925977e+01
1.100000000000000000e+03,2.957020467079731674e+01
1.101000000000000000e+03,3.010739782821414323e+01
1.102000000000000000e+03,3.007328905812921960e+01
1.103000000000000000e+03,2.989485205280608682e+01
1.104000000000000000e+03,3.005278044594993858e+01
1.105000000000000000e+03,2.991798248701222107e+01
1.106000000000000000e+03,3.028209505514992372e+01
1.107000000000000000e+03,3.018007156119400491e+01
1.108000000000000000e+03,3.012652680019481721e+01
1.109000000000000000e+03,3.027554267152299872e+01
1.110000000000000000e+03,3.019785988774039964e+01
1.111000000000000000e+03,2.990432720122798571e+01
1.112000000000000000e+03,3.034414788696548726e+01
1.113000000000000000e+03,3.031374086196678164e+01
1.114000000000000000e+03,3.030944704008243562e+01
1.115000000000000000e+03,3.016066838439220632e+01
1.116000000000000000e+03,3.019967526278181680e+01
1.117000000000000000e+03,2.993004696686275068e+01
1.118000000000000000e+03,3.031623516095442383e+01
1.119000000000000000e+03,3.023711228882361368e+01
1.120000000000000000e+03,3.057415647292832617e+01
1.121000000000000000e+03,3.000498957633573482e+01
1.122000000000000000e+03,3.007371367569233556e+01
1.123000000000000000e+03,3.041008590225297326e+01
1.124000000000000000e+03,3.023665506473905040e+01
1.125000000000000000e+03,3.033208471660568861e+01
1.126000000000000000e+03,3.016050646632222865e+01
1.127000000000000000e+03,3.004110243545587622e+01
1.128000000000000000e+03,3.017577711134992668e+01
1.129000000000000000e+03,3.059126038026579053e+01
1.130000000000000000e+03,2.998271684101299783e+01
1.131000000000000000e+03,2.984036584215284194e+01
1.132000000000000000e+03,2.969221937914836218e+01
1.133000000000000000e+03,2.983101070729728477e+01
1.134000000000000000e+03,2.978692749343437995e+01
1.135000000000000000e+03,2.989524419196308003e+01
1.136000000000000000e+03,2.974834125709138277e+01
1.137000000000000000e+03,2.963244266414314865e+01
1.138000000000000000e+03,2.940647051126545719e+01
1.139000000000000000e+03,2.980879758492786991e+01
1.140000000000000000e+03,2.989793082206059438e+01
1.141000000000000000e+03,2.984960535276439231e+01
1.142000000000000000e+03,2.963384055602747225e+01
1.143000000000000000e+03,2.962313901850962594e+01
1.144000000000000000e+03,3.006041531583232995e+01
1.145000000000000000e+03,2.973807855107142473e+01
1.146000000000000000e+03,2.998094772678663844e+01
1.147000000000000000e+03,2.970600183269930028e+01
1.148000000000000000e+03,2.971168613860618990e+01
1.149000000000000000e+03,2.925391511381604914e+01
1.150000000000000000e+03,2.984070173803880621e+01
1.151000000000000000e+03,3.004746224682642364e+01
1.152000000000000000e+03,2.952985619988330512e+01
1.153000000000000000e+03,2.958721024561504365e+01
1.154000000000000000e+03,2.963931881516347033e+01
1.155000000000000000e+03,2.937568163740626659e+01
1.156000000000000000e+03,3.022930803486511309e+01
1.157000000000000000e+03,3.002839023781960748e+01
1.158000000000000000e+03,2.986814885772352568e+01
1.159000000000000000e+03,2.987081498679672364e+01
1.160000000000000000e+03,3.003545085159066375e+01
1.161000000000000000e+03,3.023175928305519733e+01
1.162000000000000000e+03,3.001022925420056708e+01
1.163000000000000000e+03,2.970847239832077236e+01
1.164000000000000000e+03,2.954539142054468925e+01
1.165000000000000000e+03,2.999124206775120172e+01
1.166000000000000000e+03,2.990660445566257764e+01
1.167000000000000000e+03,2.998153251812991371e+01
1.168000000000000000e+03,2.960961515127932842e+01
1.169000000000000000e+03,3.000550601698279607e+01
1.170000000000000000e+03,2.979797403696572289e+01
1.171000000000000000e+03,2.972706893760234337e+01
1.172000000000000000e+03,3.020669250206218948e+01
1.173000000000000000e+03,3.008583345979575796e+01
1.174000000000000000e+03,2.992764269633114083e+01
1.175000000000000000e+03,3.003626836645275233e+01
1.176000000000000000e+03,2.991303548887477959e+01
1.177000000000000000e+03,3.001539501299186341e+01
1.178000000000000000e+03,3.013875217115166549e+01
1.179000000000000000e+03,2.951282219115104155e+01
1.180000000000000000e+03,3.011591703421904853e+01
1.181000000000000000e+03,2.984248262509307636e+01
1.182000000000000000e+03,3.013067522648901075e+01
1.183000000000000000e+03,2.979689623569444024e+01
1.184000000000000000e+03,2.977693782885327778e+01
1.185000000000000000e+03,2.979293999702219509e+01
1.186000000000000000e+03,3.015859566112118983e+01
1.187000000000000000e+03,2.990218617731347805e+01
1.188000000000000000e+03,2.980774879829646906e+01
1.189000000000000000e+03,2.990260866321099442e+01
1.190000000000000000e+03,3.003572783319174633e+01
1.191000000000000000e+03,2.954104408691507899e+01
1.192000000000000000e+03,2.930043641536013155e+01
1.193000000000000000e+03,2.978328475202025771e+01
1.194000000000000000e+03,2.915799112103044166e+01
1.195000000000000000e+03,2.933193692850223755e+01
1.196000000000000000e+03,2.933054086905069724e+01
1.197000000000000000e+03,2.962272689022171335e+01
1.198000000000000000e+03,2.973196604236537510e+01
1.199000000000000000e+03,2.979419966530712571e+01
1.200000000000000000e+03,2.954817313419342995e+01
1.201000000000000000e+03,2.928835218342333846e+01
1.202000000000000000e+03,2.919339999429696064e+01
1.203000000000000000e+03,2.987734425061050203e+01
1.204000000000000000e+03,2.936869132402638982e+01
1.205000000000000000e+03,2.957166337797760391e+01
1.206000000000000000e+03,2.930076423148780052e+01
1.207000000000000000e+03,2.946810384268172456e+01
1.208000000000000000e+03,2.953849691305642011e+01
1.209000000000000000e+03,2.928815522973158281e+01
1.210000000000000000e+03,2.943052545608982484e+01
1.211000000000000000e+03,2.950753818537024742e+01
1.212000000000000000e+03,2.961269926284480292e+01
1.213000000000000000e+03,2.936506108368979184e+01
1.214000000000000000e+03,2.950040679198944105e+01
1.215000000000000000e+03,2.961090967142391150e+01
1.216000000000000000e+03,2.916343877546121988e+01
1.217000000000000000e+03,2.900514052109852159e+01
1.218000000000000000e+03,2.982398873254494376e+01
1.219000000000000000e+03,2.936295523941296892e+01
1.220000000000000000e+03,2.928442899928840149e+01
1.221000000000000000e+03,2.951165788381533162e+01
1.222000000000000000e+03,2.933788276544222740e+01
1.223000000000000000e+03,2.959986369735896972e+01
1.224000000000000000e+03,2.972240570044294472e+01
1.225000000000000000e+03,2.932299852951728880e+01
1.226000000000000000e+03,2.951818709055567780e+01
1.227000000000000000e+03,2.931875072022076623e+01
1.228000000000000000e+03,2.941476856097703774e+01
1.229000000000000000e+03,2.937441911138055772e+01
1.230000000000000000e+03,2.911776822293459333e+01
1.231000000000000000e+03,2.925874541153630304e+01
1.232000000000000000e+03,2.926161298150760359e+01
1.233000000000000000e+03,2.934968616011840226e+01
1.234000000000000000e+03,2.941894402471830716e+01
1.235000000000000000e+03,2.941011663922529351e+01
1.236000000000000000e+03,2.964349529589770071e+01
1.237000000000000000e+03,2.912371607514543470e+01
1.238000000000000000e+03,2.933400207174912921e+01
1.239000000000000000e+03,2.943977201116467057e+01
1.240000000000000000e+03,2.968568535153295329e+01
1.241000000000000000e+03,2.952557848158956944e+01
1.242000000000000000e+03,2.946874545980799809e+01
1.243000000000000000e+03,2.927683212397931811e+01
1.244000000000000000e+03,2.945236829950023250e+01
1.245000000000000000e+03,2.997236527747731216e+01
1.246000000000000000e+03,2.972182558585038947e+01
1.247000000000000000e+03,2.944984725829066008e+01
1.248000000000000000e+03,2.948565155219626632e+01
1.249000000000000000e+03,2.954306399747687450e+01
1.250000000000000000e+03,2.976234032330902224e+01
1.251000000000000000e+03,2.985975018589856589e+01
1.252000000000000000e+03,2.968541250298079959e+01
1.253000000000000000e+03,2.953036712185038581e+01
1.254000000000000000e+03,2.997953323562250461e+01
1.255000000000000000e+03,3.002010652861166662e+01
1.256000000000000000e+03,2.958794820818104654e+01
1.257000000000000000e+03,2.930684780699780845e+01
1.258000000000000000e+03,2.973072355504357134e+01
1.259000000000000000e+03,2.971535883862801342e+01
1.260000000000000000e+03,2.991318227105923455e+01
1.261000000000000000e+03,2.998740389137408258e+01
1.262000000000000000e+03,2.963290792444525934e+01
1.263000000000000000e+03,2.972401612469676380e+01
1.264000000000000000e+03,3.016377908561373999e+01
1.265000000000000000e+03,2.979132443020902343e+01
1.266000000000000000e+03,2.991034795747999198e+01
1.267000000000000000e+03,3.027947956851568279e+01
1.268000000000000000e+03,2.963214879534686830e+01
1.269000000000000000e+03,2.985879602011092615e+01
1.270000000000000000e+03,2.997816612791270074e+01
1.271000000000000000e+03,2.973710954981899590e+01
1.272000000000000000e+03,3.017599008329147026e+01
1.273000000000000000e+03,2.997497582881307920e+01
1.274000000000000000e+03,2.944105181600470544e+01
1.275000000000000000e+03,2.992768694289107856e+01
1.276000000000000000e+03,2.986017353409733133e+01
1.277000000000000000e+03,3.006145197953167170e+01
1.278000000000000000e+03,2.989614837911912204e+01
1.279000000000000000e+03,2.998160983522746648e+01
1.280000000000000000e+03,3.007677217484723187e+01
1.281000000000000000e+03,2.990188510026926849e+01
1.282000000000000000e+03,3.013648678893283517e+01
1.283000000000000000e+03,3.000163830790288699e+01
1.284000000000000000e+03,2.991839746997645477e+01
1.285000000000000000e+03,2.992602711158527029e+01
1.286000000000000000e+03,3.017034217184741607e+01
1.287000000000000000e+03,3.018213221628813159e+01
1.288000000000000000e+03,3.013789509729771510e+01
1.289000000000000000e+03,3.005470402632490945e+01
1.290000000000000000e+03,2.966664354469987686e+01
1.291000000000000000e+03,3.018279873607489705e+01
1.292000000000000000e+03,2.970948380607334016e+01
1.293000000000000000e+03,2.991513536053862765e+01
1.294000000000000000e+03,2.988642199625577689e+01
1.295000000000000000e+03,2.986060993787134166e+01
1.296000000000000000e+03,2.974093732889719632e+01
1.297000000000000000e+03,3.027328047449849890e+01
1.298000000000000000e+03,3.003572519326239032e+01
1.299000000000000000e+03,3.006045750792077698e+01
1.300000000000000000e+03,3.005084974874281656e+01
1.301000000000000000e+03,2.978619483428913739e+01
1.302000000000000000e+03,3.016946286904336816e+01
1.303000000000000000e+03,3.011941885710786693e+01
1.304000000000000000e+03,3.033222392111339971e+01
1.305000000000000000e+03,3.042027771265438219e+01
1.306000000000000000e+03,3.017363698874913069e+01
1.307000000000000000e+03,3.041663124573815935e+01
1.308000000000000000e+03,3.041962837105367967e+01
1.309000000000000000e+03,3.045539305814256892e+01
1.310000000000000000e+03,3.036794074193563020e+01
1.311000000000000000e+03,3.059855605131637901e+01
1.312000000000000000e+03,3.052310923931266728e+01
1.313000000000000000e+03,3.095454750467279936e+01
1.314000000000000000e+03,3.085521225637252130e+01
1.315000000000000000e+03,3.086506000687714391e+01
1.316000000000000000e+03,3.084792420232528443e+01
1.317000000000000000e+03,3.095859044845353836e+01
1.318000000000000000e+03,3.138148038708666121e+01
1.319000000000000000e+03,3.176810404690460743e+01
1.320000000000000000e+03,3.140968274972363972e+01
1.321000000000000000e+03,3.153441716043029075e+01
1.322000000000000000e+03,3.185442917116032291e+01
1.323000000000000000e+03,3.208049808256004809e+01
1.324000000000000000e+03,3.236842983085003311e+01
1.325000000000000000e+03,3.259543414640735648e+01
1.326000000000000000e+03,3.267850641321462746e+01
1.327000000000000000e+03,3.274699049858663358e+01
1.328000000000000000e+03,3.319114142259655864e+01
1.329000000000000000e+03,3.353366286865278312e+01
1.330000000000000000e+03,3.399666904919092758e+01
1.331000000000000000e+03,3.408830697952133448e+01
1.332000000000000000e+03,3.457847404927985480e+01
1.333000000000000000e+03,3.474960938430722024e+01
1.334000000000000000e+03,3.543960245928868602e+01
1.335000000000000000e+03,3.602943176843372441e+01
1.336000000000000000e+03,3.596837919969449615e+01
1.337000000000000000e+03,3.644519602323700269e+01
1.338000000000000000e+03,3.692801321286488303e+01
1.339000000000000000e+03,3.762177637690998466e+01
1.340000000000000000e+03,3.823217297463299502e+01
1.341000000000000000e+03,3.832661976640809343e+01
1.342000000000000000e+03,3.897351331764964755e+01
1.343000000000000000e+03,3.965784259034434456e+01
1.344000000000000000e+03,4.040845656163293143e+01
1.345000000000000000e+03,4.103415867440285325e+01
1.346000000000000000e+03,4.196539516014887283e+01
1.347000000000000000e+03,4.215014986485972770e+01
1.348000000000000000e+03,4.253613172242130958e+01
1.349000000000000000e+03,4.357848306222737733e+01
1.350000000000000000e+03,4.426160976031209771e+01
1.351000000000000000e+03,4.473906468670021752e+01
1.352000000000000000e+03,4.541545246321263107e+01
1.353000000000000000e+03,4.600966674858907624e+01
1.354000000000000000e+03,4.677473336663819481e+01
1.355000000000000000e+03,4.738221704807481416e+01
1.356000000000000000e+03,4.805233094150542428e+01
1.357000000000000000e+03,4.859048633066315404e+01
1.358000000000000000e+03,4.907620750399939169e+01
1.359000000000000000e+03,4.985227772050075856e+01
1.360000000000000000e+03,5.011985593206708245e+01
1.361000000000000000e+03,5.109882439294459289e+01
1.362000000000000000e+03,5.142567821970347808e+01
1.363000000000000000e+03,5.173504509596561007e+01
1.364000000000000000e+03,5.181464711458013284e+01
1.365000000000000000e+03,5.252755800743955916e+01
1.366000000000000000e+03,5.302168071756796053e+01
1.367000000000000000e+03,5.399351628561339567e+01
1.368000000000000000e+03,5.383226242262551153e+01
1.369000000000000000e+03,5.412608131102097531e+01
1.370000000000000000e+03,5.426159796679204561e+01
1.371000000000000000e+03,5.478565202960245983e+01
1.372000000000000000e+03,5.502305744193456150e+01
1.373000000000000000e+03,5.513351799901316497e+01
1.374000000000000000e+03,5.545214460937184242e+01
1.375000000000000000e+03,5.571447990190672783e+01
1.376000000000000000e+03,5.590064891845128159e+01
1.377000000000000000e+03,5.609055571587360589e+01
1.378000000000000000e+03,5.626000364748170313e+01
1.379000000000000000e+03,5.634864346382503442e+01
1.380000000000000000e+03,5.662265847112913519e+01
1.381000000000000000e+03,5.681758319857965489e+01
1.382000000000000000e+03,5.712438693162314962e+01
1.383000000000000000e+03,5.710447780910170934e+01
1.384000000000000000e+03,5.648842779325919139e+01
1.385000000000000000e+03,5.713201409912033313e+01
1.386000000000000000e+03,5.728155360256282336e+01
1.387000000000000000e+03,5.753840334575245663e+01
1.388000000000000000e+03,5.731879482538555948e+01
1.389000000000000000e+03,5.773449524473535632e+01
1.390000000000000000e+03,5.746704478370045877e+01
1.391000000000000000e+03,5.758259529697719614e+01
1.392000000000000000e+03,5.758039494532026481e+01
1.393000000000000000e+03,5.793901179781627775e+01
1.394000000000000000e+03,5.783862714130143701e+01
1.395000000000000000e+03,5.767166409716117670e+01
1.396000000000000000e+03,5.774008913816288668e+01
1.397000000000000000e+03,5.777054048366536421e+01
1.398000000000000000e+03,5.815353149769350694e+01
1.399000000000000000e+03,5.819748298940230313e+01
1.400000000000000000e+03,5.786490258822775701e+01
1.401000000000000000e+03,5.783404227452376034e+01
1.402000000000000000e+03,5.814704964435473755e+01
1.403000000000000000e+03,5.791782982245683797e+01
1.404000000000000000e+03,5.836143287508466670e+01
1.405000000000000000e+03,5.762608458701789971e+01
1.406000000000000000e+03,5.803798510672471878e+01
1.407000000000000000e+03,5.826129044639095866e+01
1.408000000000000000e+03,5.808547779998170313e+01
1.409000000000000000e+03,5.819469883024368784e+01
1.410000000000000000e+03,5.836819227680434352e+01
1.411000000000000000e+03,5.828010132336709148e+01
1.412000000000000000e+03,5.801798766114060868e+01
1.413000000000000000e+03,5.812745368323341211e+01
1.414000000000000000e+03,5.829884201043394398e+01
1.415000000000000000e+03,5.816087991632761600e+01
1.416000000000000000e+03,5.824771256107763406e+01
1.417000000000000000e+03,5.826104107429996759e+01
1.418000000000000000e+03,5.829842001775522675e+01
1.419000000000000000e+03,5.820027211518836907e+01
1.420000000000000000e+03,5.791219983893719814e+01
1.421000000000000000e+03,5.855199635425064741e+01
1.422000000000000000e+03,5.830606687898693252e+01
1.423000000000000000e+03,5.833211324162252964e+01
1.424000000000000000e+03,5.832851665873372582e+01
1.425000000000000000e+03,5.825386354977636927e+01
1.426000000000000000e+03,5.821919488099286610e+01
1.427000000000000000e+03,5.829880218301000383e+01
1.428000000000000000e+03,5.852834492234580921e+01
1.429000000000000000e+03,5.859666769872173830e+01
1.430000000000000000e+03,5.831382266073232046e+01
1.431000000000000000e+03,5.815160231267932289e+01
1.432000000000000000e+03,5.828449934451801084e+01
1.433000000000000000e+03,5.826007966388514347e+01
1.434000000000000000e+03,5.859200636715122812e+01
1.435000000000000000e+03,5.837832637091490540e+01
1.436000000000000000e+03,5.819662729610864460e+01
1.437000000000000000e+03,5.807095446063265598e+01
1.438000000000000000e+03,5.831056386543530579e+01
1.439000000000000000e+03,5.849778649882790660e+01
1.440000000000000000e+03,5.849240934941707337e+01
1.441000000000000000e+03,5.843160893940024181e+01
1.442000000000000000e+03,5.841043604601009065e+01
1.443000000000000000e+03,5.839430185206612833e+01
1.444000000000000000e+03,5.832678811610140457e+01
1.445000000000000000e+03,5.842917872753984199e+01
1.446000000000000000e+03,5.825065392723556101e+01
1.447000000000000000e+03,5.838673725824055794e+01
1.448000000000000000e+03,5.802430851771866571e+01
1.449000000000000000e+03,5.849010152088881398e+01
1.450000000000000000e+03,5.798747173747163686e+01
1.451000000000000000e+03,5.838430193975140270e+01
1.452000000000000000e+03,5.791219101334952057e+01
1.453000000000000000e+03,5.803811238980168952e+01
1.454000000000000000e+03,5.771857171367648931e+01
1.455000000000000000e+03,5.800813686723477502e+01
1.456000000000000000e+03,5.814363948261336645e+01
1.457000000000000000e+03,5.801068870504393260e+01
1.458000000000000000e+03,5.832508703360637270e+01
1.459000000000000000e+03,5.790895198885728234e+01
1.460000000000000000e+03,5.826326780047597254e+01
1.461000000000000000e+03,5.809328299996555955e+01
1.462000000000000000e+03,5.796328566595575182e+01
1.463000000000000000e+03,5.798435294652205840e+01
1.464000000000000000e+03,5.790937794036192088e+01
1.465000000000000000e+03,5.806454130785962775e+01
1.466000000000000000e+03,5.796856844881181559e+01
1.467000000000000000e+03,5.833294259403099602e+01
1.468000000000000000e+03,5.799355990074774780e+01
1.469000000000000000e+03,5.855396485129610085e+01
1.470000000000000000e+03,5.772222546210787186e+01
1.471000000000000000e+03,5.828870093360620075e+01
1.472000000000000000e+03,5.795936949347131417e+01
1.473000000000000000e+03,5.783879722985627581e+01
1.474000000000000000e+03,5.799957666390238842e+01
1.475000000000000000e+03,5.821954811454092038e+01
1.476000000000000000e+03,5.815268817663202583e+01
1.477000000000000000e+03,5.825362708771260145e+01
1.478000000000000000e+03,5.815041463835129321e+01
1.479000000000000000e+03,5.819068776823002764e+01
1.480000000000000000e+03,5.815962448091819681e+01
1.481000000000000000e+03,5.841429941308150831e+01
1.482000000000000000e+03,5.830136397976739460e+01
1.483000000000000000e+03,5.843281773072556717e+01
1.484000000000000000e+03,5.821643100904672963e+01
1.485000000000000000e+03,5.805512558854047001e+01
1.486000000000000000e+03,5.819243989661592309e+01
1.487000000000000000e+03,5.843370804257503437e+01
1.488000000000000000e+03,5.854155559298388312e+01
1.489000000000000000e+03,5.820371750799973398e+01
1.490000000000000000e+03,5.828640209663961969e+01
1.491000000000000000e+03,5.805765176705996566e+01
1.492000000000000000e+03,5.842951498944675137e+01
1.493000000000000000e+03,5.838923982785005506e+01
1.494000000000000000e+03,5.819410465045341141e+01
1.495000000000000000e+03,5.803402974452419727e+01
1.496000000000000000e+03,5.834274394790591600e+01
1.497000000000000000e+03,5.858411544901424151e+01
1.498000000000000000e+03,5.818337619740677269e+01
1.499000000000000000e+03,5.849929888592253491e+01
1.500000000000000000e+03,5.827537034744251088e+01
1.501000000000000000e+03,5.839884811947288057e+01
1.502000000000000000e+03,5.835765901699448932e+01
1.503000000000000000e+03,5.840010490512484154e+01
1.504000000000000000e+03,5.844357635488123748e+01
1.505000000000000000e+03,5.819423404224181695e+01
1.506000000000000000e+03,5.807076575999676038e+01
1.507000000000000000e+03,5.830211106757515438e+01
1.508000000000000000e+03,5.852441525402201705e+01
1.509000000000000000e+03,5.828137098786959314e+01
1.510000000000000000e+03,5.820531442799078548e+01
1.511000000000000000e+03,5.818437701927631878e+01
1.512000000000000000e+03,5.785296689958519067e+01
1.513000000000000000e+03,5.818216119553181898e+01
1.514000000000000000e+03,5.840878713805555122e+01
1.515000000000000000e+03,5.815441655385673414e+01
1.516000000000000000e+03,5.803916659575616421e+01
1.517000000000000000e+03,5.851998061575477550e+01
1.518000000000000000e+03,5.841079199323945659e+01
1.519000000000000000e+03,5.829517912709751215e+01
1.520000000000000000e+03,5.848941248622458033e+01
1.521000000000000000e+03,5.873491640297896765e+01
1.522000000000000000e+03,5.857413289795395883e+01
1.523000000000000000e+03,5.863557274074371861e+01
1.524000000000000000e+03,5.836484746975452254e+01
1.525000000000000000e+03,5.856466684493943831e+01
1.526000000000000000e+03,5.874483290332510421e+01
1.527000000000000000e+03,5.836447678956767504e+01
1.528000000000000000e+03,5.817227794150991116e+01
1.529000000000000000e+03,5.866629820958385011e+01
1.530000000000000000e+03,5.855957931223897361e+01
1.531000000000000000e+03,5.848530073969739362e+01
1.532000000000000000e+03,5.855552453734775753e+01
1.533000000000000000e+03,5.868052917795713341e+01
1.534000000000000000e+03,5.854769688734359789e+01
1.535000000000000000e+03,5.894082949103350444e+01
1.536000000000000000e+03,5.847809625121678323e+01
1.537000000000000000e+03,5.852529374745946456e+01
1.538000000000000000e+03,5.842673427872168190e+01
1.539000000000000000e+03,5.876179599837882250e+01
1.540000000000000000e+03,5.856587944111709021e+01
1.541000000000000000e+03,5.836991233757196085e+01
1.542000000000000000e+03,5.846160546050684559e+01
1.543000000000000000e+03,5.830009601964481902e+01
1.544000000000000000e+03,5.844983998534510050e+01
1.545000000000000000e+03,5.853693777320489744e+01
1.546000000000000000e+03,5.834492364362065331e+01
1.547000000000000000e+03,5.822179306356163409e+01
1.548000000000000000e+03,5.829524031299114029e+01
1.549000000000000000e+03,5.828271926278858217e+01
1.550000000000000000e+03,5.837386840641624985e+01
1.551000000000000000e+03,5.828555405701313674e+01
1.552000000000000000e+03,5.823316429198431621e+01
1.553000000000000000e+03,5.809941634087421392e+01
1.554000000000000000e+03,5.805751403069574934e+01
1.555000000000000000e+03,5.797107983395043362e+01
1.556000000000000000e+03,5.794112005122727282e+01
1.557000000000000000e+03,5.819587031881462735e+01
1.558000000000000000e+03,5.805976276609511189e+01
1.559000000000000000e+03,5.810809800420824445e+01
1.560000000000000000e+03,5.819535760280746217e+01
1.561000000000000000e+03,5.815470216553623573e+01
1.562000000000000000e+03,5.852760112315407781e+01
1.563000000000000000e+03,5.834883409670324284e+01
1.564000000000000000e+03,5.819985950950582776e+01
1.565000000000000000e+03,5.782099265106953823e+01
1.566000000000000000e+03,5.849116762172049988e+01
1.567000000000000000e+03,5.825753260617172202e+01
1.568000000000000000e+03,5.837394225598043818e+01
1.569000000000000000e+03,5.841926686883423514e+01
1.570000000000000000e+03,5.817549391173460549e+01
1.571000000000000000e+03,5.842465237275636980e+01
1.572000000000000000e+03,5.824610026415136588e+01
1.573000000000000000e+03,5.812380788363037709e+01
1.574000000000000000e+03,5.800475280747056672e+01
1.575000000000000000e+03,5.813634335642595374e+01
1.576000000000000000e+03,5.833536955223279818e+01
1.577000000000000000e+03,5.849462108055561771e+01
1.578000000000000000e+03,5.872130980669899003e+01
1.579000000000000000e+03,5.815929673594917659e+01
1.580000000000000000e+03,5.826390776804888816e+01
1.581000000000000000e+03,5.823279435489982347e+01
1.582000000000000000e+03,5.863514833534338777e+01
1.583000000000000000e+03,5.835740189772796072e+01
1.584000000000000000e+03,5.850304660372730581e+01
1.585000000000000000e+03,5.791926299587002802e+01
1.586000000000000000e+03,5.844469303577204755e+01
1.587000000000000000e+03,5.848904899406775115e+01
1.588000000000000000e+03,5.820049472881861163e+01
1.589000000000000000e+03,5.820722401330696272e+01
1.590000000000000000e+03,5.798753707561358084e+01
1.591000000000000000e+03,5.799518792633665498e+01
1.592000000000000000e+03,5.828244290276386153e+01
1.593000000000000000e+03,5.870021959229697472e+01
1.594000000000000000e+03,5.832223552901044883e+01
1.595000000000000000e+03,5.791343286147657210e+01
1.596000000000000000e+03,5.829337971420825681e+01
1.597000000000000000e+03,5.857940514610547922e+01
1.598000000000000000e+03,5.864599128439826359e+01
1.599000000000000000e+03,5.867093386754923046e+01
1.600000000000000000e+03,5.853390146544030159e+01
1.601000000000000000e+03,5.862795964727520470e+01
1.602000000000000000e+03,5.884363655959295869e+01
1.603000000000000000e+03,5.890809706033160609e+01
1.604000000000000000e+03,5.881180026421943552e+01
1.605000000000000000e+03,5.867659477064012208e+01
1.606000000000000000e+03,5.866662195562918214e+01
1.607000000000000000e+03,5.905779869049406727e+01
1.608000000000000000e+03,5.875967002254226657e+01
1.609000000000000000e+03,5.907995383839982395e+01
1.610000000000000000e+03,5.860060317455130274e+01
1.611000000000000000e+03,5.892520815631908704e+01
1.612000000000000000e+03,5.969730588681138528e+01
1.613000000000000000e+03,5.939065982075401706e+01
1.614000000000000000e+03,5.975389604954863643e+01
1.615000000000000000e+03,5.942811594465572966e+01
1.616000000000000000e+03,5.961580443013172470e+01
1.617000000000000000e+03,5.971011929793263562e+01
1.618000000000000000e+03,6.006982144367835730e+01
1.619000000000000000e+03,6.030783537173542896e+01
1.620000000000000000e+03,6.049490305677697677e+01
1.621000000000000000e+03,6.028547013931536469e+01
1.622000000000000000e+03,6.029612920468354531e+01
1.623000000000000000e+03,6.059603270082819648e+01
1.624000000000000000e+03,6.110047312344480730e+01
1.625000000000000000e+03,6.136873733446993384e+01
1.626000000000000000e+03,6.146776399819247416e+01
1.627000000000000000e+03,6.117147758726331119e+01
1.628000000000000000e+03,6.142498529675202690e+01
1.629000000000000000e+03,6.186778011600750204e+01
1.630000000000000000e+03,6.219433907733637312e+01
1.631000000000000000e+03,6.264012849401981953e+01
1.632000000000000000e+03,6.269730166200413635e+01
1.633000000000000000e+03,6.374257826223301748e+01
1.634000000000000000e+03,6.404432889267498297e+01
1.635000000000000000e+03,6.439854166182780659e+01
1.636000000000000000e+03,6.474672132861532248e+01
1.637000000000000000e+03,6.532163649175679154e+01
1.638000000000000000e+03,6.585817812253392844e+01
1.639000000000000000e+03,6.611080412412592011e+01
1.640000000000000000e+03,6.675161178692408726e+01
1.641000000000000000e+03,6.726432903662978902e+01
1.642000000000000000e+03,6.761265768934964626e+01
1.643000000000000000e+03,6.810125418832461719e+01
1.644000000000000000e+03,6.896935300580393857e+01
1.645000000000000000e+03,6.958069085021952560e+01
1.646000000000000000e+03,7.029227207849002923e+01
1.647000000000000000e+03,7.052149205643939922e+01
1.648000000000000000e+03,7.145957813072953968e+01
1.649000000000000000e+03,7.222514156787769934e+01
1.650000000000000000e+03,7.257752561713736839e+01
1.651000000000000000e+03,7.335384318272060966e+01
1.652000000000000000e+03,7.404793537804887649e+01
1.653000000000000000e+03,7.449690252067640017e+01
1.654000000000000000e+03,7.522065240861752500e+01
1.655000000000000000e+03,7.542151254659123083e+01
1.656000000000000000e+03,7.638459153502246579e+01
1.657000000000000000e+03,7.703410803654502104e+01
1.658000000000000000e+03,7.736872693951039537e+01
1.659000000000000000e+03,7.806290679839267455e+01
1.660000000000000000e+03,7.864153722096790489e+01
1.661000000000000000e+03,7.943409233706414341e+01
1.662000000000000000e+03,7.966479181061910708e+01
1.663000000000000000e+03,7.955966347544995187e+01
1.664000000000000000e+03,8.019541821956947558e+01
1.665000000000000000e+03,8.088140655138569457e+01
1.666000000000000000e+03,8.094049954097813782e+01
1.667000000000000000e+03,8.134019111595858931e+01
1.668000000000000000e+03,8.192087367287633981e+01
1.669000000000000000e+03,8.217903527396209995e+01
1.670000000000000000e+03,8.238523305870023705e+01
1.671000000000000000e+03,8.283093963758811640e+01
1.672000000000000000e+03,8.294411698477446748e+01
1.673000000000000000e+03,8.345135550678769221e+01
1.674000000000000000e+03,8.338391864999111647e+01
1.675000000000000000e+03,8.399208066940585127e+01
1.676000000000000000e+03,8.407032346212947971e+01
1.677000000000000000e+03,8.444927231236388820e+01
1.678000000000000000e+03,8.459750519252675360e+01
1.679000000000000000e+03,8.448856059326844559e+01
1.680000000000000000e+03,8.526609473696659336e+01
1.681000000000000000e+03,8.472115066378032111e+01
1.682000000000000000e+03,8.534789310786996452e+01
1.683000000000000000e+03,8.505550244641145241e+01
1.684000000000000000e+03,8.519641469432859537e+01
1.685000000000000000e+03,8.551165276599003562e+01
1.686000000000000000e+03,8.541532700306029824e+01
1.687000000000000000e+03,8.586365153343770373e+01
1.688000000000000000e+03,8.584397276216866146e+01
1.689000000000000000e+03,8.535168325332830364e+01
1.690000000000000000e+03,8.533384323928159176e+01
1.691000000000000000e+03,8.532707849029050351e+01
1.692000000000000000e+03,8.545796874265894871e+01
1.693000000000000000e+03,8.550250228455365686e+01
1.694000000000000000e+03,8.555985505313820738e+01
1.695000000000000000e+03,8.542829438791464725e+01
1.696000000000000000e+03,8.539704836637686469e+01
1.697000000000000000e+03,8.554508075704063685e+01
1.698000000000000000e+03,8.563402745982027398e+01
1.699000000000000000e+03,8.576618201007903508e+01
1.700000000000000000e+03,8.562032580991264297e+01
1.701000000000000000e+03,8.564188569048664590e+01
1.702000000000000000e+03,8.554644555626566671e+01
1.703000000000000000e+03,8.576299768646271104e+01
1.704000000000000000e+03,8.543074635013428519e+01
1.705000000000000000e+03,8.549340590898609094e+01
1.706000000000000000e+03,8.558751521546713548e+01
1.707000000000000000e+03,8.549562573254667086e+01
1.708000000000000000e+03,8.574984679007128818e+01
1.709000000000000000e+03,8.570461923245451885e+01
1.710000000000000000e+03,8.555293156412909639e+01
1.711000000000000000e+03,8.551957156756434131e+01
1.712000000000000000e+03,8.566236018990049672e+01
1.713000000000000000e+03,8.569676604693542288e+01
1.714000000000000000e+03,8.581404430346732681e+01
1.715000000000000000e+03,8.563642951110458057e+01
1.716000000000000000e+03,8.568978116724228755e+01
1.717000000000000000e+03,8.555903035055007422e+01
1.718000000000000000e+03,8.547901243492812284e+01
1.719000000000000000e+03,8.632135321992808485e+01
1.720000000000000000e+03,8.613616338078229262e+01
1.721000000000000000e+03,8.570452577516545034e+01
1.722000000000000000e+03,8.589247788934059713e+01
1.723000000000000000e+03,8.602388160111848947e+01
1.724000000000000000e+03,8.611040010043288362e+01
1.725000000000000000e+03,8.601227359733063338e+01
1.726000000000000000e+03,8.610524049020791892e+01
1.727000000000000000e+03,8.602613103117697335e+01
1.728000000000000000e+03,8.616016516352209464e+01
1.729000000000000000e+03,8.628528917686234934e+01
1.730000000000000000e+03,8.601169138920404578e+01
1.731000000000000000e+03,8.634279499445258921e+01
1.732000000000000000e+03,8.632787760755681461e+01
1.733000000000000000e+03,8.617900645188079523e+01
1.734000000000000000e+03,8.623927538504116797e+01
1.735000000000000000e+03,8.625817444761115382e+01
1.736000000000000000e+03,8.637345899551031891e+01
1.737000000000000000e+03,8.612684235725284054e+01
1.738000000000000000e+03,8.621127810562310856e+01
1.739000000000000000e+03,8.645256805446052795e+01
1.740000000000000000e+03,8.640731918097864650e+01
1.741000000000000000e+03,8.640038501726196785e+01
1.742000000000000000e+03,8.662493649933456652e+01
1.743000000000000000e+03,8.658593317920781374e+01
1.744000000000000000e+03,8.643564531915859561e+01
1.745000000000000000e+03,8.645003641906859571e+01
1.746000000000000000e+03,8.650570155885330337e+01
1.747000000000000000e+03,8.637193645299031175e+01
1.748000000000000000e+03,8.650286589785083891e+01
1.749000000000000000e+03,8.689605437707893998e+01
1.750000000000000000e+03,8.648741195380313229e+01
1.751000000000000000e+03,8.643149745109124638e+01
1.752000000000000000e+03,8.639022889979494835e+01
1.753000000000000000e+03,8.626581427052610707e+01
1.754000000000000000e+03,8.630436709691646513e+01
1.755000000000000000e+03,8.644778815705564057e+01
1.756000000000000000e+03,8.659252314945577211e+01
1.757000000000000000e+03,8.642873252132132222e+01
1.758000000000000000e+03,8.637740082401688824e+01
1.759000000000000000e+03,8.639529308058448009e+01
1.760000000000000000e+03,8.613298274580097313e+01
1.761000000000000000e+03,8.678903114137102648e+01
1.762000000000000000e+03,8.617992699335798079e+01
1.763000000000000000e+03,8.636130217388618746e+01
1.764000000000000000e+03,8.599901280440256812e+01
1.765000000000000000e+03,8.607435666970567922e+01
1.766000000000000000e+03,8.624053506109476075e+01
1.767000000000000000e+03,8.649291542475600636e+01
1.768000000000000000e+03,8.635582620806310672e+01
1.769000000000000000e+03,8.646106692267672145e+01
1.770000000000000000e+03,8.632584315891421056e+01
1.771000000000000000e+03,8.638808784008192276e+01
1.772000000000000000e+03,8.663457829560321954e+01
1.773000000000000000e+03,8.662025580877987352e+01
1.774000000000000000e+03,8.630579375199185677e+01
1.775000000000000000e+03,8.643627157701222075e+01
1.776000000000000000e+03,8.636127083867916099e+01
1.777000000000000000e+03,8.621387186522940738e+01
1.778000000000000000e+03,8.652597035062937891e+01
1.779000000000000000e+03,8.620788981803659112e+01
1.780000000000000000e+03,8.627722311502716934e+01
1.781000000000000000e+03,8.636428913176212063e+01
1.782000000000000000e+03,8.645739717442104677e+01
1.783000000000000000e+03,8.658301727939188197e+01
1.784000000000000000e+03,8.619000686934970190e+01
1.785000000000000000e+03,8.646844018125956666e+01
1.786000000000000000e+03,8.608045945920714814e+01
1.787000000000000000e+03,8.634557448409435665e+01
1.788000000000000000e+03,8.631831032987865626e+01
1.789000000000000000e+03,8.631985902820821366e+01
1.790000000000000000e+03,8.652380094302280611e+01
1.791000000000000000e+03,8.627547212325761450e+01
1.792000000000000000e+03,8.658318449967092079e+01
1.793000000000000000e+03,8.666260245418176567e+01
1.794000000000000000e+03,8.669827502706718292e+01
1.795000000000000000e+03,8.617623858390493297e+01
1.796000000000000000e+03,8.648393037511119985e+01
1.797000000000000000e+03,8.655923762420380285e+01
1.798000000000000000e+03,8.644700470822606064e+01
1.799000000000000000e+03,8.619089513028139038e+01
1.800000000000000000e+03,8.579276420817431870e+01
1.801000000000000000e+03,8.622358925651246864e+01
1.802000000000000000e+03,8.624777578100122355e+01
1.803000000000000000e+03,8.653974452922260241e+01
1.804000000000000000e+03,8.648045184371453331e+01
1.805000000000000000e+03,8.645218189099018957e+01
1.806000000000000000e+03,8.612717401916653159e+01
1.807000000000000000e+03,8.633418968175882924e+01
1.808000000000000000e+03,8.659173992540418396e+01
1.809000000000000000e+03,8.641115883048072988e+01
1.810000000000000000e+03,8.647167228792143590e+01
1.811000000000000000e+03,8.616558051393145945e+01
1.812000000000000000e+03,8.627844994811785284e+01
1.813000000000000000e+03,8.631777558849061904e+01
1.814000000000000000e+03,8.684477994214522312e+01
1.815000000000000000e+03,8.633133936716271251e+01
1.816000000000000000e+03,8.649015731889863901e+01
1.817000000000000000e+03,8.650928525309788597e+01
1.818000000000000000e+03,8.671541900668059100e+01
1.819000000000000000e+03,8.701125017496342195e+01
1.820000000000000000e+03,8.661105472743749090e+01
1.821000000000000000e+03,8.646965104955742731e+01
1.822000000000000000e+03,8.670007150739935753e+01
1.823000000000000000e+03,8.689787593708882696e+01
1.824000000000000000e+03,8.693898378557486240e+01
1.825000000000000000e+03,8.672400093169456170e+01
1.826000000000000000e+03,8.708402639011188739e+01
1.827000000000000000e+03,8.651666010123068418e+01
1.828000000000000000e+03,8.657327018928184259e+01
1.829000000000000000e+03,8.656114291960903984e+01
1.830000000000000000e+03,8.710403048071782450e+01
1.831000000000000000e+03,8.671622995193098404e+01
1.832000000000000000e+03,8.649556251579359412e+01
1.833000000000000000e+03,8.687664500963246894e+01
1.834000000000000000e+03,8.661818277035391134e+01
1.835000000000000000e+03,8.674688959802841737e+01
1.836000000000000000e+03,8.664294874456416551e+01
1.837000000000000000e+03,8.654671272294056905e+01
1.838000000000000000e+03,8.659014586436283878e+01
1.839000000000000000e+03,8.679807599359921255e+01
1.840000000000000000e+03,8.665850123093460411e+01
1.841000000000000000e+03,8.710014695523659611e+01
1.842000000000000000e+03,8.666080844986407783e+01
1.843000000000000000e+03,8.679192164993038716e+01
1.844000000000000000e+03,8.629788675516118701e+01
1.845000000000000000e+03,8.679858292538807518e+01
1.846000000000000000e+03,8.635712242749276868e+01
1.847000000000000000e+03,8.642830403219845437e+01
1.848000000000000000e+03,8.638378250669794056e+01
1.849000000000000000e+03,8.653721649350281098e+01
1.850000000000000000e+03,8.663966504333457408e+01
1.851000000000000000e+03,8.675364135406412913e+01
1.852000000000000000e+03,8.658678964622794183e+01
1.853000000000000000e+03,8.647955580412050836e+01
1.854000000000000000e+03,8.648824197005363601e+01
1.855000000000000000e+03,8.670511294012537462e+01
1.856000000000000000e+03,8.659641878967480011e+01
1.857000000000000000e+03,8.673429754488546450e+01
1.858000000000000000e+03,8.640135374261558354e+01
1.859000000000000000e+03,8.629666409452546816e+01
1.860000000000000000e+03,8.657093444529832027e+01
1.861000000000000000e+03,8.618719738617605231e+01
1.862000000000000000e+03,8.650188195055531537e+01
1.863000000000000000e+03,8.624204020921663982e+01
1.864000000000000000e+03,8.650587091323404820e+01
1.865000000000000000e+03,8.650347559226409544e+01
1.866000000000000000e+03,8.662075643011709758e+01
1.867000000000000000e+03,8.686886344244274483e+01
1.868000000000000000e+03,8.674924325259027569e+01
1.869000000000000000e+03,8.643491465016312247e+01
1.870000000000000000e+03,8.628382861677773974e+01
1.871000000000000000e+03,8.652091168641715058e+01
1.872000000000000000e+03,8.656431213414386150e+01
1.873000000000000000e+03,8.653491891103924161e+01
1.874000000000000000e+03,8.662527095749670991e+01
1.875000000000000000e+03,8.610109519800563760e+01
1.876000000000000000e+03,8.641321576842297247e+01
1.877000000000000000e+03,8.624265575500486136e+01
1.878000000000000000e+03,8.620524178530234849e+01
1.879000000000000000e+03,8.617206711926810669e+01
1.880000000000000000e+03,8.610250821060112969e+01
1.881000000000000000e+03,8.654524769667163753e+01
1.882000000000000000e+03,8.636221804311215067e+01
1.883000000000000000e+03,8.626978383484787116e+01
1.884000000000000000e+03,8.621406472434446755e+01
1.885000000000000000e+03,8.625063713577486624e+01
1.886000000000000000e+03,8.643354183231603827e+01
1.887000000000000000e+03,8.616407751547500027e+01
1.888000000000000000e+03,8.643507445670745426e+01
1.889000000000000000e+03,8.624361669379401008e+01
1.890000000000000000e+03,8.579048052900462551e+01
1.891000000000000000e+03,8.593612617734355297e+01
1.892000000000000000e+03,8.610054564144968481e+01
1.893000000000000000e+03,8.635192288391878890e+01
1.894000000000000000e+03,8.619331293390170856e+01
1.895000000000000000e+03,8.569562071401762182e+01
1.896000000000000000e+03,8.634394784786201171e+01
1.897000000000000000e+03,8.614931677468443638e+01
1.898000000000000000e+03,8.625923870271111582e+01
1.899000000000000000e+03,8.644727234725080223e+01
1.900000000000000000e+03,8.620347849657729000e+01
1.901000000000000000e+03,8.615259925551659137e+01
1.902000000000000000e+03,8.633492620950494256e+01
1.903000000000000000e+03,8.665883240746059357e+01
1.904000000000000000e+03,8.655733970242989983e+01
1.905000000000000000e+03,8.665720072717073208e+01
1.906000000000000000e+03,8.649069698623375757e+01
1.907000000000000000e+03,8.661330257860336701e+01
1.908000000000000000e+03,8.677323844205280068e+01
1.909000000000000000e+03,8.687278184196962627e+01
1.910000000000000000e+03,8.691683392099224648e+01
1.911000000000000000e+03,8.668165115669319221e+01
1.912000000000000000e+03,8.688707287766210641e+01
1.913000000000000000e+03,8.713287200144706901e+01
1.914000000000000000e+03,8.725803964664686418e+01
1.915000000000000000e+03,8.726831642032297509e+01
1.916000000000000000e+03,8.789522457954841173e+01
1.917000000000000000e+03,8.767796279199700393e+01
1.918000000000000000e+03,8.787996406186381648e+01
1.919000000000000000e+03,8.854821485331673614e+01
1.920000000000000000e+03,8.866780809928711449e+01
1.921000000000000000e+03,8.846054060683133002e+01
1.922000000000000000e+03,8.872081608987886625e+01
1.923000000000000000e+03,8.897754003024708425e+01
1.924000000000000000e+03,8.935348030948168230e+01
1.925000000000000000e+03,8.953299101572551422e+01
1.926000000000000000e+03,8.965157887250295232e+01
1.927000000000000000e+03,8.974093393717454603e+01
1.928000000000000000e+03,9.030252265506764786e+01
1.929000000000000000e+03,9.054568464418375129e+01
1.930000000000000000e+03,9.127432741614582312e+01
1.931000000000000000e+03,9.118966663662143901e+01
1.932000000000000000e+03,9.146028924570342156e+01
1.933000000000000000e+03,9.204192810842907591e+01
1.934000000000000000e+03,9.255813215856565535e+01
1.935000000000000000e+03,9.299801087244856035e+01
1.936000000000000000e+03,9.299779556112611090e+01
1.937000000000000000e+03,9.345969992348261712e+01
1.938000000000000000e+03,9.388781091891614494e+01
1.939000000000000000e+03,9.449944447035174733e+01
1.940000000000000000e+03,9.531240656110416865e+01
1.941000000000000000e+03,9.569267307143172729e+01
1.942000000000000000e+03,9.625149648465495034e+01
1.943000000000000000e+03,9.670897622386799242e+01
1.944000000000000000e+03,9.761445118181210034e+01
1.945000000000000000e+03,9.807252485298054978e+01
1.946000000000000000e+03,9.863668424411622482e+01
1.947000000000000000e+03,9.923800346955933094e+01
1.948000000000000000e+03,9.964871643448707061e+01
1.949000000000000000e+03,1.005748234055487131e+02
1.950000000000000000e+03,1.012871948134613973e+02
1.951000000000000000e+03,1.020052614502584589e+02
1.952000000000000000e+03,1.023336246591191809e+02
1.953000000000000000e+03,1.029874525402165517e+02
1.954000000000000000e+03,1.038972540211132127e+02
1.955000000000000000e+03,1.046898793732543993e+02
1.956000000000000000e+03,1.048875493284888307e+02
1.957000000000000000e+03,1.056231732291756913e+02
1.958000000000000000e+03,1.061241537340159056e+02
1.959000000000000000e+03,1.066596701594095009e+02
1.960000000000000000e+03,1.074128839121769516e+02
1.961000000000000000e+03,1.082770489586588809e+02
1.962000000000000000e+03,1.084989097080864155e+02
1.963000000000000000e+03,1.092228053932490610e+02
1.964000000000000000e+03,1.094786536500477041e+02
1.965000000000000000e+03,1.101083352998632137e+02
1.966000000000000000e+03,1.105183610726216017e+02
1.967000000000000000e+03,1.108856623374473145e+02
1.968000000000000000e+03,1.114643131519177359e+02
1.969000000000000000e+03,1.117354026822161188e+02
1.970000000000000000e+03,1.117543937532382330e+02
1.971000000000000000e+03,1.126213725481224230e+02
1.972000000000000000e+03,1.129084790740842692e+02
1.973000000000000000e+03,1.129890694371594293e+02
1.974000000000000000e+03,1.130339142778508261e+02
1.975000000000000000e+03,1.136626404785562130e+02
1.976000000000000000e+03,1.138703242237691882e+02
1.977000000000000000e+03,1.141429761662615476e+02
1.978000000000000000e+03,1.139911621886957818e+02
1.979000000000000000e+03,1.142225341311192750e+02
1.980000000000000000e+03,1.147323750929744506e+02
1.981000000000000000e+03,1.144853560854915600e+02
1.982000000000000000e+03,1.148327632215838179e+02
1.983000000000000000e+03,1.148661123590014057e+02
1.984000000000000000e+03,1.149393492797336904e+02
1.985000000000000000e+03,1.151320825320016326e+02
1.986000000000000000e+03,1.150111045474734937e+02
1.987000000000000000e+03,1.154617088446796913e+02
1.988000000000000000e+03,1.154585514216556419e+02
1.989000000000000000e+03,1.154853062411823288e+02
1.990000000000000000e+03,1.155209101009155290e+02
1.991000000000000000e+03,1.155264413823023233e+02
1.992000000000000000e+03,1.157295471867757755e+02
1.993000000000000000e+03,1.155417765346273171e+02
1.994000000000000000e+03,1.157142161490769325e+02
1.995000000000000000e+03,1.158197641334954113e+02
1.996000000000000000e+03,1.158578095412501057e+02
1.997000000000000000e+03,1.156888637030403686e+02
1.998000000000000000e+03,1.158298310782969054e+02
1.999000000000000000e+03,1.156155787338212235e+02
2.000000000000000000e+03,1.160312863546356539e+02
2.001000000000000000e+03,1.157930303735548847e+02
2.002000000000000000e+03,1.159679691232342265e+02
2.003000000000000000e+03,1.163074183027024446e+02
2.004000000000000000e+03,1.162554132610134019e+02
2.005000000000000000e+03,1.158797563328235185e+02
2.006000000000000000e+03,1.158235193755160424e+02
2.007000000000000000e+03,1.161054953741899709e+02
2.008000000000000000e+03,1.162361548592260903e+02
2.009000000000000000e+03,1.163061831081788284e+02
2.010000000000000000e+03,1.159866290014639674e+02
2.011000000000000000e+03,1.162967714941154185e+02
2.012000000000000000e+03,1.163158258912747698e+02
2.013000000000000000e+03,1.164329777069553558e+02
2.014000000000000000e+03,1.162417021150654364e+02
2.015000000000000000e+03,1.163120924369442974e+02
2.016000000000000000e+03,1.162718714798178183e+02
2.017000000000000000e+03,1.165311566999962309e+02
2.018000000000000000e+03,1.166188784678187602e+02
2.019000000000000000e+03,1.163276781871917791e+02
2.020000000000000000e+03,1.163345517063806653e+02
2.021000000000000000e+03,1.162599447436288642e+02
2.022000000000000000e+03,1.162609448803981564e+02
2.023000000000000000e+03,1.162855525996368584e+02
2.024000000000000000e+03,1.162038961016703382e+02
2.025000000000000000e+03,1.162681618994087245e+02
2.026000000000000000e+03,1.159824354670751774e+02
2.027000000000000000e+03,1.163927815342175904e+02
2.028000000000000000e+03,1.162213213726202952e+02
2.029000000000000000e+03,1.164060037073277556e+02
2.030000000000000000e+03,1.164483053763864575e+02
2.031000000000000000e+03,1.161662358912738284e+02
2.032000000000000000e+03,1.159196179445238641e+02
2.033000000000000000e+03,1.161140528388738318e+02
2.034000000000000000e+03,1.164134482577298257e+02
2.035000000000000000e+03,1.163002096371791509e+02
2.036000000000000000e+03,1.162212338953860211e+02
2.037000000000000000e+03,1.164259222878781515e+02
2.038000000000000000e+03,1.160434350243396437e+02
2.039000000000000000e+03,1.162726232273253686e+02
2.040000000000000000e+03,1.160902834785027693e+02
2.041000000000000000e+03,1.162657703337959560e+02
2.042000000000000000e+03,1.163365865923572215e+02
2.043000000000000000e+03,1.160561006709078242e+02
2.044000000000000000e+03,1.163242828990696864e+02
2.045000000000000000e+03,1.160269237089996039e+02
2.046000000000000000e+03,1.161430065465273742e+02
2.047000000000000000e+03,1.158763793323880265e+02
2.048000000000000000e+03,1.160999453627955660e+02
2.049000000000000000e+03,1.162270442203679153e+02
2.050000000000000000e+03,1.163333186129039376e+02
2.051000000000000000e+03,1.162810772722132810e+02
2.052000000000000000e+03,1.161492380858091309e+02
2.053000000000000000e+03,1.164109683640903512e+02
2.054000000000000000e+03,1.161737165887785750e+02
2.055000000000000000e+03,1.162936498852199776e+02
2.056000000000000000e+03,1.162609726041536788e+02
2.057000000000000000e+03,1.162437851767311798e+02
2.058000000000000000e+03,1.162635685824755853e+02
2.059000000000000000e+03,1.162143591815696055e+02
2.060000000000000000e+03,1.163012827432385450e+02
2.061000000000000000e+03,1.163608106650902982e+02
2.062000000000000000e+03,1.162907779076966932e+02
2.063000000000000000e+03,1.159165657928370337e+02
2.064000000000000000e+03,1.163094117056732841e+02
2.065000000000000000e+03,1.164046431537112767e+02
2.066000000000000000e+03,1.161386683696039199e+02
2.067000000000000000e+03,1.165209911061500208e+02
2.068000000000000000e+03,1.163801119998752114e+02
2.069000000000000000e+03,1.159718246541961690e+02
2.070000000000000000e+03,1.162169193114517327e+02
2.071000000000000000e+03,1.165603807516407500e+02
2.072000000000000000e+03,1.165178881690762154e+02
2.073000000000000000e+03,1.163828213891739551e+02
2.074000000000000000e+03,1.163527200333555101e+02
2.075000000000000000e+03,1.163688789663268324e+02
2.076000000000000000e+03,1.166775767226410494e+02
2.077000000000000000e+03,1.164377242414015114e+02
2.078000000000000000e+03,1.162966443128214848e+02
2.079000000000000000e+03,1.162072070105277248e+02
2.080000000000000000e+03,1.166521719126397443e+02
2.081000000000000000e+03,1.165471137043704459e+02
2.082000000000000000e+03,1.167763540155593063e+02
2.083000000000000000e+03,1.167895749423387741e+02
2.084000000000000000e+03,1.167799916041578427e+02
2.085000000000000000e+03,1.165677981870153559e+02
2.086000000000000000e+03,1.164959151017873609e+02
2.087000000000000000e+03,1.168531224481006490e+02
2.088000000000000000e+03,1.165949159834679563e+02
2.089000000000000000e+03,1.161618327252932659e+02
2.090000000000000000e+03,1.167555000416119100e+02
2.091000000000000000e+03,1.166922316748957940e+02
2.092000000000000000e+03,1.166477425192250905e+02
2.093000000000000000e+03,1.166372668738716243e+02
2.094000000000000000e+03,1.166608102421135555e+02
2.095000000000000000e+03,1.166529213898025716e+02
2.096000000000000000e+03,1.168060773048178334e+02
2.097000000000000000e+03,1.169596038367300537e+02
2.098000000000000000e+03,1.170700433299945900e+02
2.099000000000000000e+03,1.167793266127852974e+02
2.100000000000000000e+03,1.165226147562783012e+02
2.101000000000000000e+03,1.165915216552495650e+02
2.102000000000000000e+03,1.167066416111913298e+02
2.103000000000000000e+03,1.168264260948319446e+02
2.104000000000000000e+03,1.167734043464339777e+02
2.105000000000000000e+03,1.165593019744941756e+02
2.106000000000000000e+03,1.165488522262357236e+02
2.107000000000000000e+03,1.167732748335699853e+02
2.108000000000000000e+03,1.167816877461193741e+02
2.109000000000000000e+03,1.169106493888924660e+02
2.110000000000000000e+03,1.165310666169740585e+02
2.111000000000000000e+03,1.166433522090619306e+02
2.112000000000000000e+03,1.162693679950307626e+02
2.113000000000000000e+03,1.168997936039571073e+02
2.114000000000000000e+03,1.164572082253713319e+02
2.115000000000000000e+03,1.166254546427994967e+02
2.116000000000000000e+03,1.161813666187946126e+02
2.117000000000000000e+03,1.163297140164169718e+02
2.118000000000000000e+03,1.169150772329617070e+02
2.119000000000000000e+03,1.163612551863923557e+02
2.120000000000000000e+03,1.165201563389411490e+02
2.121000000000000000e+03,1.164148897518118275e+02
2.122000000000000000e+03,1.164812601949945901e+02
2.123000000000000000e+03,1.169634152805824527e+02
2.124000000000000000e+03,1.166713566587296498e+02
2.125000000000000000e+03,1.169278695909621177e+02
2.126000000000000000e+03,1.160520811881260812e+02
2.127000000000000000e+03,1.160121186724739459e+02
2.128000000000000000e+03,1.159059382996751850e+02
2.129000000000000000e+03,1.163270030202258596e+02
2.130000000000000000e+03,1.165105891516102758e+02
2.131000000000000000e+03,1.160313337131250933e+02
2.132000000000000000e+03,1.163104827918508590e+02
2.133000000000000000e+03,1.167990332530190329e+02
2.134000000000000000e+03,1.164430185420811199e+02
2.135000000000000000e+03,1.164041086869052464e+02
2.136000000000000000e+03,1.163984655421286618e+02
2.137000000000000000e+03,1.163064606828162084e+02
2.138000000000000000e+03,1.162997688943922441e+02
2.139000000000000000e+03,1.163036443480473139e+02
2.140000000000000000e+03,1.164333420101969239e+02
2.141000000000000000e+03,1.163356490802519545e+02
2.142000000000000000e+03,1.164601366604236574e+02
2.143000000000000000e+03,1.163771592666002164e+02
2.144000000000000000e+03,1.162440354850844813e+02
2.145000000000000000e+03,1.162540550707016251e+02
2.146000000000000000e+03,1.161045876965378056e+02
2.147000000000000000e+03,1.162131205876682287e+02
2.148000000000000000e+03,1.163197521471979599e+02
2.149000000000000000e+03,1.160133867439910063e+02
2.150000000000000000e+03,1.162811824644925593e+02
2.151000000000000000e+03,1.160829955824756041e+02
2.152000000000000000e+03,1.162968183703420095e+02
2.153000000000000000e+03,1.159365139456919565e+02
2.154000000000000000e+03,1.159335749478819793e+02
2.155000000000000000e+03,1.158873165120228208e+02
2.156000000000000000e+03,1.157892826941815798e+02
2.157000000000000000e+03,1.159489933942030575e+02
2.158000000000000000e+03,1.157770282620133031e+02
2.159000000000000000e+03,1.158437625054505702e+02
2.160000000000000000e+03,1.158769947672002729e+02
2.161000000000000000e+03,1.160966589744755026e+02
2.162000000000000000e+03,1.160669629731206811e+02
2.163000000000000000e+03,1.158805056356528524e+02
2.164000000000000000e+03,1.157684469701294745e+02
2.165000000000000000e+03,1.161825923464430872e+02
2.166000000000000000e+03,1.162227295952931172e+02
2.167000000000000000e+03,1.159057699441981697e+02
2.168000000000000000e+03,1.158173294882686122e+02
2.169000000000000000e+03,1.158607190130222904e+02
2.170000000000000000e+03,1.158235621010072265e+02
2.171000000000000000e+03,1.162404039537369727e+02
2.172000000000000000e+03,1.159341197112390773e+02
2.173000000000000000e+03,1.157831176125152979e+02
2.174000000000000000e+03,1.159851035805364603e+02
2.175000000000000000e+03,1.159530640443604170e+02
2.176000000000000000e+03,1.158726556661670912e+02
2.177000000000000000e+03,1.161837077503695212e+02
2.178000000000000000e+03,1.159151998771810810e+02
2.179000000000000000e+03,1.160289816828672116e+02
2.180000000000000000e+03,1.160935066747139075e+02
2.181000000000000000e+03,1.163733609634662116e+02
2.182000000000000000e+03,1.158728623985509500e+02
2.183000000000000000e+03,1.162053401694994506e+02
2.184000000000000000e+03,1.163840428006096346e+02
2.185000000000000000e+03,1.158506856568960188e+02
2.186000000000000000e+03,1.161616348827005680e+02
2.187000000000000000e+03,1.164767339499263130e+02
2.188000000000000000e+03,1.163785042298570858e+02
2.189000000000000000e+03,1.163528584530162959e+02
2.190000000000000000e+03,1.160091135645677554e+02
2.191000000000000000e+03,1.163197483109303505e+02
2.192000000000000000e+03,1.166010070866542350e+02
2.193000000000000000e+03,1.163520262330079618e+02
2.194000000000000000e+03,1.166262343090205889e+02
2.195000000000000000e+03,1.163872680761142959e+02
2.196000000000000000e+03,1.166226995392093642e+02
2.197000000000000000e+03,1.166028365047953770e+02
2.198000000000000000e+03,1.168428637522830087e+02
2.199000000000000000e+03,1.165054886254602167e+02
2.200000000000000000e+03,1.162221718227385026e+02
2.201000000000000000e+03,1.161804329777876035e+02
2.202000000000000000e+03,1.163845816016439016e+02
2.203000000000000000e+03,1.166783370361290366e+02
2.204000000000000000e+03,1.166732412034432542e+02
2.205000000000000000e+03,1.165569059775243801e+02
2.206000000000000000e+03,1.164038250240479186e+02
2.207000000000000000e+03,1.165878499513703304e+02
2.208000000000000000e+03,1.172661045334724292e+02
2.209000000000000000e+03,1.167278192595850896e+02
2.210000000000000000e+03,1.165185879884889033e+02
2.211000000000000000e+03,1.165657819008154235e+02
2.212000000000000000e+03,1.168532076589308986e+02
2.213000000000000000e+03,1.172549744473671893e+02
2.214000000000000000e+03,1.174917680532295208e+02
2.215000000000000000e+03,1.173520746450245440e+02
2.216000000000000000e+03,1.171177069038285339e+02
2.217000000000000000e+03,1.175250569917498069e+02
2.218000000000000000e+03,1.179283026580964417e+02
2.219000000000000000e+03,1.178565897269672860e+02
2.220000000000000000e+03,1.178197188865943446e+02
2.221000000000000000e+03,1.178810341329454445e+02
2.222000000000000000e+03,1.181711441606310729e+02
2.223000000000000000e+03,1.184674395699241387e+02
2.224000000000000000e+03,1.186614838263681833e+02
2.225000000000000000e+03,1.186428170817735293e+02
2.226000000000000000e+03,1.190743647506656373e+02
2.227000000000000000e+03,1.191869653267687283e+02
2.228000000000000000e+03,1.194911339800400185e+02
2.229000000000000000e+03,1.200837037384081043e+02
2.230000000000000000e+03,1.200206010301547366e+02
2.231000000000000000e+03,1.207217042071897879e+02
2.232000000000000000e+03,1.207311647526354648e+02
2.233000000000000000e+03,1.212465181421412268e+02
2.234000000000000000e+03,1.216129694908604364e+02
2.235000000000000000e+03,1.225441105324847939e+02
2.236000000000000000e+03,1.227765674742171882e+02
2.237000000000000000e+03,1.227519476445400954e+02
2.238000000000000000e+03,1.234100162900396782e+02
2.239000000000000000e+03,1.237788730983788241e+02
2.240000000000000000e+03,1.247654812897840912e+02
2.241000000000000000e+03,1.249263749685241152e+02
2.242000000000000000e+03,1.254341246030688239e+02
2.243000000000000000e+03,1.260917441049589485e+02
2.244000000000000000e+03,1.266258484025093054e+02
2.245000000000000000e+03,1.272819001529921366e+02
2.246000000000000000e+03,1.281577714179477709e+02
2.247000000000000000e+03,1.285925987464864306e+02
2.248000000000000000e+03,1.292715653158721807e+02
2.249000000000000000e+03,1.297526607818679452e+02
2.250000000000000000e+03,1.304929414435341641e+02
2.251000000000000000e+03,1.311091543196180851e+02
2.252000000000000000e+03,1.317232198516715869e+02
2.253000000000000000e+03,1.324676788178847175e+02
2.254000000000000000e+03,1.328291576493010098e+02
2.255000000000000000e+03,1.338126756496848486e+02
2.256000000000000000e+03,1.341914008864620769e+02
2.257000000000000000e+03,1.346424756819777429e+02
2.258000000000000000e+03,1.353106921462759829e+02
2.259000000000000000e+03,1.358622217869582869e+02
2.260000000000000000e+03,1.366373058571096806e+02
2.261000000000000000e+03,1.371209828602499670e+02
2.262000000000000000e+03,1.375436664859194877e+02
2.263000000000000000e+03,1.380700239270845486e+02
2.264000000000000000e+03,1.384131066084324857e+02
2.265000000000000000e+03,1.389498702253030444e+02
2.266000000000000000e+03,1.393528704606950157e+02
2.267000000000000000e+03,1.395864262203360511e+02
2.268000000000000000e+03,1.399917765091431079e+02
2.269000000000000000e+03,1.404408601560377576e+02
2.270000000000000000e+03,1.408895344877603861e+02
2.271000000000000000e+03,1.408094505307473128e+02
2.272000000000000000e+03,1.409361007244627615e+02
2.273000000000000000e+03,1.412711295078449325e+02
2.274000000000000000e+03,1.411737056029246560e+02
2.275000000000000000e+03,1.419336515725964887e+02
2.276000000000000000e+03,1.423047774063260817e+02
2.277000000000000000e+03,1.420479162668124218e+02
2.278000000000000000e+03,1.423701852641314360e+02
2.279000000000000000e+03,1.421624836636459577e+02
2.280000000000000000e+03,1.425648846151017608e+02
2.281000000000000000e+03,1.428638310622332881e+02
2.282000000000000000e+03,1.431162971102741608e+02
2.283000000000000000e+03,1.430288841674637297e+02
2.284000000000000000e+03,1.428162287576450638e+02
2.285000000000000000e+03,1.430805399737143091e+02
2.286000000000000000e+03,1.433358815107611690e+02
2.287000000000000000e+03,1.433660383130927300e+02
2.288000000000000000e+03,1.434603815540506844e+02
2.289000000000000000e+03,1.434612130465720554e+02
2.290000000000000000e+03,1.435094915233528070e+02
2.291000000000000000e+03,1.436749927039823547e+02
2.292000000000000000e+03,1.439692592058655976e+02
2.293000000000000000e+03,1.438311164240630831e+02
2.294000000000000000e+03,1.438194799696458688e+02
2.295000000000000000e+03,1.437191740393649297e+02
2.296000000000000000e+03,1.435767930752165285e+02
2.297000000000000000e+03,1.438964419444095029e+02
2.298000000000000000e+03,1.439903088304387495e+02
2.299000000000000000e+03,1.438754217607194050e+02
2.300000000000000000e+03,1.439423643460015398e+02
2.301000000000000000e+03,1.442307932810535362e+02
2.302000000000000000e+03,1.443421712245771573e+02
2.303000000000000000e+03,1.448789178686992614e+02
2.304000000000000000e+03,1.448780664962419280e+02
2.305000000000000000e+03,1.449261576167986050e+02
2.306000000000000000e+03,1.445374639016167464e+02
2.307000000000000000e+03,1.448347643914302409e+02
2.308000000000000000e+03,1.447413034907179963e+02
2.309000000000000000e+03,1.450838113456925385e+02
2.310000000000000000e+03,1.447603082004258113e+02
2.311000000000000000e+03,1.448534077875318076e+02
2.312000000000000000e+03,1.449662969107667720e+02
2.313000000000000000e+03,1.451585988146234740e+02
2.314000000000000000e+03,1.451828941257279837e+02
2.315000000000000000e+03,1.449818991288076120e+02
2.316000000000000000e+03,1.449909436933373001e+02
2.317000000000000000e+03,1.451096689165311773e+02
2.318000000000000000e+03,1.450676264764238681e+02
2.319000000000000000e+03,1.451239866841827109e+02
2.320000000000000000e+03,1.449313366892000658e+02
2.321000000000000000e+03,1.447715980010724763e+02
2.322000000000000000e+03,1.452410404904547931e+02
2.323000000000000000e+03,1.449743719700269935e+02
2.324000000000000000e+03,1.453608153309259308e+02
2.325000000000000000e+03,1.447185287788420851e+02
2.326000000000000000e+03,1.449346930358138366e+02
2.327000000000000000e+03,1.449775312182757716e+02
2.328000000000000000e+03,1.452735603948862320e+02
2.329000000000000000e+03,1.454816377123956386e+02
2.330000000000000000e+03,1.452327484086249569e+02
2.331000000000000000e+03,1.448974598010057946e+02
2.332000000000000000e+03,1.444327343208047125e+02
2.333000000000000000e+03,1.448187125108122473e+02
2.334000000000000000e+03,1.448462320716605234e+02
2.335000000000000000e+03,1.447644763018430183e+02
2.336000000000000000e+03,1.445955149343688220e+02
2.337000000000000000e+03,1.446336806955662269e+02
2.338000000000000000e+03,1.445746929487426371e+02
2.339000000000000000e+03,1.447986878391789674e+02
2.340000000000000000e+03,1.447253025512596309e+02
2.341000000000000000e+03,1.447671364733241433e+02
2.342000000000000000e+03,1.446310598691493112e+02
2.343000000000000000e+03,1.445028877173885462e+02
2.344000000000000000e+03,1.445463195361759290e+02
2.345000000000000000e+03,1.451051608047664274e+02
2.346000000000000000e+03,1.448652638824646601e+02
2.347000000000000000e+03,1.445211389926668630e+02
2.348000000000000000e+03,1.447402249830620349e+02
2.349000000000000000e+03,1.445901133431355277e+02
2.350000000000000000e+03,1.446158608290618872e+02
2.351000000000000000e+03,1.443995350732205338e+02
2.352000000000000000e+03,1.446267167882463696e+02
2.353000000000000000e+03,1.443950304129180040e+02
2.354000000000000000e+03,1.443343760235975708e+02
2.355000000000000000e+03,1.446671697176804514e+02
2.356000000000000000e+03,1.450662963065116173e+02
2.357000000000000000e+03,1.448059763982084007e+02
2.358000000000000000e+03,1.451259957054076324e+02
2.359000000000000000e+03,1.445843325995996054e+02
2.360000000000000000e+03,1.449915500824805576e+02
2.361000000000000000e+03,1.445916060191529482e+02
2.362000000000000000e+03,1.446184298618888420e+02
2.363000000000000000e+03,1.444824112227846911e+02
2.364000000000000000e+03,1.447147517829444041e+02
2.365000000000000000e+03,1.444620075422114098e+02
2.366000000000000000e+03,1.448713571597654663e+02
2.367000000000000000e+03,1.450356674666631136e+02
2.368000000000000000e+03,1.445491629499475437e+02
2.369000000000000000e+03,1.446256708284558385e+02
2.370000000000000000e+03,1.448467654617799667e+02
2.371000000000000000e+03,1.447143193305485340e+02
2.372000000000000000e+03,1.447751124624586510e+02
2.373000000000000000e+03,1.448697381591383078e+02
2.374000000000000000e+03,1.450267090013445852e+02
2.375000000000000000e+03,1.446583634156739606e+02
2.376000000000000000e+03,1.451180163874652749e+02
2.377000000000000000e+03,1.447241378702179588e+02
2.378000000000000000e+03,1.447065840916464197e+02
2.379000000000000000e+03,1.445657034463703781e+02
2.380000000000000000e+03,1.446608803591597905e+02
2.381000000000000000e+03,1.447084036868744192e+02
2.382000000000000000e+03,1.451046567281340742e+02
2.383000000000000000e+03,1.448183299044535204e+02
2.384000000000000000e+03,1.452339064672908933e+02
2.385000000000000000e+03,1.443721245865704930e+02
2.386000000000000000e+03,1.442955414250498904e+02
2.387000000000000000e+03,1.448588224366224324e+02
2.388000000000000000e+03,1.452951832582753582e+02
2.389000000000000000e+03,1.450026686555194715e+02
2.390000000000000000e+03,1.446216602723367544e+02
2.391000000000000000e+03,1.452766807578844066e+02
2.392000000000000000e+03,1.452472138695748924e+02
2.393000000000000000e+03,1.453259710957471214e+02
2.394000000000000000e+03,1.450580632961391245e+02
2.395000000000000000e+03,1.448833564786689578e+02
2.396000000000000000e+03,1.449912794917798919e+02
2.397000000000000000e+03,1.451607555364979021e+02
2.398000000000000000e+03,1.451242894859837236e+02
2.399000000000000000e+03,1.450268973802574521e+02
2.400000000000000000e+03,1.448065657577407421e+02
2.401000000000000000e+03,1.446519206481547428e+02
2.402000000000000000e+03,1.450232402236061375e+02
2.403000000000000000e+03,1.454267038760107482e+02
2.404000000000000000e+03,1.452013246072078516e+02
2.405000000000000000e+03,1.448397536696705572e+02
2.406000000000000000e+03,1.450004896883358469e+02
2.407000000000000000e+03,1.450990981687540398e+02
2.408000000000000000e+03,1.453280993268497809e+02
2.409000000000000000e+03,1.451940403249514020e+02
2.410000000000000000e+03,1.449568576089352803e+02
2.411000000000000000e+03,1.450353000291977992e+02
2.412000000000000000e+03,1.451198490313067282e+02
2.413000000000000000e+03,1.452562784991679905e+02
2.414000000000000000e+03,1.453250521244019069e+02
2.415000000000000000e+03,1.450305803024783700e+02
2.416000000000000000e+03,1.450434540895406599e+02
2.417000000000000000e+03,1.449014622061017121e+02
2.418000000000000000e+03,1.447983734840631769e+02
2.419000000000000000e+03,1.449874221134044490e+02
2.420000000000000000e+03,1.449160794076330490e+02
2.421000000000000000e+03,1.450007170993823991e+02
2.422000000000000000e+03,1.449154090426171990e+02
2.423000000000000000e+03,1.450892864719852469e+02
2.424000000000000000e+03,1.448129918532306419e+02
2.425000000000000000e+03,1.449415097254725140e+02
2.426000000000000000e+03,1.447866573453473791e+02
2.427000000000000000e+03,1.448851377831263960e+02
2.428000000000000000e+03,1.447431631242649814e+02
2.429000000000000000e+03,1.450888868307857251e+02
2.430000000000000000e+03,1.448651537791431849e+02
2.431000000000000000e+03,1.453664921430191441e+02
2.432000000000000000e+03,1.446774300615078062e+02
2.433000000000000000e+03,1.444917454060571060e+02
2.434000000000000000e+03,1.450034705306447620e+02
2.435000000000000000e+03,1.456075017422277540e+02
2.436000000000000000e+03,1.451163727516169502e+02
2.437000000000000000e+03,1.450236987105079720e+02
2.438000000000000000e+03,1.450758888756195120e+02
2.439000000000000000e+03,1.449475217129869975e+02
2.440000000000000000e+03,1.452563272932546852e+02
2.441000000000000000e+03,1.453784171793285225e+02
2.442000000000000000e+03,1.448983419722884207e+02
2.443000000000000000e+03,1.447256833342137838e+02
2.444000000000000000e+03,1.447333614015403782e+02
2.445000000000000000e+03,1.452064665485651460e+02
2.446000000000000000e+03,1.449331246900063661e+02
2.447000000000000000e+03,1.449584035091822329e+02
2.448000000000000000e+03,1.447933717737996062e+02
2.449000000000000000e+03,1.448319170168872176e+02
2.450000000000000000e+03,1.451234408748013607e+02
2.451000000000000000e+03,1.451816977350892444e+02
2.452000000000000000e+03,1.449844466844932924e+02
2.453000000000000000e+03,1.451503486080067944e+02
2.454000000000000000e+03,1.448378226003295595e+02
2.455000000000000000e+03,1.450503833530141549e+02
2.456000000000000000e+03,1.450843836012727195e+02
2.457000000000000000e+03,1.450002414304463230e+02
2.458000000000000000e+03,1.448540954888730994e+02
2.459000000000000000e+03,1.449199424202839452e+02
2.460000000000000000e+03,1.451881443676242327e+02
2.461000000000000000e+03,1.452212026561136327e+02
2.462000000000000000e+03,1.449831565210884037e+02
2.463000000000000000e+03,1.444227116966291078e+02
2.464000000000000000e+03,1.444314802870979406e+02
2.465000000000000000e+03,1.447630637977904939e+02
2.466000000000000000e+03,1.448724404193043256e+02
2.467000000000000000e+03,1.448943313849669039e+02
2.468000000000000000e+03,1.445079429104768280e+02
2.469000000000000000e+03,1.444402403390568566e+02
2.470000000000000000e+03,1.447320305907697957e+02
2.471000000000000000e+03,1.447739796729071315e+02
2.472000000000000000e+03,1.450395016361769365e+02
2.473000000000000000e+03,1.446497061186461508e+02
2.474000000000000000e+03,1.445724457422551552e+02
2.475000000000000000e+03,1.445039329817558666e+02
2.476000000000000000e+03,1.452006002691069568e+02
2.477000000000000000e+03,1.447704429001711333e+02
2.478000000000000000e+03,1.445849764388975416e+02
2.479000000000000000e+03,1.444952835165225906e+02
2.480000000000000000e+03,1.446570731567343557e+02
2.481000000000000000e+03,1.445128480712855037e+02
2.482000000000000000e+03,1.446438634260911442e+02
2.483000000000000000e+03,1.447518623010789156e+02
2.484000000000000000e+03,1.444336057414305117e+02
2.485000000000000000e+03,1.445362104012788507e+02
2.486000000000000000e+03,1.445515291928682018e+02
2.487000000000000000e+03,1.445830952425268663e+02
2.488000000000000000e+03,1.445356408399681243e+02
2.489000000000000000e+03,1.445344514212024762e+02
2.490000000000000000e+03,1.445394881047804745e+02
2.491000000000000000e+03,1.447684436893091799e+02
2.492000000000000000e+03,1.446113282712613568e+02
2.493000000000000000e+03,1.446381983852078008e+02
2.494000000000000000e+03,1.442910776211153916e+02
2.495000000000000000e+03,1.444132579650550099e+02
2.496000000000000000e+03,1.443202483722270983e+02
2.497000000000000000e+03,1.450140231275114786e+02
2.498000000000000000e+03,1.445707289033762493e+02
2.499000000000000000e+03,1.444991488898210434e+02
2.500000000000000000e+03,1.442133928876113771e+02
2.501000000000000000e+03,1.442285842825707789e+02
2.502000000000000000e+03,1.441355410159342227e+02
2.503000000000000000e+03,1.442970504444983817e+02
2.504000000000000000e+03,1.440794489279193158e+02
2.505000000000000000e+03,1.440838029823334239e+02
2.506000000000000000e+03,1.440874191979920624e+02
2.507000000000000000e+03,1.440942413375465492e+02
2.508000000000000000e+03,1.441456207596682475e+02
2.509000000000000000e+03,1.442401383793739456e+02
2.510000000000000000e+03,1.437977917784298540e+02
2.511000000000000000e+03,1.439910951778302888e+02
2.512000000000000000e+03,1.440485496472496436e+02
2.513000000000000000e+03,1.439014493161874100e+02
2.514000000000000000e+03,1.439122137338510186e+02
2.515000000000000000e+03,1.437669177236799669e+02
2.516000000000000000e+03,1.432539643060029846e+02
2.517000000000000000e+03,1.431562832936809286e+02
2.518000000000000000e+03,1.432268780871827403e+02
2.519000000000000000e+03,1.432104621118298837e+02
2.520000000000000000e+03,1.431669238976000713e+02
2.521000000000000000e+03,1.428291146512425200e+02
2.522000000000000000e+03,1.424285871208796550e+02
2.523000000000000000e+03,1.425463172953280946e+02
2.524000000000000000e+03,1.423087501975609825e+02
2.525000000000000000e+03,1.421935162560014021e+02
2.526000000000000000e+03,1.416307515811431017e+02
2.527000000000000000e+03,1.416153791220212668e+02
2.528000000000000000e+03,1.414214498493668088e+02
2.529000000000000000e+03,1.409113041875259285e+02
2.530000000000000000e+03,1.410840206104395520e+02
2.531000000000000000e+03,1.403729903161120376e+02
2.532000000000000000e+03,1.398130168111187004e+02
2.533000000000000000e+03,1.397434070840162974e+02
2.534000000000000000e+03,1.393326881347221331e+02
2.535000000000000000e+03,1.392092957088798073e+02
2.536000000000000000e+03,1.383339363439097838e+02
2.537000000000000000e+03,1.378354290007684426e+02
2.538000000000000000e+03,1.373991802019997124e+02
2.539000000000000000e+03,1.371356011993651123e+02
2.540000000000000000e+03,1.362066383277883403e+02
2.541000000000000000e+03,1.355152767407255396e+02
2.542000000000000000e+03,1.346244758752374651e+02
2.543000000000000000e+03,1.339548443230948749e+02
2.544000000000000000e+03,1.336741990263174955e+02
2.545000000000000000e+03,1.332909251332739018e+02
2.546000000000000000e+03,1.324668857216795459e+02
2.547000000000000000e+03,1.317351751319197888e+02
2.548000000000000000e+03,1.311078032865462433e+02
2.549000000000000000e+03,1.307258968721386623e+02
2.550000000000000000e+03,1.297267691635198048e+02
2.551000000000000000e+03,1.292469010951701307e+02
2.552000000000000000e+03,1.283374010913992151e+02
2.553000000000000000e+03,1.280571420796703421e+02
2.554000000000000000e+03,1.271343254896475514e+02
2.555000000000000000e+03,1.267804325888690613e+02
2.556000000000000000e+03,1.259331256692597378e+02
2.557000000000000000e+03,1.251102657638698190e+02
2.558000000000000000e+03,1.244585377892132527e+02
2.559000000000000000e+03,1.238253004620278830e+02
2.560000000000000000e+03,1.233334884557843623e+02
2.561000000000000000e+03,1.232205039788718040e+02
2.562000000000000000e+03,1.226373520689963783e+02
2.563000000000000000e+03,1.220939325928023038e+02
2.564000000000000000e+03,1.217626601934884434e+02
2.565000000000000000e+03,1.209546674124992478e+02
2.566000000000000000e+03,1.207414825495806809e+02
2.567000000000000000e+03,1.205227045854338996e+02
2.568000000000000000e+03,1.198961285947504933e+02
2.569000000000000000e+03,1.194441435624950714e+02
2.570000000000000000e+03,1.192698461638545666e+02
2.571000000000000000e+03,1.190590664398646652e+02
2.572000000000000000e+03,1.188967723393461569e+02
2.573000000000000000e+03,1.185185141479017972e+02
2.574000000000000000e+03,1.182683987079941801e+02
2.575000000000000000e+03,1.179256428750468757e+02
2.576000000000000000e+03,1.176205101678233973e+02
2.577000000000000000e+03,1.178852016002384033e+02
2.578000000000000000e+03,1.177574701963461337e+02
2.579000000000000000e+03,1.171554700928620605e+02
2.580000000000000000e+03,1.166753836064661130e+02
2.581000000000000000e+03,1.168673973142562375e+02
2.582000000000000000e+03,1.165939735650663778e+02
2.583000000000000000e+03,1.167149702472242438e+02
2.584000000000000000e+03,1.165064693466380703e+02
2.585000000000000000e+03,1.161838848788620169e+02
2.586000000000000000e+03,1.167796666333981648e+02
2.587000000000000000e+03,1.162934348191956673e+02
2.588000000000000000e+03,1.163850103025310005e+02
2.589000000000000000e+03,1.160442124915288531e+02
2.590000000000000000e+03,1.157721282173944672e+02
2.591000000000000000e+03,1.158197160393253000e+02
2.592000000000000000e+03,1.160414758279746934e+02
2.593000000000000000e+03,1.159685499085000799e+02
2.594000000000000000e+03,1.156864619916357952e+02
2.595000000000000000e+03,1.152201439422971418e+02
2.596000000000000000e+03,1.149602922475229860e+02
2.597000000000000000e+03,1.153012801875980813e+02
2.598000000000000000e+03,1.152838319498640658e+02
2.599000000000000000e+03,1.154102105651891179e+02
2.600000000000000000e+03,1.154052283499836022e+02
2.601000000000000000e+03,1.151506448748835396e+02
2.602000000000000000e+03,1.151796291824570773e+02
2.603000000000000000e+03,1.151956927723078508e+02
2.604000000000000000e+03,1.155583339027912615e+02
2.605000000000000000e+03,1.153510849079721652e+02
2.606000000000000000e+03,1.149707536088004929e+02
2.607000000000000000e+03,1.153558518851397992e+02
2.608000000000000000e+03,1.153393256284845734e+02
2.609000000000000000e+03,1.153553047465299386e+02
2.610000000000000000e+03,1.150026839776273988e+02
2.611000000000000000e+03,1.148644434176370623e+02
2.612000000000000000e+03,1.150616909245873103e+02
2.613000000000000000e+03,1.152661187196364381e+02
2.614000000000000000e+03,1.150615072422719720e+02
2.615000000000000000e+03,1.151345717670245676e+02
2.616000000000000000e+03,1.151177639219345821e+02
2.617000000000000000e+03,1.151399597057679216e+02
2.618000000000000000e+03,1.151492867028558038e+02
2.619000000000000000e+03,1.150242819424651088e+02
2.620000000000000000e+03,1.149899895654035902e+02
2.621000000000000000e+03,1.149138339755100020e+02
2.622000000000000000e+03,1.148475752866707751e+02
2.623000000000000000e+03,1.146247184593132715e+02
2.624000000000000000e+03,1.149960309432267564e+02
2.625000000000000000e+03,1.149545417968108296e+02
2.626000000000000000e+03,1.150162841011474484e+02
2.627000000000000000e+03,1.153795346271635225e+02
2.628000000000000000e+03,1.150208217873372689e+02
2.629000000000000000e+03,1.151589852256039705e+02
2.630000000000000000e+03,1.154189827575688554e+02
2.631000000000000000e+03,1.153165721107561410e+02
2.632000000000000000e+03,1.151081182872052864e+02
2.633000000000000000e+03,1.151176968787299586e+02
2.634000000000000000e+03,1.152544315760604832e+02
2.635000000000000000e+03,1.154146492981388832e+02
2.636000000000000000e+03,1.155773117267904411e+02
2.637000000000000000e+03,1.154906929916708407e+02
2.638000000000000000e+03,1.152738819903947842e+02
2.639000000000000000e+03,1.153107818140017571e+02
2.640000000000000000e+03,1.153526144546273144e+02
2.641000000000000000e+03,1.158591297216756146e+02
2.642000000000000000e+03,1.156583034091746640e+02
2.643000000000000000e+03,1.159141550833290495e+02
2.644000000000000000e+03,1.154993928029196582e+02
2.645000000000000000e+03,1.159578442293507266e+02
2.646000000000000000e+03,1.157388325085140792e+02
2.647000000000000000e+03,1.158639148201105655e+02
2.648000000000000000e+03,1.157960181601703056e+02
2.649000000000000000e+03,1.156818751868959936e+02
2.650000000000000000e+03,1.155986706223235103e+02
2.651000000000000000e+03,1.156689774824344283e+02
2.652000000000000000e+03,1.158550134069993476e+02
2.653000000000000000e+03,1.157717708579071143e+02
2.654000000000000000e+03,1.155735678251921712e+02
2.655000000000000000e+03,1.157644663048227045e+02
2.656000000000000000e+03,1.155319207056479058e+02
2.657000000000000000e+03,1.157010973424377624e+02
2.658000000000000000e+03,1.155101359514090831e+02
2.659000000000000000e+03,1.159355475505893054e+02
2.660000000000000000e+03,1.154248793222829192e+02
2.661000000000000000e+03,1.156894471388746268e+02
2.662000000000000000e+03,1.152896851783871881e+02
2.663000000000000000e+03,1.151704283440420795e+02
2.664000000000000000e+03,1.153430739943337642e+02
2.665000000000000000e+03,1.156201513369501441e+02
2.666000000000000000e+03,1.160113242343944222e+02
2.667000000000000000e+03,1.149153718654770699e+02
2.668000000000000000e+03,1.154028164532605558e+02
2.669000000000000000e+03,1.153922391681825985e+02
2.670000000000000000e+03,1.148798812660019308e+02
2.671000000000000000e+03,1.152928195917822762e+02
2.672000000000000000e+03,1.150267447736912061e+02
2.673000000000000000e+03,1.150795267467159846e+02
2.674000000000000000e+03,1.148444817208853124e+02
2.675000000000000000e+03,1.149942624514747962e+02
2.676000000000000000e+03,1.149864585773197518e+02
2.677000000000000000e+03,1.150807625165962804e+02
2.678000000000000000e+03,1.147804955791227428e+02
2.679000000000000000e+03,1.148031209505738275e+02
2.680000000000000000e+03,1.149066164725288104e+02
2.681000000000000000e+03,1.148891985450269573e+02
2.682000000000000000e+03,1.151489720231535756e+02
2.683000000000000000e+03,1.150046300835807358e+02
2.684000000000000000e+03,1.152174288272836975e+02
2.685000000000000000e+03,1.154458871484410452e+02
2.686000000000000000e+03,1.147662013575619540e+02
2.687000000000000000e+03,1.146859144030871960e+02
2.688000000000000000e+03,1.149857259917954622e+02
2.689000000000000000e+03,1.149730692857083483e+02
2.690000000000000000e+03,1.149019674394575503e+02
2.691000000000000000e+03,1.149359067412508040e+02
2.692000000000000000e+03,1.151402073505869055e+02
2.693000000000000000e+03,1.152998079934174740e+02
2.694000000000000000e+03,1.152306814749729540e+02
2.695000000000000000e+03,1.149266546026495774e+02
2.696000000000000000e+03,1.148468104656783595e+02
2.697000000000000000e+03,1.153601977087698032e+02
2.698000000000000000e+03,1.149863140233885730e+02
2.699000000000000000e+03,1.149438070136966417e+02
2.700000000000000000e+03,1.150012219122538966e+02
2.701000000000000000e+03,1.150729146656855022e+02
2.702000000000000000e+03,1.152220496089207558e+02
2.703000000000000000e+03,1.149560785086915899e+02
2.704000000000000000e+03,1.153136939427324990e+02
2.705000000000000000e+03,1.149636395906239983e+02
2.706000000000000000e+03,1.149526568118866123e+02
2.707000000000000000e+03,1.150085521982516354e+02
2.708000000000000000e+03,1.152069639348580097e+02
2.709000000000000000e+03,1.152935733429415279e+02
2.710000000000000000e+03,1.151516585591818540e+02
2.711000000000000000e+03,1.150597937385668246e+02
2.712000000000000000e+03,1.152529692034357254e+02
2.713000000000000000e+03,1.151198893083648898e+02
2.714000000000000000e+03,1.154663498639825576e+02
2.715000000000000000e+03,1.149700428377069699e+02
2.716000000000000000e+03,1.149473317765381637e+02
2.717000000000000000e+03,1.150627171159814282e+02
2.718000000000000000e+03,1.150120353730844585e+02
2.719000000000000000e+03,1.153455635017880780e+02
2.720000000000000000e+03,1.153173166582512010e+02
2.721000000000000000e+03,1.155089818904767327e+02
2.722000000000000000e+03,1.149064763794264792e+02
2.723000000000000000e+03,1.151912541358656910e+02
2.724000000000000000e+03,1.152694729511935492e+02
2.725000000000000000e+03,1.152837841726508401e+02
2.726000000000000000e+03,1.151841532182753554e+02
2.727000000000000000e+03,1.155391847418135569e+02
2.728000000000000000e+03,1.152832900772869920e+02
2.729000000000000000e+03,1.153126990243909233e+02
2.730000000000000000e+03,1.151295911699489949e+02
2.731000000000000000e+03,1.148921177635961044e+02
2.732000000000000000e+03,1.150879960486111031e+02
2.733000000000000000e+03,1.147878634051963758e+02
2.734000000000000000e+03,1.150699843507509996e+02
2.735000000000000000e+03,1.151688364272691842e+02
2.736000000000000000e+03,1.146119195533559179e+02
2.737000000000000000e+03,1.148988183985422324e+02
2.738000000000000000e+03,1.149045869090891614e+02
2.739000000000000000e+03,1.149854636146037876e+02
2.740000000000000000e+03,1.153025791654934693e+02
2.741000000000000000e+03,1.147614839160252274e+02
2.742000000000000000e+03,1.147848319673892519e+02
2.743000000000000000e+03,1.148509830645551659e+02
2.744000000000000000e+03,1.146853063124863894e+02
2.745000000000000000e+03,1.155600635545555122e+02
2.746000000000000000e+03,1.151907194124115819e+02
2.747000000000000000e+03,1.148755314117654081e+02
2.748000000000000000e+03,1.145574286366905739e+02
2.749000000000000000e+03,1.147808479571891667e+02
2.750000000000000000e+03,1.149393541773966660e+02
2.751000000000000000e+03,1.147930413535490004e+02
2.752000000000000000e+03,1.149139218612133675e+02
2.753000000000000000e+03,1.150040295712717437e+02
2.754000000000000000e+03,1.147958791663681239e+02
2.755000000000000000e+03,1.151023571491712687e+02
2.756000000000000000e+03,1.151863071367238973e+02
2.757000000000000000e+03,1.147608674529789141e+02
2.758000000000000000e+03,1.149336459501168406e+02
2.759000000000000000e+03,1.149643771118453230e+02
2.760000000000000000e+03,1.149603939058643078e+02
2.761000000000000000e+03,1.152822964939273049e+02
2.762000000000000000e+03,1.151880973100021350e+02
2.763000000000000000e+03,1.147953693663801999e+02
2.764000000000000000e+03,1.148070518754491331e+02
2.765000000000000000e+03,1.148710678176659172e+02
2.766000000000000000e+03,1.149056268887745915e+02
2.767000000000000000e+03,1.149502574182324253e+02
2.768000000000000000e+03,1.150996135218586858e+02
2.769000000000000000e+03,1.147690200988322289e+02
2.770000000000000000e+03,1.148163899020386083e+02
2.771000000000000000e+03,1.149691721695562165e+02
2.772000000000000000e+03,1.151455279971123957e+02
2.773000000000000000e+03,1.148586257854265682e+02
2.774000000000000000e+03,1.147462358996583163e+02
2.775000000000000000e+03,1.146315333640533254e+02
2.776000000000000000e+03,1.147620901903498662e+02
2.777000000000000000e+03,1.149390945209454600e+02
2.778000000000000000e+03,1.150510722782825042e+02
2.779000000000000000e+03,1.148887156567952132e+02
2.780000000000000000e+03,1.149149660565827844e+02
2.781000000000000000e+03,1.149273619827975352e+02
2.782000000000000000e+03,1.151762141598379259e+02
2.783000000000000000e+03,1.150714960551952117e+02
2.784000000000000000e+03,1.146628989063242301e+02
2.785000000000000000e+03,1.147811648291584277e+02
2.786000000000000000e+03,1.147638838901744123e+02
2.787000000000000000e+03,1.148610513922362628e+02
2.788000000000000000e+03,1.147267477552218367e+02
2.789000000000000000e+03,1.146126107828778515e+02
2.790000000000000000e+03,1.145513177649952326e+02
2.791000000000000000e+03,1.145093871563524175e+02
2.792000000000000000e+03,1.147017665433922673e+02
2.793000000000000000e+03,1.145934743141616536e+02
2.794000000000000000e+03,1.145776753608084420e+02
2.795000000000000000e+03,1.146073823525183428e+02
2.796000000000000000e+03,1.145424826736358028e+02
2.797000000000000000e+03,1.148101537796122500e+02
2.798000000000000000e+03,1.142463849030511085e+02
2.799000000000000000e+03,1.144268088984997860e+02
2.800000000000000000e+03,1.148110664207257656e+02
2.801000000000000000e+03,1.144868400533520685e+02
2.802000000000000000e+03,1.145218976622850846e+02
2.803000000000000000e+03,1.144143707778679016e+02
2.804000000000000000e+03,1.142895679716247628e+02
2.805000000000000000e+03,1.142749488381190304e+02
2.806000000000000000e+03,1.139759965426415107e+02
2.807000000000000000e+03,1.141426224210099889e+02
2.808000000000000000e+03,1.143020454249886058e+02
2.809000000000000000e+03,1.142525023088968084e+02
2.810000000000000000e+03,1.137641717691695078e+02
2.811000000000000000e+03,1.136868228089748811e+02
2.812000000000000000e+03,1.142244185239227647e+02
2.813000000000000000e+03,1.139520523090817790e+02
2.814000000000000000e+03,1.134642685436458578e+02
2.815000000000000000e+03,1.131917502868729599e+02
2.816000000000000000e+03,1.134438478202105074e+02
2.817000000000000000e+03,1.133324268800578665e+02
2.818000000000000000e+03,1.133575855923558180e+02
2.819000000000000000e+03,1.132260472388698105e+02
2.820000000000000000e+03,1.130224651781793028e+02
2.821000000000000000e+03,1.128189017178037972e+02
2.822000000000000000e+03,1.127633279029621036e+02
2.823000000000000000e+03,1.123182403486745216e+02
2.824000000000000000e+03,1.125073031095597713e+02
2.825000000000000000e+03,1.123739536538852093e+02
2.826000000000000000e+03,1.117009753332713160e+02
2.827000000000000000e+03,1.117053269755016913e+02
2.828000000000000000e+03,1.113100926309472527e+02
2.829000000000000000e+03,1.108965844214271925e+02
2.830000000000000000e+03,1.107948870580956537e+02
2.831000000000000000e+03,1.102848713022985265e+02
2.832000000000000000e+03,1.096624595997700311e+02
2.833000000000000000e+03,1.097239206500174191e+02
2.834000000000000000e+03,1.092572609443105023e+02
2.835000000000000000e+03,1.089520807888652030e+02
2.836000000000000000e+03,1.083978615617646568e+02
2.837000000000000000e+03,1.076628358473799949e+02
2.838000000000000000e+03,1.070299299747285602e+02
2.839000000000000000e+03,1.067391357365599021e+02
2.840000000000000000e+03,1.063651056636865775e+02
2.841000000000000000e+03,1.054905766053597205e+02
2.842000000000000000e+03,1.049838073571180104e+02
2.843000000000000000e+03,1.043305995464104825e+02
2.844000000000000000e+03,1.036267236263460916e+02
2.845000000000000000e+03,1.031660912795294252e+02
2.846000000000000000e+03,1.023695415871877401e+02
2.847000000000000000e+03,1.018693005907468176e+02
2.848000000000000000e+03,1.007763954157213675e+02
2.849000000000000000e+03,1.004471541255929594e+02
2.850000000000000000e+03,9.941021421204801811e+01
2.851000000000000000e+03,9.893741145648542101e+01
2.852000000000000000e+03,9.869810588016613906e+01
2.853000000000000000e+03,9.742119955411166643e+01
2.854000000000000000e+03,9.712109693439440150e+01
2.855000000000000000e+03,9.663160933215175419e+01
2.856000000000000000e+03,9.563662902169595270e+01
2.857000000000000000e+03,9.529846705723599598e+01
2.858000000000000000e+03,9.439813565131959194e+01
2.859000000000000000e+03,9.372104928205123997e+01
2.860000000000000000e+03,9.343374162801657690e+01
2.861000000000000000e+03,9.287268440079493814e+01
2.862000000000000000e+03,9.229396265180899661e+01
2.863000000000000000e+03,9.148313154443940221e+01
2.864000000000000000e+03,9.080545187799762630e+01
2.865000000000000000e+03,9.072226737800801288e+01
2.866000000000000000e+03,9.041974444116084442e+01
2.867000000000000000e+03,8.984816357258590358e+01
2.868000000000000000e+03,8.938906803584987415e+01
2.869000000000000000e+03,8.892638483515474945e+01
2.870000000000000000e+03,8.869909644872927856e+01
2.871000000000000000e+03,8.868374258141470534e+01
2.872000000000000000e+03,8.858945726698838996e+01
2.873000000000000000e+03,8.771405594394875038e+01
2.874000000000000000e+03,8.749685319564807173e+01
2.875000000000000000e+03,8.724524227262021725e+01
2.876000000000000000e+03,8.714664172432115663e+01
2.877000000000000000e+03,8.692652041158343934e+01
2.878000000000000000e+03,8.682687365634662058e+01
2.879000000000000000e+03,8.661648524964193996e+01
2.880000000000000000e+03,8.630847284167219868e+01
2.881000000000000000e+03,8.634042325679610030e+01
2.882000000000000000e+03,8.604712865399717714e+01
2.883000000000000000e+03,8.591787513861353887e+01
2.884000000000000000e+03,8.588492399514962017e+01
2.885000000000000000e+03,8.564680664167995872e+01
2.886000000000000000e+03,8.536504122649317594e+01
2.887000000000000000e+03,8.559854935731604542e+01
2.888000000000000000e+03,8.534954875273099617e+01
2.889000000000000000e+03,8.523561394157064797e+01
2.890000000000000000e+03,8.530095263686834528e+01
2.891000000000000000e+03,8.491184520599925634e+01
2.892000000000000000e+03,8.531633577001885271e+01
2.893000000000000000e+03,8.500117672371086996e+01
2.894000000000000000e+03,8.458218460049705811e+01
2.895000000000000000e+03,8.495093046952459304e+01
2.896000000000000000e+03,8.428505714097224200e+01
2.897000000000000000e+03,8.479829506275835627e+01
2.898000000000000000e+03,8.471398842723598932e+01
2.899000000000000000e+03,8.492449684893381345e+01
2.900000000000000000e+03,8.464329978774399876e+01
2.901000000000000000e+03,8.466029627888936204e+01
2.902000000000000000e+03,8.485857776808870767e+01
2.903000000000000000e+03,8.464164631837108743e+01
2.904000000000000000e+03,8.459615300408532335e+01
2.905000000000000000e+03,8.453248105677751312e+01
2.906000000000000000e+03,8.446426441164011578e+01
2.907000000000000000e+03,8.439239513926648328e+01
2.908000000000000000e+03,8.455321310888970743e+01
2.909000000000000000e+03,8.458941623007798682e+01
2.910000000000000000e+03,8.482494581949310941e+01
2.911000000000000000e+03,8.476771649453401380e+01
2.912000000000000000e+03,8.453959145514244256e+01
2.913000000000000000e+03,8.495106544710117191e+01
2.914000000000000000e+03,8.508310917188974543e+01
2.915000000000000000e+03,8.472018243263508452e+01
2.916000000000000000e+03,8.462977247775432943e+01
2.917000000000000000e+03,8.476324992419354487e+01
2.918000000000000000e+03,8.493875368667303860e+01
2.919000000000000000e+03,8.474941818616024136e+01
2.920000000000000000e+03,8.457173849691244527e+01
2.921000000000000000e+03,8.420342037024774129e+01
2.922000000000000000e+03,8.457712249366072399e+01
2.923000000000000000e+03,8.442881356125144521e+01
2.924000000000000000e+03,8.476925376059104167e+01
2.925000000000000000e+03,8.487491225296649588e+01
2.926000000000000000e+03,8.442168813219551282e+01
2.927000000000000000e+03,8.463604564045107281e+01
2.928000000000000000e+03,8.451321892465075791e+01
2.929000000000000000e+03,8.477075527353909479e+01
2.930000000000000000e+03,8.469703008239257258e+01
2.931000000000000000e+03,8.469336008838708096e+01
2.932000000000000000e+03,8.430941663946761366e+01
2.933000000000000000e+03,8.451708838440117688e+01
2.934000000000000000e+03,8.465105816182226306e+01
2.935000000000000000e+03,8.482540358206293263e+01
2.936000000000000000e+03,8.457029405860542681e+01
2.937000000000000000e+03,8.417802008083127419e+01
2.938000000000000000e+03,8.455576998550525047e+01
2.939000000000000000e+03,8.427447783661881431e+01
2.940000000000000000e+03,8.444137780389404213e+01
2.941000000000000000e+03,8.416537142381648096e+01
2.942000000000000000e+03,8.421152241996165344e+01
2.943000000000000000e+03,8.393878833809125695e+01
2.944000000000000000e+03,8.409058067969098715e+01
2.945000000000000000e+03,8.411042259387239994e+01
2.946000000000000000e+03,8.412992184774316229e+01
2.947000000000000000e+03,8.442133950645649065e+01
2.948000000000000000e+03,8.383418229914607878e+01
2.949000000000000000e+03,8.479369601314131444e+01
2.950000000000000000e+03,8.480668389732367984e+01
2.951000000000000000e+03,8.443116282185465593e+01
2.952000000000000000e+03,8.471156141377512938e+01
2.953000000000000000e+03,8.452049981201089679e+01
2.954000000000000000e+03,8.472860280273297917e+01
2.955000000000000000e+03,8.462501143260493564e+01
2.956000000000000000e+03,8.467155743233391263e+01
2.957000000000000000e+03,8.470285039601888855e+01
2.958000000000000000e+03,8.485353920630825542e+01
2.959000000000000000e+03,8.462313903428656658e+01
2.960000000000000000e+03,8.485827652578669245e+01
2.961000000000000000e+03,8.487792187363848484e+01
2.962000000000000000e+03,8.466767309146841569e+01
2.963000000000000000e+03,8.465863148995170206e+01
2.964000000000000000e+03,8.431640662147296439e+01
2.965000000000000000e+03,8.441982537027823241e+01
2.966000000000000000e+03,8.478031463785791289e+01
2.967000000000000000e+03,8.441175163663929482e+01
2.968000000000000000e+03,8.435630127498711772e+01
2.969000000000000000e+03,8.432476081282824509e+01
2.970000000000000000e+03,8.450753829282999163e+01
2.971000000000000000e+03,8.442993901555895775e+01
2.972000000000000000e+03,8.489759469465265340e+01
2.973000000000000000e+03,8.459072763660115868e+01
2.974000000000000000e+03,8.450974763418130919e+01
2.975000000000000000e+03,8.439831283278999763e+01
2.976000000000000000e+03,8.441340777086243463e+01
2.977000000000000000e+03,8.452808265747502503e+01
2.978000000000000000e+03,8.458903503506249422e+01
2.979000000000000000e+03,8.454633408266521144e+01
2.980000000000000000e+03,8.416795834532905474e+01
2.981000000000000000e+03,8.418904873472563111e+01
2.982000000000000000e+03,8.437577796730103330e+01
2.983000000000000000e+03,8.434057508508328738e+01
2.984000000000000000e+03,8.432279629418947309e+01
2.985000000000000000e+03,8.409633302491349127e+01
2.986000000000000000e+03,8.420138399934735673e+01
2.987000000000000000e+03,8.444546415722138022e+01
2.988000000000000000e+03,8.440414536511059396e+01
2.989000000000000000e+03,8.431450122524886126e+01
2.990000000000000000e+03,8.414524637933672579e+01
2.991000000000000000e+03,8.417108591720031541e+01
2.992000000000000000e+03,8.432188048348341169e+01
2.993000000000000000e+03,8.404535909419183781e+01
2.994000000000000000e+03,8.441708699187367415e+01
2.995000000000000000e+03,8.410480623109884846e+01
2.996000000000000000e+03,8.461982223234409162e+01
2.997000000000000000e+03,8.438870316518580239e+01
2.998000000000000000e+03,8.438474518707099037e+01
2.999000000000000000e+03,8.448014765609578092e+01
3.000000000000000000e+03,8.401715557340116902e+01
3.001000000000000000e+03,8.423819219579915796e+01
3.002000000000000000e+03,8.426628313580019380e+01
3.003000000000000000e+03,8.416612904652019722e+01
3.004000000000000000e+03,8.396081340768614609e+01
3.005000000000000000e+03,8.472907284247499149e+01
3.006000000000000000e+03,8.422024375204982505e+01
3.007000000000000000e+03,8.364624968247376557e+01
3.008000000000000000e+03,8.438584348915991029e+01
3.009000000000000000e+03,8.425230916274998094e+01
3.010000000000000000e+03,8.453479254752406291e+01
3.011000000000000000e+03,8.392000347622627032e+01
3.012000000000000000e+03,8.412615404159178922e+01
3.013000000000000000e+03,8.453450202828207694e+01
3.014000000000000000e+03,8.411024463279763097e+01
3.015000000000000000e+03,8.431876029975138920e+01
3.016000000000000000e+03,8.423484651740916718e+01
3.017000000000000000e+03,8.442153420894899796e+01
3.018000000000000000e+03,8.443060191791403213e+01
3.019000000000000000e+03,8.453158323233402882e+01
3.020000000000000000e+03,8.426028692622698202e+01
3.021000000000000000e+03,8.402795667164321003e+01
3.022000000000000000e+03,8.396958057772265249e+01
3.023000000000000000e+03,8.459331740687748891e+01
3.024000000000000000e+03,8.428000618440273684e+01
3.025000000000000000e+03,8.454804680840327080e+01
3.026000000000000000e+03,8.450575045066402424e+01
3.027000000000000000e+03,8.403498335859644897e+01
3.028000000000000000e+03,8.414431099125503977e+01
3.029000000000000000e+03,8.407441750535070923e+01
3.030000000000000000e+03,8.452284351954401131e+01
3.031000000000000000e+03,8.443094825570099715e+01
3.032000000000000000e+03,8.415806828058876476e+01
3.033000000000000000e+03,8.413612580494006465e+01
3.034000000000000000e+03,8.451189009908787853e+01
3.035000000000000000e+03,8.443212444239860304e+01
3.036000000000000000e+03,8.432399949799585670e+01
3.037000000000000000e+03,8.413957078971007775e+01
3.038000000000000000e+03,8.428024306336563143e+01
3.039000000000000000e+03,8.433032016276212062e+01
3.040000000000000000e+03,8.434507174941478524e+01
3.041000000000000000e+03,8.456297015970237396e+01
3.042000000000000000e+03,8.430274753369231178e+01
3.043000000000000000e+03,8.444632040231297765e+01
3.044000000000000000e+03,8.446205794158674962e+01
3.045000000000000000e+03,8.441903209741333569e+01
3.046000000000000000e+03,8.441881275461200573e+01
3.047000000000000000e+03,8.438420440707091075e+01
3.048000000000000000e+03,8.446138756615637533e+01
3.049000000000000000e+03,8.443988954471947750e+01
3.050000000000000000e+03,8.432768321174961557e+01
3.051000000000000000e+03,8.436524574267400567e+01
3.052000000000000000e+03,8.437525696663261954e+01
3.053000000000000000e+03,8.419197424373034266e+01
3.054000000000000000e+03,8.431523598255284924e+01
3.055000000000000000e+03,8.437301697087255548e+01
3.056000000000000000e+03,8.469660766810389418e+01
3.057000000000000000e+03,8.475825964323688311e+01
3.058000000000000000e+03,8.465167182095214571e+01
3.059000000000000000e+03,8.431427367318408983e+01
3.060000000000000000e+03,8.446421332142681138e+01
3.061000000000000000e+03,8.423149521239616888e+01
3.062000000000000000e+03,8.454676916072659765e+01
3.063000000000000000e+03,8.433758396221614362e+01
3.064000000000000000e+03,8.438070183027957682e+01
3.065000000000000000e+03,8.429498648889942558e+01
3.066000000000000000e+03,8.445412443341690789e+01
3.067000000000000000e+03,8.430955542584972306e+01
3.068000000000000000e+03,8.430684361751818301e+01
3.069000000000000000e+03,8.428844572689864378e+01
3.070000000000000000e+03,8.405101055682796130e+01
3.071000000000000000e+03,8.428099136505943534e+01
3.072000000000000000e+03,8.466226332931135801e+01
3.073000000000000000e+03,8.404581249862549441e+01
3.074000000000000000e+03,8.428162156852603459e+01
3.075000000000000000e+03,8.431321978891594426e+01
3.076000000000000000e+03,8.444047283762380118e+01
3.077000000000000000e+03,8.416317986474899726e+01
3.078000000000000000e+03,8.472683348434603090e+01
3.079000000000000000e+03,8.438954923542324593e+01
3.080000000000000000e+03,8.433227215160344770e+01
3.081000000000000000e+03,8.429732130140872925e+01
3.082000000000000000e+03,8.422624530720801772e+01
3.083000000000000000e+03,8.437951992736566353e+01
3.084000000000000000e+03,8.427406077305434451e+01
3.085000000000000000e+03,8.463337408724835598e+01
3.086000000000000000e+03,8.436109118972935050e+01
3.087000000000000000e+03,8.414495536473883419e+01
3.088000000000000000e+03,8.423479823489300600e+01
3.089000000000000000e+03,8.427686271059508272e+01
3.090000000000000000e+03,8.425664195171482618e+01
3.091000000000000000e+03,8.406775682928446258e+01
3.092000000000000000e+03,8.423582082850154507e+01
3.093000000000000000e+03,8.421979184677846320e+01
3.094000000000000000e+03,8.411765970683389071e+01
3.095000000000000000e+03,8.417265602605144181e+01
3.096000000000000000e+03,8.399712720814521560e+01
3.097000000000000000e+03,8.438658842799156901e+01
3.098000000000000000e+03,8.448341077008552702e+01
3.099000000000000000e+03,8.409702574413691423e+01
3.100000000000000000e+03,8.416636762361157764e+01
3.101000000000000000e+03,8.382042507862681191e+01
3.102000000000000000e+03,8.380434593808165289e+01
3.103000000000000000e+03,8.420053458348708375e+01
3.104000000000000000e+03,8.385705496053896013e+01
3.105000000000000000e+03,8.412794507848828118e+01
3.106000000000000000e+03,8.368267546058648065e+01
3.107000000000000000e+03,8.356725260555431589e+01
3.108000000000000000e+03,8.394510832716750315e+01
3.109000000000000000e+03,8.376520216194759882e+01
3.110000000000000000e+03,8.363735421405856130e+01
3.111000000000000000e+03,8.357409300856244272e+01
3.112000000000000000e+03,8.335856525795506400e+01
3.113000000000000000e+03,8.310651052020546103e+01
3.114000000000000000e+03,8.339927845558594299e+01
3.115000000000000000e+03,8.311130832110687550e+01
3.116000000000000000e+03,8.312359239769705255e+01
3.117000000000000000e+03,8.298496949468501782e+01
3.118000000000000000e+03,8.263467669669522309e+01
3.119000000000000000e+03,8.270714518533380044e+01
3.120000000000000000e+03,8.253131422744129964e+01
3.121000000000000000e+03,8.192654942659841311e+01
3.122000000000000000e+03,8.175935960863789376e+01
3.123000000000000000e+03,8.186211630328153888e+01
3.124000000000000000e+03,8.163200053926115629e+01
3.125000000000000000e+03,8.172599090632800767e+01
3.126000000000000000e+03,8.097134728923269620e+01
3.127000000000000000e+03,8.040239302659779241e+01
3.128000000000000000e+03,8.028823079811004959e+01
3.129000000000000000e+03,8.012657586206061922e+01
3.130000000000000000e+03,8.020002655243851564e+01
3.131000000000000000e+03,7.954123792837312124e+01
3.132000000000000000e+03,7.936736881512854325e+01
3.133000000000000000e+03,7.886831968633687495e+01
3.134000000000000000e+03,7.818694330937799464e+01
3.135000000000000000e+03,7.822766638717254750e+01
3.136000000000000000e+03,7.781483075868342780e+01
3.137000000000000000e+03,7.739512395248114274e+01
3.138000000000000000e+03,7.695885101401803752e+01
3.139000000000000000e+03,7.644344528680869644e+01
3.140000000000000000e+03,7.601169180757626975e+01
3.141000000000000000e+03,7.527782183281534856e+01
3.142000000000000000e+03,7.459048402584198811e+01
3.143000000000000000e+03,7.436072911756387782e+01
3.144000000000000000e+03,7.361688918498899170e+01
3.145000000000000000e+03,7.307857788709884517e+01
3.146000000000000000e+03,7.269563428817814099e+01
3.147000000000000000e+03,7.205654826481440978e+01
3.148000000000000000e+03,7.126294201768405401e+01
3.149000000000000000e+03,7.095675926178317638e+01
3.150000000000000000e+03,7.050515482397155154e+01
3.151000000000000000e+03,6.977556018343919675e+01
3.152000000000000000e+03,6.893003212215913322e+01
3.153000000000000000e+03,6.847140444088863376e+01
3.154000000000000000e+03,6.778172399153119443e+01
3.155000000000000000e+03,6.708361067216704043e+01
3.156000000000000000e+03,6.678686961994777960e+01
3.157000000000000000e+03,6.643720447900653880e+01
3.158000000000000000e+03,6.553166006074363281e+01
3.159000000000000000e+03,6.492916444479092775e+01
3.160000000000000000e+03,6.463161354658001301e+01
3.161000000000000000e+03,6.415377513068713711e+01
3.162000000000000000e+03,6.382835320404431201e+01
3.163000000000000000e+03,6.298207151808000503e+01
3.164000000000000000e+03,6.250242369756700356e+01
3.165000000000000000e+03,6.248787983419017422e+01
3.166000000000000000e+03,6.190317720513951372e+01
3.167000000000000000e+03,6.179218898465822463e+01
3.168000000000000000e+03,6.105664681378381431e+01
3.169000000000000000e+03,6.058792894502062154e+01
3.170000000000000000e+03,6.061440079013340210e+01
3.171000000000000000e+03,6.049147353369871638e+01
3.172000000000000000e+03,6.035056669791327266e+01
3.173000000000000000e+03,5.975429080518205183e+01
3.174000000000000000e+03,5.934222428453914944e+01
3.175000000000000000e+03,5.944902289927855321e+01
3.176000000000000000e+03,5.934848598392814267e+01
3.177000000000000000e+03,5.908377921520163056e+01
3.178000000000000000e+03,5.874219839550259792e+01
3.179000000000000000e+03,5.835771592950295172e+01
3.180000000000000000e+03,5.827559294732861161e+01
3.181000000000000000e+03,5.820979991756377814e+01
3.182000000000000000e+03,5.805879209104452343e+01
3.183000000000000000e+03,5.832813771057333696e+01
3.184000000000000000e+03,5.791085385866990265e+01
3.185000000000000000e+03,5.751867823255081902e+01
3.186000000000000000e+03,5.807765540054035114e+01
3.187000000000000000e+03,5.760830384232324519e+01
3.188000000000000000e+03,5.808978014868423401e+01
3.189000000000000000e+03,5.807898522565930222e+01
3.190000000000000000e+03,5.781337836274525444e+01
3.191000000000000000e+03,5.778452753571696121e+01
3.192000000000000000e+03,5.806044558579323223e+01
3.193000000000000000e+03,5.781062925608617320e+01
3.194000000000000000e+03,5.773721017916081166e+01
3.195000000000000000e+03,5.755325602548345643e+01
3.196000000000000000e+03,5.725255422287808926e+01
3.197000000000000000e+03,5.739513539769626504e+01
3.198000000000000000e+03,5.747216617187513066e+01
3.199000000000000000e+03,5.750789430859604323e+01
3.200000000000000000e+03,5.717346622060281902e+01
3.201000000000000000e+03,5.717906603016532330e+01
3.202000000000000000e+03,5.755256310670807096e+01
3.203000000000000000e+03,5.741690433482378353e+01
3.204000000000000000e+03,5.737528237871131154e+01
3.205000000000000000e+03,5.708824757556514840e+01
3.206000000000000000e+03,5.716761211650169372e+01
3.207000000000000000e+03,5.713598875944756372e+01
3.208000000000000000e+03,5.718521591061355736e+01
3.209000000000000000e+03,5.743725497019635640e+01
3.210000000000000000e+03,5.693017435169969787e+01
3.211000000000000000e+03,5.711862724549877157e+01
3.212000000000000000e+03,5.692003015130467247e+01
3.213000000000000000e+03,5.727857112788391447e+01
3.214000000000000000e+03,5.706841099359498770e+01
3.215000000000000000e+03,5.700208952032141241e+01
3.216000000000000000e+03,5.729437443612241765e+01
3.217000000000000000e+03,5.698067547366346730e+01
3.218000000000000000e+03,5.675841520498097026e+01
3.219000000000000000e+03,5.693734038355593441e+01
3.220000000000000000e+03,5.698244420226333773e+01
3.221000000000000000e+03,5.678083146705439788e+01
3.222000000000000000e+03,5.676450286300566717e+01
3.223000000000000000e+03,5.673694086353666677e+01
3.224000000000000000e+03,5.704793997790773119e+01
3.225000000000000000e+03,5.697165123572715828e+01
3.226000000000000000e+03,5.662702355777443586e+01
3.227000000000000000e+03,5.682125054304719924e+01
3.228000000000000000e+03,5.672624442161082925e+01
3.229000000000000000e+03,5.701551224540138918e+01
3.230000000000000000e+03,5.677414497265883853e+01
3.231000000000000000e+03,5.683075688364987599e+01
3.232000000000000000e+03,5.668073434664639620e+01
3.233000000000000000e+03,5.708918449351980939e+01
3.234000000000000000e+03,5.702378527415773135e+01
3.235000000000000000e+03,5.706890201594483614e+01
3.236000000000000000e+03,5.674354725528754528e+01
3.237000000000000000e+03,5.685376889184784943e+01
3.238000000000000000e+03,5.688626536090355756e+01
3.239000000000000000e+03,5.685819905560293819e+01
3.240000000000000000e+03,5.698629045115622915e+01
3.241000000000000000e+03,5.682506236401507493e+01
3.242000000000000000e+03,5.685571493212908933e+01
3.243000000000000000e+03,5.685321041406714215e+01
3.244000000000000000e+03,5.689585776530424255e+01
3.245000000000000000e+03,5.722295423730970754e+01
3.246000000000000000e+03,5.683566518735144513e+01
3.247000000000000000e+03,5.709050120071864143e+01
3.248000000000000000e+03,5.692692976818698725e+01
3.249000000000000000e+03,5.759232205134569682e+01
3.250000000000000000e+03,5.704742234530314704e+01
3.251000000000000000e+03,5.705209755512417757e+01
3.252000000000000000e+03,5.673455681895895708e+01
3.253000000000000000e+03,5.683496724427461544e+01
3.254000000000000000e+03,5.643902951896914999e+01
3.255000000000000000e+03,5.714247013841870881e+01
3.256000000000000000e+03,5.713256392916464677e+01
3.257000000000000000e+03,5.721496531385519546e+01
3.258000000000000000e+03,5.711454034447274353e+01
3.259000000000000000e+03,5.723291491971815503e+01
3.260000000000000000e+03,5.720655334199301478e+01
3.261000000000000000e+03,5.720838565197955461e+01
3.262000000000000000e+03,5.703531501805437642e+01
3.263000000000000000e+03,5.696401201819417537e+01
3.264000000000000000e+03,5.736792147517324025e+01
3.265000000000000000e+03,5.678384691173214094e+01
3.266000000000000000e+03,5.691945152671503649e+01
3.267000000000000000e+03,5.721101774213920521e+01
3.268000000000000000e+03,5.672734236873084512e+01
3.269000000000000000e+03,5.690761450094137786e+01
3.270000000000000000e+03,5.689880421695020374e+01
3.271000000000000000e+03,5.705368918414745849e+01
3.272000000000000000e+03,5.651377039585178608e+01
3.273000000000000000e+03,5.659169837145287119e+01
3.274000000000000000e+03,5.660063893310542227e+01
3.275000000000000000e+03,5.678921797814138728e+01
3.276000000000000000e+03,5.660324015950897092e+01
3.277000000000000000e+03,5.678397949809626510e+01
3.278000000000000000e+03,5.651408051660081355e+01
3.279000000000000000e+03,5.644141585205456835e+01
3.280000000000000000e+03,5.631986012163260824e+01
3.281000000000000000e+03,5.626588396131791114e+01
3.282000000000000000e+03,5.715233061390797786e+01
3.283000000000000000e+03,5.669270622638572377e+01
3.284000000000000000e+03,5.676524705657710257e+01
3.285000000000000000e+03,5.651105642586634303e+01
3.286000000000000000e+03,5.640776551081891199e+01
3.287000000000000000e+03,5.656345815434850266e+01
3.288000000000000000e+03,5.659450585824654922e+01
3.289000000000000000e+03,5.648059826429468444e+01
3.290000000000000000e+03,5.673529075889251061e+01
3.291000000000000000e+03,5.635689888773498524e+01
3.292000000000000000e+03,5.659352721350472848e+01
3.293000000000000000e+03,5.686847451071380277e+01
3.294000000000000000e+03,5.637063266785082050e+01
3.295000000000000000e+03,5.595549974959819650e+01
3.296000000000000000e+03,5.640474400014775114e+01
3.297000000000000000e+03,5.654153005621922290e+01
3.298000000000000000e+03,5.709201307122574320e+01
3.299000000000000000e+03,5.694733637163754736e+01
3.300000000000000000e+03,5.692406377199723266e+01
3.301000000000000000e+03,5.674037997137376266e+01
3.302000000000000000e+03,5.696152263225458512e+01
3.303000000000000000e+03,5.712934231865914114e+01
3.304000000000000000e+03,5.714682536140892921e+01
3.305000000000000000e+03,5.670307553058535888e+01
3.306000000000000000e+03,5.670888223370343439e+01
3.307000000000000000e+03,5.672047659619116189e+01
3.308000000000000000e+03,5.732076576847138227e+01
3.309000000000000000e+03,5.682199016458928043e+01
3.310000000000000000e+03,5.735568910164558787e+01
3.311000000000000000e+03,5.699239801430721997e+01
3.312000000000000000e+03,5.658864520477732896e+01
3.313000000000000000e+03,5.689346158695006039e+01
3.314000000000000000e+03,5.685753321276077799e+01
3.315000000000000000e+03,5.677808714747329333e+01
3.316000000000000000e+03,5.694160053165930435e+01
3.317000000000000000e+03,5.660666090935651340e+01
3.318000000000000000e+03,5.695539933921948261e+01
3.319000000000000000e+03,5.714937089675900950e+01
3.320000000000000000e+03,5.668386567258371400e+01
3.321000000000000000e+03,5.698426093722330421e+01
3.322000000000000000e+03,5.634882610112868662e+01
3.323000000000000000e+03,5.629612066843176166e+01
3.324000000000000000e+03,5.655731674541123510e+01
3.325000000000000000e+03,5.668497694205925796e+01
3.326000000000000000e+03,5.663242980772868407e+01
3.327000000000000000e+03,5.646637375394418967e+01
3.328000000000000000e+03,5.699915196819593888e+01
3.329000000000000000e+03,5.688687940221171857e+01
3.330000000000000000e+03,5.685696722021931748e+01
3.331000000000000000e+03,5.685936761275090845e+01
3.332000000000000000e+03,5.640325886902783736e+01
3.333000000000000000e+03,5.654867892962570153e+01
3.334000000000000000e+03,5.651636812635397433e+01
3.335000000000000000e+03,5.640050942536851153e+01
3.336000000000000000e+03,5.675796967773457169e+01
3.337000000000000000e+03,5.627919319914183660e+01
3.338000000000000000e+03,5.655087428794235649e+01
3.339000000000000000e+03,5.673090813984229897e+01
3.340000000000000000e+03,5.670974485248362384e+01
3.341000000000000000e+03,5.654995303343163471e+01
3.342000000000000000e+03,5.694805237946630427e+01
3.343000000000000000e+03,5.653237719023620400e+01
3.344000000000000000e+03,5.673659519423486586e+01
3.345000000000000000e+03,5.677533390675518632e+01
3.346000000000000000e+03,5.654498812029084576e+01
3.347000000000000000e+03,5.644404339427905626e+01
3.348000000000000000e+03,5.667434287524807957e+01
3.349000000000000000e+03,5.619611633383822635e+01
3.350000000000000000e+03,5.687447289839125375e+01
3.351000000000000000e+03,5.645970121040186740e+01
3.352000000000000000e+03,5.682686320477961317e+01
3.353000000000000000e+03,5.660957152253166669e+01
3.354000000000000000e+03,5.664262685340415260e+01
3.355000000000000000e+03,5.659641080887251263e+01
3.356000000000000000e+03,5.659293686048069816e+01
3.357000000000000000e+03,5.686685512856092117e+01
3.358000000000000000e+03,5.666988320874708762e+01
3.359000000000000000e+03,5.665570820141816455e+01
3.360000000000000000e+03,5.675249429392912504e+01
3.361000000000000000e+03,5.672351721641538802e+01
3.362000000000000000e+03,5.642180282454338425e+01
3.363000000000000000e+03,5.642203222487189151e+01
3.364000000000000000e+03,5.651012191964217379e+01
3.365000000000000000e+03,5.636920527645946777e+01
3.366000000000000000e+03,5.643093405393076267e+01
3.367000000000000000e+03,5.657145769749720188e+01
3.368000000000000000e+03,5.673681104676641951e+01
3.369000000000000000e+03,5.631841960572759831e+01
3.370000000000000000e+03,5.674949945357198544e+01
3.371000000000000000e+03,5.632556575056979398e+01
3.372000000000000000e+03,5.678830659957294102e+01
3.373000000000000000e+03,5.671483946935151721e+01
3.374000000000000000e+03,5.615834171939440722e+01
3.375000000000000000e+03,5.629019157172012200e+01
3.376000000000000000e+03,5.639878280640957087e+01
3.377000000000000000e+03,5.655847311475826444e+01
3.378000000000000000e+03,5.632629029147030764e+01
3.379000000000000000e+03,5.604825597554387429e+01
3.380000000000000000e+03,5.602377435569228226e+01
3.381000000000000000e+03,5.656121868959950660e+01
3.382000000000000000e+03,5.652415922158967021e+01
3.383000000000000000e+03,5.639063574672500323e+01
3.384000000000000000e+03,5.628626552173495412e+01
3.385000000000000000e+03,5.595949227665673931e+01
3.386000000000000000e+03,5.633722398391733321e+01
3.387000000000000000e+03,5.629583703274571604e+01
3.388000000000000000e+03,5.609028956642240615e+01
3.389000000000000000e+03,5.623699714312898834e+01
3.390000000000000000e+03,5.622860708642202354e+01
3.391000000000000000e+03,5.643680781584569672e+01
3.392000000000000000e+03,5.654866527469334159e+01
3.393000000000000000e+03,5.648710769827725642e+01
3.394000000000000000e+03,5.645880148004478372e+01
3.395000000000000000e+03,5.624580087088559566e+01
3.396000000000000000e+03,5.647078698881122705e+01
3.397000000000000000e+03,5.647974070001996694e+01
3.398000000000000000e+03,5.645008013450999584e+01
3.399000000000000000e+03,5.662257011260086159e+01
3.400000000000000000e+03,5.659459040104587757e+01
3.401000000000000000e+03,5.626456032279899233e+01
3.402000000000000000e+03,5.675227699118361357e+01
3.403000000000000000e+03,5.658746905576008857e+01
3.404000000000000000e+03,5.656809712387919831e+01
3.405000000000000000e+03,5.626832451199442886e+01
3.406000000000000000e+03,5.625993998855371103e+01
3.407000000000000000e+03,5.654236380964162123e+01
3.408000000000000000e+03,5.618663007737994519e+01
3.409000000000000000e+03,5.630832403098074224e+01
3.410000000000000000e+03,5.633001236900958730e+01
3.411000000000000000e+03,5.608800346663915093e+01
3.412000000000000000e+03,5.565844293492543216e+01
3.413000000000000000e+03,5.579764854429429732e+01
3.414000000000000000e+03,5.562420269637098613e+01
3.415000000000000000e+03,5.529456925907780374e+01
3.416000000000000000e+03,5.522180133824343784e+01
3.417000000000000000e+03,5.527012592443367112e+01
3.418000000000000000e+03,5.528618382531578135e+01
3.419000000000000000e+03,5.517545424418269562e+01
3.420000000000000000e+03,5.485174398918742611e+01
3.421000000000000000e+03,5.469004372131724523e+01
3.422000000000000000e+03,5.423403037340005994e+01
3.423000000000000000e+03,5.435572487319345925e+01
3.424000000000000000e+03,5.435241191731778798e+01
3.425000000000000000e+03,5.415356395771600972e+01
3.426000000000000000e+03,5.363934004599159522e+01
3.427000000000000000e+03,5.329844626165761667e+01
3.428000000000000000e+03,5.333716031423573867e+01
3.429000000000000000e+03,5.258014702729504819e+01
3.430000000000000000e+03,5.227118601324015401e+01
3.431000000000000000e+03,5.189914073336376532e+01
3.432000000000000000e+03,5.169969771310914552e+01
3.433000000000000000e+03,5.128559524183716434e+01
3.434000000000000000e+03,5.129344827015258801e+01
3.435000000000000000e+03,5.055906150411620814e+01
3.436000000000000000e+03,5.028899733096272229e+01
3.437000000000000000e+03,4.917764583087787145e+01
3.438000000000000000e+03,4.900429756708119555e+01
3.439000000000000000e+03,4.875262364717526964e+01
3.440000000000000000e+03,4.804780380810574059e+01
3.441000000000000000e+03,4.794293637521384710e+01
3.442000000000000000e+03,4.725533876571634551e+01
3.443000000000000000e+03,4.651432484976603376e+01
3.444000000000000000e+03,4.587980169789765483e+01
3.445000000000000000e+03,4.567980035334392142e+01
3.446000000000000000e+03,4.476005886330526806e+01
3.447000000000000000e+03,4.406278717286445357e+01
3.448000000000000000e+03,4.306811619367817912e+01
3.449000000000000000e+03,4.276354778291042180e+01
3.450000000000000000e+03,4.187013300779855740e+01
3.451000000000000000e+03,4.134296844629961498e+01
3.452000000000000000e+03,4.062323956172200212e+01
3.453000000000000000e+03,3.991625868097325025e+01
3.454000000000000000e+03,3.901002836261226037e+01
3.455000000000000000e+03,3.896886022178954789e+01
3.456000000000000000e+03,3.857448483188111510e+01
3.457000000000000000e+03,3.744021518921604752e+01
3.458000000000000000e+03,3.685904105252566865e+01
3.459000000000000000e+03,3.641702505635585396e+01
3.460000000000000000e+03,3.568967207110144813e+01
3.461000000000000000e+03,3.529430963389284415e+01
3.462000000000000000e+03,3.467112391860553799e+01
3.463000000000000000e+03,3.407872161420160495e+01
3.464000000000000000e+03,3.380790364460688124e+01
3.465000000000000000e+03,3.333059840052191447e+01
3.466000000000000000e+03,3.285982252339122311e+01
3.467000000000000000e+03,3.268118660095553452e+01
3.468000000000000000e+03,3.213284153993052428e+01
3.469000000000000000e+03,3.126050718095999414e+01
3.470000000000000000e+03,3.133899509381330262e+01
3.471000000000000000e+03,3.112904646670037678e+01
3.472000000000000000e+03,3.092588972168233141e+01
3.473000000000000000e+03,3.076385677107799310e+01
3.474000000000000000e+03,3.025274628777097163e+01
3.475000000000000000e+03,3.000471557911879827e+01
3.476000000000000000e+03,2.978602823216245099e+01
3.477000000000000000e+03,2.956831487648948098e+01
3.478000000000000000e+03,2.944752679138677109e+01
3.479000000000000000e+03,2.892175152599378052e+01
3.480000000000000000e+03,2.851083339246779857e+01
3.481000000000000000e+03,2.917053918814360358e+01
3.482000000000000000e+03,2.913426061915766141e+01
3.483000000000000000e+03,2.884999552347946405e+01
3.484000000000000000e+03,2.863799621246221250e+01
3.485000000000000000e+03,2.864307903257210342e+01
3.486000000000000000e+03,2.837194771780073310e+01
3.487000000000000000e+03,2.838325217679235024e+01
3.488000000000000000e+03,2.812566434421553296e+01
3.489000000000000000e+03,2.773829645525703569e+01
3.490000000000000000e+03,2.791890889026350209e+01
3.491000000000000000e+03,2.810729035360699513e+01
3.492000000000000000e+03,2.788730215615536068e+01
3.493000000000000000e+03,2.765231893698830135e+01
3.494000000000000000e+03,2.762980659501667446e+01
3.495000000000000000e+03,2.701424109170680410e+01
3.496000000000000000e+03,2.758378023063673012e+01
3.497000000000000000e+03,2.742836994512565596e+01
3.498000000000000000e+03,2.756005656697082884e+01
3.499000000000000000e+03,2.753587586764951212e+01
3.500000000000000000e+03,2.743372579578261039e+01
3.501000000000000000e+03,2.747400717478089049e+01
3.502000000000000000e+03,2.762035640590272223e+01
3.503000000000000000e+03,2.783310986495914463e+01
3.504000000000000000e+03,2.765935687471510462e+01
3.505000000000000000e+03,2.762249739764423495e+01
3.506000000000000000e+03,2.755203470267300858e+01
3.507000000000000000e+03,2.748388867096253207e+01
3.508000000000000000e+03,2.729313727814744084e+01
3.509000000000000000e+03,2.751737770478535339e+01
3.510000000000000000e+03,2.725536943488021180e+01
3.511000000000000000e+03,2.707387453996750892e+01
3.512000000000000000e+03,2.703128364455954369e+01
3.513000000000000000e+03,2.704795736443363552e+01
3.514000000000000000e+03,2.711911512909213684e+01
3.515000000000000000e+03,2.671643606629939782e+01
3.516000000000000000e+03,2.696426403436102959e+01
3.517000000000000000e+03,2.730565133992011795e+01
3.518000000000000000e+03,2.731364199986623120e+01
3.519000000000000000e+03,2.751824108903868193e+01
3.520000000000000000e+03,2.723166694588867287e+01
3.521000000000000000e+03,2.757427439156194637e+01
3.522000000000000000e+03,2.737186893100090401e+01
3.523000000000000000e+03,2.729157062466105188e+01
3.524000000000000000e+03,2.791569306471152245e+01
3.525000000000000000e+03,2.710114985515391695e+01
3.526000000000000000e+03,2.758691697145120258e+01
3.527000000000000000e+03,2.719467508043870296e+01
3.528000000000000000e+03,2.749586105351959731e+01
3.529000000000000000e+03,2.751169849953068081e+01
3.530000000000000000e+03,2.758149073454308109e+01
3.531000000000000000e+03,2.758537193599594772e+01
3.532000000000000000e+03,2.691802757807850099e+01
3.533000000000000000e+03,2.710482588510803126e+01
3.534000000000000000e+03,2.709780231295569308e+01
3.535000000000000000e+03,2.722057933775034755e+01
3.536000000000000000e+03,2.713817343294466866e+01
3.537000000000000000e+03,2.724228670382304784e+01
3.538000000000000000e+03,2.695915282841084704e+01
3.539000000000000000e+03,2.781540062866173812e+01
3.540000000000000000e+03,2.725267256355988366e+01
3.541000000000000000e+03,2.738511662718953588e+01
3.542000000000000000e+03,2.696473850217175539e+01
3.543000000000000000e+03,2.748174857319699527e+01
3.544000000000000000e+03,2.755620408142457123e+01
3.545000000000000000e+03,2.750756982060653755e+01
3.546000000000000000e+03,2.738873111105038660e+01
3.547000000000000000e+03,2.748176493166065626e+01
3.548000000000000000e+03,2.725529778961029592e+01
3.549000000000000000e+03,2.738118770933821722e+01
3.550000000000000000e+03,2.739562758968327216e+01
3.551000000000000000e+03,2.723404966733309251e+01
3.552000000000000000e+03,2.736706546149636310e+01
3.553000000000000000e+03,2.712778361033005936e+01
3.554000000000000000e+03,2.696766660440892593e+01
3.555000000000000000e+03,2.705049772541268993e+01
3.556000000000000000e+03,2.733466581267723683e+01
3.557000000000000000e+03,2.708188478195036097e+01
3.558000000000000000e+03,2.740659532561877754e+01
3.559000000000000000e+03,2.710302207279985964e+01
3.560000000000000000e+03,2.709153663041029603e+01
3.561000000000000000e+03,2.760763472130782503e+01
3.562000000000000000e+03,2.716629467794316000e+01
3.563000000000000000e+03,2.703870708335868400e+01
3.564000000000000000e+03,2.709146304301351194e+01
3.565000000000000000e+03,2.718144844555648376e+01
3.566000000000000000e+03,2.730419907198498919e+01
3.567000000000000000e+03,2.727621156833273730e+01
3.568000000000000000e+03,2.696542982834798963e+01
3.569000000000000000e+03,2.731922318320081189e+01
3.570000000000000000e+03,2.748497992726383643e+01
3.571000000000000000e+03,2.779767468902878846e+01
3.572000000000000000e+03,2.745608514918964360e+01
3.573000000000000000e+03,2.737191149640932508e+01
3.574000000000000000e+03,2.743684558259338857e+01
3.575000000000000000e+03,2.726055142340762316e+01
3.576000000000000000e+03,2.712599899315411633e+01
3.577000000000000000e+03,2.798892637609824163e+01
3.578000000000000000e+03,2.736723655285383927e+01
3.579000000000000000e+03,2.742014007297236589e+01
3.580000000000000000e+03,2.736994278495897959e+01
3.581000000000000000e+03,2.753820588825443139e+01
3.582000000000000000e+03,2.757983542393832366e+01
3.583000000000000000e+03,2.756549696735918786e+01
3.584000000000000000e+03,2.731503001363551419e+01
3.585000000000000000e+03,2.714153708342538707e+01
3.586000000000000000e+03,2.745215477718739194e+01
3.587000000000000000e+03,2.746401075694826943e+01
3.588000000000000000e+03,2.741913940710181308e+01
3.589000000000000000e+03,2.733296070238660747e+01
3.590000000000000000e+03,2.727074957600660454e+01
3.591000000000000000e+03,2.766469985928248221e+01
3.592000000000000000e+03,2.768976431228665191e+01
3.593000000000000000e+03,2.765102855639961632e+01
3.594000000000000000e+03,2.731334527674765411e+01
3.595000000000000000e+03,2.743875980623939981e+01
3.596000000000000000e+03,2.749325706310945350e+01
3.597000000000000000e+03,2.746181075719105280e+01
3.598000000000000000e+03,2.759267986035321840e+01
3.599000000000000000e+03,2.703772058586989502e+01
3.600000000000000000e+03,2.708917569930343561e+01
3.601000000000000000e+03,2.724960386597458495e+01
3.602000000000000000e+03,2.722858508912965547e+01
3.603000000000000000e+03,2.721814781019912743e+01
3.604000000000000000e+03,2.716389163250672212e+01
3.605000000000000000e+03,2.702733933124718746e+01
3.606000000000000000e+03,2.716995947331702510e+01
3.607000000000000000e+03,2.713718803209476249e+01
3.608000000000000000e+03,2.718997879240814441e+01
3.609000000000000000e+03,2.722007664986533726e+01
3.610000000000000000e+03,2.718493028236151332e+01
3.611000000000000000e+03,2.718355996128241969e+01
3.612000000000000000e+03,2.719972094687140896e+01
3.613000000000000000e+03,2.735732419243776192e+01
3.614000000000000000e+03,2.710164048284245908e+01
3.615000000000000000e+03,2.728032989116881524e+01
3.616000000000000000e+03,2.682376554084278553e+01
3.617000000000000000e+03,2.726051202984925581e+01
3.618000000000000000e+03,2.704621686294263583e+01
3.619000000000000000e+03,2.672612944486298758e+01
3.620000000000000000e+03,2.687669663935885467e+01
3.621000000000000000e+03,2.693991923976800962e+01
3.622000000000000000e+03,2.696116186183665064e+01
3.623000000000000000e+03,2.690106295282702220e+01
3.624000000000000000e+03,2.689485895510360791e+01
3.625000000000000000e+03,2.705529183432648210e+01
3.626000000000000000e+03,2.689950259790733611e+01
3.627000000000000000e+03,2.675647009594120362e+01
3.628000000000000000e+03,2.706369352439503473e+01
3.629000000000000000e+03,2.698028875405412563e+01
3.630000000000000000e+03,2.714189960527934531e+01
3.631000000000000000e+03,2.704523716450961501e+01
3.632000000000000000e+03,2.673106196261104017e+01
3.633000000000000000e+03,2.704182048589909826e+01
3.634000000000000000e+03,2.693829471949515408e+01
3.635000000000000000e+03,2.708119084523419673e+01
3.636000000000000000e+03,2.703873643229147916e+01
3.637000000000000000e+03,2.687812641876529440e+01
3.638000000000000000e+03,2.686124996448496205e+01
3.639000000000000000e+03,2.692785710576360003e+01
3.640000000000000000e+03,2.733855671307456703e+01
3.641000000000000000e+03,2.713107763563394315e+01
3.642000000000000000e+03,2.695303287072425746e+01
3.643000000000000000e+03,2.691568821579715376e+01
3.644000000000000000e+03,2.658914740101352336e+01
3.645000000000000000e+03,2.706473151151604384e+01
3.646000000000000000e+03,2.746130379025457557e+01
3.647000000000000000e+03,2.702705165372838891e+01
3.648000000000000000e+03,2.727431329230072876e+01
3.649000000000000000e+03,2.699394358677847094e+01
3.650000000000000000e+03,2.710868658530837649e+01
3.651000000000000000e+03,2.721313129725407620e+01
3.652000000000000000e+03,2.698028128550224736e+01
3.653000000000000000e+03,2.678879595482535692e+01
3.654000000000000000e+03,2.685693718420522913e+01
3.655000000000000000e+03,2.715178522156316632e+01
3.656000000000000000e+03,2.748951253960358798e+01
3.657000000000000000e+03,2.699000282676368201e+01
3.658000000000000000e+03,2.704560496678193715e+01
3.659000000000000000e+03,2.691989098291235649e+01
3.660000000000000000e+03,2.711589149135647858e+01
3.661000000000000000e+03,2.716124408855176497e+01
3.662000000000000000e+03,2.739575055541389403e+01
3.663000000000000000e+03,2.691084167363003488e+01
3.664000000000000000e+03,2.694016029267249479e+01
3.665000000000000000e+03,2.688085666863910461e+01
3.666000000000000000e+03,2.714159029043055682e+01
3.667000000000000000e+03,2.718148442569829015e+01
3.668000000000000000e+03,2.682246564835812208e+01
3.669000000000000000e+03,2.668660421179784947e+01
3.670000000000000000e+03,2.703397453771354364e+01
3.671000000000000000e+03,2.703307432530444387e+01
3.672000000000000000e+03,2.723351733702400068e+01
3.673000000000000000e+03,2.694646235231365239e+01
3.674000000000000000e+03,2.684231840490872401e+01
3.675000000000000000e+03,2.704128707954643929e+01
3.676000000000000000e+03,2.742953977127894660e+01
3.677000000000000000e+03,2.723081011642186411e+01
3.678000000000000000e+03,2.679631680084863987e+01
3.679000000000000000e+03,2.683159816869926573e+01
3.680000000000000000e+03,2.717390960147797330e+01
3.681000000000000000e+03,2.638313635886084896e+01
3.682000000000000000e+03,2.692632439406790468e+01
3.683000000000000000e+03,2.683336712237577970e+01
3.684000000000000000e+03,2.699114198577747814e+01
3.685000000000000000e+03,2.689106186196427828e+01
3.686000000000000000e+03,2.693442710083684233e+01
3.687000000000000000e+03,2.695818760996838392e+01
3.688000000000000000e+03,2.713174343829898660e+01
3.689000000000000000e+03,2.684598019899360821e+01
3.690000000000000000e+03,2.658416895311142270e+01
3.691000000000000000e+03,2.692227158428861955e+01
3.692000000000000000e+03,2.687610961235885298e+01
3.693000000000000000e+03,2.688587927021271540e+01
3.694000000000000000e+03,2.663199613142340993e+01
3.695000000000000000e+03,2.668912838489507422e+01
3.696000000000000000e+03,2.676172587415787163e+01
3.697000000000000000e+03,2.650151061202817715e+01
3.698000000000000000e+03,2.681225531982509835e+01
3.699000000000000000e+03,2.666826637472447814e+01
3.700000000000000000e+03,2.646204778999439000e+01
3.701000000000000000e+03,2.655130359277260155e+01
3.702000000000000000e+03,2.605765059437086606e+01
3.703000000000000000e+03,2.666346640621560837e+01
3.704000000000000000e+03,2.654763022273864692e+01
3.705000000000000000e+03,2.622708139011531259e+01
3.706000000000000000e+03,2.618473878049208992e+01
3.707000000000000000e+03,2.619495051356107496e+01
3.708000000000000000e+03,2.630922729621742917e+01
3.709000000000000000e+03,2.641716932745711333e+01
3.710000000000000000e+03,2.603488290502264491e+01
3.711000000000000000e+03,2.572643654257342050e+01
3.712000000000000000e+03,2.590125963148221544e+01
3.713000000000000000e+03,2.596030357408697498e+01
3.714000000000000000e+03,2.593994618659500162e+01
3.715000000000000000e+03,2.568467775516910478e+01
3.716000000000000000e+03,2.556577675221818069e+01
3.717000000000000000e+03,2.542055231177241126e+01
3.718000000000000000e+03,2.539960018330669911e+01
3.719000000000000000e+03,2.525527240366600878e+01
3.720000000000000000e+03,2.501044931094502388e+01
3.721000000000000000e+03,2.469948906185106097e+01
3.722000000000000000e+03,2.447639741173461658e+01
3.723000000000000000e+03,2.437545592095251124e+01
3.724000000000000000e+03,2.428901634105999818e+01
3.725000000000000000e+03,2.400259888389806306e+01
3.726000000000000000e+03,2.381712298132891092e+01
3.727000000000000000e+03,2.328131474279932078e+01
3.728000000000000000e+03,2.334256989851860808e+01
3.729000000000000000e+03,2.306827632425584085e+01
3.730000000000000000e+03,2.275356363722004716e+01
3.731000000000000000e+03,2.220346393969278864e+01
3.732000000000000000e+03,2.187672723852222489e+01
3.733000000000000000e+03,2.176610676734826910e+01
3.734000000000000000e+03,2.113309566451175314e+01
3.735000000000000000e+03,2.096993739061666417e+01
3.736000000000000000e+03,2.029120355161828471e+01
3.737000000000000000e+03,1.972685603019437295e+01
3.738000000000000000e+03,1.916572364752886060e+01
3.739000000000000000e+03,1.899963965309972025e+01
3.740000000000000000e+03,1.920373348273398406e+01
3.741000000000000000e+03,1.832590557801768583e+01
3.742000000000000000e+03,1.791521019994350183e+01
3.743000000000000000e+03,1.739379400357630345e+01
3.744000000000000000e+03,1.636176899037315735e+01
3.745000000000000000e+03,1.581939525423170068e+01
3.746000000000000000e+03,1.512104216411470503e+01
3.747000000000000000e+03,1.438257234588704137e+01
3.748000000000000000e+03,1.362198171802922886e+01
3.749000000000000000e+03,1.269688924584500356e+01
3.750000000000000000e+03,1.251234711489827944e+01
3.751000000000000000e+03,1.176296583824425923e+01
3.752000000000000000e+03,1.090288421598250324e+01
3.753000000000000000e+03,1.067473225338164156e+01
3.754000000000000000e+03,9.904727842278163052e+00
3.755000000000000000e+03,9.230652742396216581e+00
3.756000000000000000e+03,8.726595568019078542e+00
3.757000000000000000e+03,7.647381384806894111e+00
3.758000000000000000e+03,7.220564595236715455e+00
3.759000000000000000e+03,6.568872061228952397e+00
3.760000000000000000e+03,6.063709286743856453e+00
3.761000000000000000e+03,5.622693403194606532e+00
3.762000000000000000e+03,5.214942244283037098e+00
3.763000000000000000e+03,4.544467936180593526e+00
3.764000000000000000e+03,3.943408221558691196e+00
3.765000000000000000e+03,3.470525683504172232e+00
3.766000000000000000e+03,3.453129579573949393e+00
3.767000000000000000e+03,3.026080414132440222e+00
3.768000000000000000e+03,2.578215943024491086e+00
3.769000000000000000e+03,1.898550261818123586e+00
3.770000000000000000e+03,1.881065699083990461e+00
3.771000000000000000e+03,1.197399937951804993e+00
3.772000000000000000e+03,1.154337132606785055e+00
3.773000000000000000e+03,4.897213859680719095e-01
3.774000000000000000e+03,1.771840062232472313e-01
3.775000000000000000e+03,1.835736965655470898e-01
3.776000000000000000e+03,3.266794049576521308e-01
3.777000000000000000e+03,2.245094422549736846e-01
3.778000000000000000e+03,-2.897761281106822073e-01
3.779000000000000000e+03,-5.802423476207191344e-01
3.780000000000000000e+03,-7.856676836643740058e-01
3.781000000000000000e+03,-6.730303853970992511e-01
3.782000000000000000e+03,-7.878438244911235566e-01
3.783000000000000000e+03,-9.385385048971760513e-01
3.784000000000000000e+03,-1.087267544448303536e+00
3.785000000000000000e+03,-1.260706297528641384e+00
3.786000000000000000e+03,-1.101392511423628928e+00
3.787000000000000000e+03,-9.011077697803410169e-01
3.788000000000000000e+03,-1.207890604850680782e+00
3.789000000000000000e+03,-1.613462817146174233e+00
3.790000000000000000e+03,-1.953880284032119885e+00
3.791000000000000000e+03,-1.707212123616892674e+00
3.792000000000000000e+03,-1.735687293505625339e+00
3.793000000000000000e+03,-1.557871497954682383e+00
3.794000000000000000e+03,-1.739211289770399738e+00
3.795000000000000000e+03,-1.677789826882609470e+00
3.796000000000000000e+03,-1.987457978264366876e+00
3.797000000000000000e+03,-1.904776211863583368e+00
3.798000000000000000e+03,-2.047449744887971601e+00
3.799000000000000000e+03,-2.294310060646167493e+00
3.800000000000000000e+03,-2.343866485227195540e+00
3.801000000000000000e+03,-2.599871796678317803e+00
3.802000000000000000e+03,-2.646050631030768763e+00
3.803000000000000000e+03,-2.279869875591095330e+00
3.804000000000000000e+03,-2.460298708856904160e+00
3.805000000000000000e+03,-2.472487856161649677e+00
3.806000000000000000e+03,-2.635851956032930765e+00
3.807000000000000000e+03,-2.242228606768606802e+00
3.808000000000000000e+03,-2.189470917794348992e+00
3.809000000000000000e+03,-2.360581542726327697e+00
3.810000000000000000e+03,-2.205198763540336504e+00
3.811000000000000000e+03,-2.528756629757487939e+00
3.812000000000000000e+03,-2.059532797788698577e+00
3.813000000000000000e+03,-2.212781007377908171e+00
3.814000000000000000e+03,-2.212884951042957127e+00
3.815000000000000000e+03,-2.411427876160642914e+00
3.816000000000000000e+03,-2.368120224410460217e+00
3.817000000000000000e+03,-2.578263757809865275e+00
3.818000000000000000e+03,-2.236531911194714617e+00
3.819000000000000000e+03,-2.461163820785294387e+00
3.820000000000000000e+03,-2.401427124213389330e+00
3.821000000000000000e+03,-2.565909467956131174e+00
3.822000000000000000e+03,-2.563133423851405190e+00
3.823000000000000000e+03,-2.691623955563960280e+00
3.824000000000000000e+03,-2.227388734030937734e+00
3.825000000000000000e+03,-2.570114224914599621e+00
3.826000000000000000e+03,-2.833224420733341908e+00
3.827000000000000000e+03,-2.603141850608379659e+00
3.828000000000000000e+03,-2.690747358839315151e+00
3.829000000000000000e+03,-2.208904775676702403e+00
3.830000000000000000e+03,-2.493475081027272555e+00
3.831000000000000000e+03,-2.096367585272169265e+00
3.832000000000000000e+03,-2.549872971392535881e+00
3.833000000000000000e+03,-2.014898542682183713e+00
3.834000000000000000e+03,-2.010347037422273164e+00
3.835000000000000000e+03,-2.569992929214364175e+00
3.836000000000000000e+03,-2.105289043348316458e+00
3.837000000000000000e+03,-2.493495755090330057e+00
3.838000000000000000e+03,-2.301417780146868264e+00
3.839000000000000000e+03,-2.519702050232342838e+00
3.840000000000000000e+03,-2.259078467258810452e+00
3.841000000000000000e+03,-2.142183918923738606e+00
3.842000000000000000e+03,-2.521078332968386793e+00
3.843000000000000000e+03,-2.476983134588528479e+00
3.844000000000000000e+03,-2.612819224563472265e+00
3.845000000000000000e+03,-2.351120469140381530e+00
3.846000000000000000e+03,-2.358731770927458005e+00
3.847000000000000000e+03,-2.262851131666933746e+00
3.848000000000000000e+03,-2.360792007180590346e+00
3.849000000000000000e+03,-2.320864767081208146e+00
3.850000000000000000e+03,-2.392308778702262995e+00
3.851000000000000000e+03,-1.980022961684251293e+00
3.852000000000000000e+03,-1.925140915741409664e+00
3.853000000000000000e+03,-2.209928980813456789e+00
3.854000000000000000e+03,-2.309618887072432347e+00
3.855000000000000000e+03,-2.189976377683567677e+00
3.856000000000000000e+03,-1.642866309244446876e+00
3.857000000000000000e+03,-1.959420680003637338e+00
3.858000000000000000e+03,-2.046558481045121169e+00
3.859000000000000000e+03,-2.095287329888559036e+00
3.860000000000000000e+03,-1.887832140038135931e+00
3.861000000000000000e+03,-1.829223891706464933e+00
3.862000000000000000e+03,-1.894367570595284489e+00
3.863000000000000000e+03,-1.886800342545593479e+00
3.864000000000000000e+03,-1.861363165722011992e+00
3.865000000000000000e+03,-2.267990759979266358e+00
3.866000000000000000e+03,-1.464932082989538031e+00
3.867000000000000000e+03,-1.665498179773746923e+00
3.868000000000000000e+03,-1.802989736830539869e+00
3.869000000000000000e+03,-2.392528244880913313e+00
3.870000000000000000e+03,-1.929528407427798298e+00
3.871000000000000000e+03,-1.670882106714651094e+00
3.872000000000000000e+03,-1.798619079301119861e+00
3.873000000000000000e+03,-2.009909361456248433e+00
3.874000000000000000e+03,-1.781399991225858681e+00
3.875000000000000000e+03,-2.059089683621414757e+00
3.876000000000000000e+03,-1.791345350829445238e+00
3.877000000000000000e+03,-1.497529026202838232e+00
3.878000000000000000e+03,-2.185624260199671376e+00
3.879000000000000000e+03,-2.154228641740004058e+00
3.880000000000000000e+03,-1.962959707056308956e+00
3.881000000000000000e+03,-2.142036757153225501e+00
3.882000000000000000e+03,-1.799916242013760215e+00
3.883000000000000000e+03,-2.007791945250625876e+00
3.884000000000000000e+03,-2.269801664792258311e+00
3.885000000000000000e+03,-2.005799402732589609e+00
3.886000000000000000e+03,-2.387267776288004129e+00
3.887000000000000000e+03,-2.579484549485658196e+00
3.888000000000000000e+03,-2.309697815591212677e+00
3.889000000000000000e+03,-2.635307952315511848e+00
3.890000000000000000e+03,-2.358796812317784486e+00
3.891000000000000000e+03,-2.383059910527824066e+00
3.892000000000000000e+03,-2.343882295460250731e+00
3.893000000000000000e+03,-2.308427358012704378e+00
3.894000000000000000e+03,-2.670455630057386287e+00
3.895000000000000000e+03,-2.777535990164311741e+00
3.896000000000000000e+03,-2.316397117479413570e+00
3.897000000000000000e+03,-2.655200627015569914e+00
3.898000000000000000e+03,-2.707739359434627069e+00
3.899000000000000000e+03,-2.544225053674356030e+00
3.900000000000000000e+03,-2.618364117083210374e+00
3.901000000000000000e+03,-2.761912000557908975e+00
3.902000000000000000e+03,-2.730360381108122070e+00
3.903000000000000000e+03,-2.657248231200700861e+00
3.904000000000000000e+03,-2.684331493848216343e+00
3.905000000000000000e+03,-2.796696857729955354e+00
3.906000000000000000e+03,-2.841218982681856797e+00
3.907000000000000000e+03,-2.761632993465090280e+00
3.908000000000000000e+03,-2.658515755152471183e+00
3.909000000000000000e+03,-2.873187902630451429e+00
3.910000000000000000e+03,-2.738113535992300118e+00
3.911000000000000000e+03,-3.053245410751173061e+00
3.912000000000000000e+03,-3.166165553181183867e+00
3.913000000000000000e+03,-2.836388647573865107e+00
3.914000000000000000e+03,-2.805155048347676150e+00
3.915000000000000000e+03,-2.894064320798799717e+00
3.916000000000000000e+03,-2.990757292326154282e+00
3.917000000000000000e+03,-2.973038133657533777e+00
3.918000000000000000e+03,-2.629609112548983330e+00
3.919000000000000000e+03,-3.024959190184564495e+00
3.920000000000000000e+03,-3.013571263595699712e+00
3.921000000000000000e+03,-3.123251055177725277e+00
3.922000000000000000e+03,-3.140703556160358900e+00
3.923000000000000000e+03,-3.043873152813252325e+00
3.924000000000000000e+03,-2.955129353993774188e+00
3.925000000000000000e+03,-2.986622214852975965e+00
3.926000000000000000e+03,-2.874790028036141365e+00
3.927000000000000000e+03,-2.864462038159987678e+00
3.928000000000000000e+03,-2.785807314937287948e+00
3.929000000000000000e+03,-2.427131380577729480e+00
3.930000000000000000e+03,-2.676686263171913716e+00
3.931000000000000000e+03,-2.694917553338745719e+00
3.932000000000000000e+03,-2.859305807501791641e+00
3.933000000000000000e+03,-2.803339103208559280e+00
3.934000000000000000e+03,-2.702179022126171226e+00
3.935000000000000000e+03,-2.664226268948207021e+00
3.936000000000000000e+03,-2.498344003387171774e+00
3.937000000000000000e+03,-2.848743106532270808e+00
3.938000000000000000e+03,-2.903853980360402431e+00
3.939000000000000000e+03,-2.519032638888036857e+00
3.940000000000000000e+03,-2.160801678008811955e+00
3.941000000000000000e+03,-2.218142572695874115e+00
3.942000000000000000e+03,-2.329154015179909720e+00
3.943000000000000000e+03,-2.353545195707462234e+00
3.944000000000000000e+03,-2.374611534797778312e+00
3.945000000000000000e+03,-2.167590032597951577e+00
3.946000000000000000e+03,-2.192244692701750708e+00
3.947000000000000000e+03,-2.303298369614138252e+00
3.948000000000000000e+03,-2.360406879785043266e+00
3.949000000000000000e+03,-2.004605495616618605e+00
3.950000000000000000e+03,-2.033435488104321731e+00
3.951000000000000000e+03,-2.022990543714685341e+00
3.952000000000000000e+03,-2.402028541372270176e+00
3.953000000000000000e+03,-2.207451408343184429e+00
3.954000000000000000e+03,-2.089649939493744224e+00
3.955000000000000000e+03,-2.061975690971168174e+00
3.956000000000000000e+03,-2.012357145829031690e+00
3.957000000000000000e+03,-2.091943135045791102e+00
3.958000000000000000e+03,-2.195060373358462602e+00
3.959000000000000000e+03,-2.484582677060672928e+00
3.960000000000000000e+03,-2.085578020196973359e+00
3.961000000000000000e+03,-2.011336850476877380e+00
3.962000000000000000e+03,-2.062493194089523918e+00
3.963000000000000000e+03,-2.174398176028390139e+00
3.964000000000000000e+03,-2.205631775254589311e+00
3.965000000000000000e+03,-2.116722502803471961e+00
3.966000000000000000e+03,-2.020029531276112067e+00
3.967000000000000000e+03,-2.037748689944722358e+00
3.968000000000000000e+03,-1.987626714378593951e+00
3.969000000000000000e+03,-2.173284509631267181e+00
3.970000000000000000e+03,-2.267386614260208155e+00
3.971000000000000000e+03,-2.327020988874293650e+00
3.972000000000000000e+03,-2.113531489043107392e+00
3.973000000000000000e+03,-2.406398891238751059e+00
3.974000000000000000e+03,-2.495142690058235413e+00
3.975000000000000000e+03,-2.463649829199043406e+00
3.976000000000000000e+03,-2.351719439746462470e+00
3.977000000000000000e+03,-1.972374982985954039e+00
3.978000000000000000e+03,-2.046818668898480631e+00
3.979000000000000000e+03,-2.152543554290805794e+00
3.980000000000000000e+03,-2.155939720663780257e+00
3.981000000000000000e+03,-2.033575901875508407e+00
3.982000000000000000e+03,-1.973320176333899445e+00
3.983000000000000000e+03,-1.768720675603023151e+00
3.984000000000000000e+03,-2.239638112351243660e+00
3.985000000000000000e+03,-2.168399714887484286e+00
3.986000000000000000e+03,-1.830179257249991975e+00
3.987000000000000000e+03,-1.983882877303422942e+00
3.988000000000000000e+03,-1.718366993949714372e+00
3.989000000000000000e+03,-2.102587212230571101e+00
3.990000000000000000e+03,-2.171381472300109472e+00
3.991000000000000000e+03,-2.114040577613056193e+00
3.992000000000000000e+03,-2.003029135129018812e+00
3.993000000000000000e+03,-1.988264408656293059e+00
3.994000000000000000e+03,-1.739634963286441183e+00
3.995000000000000000e+03,-2.164593117710967185e+00
3.996000000000000000e+03,-2.139938457607177824e+00
3.997000000000000000e+03,-2.028884780694792056e+00
3.998000000000000000e+03,-1.942524663185249301e+00
3.999000000000000000e+03,-2.011532250575332359e+00
4.000000000000000000e+03,-2.119447535225822854e+00
4.001000000000000000e+03,-2.436083568374846298e+00
4.002000000000000000e+03,-2.029667275927400372e+00
4.003000000000000000e+03,-1.945431614986968372e+00
4.004000000000000000e+03,-1.983638388667461783e+00
4.005000000000000000e+03,-2.309020938549129376e+00
4.006000000000000000e+03,-2.266971110929334010e+00
4.007000000000000000e+03,-2.602385742805910507e+00
4.008000000000000000e+03,-2.252646270007400364e+00
4.009000000000000000e+03,-2.807431833029244928e+00
4.010000000000000000e+03,-2.608750857654710487e+00
4.011000000000000000e+03,-2.682992027374814015e+00
4.012000000000000000e+03,-2.631835683762176803e+00
4.013000000000000000e+03,-2.519930701823309693e+00
4.014000000000000000e+03,-2.488697102597100752e+00
4.015000000000000000e+03,-2.577606375048211884e+00
4.016000000000000000e+03,-2.674299346575576664e+00
4.017000000000000000e+03,-2.924348332156464725e+00
4.018000000000000000e+03,-2.814609645911448244e+00
4.019000000000000000e+03,-2.751533795007764738e+00
4.020000000000000000e+03,-2.814832942454459364e+00
4.021000000000000000e+03,-2.924512734036488926e+00
4.022000000000000000e+03,-2.941965235019142533e+00
4.023000000000000000e+03,-2.845134831672047060e+00
4.024000000000000000e+03,-2.756391032852556044e+00
4.025000000000000000e+03,-2.935934719878392940e+00
4.026000000000000000e+03,-2.899814283164318329e+00
4.027000000000000000e+03,-3.231833334861307971e+00
4.028000000000000000e+03,-2.905537992829333671e+00
4.029000000000000000e+03,-2.799813107436951665e+00
4.030000000000000000e+03,-2.796416941064020278e+00
4.031000000000000000e+03,-2.899641402002642199e+00
4.032000000000000000e+03,-2.979036485393904421e+00
4.033000000000000000e+03,-2.934266583572811449e+00
4.034000000000000000e+03,-2.820763345729635496e+00
4.035000000000000000e+03,-2.570939760840389443e+00
4.036000000000000000e+03,-2.655353963821309282e+00
4.037000000000000000e+03,-2.833346452400778759e+00
4.038000000000000000e+03,-2.744742870615189290e+00
4.039000000000000000e+03,-2.636752263497313731e+00
4.040000000000000000e+03,-2.567958003427766922e+00
4.041000000000000000e+03,-2.625298898114811763e+00
4.042000000000000000e+03,-2.736310340598850477e+00
4.043000000000000000e+03,-2.760701521126422531e+00
4.044000000000000000e+03,-2.667648063484707066e+00
4.045000000000000000e+03,-2.574746358016912318e+00
4.046000000000000000e+03,-2.932483704108729938e+00
4.047000000000000000e+03,-2.442686550783587318e+00
4.048000000000000000e+03,-2.499795060954509651e+00
4.049000000000000000e+03,-2.430787473564434809e+00
4.050000000000000000e+03,-2.185231683813342318e+00
4.051000000000000000e+03,-2.062866320179740143e+00
4.052000000000000000e+03,-2.163091523867804788e+00
4.053000000000000000e+03,-2.247327184808243672e+00
4.054000000000000000e+03,-2.209120411127759809e+00
4.055000000000000000e+03,-2.096755047246021686e+00
4.056000000000000000e+03,-2.174590164777717938e+00
4.057000000000000000e+03,-1.818234660829076255e+00
4.058000000000000000e+03,-1.921351899141755748e+00
4.059000000000000000e+03,-1.917685884380863293e+00
4.060000000000000000e+03,-1.811869545980206109e+00
4.061000000000000000e+03,-1.737628376260182517e+00
4.062000000000000000e+03,-1.788784719872810847e+00
4.063000000000000000e+03,-1.900689701811678844e+00
4.064000000000000000e+03,-1.931923301037897556e+00
4.065000000000000000e+03,-1.602486133410387037e+00
4.066000000000000000e+03,-1.746321057059422976e+00
4.067000000000000000e+03,-1.764040215728012839e+00
4.068000000000000000e+03,-1.873778901973027100e+00
4.069000000000000000e+03,-1.936854752876719044e+00
4.070000000000000000e+03,-2.223308121583032371e+00
4.071000000000000000e+03,-1.763875813848001073e+00
4.072000000000000000e+03,-1.746423312865337252e+00
4.073000000000000000e+03,-1.843253716212427840e+00
4.074000000000000000e+03,-1.931997515031924628e+00
4.075000000000000000e+03,-2.094567376099778500e+00
4.076000000000000000e+03,-1.788574264720173446e+00
4.077000000000000000e+03,-1.737658476481259484e+00
4.078000000000000000e+03,-1.812102162393770755e+00
4.079000000000000000e+03,-1.672688122041025238e+00
4.080000000000000000e+03,-2.170784138503593308e+00
4.081000000000000000e+03,-2.067559677565024234e+00
4.082000000000000000e+03,-1.988164594173754907e+00
4.083000000000000000e+03,-2.032934495994838553e+00
4.084000000000000000e+03,-2.145291379549347344e+00
4.085000000000000000e+03,-2.183244132727340858e+00
4.086000000000000000e+03,-1.768453628162316438e+00
4.087000000000000000e+03,-2.312311545825044057e+00
4.088000000000000000e+03,-2.323025273634293786e+00
4.089000000000000000e+03,-2.431015880752166680e+00
4.090000000000000000e+03,-2.499810140821726812e+00
4.091000000000000000e+03,-2.442469246134685523e+00
4.092000000000000000e+03,-2.331457803650645033e+00
4.093000000000000000e+03,-2.307066623123063209e+00
4.094000000000000000e+03,-2.738389383758220053e+00
4.095000000000000000e+03,-2.493021786232573422e+00
4.096000000000000000e+03,-2.468367126128804045e+00
4.097000000000000000e+03,-2.357313449216421830e+00
4.098000000000000000e+03,-2.300204939045490615e+00
4.099000000000000000e+03,-2.369212526435557464e+00
4.100000000000000000e+03,-2.477127811086111464e+00
4.101000000000000000e+03,-2.487572755475676800e+00
4.102000000000000000e+03,-2.387347551787661004e+00
4.103000000000000000e+03,-2.303111890847215459e+00
4.104000000000000000e+03,-2.341318664527689108e+00
4.105000000000000000e+03,-2.721490854380150815e+00
4.106000000000000000e+03,-2.196093681542461429e+00
4.107000000000000000e+03,-2.418620164144628770e+00
4.108000000000000000e+03,-2.315502925831944836e+00
4.109000000000000000e+03,-2.081926737571993424e+00
4.110000000000000000e+03,-2.424985278993480708e+00
4.111000000000000000e+03,-2.168926880149066871e+00
4.112000000000000000e+03,-2.117770536536436321e+00
4.113000000000000000e+03,-2.005865554597566991e+00
4.114000000000000000e+03,-1.974631955371338510e+00
4.115000000000000000e+03,-2.063541227822437207e+00
4.116000000000000000e+03,-2.160234199349812645e+00
4.117000000000000000e+03,-2.142515040681232552e+00
4.118000000000000000e+03,-2.032776354436220512e+00
4.119000000000000000e+03,-1.969700503532520131e+00
4.120000000000000000e+03,-2.078430234652745234e+00
4.121000000000000000e+03,-2.365873616526674272e+00
4.122000000000000000e+03,-2.383326117509286135e+00
4.123000000000000000e+03,-2.036284978243856791e+00
4.124000000000000000e+03,-1.947541179424353341e+00
4.125000000000000000e+03,-1.979034040283515594e+00
4.126000000000000000e+03,-2.090964429736093866e+00
4.127000000000000000e+03,-2.141880217975017153e+00
4.128000000000000000e+03,-2.067436532062513432e+00
4.129000000000000000e+03,-1.961711646670124320e+00
4.130000000000000000e+03,-1.958315480297221356e+00
4.131000000000000000e+03,-2.061539941235875695e+00
4.132000000000000000e+03,-2.140935024627062866e+00
4.133000000000000000e+03,-2.096165122805988545e+00
4.134000000000000000e+03,-1.983808239251479755e+00
4.135000000000000000e+03,-1.945855486073476470e+00
4.136000000000000000e+03,-2.030269689054382987e+00
4.137000000000000000e+03,-2.130372323657531819e+00
4.138000000000000000e+03,-2.119658595848292748e+00
4.139000000000000000e+03,-2.011667988730422518e+00
4.140000000000000000e+03,-1.820267559578331529e+00
4.141000000000000000e+03,-2.330514191912425481e+00
4.142000000000000000e+03,-2.200464909534439073e+00
4.143000000000000000e+03,-2.224856090062031111e+00
4.144000000000000000e+03,-2.131802632420327193e+00
4.145000000000000000e+03,-2.038900926952520898e+00
4.146000000000000000e+03,-2.063555587056280061e+00
4.147000000000000000e+03,-2.174609263968660944e+00
4.148000000000000000e+03,-2.231717774139601040e+00
4.149000000000000000e+03,-2.140656642402094967e+00
4.150000000000000000e+03,-1.957365094420703278e+00
4.151000000000000000e+03,-2.284770318794487665e+00
4.152000000000000000e+03,-2.299336280525372533e+00
4.153000000000000000e+03,-2.719441919341295755e+00
4.154000000000000000e+03,-2.551184442148615172e+00
4.155000000000000000e+03,-2.185173697380213831e+00
4.156000000000000000e+03,-2.394296953314929421e+00
4.157000000000000000e+03,-2.473882942531659523e+00
4.158000000000000000e+03,-2.577000180844347454e+00
4.159000000000000000e+03,-2.573334166083475427e+00
4.160000000000000000e+03,-2.467517827682825349e+00
4.161000000000000000e+03,-2.393276657962775111e+00
4.162000000000000000e+03,-2.444433001575476272e+00
4.163000000000000000e+03,-2.556337983514266554e+00
4.164000000000000000e+03,-2.587571582740504805e+00
4.165000000000000000e+03,-2.498662310289412769e+00
4.166000000000000000e+03,-2.401969338762032002e+00
4.167000000000000000e+03,-2.419688497430601881e+00
4.168000000000000000e+03,-2.577282392976182113e+00
4.169000000000000000e+03,-2.592503034579320520e+00
4.170000000000000000e+03,-2.529203887132566830e+00
4.171000000000000000e+03,-2.445258846129208408e+00
4.172000000000000000e+03,-2.643132319429915889e+00
4.173000000000000000e+03,-2.752446401810132670e+00
4.174000000000000000e+03,-2.828706521596466850e+00
4.175000000000000000e+03,-2.797213660737314367e+00
4.176000000000000000e+03,-2.685283271284736983e+00
4.177000000000000000e+03,-2.634367483045804370e+00
4.178000000000000000e+03,-2.375409436018697473e+00
4.179000000000000000e+03,-2.688771688063594567e+00
4.180000000000000000e+03,-2.397014496570616160e+00
4.181000000000000000e+03,-2.287308706781206347e+00
4.182000000000000000e+03,-2.207913623389994751e+00
4.183000000000000000e+03,-2.334785844985677095e+00
4.184000000000000000e+03,-2.495091112277802559e+00
4.185000000000000000e+03,-2.492459246995314182e+00
4.186000000000000000e+03,-2.448629662474915758e+00
4.187000000000000000e+03,-2.348527027871762041e+00
4.188000000000000000e+03,-2.359240755680990898e+00
4.189000000000000000e+03,-2.467231362798858463e+00
4.190000000000000000e+03,-2.536025622868435025e+00
4.191000000000000000e+03,-2.591606126817940225e+00
4.192000000000000000e+03,-2.379089873557886037e+00
4.193000000000000000e+03,-2.343282105169765206e+00
4.194000000000000000e+03,-2.436335562811463351e+00
4.195000000000000000e+03,-2.529237268279275863e+00
4.196000000000000000e+03,-2.504582608175526470e+00
4.197000000000000000e+03,-2.393528931263147363e+00
4.198000000000000000e+03,-2.633630006586176187e+00
4.199000000000000000e+03,-2.739794038752939809e+00
