0.000000000000000000e+00,9.796513263297913776e-02
1.000000000000000000e+00,5.252511503609885724e-02
2.000000000000000000e+00,-9.081127529072868798e-02
3.000000000000000000e+00,1.081346640254163410e-01
4.000000000000000000e+00,-2.848592118220463765e-02
5.000000000000000000e+00,3.454262485714270497e-02
6.000000000000000000e+00,-9.881503667919563916e-02
7.000000000000000000e+00,-3.675086652559696881e-02
8.000000000000000000e+00,1.908883839010876993e-01
9.000000000000000000e+00,3.915301811494355938e-02
1.000000000000000000e+01,1.712682567742655759e-02
1.100000000000000000e+01,-1.320835318980056183e-01
1.200000000000000000e+01,-1.053670216730951681e-01
1.300000000000000000e+01,-6.249825449493900953e-02
1.400000000000000000e+01,-1.939228814617232621e-01
1.500000000000000000e+01,7.421864835637095870e-02
1.600000000000000000e+01,-2.766349668131994344e-01
1.700000000000000000e+01,-4.916186279356321576e-02
1.800000000000000000e+01,-2.096353710272025883e-01
1.900000000000000000e+01,-1.816402839245552236e-01
2.000000000000000000e+01,-2.082353110216905168e-01
2.100000000000000000e+01,-9.199609275466824609e-02
2.200000000000000000e+01,-1.522502858664596948e-01
2.300000000000000000e+01,-2.305264453454283768e-01
2.400000000000000000e+01,-3.265375959105883963e-01
2.500000000000000000e+01,-2.820132627905287404e-01
2.600000000000000000e+01,-6.617447698740200335e-02
2.700000000000000000e+01,-1.052562609035049418e-01
2.800000000000000000e+01,-3.123083142774700782e-01
2.900000000000000000e+01,-3.524240972614731682e-01
3.000000000000000000e+01,-3.595831592774670349e-01
3.100000000000000000e+01,-4.409150845151875164e-01
3.200000000000000000e+01,-1.472820249681366933e-01
3.300000000000000000e+01,-3.418783962424051803e-01
3.400000000000000000e+01,-4.698402144140927938e-01
3.500000000000000000e+01,-2.669743636535255593e-01
3.600000000000000000e+01,-1.312518253218787345e-01
3.700000000000000000e+01,-3.487516611494181351e-01
3.800000000000000000e+01,-6.514210456047176967e-01
3.900000000000000000e+01,-2.158813377011633561e-01
4.000000000000000000e+01,-1.894687249783666427e-01
4.100000000000000000e+01,-4.470320196893539655e-01
4.200000000000000000e+01,-1.206009201603619602e-01
4.300000000000000000e+01,-2.609064976287366333e-01
4.400000000000000000e+01,-8.819101571320496491e-02
4.500000000000000000e+01,4.346346932513162065e-02
4.600000000000000000e+01,-5.834283409228915862e-02
4.700000000000000000e+01,-2.405481946318040465e-01
4.800000000000000000e+01,-1.823707392691972795e-01
4.900000000000000000e+01,-9.733505355804594750e-02
5.000000000000000000e+01,-1.144932293169582671e-01
5.100000000000000000e+01,-2.458177702495242256e-01
5.200000000000000000e+01,-1.886208131006961719e-01
5.300000000000000000e+01,-3.774257302705165407e-02
5.400000000000000000e+01,-5.441527302274287714e-02
5.500000000000000000e+01,-1.302640064677784704e-01
5.600000000000000000e+01,-1.542062513635018006e-01
5.700000000000000000e+01,-2.446887325319378470e-01
5.800000000000000000e+01,-1.320237623206101801e-02
5.900000000000000000e+01,9.750601307423022168e-02
6.000000000000000000e+01,3.080456913444866440e-02
6.100000000000000000e+01,-2.472548301065776166e-01
6.200000000000000000e+01,-6.099703382472383695e-02
6.300000000000000000e+01,7.681279613251455751e-02
6.400000000000000000e+01,-1.179968375872593733e-01
6.500000000000000000e+01,-1.532127380527153193e-01
6.600000000000000000e+01,-1.014730941634158085e-01
6.700000000000000000e+01,3.475061347573950299e-02
6.800000000000000000e+01,9.310035231441611547e-02
6.900000000000000000e+01,-1.573063204725794195e-01
7.000000000000000000e+01,3.667524263631817549e-02
7.100000000000000000e+01,-4.305252900846393005e-03
7.200000000000000000e+01,5.899100881836318033e-02
7.300000000000000000e+01,5.095824900936997415e-02
7.400000000000000000e+01,-8.730959032159438249e-02
7.500000000000000000e+01,2.870059903466168350e-02
7.600000000000000000e+01,1.245510403524587029e-01
7.700000000000000000e+01,3.801024026028747282e-02
7.800000000000000000e+01,-1.926636192476546827e-02
7.900000000000000000e+01,-7.275370325144014938e-02
8.000000000000000000e+01,8.180520788375060526e-02
8.100000000000000000e+01,1.651724379804891951e-02
8.200000000000000000e+01,3.195115731090906186e-01
8.300000000000000000e+01,-1.437416484782131909e-01
8.400000000000000000e+01,-4.355740061149864645e-02
8.500000000000000000e+01,1.073884346896846198e-01
8.600000000000000000e+01,1.159855420089682398e-01
8.700000000000000000e+01,-5.726858021334199633e-02
8.800000000000000000e+01,-9.662150696114146786e-03
8.900000000000000000e+01,-7.098339432826525353e-02
9.000000000000000000e+01,3.156411100715936918e-02
9.100000000000000000e+01,-1.425489227498713540e-02
9.200000000000000000e+01,-1.742340300850432622e-02
9.300000000000000000e+01,-9.719485276110155503e-02
9.400000000000000000e+01,1.435196544386999062e-01
9.500000000000000000e+01,1.791283741938783924e-01
9.600000000000000000e+01,4.872584058238926819e-02
9.700000000000000000e+01,-8.070109671085255731e-02
9.800000000000000000e+01,8.561600959151846602e-02
9.900000000000000000e+01,2.603721106736377466e-01
1.000000000000000000e+02,1.519085357773073963e-01
1.010000000000000000e+02,1.775786664266207904e-01
1.020000000000000000e+02,1.136382101215512724e-01
1.030000000000000000e+02,8.670627750694637204e-02
1.040000000000000000e+02,1.050030149501651744e-01
1.050000000000000000e+02,1.244457850964517387e-01
1.060000000000000000e+02,1.294430771321801732e-01
1.070000000000000000e+02,5.787520970367008438e-02
1.080000000000000000e+02,5.555118290713281781e-02
1.090000000000000000e+02,1.835316428792311827e-01
1.100000000000000000e+02,-4.283038592123632193e-02
1.110000000000000000e+02,-1.180923743065916270e-01
1.120000000000000000e+02,2.138383497751353279e-01
1.130000000000000000e+02,2.935393868243035831e-02
1.140000000000000000e+02,-2.505047618749010885e-02
1.150000000000000000e+02,-1.438397932045600847e-01
1.160000000000000000e+02,-5.428122648153932417e-02
1.170000000000000000e+02,9.008618010143892851e-02
1.180000000000000000e+02,-8.235958469106718915e-02
1.190000000000000000e+02,-1.486687176170382041e-01
1.200000000000000000e+02,-6.380454913367747394e-02
1.210000000000000000e+02,2.544610604727215453e-04
1.220000000000000000e+02,-2.682414477155298238e-02
1.230000000000000000e+02,-1.053968182545325094e-01
1.240000000000000000e+02,-2.446254294743998581e-01
1.250000000000000000e+02,-2.829449357392193054e-01
1.260000000000000000e+02,-1.476641544976663445e-01
1.270000000000000000e+02,-2.134379840281315499e-01
1.280000000000000000e+02,-4.887872670500251204e-02
1.290000000000000000e+02,-1.916617929303891243e-01
1.300000000000000000e+02,-1.797141793321820336e-01
1.310000000000000000e+02,-3.181231451313080993e-02
1.320000000000000000e+02,-2.848352684763597598e-01
1.330000000000000000e+02,-1.921775535241547483e-01
1.340000000000000000e+02,9.670282520463896470e-03
1.350000000000000000e+02,-6.320969506512655323e-02
1.360000000000000000e+02,-7.422480038573348038e-03
1.370000000000000000e+02,-3.451490792348535508e-02
1.380000000000000000e+02,-2.789618603010615150e-01
1.390000000000000000e+02,-1.043907616212954997e-01
1.400000000000000000e+02,-1.978279762994716862e-01
1.410000000000000000e+02,-1.676038879060156861e-01
1.420000000000000000e+02,-5.766035044035928703e-01
1.430000000000000000e+02,1.192148460554304235e-01
1.440000000000000000e+02,7.460906730893382410e-02
1.450000000000000000e+02,1.202731336632225922e-01
1.460000000000000000e+02,-9.166427248220875013e-02
1.470000000000000000e+02,1.602904635973535774e-02
1.480000000000000000e+02,-4.067437176940329885e-02
1.490000000000000000e+02,7.513939482770903844e-02
1.500000000000000000e+02,-4.359179938895137163e-02
1.510000000000000000e+02,-9.133327239690716692e-02
1.520000000000000000e+02,-1.247201207224232777e-01
1.530000000000000000e+02,4.911260457830204929e-03
1.540000000000000000e+02,4.915201914754985940e-02
1.550000000000000000e+02,-7.196649235516328069e-03
1.560000000000000000e+02,-6.125181861471948319e-02
1.570000000000000000e+02,-3.456613623878779240e-02
1.580000000000000000e+02,9.330711312155122450e-02
1.590000000000000000e+02,3.024224132095182371e-02
1.600000000000000000e+02,-1.473149908412700049e-01
1.610000000000000000e+02,-8.760748089224845714e-02
1.620000000000000000e+02,-2.885665346940872664e-02
1.630000000000000000e+02,1.247126162387050818e-01
1.640000000000000000e+02,1.311148334957782102e-01
1.650000000000000000e+02,-5.913449287773461793e-02
1.660000000000000000e+02,-3.720545807161382279e-02
1.670000000000000000e+02,2.138511435354961132e-01
1.680000000000000000e+02,1.885293367978514989e-01
1.690000000000000000e+02,8.499327983813963205e-02
1.700000000000000000e+02,1.498770373676104606e-02
1.710000000000000000e+02,-4.638528749560180686e-03
1.720000000000000000e+02,1.906954316285399409e-01
1.730000000000000000e+02,1.165706296611224990e-01
1.740000000000000000e+02,-9.301466587318690804e-02
1.750000000000000000e+02,-1.660538260564444757e-01
1.760000000000000000e+02,7.747706076917865170e-02
1.770000000000000000e+02,1.837891490938843020e-01
1.780000000000000000e+02,-1.236587813121952373e-01
1.790000000000000000e+02,1.198221345085481726e-02
1.800000000000000000e+02,1.402013563418849640e-02
1.810000000000000000e+02,4.336759742387358840e-01
1.820000000000000000e+02,1.603898648860364873e-01
1.830000000000000000e+02,-4.753754383370234482e-02
1.840000000000000000e+02,-2.226792616209820330e-02
1.850000000000000000e+02,-4.796304489958713724e-03
1.860000000000000000e+02,1.092074921559347961e-01
1.870000000000000000e+02,-2.967488152346217656e-02
1.880000000000000000e+02,-4.023270743194956589e-02
1.890000000000000000e+02,2.501772448924147185e-03
1.900000000000000000e+02,2.747226639462322373e-01
1.910000000000000000e+02,5.835467112702481807e-02
1.920000000000000000e+02,2.871370114224507109e-02
1.930000000000000000e+02,-2.371696290754241043e-02
1.940000000000000000e+02,1.077187698750715211e-01
1.950000000000000000e+02,4.123995824548528644e-01
1.960000000000000000e+02,-9.503928809196880712e-02
1.970000000000000000e+02,-5.166987437577218178e-02
1.980000000000000000e+02,-5.002743702387332791e-03
1.990000000000000000e+02,-1.398129231828131036e-02
2.000000000000000000e+02,-3.698365895703407957e-02
2.010000000000000000e+02,-3.554293782617160558e-01
2.020000000000000000e+02,-1.432715575966953536e-01
2.030000000000000000e+02,-8.144764500823499509e-02
2.040000000000000000e+02,1.182330755981510217e-02
2.050000000000000000e+02,2.103445603183118351e-02
2.060000000000000000e+02,1.171091934252984079e-01
2.070000000000000000e+02,9.804714027931227260e-02
2.080000000000000000e+02,3.875867488568860986e-01
2.090000000000000000e+02,1.476238324104230393e-01
2.100000000000000000e+02,3.108265597825542459e-01
2.110000000000000000e+02,1.690554929219684199e-01
2.120000000000000000e+02,2.941746959519795923e-01
2.130000000000000000e+02,3.528246328025344547e-01
2.140000000000000000e+02,3.889148529362559947e-01
2.150000000000000000e+02,7.373572209347993567e-02
2.160000000000000000e+02,1.303926099728729415e-01
2.170000000000000000e+02,3.306223789442578886e-01
2.180000000000000000e+02,2.966184600439086827e-01
2.190000000000000000e+02,3.017992825592167305e-01
2.200000000000000000e+02,2.263926311752300635e-01
2.210000000000000000e+02,1.541122116641422957e-01
2.220000000000000000e+02,3.999386820378778018e-01
2.230000000000000000e+02,3.091713673763851755e-01
2.240000000000000000e+02,1.317052324375039274e-01
2.250000000000000000e+02,2.832436289612904057e-01
2.260000000000000000e+02,3.152011139643333681e-01
2.270000000000000000e+02,4.482019009299175183e-01
2.280000000000000000e+02,4.855656592045784481e-01
2.290000000000000000e+02,4.451999016858365632e-02
2.300000000000000000e+02,-6.588314394117363026e-02
2.310000000000000000e+02,3.699233023562686906e-01
2.320000000000000000e+02,3.414495006568439850e-01
2.330000000000000000e+02,2.190206935791254583e-01
2.340000000000000000e+02,-1.563075830390364684e-01
2.350000000000000000e+02,2.978878479406948943e-01
2.360000000000000000e+02,5.401381578794106630e-02
2.370000000000000000e+02,-1.348958351806422429e-01
2.380000000000000000e+02,-2.605470197020961498e-01
2.390000000000000000e+02,-1.469254391335829968e-01
2.400000000000000000e+02,-4.051376730669195569e-02
2.410000000000000000e+02,-1.413112192934978806e-01
2.420000000000000000e+02,1.123402964482407701e-01
2.430000000000000000e+02,-5.358247291729967277e-01
2.440000000000000000e+02,8.613084700051516773e-02
2.450000000000000000e+02,1.423212986790144963e-01
2.460000000000000000e+02,2.739938729301705789e-01
2.470000000000000000e+02,-9.406150322995111834e-02
2.480000000000000000e+02,-2.898656194357698279e-01
2.490000000000000000e+02,-4.369575143881375412e-02
2.500000000000000000e+02,-4.391199594187113198e-02
2.510000000000000000e+02,-1.394202024054445044e-01
2.520000000000000000e+02,-2.446039839747640166e-01
2.530000000000000000e+02,-4.844136638179293020e-02
2.540000000000000000e+02,8.011385956374487971e-02
2.550000000000000000e+02,7.895557678713860383e-03
2.560000000000000000e+02,-2.517117156441799064e-02
2.570000000000000000e+02,-1.464604420633751070e-01
2.580000000000000000e+02,6.584965729054050032e-02
2.590000000000000000e+02,-2.315206229862389886e-01
2.600000000000000000e+02,-1.454389002247607476e-01
2.610000000000000000e+02,-2.394232386574376426e-01
2.620000000000000000e+02,8.203454493637163392e-02
2.630000000000000000e+02,1.049272988621965941e-01
2.640000000000000000e+02,-6.996102524168405778e-02
2.650000000000000000e+02,-8.929085006319240070e-03
2.660000000000000000e+02,-5.325669435724315892e-02
2.670000000000000000e+02,5.983401747042990659e-02
2.680000000000000000e+02,2.232687747723977045e-01
2.690000000000000000e+02,6.125407721459246169e-01
2.700000000000000000e+02,2.344085609777918355e-01
2.710000000000000000e+02,1.979572706836625895e-01
2.720000000000000000e+02,5.360100236026800191e-01
2.730000000000000000e+02,2.634872951943494357e-01
2.740000000000000000e+02,1.157821554300177413e-01
2.750000000000000000e+02,1.369705460972870381e-01
2.760000000000000000e+02,3.905220423271044128e-02
2.770000000000000000e+02,3.916337119897395080e-01
2.780000000000000000e+02,2.964734377172376090e-01
2.790000000000000000e+02,5.250371174614065772e-01
2.800000000000000000e+02,3.781458432365913946e-01
2.810000000000000000e+02,5.786703722190620347e-01
2.820000000000000000e+02,4.468062181006167144e-01
2.830000000000000000e+02,1.656465533496203069e-01
2.840000000000000000e+02,5.126010544978842898e-01
2.850000000000000000e+02,7.961167211722114390e-01
2.860000000000000000e+02,7.011594310784575734e-01
2.870000000000000000e+02,4.541570464906290461e-01
2.880000000000000000e+02,4.395489957814884829e-01
2.890000000000000000e+02,2.199221259982506171e-01
2.900000000000000000e+02,4.010203867712326398e-01
2.910000000000000000e+02,7.777608076462644293e-01
2.920000000000000000e+02,3.464246810873094495e-01
2.930000000000000000e+02,5.844090307133887885e-01
2.940000000000000000e+02,8.602552940646398527e-01
2.950000000000000000e+02,6.806700785704504764e-01
2.960000000000000000e+02,5.340429919981617424e-01
2.970000000000000000e+02,3.537851863121109219e-01
2.980000000000000000e+02,3.670750367450317242e-01
2.990000000000000000e+02,3.632264118510512008e-01
3.000000000000000000e+02,2.374705868839870337e-01
3.010000000000000000e+02,2.911596553537693643e-01
3.020000000000000000e+02,2.740990682759265051e-01
3.030000000000000000e+02,3.207922998638690348e-01
3.040000000000000000e+02,3.166674007777033339e-01
3.050000000000000000e+02,2.964403013995150493e-01
3.060000000000000000e+02,4.421972714909765956e-01
3.070000000000000000e+02,1.078412530418219883e-01
3.080000000000000000e+02,2.967019319411275391e-01
3.090000000000000000e+02,5.394902302545381279e-01
3.100000000000000000e+02,1.422380910702549239e-01
3.110000000000000000e+02,1.894551014221778351e-01
3.120000000000000000e+02,3.728932745732258525e-01
3.130000000000000000e+02,9.202644446301653236e-01
3.140000000000000000e+02,5.291944350083883641e-01
3.150000000000000000e+02,3.665861648726277955e-01
3.160000000000000000e+02,4.537420355689648632e-01
3.170000000000000000e+02,5.734654948258202101e-01
3.180000000000000000e+02,5.065202690834764709e-01
3.190000000000000000e+02,2.428646927678764778e-01
3.200000000000000000e+02,1.733759256848986241e-01
3.210000000000000000e+02,1.890611517300648525e-01
3.220000000000000000e+02,7.646500640153547357e-01
3.230000000000000000e+02,6.856316300544234021e-01
3.240000000000000000e+02,5.485525062697015342e-01
3.250000000000000000e+02,5.896832180751292452e-01
3.260000000000000000e+02,7.154787697018762938e-01
3.270000000000000000e+02,6.082514894669669436e-01
3.280000000000000000e+02,7.437094804173292051e-01
3.290000000000000000e+02,4.889428480477898131e-01
3.300000000000000000e+02,5.092408037992286474e-01
3.310000000000000000e+02,5.490435781401795667e-01
3.320000000000000000e+02,2.917955027433254966e-01
3.330000000000000000e+02,1.075525615897857112e-01
3.340000000000000000e+02,4.228281478398430160e-01
3.350000000000000000e+02,6.864248841761038111e-01
3.360000000000000000e+02,9.894848169837685559e-01
3.370000000000000000e+02,6.880735066574229508e-01
3.380000000000000000e+02,5.490366277025181541e-01
3.390000000000000000e+02,4.356908350428673193e-01
3.400000000000000000e+02,6.835692683234944056e-01
3.410000000000000000e+02,5.442828009924841615e-01
3.420000000000000000e+02,3.975185400421655801e-01
3.430000000000000000e+02,3.127490430788193443e-01
3.440000000000000000e+02,5.441767814374703915e-01
3.450000000000000000e+02,1.575405027761197230e-01
3.460000000000000000e+02,5.562545542242325336e-01
3.470000000000000000e+02,6.913753153473928270e-01
3.480000000000000000e+02,3.665472658570005926e-01
3.490000000000000000e+02,3.639403591225562895e-01
3.500000000000000000e+02,5.916682410833861150e-01
3.510000000000000000e+02,1.429709758239120221e-01
3.520000000000000000e+02,-4.336253130927197885e-02
3.530000000000000000e+02,3.057056386246570501e-01
3.540000000000000000e+02,5.297698615639011566e-01
3.550000000000000000e+02,3.291725204887356870e-01
3.560000000000000000e+02,-1.488686891455225092e-01
3.570000000000000000e+02,3.352232546246541878e-01
3.580000000000000000e+02,2.852435289267207796e-01
3.590000000000000000e+02,3.064278389592112184e-01
3.600000000000000000e+02,1.264046303110802627e-01
3.610000000000000000e+02,1.977805395036760228e-01
3.620000000000000000e+02,5.768457601872661877e-01
3.630000000000000000e+02,5.258478015703244024e-01
3.640000000000000000e+02,1.595042386583958027e-01
3.650000000000000000e+02,2.371727687377289118e-01
3.660000000000000000e+02,1.585159651912204648e-01
3.670000000000000000e+02,4.458496065480439530e-01
3.680000000000000000e+02,4.751228793855842847e-01
3.690000000000000000e+02,4.544708541766194765e-01
3.700000000000000000e+02,1.591182853872794567e-01
3.710000000000000000e+02,2.815179083236956092e-01
3.720000000000000000e+02,3.223172906537707938e-01
3.730000000000000000e+02,4.870714329381014007e-01
3.740000000000000000e+02,3.389448237000660669e-01
3.750000000000000000e+02,3.962676480226434705e-01
3.760000000000000000e+02,5.462986555343664063e-01
3.770000000000000000e+02,6.202133730144047119e-01
3.780000000000000000e+02,3.679358997768479300e-01
3.790000000000000000e+02,2.332630612794188429e-01
3.800000000000000000e+02,1.935243090724925175e-01
3.810000000000000000e+02,2.458306687037210003e-01
3.820000000000000000e+02,4.965458680821595028e-01
3.830000000000000000e+02,2.755873926225790860e-01
3.840000000000000000e+02,2.249697543842880954e-01
3.850000000000000000e+02,6.345677988932387770e-01
3.860000000000000000e+02,4.192593269342864692e-01
3.870000000000000000e+02,1.563900729813592627e-01
3.880000000000000000e+02,1.613379204824808011e-01
3.890000000000000000e+02,1.376406611911808464e-01
3.900000000000000000e+02,1.966168598525540046e-01
3.910000000000000000e+02,2.541994146874440585e-01
3.920000000000000000e+02,1.428785225261438030e-01
3.930000000000000000e+02,5.032764850888504782e-02
3.940000000000000000e+02,1.249645163394996206e-01
3.950000000000000000e+02,1.032310688552265932e-01
3.960000000000000000e+02,2.638596689458870270e-01
3.970000000000000000e+02,-2.504035349360607121e-01
3.980000000000000000e+02,1.427303686887297918e-01
3.990000000000000000e+02,1.543836860768720842e-01
4.000000000000000000e+02,1.521358278787738327e-01
4.010000000000000000e+02,-7.383004237195173181e-02
4.020000000000000000e+02,-5.368766839677209524e-02
4.030000000000000000e+02,1.065089998745106237e-01
4.040000000000000000e+02,3.821241160001880854e-01
4.050000000000000000e+02,-9.428984961630303141e-02
4.060000000000000000e+02,-2.859651909093528788e-02
4.070000000000000000e+02,-5.473797530470336792e-03
4.080000000000000000e+02,1.123206319866607017e-01
4.090000000000000000e+02,2.698452281783952911e-01
4.100000000000000000e+02,1.113231792082348959e-01
4.110000000000000000e+02,1.521254192896757118e-01
4.120000000000000000e+02,1.556329631481521147e-01
4.130000000000000000e+02,3.977115555633220501e-02
4.140000000000000000e+02,5.093332343272019558e-02
4.150000000000000000e+02,8.057047141552217684e-02
4.160000000000000000e+02,3.792959927395918029e-01
4.170000000000000000e+02,4.996438366750056703e-01
4.180000000000000000e+02,-1.133709075104182007e-01
4.190000000000000000e+02,1.080670620297876916e-01
4.200000000000000000e+02,4.804571753073810791e-02
4.210000000000000000e+02,9.217827494349846440e-02
4.220000000000000000e+02,-3.611305131606211416e-02
4.230000000000000000e+02,2.553135488846169365e-01
4.240000000000000000e+02,-2.594831285700808232e-01
4.250000000000000000e+02,-3.401373147912020722e-02
4.260000000000000000e+02,1.756991116363035843e-01
4.270000000000000000e+02,3.519816875886139229e-01
4.280000000000000000e+02,8.209443084968424953e-02
4.290000000000000000e+02,-1.453527375283172884e-02
4.300000000000000000e+02,1.569662887722503286e-01
4.310000000000000000e+02,1.965925722589801916e-01
4.320000000000000000e+02,6.466397801275181045e-02
4.330000000000000000e+02,2.448968657241532565e-01
4.340000000000000000e+02,-4.477669380834595203e-02
4.350000000000000000e+02,2.517741365715908120e-01
4.360000000000000000e+02,2.170704613855098108e-01
4.370000000000000000e+02,1.129371681649705972e-01
4.380000000000000000e+02,2.170292016102500499e-01
4.390000000000000000e+02,2.971011540562013553e-01
4.400000000000000000e+02,1.493471641600325195e-01
4.410000000000000000e+02,1.170683017809895921e-01
4.420000000000000000e+02,9.735406291323200900e-02
4.430000000000000000e+02,-5.826846849463272748e-02
4.440000000000000000e+02,1.245904079245017809e-01
4.450000000000000000e+02,1.624082909682610099e-02
4.460000000000000000e+02,1.578690244640182927e-01
4.470000000000000000e+02,-2.917929831531229645e-01
4.480000000000000000e+02,-1.001739736470247943e-01
4.490000000000000000e+02,-1.200349107357329137e-02
4.500000000000000000e+02,-2.588649057002226916e-01
4.510000000000000000e+02,-1.610698375766722590e-02
4.520000000000000000e+02,3.565836203834790163e-01
4.530000000000000000e+02,2.196941435144940669e-01
4.540000000000000000e+02,4.322349319707768367e-01
4.550000000000000000e+02,3.360794546705564434e-01
4.560000000000000000e+02,1.684259987084145704e-01
4.570000000000000000e+02,-1.177498816852806662e-03
4.580000000000000000e+02,3.061262547462308969e-01
4.590000000000000000e+02,1.484191130990762941e-01
4.600000000000000000e+02,-7.092865474567638939e-02
4.610000000000000000e+02,-7.318378533703107092e-02
4.620000000000000000e+02,-7.514204291542747605e-02
4.630000000000000000e+02,4.547726962212651491e-01
4.640000000000000000e+02,8.420635366467466021e-01
4.650000000000000000e+02,1.490142657649610181e-01
4.660000000000000000e+02,3.739202369233851075e-01
4.670000000000000000e+02,1.798916528493342271e-01
4.680000000000000000e+02,5.761869189078037135e-01
4.690000000000000000e+02,2.967061475706541662e-01
4.700000000000000000e+02,4.932099646572310481e-01
4.710000000000000000e+02,6.327352979772595809e-01
4.720000000000000000e+02,9.413691636462899748e-01
4.730000000000000000e+02,5.187957202045598848e-01
4.740000000000000000e+02,6.971198120494981332e-01
4.750000000000000000e+02,5.064512156230156492e-01
4.760000000000000000e+02,5.767837349893307763e-01
4.770000000000000000e+02,6.691701541536299036e-01
4.780000000000000000e+02,8.566146003116530405e-01
4.790000000000000000e+02,8.393793975828522935e-01
4.800000000000000000e+02,7.934890755765775516e-01
4.810000000000000000e+02,9.617737203420757552e-01
4.820000000000000000e+02,4.506115361509746009e-01
4.830000000000000000e+02,3.961723833541173634e-01
4.840000000000000000e+02,4.744741828005962780e-01
4.850000000000000000e+02,8.308815125116451039e-01
4.860000000000000000e+02,6.278933443498213585e-01
4.870000000000000000e+02,4.650910647793525809e-01
4.880000000000000000e+02,4.422865772473040247e-01
4.890000000000000000e+02,6.784060102583389096e-01
4.900000000000000000e+02,7.163192176631881791e-01
4.910000000000000000e+02,5.930719787009975930e-01
4.920000000000000000e+02,5.799344136516948467e-01
4.930000000000000000e+02,2.189456613030313914e-01
4.940000000000000000e+02,4.587053858307917342e-01
4.950000000000000000e+02,5.241521561835837950e-01
4.960000000000000000e+02,3.288771245857747272e-01
4.970000000000000000e+02,1.593231139731600687e-01
4.980000000000000000e+02,3.546227649261660120e-02
4.990000000000000000e+02,2.281471607757030173e-01
5.000000000000000000e+02,4.299329417188859637e-01
5.010000000000000000e+02,7.146048250160116910e-02
5.020000000000000000e+02,5.887817433775900666e-02
5.030000000000000000e+02,2.988985081575415981e-01
5.040000000000000000e+02,4.083392980161768548e-01
5.050000000000000000e+02,1.651306801850681016e-01
5.060000000000000000e+02,-6.728906843870192944e-02
5.070000000000000000e+02,2.300771593759867728e-01
5.080000000000000000e+02,4.213158697332347602e-01
5.090000000000000000e+02,2.476152671812842931e-01
5.100000000000000000e+02,2.646677378600331698e-03
5.110000000000000000e+02,9.956796796110023440e-02
5.120000000000000000e+02,3.569152017448551928e-01
5.130000000000000000e+02,3.118115400140453741e-01
5.140000000000000000e+02,9.901749504133572355e-02
5.150000000000000000e+02,1.869492627911235050e-01
5.160000000000000000e+02,2.474467219782125471e-01
5.170000000000000000e+02,5.308811814712744992e-01
5.180000000000000000e+02,4.397417786237132198e-01
5.190000000000000000e+02,2.622387812175192567e-01
5.200000000000000000e+02,3.349962116422208758e-02
5.210000000000000000e+02,2.336303908359063097e-01
5.220000000000000000e+02,3.095711893927876046e-01
5.230000000000000000e+02,2.957095468125632842e-01
5.240000000000000000e+02,3.104774189209456026e-01
5.250000000000000000e+02,2.442588571778607776e-01
5.260000000000000000e+02,4.581886581955449955e-01
5.270000000000000000e+02,4.513413394344745200e-01
5.280000000000000000e+02,-2.227652068746011071e-02
5.290000000000000000e+02,1.198046791333825523e-01
5.300000000000000000e+02,4.401121886600011246e-01
5.310000000000000000e+02,5.783903956650954248e-01
5.320000000000000000e+02,3.846409806702998369e-01
5.330000000000000000e+02,-1.184410092620571120e-01
5.340000000000000000e+02,1.998003963103104075e-01
5.350000000000000000e+02,3.405232229926608012e-01
5.360000000000000000e+02,4.026136958880386363e-01
5.370000000000000000e+02,3.637197947263016706e-01
5.380000000000000000e+02,4.096683694967760969e-01
5.390000000000000000e+02,4.807538671469268055e-01
5.400000000000000000e+02,4.916811192340097003e-01
5.410000000000000000e+02,3.774836764016911150e-01
5.420000000000000000e+02,2.120460460175837836e-01
5.430000000000000000e+02,2.010168339150405492e-01
5.440000000000000000e+02,9.674851375587209534e-02
5.450000000000000000e+02,6.887558582060188117e-01
5.460000000000000000e+02,3.713940225853399335e-01
5.470000000000000000e+02,3.930222288286785437e-01
5.480000000000000000e+02,4.055687794927805845e-01
5.490000000000000000e+02,6.859448317381462434e-01
5.500000000000000000e+02,5.010378633318536279e-01
5.510000000000000000e+02,6.939949762402632949e-01
5.520000000000000000e+02,5.477423781024602922e-01
5.530000000000000000e+02,6.055480519411562401e-01
5.540000000000000000e+02,6.826498705888189855e-01
5.550000000000000000e+02,9.870638590088588460e-01
5.560000000000000000e+02,5.296033939021591586e-01
5.570000000000000000e+02,4.801774637745300778e-01
5.580000000000000000e+02,3.226692625109816026e-01
5.590000000000000000e+02,6.562883958745622248e-01
5.600000000000000000e+02,6.492275785260475107e-01
5.610000000000000000e+02,4.469299991953202822e-01
5.620000000000000000e+02,8.734328341069016455e-01
5.630000000000000000e+02,5.702241051670430272e-01
5.640000000000000000e+02,9.565399843912317790e-01
5.650000000000000000e+02,5.088880191820674970e-01
5.660000000000000000e+02,6.204259145643495899e-01
5.670000000000000000e+02,6.755229621561463782e-01
5.680000000000000000e+02,6.016924883079203257e-01
5.690000000000000000e+02,6.756227300828255844e-01
5.700000000000000000e+02,4.884109914147867215e-01
5.710000000000000000e+02,6.239948475616078349e-01
5.720000000000000000e+02,9.876976943057551583e-01
5.730000000000000000e+02,4.029366495559987271e-01
5.740000000000000000e+02,8.618567569610414703e-01
5.750000000000000000e+02,4.805440053812907175e-01
5.760000000000000000e+02,6.526559849825466220e-01
5.770000000000000000e+02,5.454672617984509531e-01
5.780000000000000000e+02,3.867673885480273910e-01
5.790000000000000000e+02,6.017490071600017920e-01
5.800000000000000000e+02,6.260793652829892419e-01
5.810000000000000000e+02,5.561934438722060392e-01
5.820000000000000000e+02,5.073629371744420302e-01
5.830000000000000000e+02,2.745751844033448297e-01
5.840000000000000000e+02,7.584185398550130630e-01
5.850000000000000000e+02,4.785625973069873584e-01
5.860000000000000000e+02,5.810146674674492306e-01
5.870000000000000000e+02,4.030041245067568223e-01
5.880000000000000000e+02,2.928609143635742540e-01
5.890000000000000000e+02,5.078009810470536234e-01
5.900000000000000000e+02,7.427098491396277868e-01
5.910000000000000000e+02,4.694889730967568564e-01
5.920000000000000000e+02,4.808401255385225115e-01
5.930000000000000000e+02,1.946227913157437261e-01
5.940000000000000000e+02,6.799733054094073692e-01
5.950000000000000000e+02,5.727678383730419043e-01
5.960000000000000000e+02,7.449707449854098273e-01
5.970000000000000000e+02,3.109370277351798384e-01
5.980000000000000000e+02,2.470745892842965419e-01
5.990000000000000000e+02,4.546662868604220975e-01
6.000000000000000000e+02,3.897415007420330646e-01
6.010000000000000000e+02,3.465738754249023668e-01
6.020000000000000000e+02,3.367360483611924749e-01
6.030000000000000000e+02,4.834694645322882289e-01
6.040000000000000000e+02,3.436787973185620459e-01
6.050000000000000000e+02,4.366275940625413687e-01
6.060000000000000000e+02,1.579437277154607799e-01
6.070000000000000000e+02,2.013652898012421866e-01
6.080000000000000000e+02,4.235547154123739944e-01
6.090000000000000000e+02,5.457002249986648845e-01
6.100000000000000000e+02,3.271982741156021501e-01
6.110000000000000000e+02,2.149216464482219258e-01
6.120000000000000000e+02,2.916050454326110097e-01
6.130000000000000000e+02,4.493605151000251152e-01
6.140000000000000000e+02,1.097293397585986097e-01
6.150000000000000000e+02,4.852775201449108233e-01
6.160000000000000000e+02,4.190145287475318114e-01
6.170000000000000000e+02,6.947372033023719862e-01
6.180000000000000000e+02,3.501324556563576995e-01
6.190000000000000000e+02,4.329939865196230642e-01
6.200000000000000000e+02,5.656101780074449525e-01
6.210000000000000000e+02,5.435284040683386886e-01
6.220000000000000000e+02,6.684479004127072965e-01
6.230000000000000000e+02,3.950339555593202490e-01
6.240000000000000000e+02,3.238136884135617843e-01
6.250000000000000000e+02,3.750332877117044661e-01
6.260000000000000000e+02,5.754556951373944740e-01
6.270000000000000000e+02,9.439077873194017254e-01
6.280000000000000000e+02,7.059561984774278542e-01
6.290000000000000000e+02,5.584820802865696487e-01
6.300000000000000000e+02,5.230978800228469616e-01
6.310000000000000000e+02,4.523685057280765198e-01
6.320000000000000000e+02,6.737580820569480933e-01
6.330000000000000000e+02,4.733412231646398904e-01
6.340000000000000000e+02,5.676535961683446541e-01
6.350000000000000000e+02,7.086665117460305696e-01
6.360000000000000000e+02,7.604612810521816924e-01
6.370000000000000000e+02,7.822031694184660155e-01
6.380000000000000000e+02,6.490721378552923859e-01
6.390000000000000000e+02,8.923526009209903354e-01
6.400000000000000000e+02,1.067585881637617140e+00
6.410000000000000000e+02,7.765500357688442934e-01
6.420000000000000000e+02,7.428508578945850482e-01
6.430000000000000000e+02,6.682023826061265215e-01
6.440000000000000000e+02,7.149988945158082254e-01
6.450000000000000000e+02,8.609204651098474326e-01
6.460000000000000000e+02,7.451641581815595661e-01
6.470000000000000000e+02,7.161293181479774228e-01
6.480000000000000000e+02,4.129591362630352647e-01
6.490000000000000000e+02,8.085055521350833496e-01
6.500000000000000000e+02,7.146415807838254475e-01
6.510000000000000000e+02,8.541071544467717658e-01
6.520000000000000000e+02,7.382414794435033789e-01
6.530000000000000000e+02,4.530908916000941922e-01
6.540000000000000000e+02,7.440914681176052925e-01
6.550000000000000000e+02,7.500367043989383253e-01
6.560000000000000000e+02,5.486016237178699129e-01
6.570000000000000000e+02,7.903061252306048390e-01
6.580000000000000000e+02,6.165492913234601469e-01
6.590000000000000000e+02,5.028612459640563470e-01
6.600000000000000000e+02,6.843718665980913496e-01
6.610000000000000000e+02,6.267092557651467999e-01
6.620000000000000000e+02,6.633026002387711895e-01
6.630000000000000000e+02,5.932044864057000044e-01
6.640000000000000000e+02,9.473188563630116077e-01
6.650000000000000000e+02,1.006547565967168545e+00
6.660000000000000000e+02,3.746256892229087865e-01
6.670000000000000000e+02,3.842791646542538797e-01
6.680000000000000000e+02,4.961460758431495144e-01
6.690000000000000000e+02,4.076519192644323386e-01
6.700000000000000000e+02,1.121144695534006530e-01
6.710000000000000000e+02,5.797393113921592844e-01
6.720000000000000000e+02,5.651739349148147129e-01
6.730000000000000000e+02,4.834003365441089661e-01
6.740000000000000000e+02,5.073113117878480516e-01
6.750000000000000000e+02,3.355960738177847791e-01
6.760000000000000000e+02,5.194121247820846499e-01
6.770000000000000000e+02,5.862643668609223147e-01
6.780000000000000000e+02,2.300449733828611454e-01
6.790000000000000000e+02,4.792845999834610127e-01
6.800000000000000000e+02,4.581752645546047220e-01
6.810000000000000000e+02,4.522387285594449691e-01
6.820000000000000000e+02,5.776073213752583868e-01
6.830000000000000000e+02,6.116933855277782994e-01
6.840000000000000000e+02,6.980904505820383354e-01
6.850000000000000000e+02,3.522435642879730433e-01
6.860000000000000000e+02,5.859463679650612766e-01
6.870000000000000000e+02,3.471182891965109985e-01
6.880000000000000000e+02,4.566077336256594288e-01
6.890000000000000000e+02,6.353218272302120218e-01
6.900000000000000000e+02,7.185620388997667751e-01
6.910000000000000000e+02,4.389588942937913130e-01
6.920000000000000000e+02,3.834990152527450458e-01
6.930000000000000000e+02,4.056703727586653541e-01
6.940000000000000000e+02,8.063612907495671944e-01
6.950000000000000000e+02,8.387032981227225958e-01
6.960000000000000000e+02,4.841483903712685555e-01
6.970000000000000000e+02,4.847510885421523752e-01
6.980000000000000000e+02,5.560318683217890801e-01
6.990000000000000000e+02,7.089049014076954647e-01
7.000000000000000000e+02,8.078470569523109601e-01
7.010000000000000000e+02,6.021933334822803241e-01
7.020000000000000000e+02,7.172284988813978357e-01
7.030000000000000000e+02,6.589295730898320214e-01
7.040000000000000000e+02,6.955459177983122077e-01
7.050000000000000000e+02,3.847403229740065655e-01
7.060000000000000000e+02,3.910548113469569098e-01
7.070000000000000000e+02,3.331809556052603427e-01
7.080000000000000000e+02,3.988615477205370019e-01
7.090000000000000000e+02,6.355251094311162863e-01
7.100000000000000000e+02,5.249985016274183458e-01
7.110000000000000000e+02,6.839837822589915906e-01
7.120000000000000000e+02,4.281501722437647817e-01
7.130000000000000000e+02,6.022620853461571055e-01
7.140000000000000000e+02,4.503394853564270384e-01
7.150000000000000000e+02,1.085003270891821137e-01
7.160000000000000000e+02,1.451576647767135464e-01
7.170000000000000000e+02,-3.928950919145923759e-02
7.180000000000000000e+02,3.705323153676020609e-01
7.190000000000000000e+02,1.789718099809906038e-01
7.200000000000000000e+02,1.615938481214822531e-01
7.210000000000000000e+02,1.735784014551851051e-01
7.220000000000000000e+02,3.977851188582894326e-01
7.230000000000000000e+02,2.181726267015087206e-01
7.240000000000000000e+02,3.050372963943837057e-02
7.250000000000000000e+02,4.900354723383998357e-02
7.260000000000000000e+02,3.048820355294978302e-01
7.270000000000000000e+02,1.275842880560844328e-01
7.280000000000000000e+02,7.229339175853638499e-03
7.290000000000000000e+02,-2.899825353141016748e-01
7.300000000000000000e+02,-1.652713355530193995e-01
7.310000000000000000e+02,-6.467227037172093573e-02
7.320000000000000000e+02,-1.840858161660369197e-01
7.330000000000000000e+02,-1.331248555092633956e-01
7.340000000000000000e+02,-2.677163318960126270e-01
7.350000000000000000e+02,1.876548954309366912e-01
7.360000000000000000e+02,1.206769962602644714e-01
7.370000000000000000e+02,-1.149087573744396323e-01
7.380000000000000000e+02,-3.017751889982530633e-01
7.390000000000000000e+02,-5.735533438376082087e-03
7.400000000000000000e+02,9.001072282934836910e-02
7.410000000000000000e+02,1.078467736205140498e-01
7.420000000000000000e+02,2.395036764011762853e-01
7.430000000000000000e+02,6.329040737985743015e-02
7.440000000000000000e+02,-3.885694108970511734e-02
7.450000000000000000e+02,6.074116797134292423e-01
7.460000000000000000e+02,2.729204032620848319e-01
7.470000000000000000e+02,1.826493810502029802e-01
7.480000000000000000e+02,2.352353899415179084e-01
7.490000000000000000e+02,5.662723586991487146e-01
7.500000000000000000e+02,6.835698577932445286e-01
7.510000000000000000e+02,4.200858003270762642e-01
7.520000000000000000e+02,2.792505426881700115e-01
7.530000000000000000e+02,4.348993145034019681e-01
7.540000000000000000e+02,8.215520645343568074e-01
7.550000000000000000e+02,5.523557046998719411e-01
7.560000000000000000e+02,4.335344403191285223e-01
7.570000000000000000e+02,9.029280291040775452e-02
7.580000000000000000e+02,3.190298117741621198e-01
7.590000000000000000e+02,2.846223054178449452e-01
7.600000000000000000e+02,3.976514482255965599e-01
7.610000000000000000e+02,2.190971258917534525e-01
7.620000000000000000e+02,1.591967540604329878e-01
7.630000000000000000e+02,5.409848265252006350e-01
7.640000000000000000e+02,4.577932826729118054e-01
7.650000000000000000e+02,-3.378532781927923168e-02
7.660000000000000000e+02,3.127695862561608031e-01
7.670000000000000000e+02,5.443832692708661103e-01
7.680000000000000000e+02,4.786226360458387119e-01
7.690000000000000000e+02,3.049316025432332600e-01
7.700000000000000000e+02,9.408386230753429391e-02
7.710000000000000000e+02,4.668995719594379312e-01
7.720000000000000000e+02,6.445622396177694835e-01
7.730000000000000000e+02,4.787090937374562372e-01
7.740000000000000000e+02,4.659852495329765421e-01
7.750000000000000000e+02,3.318108081488455596e-01
7.760000000000000000e+02,4.074156402763115525e-01
7.770000000000000000e+02,7.211721331864568985e-01
7.780000000000000000e+02,3.797500607598695566e-01
7.790000000000000000e+02,2.036861294440358572e-01
7.800000000000000000e+02,3.642073073007136008e-01
7.810000000000000000e+02,1.256136277955603342e+00
7.820000000000000000e+02,7.896757960214044747e-01
7.830000000000000000e+02,1.053455478923339905e+00
7.840000000000000000e+02,5.509462884612948974e-01
7.850000000000000000e+02,4.119654043336914429e-01
7.860000000000000000e+02,8.016596374319815421e-01
7.870000000000000000e+02,8.722798890713027165e-01
7.880000000000000000e+02,7.462131144515644632e-01
7.890000000000000000e+02,8.608383230824974142e-01
7.900000000000000000e+02,7.896211849079842748e-01
7.910000000000000000e+02,1.014116110106288993e+00
7.920000000000000000e+02,7.272848743822664108e-01
7.930000000000000000e+02,9.915151770078529658e-01
7.940000000000000000e+02,1.080638650641514875e+00
7.950000000000000000e+02,1.059141577691738556e+00
7.960000000000000000e+02,9.808310762782713743e-01
7.970000000000000000e+02,7.377704914991323193e-01
7.980000000000000000e+02,6.839005414000675076e-01
7.990000000000000000e+02,8.808989372025928244e-01
8.000000000000000000e+02,8.573060950205693143e-01
8.010000000000000000e+02,8.321695594876724611e-01
8.020000000000000000e+02,9.435790734809619273e-01
8.030000000000000000e+02,1.030879321109155367e+00
8.040000000000000000e+02,1.052505546495500877e+00
8.050000000000000000e+02,1.084126716618278863e+00
8.060000000000000000e+02,7.372489188841019336e-01
8.070000000000000000e+02,8.632050169774679871e-01
8.080000000000000000e+02,9.248681536242346901e-01
8.090000000000000000e+02,1.272308419491260612e+00
8.100000000000000000e+02,7.416879066768640172e-01
8.110000000000000000e+02,7.083982213026168706e-01
8.120000000000000000e+02,4.379114596882395238e-01
8.130000000000000000e+02,6.285194352107175142e-01
8.140000000000000000e+02,7.936354307168603794e-01
8.150000000000000000e+02,6.039285422650262358e-01
8.160000000000000000e+02,6.061448339746196012e-01
8.170000000000000000e+02,8.388935268104199539e-01
8.180000000000000000e+02,6.818335350869598743e-01
8.190000000000000000e+02,9.833261229457739283e-01
8.200000000000000000e+02,6.873675872601305858e-01
8.210000000000000000e+02,9.386955029806881567e-01
8.220000000000000000e+02,8.211946187038569045e-01
8.230000000000000000e+02,8.631430913574170694e-01
8.240000000000000000e+02,8.099165930664984359e-01
8.250000000000000000e+02,7.344595527227094633e-01
8.260000000000000000e+02,8.569208024441363758e-01
8.270000000000000000e+02,8.428019418687374698e-01
8.280000000000000000e+02,6.531288346164699776e-01
8.290000000000000000e+02,5.275308599877182036e-01
8.300000000000000000e+02,8.359666140623702724e-01
8.310000000000000000e+02,7.783399872631151517e-01
8.320000000000000000e+02,1.146664620382982003e+00
8.330000000000000000e+02,6.832960038998368013e-01
8.340000000000000000e+02,7.162604112923649513e-01
8.350000000000000000e+02,8.376429115271493142e-01
8.360000000000000000e+02,9.008062808898189555e-01
8.370000000000000000e+02,7.418642178498160433e-01
8.380000000000000000e+02,6.862770038265224581e-01
8.390000000000000000e+02,5.587370985691419989e-01
8.400000000000000000e+02,9.924057831363934934e-01
8.410000000000000000e+02,8.025974241708468959e-01
8.420000000000000000e+02,6.613592852430338898e-01
8.430000000000000000e+02,7.640731866456296206e-01
8.440000000000000000e+02,6.990952709124160780e-01
8.450000000000000000e+02,8.556371009377248260e-01
8.460000000000000000e+02,7.202236672669630746e-01
8.470000000000000000e+02,5.784959958611040065e-01
8.480000000000000000e+02,5.836318143049454843e-01
8.490000000000000000e+02,7.607378202312924387e-01
8.500000000000000000e+02,8.248313976705341499e-01
8.510000000000000000e+02,4.655277842281502765e-01
8.520000000000000000e+02,4.430657206193606146e-01
8.530000000000000000e+02,8.790699256171645715e-01
8.540000000000000000e+02,8.819007709604036460e-01
8.550000000000000000e+02,7.712387811630654344e-01
8.560000000000000000e+02,3.945303276134183856e-01
8.570000000000000000e+02,5.121517662835088913e-01
8.580000000000000000e+02,9.877847023899275491e-01
8.590000000000000000e+02,6.467033505909667301e-01
8.600000000000000000e+02,1.981238272521612664e-01
8.610000000000000000e+02,2.414771427109492774e-01
8.620000000000000000e+02,4.080281304406712661e-01
8.630000000000000000e+02,6.063530852071814525e-01
8.640000000000000000e+02,3.457741727990239489e-01
8.650000000000000000e+02,2.904503634126835432e-01
8.660000000000000000e+02,3.662494956178091177e-01
8.670000000000000000e+02,5.890972266499836518e-01
8.680000000000000000e+02,4.870800290747724914e-01
8.690000000000000000e+02,1.840468850672415946e-01
8.700000000000000000e+02,6.432841832170257401e-01
8.710000000000000000e+02,6.898375503728935154e-01
8.720000000000000000e+02,6.210474782041774944e-01
8.730000000000000000e+02,4.216590774402855235e-01
8.740000000000000000e+02,3.152410400799205981e-01
8.750000000000000000e+02,5.957401437705747704e-02
8.760000000000000000e+02,1.105769724124359421e-01
8.770000000000000000e+02,1.955459871757719015e-01
8.780000000000000000e+02,2.759761732862171524e-01
8.790000000000000000e+02,1.393388964843253197e-01
8.800000000000000000e+02,-9.021342693873538043e-02
8.810000000000000000e+02,8.588356061278626385e-02
8.820000000000000000e+02,4.373275170257597821e-01
8.830000000000000000e+02,2.250707765685696915e-01
8.840000000000000000e+02,1.216978391347800781e-01
8.850000000000000000e+02,1.911660964109919425e-01
8.860000000000000000e+02,2.695261574435589003e-01
8.870000000000000000e+02,4.142528713426796294e-01
8.880000000000000000e+02,8.820740825653808348e-02
8.890000000000000000e+02,2.727605958024177379e-01
8.900000000000000000e+02,5.890233154435682295e-01
8.910000000000000000e+02,8.380009951984173089e-01
8.920000000000000000e+02,4.734343801015395981e-01
8.930000000000000000e+02,1.944414281087967489e-01
8.940000000000000000e+02,4.510723587214314767e-01
8.950000000000000000e+02,8.807579502923608139e-01
8.960000000000000000e+02,5.841207425396782726e-01
8.970000000000000000e+02,2.418723352479492938e-01
8.980000000000000000e+02,4.512437951658543334e-01
8.990000000000000000e+02,7.146869319139899090e-01
9.000000000000000000e+02,5.081661146448120947e-01
9.010000000000000000e+02,4.383652020896651180e-01
9.020000000000000000e+02,6.011179599073128710e-01
9.030000000000000000e+02,5.768864874855549330e-01
9.040000000000000000e+02,8.485889061308160564e-01
9.050000000000000000e+02,6.161894487969609147e-01
9.060000000000000000e+02,6.247490972630769246e-01
9.070000000000000000e+02,7.356381143620071006e-01
9.080000000000000000e+02,8.700072012360287044e-01
9.090000000000000000e+02,7.864285459526006994e-01
9.100000000000000000e+02,7.288367026420574657e-01
9.110000000000000000e+02,4.083159332383624607e-01
9.120000000000000000e+02,6.966033676505714034e-01
9.130000000000000000e+02,1.105322005620185344e+00
9.140000000000000000e+02,9.508982106160847048e-01
9.150000000000000000e+02,3.906320688957505838e-01
9.160000000000000000e+02,8.437003844160223531e-01
9.170000000000000000e+02,9.700054647608693514e-01
9.180000000000000000e+02,1.001979713686329987e+00
9.190000000000000000e+02,1.129581306295730059e+00
9.200000000000000000e+02,1.073174314424821141e+00
9.210000000000000000e+02,1.123597652822650561e+00
9.220000000000000000e+02,1.037043989669415245e+00
9.230000000000000000e+02,9.514767330238352860e-01
9.240000000000000000e+02,9.459178076499896726e-01
9.250000000000000000e+02,7.424135705913876837e-01
9.260000000000000000e+02,1.064894442432322563e+00
9.270000000000000000e+02,1.145315405478517068e+00
9.280000000000000000e+02,9.417161691490876230e-01
9.290000000000000000e+02,6.825732363883677545e-01
9.300000000000000000e+02,8.020775906941292055e-01
9.310000000000000000e+02,1.106171893083138347e+00
9.320000000000000000e+02,1.071998573625194684e+00
9.330000000000000000e+02,8.807385958469802212e-01
9.340000000000000000e+02,8.081015158720719072e-01
9.350000000000000000e+02,1.067459713233832819e+00
9.360000000000000000e+02,1.073384480420997766e+00
9.370000000000000000e+02,1.029709555823833611e+00
9.380000000000000000e+02,1.138802626830831555e+00
9.390000000000000000e+02,7.941339601101236045e-01
9.400000000000000000e+02,1.284601000575252394e+00
9.410000000000000000e+02,1.011999786322792305e+00
9.420000000000000000e+02,8.317736382628660996e-01
9.430000000000000000e+02,8.365206547908412560e-01
9.440000000000000000e+02,9.485700179332331450e-01
9.450000000000000000e+02,1.380096451441160665e+00
9.460000000000000000e+02,1.055810165331201977e+00
9.470000000000000000e+02,6.127133186315276703e-01
9.480000000000000000e+02,7.246548253334558209e-01
9.490000000000000000e+02,1.003352288803215808e+00
9.500000000000000000e+02,1.022014800863526363e+00
9.510000000000000000e+02,4.930521356204311534e-01
9.520000000000000000e+02,7.053699935196749982e-01
9.530000000000000000e+02,1.139786647859380109e+00
9.540000000000000000e+02,1.201995475456937301e+00
9.550000000000000000e+02,1.127031131050558299e+00
9.560000000000000000e+02,7.302671722743366844e-01
9.570000000000000000e+02,6.707843946937425139e-01
9.580000000000000000e+02,1.135223528334091903e+00
9.590000000000000000e+02,8.746175814631349521e-01
9.600000000000000000e+02,8.808582178089243708e-01
9.610000000000000000e+02,8.635045411320583231e-01
9.620000000000000000e+02,5.746909232215320351e-01
9.630000000000000000e+02,6.470065279381003176e-01
9.640000000000000000e+02,8.958593150876548172e-01
9.650000000000000000e+02,6.258206895137955472e-01
9.660000000000000000e+02,6.095354815041360563e-01
9.670000000000000000e+02,7.734902455369594421e-01
9.680000000000000000e+02,1.017082102475757477e+00
9.690000000000000000e+02,7.966933136514278146e-01
9.700000000000000000e+02,5.329025517324600392e-01
9.710000000000000000e+02,8.147778231195639265e-01
9.720000000000000000e+02,9.554423849438939964e-01
9.730000000000000000e+02,5.810506168333361421e-01
9.740000000000000000e+02,6.638363710296469877e-01
9.750000000000000000e+02,8.573992782387500622e-01
9.760000000000000000e+02,8.462885450010773081e-01
9.770000000000000000e+02,6.024533859633571797e-01
9.780000000000000000e+02,7.207544311395622794e-01
9.790000000000000000e+02,3.642180995017283429e-01
9.800000000000000000e+02,6.973950218261819600e-01
9.810000000000000000e+02,6.827322268876983014e-01
9.820000000000000000e+02,6.375598001997159203e-01
9.830000000000000000e+02,3.816018663271905087e-01
9.840000000000000000e+02,6.477820987954612253e-01
9.850000000000000000e+02,7.453625109249470970e-01
9.860000000000000000e+02,7.893480562478117912e-01
9.870000000000000000e+02,5.921701601441949903e-01
9.880000000000000000e+02,1.420139060943769183e-01
9.890000000000000000e+02,7.994439403290161117e-01
9.900000000000000000e+02,1.037075416718939547e+00
9.910000000000000000e+02,9.409231474648019899e-01
9.920000000000000000e+02,6.068392370436724859e-01
9.930000000000000000e+02,7.850670266228645389e-01
9.940000000000000000e+02,8.293770244069588182e-01
9.950000000000000000e+02,1.004294771392841179e+00
9.960000000000000000e+02,5.497444135467843829e-01
9.970000000000000000e+02,8.174747490438897257e-01
9.980000000000000000e+02,8.477819055508897250e-01
9.990000000000000000e+02,1.139399309495206625e+00
1.000000000000000000e+03,9.087532045473961650e-01
1.001000000000000000e+03,5.676560540141516453e-01
1.002000000000000000e+03,6.075118222088976561e-01
1.003000000000000000e+03,7.194269238347670292e-01
1.004000000000000000e+03,8.183350961133306622e-01
1.005000000000000000e+03,6.722636370082600843e-01
1.006000000000000000e+03,9.888666582287966023e-01
1.007000000000000000e+03,9.105227365786605631e-01
1.008000000000000000e+03,8.267549152635940146e-01
1.009000000000000000e+03,8.609386573378734475e-01
1.010000000000000000e+03,9.436550085515222897e-01
1.011000000000000000e+03,1.152397947010725288e+00
1.012000000000000000e+03,6.214187239677411156e-01
1.013000000000000000e+03,7.329750409901482078e-01
1.014000000000000000e+03,8.031394129393184533e-01
1.015000000000000000e+03,1.043923708632148672e+00
1.016000000000000000e+03,7.030294187269146011e-01
1.017000000000000000e+03,7.019217836925186749e-01
1.018000000000000000e+03,6.595652707414556559e-01
1.019000000000000000e+03,6.117754830056868487e-01
1.020000000000000000e+03,5.168684713856950275e-01
1.021000000000000000e+03,3.145290400309381784e-01
1.022000000000000000e+03,7.025947606389701949e-01
1.023000000000000000e+03,6.682269949682250187e-01
1.024000000000000000e+03,4.001066294624719966e-01
1.025000000000000000e+03,7.757874500256787265e-01
1.026000000000000000e+03,5.738832417681967168e-01
1.027000000000000000e+03,7.259688642766504163e-01
1.028000000000000000e+03,6.976719690411721242e-01
1.029000000000000000e+03,3.059152257839716782e-01
1.030000000000000000e+03,5.950103920937355184e-01
1.031000000000000000e+03,6.119606555739828258e-01
1.032000000000000000e+03,6.851510449044971862e-01
1.033000000000000000e+03,4.282833387440533324e-01
1.034000000000000000e+03,4.615126533529297914e-01
1.035000000000000000e+03,7.978200330652844841e-01
1.036000000000000000e+03,6.164423826043696764e-01
1.037000000000000000e+03,6.665372968208095328e-01
1.038000000000000000e+03,6.379420157542828873e-01
1.039000000000000000e+03,5.571308744609146935e-01
1.040000000000000000e+03,9.820592758265996869e-01
1.041000000000000000e+03,6.012638537298820030e-01
1.042000000000000000e+03,4.540127645932138245e-01
1.043000000000000000e+03,8.853337482012245685e-01
1.044000000000000000e+03,8.504612888005270710e-01
1.045000000000000000e+03,5.748720085087027920e-01
1.046000000000000000e+03,5.676705618298667488e-01
1.047000000000000000e+03,3.694040504723109519e-01
1.048000000000000000e+03,8.039853302445482131e-01
1.049000000000000000e+03,8.695763187414400353e-01
1.050000000000000000e+03,1.196220150666483573e+00
1.051000000000000000e+03,6.682660047392565694e-01
1.052000000000000000e+03,7.487458956085905060e-01
1.053000000000000000e+03,1.146534730822137416e+00
1.054000000000000000e+03,9.602374924629545339e-01
1.055000000000000000e+03,9.425923325383328555e-01
1.056000000000000000e+03,7.276496324778085611e-01
1.057000000000000000e+03,9.827285916638056618e-01
1.058000000000000000e+03,1.429303153924255776e+00
1.059000000000000000e+03,9.376935175595565441e-01
1.060000000000000000e+03,6.657198621476085876e-01
1.061000000000000000e+03,5.857835344796922250e-01
1.062000000000000000e+03,8.637788878142714788e-01
1.063000000000000000e+03,9.652611402447800470e-01
1.064000000000000000e+03,8.670877523765667672e-01
1.065000000000000000e+03,7.107787570250884146e-01
1.066000000000000000e+03,9.034272185924190346e-01
1.067000000000000000e+03,8.282319579404474608e-01
1.068000000000000000e+03,1.187710538720837095e+00
1.069000000000000000e+03,8.661042020086971993e-01
1.070000000000000000e+03,6.051698384908947848e-01
1.071000000000000000e+03,7.852353167676010548e-01
1.072000000000000000e+03,9.793041371059886258e-01
1.073000000000000000e+03,8.633211496650813332e-01
1.074000000000000000e+03,4.260311461367727315e-01
1.075000000000000000e+03,4.374130784970403640e-01
1.076000000000000000e+03,7.060439691261064521e-01
1.077000000000000000e+03,7.889194896084139597e-01
1.078000000000000000e+03,6.721800130752866309e-01
1.079000000000000000e+03,6.424149315311190600e-01
1.080000000000000000e+03,6.850522991288571228e-01
1.081000000000000000e+03,8.612483429200971097e-01
1.082000000000000000e+03,9.706233934921767448e-01
1.083000000000000000e+03,5.190271320530200905e-01
1.084000000000000000e+03,4.566958915966053967e-01
1.085000000000000000e+03,8.175062218310350515e-01
1.086000000000000000e+03,8.653052559212378592e-01
1.087000000000000000e+03,8.751886699256815616e-01
1.088000000000000000e+03,4.562873854326040535e-01
1.089000000000000000e+03,6.910189427288608854e-01
1.090000000000000000e+03,6.220664400774429392e-01
1.091000000000000000e+03,7.028083445234890592e-01
1.092000000000000000e+03,6.495162933896889701e-01
1.093000000000000000e+03,6.759355573756399282e-01
1.094000000000000000e+03,9.952842415778052620e-01
1.095000000000000000e+03,6.890438274900677618e-01
1.096000000000000000e+03,7.690980426935420944e-01
1.097000000000000000e+03,7.286869548698308163e-01
1.098000000000000000e+03,7.610114794775754143e-01
1.099000000000000000e+03,7.978238759057706408e-01
1.100000000000000000e+03,6.590914129593428150e-01
1.101000000000000000e+03,6.339306250195935188e-01
1.102000000000000000e+03,6.177605669946101274e-01
1.103000000000000000e+03,6.821954276621066127e-01
1.104000000000000000e+03,6.406181977579722409e-01
1.105000000000000000e+03,8.051365455342981425e-01
1.106000000000000000e+03,1.039276546426377346e+00
1.107000000000000000e+03,8.413575124342721478e-01
1.108000000000000000e+03,1.200489539626148572e+00
1.109000000000000000e+03,1.330898727494818301e+00
1.110000000000000000e+03,1.035340645477087484e+00
1.111000000000000000e+03,9.305791431347845144e-01
1.112000000000000000e+03,1.113638692096649896e+00
1.113000000000000000e+03,1.305393955040587528e+00
1.114000000000000000e+03,9.868924109015630997e-01
1.115000000000000000e+03,7.041517474474409122e-01
1.116000000000000000e+03,6.391155353078934453e-01
1.117000000000000000e+03,8.297488102284971134e-01
1.118000000000000000e+03,8.534058684965197816e-01
1.119000000000000000e+03,8.154890954023243932e-01
1.120000000000000000e+03,9.643251529162122360e-01
1.121000000000000000e+03,1.130504272662843368e+00
1.122000000000000000e+03,1.036877062270735950e+00
1.123000000000000000e+03,1.077967621070285098e+00
1.124000000000000000e+03,7.736701933823815214e-01
1.125000000000000000e+03,9.451707370316785317e-01
1.126000000000000000e+03,8.776599612640398895e-01
1.127000000000000000e+03,1.255691662803814168e+00
1.128000000000000000e+03,9.673451592068595950e-01
1.129000000000000000e+03,7.475645257452934178e-01
1.130000000000000000e+03,9.773117954477760216e-01
1.131000000000000000e+03,1.206817583562464380e+00
1.132000000000000000e+03,1.079300616788660294e+00
1.133000000000000000e+03,6.034144674914191375e-01
1.134000000000000000e+03,9.340497723785960993e-01
1.135000000000000000e+03,1.136246964572113827e+00
1.136000000000000000e+03,1.080107714802923224e+00
1.137000000000000000e+03,1.297010369856899104e+00
1.138000000000000000e+03,1.200461821249842576e+00
1.139000000000000000e+03,1.287197097840667936e+00
1.140000000000000000e+03,1.046895359289709448e+00
1.141000000000000000e+03,1.113204616859221785e+00
1.142000000000000000e+03,1.031755367700633474e+00
1.143000000000000000e+03,1.029235345350274056e+00
1.144000000000000000e+03,1.231712201587516153e+00
1.145000000000000000e+03,1.214785645632259881e+00
1.146000000000000000e+03,1.121008394943535214e+00
1.147000000000000000e+03,9.543496196594525305e-01
1.148000000000000000e+03,1.016816309731023438e+00
1.149000000000000000e+03,1.120603815590132113e+00
1.150000000000000000e+03,1.113863647513224642e+00
1.151000000000000000e+03,1.115402712043174427e+00
1.152000000000000000e+03,1.053409108533222671e+00
1.153000000000000000e+03,1.185289746750090023e+00
1.154000000000000000e+03,1.213521811467039635e+00
1.155000000000000000e+03,1.230449000951175043e+00
1.156000000000000000e+03,9.775068945157334710e-01
1.157000000000000000e+03,1.069542994684096193e+00
1.158000000000000000e+03,1.278664243847143611e+00
1.159000000000000000e+03,1.210477001441451428e+00
1.160000000000000000e+03,1.118777027632279042e+00
1.161000000000000000e+03,1.096664826178450847e+00
1.162000000000000000e+03,1.226373921294957148e+00
1.163000000000000000e+03,1.101732239329986651e+00
1.164000000000000000e+03,1.392449972470549913e+00
1.165000000000000000e+03,1.050348264958707478e+00
1.166000000000000000e+03,8.890090385185207555e-01
1.167000000000000000e+03,1.386496672470698632e+00
1.168000000000000000e+03,1.256036571828524462e+00
1.169000000000000000e+03,1.009332632348793668e+00
1.170000000000000000e+03,9.834220616374240720e-01
1.171000000000000000e+03,1.161783004611159908e+00
1.172000000000000000e+03,1.286060312430963748e+00
1.173000000000000000e+03,1.182983914008301829e+00
1.174000000000000000e+03,6.661699138154588695e-01
1.175000000000000000e+03,7.388159598201069489e-01
1.176000000000000000e+03,1.076121228361845983e+00
1.177000000000000000e+03,8.839852053748500360e-01
1.178000000000000000e+03,8.459685360268762722e-01
1.179000000000000000e+03,7.584897144689164428e-01
1.180000000000000000e+03,7.687380768489051608e-01
1.181000000000000000e+03,9.302587652256772977e-01
1.182000000000000000e+03,8.266157938740026356e-01
1.183000000000000000e+03,8.812774686319535533e-01
1.184000000000000000e+03,7.302821421517071698e-01
1.185000000000000000e+03,8.476695700694516500e-01
1.186000000000000000e+03,8.464389562691174707e-01
1.187000000000000000e+03,8.396835752965703392e-01
1.188000000000000000e+03,6.801287979316190668e-01
1.189000000000000000e+03,8.488816748304561788e-01
1.190000000000000000e+03,1.056479456115782201e+00
1.191000000000000000e+03,1.085979009303075449e+00
1.192000000000000000e+03,8.869341934335432942e-01
1.193000000000000000e+03,1.017582145419965167e+00
1.194000000000000000e+03,8.659069702462367513e-01
1.195000000000000000e+03,9.070545029616052801e-01
1.196000000000000000e+03,7.301544797419379229e-01
1.197000000000000000e+03,7.822104259061897213e-01
1.198000000000000000e+03,8.322557952090123834e-01
1.199000000000000000e+03,9.128940268029412941e-01
1.200000000000000000e+03,9.693408682352713246e-01
1.201000000000000000e+03,8.708274207163786418e-01
1.202000000000000000e+03,8.330203032097649452e-01
1.203000000000000000e+03,1.188731566436858289e+00
1.204000000000000000e+03,1.358678036368296649e+00
1.205000000000000000e+03,1.246015137425381836e+00
1.206000000000000000e+03,1.179125415789082920e+00
1.207000000000000000e+03,1.073462992278634509e+00
1.208000000000000000e+03,1.332892994679134135e+00
1.209000000000000000e+03,1.491197573491528594e+00
1.210000000000000000e+03,1.377081313463444312e+00
1.211000000000000000e+03,1.360357359496572105e+00
1.212000000000000000e+03,1.699081479259159311e+00
1.213000000000000000e+03,1.470052778506955260e+00
1.214000000000000000e+03,1.473884560158563506e+00
1.215000000000000000e+03,1.216646669849658302e+00
1.216000000000000000e+03,1.352031260084996633e+00
1.217000000000000000e+03,1.465823533993849015e+00
1.218000000000000000e+03,1.530691998875000737e+00
1.219000000000000000e+03,1.481540501935287191e+00
1.220000000000000000e+03,1.202731280620812360e+00
1.221000000000000000e+03,1.149289626922509466e+00
1.222000000000000000e+03,1.390225653459281840e+00
1.223000000000000000e+03,1.256380500161370373e+00
1.224000000000000000e+03,1.237672655328181381e+00
1.225000000000000000e+03,1.229235933178576490e+00
1.226000000000000000e+03,1.413474805645478671e+00
1.227000000000000000e+03,1.430763361627728880e+00
1.228000000000000000e+03,1.214124158347771321e+00
1.229000000000000000e+03,1.048248569351819759e+00
1.230000000000000000e+03,1.254301947927172201e+00
1.231000000000000000e+03,1.393495426500954704e+00
1.232000000000000000e+03,1.537868029542322601e+00
1.233000000000000000e+03,1.161487058522039373e+00
1.234000000000000000e+03,8.618866777116421796e-01
1.235000000000000000e+03,1.303964304922446527e+00
1.236000000000000000e+03,1.427679234729419600e+00
1.237000000000000000e+03,1.075726001240718377e+00
1.238000000000000000e+03,1.363383202233959146e+00
1.239000000000000000e+03,9.325604569451551029e-01
1.240000000000000000e+03,1.109718594903424504e+00
1.241000000000000000e+03,1.134908389208166168e+00
1.242000000000000000e+03,9.191484858526350887e-01
1.243000000000000000e+03,1.185040172884025189e+00
1.244000000000000000e+03,1.388434464769496390e+00
1.245000000000000000e+03,1.199396770730251749e+00
1.246000000000000000e+03,1.258401687262246993e+00
1.247000000000000000e+03,1.262486888553184361e+00
1.248000000000000000e+03,1.432272747465856311e+00
1.249000000000000000e+03,1.447651524341523777e+00
1.250000000000000000e+03,1.385350471731908950e+00
1.251000000000000000e+03,1.333888401497465459e+00
1.252000000000000000e+03,1.541011993500252197e+00
1.253000000000000000e+03,1.407407406960421659e+00
1.254000000000000000e+03,1.495852388120657572e+00
1.255000000000000000e+03,1.398947755797454340e+00
1.256000000000000000e+03,1.082430222471820525e+00
1.257000000000000000e+03,9.739761083820130949e-01
1.258000000000000000e+03,1.325847500762679987e+00
1.259000000000000000e+03,1.176480271714723802e+00
1.260000000000000000e+03,1.132020093041580466e+00
1.261000000000000000e+03,9.147332540161055014e-01
1.262000000000000000e+03,1.042969802575359539e+00
1.263000000000000000e+03,1.087868831938491265e+00
1.264000000000000000e+03,9.705272127037606333e-01
1.265000000000000000e+03,1.026463958576208979e+00
1.266000000000000000e+03,9.855138975861797990e-01
1.267000000000000000e+03,1.171347904461338185e+00
1.268000000000000000e+03,1.079090549686149592e+00
1.269000000000000000e+03,9.758175778465231209e-01
1.270000000000000000e+03,9.443419467463417538e-01
1.271000000000000000e+03,9.485896646966368584e-01
1.272000000000000000e+03,1.045703337221019380e+00
1.273000000000000000e+03,7.229512343644496353e-01
1.274000000000000000e+03,7.483911832262691854e-01
1.275000000000000000e+03,5.155373844914435955e-01
1.276000000000000000e+03,9.755989091090956356e-01
1.277000000000000000e+03,5.557805444638584946e-01
1.278000000000000000e+03,6.679530353344592664e-01
1.279000000000000000e+03,4.326457303173522062e-01
1.280000000000000000e+03,6.517233994252623619e-01
1.281000000000000000e+03,6.950386895714834035e-01
1.282000000000000000e+03,6.566806651155284724e-01
1.283000000000000000e+03,5.690772491324430638e-01
1.284000000000000000e+03,4.065143226337363247e-01
1.285000000000000000e+03,4.153562094945598693e-01
1.286000000000000000e+03,9.494473434797695566e-01
1.287000000000000000e+03,9.033749964888663220e-01
1.288000000000000000e+03,6.142730419915524154e-01
1.289000000000000000e+03,8.133142440918058602e-01
1.290000000000000000e+03,7.786689144722028777e-01
1.291000000000000000e+03,1.124258931622811319e+00
1.292000000000000000e+03,1.040892645274334560e+00
1.293000000000000000e+03,8.741722726158369650e-01
1.294000000000000000e+03,9.763758842096387225e-01
1.295000000000000000e+03,1.130703627531679079e+00
1.296000000000000000e+03,1.069920488722719609e+00
1.297000000000000000e+03,9.083774420784469505e-01
1.298000000000000000e+03,1.003111927895073530e+00
1.299000000000000000e+03,1.067891795446173298e+00
1.300000000000000000e+03,1.151128666747670337e+00
1.301000000000000000e+03,9.763589060050943402e-01
1.302000000000000000e+03,1.046565667829698176e+00
1.303000000000000000e+03,1.658505919894269320e+00
1.304000000000000000e+03,1.281353523275699402e+00
1.305000000000000000e+03,1.449343510371887911e+00
1.306000000000000000e+03,1.146702825501239920e+00
1.307000000000000000e+03,9.825675744494697383e-01
1.308000000000000000e+03,1.305782564269028168e+00
1.309000000000000000e+03,1.324216690893395665e+00
1.310000000000000000e+03,1.185715782434382914e+00
1.311000000000000000e+03,1.057941243755856187e+00
1.312000000000000000e+03,1.265601705174998592e+00
1.313000000000000000e+03,1.407557492144759337e+00
1.314000000000000000e+03,1.239085475243757672e+00
1.315000000000000000e+03,1.029316794926410150e+00
1.316000000000000000e+03,1.144458296331981373e+00
1.317000000000000000e+03,1.178669151882079102e+00
1.318000000000000000e+03,1.252473268440387644e+00
1.319000000000000000e+03,1.245831864574887593e+00
1.320000000000000000e+03,1.077142433197065818e+00
1.321000000000000000e+03,1.246911650664660698e+00
1.322000000000000000e+03,1.335354014274678036e+00
1.323000000000000000e+03,1.258062130244511412e+00
1.324000000000000000e+03,1.182420864999930377e+00
1.325000000000000000e+03,1.180995656615928091e+00
1.326000000000000000e+03,1.132962167815163346e+00
1.327000000000000000e+03,1.300860222996301552e+00
1.328000000000000000e+03,1.152373321720381760e+00
1.329000000000000000e+03,1.032413114609494587e+00
1.330000000000000000e+03,1.416054950639358045e+00
1.331000000000000000e+03,1.021504081138068010e+00
1.332000000000000000e+03,1.079517311739334406e+00
1.333000000000000000e+03,8.907936977342978402e-01
1.334000000000000000e+03,9.301417215432352670e-01
1.335000000000000000e+03,1.113881375172202315e+00
1.336000000000000000e+03,8.859868214711128509e-01
1.337000000000000000e+03,7.232421098949520788e-01
1.338000000000000000e+03,6.794009843585966379e-01
1.339000000000000000e+03,8.076025629399421479e-01
1.340000000000000000e+03,1.187377401278245426e+00
1.341000000000000000e+03,7.389723119870825752e-01
1.342000000000000000e+03,5.008017152243715575e-01
1.343000000000000000e+03,4.935790172214060689e-01
1.344000000000000000e+03,7.395939364955073092e-01
1.345000000000000000e+03,6.645972914777895646e-01
1.346000000000000000e+03,5.230558997239822538e-01
1.347000000000000000e+03,4.342045181619880179e-01
1.348000000000000000e+03,4.991512063431738921e-01
1.349000000000000000e+03,6.188452142407931955e-01
1.350000000000000000e+03,6.406968599998810188e-01
1.351000000000000000e+03,4.810797987510739837e-01
1.352000000000000000e+03,4.570033225846528158e-01
1.353000000000000000e+03,8.234491321324322044e-01
1.354000000000000000e+03,9.190056529718929612e-01
1.355000000000000000e+03,7.077846911408544051e-01
1.356000000000000000e+03,6.201775960369797502e-01
1.357000000000000000e+03,6.530521203524980445e-01
1.358000000000000000e+03,8.409994407050725984e-01
1.359000000000000000e+03,8.205790579268544827e-01
1.360000000000000000e+03,6.959028314087601919e-01
1.361000000000000000e+03,7.033443871878924947e-01
1.362000000000000000e+03,1.129361039270172729e+00
1.363000000000000000e+03,7.715878330839228694e-01
1.364000000000000000e+03,7.755601108798014787e-01
1.365000000000000000e+03,5.012904212282655037e-01
1.366000000000000000e+03,8.813782853587661670e-01
1.367000000000000000e+03,1.072823599363823543e+00
1.368000000000000000e+03,9.991016780193101576e-01
1.369000000000000000e+03,1.033139323334449022e+00
1.370000000000000000e+03,8.956674847074179713e-01
1.371000000000000000e+03,7.258586677604320636e-01
1.372000000000000000e+03,1.390944530499384602e+00
1.373000000000000000e+03,1.260651412166372998e+00
1.374000000000000000e+03,1.027515681874481723e+00
1.375000000000000000e+03,1.213831196322727068e+00
1.376000000000000000e+03,1.548320828222685241e+00
1.377000000000000000e+03,1.211548045095067305e+00
1.378000000000000000e+03,1.123012552188010993e+00
1.379000000000000000e+03,1.126989680136607275e+00
1.380000000000000000e+03,1.018884264724120525e+00
1.381000000000000000e+03,1.349674057639340896e+00
1.382000000000000000e+03,1.048093966749364503e+00
1.383000000000000000e+03,1.259525989350650965e+00
1.384000000000000000e+03,7.871812458772406984e-01
1.385000000000000000e+03,9.695298070430173887e-01
1.386000000000000000e+03,1.081998432353807660e+00
1.387000000000000000e+03,9.842659370021260568e-01
1.388000000000000000e+03,9.720581402159073070e-01
1.389000000000000000e+03,9.301767584341452677e-01
1.390000000000000000e+03,1.146727262526999080e+00
1.391000000000000000e+03,1.004363445990302139e+00
1.392000000000000000e+03,9.588530572545140851e-01
1.393000000000000000e+03,1.020053649599184542e+00
1.394000000000000000e+03,1.015027237926969583e+00
1.395000000000000000e+03,1.013122422402109368e+00
1.396000000000000000e+03,9.448809764216448137e-01
1.397000000000000000e+03,8.765206587098712809e-01
1.398000000000000000e+03,1.028039538081201076e+00
1.399000000000000000e+03,1.213778112544230625e+00
1.400000000000000000e+03,1.109193737223737264e+00
1.401000000000000000e+03,9.395715187312562167e-01
1.402000000000000000e+03,8.665766412963589183e-01
1.403000000000000000e+03,1.036099171035945510e+00
1.404000000000000000e+03,1.065512609311906278e+00
1.405000000000000000e+03,9.836164768390504021e-01
1.406000000000000000e+03,8.436577439267484158e-01
1.407000000000000000e+03,8.757345205544959654e-01
1.408000000000000000e+03,1.127966167677236342e+00
1.409000000000000000e+03,1.087146798511124279e+00
1.410000000000000000e+03,9.484663920375484558e-01
1.411000000000000000e+03,8.003220416178734586e-01
1.412000000000000000e+03,9.504453827939827182e-01
1.413000000000000000e+03,1.110842515031158939e+00
1.414000000000000000e+03,1.015134221026097627e+00
1.415000000000000000e+03,9.394771956753298348e-01
1.416000000000000000e+03,9.413539954388209230e-01
1.417000000000000000e+03,1.033876960720853333e+00
1.418000000000000000e+03,1.012184281799158869e+00
1.419000000000000000e+03,1.068782099262189256e+00
1.420000000000000000e+03,8.822826769300344818e-01
1.421000000000000000e+03,9.137030444082605563e-01
1.422000000000000000e+03,1.057336044018264420e+00
1.423000000000000000e+03,1.023187986501228552e+00
1.424000000000000000e+03,8.756458233152695225e-01
1.425000000000000000e+03,9.288530024713123057e-01
1.426000000000000000e+03,1.155409506661157604e+00
1.427000000000000000e+03,1.061784375697848226e+00
1.428000000000000000e+03,9.499322129117985236e-01
1.429000000000000000e+03,8.856865831732181338e-01
1.430000000000000000e+03,1.015924451294879072e+00
1.431000000000000000e+03,1.291140078703905569e+00
1.432000000000000000e+03,1.315400381182764367e+00
1.433000000000000000e+03,1.221062697696546628e+00
1.434000000000000000e+03,1.088395323714102192e+00
1.435000000000000000e+03,1.277520764151964139e+00
1.436000000000000000e+03,1.306587696152213374e+00
1.437000000000000000e+03,1.256835198374076867e+00
1.438000000000000000e+03,1.233051166641738972e+00
1.439000000000000000e+03,1.307982006604471836e+00
1.440000000000000000e+03,1.463770397708985982e+00
1.441000000000000000e+03,1.313864924312770688e+00
1.442000000000000000e+03,1.157789367812726677e+00
1.443000000000000000e+03,1.123433535688314944e+00
1.444000000000000000e+03,1.242209666891099573e+00
1.445000000000000000e+03,1.345013662442380964e+00
1.446000000000000000e+03,1.197125359782619913e+00
1.447000000000000000e+03,1.112330834538572066e+00
1.448000000000000000e+03,1.102937144891386723e+00
1.449000000000000000e+03,1.283373370411082126e+00
1.450000000000000000e+03,1.375645436742981342e+00
1.451000000000000000e+03,1.220814527581784326e+00
1.452000000000000000e+03,1.077239494489686145e+00
1.453000000000000000e+03,1.223571498403992708e+00
1.454000000000000000e+03,1.340481561505431518e+00
1.455000000000000000e+03,1.236069756500198347e+00
1.456000000000000000e+03,1.178563338259679627e+00
1.457000000000000000e+03,1.190530407629882381e+00
1.458000000000000000e+03,1.349837002237091799e+00
1.459000000000000000e+03,1.610543945073828587e+00
1.460000000000000000e+03,1.388918518767997989e+00
1.461000000000000000e+03,1.154459578206733505e+00
1.462000000000000000e+03,1.408623312300887109e+00
1.463000000000000000e+03,1.226204635673752374e+00
1.464000000000000000e+03,1.164607674511459745e+00
1.465000000000000000e+03,1.124570084232203726e+00
1.466000000000000000e+03,1.235497681350483434e+00
1.467000000000000000e+03,1.385468860943917857e+00
1.468000000000000000e+03,1.372784107297911005e+00
1.469000000000000000e+03,1.300370347438577490e+00
1.470000000000000000e+03,1.237629528246407817e+00
1.471000000000000000e+03,1.416981959786104417e+00
1.472000000000000000e+03,1.519541966400981492e+00
1.473000000000000000e+03,1.485013108261441284e+00
1.474000000000000000e+03,1.163531003467233482e+00
1.475000000000000000e+03,1.368467396555593352e+00
1.476000000000000000e+03,1.445584214919761301e+00
1.477000000000000000e+03,1.415669892717748013e+00
1.478000000000000000e+03,1.241230867244847325e+00
1.479000000000000000e+03,1.129686873112552448e+00
1.480000000000000000e+03,1.305392105350839271e+00
1.481000000000000000e+03,1.411432271574728059e+00
1.482000000000000000e+03,9.619253495584214608e-01
1.483000000000000000e+03,1.047621213721085853e+00
1.484000000000000000e+03,1.185544827709579918e+00
1.485000000000000000e+03,1.067642685942458369e+00
1.486000000000000000e+03,1.223776817170189934e+00
1.487000000000000000e+03,1.187452422263799656e+00
1.488000000000000000e+03,1.368691098440142584e+00
1.489000000000000000e+03,9.475959268128484325e-01
1.490000000000000000e+03,1.007290685348086745e+00
1.491000000000000000e+03,1.103472611154562744e+00
1.492000000000000000e+03,7.996191830474619344e-01
1.493000000000000000e+03,9.265519501108812062e-01
1.494000000000000000e+03,9.828512586526159112e-01
1.495000000000000000e+03,1.106870800115064446e+00
1.496000000000000000e+03,1.185062698569265827e+00
1.497000000000000000e+03,7.601007888923949629e-01
1.498000000000000000e+03,8.047077180206239078e-01
1.499000000000000000e+03,1.029139535779557635e+00
1.500000000000000000e+03,9.006774283087699562e-01
1.501000000000000000e+03,7.332399870286763210e-01
1.502000000000000000e+03,1.050316845387608167e+00
1.503000000000000000e+03,7.834897857757512352e-01
1.504000000000000000e+03,1.044245628139808701e+00
1.505000000000000000e+03,8.254445728727861642e-01
1.506000000000000000e+03,6.669498569755227813e-01
1.507000000000000000e+03,8.289829794792291651e-01
1.508000000000000000e+03,7.364768693838656954e-01
1.509000000000000000e+03,1.187235752103565245e+00
1.510000000000000000e+03,6.404835546019722603e-01
1.511000000000000000e+03,9.236234922812424086e-01
1.512000000000000000e+03,9.599158243562929682e-01
1.513000000000000000e+03,1.120528661757606015e+00
1.514000000000000000e+03,1.202923692937373890e+00
1.515000000000000000e+03,1.230425431475870912e+00
1.516000000000000000e+03,9.550148005550053165e-01
1.517000000000000000e+03,1.129278298796287050e+00
1.518000000000000000e+03,1.077410598211559378e+00
1.519000000000000000e+03,1.052185892229045461e+00
1.520000000000000000e+03,9.988238166775146309e-01
1.521000000000000000e+03,9.655204227802606232e-01
1.522000000000000000e+03,1.022236612966485714e+00
1.523000000000000000e+03,1.055629336418570485e+00
1.524000000000000000e+03,9.705608781145639297e-01
1.525000000000000000e+03,8.857074941086978681e-01
1.526000000000000000e+03,1.130767619596756202e+00
1.527000000000000000e+03,9.754830703391556002e-01
1.528000000000000000e+03,7.501304111299473831e-01
1.529000000000000000e+03,8.526039047403924931e-01
1.530000000000000000e+03,8.547975370911534698e-01
1.531000000000000000e+03,1.017015256643013288e+00
1.532000000000000000e+03,7.808673748650031277e-01
1.533000000000000000e+03,7.399743534554785729e-01
1.534000000000000000e+03,6.403892919119111848e-01
1.535000000000000000e+03,8.635779537625173363e-01
1.536000000000000000e+03,8.254120461535708886e-01
1.537000000000000000e+03,8.066858172729157728e-01
1.538000000000000000e+03,8.661477678648034084e-01
1.539000000000000000e+03,7.870129598713341279e-01
1.540000000000000000e+03,1.006230403408346019e+00
1.541000000000000000e+03,8.139871280085025917e-01
1.542000000000000000e+03,7.802969105297287156e-01
1.543000000000000000e+03,6.274668799566438526e-01
1.544000000000000000e+03,7.071064517812900574e-01
1.545000000000000000e+03,9.729621938256821645e-01
1.546000000000000000e+03,8.227263634546534421e-01
1.547000000000000000e+03,7.553244244000426599e-01
1.548000000000000000e+03,1.002980823432963353e+00
1.549000000000000000e+03,9.112814447842109145e-01
1.550000000000000000e+03,8.824221176764458496e-01
1.551000000000000000e+03,5.905370268670022682e-01
1.552000000000000000e+03,7.009533182685954156e-01
1.553000000000000000e+03,7.500672526578304744e-01
1.554000000000000000e+03,7.741114599185348055e-01
1.555000000000000000e+03,9.384222842896022820e-01
1.556000000000000000e+03,8.289283481271022547e-01
1.557000000000000000e+03,9.867454568252261859e-01
1.558000000000000000e+03,1.051673009039127749e+00
1.559000000000000000e+03,1.171710186109846452e+00
1.560000000000000000e+03,1.050465759465578852e+00
1.561000000000000000e+03,9.806921972310603808e-01
1.562000000000000000e+03,1.073383899600211855e+00
1.563000000000000000e+03,1.143765167330245580e+00
1.564000000000000000e+03,1.030972532363073180e+00
1.565000000000000000e+03,8.125852760929561658e-01
1.566000000000000000e+03,8.502198963422427092e-01
1.567000000000000000e+03,1.100113093311915424e+00
1.568000000000000000e+03,1.131732420985123388e+00
1.569000000000000000e+03,1.012430744596998666e+00
1.570000000000000000e+03,9.442002726464209239e-01
1.571000000000000000e+03,1.088855954338931564e+00
1.572000000000000000e+03,1.173191198805495938e+00
1.573000000000000000e+03,1.092422542077499781e+00
1.574000000000000000e+03,9.713865227995918117e-01
1.575000000000000000e+03,8.869789866728138295e-01
1.576000000000000000e+03,1.010485508186331316e+00
1.577000000000000000e+03,1.090575001248622833e+00
1.578000000000000000e+03,1.063044264676851647e+00
1.579000000000000000e+03,9.126939757258005770e-01
1.580000000000000000e+03,1.038211723486883953e+00
1.581000000000000000e+03,1.089574292626571239e+00
1.582000000000000000e+03,1.113519613245449014e+00
1.583000000000000000e+03,1.087837045954812343e+00
1.584000000000000000e+03,8.540747229465589507e-01
1.585000000000000000e+03,1.048143303313600283e+00
1.586000000000000000e+03,9.683169541123817226e-01
1.587000000000000000e+03,9.159104651201702696e-01
1.588000000000000000e+03,7.696952838366758476e-01
1.589000000000000000e+03,7.731243886255275699e-01
1.590000000000000000e+03,8.187211836177181734e-01
1.591000000000000000e+03,1.148412450868393497e+00
1.592000000000000000e+03,8.304800634416651395e-01
1.593000000000000000e+03,8.757303777555176527e-01
1.594000000000000000e+03,9.458671087020693591e-01
1.595000000000000000e+03,1.008621115516248334e+00
1.596000000000000000e+03,8.894022601359554692e-01
1.597000000000000000e+03,7.528242313717440348e-01
1.598000000000000000e+03,9.767498226568578357e-01
1.599000000000000000e+03,1.098197303960534832e+00
1.600000000000000000e+03,9.905174649781915974e-01
1.601000000000000000e+03,8.213309041502580010e-01
1.602000000000000000e+03,8.373409303437396867e-01
1.603000000000000000e+03,5.923606532147132064e-01
1.604000000000000000e+03,1.105819262870023190e+00
1.605000000000000000e+03,9.176350448428174378e-01
1.606000000000000000e+03,6.003045311911580084e-01
1.607000000000000000e+03,6.133573040775999186e-01
1.608000000000000000e+03,8.422915253661206192e-01
1.609000000000000000e+03,7.384683823620140641e-01
1.610000000000000000e+03,4.883766787670417164e-01
1.611000000000000000e+03,5.602808553158500349e-01
1.612000000000000000e+03,9.606717192314214726e-01
1.613000000000000000e+03,9.815254632219264641e-01
1.614000000000000000e+03,6.828775585930240144e-01
1.615000000000000000e+03,5.641987754608899230e-01
1.616000000000000000e+03,5.954296931632625522e-01
1.617000000000000000e+03,9.126622041794122397e-01
1.618000000000000000e+03,8.160966936640746683e-01
1.619000000000000000e+03,6.849154136049210306e-01
1.620000000000000000e+03,5.772892508175025972e-01
1.621000000000000000e+03,1.000941835697890969e+00
1.622000000000000000e+03,7.712015872764023117e-01
1.623000000000000000e+03,7.238600150645900788e-01
1.624000000000000000e+03,6.540638602090385056e-01
1.625000000000000000e+03,8.617522718412709004e-01
1.626000000000000000e+03,1.054644931699407984e+00
1.627000000000000000e+03,1.141260683508022566e+00
1.628000000000000000e+03,9.391728705573956226e-01
1.629000000000000000e+03,8.283940335787671749e-01
1.630000000000000000e+03,1.012702525650953644e+00
1.631000000000000000e+03,1.137510606637085919e+00
1.632000000000000000e+03,1.038704223389629755e+00
1.633000000000000000e+03,9.400281435567525712e-01
1.634000000000000000e+03,9.127040041996115072e-01
1.635000000000000000e+03,1.258419816919235990e+00
1.636000000000000000e+03,1.198871588380563846e+00
1.637000000000000000e+03,1.151724644551283649e+00
1.638000000000000000e+03,1.189696943093293990e+00
1.639000000000000000e+03,1.258977198597506231e+00
1.640000000000000000e+03,1.329271052880713011e+00
1.641000000000000000e+03,9.073966327202696025e-01
1.642000000000000000e+03,1.150866245310523839e+00
1.643000000000000000e+03,1.147672543375023002e+00
1.644000000000000000e+03,1.280622552613888798e+00
1.645000000000000000e+03,1.336850617526841090e+00
1.646000000000000000e+03,1.179558185558909678e+00
1.647000000000000000e+03,1.334883764699582365e+00
1.648000000000000000e+03,1.172055159651528733e+00
1.649000000000000000e+03,1.261661312265765389e+00
1.650000000000000000e+03,1.304831505177122208e+00
1.651000000000000000e+03,1.237864294610790283e+00
1.652000000000000000e+03,1.108669584161002364e+00
1.653000000000000000e+03,1.295296490278260437e+00
1.654000000000000000e+03,9.631204096392800285e-01
1.655000000000000000e+03,9.346126967454813084e-01
1.656000000000000000e+03,9.265024232270645532e-01
1.657000000000000000e+03,1.010727970127936359e+00
1.658000000000000000e+03,1.015383123572493940e+00
1.659000000000000000e+03,1.146204587719755530e+00
1.660000000000000000e+03,9.479297969434530291e-01
1.661000000000000000e+03,8.709186926350300784e-01
1.662000000000000000e+03,8.938681557679675205e-01
1.663000000000000000e+03,1.141625498052891041e+00
1.664000000000000000e+03,1.048151295591949195e+00
1.665000000000000000e+03,1.048609921565274439e+00
1.666000000000000000e+03,1.271271605885820888e+00
1.667000000000000000e+03,1.038673132991963399e+00
1.668000000000000000e+03,1.324842558338262144e+00
1.669000000000000000e+03,9.703670339631322861e-01
1.670000000000000000e+03,7.961411013582360141e-01
1.671000000000000000e+03,9.755650472090974246e-01
1.672000000000000000e+03,1.043066017382583199e+00
1.673000000000000000e+03,9.853925288695547513e-01
1.674000000000000000e+03,9.825819596772995546e-01
1.675000000000000000e+03,9.087416166990365252e-01
1.676000000000000000e+03,1.077923075257691377e+00
1.677000000000000000e+03,1.090551372933070251e+00
1.678000000000000000e+03,8.865510281635432532e-01
1.679000000000000000e+03,8.640140407398452238e-01
1.680000000000000000e+03,9.676680351673770941e-01
1.681000000000000000e+03,1.175684342277242056e+00
1.682000000000000000e+03,9.764931212138554528e-01
1.683000000000000000e+03,8.860820575564973822e-01
1.684000000000000000e+03,8.982227275765857222e-01
1.685000000000000000e+03,9.743561121174608708e-01
1.686000000000000000e+03,1.049075686057904910e+00
1.687000000000000000e+03,9.836466263896120887e-01
1.688000000000000000e+03,9.493709401870032982e-01
1.689000000000000000e+03,1.115197758986202325e+00
1.690000000000000000e+03,1.099205948176015468e+00
1.691000000000000000e+03,1.042339787270054829e+00
1.692000000000000000e+03,9.908766375146567107e-01
1.693000000000000000e+03,9.195946609628384838e-01
1.694000000000000000e+03,1.014543919143872097e+00
1.695000000000000000e+03,1.210964544690745104e+00
1.696000000000000000e+03,1.106685791780100736e+00
1.697000000000000000e+03,9.438010064988234804e-01
1.698000000000000000e+03,1.059058805074257092e+00
1.699000000000000000e+03,1.121663306049089925e+00
1.700000000000000000e+03,1.116969363364914702e+00
1.701000000000000000e+03,9.717825078159929575e-01
1.702000000000000000e+03,9.348800166816654267e-01
1.703000000000000000e+03,1.154153404173942521e+00
1.704000000000000000e+03,1.130991474718422429e+00
1.705000000000000000e+03,1.062592481883691820e+00
1.706000000000000000e+03,9.934036922242427403e-01
1.707000000000000000e+03,1.032354424887835576e+00
1.708000000000000000e+03,1.153673061232349362e+00
1.709000000000000000e+03,9.990386331973207801e-01
1.710000000000000000e+03,9.632866597720755042e-01
1.711000000000000000e+03,7.437865729877379817e-01
1.712000000000000000e+03,1.085118792977922908e+00
1.713000000000000000e+03,1.086454265706472411e+00
1.714000000000000000e+03,1.060223783424609323e+00
1.715000000000000000e+03,1.100219223170985305e+00
1.716000000000000000e+03,9.148772012438990409e-01
1.717000000000000000e+03,1.155564920004946261e+00
1.718000000000000000e+03,1.325789269064567844e+00
1.719000000000000000e+03,1.056930650076171929e+00
1.720000000000000000e+03,9.939518871228091301e-01
1.721000000000000000e+03,9.176789814074659546e-01
1.722000000000000000e+03,9.679543904893668227e-01
1.723000000000000000e+03,9.954933066912423634e-01
1.724000000000000000e+03,8.984846649122328888e-01
1.725000000000000000e+03,5.139580995828683108e-01
1.726000000000000000e+03,9.243988310849069467e-01
1.727000000000000000e+03,8.914558960630267759e-01
1.728000000000000000e+03,7.171094307794725342e-01
1.729000000000000000e+03,6.986424229413952247e-01
1.730000000000000000e+03,8.519290374066302851e-01
1.731000000000000000e+03,9.290235595553026915e-01
1.732000000000000000e+03,6.608667013943938517e-01
1.733000000000000000e+03,7.142618999488219433e-01
1.734000000000000000e+03,5.870643974004988719e-01
1.735000000000000000e+03,9.641317067386074857e-01
1.736000000000000000e+03,1.047494670593110300e+00
1.737000000000000000e+03,8.317428329893287176e-01
1.738000000000000000e+03,7.758418441020199507e-01
1.739000000000000000e+03,1.091222802167857386e+00
1.740000000000000000e+03,8.698129588706280391e-01
1.741000000000000000e+03,8.074780497717206629e-01
1.742000000000000000e+03,1.125017526809389379e+00
1.743000000000000000e+03,6.913771707362863506e-01
1.744000000000000000e+03,8.467890589761764009e-01
1.745000000000000000e+03,9.710533894833870416e-01
1.746000000000000000e+03,9.594013594147798862e-01
1.747000000000000000e+03,4.867066004961260739e-01
1.748000000000000000e+03,4.564660192104698644e-01
1.749000000000000000e+03,8.646998973192940863e-01
1.750000000000000000e+03,9.804913983603713579e-01
1.751000000000000000e+03,4.578328909637895960e-01
1.752000000000000000e+03,2.750612054081862934e-01
1.753000000000000000e+03,8.971666605338126654e-01
1.754000000000000000e+03,7.969166112095049659e-01
1.755000000000000000e+03,5.000848297721742775e-01
1.756000000000000000e+03,6.997614325806942315e-01
1.757000000000000000e+03,7.441905587655972543e-01
1.758000000000000000e+03,7.303527279887245260e-01
1.759000000000000000e+03,7.134114654670076217e-01
1.760000000000000000e+03,4.879180940387206067e-01
1.761000000000000000e+03,5.945047858854624057e-01
1.762000000000000000e+03,8.380450326115074233e-01
1.763000000000000000e+03,9.509189922364242875e-01
1.764000000000000000e+03,7.270173161188433486e-01
1.765000000000000000e+03,5.557814109198440100e-01
1.766000000000000000e+03,8.542935988669120295e-01
1.767000000000000000e+03,7.473173194945454956e-01
1.768000000000000000e+03,7.850247628752731188e-01
1.769000000000000000e+03,4.609357432282983891e-01
1.770000000000000000e+03,6.867422681100547877e-01
1.771000000000000000e+03,6.784746210834908808e-01
1.772000000000000000e+03,8.070550967772813777e-01
1.773000000000000000e+03,7.121744957407631915e-01
1.774000000000000000e+03,7.746020332571830203e-01
1.775000000000000000e+03,4.882409473502698494e-01
1.776000000000000000e+03,1.010207104125482314e+00
1.777000000000000000e+03,1.041671878344918589e+00
1.778000000000000000e+03,1.007822227912808843e+00
1.779000000000000000e+03,7.315530198776911686e-01
1.780000000000000000e+03,8.284546193769879441e-01
1.781000000000000000e+03,1.489181179960496593e+00
1.782000000000000000e+03,1.492232150988664463e+00
1.783000000000000000e+03,1.396537240830944215e+00
1.784000000000000000e+03,1.292808406534533328e+00
1.785000000000000000e+03,1.642667492438663723e+00
1.786000000000000000e+03,1.547918586315605083e+00
1.787000000000000000e+03,2.058571819409529269e+00
1.788000000000000000e+03,1.355864774399189177e+00
1.789000000000000000e+03,1.583062932007589740e+00
1.790000000000000000e+03,1.731129449180394797e+00
1.791000000000000000e+03,1.625575377699898461e+00
1.792000000000000000e+03,1.779794032210327837e+00
1.793000000000000000e+03,1.547938615823207797e+00
1.794000000000000000e+03,1.402431476227258056e+00
1.795000000000000000e+03,1.633470742893089911e+00
1.796000000000000000e+03,1.796256244491088117e+00
1.797000000000000000e+03,1.603578017588155991e+00
1.798000000000000000e+03,1.628295745939326578e+00
1.799000000000000000e+03,1.748237443774119493e+00
1.800000000000000000e+03,1.802542836066563847e+00
1.801000000000000000e+03,1.441859413739342788e+00
1.802000000000000000e+03,1.520233452339940783e+00
1.803000000000000000e+03,2.000010257695161719e+00
1.804000000000000000e+03,2.010632600762328526e+00
1.805000000000000000e+03,1.875984672969274625e+00
1.806000000000000000e+03,1.800947010098574719e+00
1.807000000000000000e+03,1.936703049772908303e+00
1.808000000000000000e+03,1.858042349010633698e+00
1.809000000000000000e+03,1.759768973025876759e+00
1.810000000000000000e+03,1.881288123810004320e+00
1.811000000000000000e+03,1.592221914330688159e+00
1.812000000000000000e+03,1.413686355006322115e+00
1.813000000000000000e+03,1.614050779474808905e+00
1.814000000000000000e+03,1.430652289691503043e+00
1.815000000000000000e+03,9.833747312711701438e-01
1.816000000000000000e+03,1.276483487972879471e+00
1.817000000000000000e+03,1.406840431552440540e+00
1.818000000000000000e+03,1.174918230325882940e+00
1.819000000000000000e+03,1.452854594116896658e+00
1.820000000000000000e+03,1.301381769593233262e+00
1.821000000000000000e+03,1.198283939989941871e+00
1.822000000000000000e+03,1.560058963837621437e+00
1.823000000000000000e+03,1.506233167834864384e+00
1.824000000000000000e+03,1.126407388296873702e+00
1.825000000000000000e+03,1.549405998858477185e+00
1.826000000000000000e+03,1.477944929485345726e+00
1.827000000000000000e+03,1.695088955302780587e+00
1.828000000000000000e+03,1.399534357461966527e+00
1.829000000000000000e+03,1.288192997657821470e+00
1.830000000000000000e+03,1.657485430508689683e+00
1.831000000000000000e+03,1.875149132828282550e+00
1.832000000000000000e+03,2.008660371993872040e+00
1.833000000000000000e+03,1.735009191054847077e+00
1.834000000000000000e+03,1.282039493770224858e+00
1.835000000000000000e+03,1.498709479418982360e+00
1.836000000000000000e+03,1.175837209984181619e+00
1.837000000000000000e+03,1.405973884815536090e+00
1.838000000000000000e+03,1.268391156082031124e+00
1.839000000000000000e+03,1.331135648865799936e+00
1.840000000000000000e+03,1.358277621282964587e+00
1.841000000000000000e+03,1.501512643070449515e+00
1.842000000000000000e+03,1.658857884965637686e+00
1.843000000000000000e+03,1.190694032660272184e+00
1.844000000000000000e+03,1.364391977368530462e+00
1.845000000000000000e+03,1.838865325598420863e+00
1.846000000000000000e+03,1.106197499352574498e+00
1.847000000000000000e+03,1.079648338549174857e+00
1.848000000000000000e+03,1.191443184649695564e+00
1.849000000000000000e+03,1.238946338423948523e+00
1.850000000000000000e+03,1.165513207915143123e+00
1.851000000000000000e+03,1.154047103247030304e+00
1.852000000000000000e+03,1.008613579215717593e+00
1.853000000000000000e+03,1.285694033108001788e+00
1.854000000000000000e+03,1.476778487412289120e+00
1.855000000000000000e+03,1.065089075902960314e+00
1.856000000000000000e+03,1.165681322125353248e+00
1.857000000000000000e+03,9.998973990290866976e-01
1.858000000000000000e+03,1.011954687254127849e+00
1.859000000000000000e+03,1.172834915492784180e+00
1.860000000000000000e+03,1.034331463103799198e+00
1.861000000000000000e+03,1.118241620665267000e+00
1.862000000000000000e+03,1.306780474992805807e+00
1.863000000000000000e+03,1.043579554622218186e+00
1.864000000000000000e+03,8.515170007859702572e-01
1.865000000000000000e+03,1.397077590141931003e+00
1.866000000000000000e+03,1.475438949014781009e+00
1.867000000000000000e+03,1.540957850109920368e+00
1.868000000000000000e+03,1.812597499501741538e+00
1.869000000000000000e+03,1.570288676004178097e+00
1.870000000000000000e+03,1.594189261334788554e+00
1.871000000000000000e+03,1.490458293873389461e+00
1.872000000000000000e+03,1.892980100836458401e+00
1.873000000000000000e+03,1.721953347106391696e+00
1.874000000000000000e+03,1.486198520460648931e+00
1.875000000000000000e+03,1.794830370914278772e+00
1.876000000000000000e+03,1.985349582821566594e+00
1.877000000000000000e+03,2.266143077963946428e+00
1.878000000000000000e+03,2.366223332828349513e+00
1.879000000000000000e+03,2.239489686393233647e+00
1.880000000000000000e+03,2.483427063546709945e+00
1.881000000000000000e+03,2.636272166842554388e+00
1.882000000000000000e+03,2.626355243406936157e+00
1.883000000000000000e+03,2.485686645893239621e+00
1.884000000000000000e+03,2.438113199894319738e+00
1.885000000000000000e+03,3.038344002881788075e+00
1.886000000000000000e+03,3.239696375416432073e+00
1.887000000000000000e+03,2.886306385177630052e+00
1.888000000000000000e+03,2.671395970930198871e+00
1.889000000000000000e+03,2.964801727325519831e+00
1.890000000000000000e+03,3.201513375786317894e+00
1.891000000000000000e+03,3.253422411163600092e+00
1.892000000000000000e+03,3.559298708562023794e+00
1.893000000000000000e+03,3.175015939252986641e+00
1.894000000000000000e+03,3.552142684522317850e+00
1.895000000000000000e+03,3.623895372272882831e+00
1.896000000000000000e+03,3.459982459351827799e+00
1.897000000000000000e+03,3.332815804200393917e+00
1.898000000000000000e+03,3.222988428172299802e+00
1.899000000000000000e+03,3.529975548523854645e+00
1.900000000000000000e+03,3.724073884855833683e+00
1.901000000000000000e+03,3.304838875392035913e+00
1.902000000000000000e+03,3.458925666065660653e+00
1.903000000000000000e+03,3.822573744681030838e+00
1.904000000000000000e+03,4.029734259921305295e+00
1.905000000000000000e+03,3.724145817105628975e+00
1.906000000000000000e+03,3.670288181131732941e+00
1.907000000000000000e+03,3.873418857418691186e+00
1.908000000000000000e+03,4.130047185625429940e+00
1.909000000000000000e+03,4.246822774687796453e+00
1.910000000000000000e+03,3.786152139284711282e+00
1.911000000000000000e+03,3.979568957133809537e+00
1.912000000000000000e+03,4.041038945327914966e+00
1.913000000000000000e+03,4.217519754856868808e+00
1.914000000000000000e+03,4.153646514928164279e+00
1.915000000000000000e+03,4.155380141238586233e+00
1.916000000000000000e+03,3.907838944674927539e+00
1.917000000000000000e+03,4.455417387497421444e+00
1.918000000000000000e+03,4.370350552506723218e+00
1.919000000000000000e+03,4.274974650108566365e+00
1.920000000000000000e+03,4.216639538004831600e+00
1.921000000000000000e+03,4.205022900862659618e+00
1.922000000000000000e+03,4.306573893122456198e+00
1.923000000000000000e+03,4.316881383264774108e+00
1.924000000000000000e+03,4.214576098581995112e+00
1.925000000000000000e+03,4.237584044299211428e+00
1.926000000000000000e+03,4.501518786727545240e+00
1.927000000000000000e+03,4.712157186138567155e+00
1.928000000000000000e+03,4.239747136559849139e+00
1.929000000000000000e+03,4.305833736466242456e+00
1.930000000000000000e+03,4.485004843864532020e+00
1.931000000000000000e+03,4.255616182218292742e+00
1.932000000000000000e+03,4.225268129394666339e+00
1.933000000000000000e+03,4.441621114392070524e+00
1.934000000000000000e+03,4.107399405614050814e+00
1.935000000000000000e+03,4.204780249662913860e+00
1.936000000000000000e+03,4.605492807361434515e+00
1.937000000000000000e+03,4.372244202054490714e+00
1.938000000000000000e+03,4.235750360217163113e+00
1.939000000000000000e+03,4.253926299397090993e+00
1.940000000000000000e+03,4.512927380098989971e+00
1.941000000000000000e+03,4.294124566163346479e+00
1.942000000000000000e+03,4.205599338938572629e+00
1.943000000000000000e+03,4.088565329814485949e+00
1.944000000000000000e+03,4.738422184511396296e+00
1.945000000000000000e+03,4.615051124953811090e+00
1.946000000000000000e+03,4.092211403019457627e+00
1.947000000000000000e+03,4.210145572905696021e+00
1.948000000000000000e+03,4.226930439554087648e+00
1.949000000000000000e+03,4.472646978827684805e+00
1.950000000000000000e+03,4.912447384635661329e+00
1.951000000000000000e+03,4.440435264916141378e+00
1.952000000000000000e+03,4.531999625967759293e+00
1.953000000000000000e+03,4.750285805695878771e+00
1.954000000000000000e+03,4.776086715192453980e+00
1.955000000000000000e+03,4.237161598796443052e+00
1.956000000000000000e+03,4.682427860125871533e+00
1.957000000000000000e+03,4.765734767980849718e+00
1.958000000000000000e+03,5.058139416160951640e+00
1.959000000000000000e+03,4.605214486263020213e+00
1.960000000000000000e+03,4.770840742265431089e+00
1.961000000000000000e+03,4.478966664320143565e+00
1.962000000000000000e+03,4.811487233129401631e+00
1.963000000000000000e+03,5.044097126153574528e+00
1.964000000000000000e+03,4.676224555080787937e+00
1.965000000000000000e+03,4.533827053657888406e+00
1.966000000000000000e+03,4.894259369557477868e+00
1.967000000000000000e+03,4.795425582417425225e+00
1.968000000000000000e+03,4.873162366400873857e+00
1.969000000000000000e+03,4.618835330776681403e+00
1.970000000000000000e+03,4.610529180334105526e+00
1.971000000000000000e+03,4.885282822618050247e+00
1.972000000000000000e+03,4.945247342355788334e+00
1.973000000000000000e+03,4.793071780049785957e+00
1.974000000000000000e+03,4.439629303341718014e+00
1.975000000000000000e+03,4.722190163397322671e+00
1.976000000000000000e+03,4.646408298466498721e+00
1.977000000000000000e+03,4.793812612970937082e+00
1.978000000000000000e+03,4.549960242636798213e+00
1.979000000000000000e+03,4.756720807370138360e+00
1.980000000000000000e+03,4.901041385343398282e+00
1.981000000000000000e+03,4.905824168815955844e+00
1.982000000000000000e+03,4.629523306955976913e+00
1.983000000000000000e+03,4.593661406582256745e+00
1.984000000000000000e+03,4.409273184528117007e+00
1.985000000000000000e+03,4.699268521661180920e+00
1.986000000000000000e+03,4.776081509188171204e+00
1.987000000000000000e+03,4.566577611453723762e+00
1.988000000000000000e+03,4.555291380137017399e+00
1.989000000000000000e+03,4.434354413083290147e+00
1.990000000000000000e+03,4.741796700865884340e+00
1.991000000000000000e+03,4.411341495418771963e+00
1.992000000000000000e+03,4.609680398047811600e+00
1.993000000000000000e+03,4.310422577545357292e+00
1.994000000000000000e+03,4.608279042456842944e+00
1.995000000000000000e+03,4.687492894793664711e+00
1.996000000000000000e+03,4.831878261334854763e+00
1.997000000000000000e+03,4.581668651469354536e+00
1.998000000000000000e+03,4.681365352498763954e+00
1.999000000000000000e+03,4.649533839863893903e+00
2.000000000000000000e+03,4.822079574621708886e+00
2.001000000000000000e+03,4.429172602771138223e+00
2.002000000000000000e+03,4.645472190569228665e+00
2.003000000000000000e+03,4.599601711298412887e+00
2.004000000000000000e+03,4.823971977797352650e+00
2.005000000000000000e+03,4.746513372227174621e+00
2.006000000000000000e+03,4.666710105069574510e+00
2.007000000000000000e+03,4.748116273675107024e+00
2.008000000000000000e+03,4.932416425749858391e+00
2.009000000000000000e+03,4.877202451341894118e+00
2.010000000000000000e+03,4.808389785402606087e+00
2.011000000000000000e+03,4.396541546068647222e+00
2.012000000000000000e+03,4.970336099559685472e+00
2.013000000000000000e+03,5.193611546149325520e+00
2.014000000000000000e+03,5.208310416355410588e+00
2.015000000000000000e+03,4.945159909294325473e+00
2.016000000000000000e+03,4.708994536324587976e+00
2.017000000000000000e+03,4.755546217176846113e+00
2.018000000000000000e+03,5.396611188254375691e+00
2.019000000000000000e+03,4.960912371374103458e+00
2.020000000000000000e+03,4.740238969354402698e+00
2.021000000000000000e+03,4.974990836237207503e+00
2.022000000000000000e+03,4.891616312409719391e+00
2.023000000000000000e+03,5.136206429271747531e+00
2.024000000000000000e+03,4.695846186954059753e+00
2.025000000000000000e+03,4.780314621568794387e+00
2.026000000000000000e+03,4.926266642997902956e+00
2.027000000000000000e+03,5.166056705193764920e+00
2.028000000000000000e+03,4.921160944284067362e+00
2.029000000000000000e+03,4.742740282253218531e+00
2.030000000000000000e+03,4.748091936289692505e+00
2.031000000000000000e+03,4.734397837502192452e+00
2.032000000000000000e+03,4.792458813285432662e+00
2.033000000000000000e+03,4.943761814750176065e+00
2.034000000000000000e+03,4.629631610160712007e+00
2.035000000000000000e+03,4.861213704719449247e+00
2.036000000000000000e+03,5.022706788269704070e+00
2.037000000000000000e+03,4.893059117404033209e+00
2.038000000000000000e+03,4.631949729512258251e+00
2.039000000000000000e+03,4.877032444696260960e+00
2.040000000000000000e+03,4.949126092350920381e+00
2.041000000000000000e+03,4.923026783196118750e+00
2.042000000000000000e+03,4.579244791254976299e+00
2.043000000000000000e+03,4.723858931747396461e+00
2.044000000000000000e+03,4.697239991590552499e+00
2.045000000000000000e+03,4.784337727398781048e+00
2.046000000000000000e+03,4.672299322244215070e+00
2.047000000000000000e+03,4.491350245194793978e+00
2.048000000000000000e+03,4.570583978074606257e+00
2.049000000000000000e+03,4.692651140580361258e+00
2.050000000000000000e+03,4.649892091700800201e+00
2.051000000000000000e+03,4.695757146546787553e+00
2.052000000000000000e+03,4.580089345309811044e+00
2.053000000000000000e+03,4.995026789301546977e+00
2.054000000000000000e+03,4.756791908715921835e+00
2.055000000000000000e+03,4.905121708854218276e+00
2.056000000000000000e+03,4.490707661845178222e+00
2.057000000000000000e+03,4.582145720412762913e+00
2.058000000000000000e+03,4.727431932893093602e+00
2.059000000000000000e+03,4.753459744438107037e+00
2.060000000000000000e+03,4.660258105483043423e+00
2.061000000000000000e+03,4.473976611356685673e+00
2.062000000000000000e+03,4.548038468430093850e+00
2.063000000000000000e+03,4.511359947260837444e+00
2.064000000000000000e+03,4.506062207063692426e+00
2.065000000000000000e+03,4.298095969540717931e+00
2.066000000000000000e+03,4.190901890904666693e+00
2.067000000000000000e+03,4.344347742779025801e+00
2.068000000000000000e+03,4.346553483778492932e+00
2.069000000000000000e+03,4.284997716635627896e+00
2.070000000000000000e+03,4.195965334976915706e+00
2.071000000000000000e+03,4.638368813154785997e+00
2.072000000000000000e+03,4.595119077242189931e+00
2.073000000000000000e+03,4.519925544676853590e+00
2.074000000000000000e+03,4.426078356484622667e+00
2.075000000000000000e+03,4.553801245705842327e+00
2.076000000000000000e+03,4.545683800256196783e+00
2.077000000000000000e+03,4.667037651366053197e+00
2.078000000000000000e+03,4.515249271537599363e+00
2.079000000000000000e+03,4.444696385134776939e+00
2.080000000000000000e+03,4.250522362206440974e+00
2.081000000000000000e+03,4.507164312911149828e+00
2.082000000000000000e+03,4.665515877096002129e+00
2.083000000000000000e+03,4.495694312925995639e+00
2.084000000000000000e+03,4.392026675410868108e+00
2.085000000000000000e+03,4.564105283678879132e+00
2.086000000000000000e+03,4.750557667414190277e+00
2.087000000000000000e+03,4.474639252795853395e+00
2.088000000000000000e+03,4.387316926271985551e+00
2.089000000000000000e+03,4.502994080230799945e+00
2.090000000000000000e+03,4.526623524761971495e+00
2.091000000000000000e+03,4.488267194237939073e+00
2.092000000000000000e+03,4.444510274847052855e+00
2.093000000000000000e+03,4.418624445336140738e+00
2.094000000000000000e+03,4.281959135870715194e+00
2.095000000000000000e+03,4.814178609346989823e+00
2.096000000000000000e+03,4.854882355085183399e+00
2.097000000000000000e+03,4.664662752034612225e+00
2.098000000000000000e+03,4.759798611674722402e+00
2.099000000000000000e+03,4.848748104759396327e+00
2.100000000000000000e+03,4.784242367700913157e+00
2.101000000000000000e+03,4.637310021101929358e+00
2.102000000000000000e+03,4.719978668835071112e+00
2.103000000000000000e+03,4.866310461152574263e+00
2.104000000000000000e+03,4.918971294856019583e+00
2.105000000000000000e+03,4.886732298761979010e+00
2.106000000000000000e+03,4.671434715544760863e+00
2.107000000000000000e+03,4.905733066880570092e+00
2.108000000000000000e+03,4.843751232728850553e+00
2.109000000000000000e+03,4.724938324936132972e+00
2.110000000000000000e+03,4.619218391590321104e+00
2.111000000000000000e+03,4.641648018909449114e+00
2.112000000000000000e+03,4.807861702756960121e+00
2.113000000000000000e+03,4.817503810731938785e+00
2.114000000000000000e+03,4.812153140041080412e+00
2.115000000000000000e+03,4.674090292171339200e+00
2.116000000000000000e+03,4.749776614111447692e+00
2.117000000000000000e+03,4.693237257368394921e+00
2.118000000000000000e+03,4.835211339438874489e+00
2.119000000000000000e+03,4.684228114385907915e+00
2.120000000000000000e+03,4.579097438093568506e+00
2.121000000000000000e+03,4.846448329201590077e+00
2.122000000000000000e+03,4.911251760231422736e+00
2.123000000000000000e+03,4.902676122415053683e+00
2.124000000000000000e+03,4.795831961553473022e+00
2.125000000000000000e+03,4.625756295410768715e+00
2.126000000000000000e+03,4.926816822348154545e+00
2.127000000000000000e+03,4.801059485764805679e+00
2.128000000000000000e+03,4.715592078043729707e+00
2.129000000000000000e+03,4.631127987146004266e+00
2.130000000000000000e+03,4.678873394847816947e+00
2.131000000000000000e+03,4.848894049318989374e+00
2.132000000000000000e+03,4.713387295012863021e+00
2.133000000000000000e+03,4.669749187937805246e+00
2.134000000000000000e+03,4.713144679521868774e+00
2.135000000000000000e+03,4.921395351709112020e+00
2.136000000000000000e+03,5.070239580658940426e+00
2.137000000000000000e+03,4.660882800294370298e+00
2.138000000000000000e+03,4.569919226155047198e+00
2.139000000000000000e+03,4.757048063243470182e+00
2.140000000000000000e+03,4.760259746775258982e+00
2.141000000000000000e+03,4.747386050440487892e+00
2.142000000000000000e+03,4.728334870614514962e+00
2.143000000000000000e+03,4.733563876778336343e+00
2.144000000000000000e+03,5.023626138918643846e+00
2.145000000000000000e+03,5.131815945236164467e+00
2.146000000000000000e+03,5.021079384560124481e+00
2.147000000000000000e+03,4.956230157148888260e+00
2.148000000000000000e+03,4.689080877825291260e+00
2.149000000000000000e+03,4.809529306597902121e+00
2.150000000000000000e+03,4.947051448812853636e+00
2.151000000000000000e+03,4.697391303299876419e+00
2.152000000000000000e+03,4.749546935066654818e+00
2.153000000000000000e+03,4.722120802201370537e+00
2.154000000000000000e+03,4.954123791520180120e+00
2.155000000000000000e+03,4.524231008926801856e+00
2.156000000000000000e+03,4.524785842802970137e+00
2.157000000000000000e+03,4.692785841894784760e+00
2.158000000000000000e+03,4.873456966668218371e+00
2.159000000000000000e+03,4.988689289251347248e+00
2.160000000000000000e+03,4.716803180136023066e+00
2.161000000000000000e+03,4.586821606816011254e+00
2.162000000000000000e+03,4.778630314108297306e+00
2.163000000000000000e+03,4.865197251113650090e+00
2.164000000000000000e+03,4.794772646400036642e+00
2.165000000000000000e+03,4.587564554549127038e+00
2.166000000000000000e+03,4.588618689956322605e+00
2.167000000000000000e+03,4.775466274067475148e+00
2.168000000000000000e+03,5.013301082054208102e+00
2.169000000000000000e+03,4.834934761105793122e+00
2.170000000000000000e+03,4.888451263238675182e+00
2.171000000000000000e+03,4.710366847545593316e+00
2.172000000000000000e+03,4.987448663343897692e+00
2.173000000000000000e+03,5.015452605743557335e+00
2.174000000000000000e+03,4.461296500771707585e+00
2.175000000000000000e+03,4.527363966125895978e+00
2.176000000000000000e+03,4.616497431140849983e+00
2.177000000000000000e+03,4.451835324143688766e+00
2.178000000000000000e+03,4.859195705768189377e+00
2.179000000000000000e+03,4.747142106667937789e+00
2.180000000000000000e+03,4.825980169899996675e+00
2.181000000000000000e+03,4.990874887531047577e+00
2.182000000000000000e+03,4.943226494170965601e+00
2.183000000000000000e+03,4.892008136289486053e+00
2.184000000000000000e+03,4.756950494685912467e+00
2.185000000000000000e+03,4.903323422807871701e+00
2.186000000000000000e+03,4.873020878151359092e+00
2.187000000000000000e+03,4.704991376841542561e+00
2.188000000000000000e+03,4.581729872925420999e+00
2.189000000000000000e+03,4.741064995807851901e+00
2.190000000000000000e+03,4.776507668051129585e+00
2.191000000000000000e+03,4.959009110045467850e+00
2.192000000000000000e+03,4.692030479239281959e+00
2.193000000000000000e+03,4.593788551503550366e+00
2.194000000000000000e+03,4.902329171062239865e+00
2.195000000000000000e+03,4.896873226376671440e+00
2.196000000000000000e+03,4.682302326186737140e+00
2.197000000000000000e+03,4.403591458353943722e+00
2.198000000000000000e+03,4.412777958309183290e+00
2.199000000000000000e+03,4.623476217721911752e+00
2.200000000000000000e+03,4.509884701971556886e+00
2.201000000000000000e+03,4.308931146465686091e+00
2.202000000000000000e+03,4.020493182405003196e+00
2.203000000000000000e+03,4.226877167409094582e+00
2.204000000000000000e+03,4.227700734184641540e+00
2.205000000000000000e+03,4.236040337767138730e+00
2.206000000000000000e+03,4.059874618213849651e+00
2.207000000000000000e+03,4.228783839193002159e+00
2.208000000000000000e+03,4.117104355053538001e+00
2.209000000000000000e+03,4.196539271502325086e+00
2.210000000000000000e+03,4.163069705875837023e+00
2.211000000000000000e+03,4.027832943349904937e+00
2.212000000000000000e+03,4.114370406985138118e+00
2.213000000000000000e+03,4.226590451108167557e+00
2.214000000000000000e+03,4.112561197213527642e+00
2.215000000000000000e+03,4.083916654715020300e+00
2.216000000000000000e+03,4.099069621112870543e+00
2.217000000000000000e+03,4.365911865203845998e+00
2.218000000000000000e+03,4.274840271244542578e+00
2.219000000000000000e+03,4.307169935639929115e+00
2.220000000000000000e+03,4.185980025798965443e+00
2.221000000000000000e+03,4.102301586426523095e+00
2.222000000000000000e+03,4.616503752722137754e+00
2.223000000000000000e+03,4.330437641410795457e+00
2.224000000000000000e+03,4.194123297880671508e+00
2.225000000000000000e+03,4.134612168211198480e+00
2.226000000000000000e+03,4.288618417184096643e+00
2.227000000000000000e+03,4.320081711105095756e+00
2.228000000000000000e+03,4.101756914768312612e+00
2.229000000000000000e+03,4.068417969210642582e+00
2.230000000000000000e+03,4.518166853223585910e+00
2.231000000000000000e+03,4.261383134748314205e+00
2.232000000000000000e+03,4.091877287436989974e+00
2.233000000000000000e+03,4.305995006062556918e+00
2.234000000000000000e+03,4.353972075511518547e+00
2.235000000000000000e+03,4.377902554930917844e+00
2.236000000000000000e+03,4.320676611130243039e+00
2.237000000000000000e+03,4.424344873981175041e+00
2.238000000000000000e+03,4.226094815781266334e+00
2.239000000000000000e+03,4.429659033210984198e+00
2.240000000000000000e+03,4.553959859866572479e+00
2.241000000000000000e+03,4.519718629296752610e+00
2.242000000000000000e+03,4.297096919425936079e+00
2.243000000000000000e+03,4.419779358190020879e+00
2.244000000000000000e+03,4.471846493426322233e+00
2.245000000000000000e+03,4.714692956674085167e+00
2.246000000000000000e+03,4.481953388773938229e+00
2.247000000000000000e+03,4.432085172886169211e+00
2.248000000000000000e+03,4.415451754457728306e+00
2.249000000000000000e+03,4.718577464660101306e+00
2.250000000000000000e+03,4.654861225930440938e+00
2.251000000000000000e+03,4.474281796498615904e+00
2.252000000000000000e+03,4.030055035801088259e+00
2.253000000000000000e+03,4.347979254894111634e+00
2.254000000000000000e+03,4.496280598779502036e+00
2.255000000000000000e+03,4.416448242092859466e+00
2.256000000000000000e+03,4.300945608985958124e+00
2.257000000000000000e+03,4.276231730733641712e+00
2.258000000000000000e+03,4.333705605645926440e+00
2.259000000000000000e+03,4.450234788596890034e+00
2.260000000000000000e+03,4.262688317158113804e+00
2.261000000000000000e+03,4.178820020376367239e+00
2.262000000000000000e+03,4.354473492303537974e+00
2.263000000000000000e+03,4.369079207299116696e+00
2.264000000000000000e+03,4.328918054866241150e+00
2.265000000000000000e+03,4.094977891720914087e+00
2.266000000000000000e+03,4.200609438858496247e+00
2.267000000000000000e+03,4.318354945160498559e+00
2.268000000000000000e+03,4.069005095961841789e+00
2.269000000000000000e+03,4.161299039905564712e+00
2.270000000000000000e+03,4.129644775764817588e+00
2.271000000000000000e+03,4.261277269451022143e+00
2.272000000000000000e+03,4.210184864141440997e+00
2.273000000000000000e+03,4.176133893774987449e+00
2.274000000000000000e+03,4.018937245368884525e+00
2.275000000000000000e+03,3.910421826337956652e+00
2.276000000000000000e+03,4.114065067946836685e+00
2.277000000000000000e+03,4.130327326019683554e+00
2.278000000000000000e+03,4.029651118802362930e+00
2.279000000000000000e+03,4.339430619951200718e+00
2.280000000000000000e+03,4.169929877017795938e+00
2.281000000000000000e+03,4.121315069336871417e+00
2.282000000000000000e+03,4.373180456283336959e+00
2.283000000000000000e+03,4.201738291111988488e+00
2.284000000000000000e+03,3.962467610156548137e+00
2.285000000000000000e+03,4.194319349115811058e+00
2.286000000000000000e+03,4.308629426759241099e+00
2.287000000000000000e+03,4.085616946559091467e+00
2.288000000000000000e+03,4.036114513813378046e+00
2.289000000000000000e+03,4.130158475392610384e+00
2.290000000000000000e+03,4.312105056290576499e+00
2.291000000000000000e+03,4.254305261842487695e+00
2.292000000000000000e+03,3.883634486238086048e+00
2.293000000000000000e+03,3.940837465089824132e+00
2.294000000000000000e+03,3.945893769674987173e+00
2.295000000000000000e+03,4.202341952013957105e+00
2.296000000000000000e+03,4.047261146032341550e+00
2.297000000000000000e+03,3.959442480333213332e+00
2.298000000000000000e+03,3.892014905993769425e+00
2.299000000000000000e+03,4.362549115411368028e+00
2.300000000000000000e+03,4.255911269678987807e+00
2.301000000000000000e+03,4.038116911396345543e+00
2.302000000000000000e+03,3.892484018685319569e+00
2.303000000000000000e+03,4.109085491109096822e+00
2.304000000000000000e+03,4.181384591858873456e+00
2.305000000000000000e+03,4.101788933133642345e+00
2.306000000000000000e+03,3.767410956665816268e+00
2.307000000000000000e+03,3.759871322393913307e+00
2.308000000000000000e+03,3.832251527133896385e+00
2.309000000000000000e+03,3.894687843731320154e+00
2.310000000000000000e+03,3.734111340375435351e+00
2.311000000000000000e+03,3.788837689410538001e+00
2.312000000000000000e+03,3.780852455671640744e+00
2.313000000000000000e+03,3.862176910372603356e+00
2.314000000000000000e+03,3.719049252571389186e+00
2.315000000000000000e+03,3.682300057959250417e+00
2.316000000000000000e+03,3.639659078098830935e+00
2.317000000000000000e+03,3.726317282631424366e+00
2.318000000000000000e+03,3.887569464379356798e+00
2.319000000000000000e+03,3.737101060779826067e+00
2.320000000000000000e+03,3.619154060573739340e+00
2.321000000000000000e+03,3.772520359103990639e+00
2.322000000000000000e+03,3.820624460141145651e+00
2.323000000000000000e+03,3.834884505179393610e+00
2.324000000000000000e+03,3.574917649320179525e+00
2.325000000000000000e+03,3.682890114727566555e+00
2.326000000000000000e+03,3.758622814053687033e+00
2.327000000000000000e+03,3.711595688976891516e+00
2.328000000000000000e+03,3.966567190210279481e+00
2.329000000000000000e+03,3.776435580857394836e+00
2.330000000000000000e+03,3.900724349154029547e+00
2.331000000000000000e+03,3.976681038410258662e+00
2.332000000000000000e+03,3.900151110649726416e+00
2.333000000000000000e+03,3.786004474463204428e+00
2.334000000000000000e+03,3.674361336472732109e+00
2.335000000000000000e+03,3.867783260663965716e+00
2.336000000000000000e+03,4.143482336976281211e+00
2.337000000000000000e+03,3.937797829888850742e+00
2.338000000000000000e+03,4.013214961529023128e+00
2.339000000000000000e+03,4.165923193751403630e+00
2.340000000000000000e+03,4.146395577236331675e+00
2.341000000000000000e+03,4.220466071771627803e+00
2.342000000000000000e+03,3.899093028826458252e+00
2.343000000000000000e+03,3.932079883639459705e+00
2.344000000000000000e+03,4.161626209111522812e+00
2.345000000000000000e+03,4.231400961792070703e+00
2.346000000000000000e+03,4.052208108937248809e+00
2.347000000000000000e+03,3.974387792918477658e+00
2.348000000000000000e+03,3.806379406705174606e+00
2.349000000000000000e+03,4.069228873876985730e+00
2.350000000000000000e+03,4.178881098013087936e+00
2.351000000000000000e+03,4.052971160978692922e+00
2.352000000000000000e+03,4.080893562450056855e+00
2.353000000000000000e+03,4.101446741316184585e+00
2.354000000000000000e+03,4.251620943621220228e+00
2.355000000000000000e+03,3.992911770692038953e+00
2.356000000000000000e+03,3.821089358839777184e+00
2.357000000000000000e+03,3.892058865867684236e+00
2.358000000000000000e+03,3.872583055825713494e+00
2.359000000000000000e+03,3.872324417229967342e+00
2.360000000000000000e+03,3.705480225544148798e+00
2.361000000000000000e+03,3.750152148801369378e+00
2.362000000000000000e+03,3.828265066566427066e+00
2.363000000000000000e+03,3.908586709133416992e+00
2.364000000000000000e+03,3.879374568284917224e+00
2.365000000000000000e+03,3.689144169304416465e+00
2.366000000000000000e+03,3.722286816246358487e+00
2.367000000000000000e+03,3.886220790234664157e+00
2.368000000000000000e+03,3.773144186407601630e+00
2.369000000000000000e+03,3.826480593589293377e+00
2.370000000000000000e+03,3.642432467718994982e+00
2.371000000000000000e+03,3.775512602280997498e+00
2.372000000000000000e+03,3.798657833023376451e+00
2.373000000000000000e+03,3.728743135656929386e+00
2.374000000000000000e+03,3.581574759123772544e+00
2.375000000000000000e+03,3.629772079800447582e+00
2.376000000000000000e+03,3.930885619852189095e+00
2.377000000000000000e+03,3.909533370220133364e+00
2.378000000000000000e+03,3.699377655296910650e+00
2.379000000000000000e+03,3.524279065156807000e+00
2.380000000000000000e+03,3.488476329101317219e+00
2.381000000000000000e+03,3.845017598249863333e+00
2.382000000000000000e+03,3.764870915148227581e+00
2.383000000000000000e+03,3.545844588216067184e+00
2.384000000000000000e+03,3.585230209665066337e+00
2.385000000000000000e+03,3.819238486807923660e+00
2.386000000000000000e+03,3.700382742945637737e+00
2.387000000000000000e+03,3.637286367248427243e+00
2.388000000000000000e+03,3.609859113659117824e+00
2.389000000000000000e+03,3.694248052904860469e+00
2.390000000000000000e+03,3.790787252942253271e+00
2.391000000000000000e+03,3.785905745782687681e+00
2.392000000000000000e+03,3.656323880069693999e+00
2.393000000000000000e+03,3.714777686706411508e+00
2.394000000000000000e+03,3.788881532506300776e+00
2.395000000000000000e+03,4.124981684390594872e+00
2.396000000000000000e+03,4.010262628696987797e+00
2.397000000000000000e+03,3.955621772138136816e+00
2.398000000000000000e+03,3.977958784942825510e+00
2.399000000000000000e+03,4.083349907488561747e+00
2.400000000000000000e+03,4.071897600333392653e+00
2.401000000000000000e+03,3.887611778911471916e+00
2.402000000000000000e+03,3.929813093929418244e+00
2.403000000000000000e+03,3.989262295879669296e+00
2.404000000000000000e+03,4.041052563619655480e+00
2.405000000000000000e+03,3.627516236315211806e+00
2.406000000000000000e+03,3.944003077210482822e+00
2.407000000000000000e+03,3.964155284713187122e+00
2.408000000000000000e+03,3.752448768403847001e+00
2.409000000000000000e+03,3.848183757419960216e+00
2.410000000000000000e+03,3.688633146138590835e+00
2.411000000000000000e+03,3.712686764234541581e+00
2.412000000000000000e+03,3.790834972604886666e+00
2.413000000000000000e+03,3.933066501725606123e+00
2.414000000000000000e+03,3.696317622458812568e+00
2.415000000000000000e+03,3.656813782854232642e+00
2.416000000000000000e+03,3.669496301882595457e+00
2.417000000000000000e+03,3.841201189937069493e+00
2.418000000000000000e+03,3.849743324111672749e+00
2.419000000000000000e+03,3.751973907062130298e+00
2.420000000000000000e+03,3.669197349007516706e+00
2.421000000000000000e+03,3.659043616917141861e+00
2.422000000000000000e+03,3.917698854465397673e+00
2.423000000000000000e+03,3.639880981417884076e+00
2.424000000000000000e+03,3.321113334805342543e+00
2.425000000000000000e+03,3.219075347453912439e+00
2.426000000000000000e+03,3.432487394559204485e+00
2.427000000000000000e+03,3.585293555075017569e+00
2.428000000000000000e+03,3.411367996399999214e+00
2.429000000000000000e+03,3.208227150742846145e+00
2.430000000000000000e+03,3.364474678996599355e+00
2.431000000000000000e+03,3.555896716327695106e+00
2.432000000000000000e+03,3.354652608934833857e+00
2.433000000000000000e+03,3.323452473336223179e+00
2.434000000000000000e+03,3.255785996998547649e+00
2.435000000000000000e+03,3.433714098368148449e+00
2.436000000000000000e+03,3.472706158697135503e+00
2.437000000000000000e+03,3.197783031366378204e+00
2.438000000000000000e+03,3.735697601368624721e+00
2.439000000000000000e+03,3.749573479126337983e+00
2.440000000000000000e+03,3.922340846310803819e+00
2.441000000000000000e+03,4.062308890182894316e+00
2.442000000000000000e+03,3.740482608039819468e+00
2.443000000000000000e+03,3.699021182873078573e+00
2.444000000000000000e+03,3.763661645629925889e+00
2.445000000000000000e+03,3.971143305608813012e+00
2.446000000000000000e+03,3.762341355757594208e+00
2.447000000000000000e+03,3.603516390796078550e+00
2.448000000000000000e+03,3.758866760956241837e+00
2.449000000000000000e+03,3.803189963801137274e+00
2.450000000000000000e+03,3.989547552227403315e+00
2.451000000000000000e+03,3.750433201050840548e+00
2.452000000000000000e+03,3.715856835786008894e+00
2.453000000000000000e+03,3.918721914928244399e+00
2.454000000000000000e+03,4.058290939649927154e+00
2.455000000000000000e+03,3.836684224630094509e+00
2.456000000000000000e+03,3.830422064702337703e+00
2.457000000000000000e+03,3.801037615037447193e+00
2.458000000000000000e+03,3.929517978940944012e+00
2.459000000000000000e+03,3.789633414082620444e+00
2.460000000000000000e+03,3.666074669274201447e+00
2.461000000000000000e+03,3.785821969504215456e+00
2.462000000000000000e+03,3.933373318848921052e+00
2.463000000000000000e+03,4.075179886854316536e+00
2.464000000000000000e+03,3.859480881979742595e+00
2.465000000000000000e+03,3.782598568409934359e+00
2.466000000000000000e+03,3.764539088685453727e+00
2.467000000000000000e+03,3.733346781086275268e+00
2.468000000000000000e+03,3.871836335911437388e+00
2.469000000000000000e+03,3.828188529565247578e+00
2.470000000000000000e+03,3.639940196431994401e+00
2.471000000000000000e+03,3.791044230560470574e+00
2.472000000000000000e+03,3.845999760154172886e+00
2.473000000000000000e+03,3.797421295757589910e+00
2.474000000000000000e+03,3.712464483568498785e+00
2.475000000000000000e+03,3.596474842008672734e+00
2.476000000000000000e+03,3.808102414769353405e+00
2.477000000000000000e+03,3.659564125577523086e+00
2.478000000000000000e+03,3.913938573070882221e+00
2.479000000000000000e+03,3.801246750927699036e+00
2.480000000000000000e+03,3.834725872243367473e+00
2.481000000000000000e+03,3.859247136363825437e+00
2.482000000000000000e+03,3.905707874336437957e+00
2.483000000000000000e+03,3.718751447842829183e+00
2.484000000000000000e+03,3.785893605439825116e+00
2.485000000000000000e+03,3.853376080421562211e+00
2.486000000000000000e+03,3.975026175721675603e+00
2.487000000000000000e+03,3.576813215853974270e+00
2.488000000000000000e+03,3.219525783339132641e+00
2.489000000000000000e+03,3.360798429950873079e+00
2.490000000000000000e+03,3.498961916932248783e+00
2.491000000000000000e+03,3.490516227638633673e+00
2.492000000000000000e+03,3.384085141491331772e+00
2.493000000000000000e+03,3.194767077636253561e+00
2.494000000000000000e+03,3.251159639765618170e+00
2.495000000000000000e+03,3.365526554853484953e+00
2.496000000000000000e+03,3.628093450838601353e+00
2.497000000000000000e+03,3.202290027212470136e+00
2.498000000000000000e+03,3.391782583829775266e+00
2.499000000000000000e+03,3.255767221533071965e+00
2.500000000000000000e+03,3.204371439121826981e+00
2.501000000000000000e+03,3.029815992242275602e+00
2.502000000000000000e+03,3.132231318054387703e+00
2.503000000000000000e+03,3.204928455473603943e+00
2.504000000000000000e+03,3.286200402461173287e+00
2.505000000000000000e+03,3.105872021936560312e+00
2.506000000000000000e+03,3.015508088726149172e+00
2.507000000000000000e+03,2.801217471984799090e+00
2.508000000000000000e+03,3.118680019396651737e+00
2.509000000000000000e+03,3.172323606780634186e+00
2.510000000000000000e+03,2.936107174909344586e+00
2.511000000000000000e+03,2.892344081873233108e+00
2.512000000000000000e+03,3.029004439208409671e+00
2.513000000000000000e+03,2.975464260875215317e+00
2.514000000000000000e+03,3.185668305167180581e+00
2.515000000000000000e+03,3.420329648354755392e+00
2.516000000000000000e+03,3.183549717792702349e+00
2.517000000000000000e+03,3.823561938054450771e+00
2.518000000000000000e+03,3.872085405069563002e+00
2.519000000000000000e+03,3.883906819110341413e+00
2.520000000000000000e+03,3.723210230342932192e+00
2.521000000000000000e+03,3.540452339867178999e+00
2.522000000000000000e+03,3.928123714307032888e+00
2.523000000000000000e+03,3.915249867752666368e+00
2.524000000000000000e+03,3.655914795758567148e+00
2.525000000000000000e+03,3.866316191228279742e+00
2.526000000000000000e+03,4.035316474376143603e+00
2.527000000000000000e+03,3.878530865844107556e+00
2.528000000000000000e+03,4.057827846721314913e+00
2.529000000000000000e+03,3.797749292795807641e+00
2.530000000000000000e+03,3.842472983406498788e+00
2.531000000000000000e+03,3.915510483089151617e+00
2.532000000000000000e+03,4.219713529011540842e+00
2.533000000000000000e+03,3.818840795859923531e+00
2.534000000000000000e+03,3.518534351776163138e+00
2.535000000000000000e+03,3.925860497742688082e+00
2.536000000000000000e+03,3.997670006101301077e+00
2.537000000000000000e+03,3.809286643844222997e+00
2.538000000000000000e+03,3.716675926814115183e+00
2.539000000000000000e+03,4.031857842696595640e+00
2.540000000000000000e+03,4.028752853065475925e+00
2.541000000000000000e+03,3.770756112631922896e+00
2.542000000000000000e+03,3.726285701795537531e+00
2.543000000000000000e+03,3.693147494242820184e+00
2.544000000000000000e+03,4.030863006559413542e+00
2.545000000000000000e+03,3.654832556043102532e+00
2.546000000000000000e+03,3.640053734582538780e+00
2.547000000000000000e+03,3.492332401178096735e+00
2.548000000000000000e+03,3.596645628418085661e+00
2.549000000000000000e+03,3.659970632044667216e+00
2.550000000000000000e+03,3.767434419392620804e+00
2.551000000000000000e+03,3.500904564291904553e+00
2.552000000000000000e+03,3.557795664902069888e+00
2.553000000000000000e+03,3.551975241388944937e+00
2.554000000000000000e+03,3.300410480526986490e+00
2.555000000000000000e+03,3.556589455586499415e+00
2.556000000000000000e+03,3.660362484181689080e+00
2.557000000000000000e+03,3.579007140725061653e+00
2.558000000000000000e+03,3.750522462816542557e+00
2.559000000000000000e+03,3.674525503714429764e+00
2.560000000000000000e+03,3.766608516251218841e+00
2.561000000000000000e+03,3.703737115297260907e+00
2.562000000000000000e+03,4.070749538833157821e+00
2.563000000000000000e+03,4.072483711222339764e+00
2.564000000000000000e+03,4.000944824337153705e+00
2.565000000000000000e+03,3.954913010159385678e+00
2.566000000000000000e+03,4.277880072005403100e+00
2.567000000000000000e+03,4.050795035114225229e+00
2.568000000000000000e+03,4.119828434511481063e+00
2.569000000000000000e+03,4.012494716866137345e+00
2.570000000000000000e+03,3.879699202301323258e+00
2.571000000000000000e+03,4.079404934509962999e+00
2.572000000000000000e+03,4.095981522232978733e+00
2.573000000000000000e+03,4.089392741520687657e+00
2.574000000000000000e+03,3.853248876810273060e+00
2.575000000000000000e+03,3.957118909455607181e+00
2.576000000000000000e+03,3.797670715616010995e+00
2.577000000000000000e+03,4.218906291128909913e+00
2.578000000000000000e+03,3.835652052284304059e+00
2.579000000000000000e+03,3.863401803376753207e+00
2.580000000000000000e+03,3.775960869760938365e+00
2.581000000000000000e+03,4.057202441363563672e+00
2.582000000000000000e+03,4.088674300835521969e+00
2.583000000000000000e+03,3.979126692066519144e+00
2.584000000000000000e+03,3.913948510610915754e+00
2.585000000000000000e+03,3.998597871374456325e+00
2.586000000000000000e+03,4.169516300605756953e+00
2.587000000000000000e+03,4.064052939427928557e+00
2.588000000000000000e+03,3.966530319153722672e+00
2.589000000000000000e+03,3.981738919339845584e+00
2.590000000000000000e+03,4.111976236567363330e+00
2.591000000000000000e+03,3.544631612106454277e+00
2.592000000000000000e+03,3.559268389218959605e+00
2.593000000000000000e+03,3.815185156059890836e+00
2.594000000000000000e+03,3.777628198482568589e+00
2.595000000000000000e+03,3.712068343288820405e+00
2.596000000000000000e+03,3.635117560718382990e+00
2.597000000000000000e+03,3.483201626561110764e+00
2.598000000000000000e+03,3.654141934928146984e+00
2.599000000000000000e+03,3.335029987096298942e+00
2.600000000000000000e+03,3.617045595007183145e+00
2.601000000000000000e+03,3.573418519761972334e+00
2.602000000000000000e+03,3.546629671211074086e+00
2.603000000000000000e+03,3.487589583127808091e+00
2.604000000000000000e+03,3.737506815393929038e+00
2.605000000000000000e+03,3.570624639263514588e+00
2.606000000000000000e+03,3.379063141222668598e+00
2.607000000000000000e+03,3.632029053160803933e+00
2.608000000000000000e+03,3.544717377238774336e+00
2.609000000000000000e+03,3.649433891045819056e+00
2.610000000000000000e+03,3.538559298220008920e+00
2.611000000000000000e+03,3.595128746268943853e+00
2.612000000000000000e+03,3.667716571926849412e+00
2.613000000000000000e+03,3.640407063329141213e+00
2.614000000000000000e+03,3.613011751888020484e+00
2.615000000000000000e+03,3.446217110630527714e+00
2.616000000000000000e+03,3.456209898251302537e+00
2.617000000000000000e+03,3.625627297810343652e+00
2.618000000000000000e+03,3.645358483643196923e+00
2.619000000000000000e+03,3.562625389306869117e+00
2.620000000000000000e+03,3.352402222918676511e+00
2.621000000000000000e+03,3.671599390242811456e+00
2.622000000000000000e+03,3.687387018814126005e+00
2.623000000000000000e+03,3.553820073884260911e+00
2.624000000000000000e+03,3.391824707685622275e+00
2.625000000000000000e+03,3.461138701880428492e+00
2.626000000000000000e+03,3.686761582562090744e+00
2.627000000000000000e+03,3.711665878574649025e+00
2.628000000000000000e+03,3.548949450163644048e+00
2.629000000000000000e+03,3.433190057435526299e+00
2.630000000000000000e+03,3.543793677472598436e+00
2.631000000000000000e+03,3.756171870210744057e+00
2.632000000000000000e+03,3.626761447461895216e+00
2.633000000000000000e+03,3.543226584933102608e+00
2.634000000000000000e+03,3.781722422092256952e+00
2.635000000000000000e+03,3.728777202268950486e+00
2.636000000000000000e+03,3.662104717067260040e+00
2.637000000000000000e+03,3.616134311656240552e+00
2.638000000000000000e+03,3.552468523790397015e+00
2.639000000000000000e+03,3.553816123613306566e+00
2.640000000000000000e+03,3.658261430955728422e+00
2.641000000000000000e+03,3.624057419683306414e+00
2.642000000000000000e+03,3.452749164362120204e+00
2.643000000000000000e+03,3.485045661777011805e+00
2.644000000000000000e+03,3.669769749386238900e+00
2.645000000000000000e+03,3.527131566053347544e+00
2.646000000000000000e+03,3.578893369857547135e+00
2.647000000000000000e+03,3.527148547445404070e+00
2.648000000000000000e+03,3.541674296496780006e+00
2.649000000000000000e+03,3.685551232051040405e+00
2.650000000000000000e+03,3.628309518637162778e+00
2.651000000000000000e+03,3.489022864350506126e+00
2.652000000000000000e+03,3.655073631698569248e+00
2.653000000000000000e+03,3.504624415415203309e+00
2.654000000000000000e+03,3.635539529461149666e+00
2.655000000000000000e+03,3.492725056927248328e+00
2.656000000000000000e+03,3.320536481000988527e+00
2.657000000000000000e+03,3.476000303561371574e+00
2.658000000000000000e+03,3.560020047834076884e+00
2.659000000000000000e+03,3.388325577457578230e+00
2.660000000000000000e+03,3.430966376387074579e+00
2.661000000000000000e+03,3.434267881832163472e+00
2.662000000000000000e+03,3.569348135513577436e+00
2.663000000000000000e+03,3.571652210617876744e+00
2.664000000000000000e+03,3.512550020138641038e+00
2.665000000000000000e+03,3.297425658953208494e+00
2.666000000000000000e+03,3.522761678952230913e+00
2.667000000000000000e+03,3.586314993690986608e+00
2.668000000000000000e+03,3.538263210195665476e+00
2.669000000000000000e+03,3.440396307140066057e+00
2.670000000000000000e+03,3.306673228150008637e+00
2.671000000000000000e+03,3.170979690435424825e+00
2.672000000000000000e+03,3.499950288055632797e+00
2.673000000000000000e+03,3.490372112562659890e+00
2.674000000000000000e+03,3.428422121316465176e+00
2.675000000000000000e+03,3.448163940450857279e+00
2.676000000000000000e+03,3.735519234794028698e+00
2.677000000000000000e+03,3.494313891307178288e+00
2.678000000000000000e+03,3.537292260700598767e+00
2.679000000000000000e+03,3.393212731942680804e+00
2.680000000000000000e+03,3.301062055836971432e+00
2.681000000000000000e+03,3.701189636290333596e+00
2.682000000000000000e+03,3.691166259311331022e+00
2.683000000000000000e+03,3.500833353312182705e+00
2.684000000000000000e+03,3.564740334365571250e+00
2.685000000000000000e+03,3.547121900094369451e+00
2.686000000000000000e+03,3.498812219802895473e+00
2.687000000000000000e+03,3.431059722112019816e+00
2.688000000000000000e+03,3.269087232530975218e+00
2.689000000000000000e+03,3.436295169649460579e+00
2.690000000000000000e+03,3.382966009571639177e+00
2.691000000000000000e+03,3.651398252727813265e+00
2.692000000000000000e+03,3.302718358174251190e+00
2.693000000000000000e+03,3.350101501963907769e+00
2.694000000000000000e+03,3.672992818698986639e+00
2.695000000000000000e+03,3.552719100760626691e+00
2.696000000000000000e+03,3.242117228212621605e+00
2.697000000000000000e+03,3.256175917352211346e+00
2.698000000000000000e+03,3.384802248565595306e+00
2.699000000000000000e+03,3.583642057381068557e+00
2.700000000000000000e+03,3.464646139998130092e+00
2.701000000000000000e+03,3.337226828090161135e+00
2.702000000000000000e+03,3.013923336034567413e+00
2.703000000000000000e+03,3.500166446571753909e+00
2.704000000000000000e+03,3.558863896128739324e+00
2.705000000000000000e+03,3.424469955975209867e+00
2.706000000000000000e+03,3.235354100760405416e+00
2.707000000000000000e+03,3.358759787832370947e+00
2.708000000000000000e+03,3.198039817743430380e+00
2.709000000000000000e+03,3.537815757807807326e+00
2.710000000000000000e+03,3.317520470258150667e+00
2.711000000000000000e+03,3.250371402147066657e+00
2.712000000000000000e+03,3.392455451191015658e+00
2.713000000000000000e+03,3.538385939634141053e+00
2.714000000000000000e+03,3.187911529116478793e+00
2.715000000000000000e+03,3.471251887664201785e+00
2.716000000000000000e+03,3.272509140089416846e+00
2.717000000000000000e+03,3.666063869562714128e+00
2.718000000000000000e+03,3.702430018049344795e+00
2.719000000000000000e+03,3.499842752475860852e+00
2.720000000000000000e+03,3.552013189150856842e+00
2.721000000000000000e+03,3.862618320732376986e+00
2.722000000000000000e+03,3.708774609395245392e+00
2.723000000000000000e+03,3.522230285841503328e+00
2.724000000000000000e+03,3.546865661822044213e+00
2.725000000000000000e+03,3.554572265331433556e+00
2.726000000000000000e+03,3.627505564103238100e+00
2.727000000000000000e+03,3.883391876619617378e+00
2.728000000000000000e+03,3.595299436129282711e+00
2.729000000000000000e+03,3.609758372577645424e+00
2.730000000000000000e+03,3.664849654526771694e+00
2.731000000000000000e+03,3.874906869845795576e+00
2.732000000000000000e+03,3.654855823064397491e+00
2.733000000000000000e+03,3.582161062331069346e+00
2.734000000000000000e+03,3.719091822629378541e+00
2.735000000000000000e+03,3.778104911439413627e+00
2.736000000000000000e+03,3.784483125779344093e+00
2.737000000000000000e+03,3.665638100171159763e+00
2.738000000000000000e+03,3.689336166534712191e+00
2.739000000000000000e+03,3.735996398576429733e+00
2.740000000000000000e+03,3.683290853961156408e+00
2.741000000000000000e+03,3.737241973198804246e+00
2.742000000000000000e+03,3.703242134597566348e+00
2.743000000000000000e+03,3.315564927931005990e+00
2.744000000000000000e+03,3.688917003446847254e+00
2.745000000000000000e+03,3.870915254599639255e+00
2.746000000000000000e+03,3.702223627831438435e+00
2.747000000000000000e+03,3.610453738821945535e+00
2.748000000000000000e+03,3.624692419033305413e+00
2.749000000000000000e+03,3.841679861829372378e+00
2.750000000000000000e+03,3.818623810644960592e+00
2.751000000000000000e+03,3.675695197940977543e+00
2.752000000000000000e+03,3.662058959682830128e+00
2.753000000000000000e+03,3.855482012264576319e+00
2.754000000000000000e+03,3.793123422163119152e+00
2.755000000000000000e+03,3.805122025099299421e+00
2.756000000000000000e+03,3.391220518270571915e+00
2.757000000000000000e+03,3.644731075915534024e+00
2.758000000000000000e+03,3.674216773564531913e+00
2.759000000000000000e+03,3.742769676119219291e+00
2.760000000000000000e+03,3.537558168034407036e+00
2.761000000000000000e+03,3.460942638452268572e+00
2.762000000000000000e+03,3.518866020795415661e+00
2.763000000000000000e+03,3.658921211096176407e+00
2.764000000000000000e+03,3.609060328759597258e+00
2.765000000000000000e+03,3.381544394323269032e+00
2.766000000000000000e+03,3.527749169361712234e+00
2.767000000000000000e+03,3.706084712503917800e+00
2.768000000000000000e+03,3.653261922450817156e+00
2.769000000000000000e+03,3.480377530103139438e+00
2.770000000000000000e+03,3.563421775893839349e+00
2.771000000000000000e+03,3.526491493780106179e+00
2.772000000000000000e+03,3.744883437152800365e+00
2.773000000000000000e+03,3.672068422121359088e+00
2.774000000000000000e+03,3.588742735154675678e+00
2.775000000000000000e+03,3.517673382777487312e+00
2.776000000000000000e+03,3.676108783309426808e+00
2.777000000000000000e+03,3.694145830805344755e+00
2.778000000000000000e+03,3.620684021103983685e+00
2.779000000000000000e+03,3.457009974523548745e+00
2.780000000000000000e+03,3.552853545597927987e+00
2.781000000000000000e+03,3.707483924061713232e+00
2.782000000000000000e+03,3.632224964705167203e+00
2.783000000000000000e+03,3.577479890185161437e+00
2.784000000000000000e+03,3.511872626938645325e+00
2.785000000000000000e+03,3.886094977268719219e+00
2.786000000000000000e+03,3.642624191096150543e+00
2.787000000000000000e+03,3.622999592291514581e+00
2.788000000000000000e+03,3.776482404224989153e+00
2.789000000000000000e+03,3.635920777771100454e+00
2.790000000000000000e+03,3.734949153987270787e+00
2.791000000000000000e+03,3.761696338969222175e+00
2.792000000000000000e+03,3.631053800745349225e+00
2.793000000000000000e+03,3.511211215524556728e+00
2.794000000000000000e+03,3.858575092675169849e+00
2.795000000000000000e+03,3.711291014656876275e+00
2.796000000000000000e+03,3.639231111436393107e+00
2.797000000000000000e+03,3.374009085129383134e+00
2.798000000000000000e+03,3.521454175980721857e+00
2.799000000000000000e+03,3.653118864688726042e+00
2.800000000000000000e+03,3.686775966791306480e+00
2.801000000000000000e+03,3.394055267056060643e+00
2.802000000000000000e+03,3.500837452636067493e+00
2.803000000000000000e+03,3.669204722603720548e+00
2.804000000000000000e+03,3.721309807360264177e+00
2.805000000000000000e+03,3.481276039475746042e+00
2.806000000000000000e+03,3.441355151725964401e+00
2.807000000000000000e+03,3.550105782581455482e+00
2.808000000000000000e+03,3.715230287186637614e+00
2.809000000000000000e+03,3.665312368922721831e+00
2.810000000000000000e+03,3.511390202319332854e+00
2.811000000000000000e+03,3.537655864689108309e+00
2.812000000000000000e+03,3.556284525025697807e+00
2.813000000000000000e+03,3.742478873135984596e+00
2.814000000000000000e+03,3.638635061984516028e+00
2.815000000000000000e+03,3.571119726552857365e+00
2.816000000000000000e+03,3.476645438420009615e+00
2.817000000000000000e+03,3.594877344997143620e+00
2.818000000000000000e+03,3.692418158983346466e+00
2.819000000000000000e+03,3.607343272262760969e+00
