0.000000000000000000e+00,1.258043078183639918e-01
1.000000000000000000e+00,2.404489115614302230e-01
2.000000000000000000e+00,-1.192623529760068607e-01
3.000000000000000000e+00,2.173007384242146844e-02
4.000000000000000000e+00,-5.962716041578684789e-02
5.000000000000000000e+00,7.958635492793192379e-02
6.000000000000000000e+00,-1.130937721593382739e-01
7.000000000000000000e+00,-1.426093109031703610e-01
8.000000000000000000e+00,-2.819350835801064104e-02
9.000000000000000000e+00,-2.896841208794254108e-02
1.000000000000000000e+01,-2.010760172586956163e-01
1.100000000000000000e+01,-2.080901872475931502e-01
1.200000000000000000e+01,-1.350490197996469244e-01
1.300000000000000000e+01,9.084862902220339209e-03
1.400000000000000000e+01,-8.745946206097365838e-04
1.500000000000000000e+01,-1.401971531901113899e-01
1.600000000000000000e+01,-1.648233758112231939e-01
1.700000000000000000e+01,-8.012618287864037292e-03
1.800000000000000000e+01,-1.187223340098779306e-01
1.900000000000000000e+01,-2.315177120632322394e-01
2.000000000000000000e+01,-1.595121199123218370e-01
2.100000000000000000e+01,-7.024418465869959605e-02
2.200000000000000000e+01,-5.860260655778748440e-02
2.300000000000000000e+01,-9.922122394294230485e-02
2.400000000000000000e+01,-1.420211573984552778e-01
2.500000000000000000e+01,8.616226643541774477e-02
2.600000000000000000e+01,1.772121514300406542e-01
2.700000000000000000e+01,5.795607239763297946e-02
2.800000000000000000e+01,-2.348669887814471835e-01
2.900000000000000000e+01,-2.080552611541592878e-01
3.000000000000000000e+01,-4.080692480173667147e-02
3.100000000000000000e+01,6.127314088361351940e-02
3.200000000000000000e+01,3.231905698930365167e-03
3.300000000000000000e+01,-1.295374797768830133e-01
3.400000000000000000e+01,1.300966263144648638e-01
3.500000000000000000e+01,1.865209780766337033e-01
3.600000000000000000e+01,8.039029704742532700e-02
3.700000000000000000e+01,5.218719386370220675e-02
3.800000000000000000e+01,3.124120041630945588e-02
3.900000000000000000e+01,1.693774643235213262e-01
4.000000000000000000e+01,3.393362533731658637e-02
4.100000000000000000e+01,-1.129028426020135395e-01
4.200000000000000000e+01,-1.133635696952974836e-01
4.300000000000000000e+01,-2.000347772350125064e-02
4.400000000000000000e+01,8.356020962636209748e-02
4.500000000000000000e+01,-5.297834462295833435e-02
4.600000000000000000e+01,-1.110435349937248239e-01
4.700000000000000000e+01,-1.005116274107767105e-01
4.800000000000000000e+01,-8.254265526031062672e-03
4.900000000000000000e+01,-1.886007282649644623e-02
5.000000000000000000e+01,-1.595446807170052272e-01
5.100000000000000000e+01,-1.368705557966927722e-01
5.200000000000000000e+01,-3.957355410202076373e-02
5.300000000000000000e+01,6.351728128823524999e-02
5.400000000000000000e+01,-6.590495764571933923e-02
5.500000000000000000e+01,-1.763808743639293797e-01
5.600000000000000000e+01,-9.847094357685901023e-02
5.700000000000000000e+01,-4.681429361452921212e-02
5.800000000000000000e+01,-1.591329415376119827e-01
5.900000000000000000e+01,-2.017751923326371877e-01
6.000000000000000000e+01,-5.696885444123984954e-02
6.100000000000000000e+01,2.185270070522026264e-01
6.200000000000000000e+01,-1.861774525362405730e-01
6.300000000000000000e+01,-2.388987897252399240e-01
6.400000000000000000e+01,-3.553254632778041766e-01
6.500000000000000000e+01,-9.556862288525606874e-02
6.600000000000000000e+01,-6.031091022977411176e-02
6.700000000000000000e+01,-2.624023199412539031e-01
6.800000000000000000e+01,-2.279718279320159524e-01
6.900000000000000000e+01,-2.176422806246096631e-01
7.000000000000000000e+01,1.428311140144793434e-01
7.100000000000000000e+01,3.940908315119488747e-02
7.200000000000000000e+01,-8.754214041361291221e-02
7.300000000000000000e+01,-1.079377195947238827e-01
7.400000000000000000e+01,8.531352284154701537e-02
7.500000000000000000e+01,2.751520374273608294e-02
7.600000000000000000e+01,-1.480784536802663698e-01
7.700000000000000000e+01,-8.187848123729613015e-02
7.800000000000000000e+01,-1.458712827689624403e-01
7.900000000000000000e+01,1.745498038332331803e-01
8.000000000000000000e+01,-4.231204247308877758e-02
8.100000000000000000e+01,-1.906024244294594050e-01
8.200000000000000000e+01,-1.259171300340232169e-01
8.300000000000000000e+01,-6.864392177868672285e-02
8.400000000000000000e+01,-9.245127603941602490e-02
8.500000000000000000e+01,-2.152637469698266137e-01
8.600000000000000000e+01,-1.197810101260436688e-01
8.700000000000000000e+01,1.345068936250282121e-02
8.800000000000000000e+01,-4.276638722539673199e-02
8.900000000000000000e+01,-1.490286783327130771e-01
9.000000000000000000e+01,-1.254245808721724253e-01
9.100000000000000000e+01,-6.154756038286808562e-02
9.200000000000000000e+01,-4.471203881252615309e-02
9.300000000000000000e+01,-1.699700036521264168e-01
9.400000000000000000e+01,-1.771755850816339184e-01
9.500000000000000000e+01,-7.411449738130641840e-02
9.600000000000000000e+01,-5.881663714517870734e-04
9.700000000000000000e+01,-3.006277784291909450e-02
9.800000000000000000e+01,-1.064332131289029426e-01
9.900000000000000000e+01,-1.496929982907355405e-01
1.000000000000000000e+02,1.434416919162435911e-02
1.010000000000000000e+02,-2.676929878541442487e-03
1.020000000000000000e+02,-1.611701868940778326e-01
1.030000000000000000e+02,-2.832718316803637393e-01
1.040000000000000000e+02,-1.790545322658898542e-02
1.050000000000000000e+02,-5.519702086651744749e-02
1.060000000000000000e+02,-8.437068302200415038e-02
1.070000000000000000e+02,-1.520544531543374378e-01
1.080000000000000000e+02,-5.306586674967046779e-02
1.090000000000000000e+02,2.476547346716294062e-01
1.100000000000000000e+02,1.303082947102602585e-01
1.110000000000000000e+02,-7.235185446957240196e-02
1.120000000000000000e+02,2.182529510453999622e-02
1.130000000000000000e+02,1.257035377763496553e-01
1.140000000000000000e+02,7.851346986348238521e-02
1.150000000000000000e+02,-1.035446773005746779e-01
1.160000000000000000e+02,-2.896191339005763643e-01
1.170000000000000000e+02,1.788078787325959595e-01
1.180000000000000000e+02,1.386545449914092232e-01
1.190000000000000000e+02,-1.307214337786489211e-01
1.200000000000000000e+02,-1.257129233553743730e-01
1.210000000000000000e+02,-5.948968340271487687e-02
1.220000000000000000e+02,3.554037081309988078e-02
1.230000000000000000e+02,1.867963581651232302e-02
1.240000000000000000e+02,-1.184505537909371631e-01
1.250000000000000000e+02,1.990502301043133304e-01
1.260000000000000000e+02,1.544118770600805268e-01
1.270000000000000000e+02,1.782889835927978506e-01
1.280000000000000000e+02,-7.049260025501769000e-03
1.290000000000000000e+02,1.316641790646716492e-02
1.300000000000000000e+02,1.610536141369104529e-02
1.310000000000000000e+02,-2.853530436435247619e-02
1.320000000000000000e+02,1.240924768976972709e-01
1.330000000000000000e+02,-1.295986353504030020e-01
1.340000000000000000e+02,-1.886040717167048256e-02
1.350000000000000000e+02,1.337539653692449426e-01
1.360000000000000000e+02,2.296920235150385139e-02
1.370000000000000000e+02,-1.381131188588463621e-01
1.380000000000000000e+02,-4.742949349820694410e-02
1.390000000000000000e+02,2.783062048442588171e-02
1.400000000000000000e+02,9.526025839106805337e-02
1.410000000000000000e+02,4.330573599754659886e-02
1.420000000000000000e+02,-9.885564619503828254e-02
1.430000000000000000e+02,-5.252197847255307694e-03
1.440000000000000000e+02,8.652497897671829197e-02
1.450000000000000000e+02,6.791339297710050071e-02
1.460000000000000000e+02,4.224511937899973202e-02
1.470000000000000000e+02,-1.577525915269357634e-02
1.480000000000000000e+02,4.951643618408786696e-02
1.490000000000000000e+02,4.157974920994007839e-02
1.500000000000000000e+02,3.433810321219754602e-04
1.510000000000000000e+02,1.284788109428812442e-01
1.520000000000000000e+02,1.671300676269171226e-01
1.530000000000000000e+02,1.444701296835026461e-01
1.540000000000000000e+02,-8.290822957965744699e-02
1.550000000000000000e+02,-9.590822541497920350e-02
1.560000000000000000e+02,1.015458531619030103e-01
1.570000000000000000e+02,2.926159864366876806e-01
1.580000000000000000e+02,-1.959911134448336090e-01
1.590000000000000000e+02,-1.751444990136167001e-01
1.600000000000000000e+02,-3.506670657270702929e-01
1.610000000000000000e+02,-2.199455678263048664e-02
1.620000000000000000e+02,-1.904714466110454807e-01
1.630000000000000000e+02,-1.645293580470891526e-01
1.640000000000000000e+02,-2.378485776249839867e-01
1.650000000000000000e+02,-1.090811643695922262e-01
1.660000000000000000e+02,-1.135518232612659495e-01
1.670000000000000000e+02,-1.084902515276726792e-01
1.680000000000000000e+02,-2.436475749153973469e-01
1.690000000000000000e+02,-1.846583596180942644e-01
1.700000000000000000e+02,-3.670952922782602657e-02
1.710000000000000000e+02,-1.432193156785040999e-01
1.720000000000000000e+02,-2.330059954098852026e-01
1.730000000000000000e+02,-1.591798757874812731e-01
1.740000000000000000e+02,5.823981437495182045e-02
1.750000000000000000e+02,-1.512923766583797736e-01
1.760000000000000000e+02,-2.883234541779962079e-01
1.770000000000000000e+02,-4.221491541084995691e-01
1.780000000000000000e+02,-5.544737924594645567e-02
1.790000000000000000e+02,-7.596689664935202257e-02
1.800000000000000000e+02,-2.904797434415712920e-01
1.810000000000000000e+02,-3.204807373537497117e-01
1.820000000000000000e+02,-1.788011882617797921e-01
1.830000000000000000e+02,-1.402452804524236263e-01
1.840000000000000000e+02,-9.232279497879405938e-02
1.850000000000000000e+02,1.447032488667917421e-02
1.860000000000000000e+02,-2.457804570773130526e-01
1.870000000000000000e+02,-6.057248264072693372e-02
1.880000000000000000e+02,4.302217599527082686e-02
1.890000000000000000e+02,-8.523662864768483116e-02
1.900000000000000000e+02,-3.935899932156766701e-01
1.910000000000000000e+02,-1.243533529477450772e-01
1.920000000000000000e+02,-2.057300187340020958e-01
1.930000000000000000e+02,-4.010141838923663160e-01
1.940000000000000000e+02,-4.273781385745448747e-01
1.950000000000000000e+02,-2.809062583637810806e-01
1.960000000000000000e+02,-2.056774581628602327e-01
1.970000000000000000e+02,-2.554388113186443765e-01
1.980000000000000000e+02,-3.792017913695709397e-01
1.990000000000000000e+02,-3.631077415473874526e-01
2.000000000000000000e+02,-1.957151790663592406e-01
2.010000000000000000e+02,-3.730866229671432333e-01
2.020000000000000000e+02,-6.093537858841291399e-01
2.030000000000000000e+02,-3.776976610251278066e-01
2.040000000000000000e+02,-3.764629485011833920e-01
2.050000000000000000e+02,-1.288745446141713602e-01
2.060000000000000000e+02,-3.332543349183150205e-01
2.070000000000000000e+02,-3.179553394571646985e-01
2.080000000000000000e+02,-2.079847975489043099e-01
2.090000000000000000e+02,-1.218027933893400527e-01
2.100000000000000000e+02,-2.477053035811799531e-01
2.110000000000000000e+02,-3.695464329524133507e-01
2.120000000000000000e+02,-3.346243986607552179e-01
2.130000000000000000e+02,-4.036774580222929343e-02
2.140000000000000000e+02,-5.458697034822990179e-02
2.150000000000000000e+02,-2.644331194996402123e-01
2.160000000000000000e+02,-3.958188469869506898e-01
2.170000000000000000e+02,-1.181550577263162649e-01
2.180000000000000000e+02,-1.925976448381317985e-01
2.190000000000000000e+02,-3.134634072283090100e-01
2.200000000000000000e+02,-6.073088599325626030e-02
2.210000000000000000e+02,-6.620061062267419694e-02
2.220000000000000000e+02,8.165359928581895910e-02
2.230000000000000000e+02,3.018059195519616489e-02
2.240000000000000000e+02,-1.390542131498100631e-01
2.250000000000000000e+02,-1.035898096483665876e-01
2.260000000000000000e+02,2.059034338815845244e-01
2.270000000000000000e+02,1.176149403335075283e-01
2.280000000000000000e+02,-1.041156270872291845e-01
2.290000000000000000e+02,-4.461446661228606753e-02
2.300000000000000000e+02,2.255259125403228510e-02
2.310000000000000000e+02,1.277623609503659718e-01
2.320000000000000000e+02,4.527509233964868013e-02
2.330000000000000000e+02,-1.419722275217523144e-01
2.340000000000000000e+02,2.975288044010206967e-01
2.350000000000000000e+02,1.331929852896616973e-01
2.360000000000000000e+02,-2.139275980154121959e-02
2.370000000000000000e+02,-1.368234876852880699e-02
2.380000000000000000e+02,-1.103878829155274105e-02
2.390000000000000000e+02,5.191121987293358803e-02
2.400000000000000000e+02,1.746902919845601948e-02
2.410000000000000000e+02,-1.206974726132275799e-01
2.420000000000000000e+02,-5.313029179986161060e-02
2.430000000000000000e+02,-1.273166306889194632e-01
2.440000000000000000e+02,-7.075881885307609698e-02
2.450000000000000000e+02,3.847907768704077192e-02
2.460000000000000000e+02,5.605402887382457400e-02
2.470000000000000000e+02,9.424318495515945915e-02
2.480000000000000000e+02,7.401846527530754616e-02
2.490000000000000000e+02,-5.565434372047067813e-03
2.500000000000000000e+02,2.715241867651425611e-01
2.510000000000000000e+02,8.707564159872643872e-03
2.520000000000000000e+02,2.994318782155271919e-01
2.530000000000000000e+02,1.557163535777189856e-01
2.540000000000000000e+02,1.564959501191499069e-01
2.550000000000000000e+02,3.885108739652559651e-03
2.560000000000000000e+02,4.507124504620847461e-01
2.570000000000000000e+02,2.632324111305436865e-01
2.580000000000000000e+02,2.675408144242850117e-01
2.590000000000000000e+02,5.954029817473219244e-02
2.600000000000000000e+02,4.550964732888108655e-01
2.610000000000000000e+02,4.870989114946474574e-01
2.620000000000000000e+02,5.148100799369951242e-01
2.630000000000000000e+02,3.981173130376106650e-01
2.640000000000000000e+02,3.603438411230016070e-01
2.650000000000000000e+02,5.406721186101788312e-01
2.660000000000000000e+02,5.839393276840508795e-01
2.670000000000000000e+02,6.808178496599484042e-01
2.680000000000000000e+02,2.092475919884243807e-01
2.690000000000000000e+02,6.359164640928623990e-01
2.700000000000000000e+02,7.223238937762921363e-01
2.710000000000000000e+02,4.271477408668406528e-01
2.720000000000000000e+02,2.924577401022346868e-01
2.730000000000000000e+02,4.565989333696860442e-01
2.740000000000000000e+02,7.572858678013324463e-01
2.750000000000000000e+02,5.010129103975942133e-01
2.760000000000000000e+02,5.308786722322479390e-01
2.770000000000000000e+02,4.505302287325053667e-01
2.780000000000000000e+02,6.849690598029677391e-01
2.790000000000000000e+02,5.399715383712614392e-01
2.800000000000000000e+02,5.595396081951984346e-01
2.810000000000000000e+02,4.534202332690331350e-01
2.820000000000000000e+02,4.993257611961701703e-01
2.830000000000000000e+02,6.028406820128918708e-01
2.840000000000000000e+02,3.528810001697239573e-01
2.850000000000000000e+02,1.899261133190336959e-01
2.860000000000000000e+02,1.829701756035436166e-01
2.870000000000000000e+02,3.500634080785677282e-01
2.880000000000000000e+02,4.047220796053028757e-01
2.890000000000000000e+02,1.098634581360785484e-01
2.900000000000000000e+02,-2.184403074433077796e-02
2.910000000000000000e+02,2.295485271344300249e-01
2.920000000000000000e+02,2.696393833646691385e-01
2.930000000000000000e+02,2.861080880838594576e-01
2.940000000000000000e+02,7.840871170244372024e-02
2.950000000000000000e+02,1.487195257476848220e-01
2.960000000000000000e+02,2.233681688479344229e-01
2.970000000000000000e+02,9.875201350805548617e-02
2.980000000000000000e+02,1.530202175488846184e-01
2.990000000000000000e+02,1.003021089618381101e-01
3.000000000000000000e+02,3.745624025310711480e-01
3.010000000000000000e+02,1.526200833113247890e-01
3.020000000000000000e+02,-1.357897080356419983e-01
3.030000000000000000e+02,7.066991585970061607e-02
3.040000000000000000e+02,3.083612997337138451e-01
3.050000000000000000e+02,1.042879789414107861e-01
3.060000000000000000e+02,2.757210792072108951e-01
3.070000000000000000e+02,1.271184014538685458e-01
3.080000000000000000e+02,1.486682661564979469e-01
3.090000000000000000e+02,4.154511563956438391e-01
3.100000000000000000e+02,4.576418187457435838e-02
3.110000000000000000e+02,7.248541219644789868e-02
3.120000000000000000e+02,2.605214264136717639e-01
3.130000000000000000e+02,2.711524153474399457e-01
3.140000000000000000e+02,3.500016393793979330e-01
3.150000000000000000e+02,-1.281216703928536316e-01
3.160000000000000000e+02,1.478564925436165745e-01
3.170000000000000000e+02,1.606031233188706941e-01
3.180000000000000000e+02,4.245588550503168190e-01
3.190000000000000000e+02,2.366396899141473276e-01
3.200000000000000000e+02,1.924425937791890071e-02
3.210000000000000000e+02,3.240057489243001743e-01
3.220000000000000000e+02,4.463047237480461948e-01
3.230000000000000000e+02,8.183684694345431943e-02
3.240000000000000000e+02,1.921230484776067504e-01
3.250000000000000000e+02,-3.201254944292544757e-02
3.260000000000000000e+02,2.933624515058022575e-01
3.270000000000000000e+02,1.290742962019592877e-01
3.280000000000000000e+02,1.464020059334506518e-01
3.290000000000000000e+02,2.282192415612270195e-02
3.300000000000000000e+02,-8.168803943934442591e-02
3.310000000000000000e+02,2.227575751494048628e-01
3.320000000000000000e+02,1.173411261676177708e-01
3.330000000000000000e+02,-2.848107038900593024e-01
3.340000000000000000e+02,2.210280392112471681e-01
3.350000000000000000e+02,1.341513197482200881e-01
3.360000000000000000e+02,3.124903542706483073e-01
3.370000000000000000e+02,-1.360206021903392903e-01
3.380000000000000000e+02,1.391959573203097045e-01
3.390000000000000000e+02,2.494905346240245889e-02
3.400000000000000000e+02,1.365571988215494859e-01
3.410000000000000000e+02,2.972413950315834150e-02
3.420000000000000000e+02,-7.779960526293065726e-02
3.430000000000000000e+02,6.828118989516947235e-02
3.440000000000000000e+02,2.461588549261422287e-01
3.450000000000000000e+02,1.388599911152534061e-02
3.460000000000000000e+02,-1.289855141498783553e-01
3.470000000000000000e+02,1.242068932977071216e-01
3.480000000000000000e+02,-1.278244435608998919e-01
3.490000000000000000e+02,-1.423500380363700024e-02
3.500000000000000000e+02,3.677343469431065826e-02
3.510000000000000000e+02,-1.291976990554555282e-01
3.520000000000000000e+02,1.551780198574653491e-01
3.530000000000000000e+02,-1.748617634394870612e-01
3.540000000000000000e+02,-3.209136674566322178e-02
3.550000000000000000e+02,-6.220748455808287891e-02
3.560000000000000000e+02,1.081680131784314713e-01
3.570000000000000000e+02,-4.843037624084964299e-02
3.580000000000000000e+02,4.569063973873985218e-02
3.590000000000000000e+02,-3.922272005944318907e-02
3.600000000000000000e+02,-9.975858484585126140e-02
3.610000000000000000e+02,-5.205122566867995820e-02
3.620000000000000000e+02,1.644507408540569343e-02
3.630000000000000000e+02,-6.508349424293194407e-02
3.640000000000000000e+02,3.206253293031570417e-03
3.650000000000000000e+02,1.647526370899159986e-01
3.660000000000000000e+02,1.915662374233476628e-01
3.670000000000000000e+02,-2.720100950839713372e-01
3.680000000000000000e+02,2.412765745380369281e-02
3.690000000000000000e+02,4.049523027711663531e-02
3.700000000000000000e+02,-1.239379748090401606e-02
3.710000000000000000e+02,-9.812392745237863423e-02
3.720000000000000000e+02,7.537836971391692620e-02
3.730000000000000000e+02,-1.578206041516821978e-01
3.740000000000000000e+02,2.356106949085056135e-01
3.750000000000000000e+02,2.212548961783448731e-01
3.760000000000000000e+02,8.944253781786176694e-02
3.770000000000000000e+02,2.902154627111198232e-02
3.780000000000000000e+02,3.391162487532211056e-01
3.790000000000000000e+02,2.718171058273193275e-01
3.800000000000000000e+02,1.193701220932189555e-01
3.810000000000000000e+02,6.521087992633758934e-02
3.820000000000000000e+02,4.177531849576356926e-01
3.830000000000000000e+02,1.968154244874903980e-01
3.840000000000000000e+02,2.622025340039549901e-01
3.850000000000000000e+02,8.087948146082635237e-02
3.860000000000000000e+02,3.741496003061071107e-01
3.870000000000000000e+02,2.002220594974195023e-01
3.880000000000000000e+02,3.482500517717546096e-01
3.890000000000000000e+02,-2.674102713560491118e-01
3.900000000000000000e+02,-7.139438589986643602e-02
3.910000000000000000e+02,1.478816626036878468e-01
3.920000000000000000e+02,4.341230439728220869e-01
3.930000000000000000e+02,1.807251696072636471e-01
3.940000000000000000e+02,-6.868629157535748042e-02
3.950000000000000000e+02,7.596754007600836633e-02
3.960000000000000000e+02,3.428787498615655238e-01
3.970000000000000000e+02,-1.462266914295201874e-03
3.980000000000000000e+02,5.725271387917851840e-01
3.990000000000000000e+02,2.567430404779205699e-01
4.000000000000000000e+02,2.977552244183852559e-01
4.010000000000000000e+02,4.264010986419380922e-01
4.020000000000000000e+02,2.799093580813147297e-01
4.030000000000000000e+02,2.137923424667667049e-01
4.040000000000000000e+02,3.069941872120831583e-01
4.050000000000000000e+02,3.388631772715751111e-01
4.060000000000000000e+02,4.752472443485241671e-01
4.070000000000000000e+02,2.603174962614857590e-01
4.080000000000000000e+02,1.608250156171572853e-01
4.090000000000000000e+02,3.468765655603122111e-01
4.100000000000000000e+02,1.735689215453408152e-01
4.110000000000000000e+02,3.176029483923809016e-01
4.120000000000000000e+02,1.238871918891771007e-01
4.130000000000000000e+02,4.903061341576765431e-01
4.140000000000000000e+02,3.454084960816484751e-01
4.150000000000000000e+02,3.002894752423320712e-01
4.160000000000000000e+02,2.437925262639946133e-01
4.170000000000000000e+02,4.039477676194467293e-01
4.180000000000000000e+02,3.790567955595114391e-01
4.190000000000000000e+02,2.688721351753564637e-01
4.200000000000000000e+02,1.700735008009102434e-01
4.210000000000000000e+02,2.319289541385525510e-01
4.220000000000000000e+02,4.151699390795095534e-01
4.230000000000000000e+02,4.680091177799481361e-01
4.240000000000000000e+02,-3.446074291522938093e-04
4.250000000000000000e+02,2.159325413111556624e-01
4.260000000000000000e+02,4.425228687026586671e-01
4.270000000000000000e+02,5.380748263721676361e-01
4.280000000000000000e+02,-1.166730313469371422e-01
4.290000000000000000e+02,-4.439158853603908383e-03
4.300000000000000000e+02,3.371535827329977808e-01
4.310000000000000000e+02,2.859382303913105550e-01
4.320000000000000000e+02,1.331285031721303747e-01
4.330000000000000000e+02,-2.187478289890357197e-02
4.340000000000000000e+02,-4.151454635096268886e-02
4.350000000000000000e+02,2.393566554556331716e-01
4.360000000000000000e+02,4.552127750605763218e-02
4.370000000000000000e+02,-4.543641013443083798e-02
4.380000000000000000e+02,1.178051638758514652e-01
4.390000000000000000e+02,2.187823899978039166e-01
4.400000000000000000e+02,1.785343605520510191e-01
4.410000000000000000e+02,1.008592419917821864e-01
4.420000000000000000e+02,4.334852364002027281e-02
4.430000000000000000e+02,2.796560143769130091e-01
4.440000000000000000e+02,2.178709232653545658e-01
4.450000000000000000e+02,-4.047099485404778707e-02
4.460000000000000000e+02,4.609632336584928991e-03
4.470000000000000000e+02,-4.517505356218314005e-02
4.480000000000000000e+02,3.627120103119391148e-01
4.490000000000000000e+02,3.005547948245691492e-01
4.500000000000000000e+02,8.547128156034644597e-02
4.510000000000000000e+02,2.625636639458317489e-01
4.520000000000000000e+02,2.213864746091691038e-01
4.530000000000000000e+02,2.679715141536394563e-01
4.540000000000000000e+02,1.749446890589152204e-01
4.550000000000000000e+02,-1.889403616702095834e-01
4.560000000000000000e+02,1.694533403384285153e-02
4.570000000000000000e+02,2.033006324150364030e-01
4.580000000000000000e+02,-7.515558010203979289e-02
4.590000000000000000e+02,4.570267922254564463e-02
4.600000000000000000e+02,-1.701223366525915492e-01
4.610000000000000000e+02,2.689028491232565710e-01
4.620000000000000000e+02,2.694871700540713011e-02
4.630000000000000000e+02,-1.888381751865367275e-02
4.640000000000000000e+02,1.726050093058727475e-01
4.650000000000000000e+02,1.086217609189908118e-01
4.660000000000000000e+02,3.895496418784963333e-01
4.670000000000000000e+02,1.196222300232212543e-01
4.680000000000000000e+02,-2.064107378538646009e-02
4.690000000000000000e+02,3.346065218432857091e-01
4.700000000000000000e+02,3.213232732682135828e-01
4.710000000000000000e+02,3.950757610433208722e-02
4.720000000000000000e+02,6.046105862877151904e-02
4.730000000000000000e+02,1.466064816944153970e-01
4.740000000000000000e+02,3.935580197828127957e-01
4.750000000000000000e+02,4.126110839293370969e-01
4.760000000000000000e+02,2.054191782584221249e-01
4.770000000000000000e+02,1.266342374463200471e-01
4.780000000000000000e+02,2.895906508863889117e-01
4.790000000000000000e+02,4.591991963988631964e-01
4.800000000000000000e+02,2.261645127663669819e-01
4.810000000000000000e+02,6.870274709016616077e-02
4.820000000000000000e+02,1.751955252942807295e-01
4.830000000000000000e+02,1.333753067515747182e-01
4.840000000000000000e+02,3.331322373558380789e-01
4.850000000000000000e+02,3.046161163935275362e-01
4.860000000000000000e+02,4.635800690003426539e-01
4.870000000000000000e+02,4.149034101182900169e-01
4.880000000000000000e+02,2.879137313051760572e-01
4.890000000000000000e+02,4.731388677406873633e-01
4.900000000000000000e+02,3.305211058994987905e-01
4.910000000000000000e+02,3.960321716492437583e-01
4.920000000000000000e+02,4.469373354341213966e-01
4.930000000000000000e+02,4.042079167009751117e-01
4.940000000000000000e+02,3.048435333507120149e-01
4.950000000000000000e+02,2.506757292665007797e-01
4.960000000000000000e+02,3.654620840720241848e-01
4.970000000000000000e+02,2.526367616798566584e-01
4.980000000000000000e+02,8.901604076216648731e-02
4.990000000000000000e+02,2.852947179332290251e-01
5.000000000000000000e+02,3.010224420905036613e-01
5.010000000000000000e+02,3.781257702791628317e-01
5.020000000000000000e+02,1.161703750837326798e-01
5.030000000000000000e+02,3.291068974935534852e-01
5.040000000000000000e+02,2.863560088054429853e-01
5.050000000000000000e+02,2.462905559399782840e-01
5.060000000000000000e+02,2.565725668835688866e-01
5.070000000000000000e+02,6.950557372115935550e-02
5.080000000000000000e+02,2.154636368845247729e-01
5.090000000000000000e+02,2.122546893116069033e-01
5.100000000000000000e+02,1.880375195351705886e-01
5.110000000000000000e+02,1.342696158656888628e-01
5.120000000000000000e+02,2.491907757015412173e-01
5.130000000000000000e+02,4.067606533304122252e-01
5.140000000000000000e+02,4.062946875616116338e-01
5.150000000000000000e+02,2.493272331924621388e-01
5.160000000000000000e+02,1.815999286002864532e-01
5.170000000000000000e+02,1.653131617349557769e-01
5.180000000000000000e+02,4.527195371522539369e-01
5.190000000000000000e+02,5.231266181375380242e-01
5.200000000000000000e+02,1.528053663718809685e-01
5.210000000000000000e+02,1.852349282877792935e-01
5.220000000000000000e+02,4.119142711366489684e-01
5.230000000000000000e+02,3.525579574874460054e-01
5.240000000000000000e+02,1.942692214014331564e-01
5.250000000000000000e+02,1.697656460287210178e-01
5.260000000000000000e+02,4.130535396484980581e-01
5.270000000000000000e+02,3.644583801038549509e-01
5.280000000000000000e+02,2.713483285253533994e-01
5.290000000000000000e+02,1.194115084060747428e-01
5.300000000000000000e+02,2.358528296345020481e-01
5.310000000000000000e+02,3.076921383821552836e-02
5.320000000000000000e+02,1.111151705524867084e-01
5.330000000000000000e+02,2.610385804584287039e-01
5.340000000000000000e+02,1.466413627044668155e-01
5.350000000000000000e+02,4.990603885422167929e-01
5.360000000000000000e+02,1.798125686965315051e-01
5.370000000000000000e+02,2.392126574998560962e-01
5.380000000000000000e+02,2.493739941426819096e-01
5.390000000000000000e+02,6.203712191151622424e-01
5.400000000000000000e+02,4.851815421302196896e-01
5.410000000000000000e+02,2.094664619995014188e-01
5.420000000000000000e+02,2.654012842972362507e-01
5.430000000000000000e+02,4.631183419695399928e-01
5.440000000000000000e+02,3.859752168030149422e-01
5.450000000000000000e+02,1.436155214242625100e-01
5.460000000000000000e+02,1.491440972775399387e-01
5.470000000000000000e+02,5.498765367198454879e-01
5.480000000000000000e+02,4.190399862423300759e-01
5.490000000000000000e+02,3.836734429968572391e-01
5.500000000000000000e+02,3.345356024078572910e-01
5.510000000000000000e+02,2.740885977591413503e-01
5.520000000000000000e+02,4.149709441254728071e-01
5.530000000000000000e+02,6.129717397065113094e-01
5.540000000000000000e+02,1.879085040998273726e-01
5.550000000000000000e+02,2.097525586880439052e-01
5.560000000000000000e+02,5.695105981763696201e-01
5.570000000000000000e+02,4.317207811011758434e-01
5.580000000000000000e+02,1.417442971981490996e-01
5.590000000000000000e+02,2.555103505671758590e-01
5.600000000000000000e+02,2.142222359111199126e-01
5.610000000000000000e+02,6.173739258676632646e-01
5.620000000000000000e+02,3.471998974362600077e-01
5.630000000000000000e+02,2.975212555818703697e-01
5.640000000000000000e+02,7.013414747630578039e-02
5.650000000000000000e+02,3.947234043478029530e-01
5.660000000000000000e+02,3.330614302909925550e-01
5.670000000000000000e+02,3.310974224923031173e-01
5.680000000000000000e+02,7.283615202820303836e-02
5.690000000000000000e+02,3.917120860554673678e-01
5.700000000000000000e+02,4.351095198320700241e-01
5.710000000000000000e+02,1.685936345645092094e-02
5.720000000000000000e+02,1.435373941533462927e-01
5.730000000000000000e+02,-4.390615657843664754e-02
5.740000000000000000e+02,5.155203575060367527e-01
5.750000000000000000e+02,2.232080707394146490e-01
5.760000000000000000e+02,2.880117994631562484e-01
5.770000000000000000e+02,1.858300414618758722e-01
5.780000000000000000e+02,3.009527563791916105e-01
5.790000000000000000e+02,1.739823501189198540e-01
5.800000000000000000e+02,3.594800994531589522e-01
5.810000000000000000e+02,-1.925055238998593654e-01
5.820000000000000000e+02,3.275902722507803011e-01
5.830000000000000000e+02,1.851316344273692127e-01
5.840000000000000000e+02,3.309496861308326987e-01
5.850000000000000000e+02,-1.717109288329886074e-01
5.860000000000000000e+02,3.590919244098414453e-02
5.870000000000000000e+02,3.034419595279772008e-01
5.880000000000000000e+02,7.354765995101747444e-02
5.890000000000000000e+02,-8.809452108524451486e-02
5.900000000000000000e+02,-1.156476762837970601e-01
5.910000000000000000e+02,1.513455866907445491e-01
5.920000000000000000e+02,2.232274250217981537e-01
5.930000000000000000e+02,1.204702559910069692e-01
5.940000000000000000e+02,4.147805673161264473e-02
5.950000000000000000e+02,1.784503660505382117e-02
5.960000000000000000e+02,3.879937635952286357e-01
5.970000000000000000e+02,1.861637032611044851e-01
5.980000000000000000e+02,7.147815054669132140e-02
5.990000000000000000e+02,3.974209786891613749e-01
6.000000000000000000e+02,4.481951047303601721e-01
6.010000000000000000e+02,3.444099919358204476e-01
6.020000000000000000e+02,1.682178717854102556e-01
6.030000000000000000e+02,3.184682002154899383e-01
6.040000000000000000e+02,6.265559101828964694e-01
6.050000000000000000e+02,3.696144590469593871e-01
6.060000000000000000e+02,2.185325967756451826e-01
6.070000000000000000e+02,2.708737890239087953e-01
6.080000000000000000e+02,1.955581221557800009e-01
6.090000000000000000e+02,5.063527197943212821e-01
6.100000000000000000e+02,1.992684935564499327e-01
6.110000000000000000e+02,-1.334981969157501280e-01
6.120000000000000000e+02,9.554185066461716447e-02
6.130000000000000000e+02,3.414927956513817975e-01
6.140000000000000000e+02,6.047645992575118035e-01
6.150000000000000000e+02,4.061582495105605095e-01
6.160000000000000000e+02,3.071018721879954505e-01
6.170000000000000000e+02,2.518348598240560676e-01
6.180000000000000000e+02,4.931169285258074630e-01
6.190000000000000000e+02,2.683136889412108261e-01
6.200000000000000000e+02,9.782089811509814270e-02
6.210000000000000000e+02,2.490938066212438073e-01
6.220000000000000000e+02,4.604671175397709870e-01
6.230000000000000000e+02,1.280425002062119955e-01
6.240000000000000000e+02,5.592314636330020239e-02
6.250000000000000000e+02,2.248665910769163112e-01
6.260000000000000000e+02,9.764495686794516516e-02
6.270000000000000000e+02,1.947065267250571718e-01
6.280000000000000000e+02,-4.096210825716239956e-02
6.290000000000000000e+02,4.274298791667530129e-02
6.300000000000000000e+02,3.296587708754461499e-03
6.310000000000000000e+02,-3.014597419300013570e-02
6.320000000000000000e+02,-1.543726401149572158e-01
6.330000000000000000e+02,8.195499694054619866e-02
6.340000000000000000e+02,-1.885518248772478922e-01
6.350000000000000000e+02,7.986322583432980959e-02
6.360000000000000000e+02,1.124452757047979534e-01
6.370000000000000000e+02,3.433282086576864289e-01
6.380000000000000000e+02,-7.933597015481974601e-02
6.390000000000000000e+02,2.750022615875150622e-01
6.400000000000000000e+02,1.418679979276208369e-01
6.410000000000000000e+02,-3.003271820090980260e-02
6.420000000000000000e+02,-1.802163004534620971e-01
6.430000000000000000e+02,1.751233043014834845e-01
6.440000000000000000e+02,-4.769615687610133103e-01
6.450000000000000000e+02,-4.217241556909047118e-01
6.460000000000000000e+02,-7.928352764804356134e-01
6.470000000000000000e+02,-3.624844223329355408e-01
6.480000000000000000e+02,-2.342740323337861863e-01
6.490000000000000000e+02,1.412843644075451044e-01
6.500000000000000000e+02,-7.006738992060806970e-02
6.510000000000000000e+02,-1.841809139076949486e-01
6.520000000000000000e+02,-1.827373368356297600e-01
6.530000000000000000e+02,-2.187545432580701998e-01
6.540000000000000000e+02,-5.547510950838491217e-02
6.550000000000000000e+02,-8.803390677667588538e-02
6.560000000000000000e+02,1.301124355502830676e-02
6.570000000000000000e+02,1.021469942767411210e-01
6.580000000000000000e+02,1.099480120073773742e-01
6.590000000000000000e+02,-3.603176580859800138e-02
6.600000000000000000e+02,1.083043762416448647e-01
6.610000000000000000e+02,1.683380533293912240e-01
6.620000000000000000e+02,3.559078177557679912e-02
6.630000000000000000e+02,-2.053371234806077028e-02
6.640000000000000000e+02,-1.934014232014020784e-01
6.650000000000000000e+02,7.796207841402393035e-02
6.660000000000000000e+02,-2.707442108975559036e-01
6.670000000000000000e+02,-1.988486695678956528e-01
6.680000000000000000e+02,-2.695590948773970985e-02
6.690000000000000000e+02,-3.164981133719140249e-01
6.700000000000000000e+02,2.686618462683677544e-01
6.710000000000000000e+02,9.276317250532503667e-02
6.720000000000000000e+02,-5.209583184647423315e-02
6.730000000000000000e+02,-1.988569727980171731e-01
6.740000000000000000e+02,3.722507923899492921e-01
6.750000000000000000e+02,4.673529885640979042e-01
6.760000000000000000e+02,1.380822828428349969e-01
6.770000000000000000e+02,1.886201458841858802e-01
6.780000000000000000e+02,2.675229377287866583e-01
6.790000000000000000e+02,3.854151663881135725e-01
6.800000000000000000e+02,3.257005574867286590e-01
6.810000000000000000e+02,6.547487688015304896e-02
6.820000000000000000e+02,1.169213710059462119e-01
6.830000000000000000e+02,4.507439169120477374e-01
6.840000000000000000e+02,2.566826817369434188e-01
6.850000000000000000e+02,2.470718959748937904e-01
6.860000000000000000e+02,4.654796778520714495e-01
6.870000000000000000e+02,2.316750949012754968e-01
6.880000000000000000e+02,1.047566469012664175e-01
6.890000000000000000e+02,-1.184436619224722848e-01
6.900000000000000000e+02,-4.629411478922086653e-02
6.910000000000000000e+02,3.693060729392750874e-01
6.920000000000000000e+02,2.307866428898690536e-01
6.930000000000000000e+02,-2.976359402777147278e-01
6.940000000000000000e+02,2.204723051071911799e-01
6.950000000000000000e+02,4.315332987935334430e-02
6.960000000000000000e+02,4.506977693355967984e-01
6.970000000000000000e+02,2.604338239053895498e-01
6.980000000000000000e+02,3.392005497368699163e-01
6.990000000000000000e+02,7.355966672480809820e-02
7.000000000000000000e+02,3.606807228616432104e-01
7.010000000000000000e+02,1.733329035319249589e-01
7.020000000000000000e+02,2.136375060271142601e-01
7.030000000000000000e+02,2.788650895192414936e-01
7.040000000000000000e+02,9.779309471780325835e-02
7.050000000000000000e+02,2.167271306700526978e-01
7.060000000000000000e+02,3.115273294371985191e-01
7.070000000000000000e+02,-2.003799645787000816e-02
7.080000000000000000e+02,3.987532183731239410e-01
7.090000000000000000e+02,1.196060594655350695e-01
7.100000000000000000e+02,2.217688721795951501e-01
7.110000000000000000e+02,1.020326597431727433e-01
7.120000000000000000e+02,2.066969075274526502e-01
7.130000000000000000e+02,1.612583171149027661e-01
7.140000000000000000e+02,3.298375423759655201e-01
7.150000000000000000e+02,1.386484556264201695e-01
7.160000000000000000e+02,1.898296908222015522e-01
7.170000000000000000e+02,2.140295804930791024e-01
7.180000000000000000e+02,6.558569147974948610e-01
7.190000000000000000e+02,2.294677162293010386e-01
7.200000000000000000e+02,2.396375538691585538e-01
7.210000000000000000e+02,2.950430351649832028e-01
7.220000000000000000e+02,4.115523738941543330e-01
7.230000000000000000e+02,4.257174642280835419e-01
7.240000000000000000e+02,2.130725828378722542e-01
7.250000000000000000e+02,1.952669567159786845e-01
7.260000000000000000e+02,4.727083824314860516e-01
7.270000000000000000e+02,2.945448565204614733e-01
7.280000000000000000e+02,1.500967038132578202e-01
7.290000000000000000e+02,3.539088640762871329e-01
7.300000000000000000e+02,4.804826169136126590e-01
7.310000000000000000e+02,5.651731917598761257e-01
7.320000000000000000e+02,4.009863294637062148e-01
7.330000000000000000e+02,4.603600805292527021e-01
7.340000000000000000e+02,4.619211805314435426e-01
7.350000000000000000e+02,7.127938412782990341e-01
7.360000000000000000e+02,5.712053843779639761e-01
7.370000000000000000e+02,3.911738093436268882e-01
7.380000000000000000e+02,3.007324295333011488e-01
7.390000000000000000e+02,4.044485475688945897e-01
7.400000000000000000e+02,3.588535884666237963e-01
7.410000000000000000e+02,2.393556347940853923e-01
7.420000000000000000e+02,4.691214161603616817e-01
7.430000000000000000e+02,3.598863660594434077e-01
7.440000000000000000e+02,4.503172065420241732e-01
7.450000000000000000e+02,4.657321455186020365e-01
7.460000000000000000e+02,5.885385040233174214e-01
7.470000000000000000e+02,2.719481416984975142e-01
7.480000000000000000e+02,4.995752828821000135e-01
7.490000000000000000e+02,5.418063713755689736e-01
7.500000000000000000e+02,3.985989565957280822e-01
7.510000000000000000e+02,4.039063614565209237e-01
7.520000000000000000e+02,5.858854872180493389e-01
7.530000000000000000e+02,4.288139058448507956e-01
7.540000000000000000e+02,3.596229031310338997e-01
7.550000000000000000e+02,2.200963455996878815e-01
7.560000000000000000e+02,6.795877970769578225e-01
7.570000000000000000e+02,5.496854905574934946e-01
7.580000000000000000e+02,4.505916172363050309e-01
7.590000000000000000e+02,2.044589516151674724e-01
7.600000000000000000e+02,5.188727338165657343e-01
7.610000000000000000e+02,5.552031004979236517e-01
7.620000000000000000e+02,3.488066537150513180e-01
7.630000000000000000e+02,3.392471981047066043e-01
7.640000000000000000e+02,3.889242521168555511e-01
7.650000000000000000e+02,5.380436950367391002e-01
7.660000000000000000e+02,3.698170053524801326e-01
7.670000000000000000e+02,5.130465184535447642e-01
7.680000000000000000e+02,4.073363719112048087e-01
7.690000000000000000e+02,3.782770778771006315e-01
7.700000000000000000e+02,4.948802422404913193e-01
7.710000000000000000e+02,5.358095845829315973e-01
7.720000000000000000e+02,2.047171830973822937e-01
7.730000000000000000e+02,4.791748766523997727e-01
7.740000000000000000e+02,4.641704764290182639e-01
7.750000000000000000e+02,5.788486324896232604e-01
7.760000000000000000e+02,3.793797670209390072e-01
7.770000000000000000e+02,8.228782039916522351e-01
7.780000000000000000e+02,6.775618311614350908e-01
7.790000000000000000e+02,9.645064216127764434e-01
7.800000000000000000e+02,6.324696500041245839e-01
7.810000000000000000e+02,5.541958871130072684e-01
7.820000000000000000e+02,9.591856408496334252e-01
7.830000000000000000e+02,7.689652623238117934e-01
7.840000000000000000e+02,8.743621853008305411e-01
7.850000000000000000e+02,4.132131929261996794e-01
7.860000000000000000e+02,8.402079293807857008e-01
7.870000000000000000e+02,6.924602738767514643e-01
7.880000000000000000e+02,6.515407834885026395e-01
7.890000000000000000e+02,4.064955326090031740e-01
7.900000000000000000e+02,3.093004914862965693e-01
7.910000000000000000e+02,6.564838277643031406e-01
7.920000000000000000e+02,8.057799317112552817e-01
7.930000000000000000e+02,7.428534164614524204e-01
7.940000000000000000e+02,6.802857726467774757e-01
7.950000000000000000e+02,7.348585075356596219e-01
7.960000000000000000e+02,7.762517863517788275e-01
7.970000000000000000e+02,6.950377159121969850e-01
7.980000000000000000e+02,3.457244278975603047e-01
7.990000000000000000e+02,6.867634473263588557e-01
8.000000000000000000e+02,6.847623968964552388e-01
8.010000000000000000e+02,5.941623124195086758e-01
8.020000000000000000e+02,6.194945526189427065e-01
8.030000000000000000e+02,7.160788305357099759e-01
8.040000000000000000e+02,8.939692929841475122e-01
8.050000000000000000e+02,1.013000237650303781e+00
8.060000000000000000e+02,6.688531855336340426e-01
8.070000000000000000e+02,5.861210063361528277e-01
8.080000000000000000e+02,3.798715669162693320e-01
8.090000000000000000e+02,1.002985516739018257e+00
8.100000000000000000e+02,5.587951118630082314e-01
8.110000000000000000e+02,3.374633978239121035e-01
8.120000000000000000e+02,3.721215604042921177e-01
8.130000000000000000e+02,8.006961345746405057e-01
8.140000000000000000e+02,4.746090339190447982e-01
8.150000000000000000e+02,4.477042484962092672e-01
8.160000000000000000e+02,4.808333633317062317e-01
8.170000000000000000e+02,6.347153912597831571e-01
8.180000000000000000e+02,5.379451614743848697e-01
8.190000000000000000e+02,6.961593011785556229e-01
8.200000000000000000e+02,3.872918298960766892e-01
8.210000000000000000e+02,6.283833537219964960e-01
8.220000000000000000e+02,8.345838124543987213e-01
8.230000000000000000e+02,5.150674418453617953e-01
8.240000000000000000e+02,7.626748441195061456e-01
8.250000000000000000e+02,7.351765835505159608e-01
8.260000000000000000e+02,6.945376515459231737e-01
8.270000000000000000e+02,7.523980054701794318e-01
8.280000000000000000e+02,5.557957341642005833e-01
8.290000000000000000e+02,5.812673700298360835e-01
8.300000000000000000e+02,7.354673428887121833e-01
8.310000000000000000e+02,7.835002603609276806e-01
8.320000000000000000e+02,7.495148473672816891e-01
8.330000000000000000e+02,5.955467348469779543e-01
8.340000000000000000e+02,5.371005991073390939e-01
8.350000000000000000e+02,9.205563810726592466e-01
8.360000000000000000e+02,4.521187721915307378e-01
8.370000000000000000e+02,4.615226760573636344e-01
8.380000000000000000e+02,5.926990110277775559e-01
8.390000000000000000e+02,6.644074689725354421e-01
8.400000000000000000e+02,4.688452720158428066e-01
8.410000000000000000e+02,7.906844932102917722e-01
8.420000000000000000e+02,6.789333746639008016e-01
8.430000000000000000e+02,4.410928845693100619e-01
8.440000000000000000e+02,7.243551275257799071e-01
8.450000000000000000e+02,7.204547346872952618e-01
8.460000000000000000e+02,3.712586665397578090e-01
8.470000000000000000e+02,3.942576129724313372e-01
8.480000000000000000e+02,4.941931665219464476e-01
8.490000000000000000e+02,6.066477222039863282e-01
8.500000000000000000e+02,5.107628456272383932e-01
8.510000000000000000e+02,5.898251674996300986e-01
8.520000000000000000e+02,7.374144981403117916e-01
8.530000000000000000e+02,4.697424389357733321e-01
8.540000000000000000e+02,4.008541602896661948e-01
8.550000000000000000e+02,5.304905494274497757e-01
8.560000000000000000e+02,5.962137608456899995e-01
8.570000000000000000e+02,5.771151291361474867e-01
8.580000000000000000e+02,4.856471141726513840e-01
8.590000000000000000e+02,1.784555459403818212e-01
8.600000000000000000e+02,4.167766566837254327e-01
8.610000000000000000e+02,2.562573239680121517e-01
8.620000000000000000e+02,2.118918087190211630e-01
8.630000000000000000e+02,2.608364756589165445e-01
8.640000000000000000e+02,4.319286558412935850e-01
8.650000000000000000e+02,4.042052432914915450e-01
8.660000000000000000e+02,5.297552303067252222e-01
8.670000000000000000e+02,3.360262835360040556e-01
8.680000000000000000e+02,2.207329406666404814e-01
8.690000000000000000e+02,4.121237361566697510e-01
8.700000000000000000e+02,5.253273195701764209e-01
8.710000000000000000e+02,5.473862212616298351e-01
8.720000000000000000e+02,1.266807355485496112e-01
8.730000000000000000e+02,3.639202558550577171e-01
8.740000000000000000e+02,3.843136506925539653e-01
8.750000000000000000e+02,1.195586970711287333e-01
8.760000000000000000e+02,2.841813916368840509e-01
8.770000000000000000e+02,4.424507789231961752e-01
8.780000000000000000e+02,4.450960703983698474e-01
8.790000000000000000e+02,5.854271001832359600e-01
8.800000000000000000e+02,2.137840654987379907e-01
8.810000000000000000e+02,1.673906026311996753e-01
8.820000000000000000e+02,3.266086394284632988e-01
8.830000000000000000e+02,1.259944312816615730e-01
8.840000000000000000e+02,3.904162006967057397e-01
8.850000000000000000e+02,2.153276613963058250e-01
8.860000000000000000e+02,1.605250841564907494e-01
8.870000000000000000e+02,2.397046710355617560e-01
8.880000000000000000e+02,3.773705133443721604e-01
8.890000000000000000e+02,3.446876796829977940e-01
8.900000000000000000e+02,3.435796995107306961e-01
8.910000000000000000e+02,5.184871554186871734e-01
8.920000000000000000e+02,5.258375585199575042e-01
8.930000000000000000e+02,4.992499476967556249e-01
8.940000000000000000e+02,4.198311691054314454e-01
8.950000000000000000e+02,4.752607924449945842e-01
8.960000000000000000e+02,6.450829213806068552e-01
8.970000000000000000e+02,7.347466922879162254e-01
8.980000000000000000e+02,7.520120892982433691e-01
8.990000000000000000e+02,3.380969227266582000e-01
9.000000000000000000e+02,6.242741944168033186e-01
9.010000000000000000e+02,6.707888733598768027e-01
9.020000000000000000e+02,4.211487970469715014e-01
9.030000000000000000e+02,6.176268147992893809e-01
9.040000000000000000e+02,6.963356451962054994e-01
9.050000000000000000e+02,5.083320677182684433e-01
9.060000000000000000e+02,5.381347477249349698e-01
9.070000000000000000e+02,5.585537159646279948e-01
9.080000000000000000e+02,6.234403396404448738e-01
9.090000000000000000e+02,6.057181264097050155e-01
9.100000000000000000e+02,4.908719038442873606e-01
9.110000000000000000e+02,6.927289812762101873e-01
9.120000000000000000e+02,8.080628152833200240e-01
9.130000000000000000e+02,1.084674291001474833e+00
9.140000000000000000e+02,8.822981875203473878e-01
9.150000000000000000e+02,9.484568602178639063e-01
9.160000000000000000e+02,9.394527615316934366e-01
9.170000000000000000e+02,1.020464069932436990e+00
9.180000000000000000e+02,1.040100332500641489e+00
9.190000000000000000e+02,1.049498439951072060e+00
9.200000000000000000e+02,6.696261298325743017e-01
9.210000000000000000e+02,9.094309547278280892e-01
9.220000000000000000e+02,1.035269233853945314e+00
9.230000000000000000e+02,8.652592442894881941e-01
9.240000000000000000e+02,7.839984690272494561e-01
9.250000000000000000e+02,1.070819926817773826e+00
9.260000000000000000e+02,7.747670841957279286e-01
9.270000000000000000e+02,7.187002888684672630e-01
9.280000000000000000e+02,8.905433735767027681e-01
9.290000000000000000e+02,8.625016439706232330e-01
9.300000000000000000e+02,1.012837718668171627e+00
9.310000000000000000e+02,8.671075623320345649e-01
9.320000000000000000e+02,1.050111618347756792e+00
9.330000000000000000e+02,1.067814253754632015e+00
9.340000000000000000e+02,1.077282969015558312e+00
9.350000000000000000e+02,1.240794238261069937e+00
9.360000000000000000e+02,1.204808643590834061e+00
9.370000000000000000e+02,9.310478854997128462e-01
9.380000000000000000e+02,1.173091963538346771e+00
9.390000000000000000e+02,1.386518140164013424e+00
9.400000000000000000e+02,1.271424175275913449e+00
9.410000000000000000e+02,7.738760263834605357e-01
9.420000000000000000e+02,9.549106995971481382e-01
9.430000000000000000e+02,1.208036262649319958e+00
9.440000000000000000e+02,1.635766279643731336e+00
9.450000000000000000e+02,1.237728994448885400e+00
9.460000000000000000e+02,8.671498127566006353e-01
9.470000000000000000e+02,1.236131283843396211e+00
9.480000000000000000e+02,1.340892878932658627e+00
9.490000000000000000e+02,7.232103153300883935e-01
9.500000000000000000e+02,1.104270023737572215e+00
9.510000000000000000e+02,1.221111081733412762e+00
9.520000000000000000e+02,1.185477578121089337e+00
9.530000000000000000e+02,1.399620311281550844e+00
9.540000000000000000e+02,7.915601416010203950e-01
9.550000000000000000e+02,1.055151454709135850e+00
9.560000000000000000e+02,9.628305255948971242e-01
9.570000000000000000e+02,1.351782760110258552e+00
9.580000000000000000e+02,8.686754164723845539e-01
9.590000000000000000e+02,9.773469465794096811e-01
9.600000000000000000e+02,9.314452975500059351e-01
9.610000000000000000e+02,1.117744767921562854e+00
9.620000000000000000e+02,4.623413508861867749e-01
9.630000000000000000e+02,5.224891840570864421e-01
9.640000000000000000e+02,4.844924541225893444e-01
9.650000000000000000e+02,7.487735391015377662e-01
9.660000000000000000e+02,6.693312036856393643e-01
9.670000000000000000e+02,5.097729605600642699e-01
9.680000000000000000e+02,4.126734448560110957e-01
9.690000000000000000e+02,8.134544808138802763e-01
9.700000000000000000e+02,8.087168325465236007e-01
9.710000000000000000e+02,8.360575481376844031e-01
9.720000000000000000e+02,7.799958945638418850e-01
9.730000000000000000e+02,7.560119715211750524e-01
9.740000000000000000e+02,8.736023633987601844e-01
9.750000000000000000e+02,7.290517700048544381e-01
9.760000000000000000e+02,6.795155910851740089e-01
9.770000000000000000e+02,6.397652686726751359e-01
9.780000000000000000e+02,8.153638512201348831e-01
9.790000000000000000e+02,7.215520078866761722e-01
9.800000000000000000e+02,6.432154051382754645e-01
9.810000000000000000e+02,4.546484107782377548e-01
9.820000000000000000e+02,1.055183358083683576e+00
9.830000000000000000e+02,7.076903379245793602e-01
9.840000000000000000e+02,8.775098353035215570e-01
9.850000000000000000e+02,8.462295432545499096e-01
9.860000000000000000e+02,9.006683504222825487e-01
9.870000000000000000e+02,9.737679283123641394e-01
9.880000000000000000e+02,8.719381513620434454e-01
9.890000000000000000e+02,8.911739499715658486e-01
9.900000000000000000e+02,6.399379104116842409e-01
9.910000000000000000e+02,8.686193628172935721e-01
9.920000000000000000e+02,1.056191652239046874e+00
9.930000000000000000e+02,5.902482143026310801e-01
9.940000000000000000e+02,6.945516304592911361e-01
9.950000000000000000e+02,9.864319775436880544e-01
9.960000000000000000e+02,1.015017273454676516e+00
9.970000000000000000e+02,8.558367620327818059e-01
9.980000000000000000e+02,8.943825175393480542e-01
9.990000000000000000e+02,6.799538281144219543e-01
1.000000000000000000e+03,8.878079803223124511e-01
1.001000000000000000e+03,8.994870407881834229e-01
1.002000000000000000e+03,1.014937784324595027e+00
1.003000000000000000e+03,1.111192034038450460e+00
1.004000000000000000e+03,7.130959854646798934e-01
1.005000000000000000e+03,8.311593896915665525e-01
1.006000000000000000e+03,6.321690751553260545e-01
1.007000000000000000e+03,6.589015622613790812e-01
1.008000000000000000e+03,7.671326282788543116e-01
1.009000000000000000e+03,7.333890670060246864e-01
1.010000000000000000e+03,6.176481785433366456e-01
1.011000000000000000e+03,5.545535380218633570e-01
1.012000000000000000e+03,7.509651545777776827e-01
1.013000000000000000e+03,8.489015054660777881e-01
1.014000000000000000e+03,6.138416663651602434e-01
1.015000000000000000e+03,9.456309155712763204e-01
1.016000000000000000e+03,6.765568580774079521e-01
1.017000000000000000e+03,8.815713636077079363e-01
1.018000000000000000e+03,6.463850576513532342e-01
1.019000000000000000e+03,8.236158097732459993e-01
1.020000000000000000e+03,6.841208247562859945e-01
1.021000000000000000e+03,6.285394617993652622e-01
1.022000000000000000e+03,6.106696743239856673e-01
1.023000000000000000e+03,8.950573912801190746e-01
1.024000000000000000e+03,5.272886784099792834e-01
1.025000000000000000e+03,6.401284809401462939e-01
1.026000000000000000e+03,8.809945447680659347e-01
1.027000000000000000e+03,8.095856648547825607e-01
1.028000000000000000e+03,7.151813716087433992e-01
1.029000000000000000e+03,5.927997927144208479e-01
1.030000000000000000e+03,7.838480231762116057e-01
1.031000000000000000e+03,5.140380087641081008e-01
1.032000000000000000e+03,6.224575534910546937e-01
1.033000000000000000e+03,6.367954746260885424e-01
1.034000000000000000e+03,6.914475434041472690e-01
1.035000000000000000e+03,8.606634787032304557e-01
1.036000000000000000e+03,6.494600368235559085e-01
1.037000000000000000e+03,3.899408099355206603e-01
1.038000000000000000e+03,5.482305114482579622e-01
1.039000000000000000e+03,6.968213900148072515e-01
1.040000000000000000e+03,5.313023522006293797e-01
1.041000000000000000e+03,9.268017531718140134e-01
1.042000000000000000e+03,5.841220600814779340e-01
1.043000000000000000e+03,7.164218201163236044e-01
1.044000000000000000e+03,9.205860103422659479e-01
1.045000000000000000e+03,7.070280159923110208e-01
1.046000000000000000e+03,6.929750361780041557e-01
1.047000000000000000e+03,8.104887549284648385e-01
1.048000000000000000e+03,8.531108827850309995e-01
1.049000000000000000e+03,8.303271643802341284e-01
1.050000000000000000e+03,4.188041661489323442e-01
1.051000000000000000e+03,6.479666064632881861e-01
1.052000000000000000e+03,7.695727810742396535e-01
1.053000000000000000e+03,8.073748281851715891e-01
1.054000000000000000e+03,7.438923668945218726e-01
1.055000000000000000e+03,6.670502506090784101e-01
1.056000000000000000e+03,9.713121776644969563e-01
1.057000000000000000e+03,7.993243485242798041e-01
1.058000000000000000e+03,8.242700344141816737e-01
1.059000000000000000e+03,6.974675908767928867e-01
1.060000000000000000e+03,8.617057283755595876e-01
1.061000000000000000e+03,8.479507465567291957e-01
1.062000000000000000e+03,8.081686036688029429e-01
1.063000000000000000e+03,6.873947825281327972e-01
1.064000000000000000e+03,7.812156387828487203e-01
1.065000000000000000e+03,9.751882101050136642e-01
1.066000000000000000e+03,1.001886818637001131e+00
1.067000000000000000e+03,7.424369572040392384e-01
1.068000000000000000e+03,8.907735591407308640e-01
1.069000000000000000e+03,8.154651686651452902e-01
1.070000000000000000e+03,1.018521850962029074e+00
1.071000000000000000e+03,8.380436590587156953e-01
1.072000000000000000e+03,9.075442350449667295e-01
1.073000000000000000e+03,8.367290108458318443e-01
1.074000000000000000e+03,1.141608739493596758e+00
1.075000000000000000e+03,1.092331680502111046e+00
1.076000000000000000e+03,9.747377003843047394e-01
1.077000000000000000e+03,1.053822604260813200e+00
1.078000000000000000e+03,1.155282322243282422e+00
1.079000000000000000e+03,8.402305961003746493e-01
1.080000000000000000e+03,1.022880524526130541e+00
1.081000000000000000e+03,7.183746039577016962e-01
1.082000000000000000e+03,1.034137700095360657e+00
1.083000000000000000e+03,8.986046314416551439e-01
1.084000000000000000e+03,9.528625077198429327e-01
1.085000000000000000e+03,7.818062513591901297e-01
1.086000000000000000e+03,8.441499750468917096e-01
1.087000000000000000e+03,9.808117907245714751e-01
1.088000000000000000e+03,9.550904365285397546e-01
1.089000000000000000e+03,9.191321837657882021e-01
1.090000000000000000e+03,9.742667881129818408e-01
1.091000000000000000e+03,9.636980089106876868e-01
1.092000000000000000e+03,9.405423312872500663e-01
1.093000000000000000e+03,8.373078248907253052e-01
1.094000000000000000e+03,8.543752683675631676e-01
1.095000000000000000e+03,1.109048352465448861e+00
1.096000000000000000e+03,1.080002717352942510e+00
1.097000000000000000e+03,8.732733409942554648e-01
1.098000000000000000e+03,6.589660210185386280e-01
1.099000000000000000e+03,9.777920211288032570e-01
1.100000000000000000e+03,9.119419980445632179e-01
1.101000000000000000e+03,1.197851920225492917e+00
1.102000000000000000e+03,9.996445470929093968e-01
1.103000000000000000e+03,8.458432219459081081e-01
1.104000000000000000e+03,1.107976759972850278e+00
1.105000000000000000e+03,1.063509799092594355e+00
1.106000000000000000e+03,9.773738421750747252e-01
1.107000000000000000e+03,9.523493023307771921e-01
1.108000000000000000e+03,1.120847231443419689e+00
1.109000000000000000e+03,1.121278371974057553e+00
1.110000000000000000e+03,1.251944220583669054e+00
1.111000000000000000e+03,9.566023624480126664e-01
1.112000000000000000e+03,8.236516169924910091e-01
1.113000000000000000e+03,1.025341881555675849e+00
1.114000000000000000e+03,1.267546774123824882e+00
1.115000000000000000e+03,8.556808778245478253e-01
1.116000000000000000e+03,8.058972984579086951e-01
1.117000000000000000e+03,1.088678943944074495e+00
1.118000000000000000e+03,1.085890689377826179e+00
1.119000000000000000e+03,1.030523547741532431e+00
1.120000000000000000e+03,1.005090322505130196e+00
1.121000000000000000e+03,1.031999456773948554e+00
1.122000000000000000e+03,1.154476723894727774e+00
1.123000000000000000e+03,1.231277912968363974e+00
1.124000000000000000e+03,8.053946836628547157e-01
1.125000000000000000e+03,1.084421282446911272e+00
1.126000000000000000e+03,1.141413588279741820e+00
1.127000000000000000e+03,1.099735423604108586e+00
1.128000000000000000e+03,1.026993273356930025e+00
1.129000000000000000e+03,8.788636106974749840e-01
1.130000000000000000e+03,8.953922794631338222e-01
1.131000000000000000e+03,9.610939082690380664e-01
1.132000000000000000e+03,8.236328824492101797e-01
1.133000000000000000e+03,7.756163378252141083e-01
1.134000000000000000e+03,8.679025623435626668e-01
1.135000000000000000e+03,8.619935269469937156e-01
1.136000000000000000e+03,7.447959524425947775e-01
1.137000000000000000e+03,6.974223129574984581e-01
1.138000000000000000e+03,7.087957349687473707e-01
1.139000000000000000e+03,8.951009195231826032e-01
1.140000000000000000e+03,9.332717418789625574e-01
1.141000000000000000e+03,8.097753842273167635e-01
1.142000000000000000e+03,6.651385770809465914e-01
1.143000000000000000e+03,8.798866837311609679e-01
1.144000000000000000e+03,8.243832902074028635e-01
1.145000000000000000e+03,7.550885340874777807e-01
1.146000000000000000e+03,5.450511029909500538e-01
1.147000000000000000e+03,6.994489806297300438e-01
1.148000000000000000e+03,8.873436417242523966e-01
1.149000000000000000e+03,8.214515691642244599e-01
1.150000000000000000e+03,7.196450695840215239e-01
1.151000000000000000e+03,7.114285923096388409e-01
1.152000000000000000e+03,8.413562050524460156e-01
1.153000000000000000e+03,9.660630972711560238e-01
1.154000000000000000e+03,7.512992217728455824e-01
1.155000000000000000e+03,7.256411586096315203e-01
1.156000000000000000e+03,8.415987024304482089e-01
1.157000000000000000e+03,8.451402672918612025e-01
1.158000000000000000e+03,8.248673731548656907e-01
1.159000000000000000e+03,6.198803141719245735e-01
1.160000000000000000e+03,7.302510205775034624e-01
1.161000000000000000e+03,9.742113681341469933e-01
1.162000000000000000e+03,8.291000898875239278e-01
1.163000000000000000e+03,6.340798755310605994e-01
1.164000000000000000e+03,9.201358822084237943e-01
1.165000000000000000e+03,9.426616915633053706e-01
1.166000000000000000e+03,9.310555726718389158e-01
1.167000000000000000e+03,8.654728859845745026e-01
1.168000000000000000e+03,7.541460586431365520e-01
1.169000000000000000e+03,9.595116771883084317e-01
1.170000000000000000e+03,1.036499453918894309e+00
1.171000000000000000e+03,8.812141633167491772e-01
1.172000000000000000e+03,7.220356316953431275e-01
1.173000000000000000e+03,9.258982882304314099e-01
1.174000000000000000e+03,9.076132638964947708e-01
1.175000000000000000e+03,8.302575943974299655e-01
1.176000000000000000e+03,7.172084466780421774e-01
1.177000000000000000e+03,8.597610708834347859e-01
1.178000000000000000e+03,1.001447476984306473e+00
1.179000000000000000e+03,9.446752300437835093e-01
1.180000000000000000e+03,7.879296684367005366e-01
1.181000000000000000e+03,8.093412230223130388e-01
1.182000000000000000e+03,1.016240977310478355e+00
1.183000000000000000e+03,9.493308171487551128e-01
1.184000000000000000e+03,9.100796191017931358e-01
1.185000000000000000e+03,8.346712221815297816e-01
1.186000000000000000e+03,8.275367572892360357e-01
1.187000000000000000e+03,9.967903772042681076e-01
1.188000000000000000e+03,9.260446422701148483e-01
1.189000000000000000e+03,8.026067115848011246e-01
1.190000000000000000e+03,8.187797902474391876e-01
1.191000000000000000e+03,9.332236814253886958e-01
1.192000000000000000e+03,1.080734809796891405e+00
1.193000000000000000e+03,9.074558673368205985e-01
1.194000000000000000e+03,6.803064241490404118e-01
1.195000000000000000e+03,8.000208705196610870e-01
1.196000000000000000e+03,8.457046725094590212e-01
1.197000000000000000e+03,6.980861009134505801e-01
1.198000000000000000e+03,7.750065282547214940e-01
1.199000000000000000e+03,7.624767856173996217e-01
1.200000000000000000e+03,1.048945394058798719e+00
1.201000000000000000e+03,7.566650473888147932e-01
1.202000000000000000e+03,6.944196868017242785e-01
1.203000000000000000e+03,6.562236728473800351e-01
1.204000000000000000e+03,1.140731850907471756e+00
1.205000000000000000e+03,1.038877059624460752e+00
1.206000000000000000e+03,1.015596842919126885e+00
1.207000000000000000e+03,8.481040668894355150e-01
1.208000000000000000e+03,1.060560939658877100e+00
1.209000000000000000e+03,1.060388109049891447e+00
1.210000000000000000e+03,7.768604690910416721e-01
1.211000000000000000e+03,1.001137840816699542e+00
1.212000000000000000e+03,1.031829092108009549e+00
1.213000000000000000e+03,1.127501078510908750e+00
1.214000000000000000e+03,1.029260345140508237e+00
1.215000000000000000e+03,1.141881033387742050e+00
1.216000000000000000e+03,8.977251431098725032e-01
1.217000000000000000e+03,1.006882217509532884e+00
1.218000000000000000e+03,1.039383620432261957e+00
1.219000000000000000e+03,8.632321784025855926e-01
1.220000000000000000e+03,7.880726766326415778e-01
1.221000000000000000e+03,7.923992245708202375e-01
1.222000000000000000e+03,8.523996646321356785e-01
1.223000000000000000e+03,7.623236327105167298e-01
1.224000000000000000e+03,7.721944652103689410e-01
1.225000000000000000e+03,7.199936140851841415e-01
1.226000000000000000e+03,7.631972116564953446e-01
1.227000000000000000e+03,8.950388403585294306e-01
1.228000000000000000e+03,7.074390502886080956e-01
1.229000000000000000e+03,7.201602960025348388e-01
1.230000000000000000e+03,7.946348681968147254e-01
1.231000000000000000e+03,7.956156981986000076e-01
1.232000000000000000e+03,7.257851262583570051e-01
1.233000000000000000e+03,6.320736112351431624e-01
1.234000000000000000e+03,6.222647665271683337e-01
1.235000000000000000e+03,7.160982746611512795e-01
1.236000000000000000e+03,4.893023719403512550e-01
1.237000000000000000e+03,3.419873389250709383e-01
1.238000000000000000e+03,5.128573320708084138e-01
1.239000000000000000e+03,7.718173657672745547e-01
1.240000000000000000e+03,6.443253056650209976e-01
1.241000000000000000e+03,6.884078525037869989e-01
1.242000000000000000e+03,5.144617778488708160e-01
1.243000000000000000e+03,6.251882658414048555e-01
1.244000000000000000e+03,5.339289935533978460e-01
1.245000000000000000e+03,4.070724467038073779e-01
1.246000000000000000e+03,4.566875673636542343e-01
1.247000000000000000e+03,4.681885919127761753e-01
1.248000000000000000e+03,7.414619988766265601e-01
1.249000000000000000e+03,6.163815054414489847e-01
1.250000000000000000e+03,4.585206211123337150e-01
1.251000000000000000e+03,7.335988740376354622e-01
1.252000000000000000e+03,7.346684245384978995e-01
1.253000000000000000e+03,7.350926944839544230e-01
1.254000000000000000e+03,5.320897935091301045e-01
1.255000000000000000e+03,4.338779036567038672e-01
1.256000000000000000e+03,7.404478154205300644e-01
1.257000000000000000e+03,9.600509362489308973e-01
1.258000000000000000e+03,5.718461493187457778e-01
1.259000000000000000e+03,3.999725994121273720e-01
1.260000000000000000e+03,4.363011100600512338e-01
1.261000000000000000e+03,5.576114357115631304e-01
1.262000000000000000e+03,8.096235803803000231e-01
1.263000000000000000e+03,5.344242328777916162e-01
1.264000000000000000e+03,6.345844453305284905e-01
1.265000000000000000e+03,6.928270744781555024e-01
1.266000000000000000e+03,7.639499854218860797e-01
1.267000000000000000e+03,6.949313546879236636e-01
1.268000000000000000e+03,3.835081223969949993e-01
1.269000000000000000e+03,8.392347278179369541e-01
1.270000000000000000e+03,7.557734221985994427e-01
1.271000000000000000e+03,6.156359673429288026e-01
1.272000000000000000e+03,5.910554000849563838e-01
1.273000000000000000e+03,6.505415694663028159e-01
1.274000000000000000e+03,9.493641069768157248e-01
1.275000000000000000e+03,7.954340171062440623e-01
1.276000000000000000e+03,5.201595537424504867e-01
1.277000000000000000e+03,7.161663923008089183e-01
1.278000000000000000e+03,9.395129961482309167e-01
1.279000000000000000e+03,9.143726001015239913e-01
1.280000000000000000e+03,8.562981947535803773e-01
1.281000000000000000e+03,5.929008635772010649e-01
1.282000000000000000e+03,8.608842643305375519e-01
1.283000000000000000e+03,8.501533199859127032e-01
1.284000000000000000e+03,6.895503743556335996e-01
1.285000000000000000e+03,7.312959015583546662e-01
1.286000000000000000e+03,7.634485274318539849e-01
1.287000000000000000e+03,8.928979796620174492e-01
1.288000000000000000e+03,8.269877760354577001e-01
1.289000000000000000e+03,5.717089125083729684e-01
1.290000000000000000e+03,7.120058559320691094e-01
1.291000000000000000e+03,8.918962969848004407e-01
1.292000000000000000e+03,9.361953552208971407e-01
1.293000000000000000e+03,8.997718092279357593e-01
1.294000000000000000e+03,8.030303835578428417e-01
1.295000000000000000e+03,1.079370005192486381e+00
1.296000000000000000e+03,1.160564736734092772e+00
1.297000000000000000e+03,1.043093490808630452e+00
1.298000000000000000e+03,9.280493537545118077e-01
1.299000000000000000e+03,9.859898191693512448e-01
1.300000000000000000e+03,1.201759523616789949e+00
1.301000000000000000e+03,1.120324242198071252e+00
1.302000000000000000e+03,8.765160015639832380e-01
1.303000000000000000e+03,9.742612246849468027e-01
1.304000000000000000e+03,1.158334133272227673e+00
1.305000000000000000e+03,1.121161524587722447e+00
1.306000000000000000e+03,1.005358153298769874e+00
1.307000000000000000e+03,1.010416758943907922e+00
1.308000000000000000e+03,1.062647627142737861e+00
1.309000000000000000e+03,1.101872946274725207e+00
1.310000000000000000e+03,1.048255054769999806e+00
1.311000000000000000e+03,1.015031938072789242e+00
1.312000000000000000e+03,1.008533603648543497e+00
1.313000000000000000e+03,1.118752275893801551e+00
1.314000000000000000e+03,1.134143750564453157e+00
1.315000000000000000e+03,9.125621157924160842e-01
1.316000000000000000e+03,1.123990384846205615e+00
1.317000000000000000e+03,1.236631843377061557e+00
1.318000000000000000e+03,1.198553948157468518e+00
1.319000000000000000e+03,1.159719996468894010e+00
1.320000000000000000e+03,1.123227326348349209e+00
1.321000000000000000e+03,1.125889890495065604e+00
1.322000000000000000e+03,1.143085372296891666e+00
1.323000000000000000e+03,1.145832624677802336e+00
1.324000000000000000e+03,8.457278836961136248e-01
1.325000000000000000e+03,8.668773245914821457e-01
1.326000000000000000e+03,9.789275421212785266e-01
1.327000000000000000e+03,1.029004859786209369e+00
1.328000000000000000e+03,8.559337161188668164e-01
1.329000000000000000e+03,8.850452848548512330e-01
1.330000000000000000e+03,9.729100457453314643e-01
1.331000000000000000e+03,1.257537433119727321e+00
1.332000000000000000e+03,9.043831320008908214e-01
1.333000000000000000e+03,8.447082371281994240e-01
1.334000000000000000e+03,9.865622602375522243e-01
1.335000000000000000e+03,9.924754511674209745e-01
1.336000000000000000e+03,9.017769909638025938e-01
1.337000000000000000e+03,7.799497592971902371e-01
1.338000000000000000e+03,8.049394249469378204e-01
1.339000000000000000e+03,9.305114465946313640e-01
1.340000000000000000e+03,9.055132070440917724e-01
1.341000000000000000e+03,8.443715615989694223e-01
1.342000000000000000e+03,8.871495968673976940e-01
1.343000000000000000e+03,9.782824033244084116e-01
1.344000000000000000e+03,1.003064556279612773e+00
1.345000000000000000e+03,1.020483381611541951e+00
1.346000000000000000e+03,7.393129683335626368e-01
1.347000000000000000e+03,6.642577370809177317e-01
1.348000000000000000e+03,9.394757739567999311e-01
1.349000000000000000e+03,8.124016707692953698e-01
1.350000000000000000e+03,5.984706483753982065e-01
1.351000000000000000e+03,7.889445710875759854e-01
1.352000000000000000e+03,8.705612973531039467e-01
1.353000000000000000e+03,7.986318436446643299e-01
1.354000000000000000e+03,7.117924851790404794e-01
1.355000000000000000e+03,7.069347766634003216e-01
1.356000000000000000e+03,8.820553874082768253e-01
1.357000000000000000e+03,8.051531645945921856e-01
1.358000000000000000e+03,1.046798659911690743e+00
1.359000000000000000e+03,9.425580041818809596e-01
1.360000000000000000e+03,9.882654121424325755e-01
1.361000000000000000e+03,1.152280184188388956e+00
1.362000000000000000e+03,1.046385257216983833e+00
1.363000000000000000e+03,9.233457103622033646e-01
1.364000000000000000e+03,1.008620073536317108e+00
1.365000000000000000e+03,1.163279521317148735e+00
1.366000000000000000e+03,1.137720316563384904e+00
1.367000000000000000e+03,9.290874034421207073e-01
1.368000000000000000e+03,9.159906036367371218e-01
1.369000000000000000e+03,1.133539127984098505e+00
1.370000000000000000e+03,1.155301285719916082e+00
1.371000000000000000e+03,9.599807528762281938e-01
1.372000000000000000e+03,1.051859878694515027e+00
1.373000000000000000e+03,1.009902020706997305e+00
1.374000000000000000e+03,1.189711671558042028e+00
1.375000000000000000e+03,1.109462881426134917e+00
1.376000000000000000e+03,9.237945141419561246e-01
1.377000000000000000e+03,1.100492887185604118e+00
1.378000000000000000e+03,1.183312304488746580e+00
1.379000000000000000e+03,1.111949618689900721e+00
1.380000000000000000e+03,1.040914927463062245e+00
1.381000000000000000e+03,1.075242800558428691e+00
1.382000000000000000e+03,1.125005655641198032e+00
1.383000000000000000e+03,1.285628889687465692e+00
1.384000000000000000e+03,1.127181197877301422e+00
1.385000000000000000e+03,1.117188079967657011e+00
1.386000000000000000e+03,1.169059073375087854e+00
1.387000000000000000e+03,1.298847005952685985e+00
1.388000000000000000e+03,1.006457916938381381e+00
1.389000000000000000e+03,7.883904298969304225e-01
1.390000000000000000e+03,8.203073397492581798e-01
1.391000000000000000e+03,9.979072991846933416e-01
1.392000000000000000e+03,9.686079118886219419e-01
1.393000000000000000e+03,9.361317942482294541e-01
1.394000000000000000e+03,8.238606039972042883e-01
1.395000000000000000e+03,9.310370464523844980e-01
1.396000000000000000e+03,9.390872520155872927e-01
1.397000000000000000e+03,8.688034123831194222e-01
1.398000000000000000e+03,9.575627098346348731e-01
1.399000000000000000e+03,8.890071733183426694e-01
1.400000000000000000e+03,1.058655386415486177e+00
1.401000000000000000e+03,1.082633313885665638e+00
1.402000000000000000e+03,9.777828297462685114e-01
1.403000000000000000e+03,7.973974695845356120e-01
1.404000000000000000e+03,9.788906519750459889e-01
1.405000000000000000e+03,8.217169699238249247e-01
1.406000000000000000e+03,6.829885682457877971e-01
1.407000000000000000e+03,5.486436569565779076e-01
1.408000000000000000e+03,5.894410754982282175e-01
1.409000000000000000e+03,8.477076086202708360e-01
1.410000000000000000e+03,7.106047850334245020e-01
1.411000000000000000e+03,5.312751991837297849e-01
1.412000000000000000e+03,5.781004261774842501e-01
1.413000000000000000e+03,5.057296224565968057e-01
1.414000000000000000e+03,6.385596684264961409e-01
1.415000000000000000e+03,4.163294349894741675e-01
1.416000000000000000e+03,5.272862939331335319e-01
1.417000000000000000e+03,3.810275338793538413e-01
1.418000000000000000e+03,6.800848809857883426e-01
1.419000000000000000e+03,5.777910789891568255e-01
1.420000000000000000e+03,4.895507158022391891e-01
1.421000000000000000e+03,5.237814926660011583e-01
1.422000000000000000e+03,5.986012260843791566e-01
1.423000000000000000e+03,5.755968613609186990e-01
1.424000000000000000e+03,4.692472370214985089e-01
1.425000000000000000e+03,3.808546575227604869e-01
1.426000000000000000e+03,6.417923525147134489e-01
1.427000000000000000e+03,5.625333807187931079e-01
1.428000000000000000e+03,4.129530000086893970e-01
1.429000000000000000e+03,4.369121518776306612e-01
1.430000000000000000e+03,5.404357373966069966e-01
1.431000000000000000e+03,5.084516587730710802e-01
1.432000000000000000e+03,5.025665175424995912e-01
1.433000000000000000e+03,4.299959023169939165e-01
1.434000000000000000e+03,5.674265843019488109e-01
1.435000000000000000e+03,7.997779839636129928e-01
1.436000000000000000e+03,7.337928444437917808e-01
1.437000000000000000e+03,6.759120688121086351e-01
1.438000000000000000e+03,5.498015718265497620e-01
1.439000000000000000e+03,9.812373343599788411e-01
1.440000000000000000e+03,9.733989669751442753e-01
1.441000000000000000e+03,7.543322450719599503e-01
1.442000000000000000e+03,7.465300125584177771e-01
1.443000000000000000e+03,8.365629444716630170e-01
1.444000000000000000e+03,9.112691953409884915e-01
1.445000000000000000e+03,8.068611094786022342e-01
1.446000000000000000e+03,6.332716304220248338e-01
1.447000000000000000e+03,7.254562181390620257e-01
1.448000000000000000e+03,9.332196451963775674e-01
1.449000000000000000e+03,1.009866434215249686e+00
1.450000000000000000e+03,6.625437461040866172e-01
1.451000000000000000e+03,7.266606570423017608e-01
1.452000000000000000e+03,9.498645970994976651e-01
1.453000000000000000e+03,8.930618115282074054e-01
1.454000000000000000e+03,7.802249391619560104e-01
1.455000000000000000e+03,6.453554754163886020e-01
1.456000000000000000e+03,9.094388154158459248e-01
1.457000000000000000e+03,9.145868958981546726e-01
1.458000000000000000e+03,8.017881988583562825e-01
1.459000000000000000e+03,7.032076287854484020e-01
1.460000000000000000e+03,8.382623133697968409e-01
1.461000000000000000e+03,9.059348763835914919e-01
1.462000000000000000e+03,7.516577279892343588e-01
1.463000000000000000e+03,7.327439550347679686e-01
1.464000000000000000e+03,1.009919802911425135e+00
1.465000000000000000e+03,8.313662461636517342e-01
1.466000000000000000e+03,9.549572647872519582e-01
1.467000000000000000e+03,7.813199537355107749e-01
1.468000000000000000e+03,6.314490679205623236e-01
1.469000000000000000e+03,8.852373265977804273e-01
1.470000000000000000e+03,9.346364871652580453e-01
1.471000000000000000e+03,7.854947741153508467e-01
1.472000000000000000e+03,8.414969880956597592e-01
1.473000000000000000e+03,7.566263467979081891e-01
1.474000000000000000e+03,8.567061120314976019e-01
1.475000000000000000e+03,9.725713103732543940e-01
1.476000000000000000e+03,6.903465700420098328e-01
1.477000000000000000e+03,7.168644456606343418e-01
1.478000000000000000e+03,8.057567028991907687e-01
1.479000000000000000e+03,9.395347709228191180e-01
1.480000000000000000e+03,7.682823942068872647e-01
1.481000000000000000e+03,7.956116664650479953e-01
1.482000000000000000e+03,6.335512019755404900e-01
1.483000000000000000e+03,9.492582487736362928e-01
1.484000000000000000e+03,7.428011274825694343e-01
1.485000000000000000e+03,7.644116815152099953e-01
1.486000000000000000e+03,7.902951391897675704e-01
1.487000000000000000e+03,9.025223033334075495e-01
1.488000000000000000e+03,8.325720275038299700e-01
1.489000000000000000e+03,6.240016812729903828e-01
1.490000000000000000e+03,7.856773541203906364e-01
1.491000000000000000e+03,9.221724479015290799e-01
1.492000000000000000e+03,9.031640155070058684e-01
1.493000000000000000e+03,6.558062474994528213e-01
1.494000000000000000e+03,7.395580570171239598e-01
1.495000000000000000e+03,8.448979498422383161e-01
1.496000000000000000e+03,8.998071349436076449e-01
1.497000000000000000e+03,9.783591948548786554e-01
1.498000000000000000e+03,8.783420169728440863e-01
1.499000000000000000e+03,1.087440878302878611e+00
1.500000000000000000e+03,1.355393528823886307e+00
1.501000000000000000e+03,1.232115850191245698e+00
1.502000000000000000e+03,1.084456636851693245e+00
1.503000000000000000e+03,1.064924405724159140e+00
1.504000000000000000e+03,1.171054977086600779e+00
1.505000000000000000e+03,1.233867597731434618e+00
1.506000000000000000e+03,1.060962423702914936e+00
1.507000000000000000e+03,1.029874313003014130e+00
1.508000000000000000e+03,1.153469836268698367e+00
1.509000000000000000e+03,1.240945687935034236e+00
1.510000000000000000e+03,1.269938250531028601e+00
1.511000000000000000e+03,1.046936758118147459e+00
1.512000000000000000e+03,1.251150658756693179e+00
1.513000000000000000e+03,1.290106374709655945e+00
1.514000000000000000e+03,1.377710150324275240e+00
1.515000000000000000e+03,1.096670889399247173e+00
1.516000000000000000e+03,1.359020923775281275e+00
1.517000000000000000e+03,1.224725447438200554e+00
1.518000000000000000e+03,1.239781682000786311e+00
1.519000000000000000e+03,1.114111691738060239e+00
1.520000000000000000e+03,1.149541906843172256e+00
1.521000000000000000e+03,1.098428261073476131e+00
1.522000000000000000e+03,1.280594091861208650e+00
1.523000000000000000e+03,1.037752425349414143e+00
1.524000000000000000e+03,1.128718200161556329e+00
1.525000000000000000e+03,1.191498690833629137e+00
1.526000000000000000e+03,1.209980022660057664e+00
1.527000000000000000e+03,1.251954263384912558e+00
1.528000000000000000e+03,1.313600329749586848e+00
1.529000000000000000e+03,8.180367518801910931e-01
1.530000000000000000e+03,8.720350811821547810e-01
1.531000000000000000e+03,1.036022808469230228e+00
1.532000000000000000e+03,8.349169194828569562e-01
1.533000000000000000e+03,6.896012865398033487e-01
1.534000000000000000e+03,8.676249894588383693e-01
1.535000000000000000e+03,1.006787971893933431e+00
1.536000000000000000e+03,8.231108855340534269e-01
1.537000000000000000e+03,7.438596524074931882e-01
1.538000000000000000e+03,7.586289155130221395e-01
1.539000000000000000e+03,1.047628269416969182e+00
1.540000000000000000e+03,8.897446118367691170e-01
1.541000000000000000e+03,8.260189325299599483e-01
1.542000000000000000e+03,8.292637354925305182e-01
1.543000000000000000e+03,9.428586390125337502e-01
1.544000000000000000e+03,1.031458325104534612e+00
1.545000000000000000e+03,8.980700256532490044e-01
1.546000000000000000e+03,7.207175783545415326e-01
1.547000000000000000e+03,9.119079790394093443e-01
1.548000000000000000e+03,1.087071596307699561e+00
1.549000000000000000e+03,8.270099551775724755e-01
1.550000000000000000e+03,7.759666393224426972e-01
1.551000000000000000e+03,8.091407800366294811e-01
1.552000000000000000e+03,9.258411772151717845e-01
1.553000000000000000e+03,8.619271532448647966e-01
1.554000000000000000e+03,7.918325598440086877e-01
1.555000000000000000e+03,6.003451532603429897e-01
1.556000000000000000e+03,5.708093828739703168e-01
1.557000000000000000e+03,6.179125788221920823e-01
1.558000000000000000e+03,7.109062525212482830e-01
1.559000000000000000e+03,3.318947734198997024e-01
1.560000000000000000e+03,4.549615445842689621e-01
1.561000000000000000e+03,7.301312548125273860e-01
1.562000000000000000e+03,5.020913034214752324e-01
1.563000000000000000e+03,7.201641894502738284e-01
1.564000000000000000e+03,4.112850266443961456e-01
1.565000000000000000e+03,7.795156775282101602e-01
1.566000000000000000e+03,7.847774772204449967e-01
1.567000000000000000e+03,6.685319800305379312e-01
1.568000000000000000e+03,5.178166619676780602e-01
1.569000000000000000e+03,7.318333967133302531e-01
1.570000000000000000e+03,7.923186696439162846e-01
1.571000000000000000e+03,6.496217826537947770e-01
1.572000000000000000e+03,5.384334453922954289e-01
1.573000000000000000e+03,6.459110209194131036e-01
1.574000000000000000e+03,7.918831893825386548e-01
1.575000000000000000e+03,7.126832908431252056e-01
1.576000000000000000e+03,5.691235488055114145e-01
1.577000000000000000e+03,5.212178231755529856e-01
1.578000000000000000e+03,7.274828904629817572e-01
1.579000000000000000e+03,7.984350308718747291e-01
1.580000000000000000e+03,5.534084021935143927e-01
1.581000000000000000e+03,5.209050247871315209e-01
1.582000000000000000e+03,7.843535141311317460e-01
1.583000000000000000e+03,7.959190612606357185e-01
1.584000000000000000e+03,7.595302832395596226e-01
1.585000000000000000e+03,6.532988703506097394e-01
1.586000000000000000e+03,8.187990235418474150e-01
1.587000000000000000e+03,1.034803149412542478e+00
1.588000000000000000e+03,7.647035659594156876e-01
1.589000000000000000e+03,7.551351485348828385e-01
1.590000000000000000e+03,7.522670026910376340e-01
1.591000000000000000e+03,8.740612459251899669e-01
1.592000000000000000e+03,9.788821808957182125e-01
1.593000000000000000e+03,6.697698972335579537e-01
1.594000000000000000e+03,6.918004678460945023e-01
1.595000000000000000e+03,8.042820290837500163e-01
1.596000000000000000e+03,9.521765122988112839e-01
1.597000000000000000e+03,7.573861724506560922e-01
1.598000000000000000e+03,6.727125417222812320e-01
1.599000000000000000e+03,7.393646872709098705e-01
1.600000000000000000e+03,9.024860281609177193e-01
1.601000000000000000e+03,8.794570946867942274e-01
1.602000000000000000e+03,7.007426897511873642e-01
1.603000000000000000e+03,6.530593142712793897e-01
1.604000000000000000e+03,9.047840451479394197e-01
1.605000000000000000e+03,8.316784896145063000e-01
1.606000000000000000e+03,7.481130598420118183e-01
1.607000000000000000e+03,7.733773599765652040e-01
1.608000000000000000e+03,6.612932457895945859e-01
1.609000000000000000e+03,9.453688206420176598e-01
1.610000000000000000e+03,7.971542320663441705e-01
1.611000000000000000e+03,7.245932718606673539e-01
1.612000000000000000e+03,7.799199819552732338e-01
1.613000000000000000e+03,8.874084217666389218e-01
1.614000000000000000e+03,8.557461681952516219e-01
1.615000000000000000e+03,7.830981116670963083e-01
1.616000000000000000e+03,6.480811308869930398e-01
1.617000000000000000e+03,9.447061954597355538e-01
1.618000000000000000e+03,8.736199880395305595e-01
1.619000000000000000e+03,7.574164912646661474e-01
1.620000000000000000e+03,7.711063321204509879e-01
1.621000000000000000e+03,8.494491414558628106e-01
1.622000000000000000e+03,7.339256972197231166e-01
1.623000000000000000e+03,8.849613955278260446e-01
1.624000000000000000e+03,7.545238952830057855e-01
1.625000000000000000e+03,8.635215268511897690e-01
1.626000000000000000e+03,8.949864702013899942e-01
1.627000000000000000e+03,9.705913490868387505e-01
1.628000000000000000e+03,7.795791480920046812e-01
1.629000000000000000e+03,8.405028614364742356e-01
1.630000000000000000e+03,9.563719590984067764e-01
1.631000000000000000e+03,9.932651035781608906e-01
1.632000000000000000e+03,8.082292871446159488e-01
1.633000000000000000e+03,7.949086541721883670e-01
1.634000000000000000e+03,9.716820934808267918e-01
1.635000000000000000e+03,9.548648196387755638e-01
1.636000000000000000e+03,8.971745047086250313e-01
1.637000000000000000e+03,7.649432370097772882e-01
1.638000000000000000e+03,7.856190767746297210e-01
1.639000000000000000e+03,9.113114417164224212e-01
1.640000000000000000e+03,8.432470848895707860e-01
1.641000000000000000e+03,8.370499973369359692e-01
1.642000000000000000e+03,6.090972236187220945e-01
1.643000000000000000e+03,8.256324390524203416e-01
1.644000000000000000e+03,8.685334092651294524e-01
1.645000000000000000e+03,7.550205962906800794e-01
1.646000000000000000e+03,6.864615367503075216e-01
1.647000000000000000e+03,8.445559378480197443e-01
1.648000000000000000e+03,8.259777176742257865e-01
1.649000000000000000e+03,7.624127028562421859e-01
1.650000000000000000e+03,6.656270102200987360e-01
1.651000000000000000e+03,7.067110257355436742e-01
1.652000000000000000e+03,8.185656481578761356e-01
1.653000000000000000e+03,7.154730537798090761e-01
1.654000000000000000e+03,6.920957003139527330e-01
1.655000000000000000e+03,5.697770549562650721e-01
1.656000000000000000e+03,7.307895268836668290e-01
1.657000000000000000e+03,8.248135237964753230e-01
1.658000000000000000e+03,5.682631793134409470e-01
1.659000000000000000e+03,6.115417568112359037e-01
1.660000000000000000e+03,6.681192700533233886e-01
1.661000000000000000e+03,6.785480618299235545e-01
1.662000000000000000e+03,7.099326790986524305e-01
1.663000000000000000e+03,9.945725414755176574e-01
1.664000000000000000e+03,8.389687447487571559e-01
1.665000000000000000e+03,1.006653797712979248e+00
1.666000000000000000e+03,9.949027369350224026e-01
1.667000000000000000e+03,8.227049026656582109e-01
1.668000000000000000e+03,9.564899201754064606e-01
1.669000000000000000e+03,1.020969689446717954e+00
1.670000000000000000e+03,1.143352027571608476e+00
1.671000000000000000e+03,1.207474895979333107e+00
1.672000000000000000e+03,6.254795348878769978e-01
1.673000000000000000e+03,1.003518242304521912e+00
1.674000000000000000e+03,1.181151800602677993e+00
1.675000000000000000e+03,1.115601453421702693e+00
1.676000000000000000e+03,7.074168482403788705e-01
1.677000000000000000e+03,9.735219042906226861e-01
1.678000000000000000e+03,9.823235305983870624e-01
1.679000000000000000e+03,1.159822433275587317e+00
1.680000000000000000e+03,1.117294170165970213e+00
1.681000000000000000e+03,1.052838579509564276e+00
1.682000000000000000e+03,9.187133602734876003e-01
1.683000000000000000e+03,7.730222593557514177e-01
1.684000000000000000e+03,6.850341385940010852e-01
1.685000000000000000e+03,6.042715070608752903e-01
1.686000000000000000e+03,6.236897680450372849e-01
1.687000000000000000e+03,1.073059153345714112e+00
1.688000000000000000e+03,6.711473941836962886e-01
1.689000000000000000e+03,5.076411124066637637e-01
1.690000000000000000e+03,5.926018715416696558e-01
1.691000000000000000e+03,9.613266099953896582e-01
1.692000000000000000e+03,6.139767423301474292e-01
1.693000000000000000e+03,4.637317699866241316e-01
1.694000000000000000e+03,3.516052989756421887e-01
1.695000000000000000e+03,4.069446660784830083e-01
1.696000000000000000e+03,6.457922593580749382e-01
1.697000000000000000e+03,5.275577324010669589e-01
1.698000000000000000e+03,1.842400884574658948e-01
1.699000000000000000e+03,3.865406173682708335e-01
1.700000000000000000e+03,4.664521716351490710e-01
1.701000000000000000e+03,4.782031330398892610e-01
1.702000000000000000e+03,2.826367108630067904e-01
1.703000000000000000e+03,4.338001734759109329e-01
1.704000000000000000e+03,3.213032348678499517e-01
1.705000000000000000e+03,3.356535736517616275e-01
1.706000000000000000e+03,2.540722907476944403e-01
1.707000000000000000e+03,2.045177850695627519e-01
1.708000000000000000e+03,2.363663368562762823e-01
1.709000000000000000e+03,4.097985602726517129e-01
1.710000000000000000e+03,3.768859489977969268e-01
1.711000000000000000e+03,6.094335327120084522e-02
1.712000000000000000e+03,4.101641609789526965e-01
1.713000000000000000e+03,7.679595638006742053e-01
1.714000000000000000e+03,8.876802541585588902e-01
1.715000000000000000e+03,6.095958104990072401e-01
1.716000000000000000e+03,5.471696700909213229e-01
1.717000000000000000e+03,6.983312125932146230e-01
1.718000000000000000e+03,6.615159864750365104e-01
1.719000000000000000e+03,5.786154601686547272e-01
1.720000000000000000e+03,5.501433742110959368e-01
1.721000000000000000e+03,7.393902877573328425e-01
1.722000000000000000e+03,7.046279946386898585e-01
1.723000000000000000e+03,5.467409836262016043e-01
1.724000000000000000e+03,5.462913932313202547e-01
1.725000000000000000e+03,6.950514945506244269e-01
1.726000000000000000e+03,7.031301530548277334e-01
1.727000000000000000e+03,7.424722111930703861e-01
1.728000000000000000e+03,5.822892221152230485e-01
1.729000000000000000e+03,5.946102999553317670e-01
1.730000000000000000e+03,7.541409799294347405e-01
1.731000000000000000e+03,7.366326673846608220e-01
1.732000000000000000e+03,8.435257934650253198e-01
1.733000000000000000e+03,7.603419230528480899e-01
1.734000000000000000e+03,1.037756286053005850e+00
1.735000000000000000e+03,1.160242101186838015e+00
1.736000000000000000e+03,1.100003991454163055e+00
1.737000000000000000e+03,9.966371366043006441e-01
1.738000000000000000e+03,1.214456356358696532e+00
1.739000000000000000e+03,1.218757905231140137e+00
1.740000000000000000e+03,1.392850933398871893e+00
1.741000000000000000e+03,1.115386354121920442e+00
1.742000000000000000e+03,1.069674226788652538e+00
1.743000000000000000e+03,1.030504243421228372e+00
1.744000000000000000e+03,1.417807834239187992e+00
1.745000000000000000e+03,1.313478498416680518e+00
1.746000000000000000e+03,1.175508234169002852e+00
1.747000000000000000e+03,1.056942647412599134e+00
1.748000000000000000e+03,1.599083020999772176e+00
1.749000000000000000e+03,1.305906480557047944e+00
1.750000000000000000e+03,1.118496413295062331e+00
1.751000000000000000e+03,1.078334478911867400e+00
1.752000000000000000e+03,1.315463370379806429e+00
1.753000000000000000e+03,1.430697756060326453e+00
1.754000000000000000e+03,1.180199776994140137e+00
1.755000000000000000e+03,1.017699292937485289e+00
1.756000000000000000e+03,1.181774335804075537e+00
1.757000000000000000e+03,1.362131375564301194e+00
1.758000000000000000e+03,1.156431374913155841e+00
1.759000000000000000e+03,1.084557866391586023e+00
1.760000000000000000e+03,1.363746334186753062e+00
1.761000000000000000e+03,1.120329354147388212e+00
1.762000000000000000e+03,1.018584510905769625e+00
1.763000000000000000e+03,7.476001389470424696e-01
1.764000000000000000e+03,1.068539989379577948e+00
1.765000000000000000e+03,1.032016776775120270e+00
1.766000000000000000e+03,8.561646933017402761e-01
1.767000000000000000e+03,5.299293260523543214e-01
1.768000000000000000e+03,7.514398877081479577e-01
1.769000000000000000e+03,8.442589171046459562e-01
1.770000000000000000e+03,8.046766622050990359e-01
1.771000000000000000e+03,5.066386444897269525e-01
1.772000000000000000e+03,8.586506394438175871e-01
1.773000000000000000e+03,1.064167380622859982e+00
1.774000000000000000e+03,1.115249653897000037e+00
1.775000000000000000e+03,1.028350449553464774e+00
1.776000000000000000e+03,9.701953014942560349e-01
1.777000000000000000e+03,8.942151734655569006e-01
1.778000000000000000e+03,1.282816193834368512e+00
1.779000000000000000e+03,1.217687607367991642e+00
1.780000000000000000e+03,7.718092802136793384e-01
1.781000000000000000e+03,8.596120084556798657e-01
1.782000000000000000e+03,1.138462063259382040e+00
1.783000000000000000e+03,1.106487090653800909e+00
1.784000000000000000e+03,1.064145312141684840e+00
1.785000000000000000e+03,1.039431156280092861e+00
1.786000000000000000e+03,1.064986716377209985e+00
1.787000000000000000e+03,1.207338861423100429e+00
1.788000000000000000e+03,1.171181404508140345e+00
1.789000000000000000e+03,1.170781304200555040e+00
1.790000000000000000e+03,1.095844045664912780e+00
1.791000000000000000e+03,1.181958571259173807e+00
1.792000000000000000e+03,1.199878750749149736e+00
1.793000000000000000e+03,1.257232625102033152e+00
1.794000000000000000e+03,1.033286504464868916e+00
1.795000000000000000e+03,1.315833733797757032e+00
1.796000000000000000e+03,1.420155392149925033e+00
1.797000000000000000e+03,1.092768457911108104e+00
1.798000000000000000e+03,1.026779814196463914e+00
1.799000000000000000e+03,1.129927423443702450e+00
1.800000000000000000e+03,1.232584563307360659e+00
1.801000000000000000e+03,1.174902936575133561e+00
1.802000000000000000e+03,1.335985058778369483e+00
1.803000000000000000e+03,9.436645474623637231e-01
1.804000000000000000e+03,8.952945161360685855e-01
1.805000000000000000e+03,1.052321653336165230e+00
1.806000000000000000e+03,7.627503396289224691e-01
1.807000000000000000e+03,8.107905219191776647e-01
1.808000000000000000e+03,9.036707108435547697e-01
1.809000000000000000e+03,9.524930581063938417e-01
1.810000000000000000e+03,8.429080956658555612e-01
1.811000000000000000e+03,9.040124105023895629e-01
1.812000000000000000e+03,7.905126834381007717e-01
1.813000000000000000e+03,8.948032794232151366e-01
1.814000000000000000e+03,6.663759557588394555e-01
1.815000000000000000e+03,8.781876571402534859e-01
1.816000000000000000e+03,7.788335108917726624e-01
1.817000000000000000e+03,5.308967883763650031e-01
1.818000000000000000e+03,7.478167368727812736e-01
1.819000000000000000e+03,6.820075388705790775e-01
1.820000000000000000e+03,6.717960771611478643e-01
1.821000000000000000e+03,5.572566912358037916e-01
1.822000000000000000e+03,9.104259074617042646e-01
1.823000000000000000e+03,1.191929546818569108e+00
1.824000000000000000e+03,8.403562381654547941e-01
1.825000000000000000e+03,6.649623305942442553e-01
1.826000000000000000e+03,8.043879317737800960e-01
1.827000000000000000e+03,9.350063165106716756e-01
1.828000000000000000e+03,9.346813374532552121e-01
1.829000000000000000e+03,1.016945094160462526e+00
1.830000000000000000e+03,1.052710069951629412e+00
1.831000000000000000e+03,9.641762642501157110e-01
1.832000000000000000e+03,9.218219425757203656e-01
1.833000000000000000e+03,8.601539520003866901e-01
1.834000000000000000e+03,9.910605394423679382e-01
1.835000000000000000e+03,1.099889683498886939e+00
1.836000000000000000e+03,9.587213713766667977e-01
1.837000000000000000e+03,7.748244414277839498e-01
1.838000000000000000e+03,8.480280959583664790e-01
1.839000000000000000e+03,9.767958575463414617e-01
1.840000000000000000e+03,9.503858880868615300e-01
1.841000000000000000e+03,9.275188622457339882e-01
1.842000000000000000e+03,7.339505668973682617e-01
1.843000000000000000e+03,1.017345017152429865e+00
1.844000000000000000e+03,1.117423739515876591e+00
1.845000000000000000e+03,9.660345894752909723e-01
1.846000000000000000e+03,8.815635548571963964e-01
1.847000000000000000e+03,8.422829267063595138e-01
1.848000000000000000e+03,9.929722010262239662e-01
1.849000000000000000e+03,1.068102897161540721e+00
1.850000000000000000e+03,9.705643292417062140e-01
1.851000000000000000e+03,9.155544006037500404e-01
1.852000000000000000e+03,1.146974593568458545e+00
1.853000000000000000e+03,7.220517698509009152e-01
1.854000000000000000e+03,6.542089804850534929e-01
1.855000000000000000e+03,7.361058342582188496e-01
1.856000000000000000e+03,9.174362450103955569e-01
1.857000000000000000e+03,8.664864032549982609e-01
1.858000000000000000e+03,7.722974468124685909e-01
1.859000000000000000e+03,8.351468321319895916e-01
1.860000000000000000e+03,1.030350755960906195e+00
1.861000000000000000e+03,1.063378436753832812e+00
1.862000000000000000e+03,9.291186058393298142e-01
1.863000000000000000e+03,4.911192594889731144e-01
1.864000000000000000e+03,9.126742762948657495e-01
1.865000000000000000e+03,7.581647050952584621e-01
1.866000000000000000e+03,9.605216324234042702e-01
1.867000000000000000e+03,1.163706334171792811e+00
1.868000000000000000e+03,1.272974558907711717e+00
1.869000000000000000e+03,1.040083845512584482e+00
1.870000000000000000e+03,1.300553533478889356e+00
1.871000000000000000e+03,1.076098446598815261e+00
1.872000000000000000e+03,9.819561455132247429e-01
1.873000000000000000e+03,1.423092919112436849e+00
1.874000000000000000e+03,1.341514327476766910e+00
1.875000000000000000e+03,1.312281082455913905e+00
1.876000000000000000e+03,9.880902007837311096e-01
1.877000000000000000e+03,1.286835777967182404e+00
1.878000000000000000e+03,1.362427562197340958e+00
1.879000000000000000e+03,1.458831987767343463e+00
1.880000000000000000e+03,1.161666023562928141e+00
1.881000000000000000e+03,1.161238314082406742e+00
1.882000000000000000e+03,1.327320220230752135e+00
1.883000000000000000e+03,1.475346087149422836e+00
1.884000000000000000e+03,1.415457618524921912e+00
1.885000000000000000e+03,1.130090698415672668e+00
1.886000000000000000e+03,1.380270189064920050e+00
1.887000000000000000e+03,1.488814647393107871e+00
1.888000000000000000e+03,1.603380189532692013e+00
1.889000000000000000e+03,1.604424260998446483e+00
1.890000000000000000e+03,1.622812244189770770e+00
1.891000000000000000e+03,1.580799374922067235e+00
1.892000000000000000e+03,1.811845386339123953e+00
1.893000000000000000e+03,1.657422343357838557e+00
1.894000000000000000e+03,1.610839621219320339e+00
1.895000000000000000e+03,1.809928156985873393e+00
1.896000000000000000e+03,1.954387908864000822e+00
1.897000000000000000e+03,1.886699848293805992e+00
1.898000000000000000e+03,1.655597625211791657e+00
1.899000000000000000e+03,1.704141715565807624e+00
1.900000000000000000e+03,1.706739643178214250e+00
1.901000000000000000e+03,1.872043010691667009e+00
1.902000000000000000e+03,1.488757989022132078e+00
1.903000000000000000e+03,1.777952035471634495e+00
1.904000000000000000e+03,2.048902432746190438e+00
1.905000000000000000e+03,1.975882261029588971e+00
1.906000000000000000e+03,1.722297752156108253e+00
1.907000000000000000e+03,1.721010174887401378e+00
1.908000000000000000e+03,1.740687847424464252e+00
1.909000000000000000e+03,1.965664653907015946e+00
1.910000000000000000e+03,2.097055017806481292e+00
1.911000000000000000e+03,1.820443057377275631e+00
1.912000000000000000e+03,1.945528996398897092e+00
1.913000000000000000e+03,2.077162746022150674e+00
1.914000000000000000e+03,1.957985853147311994e+00
1.915000000000000000e+03,2.031057204336765398e+00
1.916000000000000000e+03,1.988071648502488520e+00
1.917000000000000000e+03,2.095188424501101210e+00
1.918000000000000000e+03,2.334947622296610348e+00
1.919000000000000000e+03,1.787848186614239721e+00
1.920000000000000000e+03,1.795842922834898880e+00
1.921000000000000000e+03,1.946772981230258548e+00
1.922000000000000000e+03,2.289734474349909288e+00
1.923000000000000000e+03,1.919495865432492954e+00
1.924000000000000000e+03,1.897890726322678745e+00
1.925000000000000000e+03,2.006846065664374290e+00
1.926000000000000000e+03,1.976861525360779526e+00
1.927000000000000000e+03,2.016856435247765145e+00
1.928000000000000000e+03,2.103144563905832154e+00
1.929000000000000000e+03,2.141237290597189702e+00
1.930000000000000000e+03,2.187784561982349274e+00
1.931000000000000000e+03,2.445612186351328265e+00
1.932000000000000000e+03,2.209319509324709330e+00
1.933000000000000000e+03,2.432972134009836473e+00
1.934000000000000000e+03,2.349303518532764201e+00
1.935000000000000000e+03,2.308590139874760361e+00
1.936000000000000000e+03,2.290118068627363002e+00
1.937000000000000000e+03,2.310634444222876560e+00
1.938000000000000000e+03,2.306475713315937703e+00
1.939000000000000000e+03,2.352287046910163770e+00
1.940000000000000000e+03,2.403743132060888854e+00
1.941000000000000000e+03,2.296541998798967921e+00
1.942000000000000000e+03,2.331092055842906685e+00
1.943000000000000000e+03,2.436961290640288880e+00
1.944000000000000000e+03,2.394513517312174322e+00
1.945000000000000000e+03,2.006387619086923646e+00
1.946000000000000000e+03,1.989364422707087465e+00
1.947000000000000000e+03,2.277879498551528936e+00
1.948000000000000000e+03,2.559394498412296048e+00
1.949000000000000000e+03,2.524926624877038339e+00
1.950000000000000000e+03,2.383752857268533365e+00
1.951000000000000000e+03,2.328251981903621814e+00
1.952000000000000000e+03,2.222887949397585938e+00
1.953000000000000000e+03,2.293707538869582674e+00
1.954000000000000000e+03,2.073400190533881027e+00
1.955000000000000000e+03,2.402799100295233803e+00
1.956000000000000000e+03,2.289781010287962548e+00
1.957000000000000000e+03,2.269014071713626457e+00
1.958000000000000000e+03,2.144051781036892201e+00
1.959000000000000000e+03,2.197770842346410181e+00
1.960000000000000000e+03,2.173990801875271384e+00
1.961000000000000000e+03,2.087968794903658942e+00
1.962000000000000000e+03,2.204851330366056406e+00
1.963000000000000000e+03,2.041353941439844721e+00
1.964000000000000000e+03,2.144598762416896509e+00
1.965000000000000000e+03,2.378019734807685026e+00
1.966000000000000000e+03,2.251178196310119617e+00
1.967000000000000000e+03,2.126409356037179066e+00
1.968000000000000000e+03,2.191555640056326304e+00
1.969000000000000000e+03,2.201043013843089646e+00
1.970000000000000000e+03,2.434892427892739963e+00
1.971000000000000000e+03,2.091894906332731008e+00
1.972000000000000000e+03,2.399912442127631884e+00
1.973000000000000000e+03,2.331784882596080521e+00
1.974000000000000000e+03,2.788330529487339504e+00
1.975000000000000000e+03,2.381101248238147505e+00
1.976000000000000000e+03,2.440451027933322692e+00
1.977000000000000000e+03,2.564622330387909876e+00
1.978000000000000000e+03,2.475324090064662919e+00
1.979000000000000000e+03,2.624658037987853909e+00
1.980000000000000000e+03,2.309152422287898077e+00
1.981000000000000000e+03,2.422755083422304168e+00
1.982000000000000000e+03,2.356617516637625087e+00
1.983000000000000000e+03,2.601221181510204872e+00
1.984000000000000000e+03,2.377647157352863694e+00
1.985000000000000000e+03,2.196884117958257665e+00
1.986000000000000000e+03,2.303426682163446593e+00
1.987000000000000000e+03,2.126319231484240291e+00
1.988000000000000000e+03,2.015461673230225514e+00
1.989000000000000000e+03,2.212886655940924818e+00
1.990000000000000000e+03,2.227790108878241693e+00
1.991000000000000000e+03,2.459633355360296036e+00
1.992000000000000000e+03,2.350423330547765310e+00
1.993000000000000000e+03,2.260720836798525646e+00
1.994000000000000000e+03,2.256821173014624371e+00
1.995000000000000000e+03,2.671407783892493448e+00
1.996000000000000000e+03,2.688679651475855970e+00
1.997000000000000000e+03,2.207616181668758948e+00
1.998000000000000000e+03,2.417636569729713081e+00
1.999000000000000000e+03,2.394624216996271038e+00
2.000000000000000000e+03,2.532539880673567723e+00
2.001000000000000000e+03,2.509241828368786287e+00
2.002000000000000000e+03,2.199938546155959962e+00
2.003000000000000000e+03,2.232115829629123915e+00
2.004000000000000000e+03,2.053258072028956605e+00
2.005000000000000000e+03,2.233836905108268489e+00
2.006000000000000000e+03,2.098646411848698268e+00
2.007000000000000000e+03,2.052942539187470494e+00
2.008000000000000000e+03,2.210966871778269116e+00
2.009000000000000000e+03,2.171546388390554139e+00
2.010000000000000000e+03,2.131768179210386638e+00
2.011000000000000000e+03,2.166902384923959257e+00
2.012000000000000000e+03,2.278020835492663654e+00
2.013000000000000000e+03,2.426700394270819405e+00
2.014000000000000000e+03,2.094590736009337650e+00
2.015000000000000000e+03,2.063786294174933644e+00
2.016000000000000000e+03,2.118645162377138735e+00
2.017000000000000000e+03,2.212867428978098960e+00
2.018000000000000000e+03,2.250903164883666374e+00
2.019000000000000000e+03,2.133857685378921509e+00
2.020000000000000000e+03,2.038593605458255187e+00
2.021000000000000000e+03,1.961234381350715372e+00
2.022000000000000000e+03,2.507143163881231818e+00
2.023000000000000000e+03,2.229930829646074475e+00
2.024000000000000000e+03,1.925880374591527389e+00
2.025000000000000000e+03,1.793287622533147996e+00
2.026000000000000000e+03,2.039456118084051806e+00
2.027000000000000000e+03,1.945082935601252228e+00
2.028000000000000000e+03,1.846471197719353308e+00
2.029000000000000000e+03,1.823059528628211190e+00
2.030000000000000000e+03,1.857336353015728969e+00
2.031000000000000000e+03,2.181271459679317459e+00
2.032000000000000000e+03,2.083625294151337126e+00
2.033000000000000000e+03,1.733997257604842579e+00
2.034000000000000000e+03,2.058757152511216493e+00
2.035000000000000000e+03,2.047502638485537041e+00
2.036000000000000000e+03,2.207444712701585487e+00
2.037000000000000000e+03,1.834628664583521473e+00
2.038000000000000000e+03,1.946924979263020772e+00
2.039000000000000000e+03,1.836685894009018494e+00
2.040000000000000000e+03,2.100370651548485679e+00
2.041000000000000000e+03,1.985586679028306545e+00
2.042000000000000000e+03,1.817816302301797915e+00
2.043000000000000000e+03,2.193473325126714002e+00
2.044000000000000000e+03,2.045024903382445469e+00
2.045000000000000000e+03,2.014410444469852290e+00
2.046000000000000000e+03,1.937584559744238266e+00
2.047000000000000000e+03,1.910902964132782822e+00
2.048000000000000000e+03,2.026217194553357803e+00
2.049000000000000000e+03,1.984270560040919174e+00
2.050000000000000000e+03,1.888284568015247800e+00
2.051000000000000000e+03,1.943163188167391420e+00
2.052000000000000000e+03,2.124098523596030130e+00
2.053000000000000000e+03,2.052073953631106118e+00
2.054000000000000000e+03,1.927992023484963680e+00
2.055000000000000000e+03,1.899993700111439310e+00
2.056000000000000000e+03,2.048403048788084213e+00
2.057000000000000000e+03,2.068200631416497348e+00
2.058000000000000000e+03,2.004667038566613435e+00
2.059000000000000000e+03,2.097482382221045327e+00
2.060000000000000000e+03,2.024313330562045099e+00
2.061000000000000000e+03,2.099868763091858881e+00
2.062000000000000000e+03,2.008742768125498568e+00
2.063000000000000000e+03,1.826489133561355338e+00
2.064000000000000000e+03,1.969942197036465226e+00
2.065000000000000000e+03,2.119728604154564877e+00
2.066000000000000000e+03,2.061671885020077255e+00
2.067000000000000000e+03,1.970802383109230504e+00
2.068000000000000000e+03,1.947420110473586874e+00
2.069000000000000000e+03,1.963476600331394595e+00
2.070000000000000000e+03,2.021784313275301503e+00
2.071000000000000000e+03,1.984224129318973073e+00
2.072000000000000000e+03,1.903197154515101852e+00
2.073000000000000000e+03,1.740754376799272141e+00
2.074000000000000000e+03,2.116983912776960075e+00
2.075000000000000000e+03,2.027856787757768675e+00
2.076000000000000000e+03,1.935497184858903763e+00
2.077000000000000000e+03,1.890176068152007449e+00
2.078000000000000000e+03,1.985699604499436166e+00
2.079000000000000000e+03,2.098837428892787571e+00
2.080000000000000000e+03,1.885181783067010119e+00
2.081000000000000000e+03,1.844417227495568135e+00
2.082000000000000000e+03,1.990405277712012699e+00
2.083000000000000000e+03,2.022127800154731592e+00
2.084000000000000000e+03,1.996894638996017823e+00
2.085000000000000000e+03,1.887520746021482010e+00
2.086000000000000000e+03,1.912794659762762084e+00
2.087000000000000000e+03,2.074833893480389158e+00
2.088000000000000000e+03,2.019659038070805046e+00
2.089000000000000000e+03,1.897852145977206639e+00
2.090000000000000000e+03,1.818910060845198684e+00
2.091000000000000000e+03,2.235811936000819511e+00
2.092000000000000000e+03,2.204209799856986951e+00
2.093000000000000000e+03,2.123587310588695765e+00
2.094000000000000000e+03,2.125876365239641075e+00
2.095000000000000000e+03,2.271093193447258241e+00
2.096000000000000000e+03,2.194048229535898731e+00
2.097000000000000000e+03,2.311619099061709370e+00
2.098000000000000000e+03,2.192460498235210498e+00
2.099000000000000000e+03,2.155803874900207973e+00
2.100000000000000000e+03,2.215463042237984848e+00
2.101000000000000000e+03,2.282503076708433110e+00
2.102000000000000000e+03,2.001605219960672422e+00
2.103000000000000000e+03,2.243995993914081222e+00
2.104000000000000000e+03,2.272193047532150789e+00
2.105000000000000000e+03,2.302610914052398261e+00
2.106000000000000000e+03,2.076232818722265172e+00
2.107000000000000000e+03,2.094305911571294754e+00
2.108000000000000000e+03,2.049330199130922292e+00
2.109000000000000000e+03,2.353353423183150106e+00
2.110000000000000000e+03,2.176999191920699683e+00
2.111000000000000000e+03,2.266090228895460079e+00
2.112000000000000000e+03,2.366685304201258333e+00
2.113000000000000000e+03,2.420742249154828940e+00
2.114000000000000000e+03,2.410675190924709277e+00
2.115000000000000000e+03,2.376231795698248384e+00
2.116000000000000000e+03,2.277663623428308526e+00
2.117000000000000000e+03,2.428581547478200875e+00
2.118000000000000000e+03,2.370605472510651346e+00
2.119000000000000000e+03,2.315432780002126378e+00
2.120000000000000000e+03,2.354946048580302431e+00
2.121000000000000000e+03,1.999313363309370706e+00
2.122000000000000000e+03,2.189099377083744358e+00
2.123000000000000000e+03,2.138620929027117867e+00
2.124000000000000000e+03,2.013149992819359024e+00
2.125000000000000000e+03,1.978594856758242759e+00
2.126000000000000000e+03,2.141758649247448076e+00
2.127000000000000000e+03,2.151498577150779745e+00
2.128000000000000000e+03,2.026780219238176972e+00
2.129000000000000000e+03,2.015677446541053186e+00
2.130000000000000000e+03,2.231600743947000254e+00
2.131000000000000000e+03,2.212930582423646264e+00
2.132000000000000000e+03,2.022096169737554128e+00
2.133000000000000000e+03,1.924734018077901121e+00
2.134000000000000000e+03,2.086545742254015234e+00
2.135000000000000000e+03,2.102253666903338924e+00
2.136000000000000000e+03,2.100911554310740392e+00
2.137000000000000000e+03,2.002955472882916865e+00
2.138000000000000000e+03,1.916361133913143000e+00
2.139000000000000000e+03,2.167037664374840134e+00
2.140000000000000000e+03,2.285739580593877385e+00
2.141000000000000000e+03,1.861985434465426970e+00
2.142000000000000000e+03,1.865968384706709227e+00
2.143000000000000000e+03,1.986528404203274700e+00
2.144000000000000000e+03,1.961137568402961273e+00
2.145000000000000000e+03,1.997732863560157890e+00
2.146000000000000000e+03,1.876395034534137141e+00
2.147000000000000000e+03,1.936412333196977587e+00
2.148000000000000000e+03,2.080976585581243654e+00
2.149000000000000000e+03,1.933755883657524821e+00
2.150000000000000000e+03,1.705373601939824013e+00
2.151000000000000000e+03,1.867102551217854955e+00
2.152000000000000000e+03,2.011864661754845685e+00
2.153000000000000000e+03,2.341370740986796317e+00
2.154000000000000000e+03,1.852255681648443453e+00
2.155000000000000000e+03,1.889218410629328604e+00
2.156000000000000000e+03,1.985851248929776158e+00
2.157000000000000000e+03,2.221596210033378593e+00
2.158000000000000000e+03,2.086200731254312490e+00
2.159000000000000000e+03,1.746464494504829990e+00
2.160000000000000000e+03,2.176737665399280708e+00
2.161000000000000000e+03,2.278043608105771334e+00
2.162000000000000000e+03,2.125830656691537701e+00
2.163000000000000000e+03,2.057495128250557137e+00
2.164000000000000000e+03,2.165587697019415891e+00
2.165000000000000000e+03,2.244496400443893869e+00
2.166000000000000000e+03,2.099147247233412727e+00
2.167000000000000000e+03,2.074484576777621658e+00
2.168000000000000000e+03,1.924368248549115812e+00
2.169000000000000000e+03,2.059213524597672595e+00
2.170000000000000000e+03,2.301289719988571125e+00
2.171000000000000000e+03,2.103984081146517582e+00
2.172000000000000000e+03,1.995349687780242576e+00
2.173000000000000000e+03,2.047881933798874954e+00
2.174000000000000000e+03,2.213676465824828909e+00
2.175000000000000000e+03,2.157630748511314422e+00
2.176000000000000000e+03,1.929802986797438002e+00
2.177000000000000000e+03,1.979560574837746945e+00
2.178000000000000000e+03,2.087330815665187966e+00
2.179000000000000000e+03,2.204306875881327787e+00
2.180000000000000000e+03,1.973225728036004600e+00
2.181000000000000000e+03,1.962948910888279386e+00
2.182000000000000000e+03,2.027645241903627493e+00
2.183000000000000000e+03,2.105870522495296715e+00
2.184000000000000000e+03,1.969275962713068484e+00
2.185000000000000000e+03,1.748053637740889510e+00
2.186000000000000000e+03,1.857237370137931443e+00
2.187000000000000000e+03,1.872281480667371767e+00
2.188000000000000000e+03,1.822029016256416778e+00
2.189000000000000000e+03,1.641322432464822345e+00
2.190000000000000000e+03,1.586286686427089698e+00
2.191000000000000000e+03,1.880255506409755917e+00
2.192000000000000000e+03,1.816426491653871267e+00
2.193000000000000000e+03,1.898041433257641630e+00
2.194000000000000000e+03,1.756456050004188585e+00
2.195000000000000000e+03,1.778865518512732224e+00
2.196000000000000000e+03,1.935078181502358552e+00
2.197000000000000000e+03,1.989773372642055005e+00
2.198000000000000000e+03,1.743691270082956990e+00
2.199000000000000000e+03,1.866110881614505779e+00
2.200000000000000000e+03,1.942461369519826953e+00
2.201000000000000000e+03,1.915477822710768052e+00
2.202000000000000000e+03,1.867427866595663399e+00
2.203000000000000000e+03,1.874750632960491714e+00
2.204000000000000000e+03,2.061463566473948461e+00
2.205000000000000000e+03,2.011430052365731136e+00
2.206000000000000000e+03,1.923163647388024700e+00
2.207000000000000000e+03,1.865502993051717961e+00
2.208000000000000000e+03,1.905625073676402881e+00
2.209000000000000000e+03,2.001142894295105723e+00
2.210000000000000000e+03,2.116619083508100019e+00
2.211000000000000000e+03,1.881396554849667391e+00
2.212000000000000000e+03,1.910210104157236133e+00
2.213000000000000000e+03,2.042435915950020053e+00
2.214000000000000000e+03,2.032848040334940265e+00
2.215000000000000000e+03,1.919061371652192483e+00
2.216000000000000000e+03,1.810483737199484855e+00
2.217000000000000000e+03,2.212836312843946995e+00
2.218000000000000000e+03,2.233293368937166790e+00
2.219000000000000000e+03,2.138491559408371767e+00
2.220000000000000000e+03,2.022674240708798976e+00
2.221000000000000000e+03,2.116057670044916073e+00
2.222000000000000000e+03,2.288380897687939175e+00
2.223000000000000000e+03,2.099918919862353128e+00
2.224000000000000000e+03,2.225224177955730909e+00
2.225000000000000000e+03,2.365671164354640865e+00
2.226000000000000000e+03,2.261856638655105556e+00
2.227000000000000000e+03,2.186518793967014318e+00
2.228000000000000000e+03,1.931253005933240896e+00
2.229000000000000000e+03,1.897660114382328400e+00
2.230000000000000000e+03,2.084354825537372502e+00
2.231000000000000000e+03,2.117283257497895033e+00
2.232000000000000000e+03,2.031199216754299819e+00
2.233000000000000000e+03,1.972354815718983634e+00
2.234000000000000000e+03,2.103029720898154764e+00
2.235000000000000000e+03,2.184715167178746142e+00
2.236000000000000000e+03,1.889623226944237455e+00
2.237000000000000000e+03,1.875958914379425080e+00
2.238000000000000000e+03,1.825617001132943784e+00
2.239000000000000000e+03,1.879323635846257279e+00
2.240000000000000000e+03,1.935839481786732152e+00
2.241000000000000000e+03,1.841401581825419465e+00
2.242000000000000000e+03,1.829485514632988696e+00
2.243000000000000000e+03,2.195873130967997078e+00
2.244000000000000000e+03,1.923390078091914868e+00
2.245000000000000000e+03,1.818628493783883249e+00
2.246000000000000000e+03,1.889928663373650286e+00
2.247000000000000000e+03,1.905161643191389365e+00
2.248000000000000000e+03,1.812851324197857661e+00
2.249000000000000000e+03,1.693065781267517167e+00
2.250000000000000000e+03,1.554941336481847625e+00
2.251000000000000000e+03,1.733274201507588819e+00
2.252000000000000000e+03,1.730340342309052204e+00
2.253000000000000000e+03,1.697435553273651809e+00
2.254000000000000000e+03,1.577546815468196195e+00
2.255000000000000000e+03,1.560986282791516633e+00
2.256000000000000000e+03,1.665759604823250584e+00
2.257000000000000000e+03,1.852654969858988698e+00
2.258000000000000000e+03,1.389929895341091459e+00
2.259000000000000000e+03,1.365349100649690506e+00
2.260000000000000000e+03,1.582209667430048317e+00
2.261000000000000000e+03,1.754483259516099292e+00
2.262000000000000000e+03,1.571950421039878920e+00
2.263000000000000000e+03,1.454517711136480429e+00
2.264000000000000000e+03,1.501865175298691790e+00
2.265000000000000000e+03,1.618877416857794405e+00
2.266000000000000000e+03,1.657970637351953158e+00
2.267000000000000000e+03,1.547342742614656430e+00
2.268000000000000000e+03,1.476847056548549864e+00
2.269000000000000000e+03,1.353681205531408249e+00
2.270000000000000000e+03,1.634426502222103617e+00
2.271000000000000000e+03,1.440406007023266266e+00
2.272000000000000000e+03,1.475473921470672245e+00
2.273000000000000000e+03,1.485640069811595465e+00
2.274000000000000000e+03,1.695355113723109541e+00
2.275000000000000000e+03,1.518684436232950796e+00
2.276000000000000000e+03,1.482196731683835811e+00
2.277000000000000000e+03,1.356899403657854553e+00
2.278000000000000000e+03,1.548774556849189077e+00
2.279000000000000000e+03,1.700858564808859219e+00
2.280000000000000000e+03,1.445554112745215170e+00
2.281000000000000000e+03,1.453375255095958218e+00
2.282000000000000000e+03,1.618774417400500099e+00
2.283000000000000000e+03,1.657894452863211576e+00
2.284000000000000000e+03,1.349392096913162531e+00
2.285000000000000000e+03,1.457525524077924572e+00
2.286000000000000000e+03,1.474110974316999778e+00
2.287000000000000000e+03,1.636802102001038595e+00
2.288000000000000000e+03,1.616316469864219396e+00
2.289000000000000000e+03,1.411950980364129915e+00
2.290000000000000000e+03,1.440864413327855864e+00
2.291000000000000000e+03,1.369258369123718566e+00
2.292000000000000000e+03,1.473837007106005181e+00
2.293000000000000000e+03,1.331224140190818916e+00
2.294000000000000000e+03,1.390909512205685594e+00
2.295000000000000000e+03,1.523857635952366563e+00
2.296000000000000000e+03,1.511878324743007207e+00
2.297000000000000000e+03,1.386097659568655383e+00
2.298000000000000000e+03,1.424044655648224467e+00
2.299000000000000000e+03,1.426592970382935421e+00
2.300000000000000000e+03,1.542867461470399437e+00
2.301000000000000000e+03,1.738210011356182694e+00
2.302000000000000000e+03,1.291419914322999407e+00
2.303000000000000000e+03,1.444942512105169552e+00
2.304000000000000000e+03,1.556916995810547544e+00
2.305000000000000000e+03,1.604738501736407752e+00
2.306000000000000000e+03,1.441639730113554840e+00
2.307000000000000000e+03,1.439073990676241088e+00
2.308000000000000000e+03,1.443009666201086283e+00
2.309000000000000000e+03,1.511532601225659800e+00
2.310000000000000000e+03,1.417769522420038175e+00
2.311000000000000000e+03,1.240963212730442411e+00
2.312000000000000000e+03,1.333552351460285390e+00
2.313000000000000000e+03,1.364555570385660666e+00
2.314000000000000000e+03,1.634490806677913799e+00
2.315000000000000000e+03,1.315049045428800856e+00
2.316000000000000000e+03,1.253952056723776298e+00
2.317000000000000000e+03,1.446420001968667268e+00
2.318000000000000000e+03,1.704788501082915353e+00
2.319000000000000000e+03,1.300547657154312642e+00
2.320000000000000000e+03,1.258487075818923717e+00
2.321000000000000000e+03,1.361410486182313306e+00
2.322000000000000000e+03,1.435582229642013541e+00
2.323000000000000000e+03,1.430371859462723716e+00
2.324000000000000000e+03,1.237991189113257562e+00
2.325000000000000000e+03,1.453283505794476405e+00
2.326000000000000000e+03,1.444483653751475138e+00
2.327000000000000000e+03,1.349671625076039660e+00
2.328000000000000000e+03,1.267382760676490694e+00
2.329000000000000000e+03,1.314980719175494528e+00
2.330000000000000000e+03,1.383283150406349638e+00
2.331000000000000000e+03,1.519861548215591274e+00
2.332000000000000000e+03,1.187380321850725728e+00
2.333000000000000000e+03,1.030524927554323567e+00
2.334000000000000000e+03,1.047486965744584886e+00
2.335000000000000000e+03,1.275018170882005641e+00
2.336000000000000000e+03,1.194769148746200660e+00
2.337000000000000000e+03,9.965569858279930138e-01
2.338000000000000000e+03,1.253871262450803270e+00
2.339000000000000000e+03,1.136798541658538886e+00
2.340000000000000000e+03,1.143313194921925957e+00
2.341000000000000000e+03,1.034304223205716022e+00
2.342000000000000000e+03,8.846440647719564510e-01
2.343000000000000000e+03,1.398505529250371193e+00
2.344000000000000000e+03,1.092145349947676314e+00
2.345000000000000000e+03,1.062691345165447387e+00
2.346000000000000000e+03,1.020842165735998064e+00
2.347000000000000000e+03,9.996798473621828496e-01
2.348000000000000000e+03,1.205844138093828954e+00
2.349000000000000000e+03,1.262121467448448220e+00
2.350000000000000000e+03,9.948083673818585160e-01
2.351000000000000000e+03,1.254418909478111521e+00
2.352000000000000000e+03,1.293742411433037143e+00
2.353000000000000000e+03,1.247122826479891478e+00
2.354000000000000000e+03,1.151133826881751254e+00
2.355000000000000000e+03,1.087633618213232678e+00
2.356000000000000000e+03,1.447144345989003211e+00
2.357000000000000000e+03,1.369973154702321727e+00
2.358000000000000000e+03,1.293271772257827523e+00
2.359000000000000000e+03,1.321407948270340915e+00
2.360000000000000000e+03,1.366150191255867563e+00
2.361000000000000000e+03,1.490147660316345934e+00
2.362000000000000000e+03,1.265994886346782700e+00
2.363000000000000000e+03,1.195935452211891903e+00
2.364000000000000000e+03,1.435668008281549168e+00
2.365000000000000000e+03,1.511724928672727231e+00
2.366000000000000000e+03,1.456975619186480442e+00
2.367000000000000000e+03,1.356213364632823604e+00
2.368000000000000000e+03,1.421604320926682208e+00
2.369000000000000000e+03,1.539431884691349062e+00
2.370000000000000000e+03,1.474652312556419487e+00
2.371000000000000000e+03,1.497246589730020006e+00
2.372000000000000000e+03,1.588217211686281383e+00
2.373000000000000000e+03,1.185922676073728477e+00
2.374000000000000000e+03,1.452044097509965326e+00
2.375000000000000000e+03,1.417966287206548825e+00
2.376000000000000000e+03,1.311522085119952719e+00
2.377000000000000000e+03,1.416100453099027101e+00
2.378000000000000000e+03,1.417863266359481456e+00
2.379000000000000000e+03,1.264313607194280875e+00
2.380000000000000000e+03,1.071328983269952406e+00
2.381000000000000000e+03,9.904642800298190108e-01
2.382000000000000000e+03,1.206992284032462948e+00
2.383000000000000000e+03,1.230290496532543854e+00
2.384000000000000000e+03,1.019098430483491136e+00
2.385000000000000000e+03,1.026222953009804595e+00
2.386000000000000000e+03,9.747373203001766795e-01
2.387000000000000000e+03,1.100045337373985799e+00
2.388000000000000000e+03,1.214349164197368269e+00
2.389000000000000000e+03,8.694986869974080657e-01
2.390000000000000000e+03,8.553915315218924009e-01
2.391000000000000000e+03,1.029732957275505623e+00
2.392000000000000000e+03,1.042017007956145269e+00
2.393000000000000000e+03,9.720719659572411020e-01
2.394000000000000000e+03,8.661812439175368139e-01
2.395000000000000000e+03,9.658538099171075642e-01
2.396000000000000000e+03,9.219330377242852537e-01
2.397000000000000000e+03,9.475526125292615953e-01
2.398000000000000000e+03,8.547427525975235252e-01
2.399000000000000000e+03,9.034178417589896481e-01
2.400000000000000000e+03,1.083800539221495107e+00
2.401000000000000000e+03,9.522063811442588177e-01
2.402000000000000000e+03,8.474213000398268525e-01
2.403000000000000000e+03,8.931601201750719587e-01
2.404000000000000000e+03,9.022106251560616519e-01
2.405000000000000000e+03,1.083693363999040926e+00
2.406000000000000000e+03,9.914053414340969761e-01
2.407000000000000000e+03,8.143983649682736692e-01
2.408000000000000000e+03,1.024305305852113657e+00
2.409000000000000000e+03,1.034875139998209903e+00
2.410000000000000000e+03,1.064343872219999154e+00
2.411000000000000000e+03,1.239914025840537448e+00
2.412000000000000000e+03,1.041303037684816690e+00
2.413000000000000000e+03,1.194197654682790155e+00
2.414000000000000000e+03,1.097739306673604087e+00
2.415000000000000000e+03,9.858150494746100723e-01
2.416000000000000000e+03,9.960529371309032598e-01
2.417000000000000000e+03,1.061043772310854783e+00
2.418000000000000000e+03,1.121537927264814272e+00
2.419000000000000000e+03,9.733468793289438148e-01
2.420000000000000000e+03,6.548963375132671461e-01
2.421000000000000000e+03,1.086832955559131619e+00
2.422000000000000000e+03,1.091358697454409832e+00
2.423000000000000000e+03,1.060339399569472096e+00
2.424000000000000000e+03,9.294781029481858914e-01
2.425000000000000000e+03,1.083987187540542685e+00
2.426000000000000000e+03,1.201186813430646705e+00
2.427000000000000000e+03,1.202679976940822071e+00
2.428000000000000000e+03,9.244569396432762431e-01
2.429000000000000000e+03,1.052041181752642274e+00
2.430000000000000000e+03,1.077024259311120113e+00
2.431000000000000000e+03,8.371144418091278627e-01
2.432000000000000000e+03,1.087626570063291220e+00
2.433000000000000000e+03,9.297640863105044451e-01
2.434000000000000000e+03,1.065562575121097977e+00
2.435000000000000000e+03,1.047200803878702846e+00
2.436000000000000000e+03,9.148120447843308689e-01
2.437000000000000000e+03,9.695744409409642328e-01
2.438000000000000000e+03,9.809396568706594266e-01
2.439000000000000000e+03,1.167198620543313803e+00
2.440000000000000000e+03,1.142922383725662572e+00
2.441000000000000000e+03,9.266646005270470221e-01
2.442000000000000000e+03,9.344509351533657471e-01
2.443000000000000000e+03,1.120790259194449412e+00
2.444000000000000000e+03,1.308190513430638191e+00
2.445000000000000000e+03,1.126937351553542799e+00
2.446000000000000000e+03,1.075713115840488454e+00
2.447000000000000000e+03,1.353925490339756399e+00
2.448000000000000000e+03,1.250264249322881271e+00
2.449000000000000000e+03,1.204050199866685045e+00
2.450000000000000000e+03,1.051261705599783047e+00
2.451000000000000000e+03,1.097723715887336082e+00
2.452000000000000000e+03,1.191640110152507148e+00
2.453000000000000000e+03,1.221594691721503034e+00
2.454000000000000000e+03,1.090874047418818771e+00
2.455000000000000000e+03,1.043425144100239566e+00
2.456000000000000000e+03,9.959196159757592870e-01
2.457000000000000000e+03,1.240695157381721980e+00
2.458000000000000000e+03,1.160395494461842203e+00
2.459000000000000000e+03,1.067970675132061675e+00
2.460000000000000000e+03,1.065985815741970377e+00
2.461000000000000000e+03,1.248578710056455598e+00
2.462000000000000000e+03,1.225078988774638500e+00
2.463000000000000000e+03,1.172051064619455962e+00
2.464000000000000000e+03,1.036181199007841558e+00
2.465000000000000000e+03,1.141667234987054691e+00
2.466000000000000000e+03,1.213447002615011261e+00
2.467000000000000000e+03,9.542994554969760346e-01
2.468000000000000000e+03,1.169361660949191251e+00
2.469000000000000000e+03,1.089961969560331756e+00
2.470000000000000000e+03,1.150511060571723254e+00
2.471000000000000000e+03,1.024752001598517870e+00
2.472000000000000000e+03,9.544499129136124749e-01
2.473000000000000000e+03,1.079582756099289442e+00
2.474000000000000000e+03,9.518609554935932859e-01
2.475000000000000000e+03,1.109913879707518536e+00
2.476000000000000000e+03,9.184963835909886187e-01
2.477000000000000000e+03,8.864108203702042443e-01
2.478000000000000000e+03,1.023887178861980995e+00
2.479000000000000000e+03,1.039886604876453902e+00
2.480000000000000000e+03,8.510560114429495115e-01
2.481000000000000000e+03,8.200104129575899181e-01
2.482000000000000000e+03,9.845724551948230596e-01
2.483000000000000000e+03,1.100333359098091268e+00
2.484000000000000000e+03,1.059699373010421164e+00
2.485000000000000000e+03,9.066901818419084158e-01
2.486000000000000000e+03,8.897087624840365194e-01
2.487000000000000000e+03,1.050109231003520494e+00
2.488000000000000000e+03,9.272966472584440734e-01
2.489000000000000000e+03,8.778775142812239585e-01
2.490000000000000000e+03,9.025422579707836901e-01
2.491000000000000000e+03,1.030660443211420363e+00
2.492000000000000000e+03,9.461724451303487049e-01
2.493000000000000000e+03,9.720177330720219944e-01
2.494000000000000000e+03,7.596049425281267142e-01
2.495000000000000000e+03,1.079872933755294584e+00
2.496000000000000000e+03,1.111071879741142743e+00
2.497000000000000000e+03,1.001339126099433319e+00
2.498000000000000000e+03,8.917474391909554488e-01
2.499000000000000000e+03,8.604120342513688069e-01
2.500000000000000000e+03,1.099237912355003566e+00
2.501000000000000000e+03,1.231922465857309135e+00
2.502000000000000000e+03,9.645397739273638971e-01
2.503000000000000000e+03,1.054267349392714825e+00
2.504000000000000000e+03,1.210110878098478837e+00
2.505000000000000000e+03,1.189348994859538378e+00
2.506000000000000000e+03,9.608207820690224388e-01
2.507000000000000000e+03,9.153760911727389926e-01
2.508000000000000000e+03,1.263596752798912481e+00
2.509000000000000000e+03,1.178161529300478794e+00
2.510000000000000000e+03,1.212672857258493275e+00
2.511000000000000000e+03,1.233243349441180747e+00
2.512000000000000000e+03,1.117615329039733041e+00
2.513000000000000000e+03,1.456832762674628245e+00
2.514000000000000000e+03,1.295040380138837044e+00
2.515000000000000000e+03,1.186894916709096526e+00
2.516000000000000000e+03,1.089432543270373088e+00
2.517000000000000000e+03,1.280484180865251398e+00
2.518000000000000000e+03,1.144992692281690649e+00
2.519000000000000000e+03,9.260881106080179892e-01
2.520000000000000000e+03,9.413301549450664440e-01
2.521000000000000000e+03,1.156849188793428018e+00
2.522000000000000000e+03,1.235086212696574925e+00
2.523000000000000000e+03,1.199162579390221861e+00
2.524000000000000000e+03,9.512499698307300688e-01
2.525000000000000000e+03,9.503187367046944667e-01
2.526000000000000000e+03,9.472423128064252351e-01
2.527000000000000000e+03,1.100759480984409011e+00
2.528000000000000000e+03,8.989210147436764720e-01
2.529000000000000000e+03,9.727076911691369121e-01
2.530000000000000000e+03,1.123502624808330408e+00
2.531000000000000000e+03,9.317648963634285186e-01
2.532000000000000000e+03,9.195082247605109727e-01
2.533000000000000000e+03,8.407980523849424292e-01
2.534000000000000000e+03,8.712763262567192468e-01
2.535000000000000000e+03,1.003912246703001721e+00
2.536000000000000000e+03,9.929882796005455869e-01
2.537000000000000000e+03,6.564744222156455589e-01
2.538000000000000000e+03,7.377629564338918922e-01
2.539000000000000000e+03,8.186768263449122340e-01
2.540000000000000000e+03,8.884594629539932509e-01
2.541000000000000000e+03,5.771701216645350740e-01
2.542000000000000000e+03,7.027988684529438146e-01
2.543000000000000000e+03,7.706872198300964705e-01
2.544000000000000000e+03,9.579789014761237453e-01
2.545000000000000000e+03,6.997280955844318306e-01
2.546000000000000000e+03,6.588476214031611100e-01
2.547000000000000000e+03,8.400500049494257215e-01
2.548000000000000000e+03,1.418297997210323791e+00
2.549000000000000000e+03,1.467820055556802394e+00
2.550000000000000000e+03,1.353921464114582918e+00
2.551000000000000000e+03,1.013214067304076815e+00
2.552000000000000000e+03,1.209817398851918302e+00
2.553000000000000000e+03,1.031614478786151423e+00
2.554000000000000000e+03,1.184918907778975683e+00
2.555000000000000000e+03,1.101885622243578888e+00
2.556000000000000000e+03,1.238169498318645978e+00
2.557000000000000000e+03,1.379084758263886989e+00
2.558000000000000000e+03,1.153151603040852180e+00
2.559000000000000000e+03,1.139966688647982229e+00
2.560000000000000000e+03,1.325884496777946842e+00
2.561000000000000000e+03,1.325903989909197778e+00
2.562000000000000000e+03,1.346386018407368157e+00
2.563000000000000000e+03,1.160910919539213548e+00
2.564000000000000000e+03,1.120650259236185997e+00
2.565000000000000000e+03,1.285557648716672219e+00
2.566000000000000000e+03,1.399812832847475041e+00
2.567000000000000000e+03,1.163782527186095539e+00
2.568000000000000000e+03,1.203858872568647431e+00
2.569000000000000000e+03,1.234559228971387368e+00
2.570000000000000000e+03,1.326244340297064062e+00
2.571000000000000000e+03,1.226068718426894355e+00
2.572000000000000000e+03,1.025704517555265038e+00
2.573000000000000000e+03,1.230396450835025801e+00
2.574000000000000000e+03,1.323076211342274489e+00
2.575000000000000000e+03,1.354335814410754457e+00
2.576000000000000000e+03,1.337073587677046982e+00
2.577000000000000000e+03,9.585650427736589485e-01
2.578000000000000000e+03,1.134480756957332526e+00
2.579000000000000000e+03,1.218537854362761852e+00
2.580000000000000000e+03,1.214097255533979736e+00
2.581000000000000000e+03,1.282871410639850440e+00
2.582000000000000000e+03,1.396292553272556969e+00
2.583000000000000000e+03,1.436854201752382876e+00
2.584000000000000000e+03,1.386317232907669617e+00
2.585000000000000000e+03,1.251275605028205895e+00
2.586000000000000000e+03,1.256522227315507445e+00
2.587000000000000000e+03,1.364491987426445174e+00
2.588000000000000000e+03,1.404531569841783734e+00
2.589000000000000000e+03,1.176444162277317185e+00
2.590000000000000000e+03,1.254468900095674355e+00
2.591000000000000000e+03,1.346049700056344278e+00
2.592000000000000000e+03,1.330904995368535459e+00
2.593000000000000000e+03,1.285012687765467287e+00
2.594000000000000000e+03,1.350966909627609125e+00
2.595000000000000000e+03,1.360113314532576334e+00
2.596000000000000000e+03,1.432676211152391410e+00
2.597000000000000000e+03,1.605411571411157867e+00
2.598000000000000000e+03,1.141088207291869550e+00
2.599000000000000000e+03,1.261154195656358112e+00
2.600000000000000000e+03,1.450958322867659689e+00
2.601000000000000000e+03,1.457044658060062226e+00
2.602000000000000000e+03,1.356194769993682270e+00
2.603000000000000000e+03,1.261382939826728666e+00
2.604000000000000000e+03,1.309883538038213890e+00
2.605000000000000000e+03,1.324052114054304674e+00
2.606000000000000000e+03,1.249542840040044345e+00
2.607000000000000000e+03,1.191720853914391531e+00
2.608000000000000000e+03,1.149907881644604002e+00
2.609000000000000000e+03,1.205376104563808282e+00
2.610000000000000000e+03,1.185501946824875086e+00
2.611000000000000000e+03,9.016936998461394515e-01
2.612000000000000000e+03,8.115032408044788870e-01
2.613000000000000000e+03,1.099082347281861827e+00
2.614000000000000000e+03,1.131589560465384947e+00
2.615000000000000000e+03,9.258908503271330304e-01
2.616000000000000000e+03,9.806216828660527796e-01
2.617000000000000000e+03,1.035508784576307351e+00
2.618000000000000000e+03,9.128775789331015078e-01
2.619000000000000000e+03,9.557483873135163011e-01
2.620000000000000000e+03,9.189020227159518939e-01
2.621000000000000000e+03,1.037570744239433074e+00
2.622000000000000000e+03,9.830440666038186004e-01
2.623000000000000000e+03,9.547559332221549067e-01
2.624000000000000000e+03,9.471208804821165117e-01
2.625000000000000000e+03,1.013756523929537856e+00
2.626000000000000000e+03,1.110534878655818680e+00
2.627000000000000000e+03,1.095464393385464641e+00
2.628000000000000000e+03,9.708494781072364299e-01
2.629000000000000000e+03,9.453185603561968797e-01
2.630000000000000000e+03,1.065570000562523045e+00
2.631000000000000000e+03,1.026386301593944061e+00
2.632000000000000000e+03,9.206771541473965925e-01
2.633000000000000000e+03,5.877275245754538524e-01
2.634000000000000000e+03,9.902783012735837387e-01
2.635000000000000000e+03,1.092907806525503567e+00
2.636000000000000000e+03,9.361122132647817784e-01
2.637000000000000000e+03,9.617054781520422146e-01
2.638000000000000000e+03,9.335995523888018788e-01
2.639000000000000000e+03,1.047359123159512517e+00
2.640000000000000000e+03,1.151785478144038422e+00
2.641000000000000000e+03,7.366108043524814963e-01
2.642000000000000000e+03,7.240302679741132952e-01
2.643000000000000000e+03,9.980634904158846021e-01
2.644000000000000000e+03,1.091590544934823104e+00
2.645000000000000000e+03,9.458205030515386413e-01
2.646000000000000000e+03,9.083296174309116733e-01
2.647000000000000000e+03,9.878788783326336587e-01
2.648000000000000000e+03,1.177238140429689217e+00
2.649000000000000000e+03,1.079670767656455421e+00
2.650000000000000000e+03,9.646714093332680040e-01
2.651000000000000000e+03,9.435666406301533859e-01
2.652000000000000000e+03,1.109318971423923550e+00
2.653000000000000000e+03,1.048512481985473865e+00
2.654000000000000000e+03,9.334627468052628663e-01
2.655000000000000000e+03,9.309669146317772759e-01
2.656000000000000000e+03,9.573134785930361712e-01
2.657000000000000000e+03,1.144073111060198489e+00
2.658000000000000000e+03,9.215320782835646485e-01
2.659000000000000000e+03,9.772590294522818244e-01
2.660000000000000000e+03,1.183759836369616680e+00
2.661000000000000000e+03,1.118455005957279313e+00
2.662000000000000000e+03,9.799258869984456277e-01
2.663000000000000000e+03,6.713342291801351891e-01
2.664000000000000000e+03,7.691397454533915878e-01
2.665000000000000000e+03,8.655787161539045815e-01
2.666000000000000000e+03,9.434855094689602595e-01
2.667000000000000000e+03,8.130500919250727154e-01
2.668000000000000000e+03,7.675055095931819782e-01
2.669000000000000000e+03,9.261708577110789875e-01
2.670000000000000000e+03,9.225969288558195647e-01
2.671000000000000000e+03,7.569182848120578067e-01
2.672000000000000000e+03,7.858610650914378271e-01
2.673000000000000000e+03,9.744186033566208938e-01
2.674000000000000000e+03,8.773687442529776170e-01
2.675000000000000000e+03,9.176287192371217483e-01
2.676000000000000000e+03,6.629714135833691957e-01
2.677000000000000000e+03,8.301934898018469289e-01
2.678000000000000000e+03,8.907314093829534762e-01
2.679000000000000000e+03,8.664057919491128246e-01
2.680000000000000000e+03,7.211307982048655862e-01
2.681000000000000000e+03,7.349700571472425059e-01
2.682000000000000000e+03,9.072261769206666493e-01
2.683000000000000000e+03,6.859192008890123704e-01
2.684000000000000000e+03,9.045818484961167805e-01
2.685000000000000000e+03,6.009726486922153388e-01
2.686000000000000000e+03,8.452955389287983845e-01
2.687000000000000000e+03,8.013784481417474126e-01
2.688000000000000000e+03,8.500869060805436028e-01
2.689000000000000000e+03,7.104996238252409002e-01
2.690000000000000000e+03,7.803778699722863088e-01
2.691000000000000000e+03,8.462159930596533375e-01
2.692000000000000000e+03,9.415058679235779326e-01
2.693000000000000000e+03,9.625153300633493281e-01
2.694000000000000000e+03,8.871091906672119443e-01
2.695000000000000000e+03,1.030511782164137635e+00
2.696000000000000000e+03,1.102666570419746250e+00
2.697000000000000000e+03,9.953709177187253232e-01
2.698000000000000000e+03,9.480197157579696166e-01
2.699000000000000000e+03,1.026300444699876468e+00
2.700000000000000000e+03,1.003509069102972440e+00
2.701000000000000000e+03,1.256740428892324513e+00
2.702000000000000000e+03,9.416350387278222822e-01
2.703000000000000000e+03,9.324067954052404072e-01
2.704000000000000000e+03,1.055394520322497476e+00
2.705000000000000000e+03,1.044264147066727322e+00
2.706000000000000000e+03,1.006798817311126637e+00
2.707000000000000000e+03,9.140330844937264443e-01
2.708000000000000000e+03,9.707951277817445934e-01
2.709000000000000000e+03,1.125241897479418940e+00
2.710000000000000000e+03,1.006630620186101499e+00
2.711000000000000000e+03,8.438265147800727561e-01
2.712000000000000000e+03,9.410050285335382902e-01
2.713000000000000000e+03,1.080963729933626771e+00
2.714000000000000000e+03,1.112315591103245849e+00
2.715000000000000000e+03,9.393117425632884210e-01
2.716000000000000000e+03,9.092542717844120936e-01
2.717000000000000000e+03,1.046403032112121601e+00
2.718000000000000000e+03,1.082950598269178499e+00
2.719000000000000000e+03,8.512683520521455716e-01
2.720000000000000000e+03,8.400701162929984367e-01
2.721000000000000000e+03,9.774042554031321384e-01
2.722000000000000000e+03,1.111854912500473525e+00
2.723000000000000000e+03,1.075245800837578924e+00
2.724000000000000000e+03,9.319634911774634656e-01
2.725000000000000000e+03,9.621680135544068424e-01
2.726000000000000000e+03,1.037160295502771667e+00
2.727000000000000000e+03,1.111897810098374517e+00
2.728000000000000000e+03,9.257150345755251752e-01
2.729000000000000000e+03,9.969202710194324801e-01
2.730000000000000000e+03,9.792585999517062767e-01
2.731000000000000000e+03,8.942568434906369435e-01
2.732000000000000000e+03,8.641260757778400636e-01
2.733000000000000000e+03,8.722932385939219380e-01
2.734000000000000000e+03,9.386632340543067388e-01
2.735000000000000000e+03,1.073628080250635719e+00
2.736000000000000000e+03,1.008517206845243264e+00
2.737000000000000000e+03,9.316807558393496169e-01
2.738000000000000000e+03,1.110809120200587197e+00
2.739000000000000000e+03,8.802314191864180071e-01
2.740000000000000000e+03,1.202308786098627680e+00
2.741000000000000000e+03,1.287933823582567694e+00
2.742000000000000000e+03,1.178097635434002699e+00
2.743000000000000000e+03,1.343494553941767089e+00
2.744000000000000000e+03,1.330479411213927543e+00
2.745000000000000000e+03,1.185107959572698544e+00
2.746000000000000000e+03,1.167194835526014662e+00
2.747000000000000000e+03,1.250680616587328542e+00
2.748000000000000000e+03,1.362713976044870101e+00
2.749000000000000000e+03,1.434021488933736377e+00
2.750000000000000000e+03,1.170166601411208651e+00
2.751000000000000000e+03,1.205892022453481705e+00
2.752000000000000000e+03,1.286265318842998440e+00
2.753000000000000000e+03,1.357296259125815530e+00
2.754000000000000000e+03,1.434808168552210716e+00
2.755000000000000000e+03,1.186652077955667295e+00
2.756000000000000000e+03,1.337322476685415262e+00
2.757000000000000000e+03,1.396861563494279368e+00
2.758000000000000000e+03,1.336393712944160539e+00
2.759000000000000000e+03,1.209689678363974785e+00
2.760000000000000000e+03,1.352683705045496954e+00
2.761000000000000000e+03,1.496426546344496789e+00
2.762000000000000000e+03,1.405138531442196248e+00
2.763000000000000000e+03,1.084207154728290545e+00
2.764000000000000000e+03,1.401022751287743118e+00
2.765000000000000000e+03,1.574457776847875357e+00
2.766000000000000000e+03,1.471941089941319891e+00
2.767000000000000000e+03,1.324906840056180979e+00
2.768000000000000000e+03,1.322915616963623142e+00
2.769000000000000000e+03,1.545076729953063888e+00
2.770000000000000000e+03,1.301721278557187889e+00
2.771000000000000000e+03,1.082409428022605979e+00
2.772000000000000000e+03,9.512314968559014705e-01
2.773000000000000000e+03,1.040579157906984964e+00
2.774000000000000000e+03,1.169103075487363030e+00
2.775000000000000000e+03,1.129571462792187120e+00
2.776000000000000000e+03,9.772006910720416606e-01
2.777000000000000000e+03,1.000225788735477961e+00
2.778000000000000000e+03,1.064599103413961467e+00
2.779000000000000000e+03,1.105575658266105821e+00
2.780000000000000000e+03,1.051630057088946080e+00
2.781000000000000000e+03,1.101616421612293450e+00
2.782000000000000000e+03,1.172194019391278097e+00
2.783000000000000000e+03,1.156802195724406790e+00
2.784000000000000000e+03,1.074593359802574977e+00
2.785000000000000000e+03,1.010981880296728974e+00
2.786000000000000000e+03,1.085061193185259620e+00
2.787000000000000000e+03,9.114466546901851540e-01
2.788000000000000000e+03,1.128530751946678068e+00
2.789000000000000000e+03,1.029508345583571849e+00
2.790000000000000000e+03,1.079752370227221370e+00
2.791000000000000000e+03,1.230819263618747383e+00
2.792000000000000000e+03,1.141539214674184732e+00
2.793000000000000000e+03,9.891950021424882333e-01
2.794000000000000000e+03,9.813359165237673931e-01
2.795000000000000000e+03,1.058479310874725021e+00
2.796000000000000000e+03,1.219300392111066556e+00
2.797000000000000000e+03,1.033355987941368737e+00
2.798000000000000000e+03,9.163457689902316794e-01
2.799000000000000000e+03,9.100623954373917579e-01
2.800000000000000000e+03,1.133837492704441230e+00
2.801000000000000000e+03,1.027701785416027747e+00
2.802000000000000000e+03,9.312897678099588683e-01
2.803000000000000000e+03,9.502036489930593133e-01
2.804000000000000000e+03,1.125099347306402153e+00
2.805000000000000000e+03,1.155421151761375942e+00
2.806000000000000000e+03,9.636209642667139530e-01
2.807000000000000000e+03,9.371133244604834545e-01
2.808000000000000000e+03,1.041000682095337915e+00
2.809000000000000000e+03,1.106021348102959045e+00
2.810000000000000000e+03,1.021986827796351749e+00
2.811000000000000000e+03,7.252025932408915354e-01
2.812000000000000000e+03,1.070902798013320112e+00
2.813000000000000000e+03,1.108194489736441080e+00
2.814000000000000000e+03,1.291751837691892169e+00
2.815000000000000000e+03,8.859742396635151840e-01
2.816000000000000000e+03,9.313098878012923132e-01
2.817000000000000000e+03,1.076628847310196813e+00
2.818000000000000000e+03,1.029716201724855784e+00
2.819000000000000000e+03,1.033990722178801169e+00
