% Model:              spr_bsa_calc.mph
% Version:            COMSOL 6.0.0.405
% Date:               Nov 27 2024, 09:33
% Table:              Table 1 - Global Evaluation 1
% in_rad                 h_BSA (nm)               freq (THz)               Reflectance, port 1 (1)
1.05                     0.9999999999999999       304.66713211382114       0.9156349585903033
1.05                     6                        304.66713211382114       0.91759400033174
1.05                     11                       304.66713211382114       0.9194213374311251
1.05                     15.999999999999998       304.66713211382114       0.9211227754947403
1.05                     21                       304.66713211382114       0.9227046494622445
1.05                     25.999999999999996       304.66713211382114       0.9241736134011979
1.05                     30.999999999999996       304.66713211382114       0.9255364082768566
1.05                     36                       304.66713211382114       0.9267997094962155
1.05                     41                       304.66713211382114       0.9279700161907379
1.05                     45.99999999999999        304.66713211382114       0.9290535768619548
1.05                     50.99999999999999        304.66713211382114       0.9300563378469444
1.05                     56                       304.66713211382114       0.9309839152729708
1.051                    0.9999999999999999       304.66713211382114       0.9158271486781213
1.051                    6                        304.66713211382114       0.9178075769046926
1.051                    11                       304.66713211382114       0.9196516776567624
1.051                    15.999999999999998       304.66713211382114       0.9213659586297952
1.051                    21                       304.66713211382114       0.9229573731081449
1.051                    25.999999999999996       304.66713211382114       0.924433116454105
1.051                    30.999999999999996       304.66713211382114       0.9258003985131247
1.051                    36                       304.66713211382114       0.9270662973874273
1.051                    41                       304.66713211382114       0.928237656305483
1.051                    45.99999999999999        304.66713211382114       0.9293210157086848
1.051                    50.99999999999999        304.66713211382114       0.9303225689282701
1.051                    56                       304.66713211382114       0.9312481397678304
1.052                    0.9999999999999999       304.66713211382114       0.9160427346134802
1.052                    6                        304.66713211382114       0.9180439833336476
1.052                    11                       304.66713211382114       0.9199041671775735
1.052                    15.999999999999998       304.66713211382114       0.9216305374669519
1.052                    21                       304.66713211382114       0.9232306977702059
1.052                    25.999999999999996       304.66713211382114       0.9247124089435435
1.052                    30.999999999999996       304.66713211382114       0.9260833676748024
1.052                    36                       304.66713211382114       0.9273510677838531
1.052                    41                       304.66713211382114       0.9285227057693545
1.052                    45.99999999999999        304.66713211382114       0.9296051202077195
1.052                    50.99999999999999        304.66713211382114       0.9306047553617092
1.052                    56                       304.66713211382114       0.9315276449426563
1.053                    0.9999999999999999       304.66713211382114       0.9162836894238039
1.053                    6                        304.66713211382114       0.9183050665409045
1.053                    11                       304.66713211382114       0.9201805316793694
1.053                    15.999999999999998       304.66713211382114       0.9219181230337964
1.053                    21                       304.66713211382114       0.9235261273131883
1.053                    25.999999999999996       304.66713211382114       0.9250128954299784
1.053                    30.999999999999996       304.66713211382114       0.9263866288647746
1.053                    36                       304.66713211382114       0.9276552499282945
1.053                    41                       304.66713211382114       0.9288263171619792
1.053                    45.99999999999999        304.66713211382114       0.9299069729949435
1.053                    50.99999999999999        304.66713211382114       0.9309039160442248
1.053                    56                       304.66713211382114       0.9318233916430091
1.054                    0.9999999999999999       304.66713211382114       0.9165522041652837
1.054                    6                        304.66713211382114       0.9185928727198193
1.054                    11                       304.66713211382114       0.920482679217363
1.054                    15.999999999999998       304.66713211382114       0.9222304935986534
1.054                    21                       304.66713211382114       0.9238453193546808
1.054                    25.999999999999996       304.66713211382114       0.9253361222292183
1.054                    30.999999999999996       304.66713211382114       0.9267116262794368
1.054                    36                       304.66713211382114       0.9279801946796036
1.054                    41                       304.66713211382114       0.9291497562473546
1.054                    45.99999999999999        304.66713211382114       0.9302277623783077
1.054                    50.99999999999999        304.66713211382114       0.9312211688392094
1.054                    56                       304.66713211382114       0.9321364336826449
1.055                    0.9999999999999999       304.66713211382114       0.9168507201201281
1.055                    6                        304.66713211382114       0.9189096764364483
1.055                    11                       304.66713211382114       0.9208127266259194
1.055                    15.999999999999998       304.66713211382114       0.9225696187391352
1.055                    21                       304.66713211382114       0.9241901072977434
1.055                    25.999999999999996       304.66713211382114       0.9256837976699893
1.055                    30.999999999999996       304.66713211382114       0.9270599539135106
1.055                    36                       304.66713211382114       0.9283273918562944
1.055                    41                       304.66713211382114       0.9294944181189042
1.055                    45.99999999999999        304.66713211382114       0.9305687974243013
1.055                    50.99999999999999        304.66713211382114       0.9315577447226472
1.055                    56                       304.66713211382114       0.9324679311528596
1.056                    0.9999999999999999       304.66713211382114       0.9171819672103779
1.056                    6                        304.66713211382114       0.9192580153330941
1.056                    11                       304.66713211382114       0.9211730310037033
1.056                    15.999999999999998       304.66713211382114       0.9229376880367488
1.056                    21                       304.66713211382114       0.9245625266014419
1.056                    25.999999999999996       304.66713211382114       0.9260578162537788
1.056                    30.999999999999996       304.66713211382114       0.9274333778763421
1.056                    36                       304.66713211382114       0.9286984909361005
1.056                    41                       304.66713211382114       0.9298618464760094
1.056                    45.99999999999999        304.66713211382114       0.9309315259750086
1.056                    50.99999999999999        304.66713211382114       0.9319150046857526
1.056                    56                       304.66713211382114       0.9328191663313422
1.057                    0.9999999999999999       304.66713211382114       0.9175490101623294
1.057                    6                        304.66713211382114       0.9196407318173652
1.057                    11                       304.66713211382114       0.9215662275328395
1.057                    15.999999999999998       304.66713211382114       0.9233371455461415
1.057                    21                       304.66713211382114       0.9249648463447757
1.057                    25.999999999999996       304.66713211382114       0.9264602876917326
1.057                    30.999999999999996       304.66713211382114       0.9278338632220695
1.057                    36                       304.66713211382114       0.9290953259521056
1.057                    41                       304.66713211382114       0.9302537568175051
1.057                    45.99999999999999        304.66713211382114       0.9313175563390282
1.057                    50.99999999999999        304.66713211382114       0.9322944600893336
1.057                    56                       304.66713211382114       0.933191562846413
1.058                    0.9999999999999999       304.66713211382114       0.9179553044328618
1.058                    6                        304.66713211382114       0.9200610235519191
1.058                    11                       304.66713211382114       0.9219952752786927
1.058                    15.999999999999998       304.66713211382114       0.9237707315446362
1.058                    21                       304.66713211382114       0.9253996074678206
1.058                    25.999999999999996       304.66713211382114       0.926893572095707
1.058                    30.999999999999996       304.66713211382114       0.9282636064801498
1.058                    36                       304.66713211382114       0.9295199456912067
1.058                    41                       304.66713211382114       0.9306720645880234
1.058                    45.99999999999999        304.66713211382114       0.9317286836220428
1.058                    50.99999999999999        304.66713211382114       0.9326977973835818
1.058                    56                       304.66713211382114       0.9335867089612709
1.059                    0.9999999999999999       304.66713211382114       0.9184047645610613
1.059                    6                        304.66713211382114       0.9205225051500852
1.059                    11                       304.66713211382114       0.9224635131591741
1.059                    15.999999999999998       304.66713211382114       0.9242415335625648
1.059                    21                       304.66713211382114       0.9258696695299855
1.059                    25.999999999999996       304.66713211382114       0.9273603230266642
1.059                    30.999999999999996       304.66713211382114       0.9287250754649901
1.059                    36                       304.66713211382114       0.9299746506661252
1.059                    41                       304.66713211382114       0.9311189196516473
1.059                    45.99999999999999        304.66713211382114       0.9321669219919957
1.059                    50.99999999999999        304.66713211382114       0.9331269084120398
1.059                    56                       304.66713211382114       0.934006386128827
1.06                     0.9999999999999999       304.66713211382114       0.918901848526341
1.06                     6                        304.66713211382114       0.9210292843144879
1.06                     11                       304.66713211382114       0.9229747290265099
1.06                     15.999999999999998       304.66713211382114       0.9247530493895878
1.06                     21                       304.66713211382114       0.9263782684636439
1.06                     25.999999999999996       304.66713211382114       0.9278635406865403
1.06                     30.999999999999996       304.66713211382114       0.9292210584925498
1.06                     36                       304.66713211382114       0.9304620388468895
1.06                     41                       304.66713211382114       0.9315967489538786
1.06                     45.99999999999999        304.66713211382114       0.9326345446257799
1.06                     50.99999999999999        304.66713211382114       0.9335839279455506
1.06                     56                       304.66713211382114       0.9344526043727093
1.061                    0.9999999999999999       304.66713211382114       0.9194516629988102
1.061                    6                        304.66713211382114       0.9215860568373899
1.061                    11                       304.66713211382114       0.9235332458848611
1.061                    15.999999999999998       304.66713211382114       0.9253092657386481
1.061                    21                       304.66713211382114       0.9269290887147128
1.061                    25.999999999999996       304.66713211382114       0.9284066383992716
1.061                    30.999999999999996       304.66713211382114       0.9297547259200818
1.061                    36                       304.66713211382114       0.9309850628703238
1.061                    41                       304.66713211382114       0.9321083099177859
1.061                    45.99999999999999        304.66713211382114       0.9331341337294885
1.061                    50.99999999999999        304.66713211382114       0.9340712807016152
1.061                    56                       304.66713211382114       0.9349276466279498
1.062                    0.9999999999999999       304.66713211382114       0.9200600962601463
1.062                    6                        304.66713211382114       0.9221982265984844
1.062                    11                       304.66713211382114       0.924144030833312
1.062                    15.999999999999998       304.66713211382114       0.9259147576924993
1.062                    21                       304.66713211382114       0.9275263544897351
1.062                    25.999999999999996       304.66713211382114       0.9289935267403431
1.062                    30.999999999999996       304.66713211382114       0.9303297080697864
1.062                    36                       304.66713211382114       0.9315471025203474
1.062                    41                       304.66713211382114       0.9326567581255851
1.062                    45.99999999999999        304.66713211382114       0.9336686439714126
1.062                    50.99999999999999        304.66713211382114       0.9345917409976612
1.062                    56                       304.66713211382114       0.9354341250184497
1.063                    0.9999999999999999       304.66713211382114       0.9207339883771628
1.063                    6                        304.66713211382114       0.9228720592409768
1.063                    11                       304.66713211382114       0.9248128346494089
1.063                    15.999999999999998       304.66713211382114       0.9265748161883689
1.063                    21                       304.66713211382114       0.928174946798391
1.063                    25.999999999999996       304.66713211382114       0.9296287215166352
1.063                    30.999999999999996       304.66713211382114       0.9309501952988863
1.063                    36                       304.66713211382114       0.9321520578580125
1.063                    41                       304.66713211382114       0.9332457343291358
1.063                    45.99999999999999        304.66713211382114       0.9342414840692339
1.063                    50.99999999999999        304.66713211382114       0.935148509511171
1.063                    56                       304.66713211382114       0.935975053301529
1.064                    0.9999999999999999       304.66713211382114       0.9214813524594172
1.064                    6                        304.66713211382114       0.9236148820675293
1.064                    11                       304.66713211382114       0.9255463734556563
1.064                    15.999999999999998       304.66713211382114       0.9272956140422104
1.064                    21                       304.66713211382114       0.9288805559767918
1.064                    25.999999999999996       304.66713211382114       0.930317484569065
1.064                    30.999999999999996       304.66713211382114       0.931621068567369
1.064                    36                       304.66713211382114       0.9328044708038004
1.064                    41                       304.66713211382114       0.9338794781024311
1.064                    45.99999999999999        304.66713211382114       0.9348566234103587
1.064                    50.99999999999999        304.66713211382114       0.9357453136356969
1.064                    56                       304.66713211382114       0.9365539416208489
1.065                    0.9999999999999999       304.66713211382114       0.9223116674413578
1.065                    6                        304.66713211382114       0.9244353487067368
1.065                    11                       304.66713211382114       0.9263525694100495
1.065                    15.999999999999998       304.66713211382114       0.928084426068241
1.065                    21                       304.66713211382114       0.9296498840472357
1.065                    25.999999999999996       304.66713211382114       0.9310660107058162
1.065                    30.999999999999996       304.66713211382114       0.932348072893153
1.065                    36                       304.66713211382114       0.9335096867511163
1.065                    41                       304.66713211382114       0.9345629789954293
1.065                    45.99999999999999        304.66713211382114       0.9355187339227571
1.065                    50.99999999999999        304.66713211382114       0.9363865410759018
1.065                    56                       304.66713211382114       0.9371749226928383
1.066                    0.9999999999999999       304.66713211382114       0.9232362734156877
1.066                    6                        304.66713211382114       0.9253437967331474
1.066                    11                       304.66713211382114       0.9272408761756319
1.066                    15.999999999999998       304.66713211382114       0.928949926960057
1.066                    21                       304.66713211382114       0.9304909187704578
1.066                    25.999999999999996       304.66713211382114       0.9318816810417458
1.066                    30.999999999999996       304.66713211382114       0.9331380525783954
1.066                    36                       304.66713211382114       0.9342740738626987
1.066                    41                       304.66713211382114       0.9353021817497458
1.066                    45.99999999999999        304.66713211382114       0.9362333827822477
1.066                    50.99999999999999        304.66713211382114       0.9370774213934305
1.066                    56                       304.66713211382114       0.9378429233531024
1.067                    0.9999999999999999       304.66713211382114       0.9242689180858915
1.067                    6                        304.66713211382114       0.9263527423974309
1.067                    11                       304.66713211382114       0.9282227295566217
1.067                    15.999999999999998       304.66713211382114       0.9299026040701863
1.067                    21                       304.66713211382114       0.9314133137022156
1.067                    25.999999999999996       304.66713211382114       0.9327734145853842
1.067                    30.999999999999996       304.66713211382114       0.933999277876916
1.067                    36                       304.66713211382114       0.9351053278027524
1.067                    41                       304.66713211382114       0.9361042716183187
1.067                    45.99999999999999        304.66713211382114       0.9370073004721494
1.067                    50.99999999999999        304.66713211382114       0.9378242786530703
1.067                    56                       304.66713211382114       0.9385639033813405
1.068                    0.9999999999999999       304.66713211382114       0.9254265331091064
1.068                    6                        304.66713211382114       0.9274775841510163
1.068                    11                       304.66713211382114       0.9293121889137878
1.068                    15.999999999999998       304.66713211382114       0.9309553454618695
1.068                    21                       304.66713211382114       0.9324289300715272
1.068                    25.999999999999996       304.66713211382114       0.9337521699014862
1.068                    30.999999999999996       304.66713211382114       0.9349419114161222
1.068                    36                       304.66713211382114       0.936012907101497
1.068                    41                       304.66713211382114       0.9369780822203458
1.068                    45.99999999999999        304.66713211382114       0.9378487641530228
1.068                    50.99999999999999        304.66713211382114       0.9386348929048156
1.068                    56                       304.66713211382114       0.9393451973414824
1.069                    0.9999999999999999       304.66713211382114       0.9267303735377124
1.069                    6                        304.66713211382114       0.9287376362935392
1.069                    11                       304.66713211382114       0.930526880502206
1.069                    15.999999999999998       304.66713211382114       0.9321243055652524
1.069                    21                       304.66713211382114       0.9335526351417303
1.069                    25.999999999999996       304.66713211382114       0.9348316847868275
1.069                    30.999999999999996       304.66713211382114       0.9359786963809692
1.069                    36                       304.66713211382114       0.9370086759088261
1.069                    41                       304.66713211382114       0.9379346980054493
1.069                    45.99999999999999        304.66713211382114       0.9387681642314071
1.069                    50.99999999999999        304.66713211382114       0.9395190346362385
1.069                    56                       304.66713211382114       0.9401960201869612
1.07                     0.9999999999999999       304.66713211382114       0.9282077570942417
1.07                     6                        304.66713211382114       0.9301577085616802
1.07                     11                       304.66713211382114       0.9318894405753487
1.07                     15.999999999999998       304.66713211382114       0.9334302307213594
1.07                     21                       304.66713211382114       0.9348035257630803
1.07                     25.999999999999996       304.66713211382114       0.9360296107537575
1.07                     30.999999999999996       304.66713211382114       0.9371260127451159
1.07                     36                       304.66713211382114       0.938107891094749
1.07                     41                       304.66713211382114       0.9389883799780542
1.07                     45.99999999999999        304.66713211382114       0.9397788753423025
1.07                     50.99999999999999        304.66713211382114       0.940489286728611
1.07                     56                       304.66713211382114       0.9411282451428432
1.071                    0.9999999999999999       304.66713211382114       0.9298948501345338
1.071                    6                        304.66713211382114       0.9317706393853085
1.071                    11                       304.66713211382114       0.9334298323043523
1.071                    15.999999999999998       304.66713211382114       0.9349005894496801
1.071                    21                       304.66713211382114       0.9362068964482233
1.071                    25.999999999999996       304.66713211382114       0.9373693392449625
1.071                    30.999999999999996       304.66713211382114       0.9384055786727643
1.071                    36                       304.66713211382114       0.9393307932462088
1.071                    41                       304.66713211382114       0.9401580585539755
1.071                    45.99999999999999        304.66713211382114       0.9408986615829079
1.071                    50.99999999999999        304.66713211382114       0.9415623711400583
1.071                    56                       304.66713211382114       0.9421576597141874
1.072                    0.9999999999999999       304.66713211382114       0.9318414093149144
1.072                    6                        304.66713211382114       0.9336216129337255
1.072                    11                       304.66713211382114       0.9351892986120924
1.072                    15.999999999999998       304.66713211382114       0.9365732104574248
1.072                    21                       304.66713211382114       0.9377976033239845
1.072                    25.999999999999996       304.66713211382114       0.9388831254946179
1.072                    30.999999999999996       304.66713211382114       0.9398473628259092
1.072                    36                       304.66713211382114       0.9407053315891001
1.072                    41                       304.66713211382114       0.9414698917190772
1.072                    45.99999999999999        304.66713211382114       0.9421520856158719
1.072                    50.99999999999999        304.66713211382114       0.9427614242613199
1.072                    56                       304.66713211382114       0.9433061205989007
1.073                    0.9999999999999999       304.66713211382114       0.9341195141283317
1.073                    6                        304.66713211382114       0.9357761200219613
1.073                    11                       304.66713211382114       0.9372276597591562
1.073                    15.999999999999998       304.66713211382114       0.9385030056687188
1.073                    21                       304.66713211382114       0.9396262860709943
1.073                    25.999999999999996       304.66713211382114       0.9406178707357493
1.073                    30.999999999999996       304.66713211382114       0.9414949785252876
1.073                    36                       304.66713211382114       0.942272213974903
1.073                    41                       304.66713211382114       0.9429620083467353
1.073                    45.99999999999999        304.66713211382114       0.9435749775964949
1.073                    50.99999999999999        304.66713211382114       0.9441202193973913
1.073                    56                       304.66713211382114       0.9446055540567527
1.074                    0.9999999999999999       304.66713211382114       0.9368414694349375
1.074                    6                        304.66713211382114       0.9383363002220958
1.074                    11                       304.66713211382114       0.9396383108167017
1.074                    15.999999999999998       304.66713211382114       0.940775800460318
1.074                    21                       304.66713211382114       0.9417721781933375
1.074                    25.999999999999996       304.66713211382114       0.9426470358667901
1.074                    30.999999999999996       304.66713211382114       0.9434168049970261
1.074                    36                       304.66713211382114       0.9440953243574686
1.074                    41                       304.66713211382114       0.9446942978645759
1.074                    45.99999999999999        304.66713211382114       0.9452236625223892
1.074                    50.99999999999999        304.66713211382114       0.9456918886085516
1.074                    56                       304.66713211382114       0.9461062217806615
1.075                    0.9999999999999999       304.66713211382114       0.9402026971913693
1.075                    6                        304.66713211382114       0.9414801464331776
1.075                    11                       304.66713211382114       0.9425842408350212
1.075                    15.999999999999998       304.66713211382114       0.9435415814822781
1.075                    21                       304.66713211382114       0.9443739284094342
1.075                    25.999999999999996       304.66713211382114       0.9450993262222862
1.075                    30.999999999999996       304.66713211382114       0.9457327809684212
1.075                    36                       304.66713211382114       0.9462868345829811
1.075                    41                       304.66713211382114       0.946772020025825
1.075                    45.99999999999999        304.66713211382114       0.9471972233162717
1.075                    50.99999999999999        304.66713211382114       0.947569974065803
1.075                    56                       304.66713211382114       0.9478966784051432
1.076                    0.9999999999999999       304.66713211382114       0.9446142238425952
1.076                    6                        304.66713211382114       0.9455827612372458
1.076                    11                       304.66713211382114       0.9464095609691862
1.076                    15.999999999999998       304.66713211382114       0.9471175418336165
1.076                    21                       304.66713211382114       0.9477252040379359
1.076                    25.999999999999996       304.66713211382114       0.9482477308360573
1.076                    30.999999999999996       304.66713211382114       0.9486976252277152
1.076                    36                       304.66713211382114       0.9490852437144276
1.076                    41                       304.66713211382114       0.9494192116172285
1.076                    45.99999999999999        304.66713211382114       0.9497067498310916
1.076                    50.99999999999999        304.66713211382114       0.9499539327141433
1.076                    56                       304.66713211382114       0.9501658934326133
1.077                    0.9999999999999999       304.66713211382114       0.9514061746860827
1.077                    6                        304.66713211382114       0.9518611026943683
1.077                    11                       304.66713211382114       0.9522332200590148
1.077                    15.999999999999998       304.66713211382114       0.9525371916731529
1.077                    21                       304.66713211382114       0.952784590177636
1.077                    25.999999999999996       304.66713211382114       0.9529847725784133
1.077                    30.999999999999996       304.66713211382114       0.9531453244431577
1.077                    36                       304.66713211382114       0.9532724362055428
1.077                    41                       304.66713211382114       0.9533711898741456
1.077                    45.99999999999999        304.66713211382114       0.9534457813244761
1.077                    50.99999999999999        304.66713211382114       0.9534996923867496
1.077                    56                       304.66713211382114       0.9535358264157567
1.078                    0.9999999999999999       304.66713211382114       0.9621344300373074
1.078                    6                        304.66713211382114       0.9617328269636801
1.078                    11                       304.66713211382114       0.9613546005596466
1.078                    15.999999999999998       304.66713211382114       0.960997854274249
1.078                    21                       304.66713211382114       0.9606606776740276
1.078                    25.999999999999996       304.66713211382114       0.960341375090109
1.078                    30.999999999999996       304.66713211382114       0.9600384083148459
1.078                    36                       304.66713211382114       0.959750385099223
1.078                    41                       304.66713211382114       0.9594760465624732
1.078                    45.99999999999999        304.66713211382114       0.9592142543120239
1.078                    50.99999999999999        304.66713211382114       0.9589639785193002
1.078                    56                       304.66713211382114       0.9587242865115371
1.079                    0.9999999999999999       304.66713211382114       0.962784598183647
1.079                    6                        304.66713211382114       0.9623411648710516
1.079                    11                       304.66713211382114       0.961924621732117
1.079                    15.999999999999998       304.66713211382114       0.9615328372639684
1.079                    21                       304.66713211382114       0.9611636405227975
1.079                    25.999999999999996       304.66713211382114       0.9608150732708219
1.079                    30.999999999999996       304.66713211382114       0.9604853451259873
1.079                    36                       304.66713211382114       0.960172828375146
1.079                    41                       304.66713211382114       0.9598760480360841
1.079                    45.99999999999999        304.66713211382114       0.9595936695418963
1.079                    50.99999999999999        304.66713211382114       0.9593244862125009
1.079                    56                       304.66713211382114       0.9590674066535252
1.08                     0.9999999999999999       304.66713211382114       0.9633847362136556
1.08                     6                        304.66713211382114       0.9629020283542885
1.08                     11                       304.66713211382114       0.9624492701101
1.08                     15.999999999999998       304.66713211382114       0.962024242090666
1.08                     21                       304.66713211382114       0.961624604314784
1.08                     25.999999999999996       304.66713211382114       0.9612481937006745
1.08                     30.999999999999996       304.66713211382114       0.9608930046470273
1.08                     36                       304.66713211382114       0.9605571980378305
1.08                     41                       304.66713211382114       0.9602390987717021
1.08                     45.99999999999999        304.66713211382114       0.9599371869891552
1.08                     50.99999999999999        304.66713211382114       0.9596500867991562
1.08                     56                       304.66713211382114       0.9593765536479675
1.081                    0.9999999999999999       304.66713211382114       0.9639433938895704
1.081                    6                        304.66713211382114       0.963424112348113
1.081                    11                       304.66713211382114       0.9629372418536781
1.081                    15.999999999999998       304.66713211382114       0.9624806813377179
1.081                    21                       304.66713211382114       0.9620520484935415
1.081                    25.999999999999996       304.66713211382114       0.9616490545453412
1.081                    30.999999999999996       304.66713211382114       0.9612695288762249
1.081                    36                       304.66713211382114       0.9609114533308336
1.081                    41                       304.66713211382114       0.9605729739316545
1.081                    45.99999999999999        304.66713211382114       0.9602523997593604
1.081                    50.99999999999999        304.66713211382114       0.9599481954855302
1.081                    56                       304.66713211382114       0.9596589703040856
1.082                    0.9999999999999999       304.66713211382114       0.9644667167417129
1.082                    6                        304.66713211382114       0.9639138020456826
1.082                    11                       304.66713211382114       0.9633949910810473
1.082                    15.999999999999998       304.66713211382114       0.9629085795678496
1.082                    21                       304.66713211382114       0.9624523114244531
1.082                    25.999999999999996       304.66713211382114       0.9620238760727704
1.082                    30.999999999999996       304.66713211382114       0.9616210029643639
1.082                    36                       304.66713211382114       0.9612415363430185
1.082                    41                       304.66713211382114       0.9608834701843142
1.082                    45.99999999999999        304.66713211382114       0.9605449601968642
1.082                    50.99999999999999        304.66713211382114       0.9602243235179612
1.082                    56                       304.66713211382114       0.9599200312908415
1.083                    0.9999999999999999       304.66713211382114       0.9649590231333692
1.083                    6                        304.66713211382114       0.9643757688755168
1.083                    11                       304.66713211382114       0.9638273345683408
1.083                    15.999999999999998       304.66713211382114       0.9633127808663374
1.083                    21                       304.66713211382114       0.9628301971673385
1.083                    25.999999999999996       304.66713211382114       0.9623773843113991
1.083                    30.999999999999996       304.66713211382114       0.9619520541816527
1.083                    36                       304.66713211382114       0.9615519651969424
1.083                    41                       304.66713211382114       0.9611749923639791
1.083                    45.99999999999999        304.66713211382114       0.9608191595049345
1.083                    50.99999999999999        304.66713211382114       0.9604826504301176
1.083                    56                       304.66713211382114       0.9601638078147006
1.084                    0.9999999999999999       304.66713211382114       0.9654231831469303
1.084                    6                        304.66713211382114       0.9648133685600936
1.084                    11                       304.66713211382114       0.964237857848683
1.084                    15.999999999999998       304.66713211382114       0.9636969570725316
1.084                    21                       304.66713211382114       0.9631893825265995
1.084                    25.999999999999996       304.66713211382114       0.9627132149705168
1.084                    30.999999999999996       304.66713211382114       0.9622662515270873
1.084                    36                       304.66713211382114       0.9618462286138492
1.084                    41                       304.66713211382114       0.9614509425404573
1.084                    45.99999999999999        304.66713211382114       0.9610783110569726
1.084                    50.99999999999999        304.66713211382114       0.9607264014626284
1.084                    56                       304.66713211382114       0.9603934391053498
1.085                    0.9999999999999999       304.66713211382114       0.9658608637041922
1.085                    6                        304.66713211382114       0.9652289085709502
1.085                    11                       304.66713211382114       0.9646291920129269
1.085                    15.999999999999998       304.66713211382114       0.9640638874241267
1.085                    21                       304.66713211382114       0.9635326961308814
1.085                    25.999999999999996       304.66713211382114       0.9630341900996737
1.085                    30.999999999999996       304.66713211382114       0.962566378925021
1.085                    36                       304.66713211382114       0.9621270550643809
1.085                    41                       304.66713211382114       0.9617139848063411
1.085                    45.99999999999999        304.66713211382114       0.9613250106652025
1.085                    50.99999999999999        304.66713211382114       0.9609581032588879
1.085                    56                       304.66713211382114       0.9606113835581397
1.086                    0.9999999999999999       304.66713211382114       0.9662726791638944
1.086                    6                        304.66713211382114       0.9656238263088495
1.086                    11                       304.66713211382114       0.9650032037207771
1.086                    15.999999999999998       304.66713211382114       0.9644156528352009
1.086                    21                       304.66713211382114       0.9638623131868536
1.086                    25.999999999999996       304.66713211382114       0.9633425113538893
1.086                    30.999999999999996       304.66713211382114       0.9628546259654525
1.086                    36                       304.66713211382114       0.9623966004353384
1.086                    41                       304.66713211382114       0.9619662295927732
1.086                    45.99999999999999        304.66713211382114       0.9615613174230141
1.086                    50.99999999999999        304.66713211382114       0.9611797612118498
1.086                    56                       304.66713211382114       0.9608195926135333
1.087                    0.9999999999999999       304.66713211382114       0.9666582713181372
1.087                    6                        304.66713211382114       0.9659988038278735
1.087                    11                       304.66713211382114       0.9653611251196492
1.087                    15.999999999999998       304.66713211382114       0.9647537719251318
1.087                    21                       304.66713211382114       0.9641798932107124
1.087                    25.999999999999996       304.66713211382114       0.9636398972165408
1.087                    30.999999999999996       304.66713211382114       0.9631327234852645
1.087                    36                       304.66713211382114       0.9626565813906098
1.087                    41                       304.66713211382114       0.9622093645255937
1.087                    45.99999999999999        304.66713211382114       0.9617888819370369
1.087                    50.99999999999999        304.66713211382114       0.9613929850385752
1.087                    56                       304.66713211382114       0.9610196337022804
1.088                    0.9999999999999999       304.66713211382114       0.9670163329519076
1.088                    6                        304.66713211382114       0.966353835330131
1.088                    11                       304.66713211382114       0.9657036407366777
1.088                    15.999999999999998       304.66713211382114       0.9650792961986946
1.088                    21                       304.66713211382114       0.9644866782390066
1.088                    25.999999999999996       304.66713211382114       0.9639276816634191
1.088                    30.999999999999996       304.66713211382114       0.963402041392868
1.088                    36                       304.66713211382114       0.9629083717024414
1.088                    41                       304.66713211382114       0.9624447489425839
1.088                    45.99999999999999        304.66713211382114       0.9620090388851201
1.088                    50.99999999999999        304.66713211382114       0.9615990793360483
1.088                    56                       304.66713211382114       0.9612127788081257
1.089                    0.9999999999999999       304.66713211382114       0.9673445825396679
1.089                    6                        304.66713211382114       0.9666882575028539
1.089                    11                       304.66713211382114       0.9660309423550821
1.089                    15.999999999999998       304.66713211382114       0.9653928757352644
1.089                    21                       304.66713211382114       0.9647835629747418
1.089                    25.999999999999996       304.66713211382114       0.9642068857065985
1.089                    30.999999999999996       304.66713211382114       0.9636636600950761
1.089                    36                       304.66713211382114       0.9631530728023024
1.089                    41                       304.66713211382114       0.9626734831900737
1.089                    45.99999999999999        304.66713211382114       0.9622228748830236
1.089                    50.99999999999999        304.66713211382114       0.9617991099491358
1.089                    56                       304.66713211382114       0.9614000693289777
1.09                     0.9999999999999999       304.66713211382114       0.9676396928441917
1.09                     6                        304.66713211382114       0.9670007486265388
1.09                     11                       304.66713211382114       0.9663427589564244
1.09                     15.999999999999998       304.66713211382114       0.9656948028831899
1.09                     21                       304.66713211382114       0.9650711444892842
1.09                     25.999999999999996       304.66713211382114       0.964478269439769
1.09                     30.999999999999996       304.66713211382114       0.9639184230930344
1.09                     36                       304.66713211382114       0.9633915660317007
1.09                     41                       304.66713211382114       0.9628964600817008
1.09                     45.99999999999999        304.66713211382114       0.962431278932886
1.09                     50.99999999999999        304.66713211382114       0.9619939533132611
1.09                     56                       304.66713211382114       0.9615823642847132
1.091                    0.9999999999999999       304.66713211382114       0.9678971722866133
1.091                    6                        304.66713211382114       0.9672892994327353
1.091                    11                       304.66713211382114       0.9666383661654698
1.091                    15.999999999999998       304.66713211382114       0.965985038923124
1.091                    21                       304.66713211382114       0.9653497566173767
1.091                    25.999999999999996       304.66713211382114       0.9647423697506746
1.091                    30.999999999999996       304.66713211382114       0.964166975879408
1.091                    36                       304.66713211382114       0.9636245516657752
1.091                    41                       304.66713211382114       0.963114403515108
1.091                    45.99999999999999        304.66713211382114       0.9626349803687303
1.091                    50.99999999999999        304.66713211382114       0.9621843336032592
1.091                    56                       304.66713211382114       0.9617603766187494
1.092                    0.9999999999999999       304.66713211382114       0.9681111943956062
1.092                    6                        304.66713211382114       0.9675511564127076
1.092                    11                       304.66713211382114       0.9669165777679647
1.092                    15.999999999999998       304.66713211382114       0.9662632269447163
1.092                    21                       304.66713211382114       0.9656194925243602
1.092                    25.999999999999996       304.66713211382114       0.9649995272430734
1.092                    30.999999999999996       304.66713211382114       0.964409794672015
1.092                    36                       304.66713211382114       0.963852578204635
1.092                    41                       304.66713211382114       0.9633278976908519
1.092                    45.99999999999999        304.66713211382114       0.9628345776830226
1.092                    50.99999999999999        304.66713211382114       0.9623708510114851
1.092                    56                       304.66713211382114       0.9619347008567186
1.093                    0.9999999999999999       304.66713211382114       0.9682743669649208
1.093                    6                        304.66713211382114       0.9677827363409212
1.093                    11                       304.66713211382114       0.9671757204818139
1.093                    15.999999999999998       304.66713211382114       0.966528692976766
1.093                    21                       304.66713211382114       0.9658802177960053
1.093                    25.999999999999996       304.66713211382114       0.9652499048211375
1.093                    30.999999999999996       304.66713211382114       0.9646472074500031
1.093                    36                       304.66713211382114       0.9640760643774695
1.093                    41                       304.66713211382114       0.9635374093398845
1.093                    45.99999999999999        304.66713211382114       0.9630305606001721
1.093                    50.99999999999999        304.66713211382114       0.9625540034739974
1.093                    56                       304.66713211382114       0.9621058343925786
1.094                    0.9999999999999999       304.66713211382114       0.9683774283491735
1.094                    6                        304.66713211382114       0.967979508941825
1.094                    11                       304.66713211382114       0.9674135920330658
1.094                    15.999999999999998       304.66713211382114       0.966780436526191
1.094                    21                       304.66713211382114       0.9661315756061671
1.094                    25.999999999999996       304.66713211382114       0.9654934996282096
1.094                    30.999999999999996       304.66713211382114       0.9648794090259502
1.094                    36                       304.66713211382114       0.9642953155903502
1.094                    41                       304.66713211382114       0.963743304670344
1.094                    45.99999999999999        304.66713211382114       0.9632233270747941
1.094                    50.99999999999999        304.66713211382114       0.9627342034922709
1.094                    56                       304.66713211382114       0.9622741940167365
1.095                    0.9999999999999999       304.66713211382114       0.9684088531664196
1.095                    6                        304.66713211382114       0.9681358426977958
1.095                    11                       304.66713211382114       0.9676274016057446
1.095                    15.999999999999998       304.66713211382114       0.9670171109936037
1.095                    21                       304.66713211382114       0.9663729849405288
1.095                    25.999999999999996       304.66713211382114       0.9657301495089458
1.095                    30.999999999999996       304.66713211382114       0.9651064713810272
1.095                    36                       304.66713211382114       0.964510536054175
1.095                    41                       304.66713211382114       0.9639458622589964
1.095                    45.99999999999999        304.66713211382114       0.9634131964224872
1.095                    50.99999999999999        304.66713211382114       0.9629117912318411
1.095                    56                       304.66713211382114       0.9624401288442602
1.096                    0.9999999999999999       304.66713211382114       0.968354343036074
1.096                    6                        304.66713211382114       0.9682448065903162
1.096                    11                       304.66713211382114       0.9678136907662815
1.096                    15.999999999999998       304.66713211382114       0.9672369938615522
1.096                    21                       304.66713211382114       0.9666036324156878
1.096                    25.999999999999996       304.66713211382114       0.9659595347681946
1.096                    30.999999999999996       304.66713211382114       0.9653283501269264
1.096                    36                       304.66713211382114       0.9647218374827995
1.096                    41                       304.66713211382114       0.9641452827755418
1.096                    45.99999999999999        304.66713211382114       0.9636004194594918
1.096                    50.99999999999999        304.66713211382114       0.9630870447606109
1.096                    56                       304.66713211382114       0.9626039304845059
1.097                    0.9999999999999999       304.66713211382114       0.9681961691566647
1.097                    6                        304.66713211382114       0.9682979178911177
1.097                    11                       304.66713211382114       0.9679682319487225
1.097                    15.999999999999998       304.66713211382114       0.9674379460310464
1.097                    21                       304.66713211382114       0.9668224578804833
1.097                    25.999999999999996       304.66713211382114       0.9661811757188951
1.097                    30.999999999999996       304.66713211382114       0.9655448876958547
1.097                    36                       304.66713211382114       0.964929244999231
1.097                    41                       304.66713211382114       0.9643416961889308
1.097                    45.99999999999999        304.66713211382114       0.9637851862947981
1.097                    50.99999999999999        304.66713211382114       0.9632601880582741
1.097                    56                       304.66713211382114       0.9627658410746117
1.098                    0.9999999999999999       304.66713211382114       0.9679123215742653
1.098                    6                        304.66713211382114       0.9682848227301833
1.098                    11                       304.66713211382114       0.9680859004323253
1.098                    15.999999999999998       304.66713211382114       0.9676173591747389
1.098                    21                       304.66713211382114       0.9670281336861758
1.098                    25.999999999999996       304.66713211382114       0.9663944262813903
1.098                    30.999999999999996       304.66713211382114       0.9657558136643619
1.098                    36                       304.66713211382114       0.9651327007123941
1.098                    41                       304.66713211382114       0.9645351669305721
1.098                    45.99999999999999        304.66713211382114       0.9639676322510561
1.098                    50.99999999999999        304.66713211382114       0.9634313972680081
1.098                    56                       304.66713211382114       0.9629260596374395
1.099                    0.9999999999999999       304.66713211382114       0.9674754035466371
1.099                    6                        304.66713211382114       0.9681928917892405
1.099                    11                       304.66713211382114       0.968160514353464
1.099                    15.999999999999998       304.66713211382114       0.9677720894326555
1.099                    21                       304.66713211382114       0.967219037235183
1.099                    25.999999999999996       304.66713211382114       0.9665984637062107
1.099                    30.999999999999996       304.66713211382114       0.9659607424648844
1.099                    36                       304.66713211382114       0.965332065283012
1.099                    41                       304.66713211382114       0.9647256973609152
1.099                    45.99999999999999        304.66713211382114       0.9641478422668828
1.099                    50.99999999999999        304.66713211382114       0.9636008055414167
1.099                    56                       304.66713211382114       0.9630847471097814
1.1                      0.9999999999999999       304.66713211382114       0.9668511865170035
1.1                      6                        304.66713211382114       0.9680067076477407
1.1                      11                       304.66713211382114       0.9681846355802901
1.1                      15.999999999999998       304.66713211382114       0.9678983751694726
1.1                      21                       304.66713211382114       0.967393216143365
1.1                      25.999999999999996       304.66713211382114       0.9667922743405665
1.1                      30.999999999999996       304.66713211382114       0.966159168618649
1.1                      36                       304.66713211382114       0.9655271177008481
1.1                      41                       304.66713211382114       0.9649132297929978
1.1                      45.99999999999999        304.66713211382114       0.9643258540448073
1.1                      50.99999999999999        304.66713211382114       0.9637685067408268
1.1                      56                       304.66713211382114       0.9632420303006294
1.101                    0.9999999999999999       304.66713211382114       0.9659967090241922
1.101                    6                        304.66713211382114       0.9677074125385152
1.101                    11                       304.66713211382114       0.9681493220966362
1.101                    15.999999999999998       304.66713211382114       0.9679917357925504
1.101                    21                       304.66713211382114       0.967548345062336
1.101                    25.999999999999996       304.66713211382114       0.9669746351935773
1.101                    30.999999999999996       304.66713211382114       0.9663504595224912
1.101                    36                       304.66713211382114       0.9657175534097324
1.101                    41                       304.66713211382114       0.9650976472517965
1.101                    45.99999999999999        304.66713211382114       0.9645016601390003
1.101                    50.99999999999999        304.66713211382114       0.9639345581999637
1.101                    56                       304.66713211382114       0.9633980049838036
1.102                    0.9999999999999999       304.66713211382114       0.9648577571839138
1.102                    6                        304.66713211382114       0.9672718747346629
1.102                    11                       304.66713211382114       0.968043819723411
1.102                    15.999999999999998       304.66713211382114       0.9680468477578242
1.102                    21                       304.66713211382114       0.9676816728847442
1.102                    25.999999999999996       304.66713211382114       0.9671440909267297
1.102                    30.999999999999996       304.66713211382114       0.9665338457326541
1.102                    36                       304.66713211382114       0.965902980852694
1.102                    41                       304.66713211382114       0.9652787730926022
1.102                    45.99999999999999        304.66713211382114       0.9646752091274237
1.102                    50.99999999999999        304.66713211382114       0.96409898269214
1.102                    56                       304.66713211382114       0.9635527382700652
1.103                    0.9999999999999999       304.66713211382114       0.9633654989560065
1.103                    6                        304.66713211382114       0.9666716173894252
1.103                    11                       304.66713211382114       0.9678551773226871
1.103                    15.999999999999998       304.66713211382114       0.968057392801847
1.103                    21                       304.66713211382114       0.9677899586809163
1.103                    25.999999999999996       304.66713211382114       0.967298925709981
1.103                    30.999999999999996       304.66713211382114       0.9667084086038576
1.103                    36                       304.66713211382114       0.9660829164514896
1.103                    41                       304.66713211382114       0.9654563695565999
1.103                    45.99999999999999        304.66713211382114       0.9648464059713223
1.103                    50.99999999999999        304.66713211382114       0.9642617697200743
1.103                    56                       304.66713211382114       0.9637062703802564
1.104                    0.9999999999999999       304.66713211382114       0.9614319499678369
1.104                    6                        304.66713211382114       0.9658714337973238
1.104                    11                       304.66713211382114       0.9675677647619293
1.104                    15.999999999999998       304.66713211382114       0.9680158720650659
1.104                    21                       304.66713211382114       0.9678693942669292
1.104                    25.999999999999996       304.66713211382114       0.9674371292454704
1.104                    30.999999999999996       304.66713211382114       0.966873065062755
1.104                    36                       304.66713211382114       0.9662567779859649
1.104                    41                       304.66713211382114       0.9656301353032329
1.104                    45.99999999999999        304.66713211382114       0.9650151116332258
1.104                    50.99999999999999        304.66713211382114       0.9644228762120667
1.104                    56                       304.66713211382114       0.9638586159069554
1.105                    0.9999999999999999       304.66713211382114       0.9589438113321357
1.105                    6                        304.66713211382114       0.9648275854906772
1.105                    11                       304.66713211382114       0.9671626664381437
1.105                    15.999999999999998       304.66713211382114       0.9679133780112168
1.105                    21                       304.66713211382114       0.9679155107571684
1.105                    25.999999999999996       304.66713211382114       0.9675563560266823
1.105                    30.999999999999996       304.66713211382114       0.967026549199633
1.105                    36                       304.66713211382114       0.9664238762889187
1.105                    41                       304.66713211382114       0.9657997019279525
1.105                    45.99999999999999        304.66713211382114       0.9651811419995859
1.105                    50.99999999999999        304.66713211382114       0.9645822266845804
1.105                    56                       304.66713211382114       0.9640097646309528
1.106                    0.9999999999999999       304.66713211382114       0.955754019005177
1.106                    6                        304.66713211382114       0.963485440976703
1.106                    11                       304.66713211382114       0.9666169144638656
1.106                    15.999999999999998       304.66713211382114       0.9677393137823374
1.106                    21                       304.66713211382114       0.9679230657775867
1.106                    25.999999999999996       304.66713211382114       0.9676538767028889
1.106                    30.999999999999996       304.66713211382114       0.967167390287876
1.106                    36                       304.66713211382114       0.9665834051290458
1.106                    41                       304.66713211382114       0.9659646294438249
1.106                    45.99999999999999        304.66713211382114       0.9653442661317234
1.106                    50.99999999999999        304.66713211382114       0.9647397129160555
1.106                    56                       304.66713211382114       0.9641596819462993
1.107                    0.9999999999999999       304.66713211382114       0.951670049249451
1.107                    6                        304.66713211382114       0.9617763585373832
1.107                    11                       304.66713211382114       0.9659025138671203
1.107                    15.999999999999998       304.66713211382114       0.967481046674179
1.107                    21                       304.66713211382114       0.9678859071655785
1.107                    25.999999999999996       304.66713211382114       0.9677265201129402
1.107                    30.999999999999996       304.66713211382114       0.9672938867013064
1.107                    36                       304.66713211382114       0.9667344291033713
1.107                    41                       304.66713211382114       0.9661244006788083
1.107                    45.99999999999999        304.66713211382114       0.9655042038506956
1.107                    50.99999999999999        304.66713211382114       0.9648951931571926
1.107                    56                       304.66713211382114       0.9643083089276675
1.108                    0.9999999999999999       304.66713211382114       0.9464375916156
1.108                    6                        304.66713211382114       0.9596135393352277
1.108                    11                       304.66713211382114       0.9649851961678715
1.108                    15.999999999999998       304.66713211382114       0.9671234785563422
1.108                    21                       304.66713211382114       0.9677968079104906
1.108                    25.999999999999996       304.66713211382114       0.967770604227003
1.108                    30.999999999999996       304.66713211382114       0.9674040751169337
1.108                    36                       304.66713211382114       0.9668758693092797
1.108                    41                       304.66713211382114       0.9662784145136833
1.108                    45.99999999999999        304.66713211382114       0.9656606226403036
1.108                    50.99999999999999        304.66713211382114       0.9650484908949151
1.108                    56                       304.66713211382114       0.9644555620699857
1.109                    0.9999999999999999       304.66713211382114       0.9397175687851408
1.109                    6                        304.66713211382114       0.9568864669939662
1.109                    11                       304.66713211382114       0.9638228157914113
1.109                    15.999999999999998       304.66713211382114       0.9666485109646721
1.109                    21                       304.66713211382114       0.9676472657227834
1.109                    25.999999999999996       304.66713211382114       0.9677818538178493
1.109                    30.999999999999996       304.66713211382114       0.9674956942143441
1.109                    36                       304.66713211382114       0.9670064865095847
1.109                    41                       304.66713211382114       0.9664259778577537
1.109                    45.99999999999999        304.66713211382114       0.9658131338469602
1.109                    50.99999999999999        304.66713211382114       0.9651993931714083
1.109                    56                       304.66713211382114       0.9646013327171997
1.11                     0.9999999999999999       304.66713211382114       0.9310535764964072
1.11                     6                        304.66713211382114       0.9534533922157459
1.11                     11                       304.66713211382114       0.9623632735984736
1.11                     15.999999999999998       304.66713211382114       0.9660343758427515
1.11                     21                       304.66713211382114       0.9674272588711118
1.11                     25.999999999999996       304.66713211382114       0.9677553021660338
1.11                     30.999999999999996       304.66713211382114       0.9675661419279905
1.11                     36                       304.66713211382114       0.9671248614377325
1.11                     41                       304.66713211382114       0.9665662962312269
1.11                     45.99999999999999        304.66713211382114       0.965961288125964
1.11                     50.99999999999999        304.66713211382114       0.9653476484528555
1.11                     56                       304.66713211382114       0.9647454861861254
1.111                    0.9999999999999999       304.66713211382114       0.9198255689792132
1.111                    6                        304.66713211382114       0.9491310950737629
1.111                    11                       304.66713211382114       0.9605418099675215
1.111                    15.999999999999998       304.66713211382114       0.965254793894272
1.111                    21                       304.66713211382114       0.9671249476730924
1.111                    25.999999999999996       304.66713211382114       0.9676851734492022
1.111                    30.999999999999996       304.66713211382114       0.9676124250939343
1.111                    36                       304.66713211382114       0.9672293718146187
1.111                    41                       304.66713211382114       0.9666984627904767
1.111                    45.99999999999999        304.66713211382114       0.9661045700776251
1.111                    50.99999999999999        304.66713211382114       0.9654929640308695
1.111                    56                       304.66713211382114       0.9648878605929982
1.112                    0.9999999999999999       304.66713211382114       0.9051840476552441
1.112                    6                        304.66713211382114       0.9436808348192784
1.112                    11                       304.66713211382114       0.9582774515691908
1.112                    15.999999999999998       304.66713211382114       0.9642779104212824
1.112                    21                       304.66713211382114       0.9667263081030197
1.112                    25.999999999999996       304.66713211382114       0.9675647416803348
1.112                    30.999999999999996       304.66713211382114       0.9676311000815253
1.112                    36                       304.66713211382114       0.9673181655584825
1.112                    41                       304.66713211382114       0.9668214455962088
1.112                    45.99999999999999        304.66713211382114       0.9662423919983506
1.112                    50.99999999999999        304.66713211382114       0.9656350029311621
1.112                    56                       304.66713211382114       0.9650282653755635
1.113                    0.9999999999999999       304.66713211382114       0.8859574847080856
1.113                    6                        304.66713211382114       0.936788940640207
1.113                    11                       304.66713211382114       0.9554683144271264
1.113                    15.999999999999998       304.66713211382114       0.9630649422039138
1.113                    21                       304.66713211382114       0.966214680181452
1.113                    25.999999999999996       304.66713211382114       0.9673861610079574
1.113                    30.999999999999996       304.66713211382114       0.9676182026889787
1.113                    36                       304.66713211382114       0.9673891295645717
1.113                    41                       304.66713211382114       0.9669340728853579
1.113                    45.99999999999999        304.66713211382114       0.9663740866464521
1.113                    50.99999999999999        304.66713211382114       0.965773380294376
1.113                    56                       304.66713211382114       0.9651664795031099
1.114                    0.9999999999999999       304.66713211382114       0.8605256270217998
1.114                    6                        304.66713211382114       0.9280398668222453
1.114                    11                       304.66713211382114       0.9519853515404593
1.114                    15.999999999999998       304.66713211382114       0.9615684468468016
1.114                    21                       304.66713211382114       0.9655702088235638
1.114                    25.999999999999996       304.66713211382114       0.9671402609253764
1.114                    30.999999999999996       304.66713211382114       0.9675691651982663
1.114                    36                       304.66713211382114       0.9674398533019276
1.114                    41                       304.66713211382114       0.967035016058522
1.114                    45.99999999999999        304.66713211382114       0.9664988989178782
1.114                    50.99999999999999        304.66713211382114       0.9659076591847717
1.114                    56                       304.66713211382114       0.9653022493576181
1.115                    0.9999999999999999       304.66713211382114       0.826656935727696
1.115                    6                        304.66713211382114       0.9168787090066567
1.115                    11                       304.66713211382114       0.9476639731918678
1.115                    15.999999999999998       304.66713211382114       0.9597300958488955
1.115                    21                       304.66713211382114       0.964769148273851
1.115                    25.999999999999996       304.66713211382114       0.9668162982615978
1.115                    30.999999999999996       304.66713211382114       0.9674787180121739
1.115                    36                       304.66713211382114       0.9674675863250422
1.115                    41                       304.66713211382114       0.9671227700403751
1.115                    45.99999999999999        304.66713211382114       0.9666159762854384
1.115                    50.99999999999999        304.66713211382114       0.9660373457708092
1.115                    56                       304.66713211382114       0.9654352862681383
1.116                    0.9999999999999999       304.66713211382114       0.7813312226057167
1.116                    6                        304.66713211382114       0.902559210474794
1.116                    11                       304.66713211382114       0.9422927448437417
1.116                    15.999999999999998       304.66713211382114       0.9574777913642273
1.116                    21                       304.66713211382114       0.9637829925767724
1.116                    25.999999999999996       304.66713211382114       0.9664016557289271
1.116                    30.999999999999996       304.66713211382114       0.9673407727036408
1.116                    36                       304.66713211382114       0.9674691886060217
1.116                    41                       304.66713211382114       0.9671956306049464
1.116                    45.99999999999999        304.66713211382114       0.966724357845707
1.116                    50.99999999999999        304.66713211382114       0.9661618838117458
1.116                    56                       304.66713211382114       0.9655652636678598
1.117                    0.9999999999999999       304.66713211382114       0.7206364104783123
1.117                    6                        304.66713211382114       0.8840724827389974
1.117                    11                       304.66713211382114       0.9355980603545272
1.117                    15.999999999999998       304.66713211382114       0.954721909945782
1.117                    21                       304.66713211382114       0.96257738300673
1.117                    25.999999999999996       304.66713211382114       0.9658814740650837
1.117                    30.999999999999996       304.66713211382114       0.9671482825700654
1.117                    36                       304.66713211382114       0.9674410723754236
1.117                    41                       304.66713211382114       0.9672516681803468
1.117                    45.99999999999999        304.66713211382114       0.9668229617795088
1.117                    50.99999999999999        304.66713211382114       0.9662806483718457
1.117                    56                       304.66713211382114       0.9656918138460149
1.118                    0.9999999999999999       304.66713211382114       0.6399978862879264
1.118                    6                        304.66713211382114       0.8600520093711941
1.118                    11                       304.66713211382114       0.9272232765834724
1.118                    15.999999999999998       304.66713211382114       0.9513503786771674
1.118                    21                       304.66713211382114       0.9611107279816214
1.118                    25.999999999999996       304.66713211382114       0.9652382013038938
1.118                    30.999999999999996       304.66713211382114       0.9668930758592775
1.118                    36                       304.66713211382114       0.967379133873091
1.118                    41                       304.66713211382114       0.9672886975545345
1.118                    45.99999999999999        304.66713211382114       0.9669105709997992
1.118                    50.99999999999999        304.66713211382114       0.9663929386671184
1.118                    56                       304.66713211382114       0.9658145242501595
1.119                    0.9999999999999999       304.66713211382114       0.5353412684439188
1.119                    6                        304.66713211382114       0.8286547129289823
1.119                    11                       304.66713211382114       0.9167002723714668
1.119                    15.999999999999998       304.66713211382114       0.9472221822137347
1.119                    21                       304.66713211382114       0.959332450343583
1.119                    25.999999999999996       304.66713211382114       0.9644510381249809
1.119                    30.999999999999996       304.66713211382114       0.9665656556612968
1.119                    36                       304.66713211382114       0.967278673077918
1.119                    41                       304.66713211382114       0.9673042427930353
1.119                    45.99999999999999        304.66713211382114       0.9669858167217232
1.119                    50.99999999999999        304.66713211382114       0.9664979699381854
1.119                    56                       304.66713211382114       0.9659329332980491
1.12                     0.9999999999999999       304.66713211382114       0.4062107287943472
1.12                     6                        304.66713211382114       0.7874327446602235
1.12                     11                       304.66713211382114       0.903410804211191
1.12                     15.999999999999998       304.66713211382114       0.942158753437103
1.12                     21                       304.66713211382114       0.9571807491148995
1.12                     25.999999999999996       304.66713211382114       0.963495252281865
1.12                     30.999999999999996       304.66713211382114       0.9661549589850038
1.12                     36                       304.66713211382114       0.9671342990606194
1.12                     41                       304.66713211382114       0.9672954965461416
1.12                     45.99999999999999        304.66713211382114       0.9670471596403484
1.12                     50.99999999999999        304.66713211382114       0.9665948642183987
1.12                     56                       304.66713211382114       0.9660465256388794
1.121                    0.9999999999999999       304.66713211382114       0.2614671663613489
1.121                    6                        304.66713211382114       0.7332516865160698
1.121                    11                       304.66713211382114       0.8865345606355504
1.121                    15.999999999999998       304.66713211382114       0.9359325040096297
1.121                    21                       304.66713211382114       0.9545797253859978
1.121                    25.999999999999996       304.66713211382114       0.9623413272937686
1.121                    30.999999999999996       304.66713211382114       0.9656480656521041
1.121                    36                       304.66713211382114       0.9669398180873567
1.121                    41                       304.66713211382114       0.9672592727603382
1.121                    45.99999999999999        304.66713211382114       0.967092868347288
1.121                    50.99999999999999        304.66713211382114       0.9666826398508821
1.121                    56                       304.66713211382114       0.9661547268060461
1.122                    0.9999999999999999       304.66713211382114       0.12468175763041273
1.122                    6                        304.66713211382114       0.6624082512674087
1.122                    11                       304.66713211382114       0.8649810246061388
1.122                    15.999999999999998       304.66713211382114       0.9282514930990423
1.122                    21                       304.66713211382114       0.9514356714477451
1.122                    25.999999999999996       304.66713211382114       0.9609539003175597
1.122                    30.999999999999996       304.66713211382114       0.9650298452428469
1.122                    36                       304.66713211382114       0.9666881009540448
1.122                    41                       304.66713211382114       0.9671919516133212
1.122                    45.99999999999999        304.66713211382114       0.9671209945497096
1.122                    50.99999999999999        304.66713211382114       0.9667601995791062
1.122                    56                       304.66713211382114       0.9662568971838352
1.123                    0.9999999999999999       304.66713211382114       0.02997894363829519
1.123                    6                        304.66713211382114       0.5712944573546038
1.123                    11                       304.66713211382114       0.837304578325866
1.123                    15.999999999999998       304.66713211382114       0.9187389097036527
1.123                    21                       304.66713211382114       0.9476322541849138
1.123                    25.999999999999996       304.66713211382114       0.959290430560734
1.123                    30.999999999999996       304.66713211382114       0.9642825272453165
1.123                    36                       304.66713211382114       0.9663709252263468
1.123                    41                       304.66713211382114       0.9670894152531262
1.123                    45.99999999999999        304.66713211382114       0.9671293445772197
1.123                    50.99999999999999        304.66713211382114       0.9668263170080967
1.123                    56                       304.66713211382114       0.966352325204007
1.124                    0.9999999999999999       304.66713211382114       0.00261258836719549
1.124                    6                        304.66713211382114       0.45822496781539157
1.124                    11                       304.66713211382114       0.8016101546624614
1.124                    15.999999999999998       304.66713211382114       0.9069056793383582
1.124                    21                       304.66713211382114       0.943024232483346
1.124                    25.999999999999996       304.66713211382114       0.9572995216503395
1.124                    30.999999999999996       304.66713211382114       0.9633851756023342
1.124                    36                       304.66713211382114       0.9659787870552748
1.124                    41                       304.66713211382114       0.9669469726286788
1.124                    45.99999999999999        304.66713211382114       0.9671154465659337
1.124                    50.99999999999999        304.66713211382114       0.9668796212003152
1.124                    56                       304.66713211382114       0.9664402196749239
1.125                    0.9999999999999999       304.66713211382114       0.040887967996246104
1.125                    6                        304.66713211382114       0.3270398363613548
1.125                    11                       304.66713211382114       0.7554776766478991
1.125                    15.999999999999998       304.66713211382114       0.8921141928303267
1.125                    21                       304.66713211382114       0.9374292274632537
1.125                    25.999999999999996       304.66713211382114       0.9549187975718413
1.125                    30.999999999999996       304.66713211382114       0.9623130437296786
1.125                    36                       304.66713211382114       0.9655006759669441
1.125                    41                       304.66713211382114       0.9667592713433101
1.125                    45.99999999999999        304.66713211382114       0.9670765125969752
1.125                    50.99999999999999        304.66713211382114       0.9669185791282849
1.125                    56                       304.66713211382114       0.966519701127323
1.1260000000000001       0.9999999999999999       304.66713211382114       0.12119024089068874
1.1260000000000001       6                        304.66713211382114       0.19171160667320336
1.1260000000000001       11                       304.66713211382114       0.6959821947851663
1.1260000000000001       15.999999999999998       304.66713211382114       0.8735311587731359
1.1260000000000001       21                       304.66713211382114       0.9306169074315548
1.1260000000000001       25.999999999999996       304.66713211382114       0.9520722001965971
1.1260000000000001       30.999999999999996       304.66713211382114       0.9610367794487815
1.1260000000000001       36                       304.66713211382114       0.9649238044327321
1.1260000000000001       41                       304.66713211382114       0.9665201940198893
1.1260000000000001       45.99999999999999        304.66713211382114       0.9670093949283711
1.1260000000000001       50.99999999999999        304.66713211382114       0.9669414756611275
1.1260000000000001       56                       304.66713211382114       0.9665897920455989
1.127                    0.9999999999999999       304.66713211382114       0.21706502143969694
1.127                    6                        304.66713211382114       0.07744447127521403
1.127                    11                       304.66713211382114       0.6199852039422485
1.127                    15.999999999999998       304.66713211382114       0.8500685606998447
1.127                    21                       304.66713211382114       0.9222947537128824
1.127                    25.999999999999996       304.66713211382114       0.9486665345251584
1.127                    30.999999999999996       304.66713211382114       0.9595214406511229
1.127                    36                       304.66713211382114       0.9642332820022405
1.127                    41                       304.66713211382114       0.9662227361266397
1.127                    45.99999999999999        304.66713211382114       0.9669105352960482
1.127                    50.99999999999999        304.66713211382114       0.9669463907041591
1.127                    56                       304.66713211382114       0.9666494058331031
1.1280000000000001       0.9999999999999999       304.66713211382114       0.3109047977931835
1.1280000000000001       6                        304.66713211382114       0.011672516381979558
1.1280000000000001       11                       304.66713211382114       0.5250312119859825
1.1280000000000001       15.999999999999998       304.66713211382114       0.8203151707264732
1.1280000000000001       21                       304.66713211382114       0.9120893475976094
1.1280000000000001       25.999999999999996       304.66713211382114       0.9445870324902454
1.1280000000000001       30.999999999999996       304.66713211382114       0.957725271267578
1.1280000000000001       36                       304.66713211382114       0.963411721217664
1.1280000000000001       41                       304.66713211382114       0.9658588615355461
1.1280000000000001       45.99999999999999        304.66713211382114       0.9667759060571803
1.1280000000000001       50.99999999999999        304.66713211382114       0.9669311730454586
1.1280000000000001       56                       304.66713211382114       0.9666973343317958
1.129                    0.9999999999999999       304.66713211382114       0.3945826738436068
1.129                    6                        304.66713211382114       0.007573005968293317
1.129                    11                       304.66713211382114       0.41131124877904685
1.129                    15.999999999999998       304.66713211382114       0.7824702920426939
1.129                    21                       304.66713211382114       0.8995219011415725
1.129                    25.999999999999996       304.66713211382114       0.939691633807028
1.129                    30.999999999999996       304.66713211382114       0.9555981724265297
1.129                    36                       304.66713211382114       0.9624387592533474
1.129                    41                       304.66713211382114       0.965419331255597
1.129                    45.99999999999999        304.66713211382114       0.9666009417099807
1.129                    50.99999999999999        304.66713211382114       0.9668934103858332
1.129                    56                       304.66713211382114       0.9667322336946712
1.1300000000000001       0.9999999999999999       304.66713211382114       0.46591604233109174
1.1300000000000001       6                        304.66713211382114       0.05633205460456806
1.1300000000000001       11                       304.66713211382114       0.284847209703145
1.1300000000000001       15.999999999999998       304.66713211382114       0.7343127993048887
1.1300000000000001       21                       304.66713211382114       0.8839766547517134
1.1300000000000001       25.999999999999996       304.66713211382114       0.9338035892067167
1.1300000000000001       30.999999999999996       304.66713211382114       0.9530797844767694
1.1300000000000001       36                       304.66713211382114       0.9612904750488628
1.1300000000000001       41                       304.66713211382114       0.9648934997372971
1.1300000000000001       45.99999999999999        304.66713211382114       0.9663804590251057
1.1300000000000001       50.99999999999999        304.66713211382114       0.9668303949302198
1.1300000000000001       56                       304.66713211382114       0.9667526083682308
1.131                    0.9999999999999999       304.66713211382114       0.525519162713073
1.131                    6                        304.66713211382114       0.13624671211657285
1.131                    11                       304.66713211382114       0.16051985556322534
1.131                    15.999999999999998       304.66713211382114       0.6732829768768461
1.131                    21                       304.66713211382114       0.8646610489236685
1.131                    25.999999999999996       304.66713211382114       0.926701874940911
1.131                    30.999999999999996       304.66713211382114       0.9500970704590235
1.131                    36                       304.66713211382114       0.9599386763376931
1.131                    41                       304.66713211382114       0.9642690718465785
1.131                    45.99999999999999        304.66713211382114       0.9661085636653912
1.131                    50.99999999999999        304.66713211382114       0.966739083811863
1.131                    56                       304.66713211382114       0.9667567929125599
1.1320000000000001       0.9999999999999999       304.66713211382114       0.5749924248622598
1.1320000000000001       6                        304.66713211382114       0.22653523728170655
1.1320000000000001       11                       304.66713211382114       0.06095366475383494
1.1320000000000001       15.999999999999998       304.66713211382114       0.5968343432381071
1.1320000000000001       21                       304.66713211382114       0.8405578465510702
1.1320000000000001       25.999999999999996       304.66713211382114       0.918108769391076
1.1320000000000001       30.999999999999996       304.66713211382114       0.9465612589199142
1.1320000000000001       36                       304.66713211382114       0.9583500240850972
1.1320000000000001       41                       304.66713211382114       0.9635318119727354
1.1320000000000001       45.99999999999999        304.66713211382114       0.9657785407282953
1.1320000000000001       50.99999999999999        304.66713211382114       0.9666160534796372
1.1320000000000001       56                       304.66713211382114       0.9667429313311503
1.133                    0.9999999999999999       304.66713211382114       0.6160838039256924
1.133                    6                        304.66713211382114       0.3139119033523696
1.133                    11                       304.66713211382114       0.007656850604483951
1.133                    15.999999999999998       304.66713211382114       0.5033194976419813
1.133                    21                       304.66713211382114       0.8103729101377452
1.133                    25.999999999999996       304.66713211382114       0.9076737961709291
1.133                    30.999999999999996       304.66713211382114       0.942363961634451
1.133                    36                       304.66713211382114       0.9564849529753273
1.133                    41                       304.66713211382114       0.9626651946817871
1.133                    45.99999999999999        304.66713211382114       0.9653827261008144
1.133                    50.99999999999999        304.66713211382114       0.9664574470199526
1.133                    56                       304.66713211382114       0.9667089535342059
1.1340000000000001       0.9999999999999999       304.66713211382114       0.650367174254771
1.1340000000000001       6                        304.66713211382114       0.3921959454739477
1.1340000000000001       11                       304.66713211382114       0.008896274584804579
1.1340000000000001       15.999999999999998       304.66713211382114       0.3937091041286828
1.1340000000000001       21                       304.66713211382114       0.7724906626336888
1.1340000000000001       25.999999999999996       304.66713211382114       0.8949531225049465
1.1340000000000001       30.999999999999996       304.66713211382114       0.9373722276631922
1.1340000000000001       36                       304.66713211382114       0.9542963351440403
1.1340000000000001       41                       304.66713211382114       0.9616499837353091
1.1340000000000001       45.99999999999999        304.66713211382114       0.9649123548493284
1.1340000000000001       50.99999999999999        304.66713211382114       0.9662589131870561
1.1340000000000001       56                       304.66713211382114       0.9666525484962087
1.135                    0.9999999999999999       304.66713211382114       0.6791552326150113
1.135                    6                        304.66713211382114       0.45965105725072425
1.135                    11                       304.66713211382114       0.05583867771920128
1.135                    15.999999999999998       304.66713211382114       0.2740939347012297
1.135                    21                       304.66713211382114       0.7249669816885737
1.135                    25.999999999999996       304.66713211382114       0.8793835136568936
1.135                    30.999999999999996       304.66713211382114       0.9314222272196838
1.135                    36                       304.66713211382114       0.9517278196027917
1.135                    41                       304.66713211382114       0.960463723015432
1.135                    45.99999999999999        304.66713211382114       0.9643573820386931
1.135                    50.99999999999999        304.66713211382114       0.9660155356790414
1.135                    56                       304.66713211382114       0.9665711335835043
1.1360000000000001       0.9999999999999999       304.66713211382114       0.7035059070172979
1.1360000000000001       6                        304.66713211382114       0.5167178833378001
1.1360000000000001       11                       304.66713211382114       0.13026346748479545
1.1360000000000001       15.999999999999998       304.66713211382114       0.15772975664852468
1.1360000000000001       21                       304.66713211382114       0.6656233442453624
1.1360000000000001       25.999999999999996       304.66713211382114       0.8602502997557315
1.1360000000000001       30.999999999999996       304.66713211382114       0.924311176609359
1.1360000000000001       36                       304.66713211382114       0.9487117608155404
1.1360000000000001       41                       304.66713211382114       0.9590801187399229
1.1360000000000001       45.99999999999999        304.66713211382114       0.9637062703495507
1.1360000000000001       50.99999999999999        304.66713211382114       0.9657217509070982
1.1360000000000001       56                       304.66713211382114       0.9664618194478676
1.137                    0.9999999999999999       304.66713211382114       0.7242592317589062
1.137                    6                        304.66713211382114       0.5646687667628228
1.137                    11                       304.66713211382114       0.21476659207239823
1.137                    15.999999999999998       304.66713211382114       0.0637333487198595
1.137                    21                       304.66713211382114       0.5923624433884553
1.137                    25.999999999999996       304.66713211382114       0.8366499655902874
1.137                    30.999999999999996       304.66713211382114       0.9157870221626981
1.137                    36                       304.66713211382114       0.9451666255516004
1.137                    41                       304.66713211382114       0.9574682870642613
1.137                    45.99999999999999        304.66713211382114       0.9629457375883848
1.137                    50.99999999999999        304.66713211382114       0.9653712521592388
1.137                    56                       304.66713211382114       0.9663213697663953
1.1380000000000001       0.9999999999999999       304.66713211382114       0.7420790313734404
1.1380000000000001       6                        304.66713211382114       0.6049476829050355
1.1380000000000001       11                       304.66713211382114       0.29773868306985213
1.1380000000000001       15.999999999999998       304.66713211382114       0.010203707338701648
1.1380000000000001       21                       304.66713211382114       0.5038935346513965
1.1380000000000001       25.999999999999996       304.66713211382114       0.8074508371635696
1.1380000000000001       30.999999999999996       304.66713211382114       0.9055353088743444
1.1380000000000001       36                       304.66713211382114       0.9409937361812274
1.1380000000000001       41                       304.66713211382114       0.9555918344454544
1.1380000000000001       45.99999999999999        304.66713211382114       0.9620604555977409
1.1380000000000001       50.99999999999999        304.66713211382114       0.964956877628751
1.1380000000000001       56                       304.66713211382114       0.9661461549800956
1.139                    0.9999999999999999       304.66713211382114       0.7574902505404457
1.139                    6                        304.66713211382114       0.638894306003553
1.139                    11                       304.66713211382114       0.3733181949857341
1.139                    15.999999999999998       304.66713211382114       0.005046067505565888
1.139                    21                       304.66713211382114       0.40106436930774453
1.139                    25.999999999999996       304.66713211382114       0.7712616242508671
1.139                    30.999999999999996       304.66713211382114       0.8931625997782662
1.139                    36                       304.66713211382114       0.9360731697188052
1.139                    41                       304.66713211382114       0.9534077295790269
1.139                    45.99999999999999        304.66713211382114       0.9610326900854048
1.139                    50.99999999999999        304.66713211382114       0.9644704792604516
1.139                    56                       304.66713211382114       0.9659320990308915
1.1400000000000001       0.9999999999999999       304.66713211382114       0.7709095804889359
1.1400000000000001       6                        304.66713211382114       0.6676545687509147
1.1400000000000001       11                       304.66713211382114       0.4394812605207267
1.1400000000000001       15.999999999999998       304.66713211382114       0.04242702611751235
1.1400000000000001       21                       304.66713211382114       0.2887486377368589
1.1400000000000001       25.999999999999996       304.66713211382114       0.7264302208438258
1.1400000000000001       30.999999999999996       304.66713211382114       0.8781758560932263
1.1400000000000001       36                       304.66713211382114       0.9302585841988841
1.1400000000000001       41                       304.66713211382114       0.9508649148261189
1.1400000000000001       45.99999999999999        304.66713211382114       0.9598418684110677
1.1400000000000001       50.99999999999999        304.66713211382114       0.9639027687232791
1.1400000000000001       56                       304.66713211382114       0.965674617906006
1.141                    0.9999999999999999       304.66713211382114       0.7826696027604748
1.141                    6                        304.66713211382114       0.6921722169113708
1.141                    11                       304.66713211382114       0.49624827467958543
1.141                    15.999999999999998       304.66713211382114       0.10780310527746222
1.141                    21                       304.66713211382114       0.17746380439422796
1.141                    25.999999999999996       304.66713211382114       0.6711183387275355
1.141                    30.999999999999996       304.66713211382114       0.8599574857970301
1.141                    36                       304.66713211382114       0.9233706875650107
1.141                    41                       304.66713211382114       0.9479025912210475
1.141                    45.99999999999999        304.66713211382114       0.9584640592423384
1.141                    50.99999999999999        304.66713211382114       0.9632431360383376
1.141                    56                       304.66713211382114       0.9653685485795659
1.1420000000000001       0.9999999999999999       304.66713211382114       0.7930374692065286
1.1420000000000001       6                        304.66713211382114       0.7132107612498734
1.1420000000000001       11                       304.66713211382114       0.544528608399537
1.1420000000000001       15.999999999999998       304.66713211382114       0.18586404037377782
1.1420000000000001       21                       304.66713211382114       0.08279599111094818
1.1420000000000001       25.999999999999996       304.66713211382114       0.6035345433532358
1.1420000000000001       30.999999999999996       304.66713211382114       0.8377366201655241
1.1420000000000001       36                       304.66713211382114       0.9151890021045777
1.1420000000000001       41                       304.66713211382114       0.9444480936749283
1.1420000000000001       45.99999999999999        304.66713211382114       0.9568713440759284
1.1420000000000001       50.99999999999999        304.66713211382114       0.9624794354167135
1.1420000000000001       56                       304.66713211382114       0.9650080666663045
1.143                    0.9999999999999999       304.66713211382114       0.8022292414484323
1.143                    6                        304.66713211382114       0.731383418999565
1.143                    11                       304.66713211382114       0.5855029371658679
1.143                    15.999999999999998       304.66713211382114       0.26533416443387986
1.143                    21                       304.66713211382114       0.020857665282335458
1.143                    25.999999999999996       304.66713211382114       0.522452638780708
1.143                    30.999999999999996       304.66713211382114       0.8105591596628733
1.143                    36                       304.66713211382114       0.9054415185041201
1.143                    41                       304.66713211382114       0.940414251095394
1.143                    45.99999999999999        304.66713211382114       0.9550310556830556
1.143                    50.99999999999999        304.66713211382114       0.9615977316710782
1.143                    56                       304.66713211382114       0.9645865907746162
1.1440000000000001       0.9999999999999999       304.66713211382114       0.8104208784700483
1.1440000000000001       6                        304.66713211382114       0.7471820155536646
1.1440000000000001       11                       304.66713211382114       0.6203357441692435
1.1440000000000001       15.999999999999998       304.66713211382114       0.3397676246568776
1.1440000000000001       21                       304.66713211382114       0.0012143548807897735
1.1440000000000001       25.999999999999996       304.66713211382114       0.42815469776714443
1.1440000000000001       30.999999999999996       304.66713211382114       0.7772632850160953
1.1440000000000001       36                       304.66713211382114       0.8937917992186278
1.1440000000000001       41                       304.66713211382114       0.9356960990718529
1.1440000000000001       45.99999999999999        304.66713211382114       0.9529048523301552
1.1440000000000001       50.99999999999999        304.66713211382114       0.9605819990818727
1.1440000000000001       56                       304.66713211382114       0.9640966711517902
1.145                    0.9999999999999999       304.66713211382114       0.817756670313056
1.145                    6                        304.66713211382114       0.7610018102373524
1.145                    11                       304.66713211382114       0.6500624286317568
1.145                    15.999999999999998       304.66713211382114       0.4063573152862898
1.145                    21                       304.66713211382114       0.022518940129320722
1.145                    25.999999999999996       304.66713211382114       0.32380980166645873
1.145                    30.999999999999996       304.66713211382114       0.7364751894706236
1.145                    36                       304.66713211382114       0.8798231267986766
1.145                    41                       304.66713211382114       0.930166780049318
1.145                    45.99999999999999        304.66713211382114       0.9504475888233378
1.145                    50.99999999999999        304.66713211382114       0.9594137627648095
1.145                    56                       304.66713211382114       0.9635298597289922
1.1460000000000001       0.9999999999999999       304.66713211382114       0.8243557362136844
1.1460000000000001       6                        304.66713211382114       0.773161726827877
1.1460000000000001       11                       304.66713211382114       0.6755598592242336
1.1460000000000001       15.999999999999998       304.66713211382114       0.4644677006861132
1.1460000000000001       21                       304.66713211382114       0.0744816464003239
1.1460000000000001       25.999999999999996       304.66713211382114       0.21686430852964542
1.1460000000000001       30.999999999999996       304.66713211382114       0.686654199957241
1.1460000000000001       36                       304.66713211382114       0.8630194915939035
1.1460000000000001       41                       304.66713211382114       0.9236724277947739
1.1460000000000001       45.99999999999999        304.66713211382114       0.947605935637581
1.1460000000000001       50.99999999999999        304.66713211382114       0.9580716703057593
1.1460000000000001       56                       304.66713211382114       0.9628765580810211
1.147                    0.9999999999999999       304.66713211382114       0.8303170567603813
1.147                    6                        304.66713211382114       0.7839204170542943
1.147                    11                       304.66713211382114       0.6975528591853777
1.147                    15.999999999999998       304.66713211382114       0.5145512009220065
1.147                    21                       304.66713211382114       0.14377123282935997
1.147                    25.999999999999996       304.66713211382114       0.11929040129616339
1.147                    30.999999999999996       304.66713211382114       0.6262393902059872
1.147                    36                       304.66713211382114       0.8427437535142475
1.147                    41                       304.66713211382114       0.9160257914853542
1.147                    45.99999999999999        304.66713211382114       0.9443166851842952
1.147                    50.99999999999999        304.66713211382114       0.9565309785930675
1.147                    56                       304.66713211382114       0.9621258391033264
1.1480000000000001       0.9999999999999999       304.66713211382114       0.8357233933278844
1.1480000000000001       6                        304.66713211382114       0.7934888559966924
1.1480000000000001       11                       304.66713211382114       0.7166336612864213
1.1480000000000001       15.999999999999998       304.66713211382114       0.5575014092357496
1.1480000000000001       21                       304.66713211382114       0.21898005169462104
1.1480000000000001       25.999999999999996       304.66713211382114       0.045232080852100655
1.1480000000000001       30.999999999999996       304.66713211382114       0.5539790656839533
1.1480000000000001       36                       304.66713211382114       0.8182145257738626
1.1480000000000001       41                       304.66713211382114       0.9069983155468413
1.1480000000000001       45.99999999999999        304.66713211382114       0.9405046691530025
1.1480000000000001       50.99999999999999        304.66713211382114       0.9547629372464663
1.1480000000000001       56                       304.66713211382114       0.9612652373208754
1.149                    0.9999999999999999       304.66713211382114       0.8406443596372529
1.149                    6                        304.66713211382114       0.8020401672075607
1.149                    11                       304.66713211382114       0.7332839886667902
1.149                    15.999999999999998       304.66713211382114       0.5943155267022076
1.149                    21                       304.66713211382114       0.2925389895704291
1.149                    25.999999999999996       304.66713211382114       0.006004875923619911
1.149                    30.999999999999996       304.66713211382114       0.4695426767666714
1.149                    36                       304.66713211382114       0.7884858004421039
1.149                    41                       304.66713211382114       0.8963103673216937
1.149                    45.99999999999999        304.66713211382114       0.9360801923935503
1.149                    50.99999999999999        304.66713211382114       0.952734045646198
1.149                    56                       304.66713211382114       0.9602805016674655
1.1500000000000001       0.9999999999999999       304.66713211382114       0.8451388440703081
1.1500000000000001       6                        304.66713211382114       0.8097172805574043
1.1500000000000001       11                       304.66713211382114       0.7478955443055753
1.1500000000000001       15.999999999999998       304.66713211382114       0.6259386172756984
1.1500000000000001       21                       304.66713211382114       0.36040516212078344
1.1500000000000001       25.999999999999996       304.66713211382114       0.005261544702752138
1.1500000000000001       30.999999999999996       304.66713211382114       0.37446977352026306
1.1500000000000001       36                       304.66713211382114       0.7524380292343098
1.1500000000000001       41                       304.66713211382114       0.8836193222984668
1.1500000000000001       45.99999999999999        304.66713211382114       0.9309358667018995
1.1500000000000001       50.99999999999999        304.66713211382114       0.9504051551054451
1.1500000000000001       56                       304.66713211382114       0.9591553032439005
1.151                    0.9999999999999999       304.66713211382114       0.8492569320749315
1.151                    6                        304.66713211382114       0.8166389117192371
1.151                    11                       304.66713211382114       0.7607875232065686
1.151                    15.999999999999998       304.66713211382114       0.6532039260516922
1.151                    21                       304.66713211382114       0.420970410603877
1.151                    25.999999999999996       304.66713211382114       0.03799550537030878
1.151                    30.999999999999996       304.66713211382114       0.2733068601404926
1.151                    36                       304.66713211382114       0.708797681715526
1.151                    41                       304.66713211382114       0.8685053280029729
1.151                    45.99999999999999        304.66713211382114       0.9249427022910045
1.151                    50.99999999999999        304.66713211382114       0.9477303809464869
1.151                    56                       304.66713211382114       0.9578708889312353
1.1520000000000001       0.9999999999999999       304.66713211382114       0.8530414413853848
1.1520000000000001       6                        304.66713211382114       0.8229042472225531
1.1520000000000001       11                       304.66713211382114       0.7722209896441652
1.1520000000000001       15.999999999999998       304.66713211382114       0.6768198264958689
1.1520000000000001       21                       304.66713211382114       0.4740354402407467
1.1520000000000001       25.999999999999996       304.66713211382114       0.093857780344962
1.1520000000000001       30.999999999999996       304.66713211382114       0.17435515238485327
1.1520000000000001       36                       304.66713211382114       0.6562157142093461
1.1520000000000001       41                       304.66713211382114       0.8504548704345621
1.1520000000000001       45.99999999999999        304.66713211382114       0.9179452868582417
1.1520000000000001       50.99999999999999        304.66713211382114       0.9446557808869036
1.1520000000000001       56                       304.66713211382114       0.9564056697227766
1.153                    0.9999999999999999       304.66713211382114       0.8565291555512233
1.153                    6                        304.66713211382114       0.8285966316006098
1.153                    11                       304.66713211382114       0.7824104374569608
1.153                    15.999999999999998       304.66713211382114       0.697377242729588
1.153                    21                       304.66713211382114       0.5200997854533573
1.153                    25.999999999999996       304.66713211382114       0.161768140961267
1.153                    30.999999999999996       304.66713211382114       0.08901482247977054
1.153                    36                       304.66713211382114       0.5934539112620978
1.153                    41                       304.66713211382114       0.8288429382496084
1.153                    45.99999999999999        304.66713211382114       0.909755855149031
1.153                    50.99999999999999        304.66713211382114       0.9411177458680023
1.153                    56                       304.66713211382114       0.9547347301604231
1.1540000000000001       0.9999999999999999       304.66713211382114       0.8597518209657076
1.1540000000000001       6                        304.66713211382114       0.8337864838029999
1.1540000000000001       11                       304.66713211382114       0.7915329883442461
1.1540000000000001       15.999999999999998       304.66713211382114       0.7153645442448483
1.1540000000000001       21                       304.66713211382114       0.5599421153558685
1.1540000000000001       25.999999999999996       304.66713211382114       0.23293662697736658
1.1540000000000001       30.999999999999996       304.66713211382114       0.02897581204845451
1.1540000000000001       36                       304.66713211382114       0.5197457899483184
1.1540000000000001       41                       304.66713211382114       0.8029159277382056
1.1540000000000001       45.99999999999999        304.66713211382114       0.9001470328172055
1.1540000000000001       50.99999999999999        304.66713211382114       0.9370410370607193
1.1540000000000001       56                       304.66713211382114       0.9528292421992872
1.155                    0.9999999999999999       304.66713211382114       0.8627369573817596
1.155                    6                        304.66713211382114       0.8385336163544216
1.155                    11                       304.66713211382114       0.7997356777846377
1.155                    15.999999999999998       304.66713211382114       0.7311838471450188
1.155                    21                       304.66713211382114       0.5943983097225349
1.155                    25.999999999999996       304.66713211382114       0.30170715919959984
1.155                    30.999999999999996       304.66713211382114       0.0020495299039748442
1.155                    36                       304.66713211382114       0.4353947035026048
1.155                    41                       304.66713211382114       0.7717799620996617
1.155                    45.99999999999999        304.66713211382114       0.8888430413926841
1.155                    50.99999999999999        304.66713211382114       0.9323363879834121
1.155                    56                       304.66713211382114       0.9506557630731562
1.1560000000000001       0.9999999999999999       304.66713211382114       0.8655085204687237
1.1560000000000001       6                        304.66713211382114       0.8428890897528315
1.1560000000000001       11                       304.66713211382114       0.8071412210428892
1.1560000000000001       15.999999999999998       304.66713211382114       0.7451661469380341
1.1560000000000001       21                       304.66713211382114       0.6242565721479999
1.1560000000000001       25.999999999999996       304.66713211382114       0.36508826101716707
1.1560000000000001       30.999999999999996       304.66713211382114       0.0091736029515578
1.1560000000000001       36                       304.66713211382114       0.34259935522756046
1.1560000000000001       41                       304.66713211382114       0.7344037691218462
1.1560000000000001       45.99999999999999        304.66713211382114       0.8755092034516433
1.1560000000000001       50.99999999999999        304.66713211382114       0.9268975735934012
1.1560000000000001       56                       304.66713211382114       0.9481753921001986
1.157                    0.9999999999999999       304.66713211382114       0.8680874463157358
1.157                    6                        304.66713211382114       0.8468967034810124
1.157                    11                       304.66713211382114       0.8138525826337561
1.157                    15.999999999999998       304.66713211382114       0.7575843898700302
1.157                    21                       304.66713211382114       0.6502159399793886
1.157                    25.999999999999996       304.66713211382114       0.4219008518924791
1.157                    30.999999999999996       304.66713211382114       0.04469962204701611
1.157                    36                       304.66713211382114       0.24629441950397668
1.157                    41                       304.66713211382114       0.6896526125731245
1.157                    45.99999999999999        304.66713211382114       0.8597397386257244
1.157                    50.99999999999999        304.66713211382114       0.9205978294103185
1.157                    56                       304.66713211382114       0.9453427557275765
1.1580000000000001       0.9999999999999999       304.66713211382114       0.8704921012171333
1.1580000000000001       6                        304.66713211382114       0.8505942014466165
1.1580000000000001       11                       304.66713211382114       0.8199566077711736
1.1580000000000001       15.999999999999998       304.66713211382114       0.7686643556203983
1.1580000000000001       21                       304.66713211382114       0.6728766748127808
1.1580000000000001       25.999999999999996       304.66713211382114       0.47202696838455643
1.1580000000000001       30.999999999999996       304.66713211382114       0.09944055951809543
1.1580000000000001       36                       304.66713211382114       0.15446797986855568
1.1580000000000001       41                       304.66713211382114       0.6363806390904536
1.1580000000000001       45.99999999999999        304.66713211382114       0.8410441809240545
1.1580000000000001       50.99999999999999        304.66713211382114       0.9132854847935985
1.1580000000000001       56                       304.66713211382114       0.9421047832327991
1.159                    0.9999999999999999       304.66713211382114       0.872738655048167
1.159                    6                        304.66713211382114       0.8540142518260835
1.159                    11                       304.66713211382114       0.8255269191409657
1.159                    15.999999999999998       304.66713211382114       0.7785935401434991
1.159                    21                       304.66713211382114       0.6927453104793662
1.159                    25.999999999999996       304.66713211382114       0.515889991859555
1.159                    30.999999999999996       304.66713211382114       0.16411694229377516
1.159                    36                       304.66713211382114       0.07721321814880742
1.159                    41                       304.66713211382114       0.5736221522831928
1.159                    45.99999999999999        304.66713211382114       0.8188334291088032
1.159                    50.99999999999999        304.66713211382114       0.9047786590493199
1.159                    56                       304.66713211382114       0.938399227235701
1.1600000000000001       0.9999999999999999       304.66713211382114       0.8748413926775728
1.1600000000000001       6                        304.66713211382114       0.8571852477413796
1.1600000000000001       11                       304.66713211382114       0.8306262375736825
1.1600000000000001       15.999999999999998       304.66713211382114       0.787528330462664
1.1600000000000001       21                       304.66713211382114       0.7102454446675462
1.1600000000000001       25.999999999999996       304.66713211382114       0.5541403630148911
1.1600000000000001       30.999999999999996       304.66713211382114       0.23144490902361012
1.1600000000000001       36                       304.66713211382114       0.024191200152040248
1.1600000000000001       41                       304.66713211382114       0.5009310086212356
1.1600000000000001       45.99999999999999        304.66713211382114       0.7924077167049793
1.1600000000000001       50.99999999999999        304.66713211382114       0.8948588640999718
1.1600000000000001       56                       304.66713211382114       0.9341528733623217
1.161                    0.9999999999999999       304.66713211382114       0.8768129748784528
1.161                    6                        304.66713211382114       0.8601319648931227
1.161                    11                       304.66713211382114       0.8353082498131399
1.161                    15.999999999999998       304.66713211382114       0.7955997710119332
1.161                    21                       304.66713211382114       0.7257299098526234
1.161                    25.999999999999996       304.66713211382114       0.5874833308187032
1.161                    30.999999999999996       304.66713211382114       0.29666872289473584
1.161                    36                       304.66713211382114       0.0013907644013748356
1.161                    41                       304.66713211382114       0.41890317504578384
1.161                    45.99999999999999        304.66713211382114       0.7609510453448036
1.161                    50.99999999999999        304.66713211382114       0.883263376455428
1.161                    56                       304.66713211382114       0.9292793720478368
1.1620000000000001       0.9999999999999999       304.66713211382114       0.8786646578776661
1.1620000000000001       6                        304.66713211382114       0.8628761043890621
1.1620000000000001       11                       304.66713211382114       0.8396191190077225
1.1620000000000001       15.999999999999998       304.66713211382114       0.8029181907415773
1.1620000000000001       21                       304.66713211382114       0.7394923483495316
1.1620000000000001       25.999999999999996       304.66713211382114       0.6165934006977491
1.1620000000000001       30.999999999999996       304.66713211382114       0.35718235525084496
1.1620000000000001       36                       304.66713211382114       0.009083301367612748
1.1620000000000001       41                       304.66713211382114       0.3298463794820323
1.1620000000000001       45.99999999999999        304.66713211382114       0.7235403989264928
1.1620000000000001       50.99999999999999        304.66713211382114       0.8696763083625473
1.1620000000000001       56                       304.66713211382114       0.9236766127939737
1.163                    0.9999999999999999       304.66713211382114       0.8804064788712712
1.163                    6                        304.66713211382114       0.8654367429631752
1.163                    11                       304.66713211382114       0.8435987122344166
1.163                    15.999999999999998       304.66713211382114       0.809576918352632
1.163                    21                       304.66713211382114       0.751777424339307
1.163                    25.999999999999996       304.66713211382114       0.642077650243594
1.163                    30.999999999999996       304.66713211382114       0.41187779987221235
1.163                    36                       304.66713211382114       0.04228078554716488
1.163                    41                       304.66713211382114       0.2383980075334169
1.163                    45.99999999999999        304.66713211382114       0.6791839145570552
1.163                    50.99999999999999        304.66713211382114       0.8537184658653625
1.163                    56                       304.66713211382114       0.9172235479615114
1.1640000000000001       0.9999999999999999       304.66713211382114       0.8820474134074028
1.1640000000000001       6                        304.66713211382114       0.8678307081130852
1.1640000000000001       11                       304.66713211382114       0.8472816029311031
1.1640000000000001       15.999999999999998       304.66713211382114       0.8156552714513765
1.1640000000000001       21                       304.66713211382114       0.7627894888359738
1.1640000000000001       25.999999999999996       304.66713211382114       0.6644648328568331
1.1640000000000001       30.999999999999996       304.66713211382114       0.4605586157756675
1.1640000000000001       36                       304.66713211382114       0.09315117529685395
1.1640000000000001       41                       304.66713211382114       0.1516662257967986
1.1640000000000001       45.99999999999999        304.66713211382114       0.626910277189932
1.1640000000000001       50.99999999999999        304.66713211382114       0.8349364026968568
1.1640000000000001       56                       304.66713211382114       0.9097763610703591
1.165                    0.9999999999999999       304.66713211382114       0.883595509416418
1.165                    6                        304.66713211382114       0.8700728920706909
1.165                    11                       304.66713211382114       0.8506978934621852
1.165                    15.999999999999998       304.66713211382114       0.8212209686634573
1.165                    21                       304.66713211382114       0.7726997748906973
1.165                    25.999999999999996       304.66713211382114       0.6842071113310428
1.165                    30.999999999999996       304.66713211382114       0.5035196412883847
1.165                    36                       304.66713211382114       0.1536971614272208
1.165                    41                       304.66713211382114       0.07837045817657179
1.165                    45.99999999999999        304.66713211382114       0.5659404356448592
1.165                    50.99999999999999        304.66713211382114       0.8127916831257828
1.165                    56                       304.66713211382114       0.9011638669210102
1.1660000000000001       0.9999999999999999       304.66713211382114       0.8850580017711449
1.1660000000000001       6                        304.66713211382114       0.8721765157066989
1.1660000000000001       11                       304.66713211382114       0.8538738932855595
1.1660000000000001       15.999999999999998       304.66713211382114       0.8263320830534282
1.1660000000000001       21                       304.66713211382114       0.7816523008775748
1.1660000000000001       25.999999999999996       304.66713211382114       0.7016872829109608
1.1660000000000001       30.999999999999996       304.66713211382114       0.5412817704356667
1.1660000000000001       36                       304.66713211382114       0.2174501444672581
1.1660000000000001       41                       304.66713211382114       0.026806762184329286
1.1660000000000001       45.99999999999999        304.66713211382114       0.49597665314274586
1.1660000000000001       50.99999999999999        304.66713211382114       0.7866524423771984
1.1660000000000001       56                       304.66713211382114       0.89118203394381
1.167                    0.9999999999999999       304.66713211382114       0.8864414105536552
1.167                    6                        304.66713211382114       0.8741533512683912
1.167                    11                       304.66713211382114       0.8568326806537796
1.167                    15.999999999999998       304.66713211382114       0.8310386303197383
1.167                    21                       304.66713211382114       0.7897686832337745
1.167                    25.999999999999996       304.66713211382114       0.7172278018660064
1.167                    30.999999999999996       304.66713211382114       0.5744390843935947
1.167                    36                       304.66713211382114       0.27999308910981596
1.167                    41                       304.66713211382114       0.0023141114265797856
1.167                    45.99999999999999        304.66713211382114       0.41762942555380017
1.167                    50.99999999999999        304.66713211382114       0.7557911558945687
1.167                    56                       304.66713211382114       0.879587544229141
1.1680000000000001       0.9999999999999999       304.66713211382114       0.8877516256292627
1.1680000000000001       6                        304.66713211382114       0.8760139111170931
1.1680000000000001       11                       304.66713211382114       0.8595945699409225
1.1680000000000001       15.999999999999998       304.66713211382114       0.8353838654328597
1.1680000000000001       21                       304.66713211382114       0.7971520492806823
1.1680000000000001       25.999999999999996       304.66713211382114       0.7310998001141281
1.1680000000000001       30.999999999999996       304.66713211382114       0.6035778888225629
1.1680000000000001       36                       304.66713211382114       0.3387417609677851
1.1680000000000001       41                       304.66713211382114       0.005601521449047013
1.1680000000000001       45.99999999999999        304.66713211382114       0.33294724138962933
1.1680000000000001       50.99999999999999        304.66713211382114       0.7193954528413065
1.1680000000000001       56                       304.66713211382114       0.8660903732682121
1.169                    0.9999999999999999       304.66713211382114       0.8889939796750832
1.169                    6                        304.66713211382114       0.8777676082657936
1.169                    11                       304.66713211382114       0.8621775021455856
1.169                    15.999999999999998       304.66713211382114       0.8394053457746318
1.169                    21                       304.66713211382114       0.8038902169799368
1.169                    25.999999999999996       304.66713211382114       0.7435313142586248
1.169                    30.999999999999996       304.66713211382114       0.6292383336643732
1.169                    36                       304.66713211382114       0.3924562156119039
1.169                    41                       304.66713211382114       0.03292231889940275
1.169                    45.99999999999999        304.66713211382114       0.24589730347114086
1.169                    50.99999999999999        304.66713211382114       0.6766031666710375
1.169                    56                       304.66713211382114       0.8503455126158821
1.17                     0.9999999999999999       304.66713211382114       0.890173311434843
1.17                     6                        304.66713211382114       0.8794228934307817
1.17                     11                       304.66713211382114       0.8645973725751895
1.17                     15.999999999999998       304.66713211382114       0.8431358065984333
1.17                     21                       304.66713211382114       0.8100582817708202
1.17                     25.999999999999996       304.66713211382114       0.7547144442332376
1.17                     30.999999999999996       304.66713211382114       0.6518997775078091
1.17                     36                       304.66713211382114       0.44076222044906344
1.17                     41                       304.66713211382114       0.07782386697344092
1.17                     45.99999999999999        304.66713211382114       0.1624896986777379
1.17                     50.99999999999999        304.66713211382114       0.6265785796887879
1.17                     56                       304.66713211382114       0.8319442290188203
1.171                    0.9999999999999999       304.66713211382114       0.8912940206740969
1.171                    6                        304.66713211382114       0.8809873724450776
1.171                    11                       304.66713211382114       0.866868306937258
1.171                    15.999999999999998       304.66713211382114       0.8466038850460177
1.171                    21                       304.66713211382114       0.8157207254954245
1.171                    25.999999999999996       304.66713211382114       0.7648114204316041
1.171                    30.999999999999996       304.66713211382114       0.6719786104311248
1.171                    36                       304.66713211382114       0.4837857563186087
1.171                    41                       304.66713211382114       0.13329942964229935
1.171                    45.99999999999999        304.66713211382114       0.09016638914100136
1.171                    50.99999999999999        304.66713211382114       0.5686527860948768
1.171                    56                       304.66713211382114       0.8104057398032347
1.1720000000000002       0.9999999999999999       304.66713211382114       0.8923601160627144
1.1720000000000002       6                        304.66713211382114       0.8824679071897163
1.1720000000000002       11                       304.66713211382114       0.8690028948756064
1.1720000000000002       15.999999999999998       304.66713211382114       0.8498347214687364
1.1720000000000002       21                       304.66713211382114       0.8209331405213349
1.1720000000000002       25.999999999999996       304.66713211382114       0.7739596681182678
1.1720000000000002       30.999999999999996       304.66713211382114       0.6898320922390724
1.1720000000000002       36                       304.66713211382114       0.5219085237733803
1.1720000000000002       41                       304.66713211382114       0.19333051178632618
1.1720000000000002       45.99999999999999        304.66713211382114       0.03629461886524455
1.1720000000000002       50.99999999999999        304.66713211382114       0.5025533138254971
1.1720000000000002       56                       304.66713211382114       0.7851710184017903
1.173                    0.9999999999999999       304.66713211382114       0.893375257011304
1.173                    6                        304.66713211382114       0.8838707026377846
1.173                    11                       304.66713211382114       0.8710123882595574
1.173                    15.999999999999998       304.66713211382114       0.8528504609360829
1.173                    21                       304.66713211382114       0.8257436438543811
1.173                    25.999999999999996       304.66713211382114       0.7822759983909371
1.173                    30.999999999999996       304.66713211382114       0.7057646767320599
1.173                    36                       304.66713211382114       0.555618338871411
1.173                    41                       304.66713211382114       0.2535279605359424
1.173                    45.99999999999999        304.66713211382114       0.006170036557108295
1.173                    50.99999999999999        304.66713211382114       0.428737756697542
1.173                    56                       304.66713211382114       0.7556018118969068
1.174                    0.9999999999999999       304.66713211382114       0.8943427903229215
1.174                    6                        304.66713211382114       0.8852013821595832
1.174                    11                       304.66713211382114       0.872906870162923
1.174                    15.999999999999998       304.66713211382114       0.8556706732076704
1.174                    21                       304.66713211382114       0.8301940410938271
1.174                    25.999999999999996       304.66713211382114       0.7898600605532247
1.174                    30.999999999999996       304.66713211382114       0.7200349752426773
1.174                    36                       304.66713211382114       0.585424194998053
1.174                    41                       304.66713211382114       0.3111066298446667
1.174                    45.99999999999999        304.66713211382114       0.0014709485180349512
1.174                    50.99999999999999        304.66713211382114       0.34880873577007027
1.174                    56                       304.66713211382114       0.7209900837960294
1.175                    0.9999999999999999       304.66713211382114       0.8952657823860093
1.175                    6                        304.66713211382114       0.8864650528662185
1.175                    11                       304.66713211382114       0.8746953993711257
1.175                    15.999999999999998       304.66713211382114       0.8583127058258124
1.175                    21                       304.66713211382114       0.8343207880399323
1.175                    25.999999999999996       304.66713211382114       0.7967971806927395
1.175                    30.999999999999996       304.66713211382114       0.7328624543845254
1.175                    36                       304.66713211382114       0.6118118871232768
1.175                    41                       304.66713211382114       0.3645502008783409
1.175                    45.99999999999999        304.66713211382114       0.020006542944192948
1.175                    50.99999999999999        304.66713211382114       0.26590970126344315
1.175                    56                       304.66713211382114       0.6805861914768424
1.1760000000000002       0.9999999999999999       304.66713211382114       0.8961470475215678
1.1760000000000002       6                        304.66713211382114       0.8876663624770654
1.1760000000000002       11                       304.66713211382114       0.876386134381418
1.1760000000000002       15.999999999999998       304.66713211382114       0.8607919821283327
1.1760000000000002       21                       304.66713211382114       0.8381557881563906
1.1760000000000002       25.999999999999996       304.66713211382114       0.8031606953420896
1.1760000000000002       30.999999999999996       304.66713211382114       0.7444334745566393
1.1760000000000002       36                       304.66713211382114       0.635223620681531
1.1760000000000002       41                       304.66713211382114       0.4132194176885694
1.1760000000000002       45.99999999999999        304.66713211382114       0.05680519737117954
1.1760000000000002       50.99999999999999        304.66713211382114       0.1848933566354184
1.1760000000000002       56                       304.66713211382114       0.6336581288850207
1.177                    0.9999999999999999       304.66713211382114       0.8969891730037342
1.177                    6                        304.66713211382114       0.8888095489465594
1.177                    11                       304.66713211382114       0.8779864401543949
1.177                    15.999999999999998       304.66713211382114       0.8631222537169337
1.177                    21                       304.66713211382114       0.841727056445649
1.177                    25.999999999999996       304.66713211382114       0.8090138721564599
1.177                    30.999999999999996       304.66713211382114       0.7549065438518171
1.177                    36                       304.66713211382114       0.6560510834844183
1.177                    41                       304.66713211382114       0.4570221855146275
1.177                    45.99999999999999        304.66713211382114       0.10581094970499819
1.177                    50.99999999999999        304.66713211382114       0.11198606013733481
1.177                    56                       304.66713211382114       0.5795983357361667
1.178                    0.9999999999999999       304.66713211382114       0.8977945411957051
1.178                    6                        304.66713211382114       0.8898984838916841
1.178                    11                       304.66713211382114       0.8795029803062727
1.178                    15.999999999999998       304.66713211382114       0.8653158151196934
1.178                    21                       304.66713211382114       0.8450592742315052
1.178                    25.999999999999996       304.66713211382114       0.8144114937563791
1.178                    30.999999999999996       304.66713211382114       0.7644167951647212
1.178                    36                       304.66713211382114       0.674635639296083
1.178                    41                       304.66713211382114       0.49617565871861574
1.178                    45.99999999999999        304.66713211382114       0.1613423565921384
1.178                    50.99999999999999        304.66713211382114       0.053771468707534714
1.178                    56                       304.66713211382114       0.5180964606689954
1.179                    0.9999999999999999       304.66713211382114       0.8985653491772182
1.179                    6                        304.66713211382114       0.8909367106911317
1.179                    11                       304.66713211382114       0.8809417969682083
1.179                    15.999999999999998       304.66713211382114       0.8673836869502412
1.179                    21                       304.66713211382114       0.8481742545336611
1.179                    25.999999999999996       304.66713211382114       0.8194011670749463
1.179                    30.999999999999996       304.66713211382114       0.7730797543323853
1.179                    36                       304.66713211382114       0.691271968796959
1.179                    41                       304.66713211382114       0.5310503959619044
1.179                    45.99999999999999        304.66713211382114       0.21889866394241167
1.179                    50.99999999999999        304.66713211382114       0.0156621688721045
1.179                    56                       304.66713211382114       0.44939070970561107
1.1800000000000002       0.9999999999999999       304.66713211382114       0.8993036261860683
1.1800000000000002       6                        304.66713211382114       0.8919274779961678
1.1800000000000002       11                       304.66713211382114       0.8823083801681308
1.1800000000000002       15.999999999999998       304.66713211382114       0.8693357727188477
1.1800000000000002       21                       304.66713211382114       0.851091333899012
1.1800000000000002       25.999999999999996       304.66713211382114       0.8240244089073222
1.1800000000000002       30.999999999999996       304.66713211382114       0.7809944887084731
1.1800000000000002       36                       304.66713211382114       0.7062131062749805
1.1800000000000002       41                       304.66713211382114       0.5620753753123359
1.1800000000000002       45.99999999999999        304.66713211382114       0.27535734278736945
1.1800000000000002       50.99999999999999        304.66713211382114       4.5444343515628656E-4
1.1800000000000002       56                       304.66713211382114       0.3745881168496163
1.181                    0.9999999999999999       304.66713211382114       0.9000112491492819
1.181                    6                        304.66713211382114       0.8928737692748994
1.181                    11                       304.66713211382114       0.883607728277546
1.181                    15.999999999999998       304.66713211382114       0.8711809935262336
1.181                    21                       304.66713211382114       0.8538277035161919
1.181                    25.999999999999996       304.66713211382114       0.8283175487384566
1.181                    30.999999999999996       304.66713211382114       0.7882462277868624
1.181                    36                       304.66713211382114       0.7196757757886243
1.181                    41                       304.66713211382114       0.5896838707965744
1.181                    45.99999999999999        304.66713211382114       0.3288085694604895
1.181                    50.99999999999999        304.66713211382114       0.007675826122182128
1.181                    56                       304.66713211382114       0.2959958094491042
1.182                    0.9999999999999999       304.66713211382114       0.9006899565409113
1.182                    6                        304.66713211382114       0.8937783289226587
1.182                    11                       304.66713211382114       0.8848444008185316
1.182                    15.999999999999998       304.66713211382114       0.8729274041278293
1.182                    21                       304.66713211382114       0.8563986900214106
1.182                    25.999999999999996       304.66713211382114       0.8323124820785044
1.182                    30.999999999999996       304.66713211382114       0.7949085407447669
1.182                    36                       304.66713211382114       0.7318454780668908
1.182                    41                       304.66713211382114       0.6142850479217213
1.182                    45.99999999999999        304.66713211382114       0.37825649735332023
1.182                    50.99999999999999        304.66713211382114       0.03402410359446924
1.182                    56                       304.66713211382114       0.21733257166001752
1.183                    0.9999999999999999       304.66713211382114       0.9013413607712515
1.183                    6                        304.66713211382114       0.8946436853882007
1.183                    11                       304.66713211382114       0.8860225647187108
1.183                    15.999999999999998       304.66713211382114       0.8745822932506816
1.183                    21                       304.66713211382114       0.858817994466287
1.183                    25.999999999999996       304.66713211382114       0.8360373011849321
1.183                    30.999999999999996       304.66713211382114       0.8010451455343899
1.183                    36                       304.66713211382114       0.7428810848934588
1.183                    41                       304.66713211382114       0.6362509624954179
1.183                    45.99999999999999        304.66713211382114       0.4233244475641509
1.183                    50.99999999999999        304.66713211382114       0.07456993116142006
1.183                    56                       304.66713211382114       0.14362563337970946
1.1840000000000002       0.9999999999999999       304.66713211382114       0.9019669592847547
1.1840000000000002       6                        304.66713211382114       0.8954721717017123
1.1840000000000002       11                       304.66713211382114       0.8871460349286099
1.1840000000000002       15.999999999999998       304.66713211382114       0.8761522705571737
1.1840000000000002       21                       304.66713211382114       0.861097896367348
1.1840000000000002       25.999999999999996       304.66713211382114       0.8395168249341041
1.1840000000000002       30.999999999999996       304.66713211382114       0.8067114132173364
1.1840000000000002       36                       304.66713211382114       0.7529188624518456
1.1840000000000002       41                       304.66713211382114       0.6559123615088371
1.1840000000000002       45.99999999999999        304.66713211382114       0.4640196612314381
1.1840000000000002       50.99999999999999        304.66713211382114       0.1240791004864016
1.1840000000000002       56                       304.66713211382114       0.08061705355087953
1.185                    0.9999999999999999       304.66713211382114       0.9025681445179572
1.185                    6                        304.66713211382114       0.8962659437366026
1.185                    11                       304.66713211382114       0.8882183101773887
1.185                    15.999999999999998       304.66713211382114       0.8776433422482909
1.185                    21                       304.66713211382114       0.8632494285135499
1.185                    25.999999999999996       304.66713211382114       0.8427730454911926
1.185                    30.999999999999996       304.66713211382114       0.8119556209257546
1.185                    36                       304.66713211382114       0.7620759296218096
1.185                    41                       304.66713211382114       0.6735592387556757
1.185                    45.99999999999999        304.66713211382114       0.5005663031708579
1.185                    50.99999999999999        304.66713211382114       0.17796234704766056
1.185                    56                       304.66713211382114       0.03368327970340658
1.186                    0.9999999999999999       304.66713211382114       0.9031462128520646
1.186                    6                        304.66713211382114       0.8970269964860088
1.186                    11                       304.66713211382114       0.8892426045225337
1.186                    15.999999999999998       304.66713211382114       0.8790609769718627
1.186                    21                       304.66713211382114       0.865282527196046
1.186                    25.999999999999996       304.66713211382114       0.8458255061212806
1.186                    30.999999999999996       304.66713211382114       0.8168199976989575
1.186                    36                       304.66713211382114       0.7704531968830396
1.186                    41                       304.66713211382114       0.6894437473576683
1.186                    45.99999999999999        304.66713211382114       0.5332958642577924
1.186                    50.99999999999999        304.66713211382114       0.2327121734150131
1.186                    56                       304.66713211382114       0.00657627583250474
1.187                    0.9999999999999999       304.66713211382114       0.9037023726745359
1.187                    6                        304.66713211382114       0.8977571786002578
1.187                    11                       304.66713211382114       0.89022187525263
1.187                    15.999999999999998       304.66713211382114       0.8804101634329604
1.187                    21                       304.66713211382114       0.8672061617157036
1.187                    25.999999999999996       304.66713211382114       0.848691621827976
1.187                    30.999999999999996       304.66713211382114       0.8213415996232526
1.187                    36                       304.66713211382114       0.778137846735104
1.187                    41                       304.66713211382114       0.703784095279946
1.187                    45.99999999999999        304.66713211382114       0.5625795966865936
1.187                    50.99999999999999        304.66713211382114       0.28593985669379357
1.187                    56                       304.66713211382114       5.130212306302152E-4
1.1880000000000002       0.9999999999999999       304.66713211382114       0.9042377516507571
1.1880000000000002       6                        304.66713211382114       0.8984582053959093
1.1880000000000002       11                       304.66713211382114       0.8911588476188954
1.1880000000000002       15.999999999999998       304.66713211382114       0.8816954608805005
1.1880000000000002       21                       304.66713211382114       0.8690284463596466
1.1880000000000002       25.999999999999996       304.66713211382114       0.8513869523668876
1.1880000000000002       30.999999999999996       304.66713211382114       0.8255530441447712
1.1880000000000002       36                       304.66713211382114       0.7852054190544343
1.1880000000000002       41                       304.66713211382114       0.7167686676598062
1.1880000000000002       45.99999999999999        304.66713211382114       0.5887893433419411
1.1880000000000002       50.99999999999999        304.66713211382114       0.33619903085811753
1.1880000000000002       56                       304.66713211382114       0.014034074090143333
1.189                    0.9999999999999999       304.66713211382114       0.9047534032939771
1.189                    6                        304.66713211382114       0.8991316705171742
1.189                    11                       304.66713211382114       0.8920560368038909
1.189                    15.999999999999998       304.66713211382114       0.8829210434612103
1.189                    21                       304.66713211382114       0.8707567374993889
1.189                    25.999999999999996       304.66713211382114       0.8539254354580947
1.189                    30.999999999999996       304.66713211382114       0.829483128009653
1.189                    36                       304.66713211382114       0.791721561062373
1.189                    41                       304.66713211382114       0.7285599836488452
1.189                    45.99999999999999        304.66713211382114       0.6122765200808213
1.189                    50.99999999999999        304.66713211382114       0.38274383687924163
1.189                    56                       304.66713211382114       0.04364526992561189
1.19                     0.9999999999999999       304.66713211382114       0.9052503129106856
1.19                     6                        304.66713211382114       0.8997790564108309
1.19                     11                       304.66713211382114       0.8929157674747461
1.19                     15.999999999999998       304.66713211382114       0.8840907392807101
1.19                     21                       304.66713211382114       0.8723977180234656
1.19                     25.999999999999996       304.66713211382114       0.8563195866260384
1.19                     30.999999999999996       304.66713211382114       0.8331573488311612
1.19                     36                       304.66713211382114       0.7977434951952755
1.19                     41                       304.66713211382114       0.7392983046851879
1.19                     45.99999999999999        304.66713211382114       0.6333622045708472
1.19                     50.99999999999999        304.66713211382114       0.4253037437191891
1.19                     56                       304.66713211382114       0.08486787208721638
1.191                    0.9999999999999999       304.66713211382114       0.9057294029883086
1.191                    6                        304.66713211382114       0.9004017437481778
1.191                    11                       304.66713211382114       0.8937401912233484
1.191                    15.999999999999998       304.66713211382114       0.8852080648818579
1.191                    21                       304.66713211382114       0.8739574709556623
1.191                    25.999999999999996       304.66713211382114       0.8585806709691187
1.191                    30.999999999999996       304.66713211382114       0.836598346659355
1.191                    36                       304.66713211382114       0.8033212510287226
1.191                    41                       304.66713211382114       0.7491048278826953
1.191                    45.99999999999999        304.66713211382114       0.652333738587217
1.191                    50.99999999999999        304.66713211382114       0.4639061881603806
1.191                    56                       304.66713211382114       0.13323074609368296
1.1920000000000002       0.9999999999999999       304.66713211382114       0.906191538085853
1.1920000000000002       6                        304.66713211382114       0.9010010199174702
1.1920000000000002       11                       304.66713211382114       0.894531302150729
1.1920000000000002       15.999999999999998       304.66713211382114       0.8862762557478387
1.1920000000000002       21                       304.66713211382114       0.875441543811877
1.1920000000000002       25.999999999999996       304.66713211382114       0.8607188512427822
1.1920000000000002       30.999999999999996       304.66713211382114       0.8398262789661951
1.1920000000000002       36                       304.66713211382114       0.8084987004826176
1.1920000000000002       41                       304.66713211382114       0.7580844606687206
1.1920000000000002       45.99999999999999        304.66713211382114       0.6694449614331148
1.1920000000000002       50.99999999999999        304.66713211382114       0.49875000550804743
1.1920000000000002       56                       304.66713211382114       0.1849206238489381
1.193                    0.9999999999999999       304.66713211382114       0.9066375292789154
1.193                    6                        304.66713211382114       0.9015780866890957
1.193                    11                       304.66713211382114       0.8952909508199148
1.193                    15.999999999999998       304.66713211382114       0.8872982933477214
1.193                    21                       304.66713211382114       0.8768550050034319
1.193                    25.999999999999996       304.66713211382114       0.8627433158925616
1.193                    30.999999999999996       304.66713211382114       0.8428591400615978
1.193                    36                       304.66713211382114       0.813314429251058
1.193                    41                       304.66713211382114       0.7663282038703096
1.193                    45.99999999999999        304.66713211382114       0.6849183206632107
1.193                    50.99999999999999        304.66713211382114       0.5301211127451332
1.193                    56                       304.66713211382114       0.23704977505537045
1.194                    0.9999999999999999       304.66713211382114       0.9070681382057236
1.194                    6                        304.66713211382114       0.902134067146247
1.194                    11                       304.66713211382114       0.8960208567707848
1.194                    15.999999999999998       304.66713211382114       0.8882769291650723
1.194                    21                       304.66713211382114       0.8782024933913378
1.194                    25.999999999999996       304.66713211382114       0.8646623900651251
1.194                    30.999999999999996       304.66713211382114       0.8457130339974177
1.194                    36                       304.66713211382114       0.8178024719202329
1.194                    41                       304.66713211382114       0.7739151838213854
1.194                    45.99999999999999        304.66713211382114       0.6989478244038628
1.194                    50.99999999999999        304.66713211382114       0.5583394069361947
1.194                    56                       304.66713211382114       0.28764640267643354
1.195                    0.9999999999999999       304.66713211382114       0.9074840807548583
1.195                    6                        304.66713211382114       0.9026700119597385
1.195                    11                       304.66713211382114       0.8967226197646782
1.195                    15.999999999999998       304.66713211382114       0.8892147060913682
1.195                    21                       304.66713211382114       0.8794882619266903
1.195                    25.999999999999996       304.66713211382114       0.8664836321234023
1.195                    30.999999999999996       304.66713211382114       0.8484024084290803
1.195                    36                       304.66713211382114       0.8219929335643943
1.195                    41                       304.66713211382114       0.7809143777470338
1.195                    45.99999999999999        304.66713211382114       0.7117022446754748
1.195                    50.99999999999999        304.66713211382114       0.5837271270831624
1.195                    56                       304.66713211382114       0.33550273392595176
1.196                    0.9999999999999999       304.66713211382114       0.9078860304311723
1.196                    6                        304.66713211382114       0.9031869050793933
1.196                    11                       304.66713211382114       0.897397729905481
1.196                    15.999999999999998       304.66713211382114       0.8901139775114024
1.196                    21                       304.66713211382114       0.8807162161708528
1.196                    25.999999999999996       304.66713211382114       0.8682139177817731
1.196                    30.999999999999996       304.66713211382114       0.8509402556068375
1.196                    36                       304.66713211382114       0.8259125166841558
1.196                    41                       304.66713211382114       0.7873860753445284
1.196                    45.99999999999999        304.66713211382114       0.7233282511775526
1.196                    50.99999999999999        304.66713211382114       0.6065912548099474
1.196                    56                       304.66713211382114       0.37998234689860105
1.197                    0.9999999999999999       304.66713211382114       0.9082746214313341
1.197                    6                        304.66713211382114       0.9036856689020663
1.197                    11                       304.66713211382114       0.8980475767646035
1.197                    15.999999999999998       304.66713211382114       0.8909769243600376
1.197                    21                       304.66713211382114       0.8818899483729264
1.197                    25.999999999999996       304.66713211382114       0.8698595136384495
1.197                    30.999999999999996       304.66713211382114       0.8533382856146356
1.197                    36                       304.66713211382114       0.8295849690832833
1.197                    41                       304.66713211382114       0.7933831157724773
1.197                    45.99999999999999        304.66713211382114       0.7339533152837735
1.197                    50.99999999999999        304.66713211382114       0.6272147372689749
1.197                    56                       304.66713211382114       0.42084251761519054
1.198                    0.9999999999999999       304.66713211382114       0.9086504514584085
1.198                    6                        304.66713211382114       0.9041671689725193
1.198                    11                       304.66713211382114       0.8986734576202434
1.198                    15.999999999999998       304.66713211382114       0.8918055703970571
1.198                    21                       304.66713211382114       0.883012767680903
1.198                    25.999999999999996       304.66713211382114       0.8714261416015865
1.198                    30.999999999999996       304.66713211382114       0.8556070761064267
1.198                    36                       304.66713211382114       0.8330314655794732
1.198                    41                       304.66713211382114       0.7989519346553501
1.198                    45.99999999999999        304.66713211382114       0.7436883168379301
1.198                    50.99999999999999        304.66713211382114       0.6458530474040568
1.198                    56                       304.66713211382114       0.45809300119951646
1.199                    0.9999999999999999       304.66713211382114       0.9090140842999902
1.199                    6                        304.66713211382114       0.9046322182638699
1.199                    11                       304.66713211382114       0.8992765849103611
1.199                    15.999999999999998       304.66713211382114       0.8926017959090942
1.199                    21                       304.66713211382114       0.8840877269819788
1.199                    25.999999999999996       304.66713211382114       0.8729190354739448
1.199                    30.999999999999996       304.66713211382114       0.8577562020843493
1.199                    36                       304.66713211382114       0.8362709342176717
1.199                    41                       304.66713211382114       0.8041334510044988
1.199                    45.99999999999999        304.66713211382114       0.752629838285895
1.199                    50.99999999999999        304.66713211382114       0.6627338350152938
1.199                    56                       304.66713211382114       0.49189343468145014
1.2                      0.9999999999999999       304.66713211382114       0.9093660521931811
1.2                      6                        304.66713211382114       0.9050815810818938
1.2                      11                       304.66713211382114       0.8998580929825712
1.2                      15.999999999999998       304.66713211382114       0.8933673500230043
1.2                      21                       304.66713211382114       0.8851176467959468
1.2                      25.999999999999996       304.66713211382114       0.874342990767612
1.2                      30.999999999999996       304.66713211382114       0.8597943486786132
1.2                      36                       304.66713211382114       0.8393203358212616
1.2                      41                       304.66713211382114       0.808963819533512
1.2                      45.99999999999999        304.66713211382114       0.7608621582286634
1.2                      50.99999999999999        304.66713211382114       0.6780582611112218
1.2                      56                       304.66713211382114       0.5224833830759239
1.201                    0.9999999999999999       304.66713211382114       0.909706857995942
1.201                    6                        304.66713211382114       0.9055159766292138
1.201                    11                       304.66713211382114       0.9004190442185972
1.201                    15.999999999999998       304.66713211382114       0.8941038617896653
1.201                    21                       304.66713211382114       0.8861051365874434
1.201                    25.999999999999996       304.66713211382114       0.8757024086570022
1.201                    30.999999999999996       304.66713211382114       0.8617294094112197
1.201                    36                       304.66713211382114       0.8421949042132842
1.201                    41                       304.66713211382114       0.8134750698910305
1.201                    45.99999999999999        304.66713211382114       0.7684589697461863
1.201                    50.99999999999999        304.66713211382114       0.6920031569420607
1.201                    56                       304.66713211382114       0.5501370405830355
1.202                    0.9999999999999999       304.66713211382114       0.9100369771835701
1.202                    6                        304.66713211382114       0.9059360822655201
1.202                    11                       304.66713211382114       0.9009604345964427
1.202                    15.999999999999998       304.66713211382114       0.8948128501777884
1.202                    21                       304.66713211382114       0.8870526138114045
1.202                    25.999999999999996       304.66713211382114       0.8770013348485493
1.202                    30.999999999999996       304.66713211382114       0.863568572028381
1.202                    36                       304.66713211382114       0.8449083532011854
1.202                    41                       304.66713211382114       0.8176956508866684
1.202                    45.99999999999999        304.66713211382114       0.7754848539571924
1.202                    50.99999999999999        304.66713211382114       0.7047234992752935
1.202                    56                       304.66713211382114       0.5751353182095276
1.203                    0.9999999999999999       304.66713211382114       0.910356859686285
1.203                    6                        304.66713211382114       0.9063425364902306
1.203                    11                       304.66713211382114       0.9014831987523202
1.203                    15.999999999999998       304.66713211382114       0.8954957330994221
1.203                    21                       304.66713211382114       0.8879623209654386
1.203                    25.999999999999996       304.66713211382114       0.8782434940247373
1.203                    30.999999999999996       304.66713211382114       0.8653183936584622
1.203                    36                       304.66713211382114       0.8474730554008845
1.203                    41                       304.66713211382114       0.8216508948390446
1.203                    45.99999999999999        304.66713211382114       0.781996539853992
1.203                    50.99999999999999        304.66713211382114       0.7163549123632064
1.203                    56                       304.66713211382114       0.5977496209706568
1.204                    0.9999999999999999       304.66713211382114       0.9106669315815107
1.204                    6                        304.66713211382114       0.9067359416778
1.204                    11                       304.66713211382114       0.9019882145908356
1.204                    15.999999999999998       304.66713211382114       0.8961538355733908
1.204                    21                       304.66713211382114       0.8888363408838175
1.204                    25.999999999999996       304.66713211382114       0.8794323204338617
1.204                    30.999999999999996       304.66713211382114       0.8669848667812011
1.204                    36                       304.66713211382114       0.8499001971388931
1.204                    41                       304.66713211382114       0.8253634146856125
1.204                    45.99999999999999        304.66713211382114       0.7880439797652102
1.204                    50.99999999999999        304.66713211382114       0.7270160413051335
1.204                    56                       304.66713211382114       0.6182331948962045
1.205                    0.9999999999999999       304.66713211382114       0.910967596655448
1.205                    6                        304.66713211382114       0.9071168665865955
1.205                    11                       304.66713211382114       0.902476307490414
1.205                    15.999999999999998       304.66713211382114       0.8967883971202297
1.205                    21                       304.66713211382114       0.8896766104788558
1.205                    25.999999999999996       304.66713211382114       0.8805709851083766
1.205                    30.999999999999996       304.66713211382114       0.8685734772651903
1.205                    36                       304.66713211382114       0.8521999129790397
1.205                    41                       304.66713211382114       0.828853444403801
1.205                    45.99999999999999        304.66713211382114       0.7936712669818363
1.205                    50.99999999999999        304.66713211382114       0.7368107221461786
1.205                    56                       304.66713211382114       0.6368172109561423
1.206                    0.9999999999999999       304.66713211382114       0.911259237844572
1.206                    6                        304.66713211382114       0.9074858486644296
1.206                    11                       304.66713211382114       0.9029482541449116
1.206                    15.999999999999998       304.66713211382114       0.8974005784711265
1.206                    21                       304.66713211382114       0.8904849331087559
1.206                    25.999999999999996       304.66713211382114       0.881662420132238
1.206                    30.999999999999996       304.66713211382114       0.8700892555434551
1.206                    36                       304.66713211382114       0.8543814028486749
1.206                    41                       304.66713211382114       0.832139131551017
1.206                    45.99999999999999        304.66713211382114       0.7989174189408198
1.206                    50.99999999999999        304.66713211382114       0.7458299212313003
1.206                    56                       304.66713211382114       0.6537097051567007
1.207                    0.9999999999999999       304.66713211382114       0.911542218567333
1.207                    6                        304.66713211382114       0.9078433961682484
1.207                    11                       304.66713211382114       0.9034047860760192
1.207                    15.999999999999998       304.66713211382114       0.8979914676625071
1.207                    21                       304.66713211382114       0.8912629897261165
1.207                    25.999999999999996       304.66713211382114       0.8827093403182114
1.207                    30.999999999999996       304.66713211382114       0.8715368218369567
1.207                    36                       304.66713211382114       0.8564530342685784
1.207                    41                       304.66713211382114       0.8352367892801721
1.207                    45.99999999999999        304.66713211382114       0.8038170462428433
1.207                    50.99999999999999        304.66713211382114       0.7541534429026224
1.207                    56                       304.66713211382114       0.6690961599080834
1.208                    0.9999999999999999       304.66713211382114       0.9118168839568975
1.208                    6                        304.66713211382114       0.9081899901162321
1.208                    11                       304.66713211382114       0.9038465928499672
1.208                    15.999999999999998       304.66713211382114       0.8985620855811263
1.208                    21                       304.66713211382114       0.8920123489445811
1.208                    25.999999999999996       304.66713211382114       0.8837142626066831
1.208                    30.999999999999996       304.66713211382114       0.8729204262029322
1.208                    36                       304.66713211382114       0.858422431794744
1.208                    41                       304.66713211382114       0.8381611139836259
1.208                    45.99999999999999        304.66713211382114       0.8084009248770304
1.208                    50.99999999999999        304.66713211382114       0.7618514186837516
1.208                    56                       304.66713211382114       0.6831409606679948
1.209                    0.9999999999999999       304.66713211382114       0.912083562002033
1.209                    6                        304.66713211382114       0.9085260860869312
1.209                    11                       304.66713211382114       0.9042743250262387
1.209                    15.999999999999998       304.66713211382114       0.8991133910151268
1.209                    21                       304.66713211382114       0.8927344761419136
1.209                    25.999999999999996       304.66713211382114       0.8846795234573811
1.209                    30.999999999999996       304.66713211382114       0.8742439840749386
1.209                    36                       304.66713211382114       0.8602965554566152
1.209                    41                       304.66713211382114       0.8409253737169453
1.209                    45.99999999999999        304.66713211382114       0.8126964864354809
1.209                    50.99999999999999        304.66713211382114       0.7689855977065828
1.209                    56                       304.66713211382114       0.6959892569314589
1.21                     0.9999999999999999       304.66713211382114       0.912342564604529
1.21                     6                        304.66713211382114       0.9088521158789659
1.21                     11                       304.66713211382114       0.9046885968635028
1.21                     15.999999999999998       304.66713211382114       0.8996462852623033
1.21                     21                       304.66713211382114       0.8934307417048654
1.21                     25.999999999999996       304.66713211382114       0.8856072944674975
1.21                     30.999999999999996       304.66713211382114       0.8755111078638311
1.21                     36                       304.66713211382114       0.8620817697034465
1.21                     41                       304.66713211382114       0.8435415717259963
1.21                     45.99999999999999        304.66713211382114       0.8167282388316157
1.21                     50.99999999999999        304.66713211382114       0.7756104604257921
1.21                     56                       304.66713211382114       0.7077689467117607
1.211                    0.9999999999999999       304.66713211382114       0.9125941885603087
1.211                    6                        304.66713211382114       0.9091684890434832
1.211                    11                       304.66713211382114       0.9050899888063275
1.211                    15.999999999999998       304.66713211382114       0.9001616163379517
1.211                    21                       304.66713211382114       0.8941024285064393
1.211                    25.999999999999996       304.66713211382114       0.8864995964225011
1.211                    30.999999999999996       304.66713211382114       0.8767251351123062
1.211                    36                       304.66713211382114       0.8637839041424116
1.211                    41                       304.66713211382114       0.8460205887102435
1.211                    45.99999999999999        304.66713211382114       0.8205181280897179
1.211                    50.99999999999999        304.66713211382114       0.7817741775378039
1.211                    56                       304.66713211382114       0.7185926240180555
1.212                    0.9999999999999999       304.66713211382114       0.9128387164707116
1.212                    6                        304.66713211382114       0.9094755943020991
1.212                    11                       304.66713211382114       0.9054790497723968
1.212                    15.999999999999998       304.66713211382114       0.9006601828242264
1.212                    21                       304.66713211382114       0.894750738699007
1.212                    25.999999999999996       304.66713211382114       0.8873583119553422
1.212                    30.999999999999996       304.66713211382114       0.8778891536260081
1.212                    36                       304.66713211382114       0.8654083071616241
1.212                    41                       304.66713211382114       0.8483723068814143
1.212                    45.99999999999999        304.66713211382114       0.8240858501065911
1.212                    50.99999999999999        304.66713211382114       0.7875194346366736
1.212                    56                       304.66713211382114       0.7285594037078906
1.213                    0.9999999999999999       304.66713211382114       0.9130764175885878
1.213                    6                        304.66713211382114       0.9097738008580731
1.213                    11                       304.66713211382114       0.9058562992584772
1.213                    15.999999999999998       304.66713211382114       0.9011427373938726
1.213                    21                       304.66713211382114       0.8953767998908728
1.213                    25.999999999999996       304.66713211382114       0.8881851969726712
1.213                    30.999999999999996       304.66713211382114       0.8790060239469627
1.213                    36                       304.66713211382114       0.8669598933727226
1.213                    41                       304.66713211382114       0.850605718400943
1.213                    45.99999999999999        304.66713211382114       0.8274491198864216
1.213                    50.99999999999999        304.66713211382114       0.7928841411780332
1.213                    56                       304.66713211382114       0.7377565837231664
1.214                    0.9999999999999999       304.66713211382114       0.9133075486058294
1.214                    6                        304.66713211382114       0.9100634596105245
1.214                    11                       304.66713211382114       0.9062222292823197
1.214                    15.999999999999998       304.66713211382114       0.9016099900404552
1.214                    21                       304.66713211382114       0.8959816707740537
1.214                    25.999999999999996       304.66713211382114       0.8889818909821285
1.214                    30.999999999999996       304.66713211382114       0.8800783994866294
1.214                    36                       304.66713211382114       0.8684431856706293
1.214                    41                       304.66713211382114       0.8527290203803375
1.214                    45.99999999999999        304.66713211382114       0.8306239045628
1.214                    50.99999999999999        304.66713211382114       0.7979020401796381
1.214                    56                       304.66713211382114       0.7462611317901147
1.215                    0.9999999999999999       304.66713211382114       0.9135323543864828
1.215                    6                        304.66713211382114       0.9103449042808258
1.215                    11                       304.66713211382114       0.9065773061736822
1.215                    15.999999999999998       304.66713211382114       0.9020626110434473
1.215                    21                       304.66713211382114       0.8965663462545983
1.215                    25.999999999999996       304.66713211382114       0.8897499264406942
1.215                    30.999999999999996       304.66713211382114       0.8811087445936627
1.215                    36                       304.66713211382114       0.8698623525966639
1.215                    41                       304.66713211382114       0.8547496982965727
1.215                    45.99999999999999        304.66713211382114       0.8336246255302929
1.215                    50.99999999999999        304.66713211382114       0.8026032329770567
1.215                    56                       304.66713211382114       0.7541409991006214
1.216                    0.9999999999999999       304.66713211382114       0.9137510686491109
1.216                    6                        304.66713211382114       0.9106184524577191
1.216                    11                       304.66713211382114       0.9069219722293158
1.216                    15.999999999999998       304.66713211382114       0.9025012336919604
1.216                    21                       304.66713211382114       0.8971317621391864
1.216                    25.999999999999996       304.66713211382114       0.8904907372315792
1.216                    30.999999999999996       304.66713211382114       0.8820993507955802
1.216                    36                       304.66713211382114       0.8712212415938975
1.216                    41                       304.66713211382114       0.856674599396122
1.216                    45.99999999999999        304.66713211382114       0.8364643341731296
1.216                    50.99999999999999        304.66713211382114       0.8070146313942385
1.216                    56                       304.66713211382114       0.7614562717201355
1.217                    0.9999999999999999       304.66713211382114       0.9139639146042947
1.217                    6                        304.66713211382114       0.9108844065674407
1.217                    11                       304.66713211382114       0.9072566472435263
1.217                    15.999999999999998       304.66713211382114       0.902926456790612
1.217                    21                       304.66713211382114       0.8976787994186559
1.217                    25.999999999999996       304.66713211382114       0.8912056663574777
1.217                    30.999999999999996       304.66713211382114       0.88305235142292
1.217                    36                       304.66713211382114       0.8725234086624597
1.217                    41                       304.66713211382114       0.8585099974273573
1.217                    45.99999999999999        304.66713211382114       0.8391548649818403
1.217                    50.99999999999999        304.66713211382114       0.8111603479263158
1.217                    56                       304.66713211382114       0.768260174345503
1.218                    0.9999999999999999       304.66713211382114       0.9141711055480914
1.218                    6                        304.66713211382114       0.9111430547762546
1.218                    11                       304.66713211382114       0.907581729922958
1.218                    15.999999999999998       304.66713211382114       0.9033388469663831
1.218                    21                       304.66713211382114       0.8982082881896704
1.218                    25.999999999999996       304.66713211382114       0.8918959729373418
1.218                    30.999999999999996       304.66713211382114       0.8839697347976901
1.218                    36                       304.66713211382114       0.8737721448529199
1.218                    41                       304.66713211382114       0.8602616498462247
1.218                    45.99999999999999        304.66713211382114       0.8417069692651099
1.218                    50.99999999999999        304.66713211382114       0.8150620329810474
1.218                    56                       304.66713211382114       0.7745999423102362
1.219                    0.9999999999999999       304.66713211382114       0.9143728454170016
1.219                    6                        304.66713211382114       0.9113946718292011
1.219                    11                       304.66713211382114       0.90789759919936
1.219                    15.999999999999998       304.66713211382114       0.9037389407956427
1.219                    21                       304.66713211382114       0.8987210112492757
1.219                    25.999999999999996       304.66713211382114       0.8925628385744891
1.219                    30.999999999999996       304.66713211382114       0.8848533561463846
1.219                    36                       304.66713211382114       0.8749704999778183
1.219                    41                       304.66713211382114       0.8619348484724398
1.219                    45.99999999999999        304.66713211382114       0.8441304321710262
1.219                    50.99999999999999        304.66713211382114       0.818739166878588
1.219                    56                       304.66713211382114       0.7805175775583943
1.22                     0.9999999999999999       304.66713211382114       0.9145693293067485
1.22                     6                        304.66713211382114       0.9116395198322502
1.22                     11                       304.66713211382114       0.9082046154453948
1.22                     15.999999999999998       304.66713211382114       0.9041272467658367
1.22                     21                       304.66713211382114       0.8992177073922657
1.22                     25.999999999999996       304.66713211382114       0.8932073731619637
1.22                     30.999999999999996       304.66713211382114       0.8857049483763383
1.22                     36                       304.66713211382114       0.8761213038701215
1.22                     41                       304.66713211382114       0.8635344644365971
1.22                     45.99999999999999        304.66713211382114       0.8464341753220557
1.22                     50.99999999999999        304.66713211382114       0.822209313152799
1.22                     56                       304.66713211382114       0.7860505033202713
1.221                    0.9999999999999999       304.66713211382114       0.9147607439569436
1.221                    6                        304.66713211382114       0.9118778489800026
1.221                    11                       304.66713211382114       0.9085031216033298
1.221                    15.999999999999998       304.66713211382114       0.9045042470883601
1.221                    21                       304.66713211382114       0.8996990744404513
1.221                    25.999999999999996       304.66713211382114       0.893830620181027
1.221                    30.999999999999996       304.66713211382114       0.8865261318387072
1.221                    36                       304.66713211382114       0.8772271854753737
1.221                    41                       304.66713211382114       0.8650649881379149
1.221                    45.99999999999999        304.66713211382114       0.8486263470321543
1.221                    50.99999999999999        304.66713211382114       0.8254883387128078
1.221                    56                       304.66713211382114       0.791232130885813
1.222                    0.9999999999999999       304.66713211382114       0.914947268205128
1.222                    6                        304.66713211382114       0.912109898235076
1.222                    11                       304.66713211382114       0.9087934442331985
1.222                    15.999999999999998       304.66713211382114       0.9048703993741375
1.222                    21                       304.66713211382114       0.9001657720286015
1.222                    25.999999999999996       304.66713211382114       0.8944335615441922
1.222                    30.999999999999996       304.66713211382114       0.8873184231856974
1.222                    36                       304.66713211382114       0.8782905900244983
1.222                    41                       304.66713211382114       0.866530564834765
1.222                    45.99999999999999        304.66713211382114       0.8507144017608393
1.222                    50.99999999999999        304.66713211382114       0.8285906055799062
1.222                    56                       304.66713211382114       0.7960923504085599
1.223                    0.9999999999999999       304.66713211382114       0.9151290734116722
1.223                    6                        304.66713211382114       0.9123358959618745
1.223                    11                       304.66713211382114       0.9090758944875089
1.223                    15.999999999999998       304.66713211382114       0.9052261381839594
1.223                    21                       304.66713211382114       0.900618424168715
1.223                    25.999999999999996       304.66713211382114       0.8950171220252383
1.223                    30.999999999999996       304.66713211382114       0.8880832434177972
1.223                    36                       304.66713211382114       0.8793137945087789
1.223                    41                       304.66713211382114       0.8679350264026814
1.223                    45.99999999999999        304.66713211382114       0.8527051702452876
1.223                    50.99999999999999        304.66713211382114       0.8315291382091562
1.223                    56                       304.66713211382114       0.8006579562053668
1.224                    0.9999999999999999       304.66713211382114       0.9153063238584838
1.224                    6                        304.66713211382114       0.9125560605186644
1.224                    11                       304.66713211382114       0.9093507690181838
1.224                    15.999999999999998       304.66713211382114       0.9055718764652616
1.224                    21                       304.66713211382114       0.9010576216129281
1.224                    25.999999999999996       304.66713211382114       0.895582173319119
1.224                    30.999999999999996       304.66713211382114       0.8888219252046835
1.224                    36                       304.66713211382114       0.8802989216426794
1.224                    41                       304.66713211382114       0.8692819197245016
1.224                    45.99999999999999        304.66713211382114       0.8546049215221291
1.224                    50.99999999999999        304.66713211382114       0.8343157698008109
1.224                    56                       304.66713211382114       0.8049530156716996
1.225                    0.9999999999999999       304.66713211382114       0.9154791771224445
1.225                    6                        304.66713211382114       0.9127706008110472
1.225                    11                       304.66713211382114       0.9096183508205015
1.225                    15.999999999999998       304.66713211382114       0.9059080068835823
1.225                    21                       304.66713211382114       0.9014839240344068
1.225                    25.999999999999996       304.66713211382114       0.8961295377630119
1.225                    30.999999999999996       304.66713211382114       0.8895357195540187
1.225                    36                       304.66713211382114       0.8812479524842252
1.225                    41                       304.66713211382114       0.8705745321133409
1.225                    45.99999999999999        304.66713211382114       0.8564194178854315
1.225                    50.99999999999999        304.66713211382114       0.8369612704999725
1.225                    56                       304.66713211382114       0.8089991896862948
1.226                    0.9999999999999999       304.66713211382114       0.9156477844263109
1.226                    6                        304.66713211382114       0.9129797168095891
1.226                    11                       304.66713211382114       0.909878910020348
1.226                    15.999999999999998       304.66713211382114       0.9062349030581266
1.226                    21                       304.66713211382114       0.9018978620394205
1.226                    25.999999999999996       304.66713211382114       0.8966599917561655
1.226                    30.999999999999996       304.66713211382114       0.8902258018943771
1.226                    36                       304.66713211382114       0.882162737857636
1.226                    41                       304.66713211382114       0.8718159141174775
1.226                    45.99999999999999        304.66713211382114       0.8581539636804106
1.226                    50.99999999999999        304.66713211382114       0.8394754599536082
1.226                    56                       304.66713211382114       0.8128160112859092
1.227                    0.9999999999999999       304.66713211382114       0.9158122909677716
1.227                    6                        304.66713211382114       0.9131836000342449
1.227                    11                       304.66713211382114       0.9101327046077231
1.227                    15.999999999999998       304.66713211382114       0.9065529207096883
1.227                    21                       304.66713211382114       0.9022999390287179
1.227                    25.999999999999996       304.66713211382114       0.8971742689002383
1.227                    30.999999999999996       304.66713211382114       0.8908932776306642
1.227                    36                       304.66713211382114       0.8830450087069064
1.227                    41                       304.66713211382114       0.8730089000111596
1.227                    45.99999999999999        304.66713211382114       0.8598134487055432
1.227                    50.99999999999999        304.66713211382114       0.8418673063327328
1.227                    56                       304.66713211382114       0.8164211284244861
1.228                    0.9999999999999999       304.66713211382114       0.9159728362294473
1.228                    6                        304.66713211382114       0.913382434008996
1.228                    11                       304.66713211382114       0.9103799811222074
1.228                    15.999999999999998       304.66713211382114       0.9068623987275092
1.228                    21                       304.66713211382114       0.9026906329187304
1.228                    25.999999999999996       304.66713211382114       0.8976730628906345
1.228                    30.999999999999996       304.66713211382114       0.8915391872243199
1.228                    36                       304.66713211382114       0.8838963854943575
1.228                    41                       304.66713211382114       0.8741561262353875
1.228                    45.99999999999999        304.66713211382114       0.8614023868888814
1.228                    50.99999999999999        304.66713211382114       0.8441450136187095
1.228                    56                       304.66713211382114       0.819830515805512
1.229                    0.9999999999999999       304.66713211382114       0.9161295542693713
1.229                    6                        304.66713211382114       0.9135763946864678
1.229                    11                       304.66713211382114       0.9106209752921064
1.229                    15.999999999999998       304.66713211382114       0.907163660161537
1.229                    21                       304.66713211382114       0.9030703977358058
1.229                    25.999999999999996       304.66713211382114       0.8981570301806145
1.229                    30.999999999999996       304.66713211382114       0.8921645108434144
1.229                    36                       304.66713211382114       0.8847183867433448
1.229                    41                       304.66713211382114       0.8752600480201994
1.229                    45.99999999999999        304.66713211382114       0.8629249508161467
1.229                    50.99999999999999        304.66713211382114       0.8463160986958076
1.229                    56                       304.66713211382114       0.8230586600439245
1.23                     0.9999999999999999       304.66713211382114       0.9162825739952462
1.23                     6                        304.66713211382114       0.913765650847734
1.23                     11                       304.66713211382114       0.9108559126333795
1.23                     15.999999999999998       304.66713211382114       0.9074570131469589
1.23                     21                       304.66713211382114       0.9034396650940862
1.23                     25.999999999999996       304.66713211382114       0.898626792434933
1.23                     30.999999999999996       304.66713211382114       0.8927701726254267
1.23                     36                       304.66713211382114       0.885512436812597
1.23                     41                       304.66713211382114       0.8763229543906386
1.23                     45.99999999999999        304.66713211382114       0.8643850026085521
1.23                     50.99999999999999        304.66713211382114       0.8483874595712042
1.23                     56                       304.66713211382114       0.8261187218126174
1.231                    0.9999999999999999       304.66713211382114       0.9164320194223283
1.231                    6                        304.66713211382114       0.913950364476551
1.231                    11                       304.66713211382114       0.9110850090083454
1.231                    15.999999999999998       304.66713211382114       0.9077427517648755
1.231                    21                       304.66713211382114       0.9037988455659497
1.231                    25.999999999999996       304.66713211382114       0.8990829387984752
1.231                    30.999999999999996       304.66713211382114       0.8933570445888772
1.231                    36                       304.66713211382114       0.8862798729825251
1.231                    41                       304.66713211382114       0.8773469817337147
1.231                    45.99999999999999        304.66713211382114       0.8657861215843261
1.231                    50.99999999999999        304.66713211382114       0.8503654358582937
1.231                    56                       304.66713211382114       0.8290226780915328
1.232                    0.9999999999999999       304.66713211382114       0.9165780099160069
1.232                    6                        304.66713211382114       0.9141306911118636
1.232                    11                       304.66713211382114       0.9113084711499179
1.232                    15.999999999999998       304.66713211382114       0.9080211568457278
1.232                    21                       304.66713211382114       0.9041483299552493
1.232                    25.999999999999996       304.66713211382114       0.8995260279890265
1.232                    30.999999999999996       304.66713211382114       0.893925950225608
1.232                    36                       304.66713211382114       0.8870219519209984
1.232                    41                       304.66713211382114       0.8783341260828564
1.232                    45.99999999999999        304.66713211382114       0.8671316290789878
1.232                    50.99999999999999        304.66713211382114       0.8522558624988301
1.232                    56                       304.66713211382114       0.8317814471889824
1.233                    0.9999999999999999       304.66713211382114       0.9167206604211843
1.233                    6                        304.66713211382114       0.9143067801776976
1.233                    11                       304.66713211382114       0.9115264971524732
1.233                    15.999999999999998       304.66713211382114       0.9082924967185906
1.233                    21                       304.66713211382114       0.9044884904803587
1.233                    25.999999999999996       304.66713211382114       0.8999565902345162
1.233                    30.999999999999996       304.66713211382114       0.8944776678058171
1.233                    36                       304.66713211382114       0.8877398555905818
1.233                    41                       304.66713211382114       0.8792862542556553
1.233                    45.99999999999999        304.66713211382114       0.8684246107539527
1.233                    50.99999999999999        304.66713211382114       0.8540641175679778
1.233                    56                       304.66713211382114       0.834404998832568
1.234                    0.9999999999999999       304.66713211382114       0.9168600816778423
1.234                    6                        304.66713211382114       0.9144787752952809
1.234                    11                       304.66713211382114       0.9117392769308269
1.234                    15.999999999999998       304.66713211382114       0.9085570279113908
1.234                    21                       304.66713211382114       0.9048196818739747
1.234                    25.999999999999996       304.66713211382114       0.900375129065139
1.234                    30.999999999999996       304.66713211382114       0.8950129334195931
1.234                    36                       304.66713211382114       0.8884346966519892
1.234                    41                       304.66713211382114       0.8802051139677345
1.234                    45.99999999999999        304.66713211382114       0.8696679366778951
1.234                    50.99999999999999        304.66713211382114       0.8557951648886486
1.234                    56                       304.66713211382114       0.8369024512802142
1.235                    0.9999999999999999       304.66713211382114       0.9169963804250003
1.235                    6                        304.66713211382114       0.9146468145748824
1.235                    11                       304.66713211382114       0.911946992652761
1.235                    15.999999999999998       304.66713211382114       0.9088149958049668
1.235                    21                       304.66713211382114       0.9051422424078488
1.235                    25.999999999999996       304.66713211382114       0.9007821229757105
1.235                    30.999999999999996       304.66713211382114       0.8955324437797284
1.235                    36                       304.66713211382114       0.8891075234138804
1.235                    41                       304.66713211382114       0.8810923430269568
1.235                    45.99999999999999        304.66713211382114       0.8708642794325872
1.235                    50.99999999999999        304.66713211382114       0.8574535920860399
1.235                    56                       304.66713211382114       0.8392821571523806
1.236                    0.9999999999999999       304.66713211382114       0.9171296595936581
1.236                    6                        304.66713211382114       0.914811030892023
1.236                    11                       304.66713211382114       0.9121498191432187
1.236                    15.999999999999998       304.66713211382114       0.9090666352450113
1.236                    21                       304.66713211382114       0.9054564948463819
1.236                    25.999999999999996       304.66713211382114       0.9011780269641793
1.236                    30.999999999999996       304.66713211382114       0.8960368588084404
1.236                    36                       304.66713211382114       0.8897593243685198
1.236                    41                       304.66713211382114       0.8819494777047937
1.236                    45.99999999999999        304.66713211382114       0.8720161304610912
1.236                    50.99999999999999        304.66713211382114       0.8590436446264809
1.236                    56                       304.66713211382114       0.8415517794198332
1.237                    0.9999999999999999       304.66713211382114       0.9172600184875974
1.237                    6                        304.66713211382114       0.9149715521464475
1.237                    11                       304.66713211382114       0.9123479242651555
1.237                    15.999999999999998       304.66713211382114       0.9093121711153966
1.237                    21                       304.66713211382114       0.905762747336823
1.237                    25.999999999999996       304.66713211382114       0.9015632739633289
1.237                    30.999999999999996       304.66713211382114       0.8965268040245337
1.237                    36                       304.66713211382114       0.8903910323582671
1.237                    41                       304.66713211382114       0.8827779603669657
1.237                    45.99999999999999        304.66713211382114       0.8731258148510348
1.237                    50.99999999999999        304.66713211382114       0.860569256317489
1.237                    56                       304.66713211382114       0.8437183588095419
1.238                    0.9999999999999999       304.66713211382114       0.9173875529562484
1.238                    6                        304.66713211382114       0.9151285015081027
1.238                    11                       304.66713211382114       0.9125414692767867
1.238                    15.999999999999998       304.66713211382114       0.9095518188741818
1.238                    21                       304.66713211382114       0.9060612942388512
1.238                    25.999999999999996       304.66713211382114       0.9019382761669117
1.238                    30.999999999999996       304.66713211382114       0.8970028727508542
1.238                    36                       304.66713211382114       0.8910035284014289
1.238                    41                       304.66713211382114       0.8835791464380978
1.238                    45.99999999999999        304.66713211382114       0.8741955047221059
1.238                    50.99999999999999        304.66713211382114       0.8620340766786733
1.238                    56                       304.66713211382114       0.8457883736942513
1.239                    0.9999999999999999       304.66713211382114       0.9175123555566878
1.239                    6                        304.66713211382114       0.9152819976469011
1.239                    11                       304.66713211382114       0.9127306091679952
1.239                    15.999999999999998       304.66713211382114       0.9097857850567275
1.239                    21                       304.66713211382114       0.9063524169000129
1.239                    25.999999999999996       304.66713211382114       0.9023034262659967
1.239                    30.999999999999996       304.66713211382114       0.8974656281552683
1.239                    36                       304.66713211382114       0.8915976452136342
1.239                    41                       304.66713211382114       0.8843543107658244
1.239                    45.99999999999999        304.66713211382114       0.8752272313665906
1.239                    50.99999999999999        304.66713211382114       0.8634414955466567
1.239                    56                       304.66713211382114       0.8477677934033511
1.24                     0.9999999999999999       304.66713211382114       0.9176345157076666
1.24                     6                        304.66713211382114       0.915432154951335
1.24                     11                       304.66713211382114       0.9129154929765011
1.24                     15.999999999999998       304.66713211382114       0.9100142677475503
1.24                     21                       304.66713211382114       0.906636384379526
1.24                     25.999999999999996       304.66713211382114       0.9026590985976017
1.24                     30.999999999999996       304.66713211382114       0.8979156051425702
1.24                     36                       304.66713211382114       0.8921741704492966
1.24                     41                       304.66713211382114       0.8851046534438717
1.24                     45.99999999999999        304.66713211382114       0.8762228962736566
1.24                     50.99999999999999        304.66713211382114       0.8647946652250794
1.24                     56                       304.66713211382114       0.8496621257529461
1.241                    0.9999999999999999       304.66713211382114       0.9177541198351574
1.241                    6                        304.66713211382114       0.9155790837339572
1.241                    11                       304.66713211382114       0.9130962640857929
1.241                    15.999999999999998       304.66713211382114       0.9102374570227749
1.241                    21                       304.66713211382114       0.9069134541260119
1.241                    25.999999999999996       304.66713211382114       0.903005650214107
1.241                    30.999999999999996       304.66713211382114       0.8983533121060543
1.241                    36                       304.66713211382114       0.89273384968936
1.241                    41                       304.66713211382114       0.8858313051454895
1.241                    45.99999999999999        304.66713211382114       0.8771842811520859
1.241                    50.99999999999999        304.66713211382114       0.8660965204568103
1.241                    56                       304.66713211382114       0.851476459502459
1.242                    0.9999999999999999       304.66713211382114       0.9178712515103618
1.242                    6                        304.66713211382114       0.9157228904261351
1.242                    11                       304.66713211382114       0.9132730605059998
1.242                    15.999999999999998       304.66713211382114       0.9104555353658743
1.242                    21                       304.66713211382114       0.907183872611036
1.242                    25.999999999999996       304.66713211382114       0.9033434218811276
1.242                    30.999999999999996       304.66713211382114       0.8987792325532027
1.242                    36                       304.66713211382114       0.893277389199436
1.242                    41                       304.66713211382114       0.8865353320147494
1.242                    45.99999999999999        304.66713211382114       0.8781130570609844
1.242                    50.99999999999999        304.66713211382114       0.867349796458729
1.242                    56                       304.66713211382114       0.8532155023295179
1.243                    0.9999999999999999       304.66713211382114       0.9179859915805142
1.243                    6                        304.66713211382114       0.9158636777615831
1.243                    11                       304.66713211382114       0.9134460151382371
1.243                    15.999999999999998       304.66713211382114       0.910668678058877
1.243                    21                       304.66713211382114       0.9074478759226867
1.243                    25.999999999999996       304.66713211382114       0.9036727390078082
1.243                    30.999999999999996       304.66713211382114       0.8991938266152849
1.243                    36                       304.66713211382114       0.8938054584759052
1.243                    41                       304.66713211382114       0.8872177401559159
1.243                    45.99999999999999        304.66713211382114       0.8790107927259923
1.243                    50.99999999999999        304.66713211382114       0.8685570452295651
1.243                    56                       304.66713211382114       0.8548836148662307
1.244                    0.9999999999999999       304.66713211382114       0.918098418292739
1.244                    6                        304.66713211382114       0.9160015449503772
1.244                    11                       304.66713211382114       0.9136152560240691
1.244                    15.999999999999998       304.66713211382114       0.9108770535490582
1.244                    21                       304.66713211382114       0.907705690321719
1.244                    25.999999999999996       304.66713211382114       0.9039939125139904
1.244                    30.999999999999996       304.66713211382114       0.8995975324498882
1.244                    36                       304.66713211382114       0.8943186926004209
1.244                    41                       304.66713211382114       0.8878794797605792
1.244                    45.99999999999999        304.66713211382114       0.8798789621355583
1.244                    50.99999999999999        304.66713211382114       0.8697206503192023
1.244                    56                       304.66713211382114       0.8564848412387169
1.245                    0.9999999999999999       304.66713211382114       0.918208607411648
1.245                    6                        304.66713211382114       0.9161365878432847
1.245                    11                       304.66713211382114       0.9137809065816281
1.245                    15.999999999999998       304.66713211382114       0.9110808237951681
1.245                    21                       304.66713211382114       0.9079575327628819
1.245                    25.999999999999996       304.66713211382114       0.9043072396425067
1.245                    30.999999999999996       304.66713211382114       0.8999907675450354
1.245                    36                       304.66713211382114       0.8948176944185537
1.245                    41                       304.66713211382114       0.888521448903615
1.245                    45.99999999999999        304.66713211382114       0.8807189514810906
1.245                    50.99999999999999        304.66713211382114       0.8708428402206553
1.245                    56                       304.66713211382114       0.8580229365236114
1.246                    0.9999999999999999       304.66713211382114       0.9183166323310313
1.246                    6                        304.66713211382114       0.9162688990878917
1.246                    11                       304.66713211382114       0.9139430858271294
1.246                    15.999999999999998       304.66713211382114       0.9112801445925318
1.246                    21                       304.66713211382114       0.9082036113845514
1.246                    25.999999999999996       304.66713211382114       0.9046130047164851
1.246                    30.999999999999996       304.66713211382114       0.9003739299333676
1.246                    36                       304.66713211382114       0.8953030365573313
1.246                    41                       304.66713211382114       0.8891444970400224
1.246                    45.99999999999999        304.66713211382114       0.8815320655064323
1.246                    50.99999999999999        304.66713211382114       0.8719257005310126
1.246                    56                       304.66713211382114       0.8595013914640578
1.247                    0.9999999999999999       304.66713211382114       0.9184225641798308
1.247                    6                        304.66713211382114       0.9163985682758361
1.247                    11                       304.66713211382114       0.914101908585528
1.247                    15.999999999999998       304.66713211382114       0.9114751658797965
1.247                    21                       304.66713211382114       0.9084441259679272
1.247                    25.999999999999996       304.66713211382114       0.9049114798480123
1.247                    30.999999999999996       304.66713211382114       0.9007473993230765
1.247                    36                       304.66713211382114       0.8957752632960467
1.247                    41                       304.66713211382114       0.8897494282273325
1.247                    45.99999999999999        304.66713211382114       0.8823195333243713
1.247                    50.99999999999999        304.66713211382114       0.8729711850090066
1.247                    56                       304.66713211382114       0.8609234547539172
1.248                    0.9999999999999999       304.66713211382114       0.9185264719227341
1.248                    6                        304.66713211382114       0.9165256820828498
1.248                    11                       304.66713211382114       0.9142574856892365
1.248                    15.999999999999998       304.66713211382114       0.911666032027892
1.248                    21                       304.66713211382114       0.9086792683689383
1.248                    25.999999999999996       304.66713211382114       0.9052029256037566
1.248                    30.999999999999996       304.66713211382114       0.9011115381522247
1.248                    36                       304.66713211382114       0.8962348923014508
1.248                    41                       304.66713211382114       0.890337004100585
1.248                    45.99999999999999        304.66713211382114       0.8830825137504711
1.248                    50.99999999999999        304.66713211382114       0.8739811256414318
1.248                    56                       304.66713211382114       0.8622921531583377
1.249                    0.9999999999999999       304.66713211382114       0.9186284224559047
1.249                    6                        304.66713211382114       0.916650324400996
1.249                    11                       304.66713211382114       0.9144099241652901
1.249                    15.999999999999998       304.66713211382114       0.9118528821123316
1.249                    21                       304.66713211382114       0.9089092229234581
1.249                    25.999999999999996       304.66713211382114       0.9054875916243463
1.249                    30.999999999999996       304.66713211382114       0.9014666925720888
1.249                    36                       304.66713211382114       0.8966824162398475
1.249                    41                       304.66713211382114       0.8909079466193555
1.249                    45.99999999999999        304.66713211382114       0.8838221001995736
1.249                    50.99999999999999        304.66713211382114       0.8749572418195225
1.249                    56                       304.66713211382114       0.8636103097057196
1.25                     0.9999999999999999       304.66713211382114       0.9187284806980143
1.25                     6                        304.66713211382114       0.9167725764648166
1.25                     11                       304.66713211382114       0.914559327413706
1.25                     15.999999999999998       304.66713211382114       0.9120358501705398
1.25                     21                       304.66713211382114       0.9091341668300351
1.25                     25.999999999999996       304.66713211382114       0.9057657172092068
1.25                     30.999999999999996       304.66713211382114       0.9018131933657124
1.25                     36                       304.66713211382114       0.897118304274422
1.25                     41                       304.66713211382114       0.8914629406077352
1.25                     45.99999999999999        304.66713211382114       0.8845393251859811
1.25                     50.99999999999999        304.66713211382114       0.8759011487139435
1.25                     56                       304.66713211382114       0.8648805601623384
1.2510000000000001       0.9999999999999999       304.66713211382114       0.9188267096764968
1.2510000000000001       6                        304.66713211382114       0.9168925169707872
1.2510000000000001       11                       304.66713211382114       0.9147057953754766
1.2510000000000001       15.999999999999998       304.66713211382114       0.9122150654445065
1.2510000000000001       21                       304.66713211382114       0.909354270507706
1.2510000000000001       25.999999999999996       304.66713211382114       0.9060375318622333
1.2510000000000001       30.999999999999996       304.66713211382114       0.9021513568054901
1.2510000000000001       36                       304.66713211382114       0.89754300345876
1.2510000000000001       41                       304.66713211382114       0.8920026361053477
1.2510000000000001       45.99999999999999        304.66713211382114       0.8852351644630738
1.2510000000000001       50.99999999999999        304.66713211382114       0.876814364927572
1.2510000000000001       56                       304.66713211382114       0.8661053679667158
1.252                    0.9999999999999999       304.66713211382114       0.918923170610308
1.252                    6                        304.66713211382114       0.917010222190044
1.252                    11                       304.66713211382114       0.9148494246918589
1.252                    15.999999999999998       304.66713211382114       0.9123906526101332
1.252                    21                       304.66713211382114       0.9095696979356843
1.252                    25.999999999999996       304.66713211382114       0.9063032558052972
1.252                    30.999999999999996       304.66713211382114       0.9024814854555782
1.252                    36                       304.66713211382114       0.8979569400337308
1.252                    41                       304.66713211382114       0.8925276505442952
1.252                    45.99999999999999        304.66713211382114       0.8859105408363466
1.252                    50.99999999999999        304.66713211382114       0.8776983194963562
1.252                    56                       304.66713211382114       0.8672870377917106
1.2530000000000001       0.9999999999999999       304.66713211382114       0.9190179229878584
1.2530000000000001       6                        304.66713211382114       0.9171257660766549
1.2530000000000001       11                       304.66713211382114       0.9149903088557371
1.2530000000000001       15.999999999999998       304.66713211382114       0.9125627319937604
1.2530000000000001       21                       304.66713211382114       0.9097806069713739
1.2530000000000001       25.999999999999996       304.66713211382114       0.9065631004599717
1.2530000000000001       30.999999999999996       304.66713211382114       0.9028038689226285
1.2530000000000001       36                       304.66713211382114       0.8983605206355851
1.2530000000000001       41                       304.66713211382114       0.893038570767552
1.2530000000000001       45.99999999999999        304.66713211382114       0.8865663276778567
1.2530000000000001       50.99999999999999        304.66713211382114       0.8785543583019906
1.2530000000000001       56                       304.66713211382114       0.8684277278683884
1.254                    0.9999999999999999       304.66713211382114       0.9191110246421822
1.254                    6                        304.66713211382114       0.9172392203697072
1.254                    11                       304.66713211382114       0.9151285383540799
1.254                    15.999999999999998       304.66713211382114       0.9127314197775408
1.254                    21                       304.66713211382114       0.9099871496515174
1.254                    25.999999999999996       304.66713211382114       0.9068172689007618
1.254                    30.999999999999996       304.66713211382114       0.9031187845576762
1.254                    36                       304.66713211382114       0.8987541334227911
1.254                    41                       304.66713211382114       0.8935359549019203
1.254                    45.99999999999999        304.66713211382114       0.8872033521694596
1.254                    50.99999999999999        304.66713211382114       0.8793837499504442
1.254                    56                       304.66713211382114       0.869529461211763
1.2550000000000001       0.9999999999999999       304.66713211382114       0.9192025318213848
1.2550000000000001       6                        304.66713211382114       0.9173506546904044
1.2550000000000001       11                       304.66713211382114       0.9152642008045807
1.2550000000000001       15.999999999999998       304.66713211382114       0.9128968281927763
1.2550000000000001       21                       304.66713211382114       0.9101894724748189
1.2550000000000001       25.999999999999996       304.66713211382114       0.9070659562801687
1.2550000000000001       30.999999999999996       304.66713211382114       0.9034264981156057
1.2550000000000001       36                       304.66713211382114       0.8991381491271895
1.2550000000000001       41                       304.66713211382114       0.8940203340975177
1.2550000000000001       45.99999999999999        304.66713211382114       0.8878223982981702
1.2550000000000001       50.99999999999999        304.66713211382114       0.8801876911693614
1.2550000000000001       56                       304.66713211382114       0.8705941358415714
1.256                    0.9999999999999999       304.66713211382114       0.9192924992572334
1.256                    6                        304.66713211382114       0.9174601366347028
1.256                    11                       304.66713211382114       0.9153973810840544
1.256                    15.999999999999998       304.66713211382114       0.9130590657036604
1.256                    21                       304.66713211382114       0.910387716670599
1.256                    25.999999999999996       304.66713211382114       0.907309350230185
1.256                    30.999999999999996       304.66713211382114       0.9037272643713791
1.256                    36                       304.66713211382114       0.8995129220345761
1.256                    41                       304.66713211382114       0.8944922141439269
1.256                    45.99999999999999        304.66713211382114       0.888424209625945
1.256                    50.99999999999999        304.66713211382114       0.8809673117666283
1.256                    56                       304.66713211382114       0.8716235341193869
1.2570000000000001       0.9999999999999999       304.66713211382114       0.9193809802289359
1.2570000000000001       6                        304.66713211382114       0.9175677318615757
1.2570000000000001       11                       304.66713211382114       0.9155281614505084
1.2570000000000001       15.999999999999998       304.66713211382114       0.9132182371810884
1.2570000000000001       21                       304.66713211382114       0.910582018451025
1.2570000000000001       25.999999999999996       304.66713211382114       0.9075476312386713
1.2570000000000001       30.999999999999996       304.66713211382114       0.9040213276995582
1.2570000000000001       36                       304.66713211382114       0.8998787909027709
1.2570000000000001       41                       304.66713211382114       0.8949520769738524
1.2570000000000001       45.99999999999999        304.66713211382114       0.8890094918519669
1.2570000000000001       50.99999999999999        304.66713211382114       0.881723679191991
1.2570000000000001       56                       304.66713211382114       0.8726193312676164
1.258                    0.9999999999999999       304.66713211382114       0.9194680266254758
1.258                    6                        304.66713211382114       0.9176735041763913
1.258                    11                       304.66713211382114       0.9156566216600385
1.258                    15.999999999999998       304.66713211382114       0.9133744440672587
1.258                    21                       304.66713211382114       0.9107725092498813
1.258                    25.999999999999996       304.66713211382114       0.9077809730052923
1.258                    30.999999999999996       304.66713211382114       0.9043089226179544
1.258                    36                       304.66713211382114       0.9002360798188535
1.258                    41                       304.66713211382114       0.8954003820633185
1.258                    45.99999999999999        304.66713211382114       0.8895789151864836
1.258                    50.99999999999999        304.66713211382114       0.8824578027373131
1.258                    56                       304.66713211382114       0.8735831031716247
1.2590000000000001       0.9999999999999999       304.66713211382114       0.9195536890039921
1.2590000000000001       6                        304.66713211382114       0.9177775156108529
1.2590000000000001       11                       304.66713211382114       0.9157828390765644
1.2590000000000001       15.999999999999998       304.66713211382114       0.913527784531576
1.2590000000000001       21                       304.66713211382114       0.9109593159484877
1.2590000000000001       25.999999999999996       304.66713211382114       0.9080095427767231
1.2590000000000001       30.999999999999996       304.66713211382114       0.9045902742978373
1.2590000000000001       36                       304.66713211382114       0.9005850990010723
1.2590000000000001       41                       304.66713211382114       0.8958375677350077
1.2590000000000001       45.99999999999999        304.66713211382114       0.8901331165509542
1.2590000000000001       50.99999999999999        304.66713211382114       0.8831706374077147
1.2590000000000001       56                       304.66713211382114       0.8745163335156704
1.26                     0.9999999999999999       304.66713211382114       0.9196380166463723
1.26                     6                        304.66713211382114       0.9178798264991346
1.26                     11                       304.66713211382114       0.9159068887770256
1.26                     15.999999999999998       304.66713211382114       0.9136783536187877
1.26                     21                       304.66713211382114       0.9111425610889952
1.26                     25.999999999999996       304.66713211382114       0.9082335016606118
1.26                     30.999999999999996       304.66713211382114       0.9048655990440363
1.26                     36                       304.66713211382114       0.9009261455509087
1.26                     41                       304.66713211382114       0.8962640523746188
1.26                     45.99999999999999        304.66713211382114       0.8906727016193334
1.26                     50.99999999999999        304.66713211382114       0.883863087493378
1.26                     56                       304.66713211382114       0.8754204203287428
1.2610000000000001       0.9999999999999999       304.66713211382114       0.9197210576121211
1.2610000000000001       6                        304.66713211382114       0.9179804955499702
1.2610000000000001       11                       304.66713211382114       0.9160288436512725
1.2610000000000001       15.999999999999998       304.66713211382114       0.9138262433893526
1.2610000000000001       21                       304.66713211382114       0.9113223630767099
1.2610000000000001       25.999999999999996       304.66713211382114       0.9084530049260576
1.2610000000000001       30.999999999999996       304.66713211382114       0.905135104745923
1.2610000000000001       36                       304.66713211382114       0.9012595041561989
1.2610000000000001       41                       304.66713211382114       0.8966802355653315
1.2610000000000001       45.99999999999999        304.66713211382114       0.8911982467139239
1.2610000000000001       50.99999999999999        304.66713211382114       0.8845360098680045
1.2610000000000001       56                       304.66713211382114       0.876296681990586
1.262                    0.9999999999999999       304.66713211382114       0.9198028587905319
1.262                    6                        304.66713211382114       0.9180795799161598
1.262                    11                       304.66713211382114       0.9161487744967719
1.262                    15.999999999999998       304.66713211382114       0.9139715430526935
1.262                    21                       304.66713211382114       0.9114988363710248
1.262                    25.999999999999996       304.66713211382114       0.9086682022825913
1.262                    30.999999999999996       304.66713211382114       0.9053989913027761
1.262                    36                       304.66713211382114       0.9015854477518599
1.262                    41                       304.66713211382114       0.8970864991466382
1.262                    45.99999999999999        304.66713211382114       0.8917103005668947
1.262                    50.99999999999999        304.66713211382114       0.8851902170378365
1.262                    56                       304.66713211382114       0.877146362748713
1.2630000000000001       0.9999999999999999       304.66713211382114       0.9198834659485959
1.2630000000000001       6                        304.66713211382114       0.9181771352599715
1.2630000000000001       11                       304.66713211382114       0.9162667501092756
1.2630000000000001       15.999999999999998       304.66713211382114       0.9141143390935449
1.2630000000000001       21                       304.66713211382114       0.9116720916666944
1.2630000000000001       25.999999999999996       304.66713211382114       0.9088792381471916
1.2630000000000001       30.999999999999996       304.66713211382114       0.9056574510225052
1.2630000000000001       36                       304.66713211382114       0.9019042381387377
1.2630000000000001       41                       304.66713211382114       0.8974832082044985
1.2630000000000001       45.99999999999999        304.66713211382114       0.8922093859588208
1.2630000000000001       50.99999999999999        304.66713211382114       0.8858264799621474
1.2630000000000001       56                       304.66713211382114       0.8779706377914095
1.264                    0.9999999999999999       304.66713211382114       0.9199629237786098
1.264                    6                        304.66713211382114       0.918273215816337
1.264                    11                       304.66713211382114       0.9163828373681253
1.264                    15.999999999999998       304.66713211382114       0.9142547153924545
1.264                    21                       304.66713211382114       0.9118422360657089
1.264                    25.999999999999996       304.66713211382114       0.9090862518948538
1.264                    30.999999999999996       304.66713211382114       0.9059106689993193
1.264                    36                       304.66713211382114       0.9022161265648421
1.264                    41                       304.66713211382114       0.8978707119967305
1.264                    45.99999999999999        304.66713211382114       0.8926960012439441
1.264                    50.99999999999999        304.66713211382114       0.886445530665748
1.264                    56                       304.66713211382114       0.8787706179201494
1.2650000000000001       0.9999999999999999       304.66713211382114       0.9200412759423472
1.2650000000000001       6                        304.66713211382114       0.9183678744524634
1.2650000000000001       11                       304.66713211382114       0.916497101319216
1.2650000000000001       15.999999999999998       304.66713211382114       0.9143927533397924
1.2650000000000001       21                       304.66713211382114       0.9120093732396162
1.2650000000000001       25.999999999999996       304.66713211382114       0.9092893780958206
1.2650000000000001       30.999999999999996       304.66713211382114       0.9061588234679143
1.2650000000000001       36                       304.66713211382114       0.9025213542718289
1.2650000000000001       41                       304.66713211382114       0.8982493448188621
1.2650000000000001       45.99999999999999        304.66713211382114       0.8931706217711145
1.2650000000000001       50.99999999999999        304.66713211382114       0.8870480646600878
1.2650000000000001       56                       304.66713211382114       0.8795473538514679
1.266                    0.9999999999999999       304.66713211382114       0.9201185651140736
1.266                    6                        304.66713211382114       0.9184611627251519
1.266                    11                       304.66713211382114       0.9166096052521844
1.266                    15.999999999999998       304.66713211382114       0.9145285319443467
1.266                    21                       304.66713211382114       0.912173603584237
1.266                    25.999999999999996       304.66713211382114       0.9094887467403995
1.266                    30.999999999999996       304.66713211382114       0.9064020861392615
1.266                    36                       304.66713211382114       0.9028201530077098
1.266                    41                       304.66713211382114       0.8986194268150192
1.266                    45.99999999999999        304.66713211382114       0.8936337012078424
1.266                    50.99999999999999        304.66713211382114       0.8876347431884726
1.266                    56                       304.66713211382114       0.880301840189195
1.2670000000000001       0.9999999999999999       304.66713211382114       0.9201948330211734
1.2670000000000001       6                        304.66713211382114       0.91855313093579
1.2670000000000001       11                       304.66713211382114       0.9167204107752046
1.2670000000000001       15.999999999999998       304.66713211382114       0.9146621279366879
1.2670000000000001       21                       304.66713211382114       0.912335024366051
1.2670000000000001       25.999999999999996       304.66713211382114       0.9096844834514816
1.2670000000000001       30.999999999999996       304.66713211382114       0.906640622515478
1.2670000000000001       36                       304.66713211382114       0.9031127455097275
1.2670000000000001       41                       304.66713211382114       0.8989812647378519
1.2670000000000001       45.99999999999999        304.66713211382114       0.8940856727765217
1.2670000000000001       50.99999999999999        304.66713211382114       0.8882061953122543
1.2670000000000001       56                       304.66713211382114       0.8810350190850365
1.268                    0.9999999999999999       304.66713211382114       0.9202701204835423
1.268                    6                        304.66713211382114       0.9186438281818737
1.268                    11                       304.66713211382114       0.9168295778857399
1.268                    15.999999999999998       304.66713211382114       0.9147936158674533
1.268                    21                       304.66713211382114       0.9124937298611251
1.268                    25.999999999999996       304.66713211382114       0.9098767096846084
1.268                    30.999999999999996       304.66713211382114       0.9068745921887871
1.268                    36                       304.66713211382114       0.9033993459587947
1.268                    41                       304.66713211382114       0.8993351526602823
1.268                    45.99999999999999        304.66713211382114       0.894526950408101
1.268                    50.99999999999999        304.66713211382114       0.8887630198468774
1.268                    56                       304.66713211382114       0.8817477836306297
1.2690000000000001       0.9999999999999999       304.66713211382114       0.9203444674509933
1.2690000000000001       6                        304.66713211382114       0.9187333024075344
1.2690000000000001       11                       304.66713211382114       0.9169371650382114
1.2690000000000001       15.999999999999998       304.66713211382114       0.9149230682006453
1.2690000000000001       21                       304.66713211382114       0.9126498114868176
1.2690000000000001       25.999999999999996       304.66713211382114       0.9100655429205324
1.2690000000000001       30.999999999999996       304.66713211382114       0.9071041491230101
1.2690000000000001       36                       304.66713211382114       0.9036801604067326
1.2690000000000001       41                       304.66713211382114       0.8996813726441653
1.2690000000000001       45.99999999999999        304.66713211382114       0.8949579298197737
1.2690000000000001       50.99999999999999        304.66713211382114       0.8893057871643846
1.2690000000000001       56                       304.66713211382114       0.8824409809858548
1.27                     0.9999999999999999       304.66713211382114       0.9204179130389151
1.27                     6                        304.66713211382114       0.9188216004508927
1.27                     11                       304.66713211382114       0.9170432292087495
1.27                     15.999999999999998       304.66713211382114       0.9150505554032167
1.27                     21                       304.66713211382114       0.9128033579280634
1.27                     25.999999999999996       304.66713211382114       0.9102510968437054
1.27                     30.999999999999996       304.66713211382114       0.9073294419200157
1.27                     36                       304.66713211382114       0.903955387179493
1.27                     41                       304.66713211382114       0.900020195367385
1.27                     45.99999999999999        304.66713211382114       0.8953789895228645
1.27                     50.99999999999999        304.66713211382114       0.8898350408698658
1.27                     56                       304.66713211382114       0.8831154152812631
1.2710000000000001       0.9999999999999999       304.66713211382114       0.9204904955628018
1.2710000000000001       6                        304.66713211382114       0.9189087680896245
1.2710000000000001       11                       304.66713211382114       0.9171478259565211
1.2710000000000001       15.999999999999998       304.66713211382114       0.9151761460291074
1.2710000000000001       21                       304.66713211382114       0.9129544552558853
1.2710000000000001       25.999999999999996       304.66713211382114       0.9104334815149028
1.2710000000000001       30.999999999999996       304.66713211382114       0.9075506140711451
1.2710000000000001       36                       304.66713211382114       0.904225217256742
1.2710000000000001       41                       304.66713211382114       0.9003518807132185
1.2710000000000001       45.99999999999999        304.66713211382114       0.895790491765883
1.2710000000000001       50.99999999999999        304.66713211382114       0.8903512993629474
1.2710000000000001       56                       304.66713211382114       0.8837718503033183
1.272                    0.9999999999999999       304.66713211382114       0.9205622525711181
1.272                    6                        304.66713211382114       0.918994850084771
1.272                    11                       304.66713211382114       0.9172510094827148
1.272                    15.999999999999998       304.66713211382114       0.9152999068009214
1.272                    21                       304.66713211382114       0.9131031870407045
1.272                    25.999999999999996       304.66713211382114       0.9106128035331417
1.272                    30.999999999999996       304.66713211382114       0.9077678041955368
1.272                    36                       304.66713211382114       0.9044898346302097
1.272                    41                       304.66713211382114       0.900676678323565
1.272                    45.99999999999999        304.66713211382114       0.8961927834165649
1.272                    50.99999999999999        304.66713211382114       0.8908550572934038
1.272                    56                       304.66713211382114       0.8844110119883015
1.2730000000000001       0.9999999999999999       304.66713211382114       0.9206332208768118
1.2730000000000001       6                        304.66713211382114       0.9190798902220267
1.2730000000000001       11                       304.66713211382114       0.9173528326864603
1.2730000000000001       15.999999999999998       304.66713211382114       0.915421902686392
1.2730000000000001       21                       304.66713211382114       0.9132496344608624
1.2730000000000001       25.999999999999996       304.66713211382114       0.9107891661896406
1.2730000000000001       30.999999999999996       304.66713211382114       0.9079811462656414
1.2730000000000001       36                       304.66713211382114       0.9047494166411962
1.2730000000000001       41                       304.66713211382114       0.9009948281203065
1.2730000000000001       45.99999999999999        304.66713211382114       0.896586196790323
1.2730000000000001       50.99999999999999        304.66713211382114       0.8913467869186424
1.2730000000000001       56                       304.66713211382114       0.8850335907335077
1.274                    0.9999999999999999       304.66713211382114       0.9207034365872204
1.274                    6                        304.66713211382114       0.9191639313521555
1.274                    11                       304.66713211382114       0.9174533472188893
1.274                    15.999999999999998       304.66713211382114       0.915542196971956
1.274                    21                       304.66713211382114       0.9133938764042359
1.274                    25.999999999999996       304.66713211382114       0.9109626696143175
1.274                    30.999999999999996       304.66713211382114       0.9081907698201783
1.274                    36                       304.66713211382114       0.9050041343001957
1.274                    41                       304.66713211382114       0.9013065607952498
1.274                    45.99999999999999        304.66713211382114       0.8969710504238666
1.274                    50.99999999999999        304.66713211382114       0.8918269393712813
1.274                    56                       304.66713211382114       0.8856402435475363
1.2750000000000001       0.9999999999999999       304.66713211382114       0.920772935133539
1.2750000000000001       6                        304.66713211382114       0.9192470154288372
1.2750000000000001       11                       304.66713211382114       0.9175526035338968
1.2750000000000001       15.999999999999998       304.66713211382114       0.9156608513331016
1.2750000000000001       21                       304.66713211382114       0.9135359895666616
1.2750000000000001       25.999999999999996       304.66713211382114       0.911133410914636
1.2750000000000001       30.999999999999996       304.66713211382114       0.9083968001668514
1.2750000000000001       36                       304.66713211382114       0.9052541525878525
1.2750000000000001       41                       304.66713211382114       0.9016120982710021
1.2750000000000001       45.99999999999999        304.66713211382114       0.8973476498032156
1.2750000000000001       50.99999999999999        304.66713211382114       0.8922959458427484
1.2750000000000001       56                       304.66713211382114       0.8862315960451153
1.276                    0.9999999999999999       304.66713211382114       0.9208417512981873
1.276                    6                        304.66713211382114       0.919329183545215
1.276                    11                       304.66713211382114       0.9176506509374869
1.276                    15.999999999999998       304.66713211382114       0.9157779259008525
1.276                    21                       304.66713211382114       0.913676048544562
1.276                    25.999999999999996       304.66713211382114       0.9113014843076351
1.276                    30.999999999999996       304.66713211382114       0.9085993585733833
1.276                    36                       304.66713211382114       0.905499630739775
1.276                    41                       304.66713211382114       0.9019116541360847
1.276                    45.99999999999999        304.66713211382114       0.8977162880461595
1.276                    50.99999999999999        304.66713211382114       0.8927542186899183
1.276                    56                       304.66713211382114       0.8868082443074823
1.2770000000000001       0.9999999999999999       304.66713211382114       0.9209099192414428
1.2770000000000001       6                        304.66713211382114       0.9194104759691519
1.2770000000000001       11                       304.66713211382114       0.9177475376346337
1.2770000000000001       15.999999999999998       304.66713211382114       0.9158934793257413
1.2770000000000001       21                       304.66713211382114       0.9138141259235792
1.2770000000000001       25.999999999999996       304.66713211382114       0.9114669812456246
1.2770000000000001       30.999999999999996       304.66713211382114       0.9087985624495302
1.2770000000000001       36                       304.66713211382114       0.9057407225160369
1.2770000000000001       41                       304.66713211382114       0.9022054340543288
1.2770000000000001       45.99999999999999        304.66713211382114       0.8980772465432839
1.2770000000000001       50.99999999999999        304.66713211382114       0.8932021524701054
1.2770000000000001       56                       304.66713211382114       0.8873707566115266
1.278                    0.9999999999999999       304.66713211382114       0.9209774725270952
1.278                    6                        304.66713211382114       0.9194909321765187
1.278                    11                       304.66713211382114       0.9178433107736669
1.278                    15.999999999999998       304.66713211382114       0.9160075688387289
1.278                    21                       304.66713211382114       0.9139502923628692
1.278                    25.999999999999996       304.66713211382114       0.9116299905346633
1.278                    30.999999999999996       304.66713211382114       0.9089945255192703
1.278                    36                       304.66713211382114       0.9059775764557062
1.278                    41                       304.66713211382114       0.9024936361512306
1.278                    45.99999999999999        304.66713211382114       0.8984307955602541
1.278                    50.99999999999999        304.66713211382114       0.8936401249099784
1.278                    56                       304.66713211382114       0.8879196750425455
1.2790000000000001       0.9999999999999999       304.66713211382114       0.921044444146805
1.2790000000000001       6                        304.66713211382114       0.9195705908833524
1.2790000000000001       11                       304.66713211382114       0.9179380164896994
1.2790000000000001       15.999999999999998       304.66713211382114       0.91612025030931
1.2790000000000001       21                       304.66713211382114       0.9140846166756457
1.2790000000000001       25.999999999999996       304.66713211382114       0.911790598449118
1.2790000000000001       30.999999999999996       304.66713211382114       0.9091873579840559
1.2790000000000001       36                       304.66713211382114       0.9062103361178498
1.2790000000000001       41                       304.66713211382114       0.902776451378244
1.2790000000000001       45.99999999999999        304.66713211382114       0.8987771948045826
1.2790000000000001       50.99999999999999        304.66713211382114       0.8940684978132781
1.2790000000000001       56                       304.66713211382114       0.8884555169975427
1.28                     0.9999999999999999       304.66713211382114       0.9211108665436122
1.28                     6                        304.66713211382114       0.9196494900767769
1.28                     11                       304.66713211382114       0.9180316999451513
1.28                     15.999999999999998       304.66713211382114       0.9162315783011011
1.28                     21                       304.66713211382114       0.9142171659059591
1.28                     25.999999999999996       304.66713211382114       0.9119488888387486
1.28                     30.999999999999996       304.66713211382114       0.9093771666783985
1.28                     36                       304.66713211382114       0.9064391403098319
1.28                     41                       304.66713211382114       0.903054063857002
1.28                     45.99999999999999        304.66713211382114       0.8991166939579592
1.28                     50.99999999999999        304.66713211382114       0.8944876179107001
1.28                     56                       304.66713211382114       0.8889787765881724
1.2810000000000001       0.9999999999999999       304.66713211382114       0.9211767716344954
1.2810000000000001       6                        304.66713211382114       0.9197276670442387
1.2810000000000001       11                       304.66713211382114       0.918124405369115
1.2810000000000001       15.999999999999998       304.66713211382114       0.9163416061252403
1.2810000000000001       21                       304.66713211382114       0.9143480054017507
1.2810000000000001       25.999999999999996       304.66713211382114       0.9121049432318602
1.2810000000000001       30.999999999999996       304.66713211382114       0.9095640552168289
1.2810000000000001       36                       304.66713211382114       0.9066641233034861
1.2810000000000001       41                       304.66713211382114       0.9033266512041873
1.2810000000000001       45.99999999999999        304.66713211382114       0.8994495331786614
1.2810000000000001       50.99999999999999        304.66713211382114       0.8948978176581192
1.2810000000000001       56                       304.66713211382114       0.88948992595109
1.282                    0.9999999999999999       304.66713211382114       0.9212421908319924
1.282                    6                        304.66713211382114       0.9198051584021639
1.282                    11                       304.66713211382114       0.9182161760952485
1.282                    15.999999999999998       304.66713211382114       0.9164503858903128
1.282                    21                       304.66713211382114       0.9144771988846622
1.282                    25.999999999999996       304.66713211382114       0.9122588409333459
1.282                    30.999999999999996       304.66713211382114       0.9097481241343234
1.282                    36                       304.66713211382114       0.9068854150401748
1.282                    41                       304.66713211382114       0.90359438483871
1.282                    45.99999999999999        304.66713211382114       0.8997759435734548
1.282                    50.99999999999999        304.66713211382114       0.8952994159848695
1.282                    56                       304.66713211382114       0.8899894164721198
1.2830000000000001       0.9999999999999999       304.66713211382114       0.9213071550648441
1.2830000000000001       6                        304.66713211382114       0.9198820001226004
1.2830000000000001       11                       304.66713211382114       0.918307054597083
1.2830000000000001       15.999999999999998       304.66713211382114       0.9165579685518663
1.2830000000000001       21                       304.66713211382114       0.9146048085162878
1.2830000000000001       25.999999999999996       304.66713211382114       0.9124106591172754
1.2830000000000001       30.999999999999996       304.66713211382114       0.9099294710191601
1.2830000000000001       36                       304.66713211382114       0.9071031413245858
1.2830000000000001       41                       304.66713211382114       0.9038574302717858
1.2830000000000001       45.99999999999999        304.66713211382114       0.9000961476431651
1.2830000000000001       50.99999999999999        304.66713211382114       0.8956927189968863
1.2830000000000001       56                       304.66713211382114       0.890477679931535
1.284                    0.9999999999999999       304.66713211382114       0.9213716947980916
1.284                    6                        304.66713211382114       0.9199582275595322
1.284                    11                       304.66713211382114       0.918397082523115
1.284                    15.999999999999998       304.66713211382114       0.9166644039580609
1.284                    21                       304.66713211382114       0.9147308949628923
1.284                    25.999999999999996       304.66713211382114       0.9125604729163734
1.284                    30.999999999999996       304.66713211382114       0.9101081906394087
1.284                    36                       304.66713211382114       0.9073174240093589
1.284                    41                       304.66713211382114       0.9041159473817275
1.284                    45.99999999999999        304.66713211382114       0.9004103597026988
1.284                    50.99999999999999        304.66713211382114       0.8960780206364846
1.284                    56                       304.66713211382114       0.8909551295738143
1.2850000000000001       0.9999999999999999       304.66713211382114       0.9214358400519375
1.2850000000000001       6                        304.66713211382114       0.9200338754736292
1.2850000000000001       11                       304.66713211382114       0.918486300729214
1.2850000000000001       15.999999999999998       304.66713211382114       0.9167697408943469
1.2850000000000001       21                       304.66713211382114       0.9148555174543331
1.2850000000000001       25.999999999999996       304.66713211382114       0.9127083555060734
1.2850000000000001       30.999999999999996       304.66713211382114       0.9102843750633263
1.2850000000000001       36                       304.66713211382114       0.9075283811695368
1.2850000000000001       41                       304.66713211382114       0.9043700906734652
1.2850000000000001       45.99999999999999        304.66713211382114       0.9007187862765905
1.2850000000000001       50.99999999999999        304.66713211382114       0.896455603303682
1.2850000000000001       56                       304.66713211382114       0.8914221611147343
1.286                    0.9999999999999999       304.66713211382114       0.9214996204204291
1.286                    6                        304.66713211382114       0.9201089780562913
1.286                    11                       304.66713211382114       0.9185747493109226
1.286                    15.999999999999998       304.66713211382114       0.9168740271259153
1.286                    21                       304.66713211382114       0.9149787338440794
1.286                    25.999999999999996       304.66713211382114       0.9128543781857414
1.286                    30.999999999999996       304.66713211382114       0.9104581137740156
1.286                    36                       304.66713211382114       0.9077361272688609
1.286                    41                       304.66713211382114       0.9046200095249082
1.286                    45.99999999999999        304.66713211382114       0.9010216264735601
1.286                    50.99999999999999        304.66713211382114       0.8968257384402067
1.286                    56                       304.66713211382114       0.8918791536761728
1.2870000000000001       0.9999999999999999       304.66713211382114       0.9215630650887902
1.2870000000000001       6                        304.66713211382114       0.9201835689522897
1.2870000000000001       11                       304.66713211382114       0.918662467632798
1.2870000000000001       15.999999999999998       304.66713211382114       0.9169773094382494
1.2870000000000001       21                       304.66713211382114       0.9151006006628917
1.2870000000000001       25.999999999999996       304.66713211382114       0.9129986104551168
1.2870000000000001       30.999999999999996       304.66713211382114       0.9106294937782188
1.2870000000000001       36                       304.66713211382114       0.9079407733170167
1.2870000000000001       41                       304.66713211382114       0.9048658484195373
1.2870000000000001       45.99999999999999        304.66713211382114       0.9013190723389584
1.2870000000000001       50.99999999999999        304.66713211382114       0.89718868707855
1.2870000000000001       56                       304.66713211382114       0.8923264706714479
1.288                    0.9999999999999999       304.66713211382114       0.921626202850426
1.288                    6                        304.66713211382114       0.920257681282452
1.288                    11                       304.66713211382114       0.9187494943583496
1.288                    15.999999999999998       304.66713211382114       0.9170796336760235
1.288                    21                       304.66713211382114       0.9152211731728723
1.288                    25.999999999999996       304.66713211382114       0.9131411200885696
1.288                    30.999999999999996       304.66713211382114       0.9107985997102349
1.288                    36                       304.66713211382114       0.9081424270193681
1.288                    41                       304.66713211382114       0.9051077471675778
1.288                    45.99999999999999        304.66713211382114       0.9016113091885521
1.288                    50.99999999999999        304.66713211382114       0.897544700360008
1.288                    56                       304.66713211382114       0.8927644606316738
1.2890000000000001       0.9999999999999999       304.66713211382114       0.9216890621233221
1.2890000000000001       6                        304.66713211382114       0.9203313476635447
1.2890000000000001       11                       304.66713211382114       0.9188358674772451
1.2890000000000001       15.999999999999998       304.66713211382114       0.9171810447802707
1.2890000000000001       21                       304.66713211382114       0.9153405054176399
1.2890000000000001       25.999999999999996       304.66713211382114       0.9132819732040597
1.2890000000000001       30.999999999999996       304.66713211382114       0.9109655139305207
1.2890000000000001       36                       304.66713211382114       0.9083411929195426
1.2890000000000001       41                       304.66713211382114       0.905345841114715
1.2890000000000001       45.99999999999999        304.66713211382114       0.9018985159240046
1.2890000000000001       50.99999999999999        304.66713211382114       0.8978940200218088
1.2890000000000001       56                       304.66713211382114       0.8931934579785678
1.29                     0.9999999999999999       304.66713211382114       0.921751670965478
1.29                     6                        304.66713211382114       0.9204046002299927
1.29                     11                       304.66713211382114       0.9189216243321394
1.29                     15.999999999999998       304.66713211382114       0.9172815868240533
1.29                     21                       304.66713211382114       0.9154586502708802
1.29                     25.999999999999996       304.66713211382114       0.9134212343309164
1.29                     30.999999999999996       304.66713211382114       0.911130316620185
1.29                     36                       304.66713211382114       0.9085371725340664
1.29                     41                       304.66713211382114       0.905580261341078
1.29                     45.99999999999999        304.66713211382114       0.9021808653305581
1.29                     50.99999999999999        304.66713211382114       0.8982368788577506
1.29                     56                       304.66713211382114       0.8936137837589085
1.291                    0.9999999999999999       304.66713211382114       0.9218140570899206
1.291                    6                        304.66713211382114       0.9204774706520866
1.291                    11                       304.66713211382114       0.9190068016444344
1.291                    15.999999999999998       304.66713211382114       0.9173813030467707
1.291                    21                       304.66713211382114       0.9155756594825011
1.291                    25.999999999999996       304.66713211382114       0.9135589664734518
1.291                    30.999999999999996       304.66713211382114       0.9112930858704784
1.291                    36                       304.66713211382114       0.9087304644815996
1.291                    41                       304.66713211382114       0.9058111348492422
1.291                    45.99999999999999        304.66713211382114       0.9024585243598723
1.291                    50.99999999999999        304.66713211382114       0.8985735011505254
1.291                    56                       304.66713211382114       0.894025746323807
1.292                    0.9999999999999999       304.66713211382114       0.921876247879149
1.292                    6                        304.66713211382114       0.9205499901553481
1.292                    11                       304.66713211382114       0.9190914355385447
1.292                    15.999999999999998       304.66713211382114       0.917480235886512
1.292                    21                       304.66713211382114       0.9156915837234098
1.292                    25.999999999999996       304.66713211382114       0.9136952311718046
1.292                    30.999999999999996       304.66713211382114       0.911453897768539
1.292                    36                       304.66713211382114       0.9089211646047936
1.292                    41                       304.66713211382114       0.9060385847430045
1.292                    45.99999999999999        304.66713211382114       0.9027316543961573
1.292                    50.99999999999999        304.66713211382114       0.8989041030816779
1.292                    56                       304.66713211382114       0.8944296419785643
1.2930000000000001       0.9999999999999999       304.66713211382114       0.9219382703988984
1.2930000000000001       6                        304.66713211382114       0.9206221895381882
1.2930000000000001       11                       304.66713211382114       0.9191755615653843
1.2930000000000001       15.999999999999998       304.66713211382114       0.9175784270115335
1.2930000000000001       21                       304.66713211382114       0.9158064726267126
1.2930000000000001       25.999999999999996       304.66713211382114       0.9138300885605734
1.2930000000000001       30.999999999999996       304.66713211382114       0.9116128264789092
1.2930000000000001       36                       304.66713211382114       0.9091093660870356
1.2930000000000001       41                       304.66713211382114       0.9062627303970636
1.2930000000000001       45.99999999999999        304.66713211382114       0.9030004115098547
1.2930000000000001       50.99999999999999        304.66713211382114       0.8992288931176263
1.2930000000000001       56                       304.66713211382114       0.8948257555848143
1.294                    0.9999999999999999       304.66713211382114       0.9220001514115027
1.294                    6                        304.66713211382114       0.9206940991889899
1.294                    11                       304.66713211382114       0.9192592147251366
1.294                    15.999999999999998       304.66713211382114       0.9176759173502844
1.294                    21                       304.66713211382114       0.9159203748298309
1.294                    25.999999999999996       304.66713211382114       0.9139635974240594
1.294                    30.999999999999996       304.66713211382114       0.9117699443214132
1.294                    36                       304.66713211382114       0.9092951595634929
1.294                    41                       304.66713211382114       0.9064836876181142
1.294                    45.99999999999999        304.66713211382114       0.9032649466965713
1.294                    50.99999999999999        304.66713211382114       0.8995480723744492
1.294                    56                       304.66713211382114       0.895214361133651
1.295                    0.9999999999999999       304.66713211382114       0.922061917388525
1.295                    6                        304.66713211382114       0.9207657491029713
1.295                    11                       304.66713211382114       0.9193424294886552
1.295                    15.999999999999998       304.66713211382114       0.9177727471203923
1.295                    21                       304.66713211382114       0.9160333380121451
1.295                    25.999999999999996       304.66713211382114       0.9140958152497277
1.295                    30.999999999999996       304.66713211382114       0.911925321845251
1.295                    36                       304.66713211382114       0.9094786332259986
1.295                    41                       304.66713211382114       0.9067015687983632
1.295                    45.99999999999999        304.66713211382114       0.9035254061049818
1.295                    50.99999999999999        304.66713211382114       0.899861834963354
1.295                    56                       304.66713211382114       0.895595722280779
1.296                    0.9999999999999999       304.66713211382114       0.922123594523054
1.296                    6                        304.66713211382114       0.9208371688975542
1.296                    11                       304.66713211382114       0.9194252398185967
1.296                    15.999999999999998       304.66713211382114       0.9178689558557347
1.296                    21                       304.66713211382114       0.9161454089324589
1.296                    25.999999999999996       304.66713211382114       0.9142267982793962
1.296                    30.999999999999996       304.66713211382114       0.9120790279002706
1.296                    36                       304.66713211382114       0.9096598729245521
1.296                    41                       304.66713211382114       0.9069164830603109
1.296                    45.99999999999999        304.66713211382114       0.9037819312510142
1.296                    50.99999999999999        304.66713211382114       0.9001703683152703
1.296                    56                       304.66713211382114       0.8959700928574472
1.2970000000000002       0.9999999999999999       304.66713211382114       0.9221852087416123
1.2970000000000002       6                        304.66713211382114       0.9209083878281221
1.2970000000000002       11                       304.66713211382114       0.9195076791887584
1.2970000000000002       15.999999999999998       304.66713211382114       0.9179645824330976
1.2970000000000002       21                       304.66713211382114       0.916256633464911
1.2970000000000002       25.999999999999996       304.66713211382114       0.9143566015572347
1.2970000000000002       30.999999999999996       304.66713211382114       0.9122311297043212
1.2970000000000002       36                       304.66713211382114       0.9098389622625773
1.2970000000000002       41                       304.66713211382114       0.9071285363963556
1.2970000000000002       45.99999999999999        304.66713211382114       0.9040346592232451
1.2970000000000002       50.99999999999999        304.66713211382114       0.9004738534912557
1.2970000000000002       56                       304.66713211382114       0.8963377173425822
1.298                    0.9999999999999999       304.66713211382114       0.9222467857150886
1.298                    6                        304.66713211382114       0.9209794348016803
1.298                    11                       304.66713211382114       0.9195897806033776
1.298                    15.999999999999998       304.66713211382114       0.9180596650977292
1.298                    21                       304.66713211382114       0.9163670566327655
1.298                    25.999999999999996       304.66713211382114       0.9144852789770456
1.298                    30.999999999999996       304.66713211382114       0.912381692908252
1.298                    36                       304.66713211382114       0.9100159826885906
1.298                    41                       304.66713211382114       0.90733783179951
1.298                    45.99999999999999        304.66713211382114       0.9042837228757213
1.298                    50.99999999999999        304.66713211382114       0.9007724654724074
1.298                    56                       304.66713211382114       0.8966988313190987
1.299                    0.9999999999999999       304.66713211382114       0.922308350869875
1.299                    6                        304.66713211382114       0.9210503383922062
1.299                    11                       304.66713211382114       0.9196715766158455
1.299                    15.999999999999998       304.66713211382114       0.918154241487349
1.299                    21                       304.66713211382114       0.9164767226410069
1.299                    25.999999999999996       304.66713211382114       0.9146128833262768
1.299                    30.999999999999996       304.66713211382114       0.9125307816570511
1.299                    36                       304.66713211382114       0.9101910135828943
1.299                    41                       304.66713211382114       0.9075444693891856
1.299                    45.99999999999999        304.66713211382114       0.9045292510128559
1.299                    50.99999999999999        304.66713211382114       0.9010663734375811
1.299                    56                       304.66713211382114       0.897053661894276
1.3                      0.9999999999999999       304.66713211382114       0.9223699293982804
1.3                      6                        304.66713211382114       0.9211211268528339
1.3                      11                       304.66713211382114       0.9197530993459596
1.3                      15.999999999999998       304.66713211382114       0.9182483486555243
1.3                      21                       304.66713211382114       0.9165856749076069
1.3                      25.999999999999996       304.66713211382114       0.9147394663288448
1.3                      30.999999999999996       304.66713211382114       0.912678458649686
1.3                      36                       304.66713211382114       0.910364132341507
1.3                      41                       304.66713211382114       0.9077485465302447
1.3                      45.99999999999999        304.66713211382114       0.9047713685634076
1.3                      50.99999999999999        304.66713211382114       0.9013557410245929
1.3                      56                       304.66713211382114       0.8974024281058733
