% Model:              spr_bsa_calc.mph
% Version:            COMSOL 6.0.0.405
% Date:               Dec 4 2024, 16:15
% Table:              Table 1 - Global Evaluation 2
% in_rad                 h_BSA (nm)               freq (THz)               Reflectance, order 0 (1)
1.08                     0.9999999999999999       304.66713211382114       0.9633588821791381
1.08                     6                        304.66713211382114       0.9627761536427122
1.08                     11                       304.66713211382114       0.9622369404122938
1.08                     15.999999999999998       304.66713211382114       0.9617371486466165
1.08                     21                       304.66713211382114       0.961272861802269
1.08                     25.999999999999996       304.66713211382114       0.9608404665863236
1.08                     30.999999999999996       304.66713211382114       0.9604366945287666
1.08                     36                       304.66713211382114       0.9600586211109078
1.08                     41                       304.66713211382114       0.9597036447737466
1.08                     45.99999999999999        304.66713211382114       0.959369457676576
1.081                    0.9999999999999999       304.66713211382114       0.9639159138242646
1.081                    6                        304.66713211382114       0.963288921680942
1.081                    11                       304.66713211382114       0.9627090665889083
1.081                    15.999999999999998       304.66713211382114       0.9621723823337857
1.081                    21                       304.66713211382114       0.9616748040277074
1.081                    25.999999999999996       304.66713211382114       0.9612124490627029
1.081                    30.999999999999996       304.66713211382114       0.960781738154137
1.081                    36                       304.66713211382114       0.9603794344642677
1.081                    41                       304.66713211382114       0.9600026417618227
1.081                    45.99999999999999        304.66713211382114       0.9596487833074965
1.082                    0.9999999999999999       304.66713211382114       0.9644377618543444
1.082                    6                        304.66713211382114       0.9637699156389316
1.082                    11                       304.66713211382114       0.9631518079027763
1.082                    15.999999999999998       304.66713211382114       0.9625800246264758
1.082                    21                       304.66713211382114       0.9620505855969392
1.082                    25.999999999999996       304.66713211382114       0.9615594698632836
1.082                    30.999999999999996       304.66713211382114       0.9611028626162234
1.082                    36                       304.66713211382114       0.9606772589817614
1.082                    41                       304.66713211382114       0.9602794947712388
1.082                    45.99999999999999        304.66713211382114       0.9599067409525011
1.083                    0.9999999999999999       304.66713211382114       0.9649287672082759
1.083                    6                        304.66713211382114       0.9642238643729348
1.083                    11                       304.66713211382114       0.9635700110103946
1.083                    15.999999999999998       304.66713211382114       0.9629649035184148
1.083                    21                       304.66713211382114       0.9624049470879281
1.083                    25.999999999999996       304.66713211382114       0.9618861487254502
1.083                    30.999999999999996       304.66713211382114       0.9614045522489646
1.083                    36                       304.66713211382114       0.9609564392610316
1.083                    41                       304.66713211382114       0.9605384099103664
1.083                    45.99999999999999        304.66713211382114       0.9601474024996346
1.084                    0.9999999999999999       304.66713211382114       0.9653918297115901
1.084                    6                        304.66713211382114       0.9646542062895054
1.084                    11                       304.66713211382114       0.9639673212528544
1.084                    15.999999999999998       304.66713211382114       0.9633307060674958
1.084                    21                       304.66713211382114       0.9627415342959807
1.084                    25.999999999999996       304.66713211382114       0.9621960491958835
1.084                    30.999999999999996       304.66713211382114       0.9616902693735863
1.084                    36                       304.66713211382114       0.9612203291732997
1.084                    41                       304.66713211382114       0.9607826317113467
1.084                    45.99999999999999        304.66713211382114       0.9603739056564857
1.085                    0.9999999999999999       304.66713211382114       0.9658286546701712
1.085                    6                        304.66713211382114       0.9650633604642374
1.085                    11                       304.66713211382114       0.9643464618989069
1.085                    15.999999999999998       304.66713211382114       0.9636802585643433
1.085                    21                       304.66713211382114       0.9630631759562222
1.085                    25.999999999999996       304.66713211382114       0.9624919522487346
1.085                    30.999999999999996       304.66713211382114       0.9619627229811498
1.085                    36                       304.66713211382114       0.9614715552090606
1.085                    41                       304.66713211382114       0.9610147009764943
1.085                    45.99999999999999        304.66713211382114       0.9605887062791838
1.086                    0.9999999999999999       304.66713211382114       0.9662399052613712
1.086                    6                        304.66713211382114       0.9654529092553443
1.086                    11                       304.66713211382114       0.9647094272413931
1.086                    15.999999999999998       304.66713211382114       0.9640157218898666
1.086                    21                       304.66713211382114       0.9633720777341915
1.086                    25.999999999999996       304.66713211382114       0.9627760472452369
1.086                    30.999999999999996       304.66713211382114       0.962224055891163
1.086                    36                       304.66713211382114       0.9617121995013859
1.086                    41                       304.66713211382114       0.9612366335570613
1.086                    45.99999999999999        304.66713211382114       0.9607937529230209
1.087                    0.9999999999999999       304.66713211382114       0.9666252847711408
1.087                    6                        304.66713211382114       0.9658237185586873
1.087                    11                       304.66713211382114       0.9650576165431481
1.087                    15.999999999999998       304.66713211382114       0.9643387294100761
1.087                    21                       304.66713211382114       0.963669959943366
1.087                    25.999999999999996       304.66713211382114       0.9630500676567413
1.087                    30.999999999999996       304.66713211382114       0.962475977675887
1.087                    36                       304.66713211382114       0.9619439296172573
1.087                    41                       304.66713211382114       0.9614500469065849
1.087                    45.99999999999999        304.66713211382114       0.9609906101697024
1.088                    0.9999999999999999       304.66713211382114       0.9669835629829665
1.088                    6                        304.66713211382114       0.9661760122509259
1.088                    11                       304.66713211382114       0.9653919261357877
1.088                    15.999999999999998       304.66713211382114       0.9646504849500996
1.088                    21                       304.66713211382114       0.9639581565483979
1.088                    25.999999999999996       304.66713211382114       0.9633153890210208
1.088                    30.999999999999996       304.66713211382114       0.9627198606691341
1.088                    36                       304.66713211382114       0.9621680922438915
1.088                    41                       304.66713211382114       0.961656251318606
1.088                    45.99999999999999        304.66713211382114       0.9611805474100659
1.089                    0.9999999999999999       304.66713211382114       0.9673125544656793
1.089                    6                        304.66713211382114       0.9665094112499629
1.089                    11                       304.66713211382114       0.9657128109216105
1.089                    15.999999999999998       304.66713211382114       0.9649518323190087
1.089                    21                       304.66713211382114       0.9642376869337661
1.089                    25.999999999999996       304.66713211382114       0.9635731005260836
1.089                    30.999999999999996       304.66713211382114       0.9629568103202238
1.089                    36                       304.66713211382114       0.9623857818728432
1.089                    41                       304.66713211382114       0.9618563167774425
1.089                    45.99999999999999        304.66713211382114       0.9613646038337709
1.09                     0.9999999999999999       304.66713211382114       0.9676090517497374
1.09                     6                        304.66713211382114       0.9668229435608181
1.09                     11                       304.66713211382114       0.9660203226353469
1.09                     15.999999999999998       304.66713211382114       0.9652433040159976
1.09                     21                       304.66713211382114       0.9645093080929716
1.09                     25.999999999999996       304.66713211382114       0.9638240578079865
1.09                     30.999999999999996       304.66713211382114       0.9631877173744295
1.09                     36                       304.66713211382114       0.9625978918421549
1.09                     41                       304.66713211382114       0.9620511226543776
1.09                     45.99999999999999        304.66713211382114       0.9615436367138993
1.091                    0.9999999999999999       304.66713211382114       0.9678687125510935
1.091                    6                        304.66713211382114       0.967115028837253
1.091                    11                       304.66713211382114       0.9663141296417768
1.091                    15.999999999999998       304.66713211382114       0.9655251542380182
1.091                    21                       304.66713211382114       0.9647735524218681
1.091                    25.999999999999996       304.66713211382114       0.9640689221085215
1.091                    30.999999999999996       304.66713211382114       0.9634132969477626
1.091                    36                       304.66713211382114       0.9628051527035923
1.091                    41                       304.66713211382114       0.9622413951116361
1.091                    45.99999999999999        304.66713211382114       0.9617183577595281
1.092                    0.9999999999999999       304.66713211382114       0.9680858967390887
1.092                    6                        304.66713211382114       0.9673834388715556
1.092                    11                       304.66713211382114       0.9665935212681559
1.092                    15.999999999999998       304.66713211382114       0.9657973796423368
1.092                    21                       304.66713211382114       0.9650307546731225
1.092                    25.999999999999996       304.66713211382114       0.9643081893385398
1.092                    30.999999999999996       304.66713211382114       0.9636341179885646
1.092                    36                       304.66713211382114       0.9630081613487872
1.092                    41                       304.66713211382114       0.9624277355741261
1.092                    45.99999999999999        304.66713211382114       0.9618893608093712
1.093                    0.9999999999999999       304.66713211382114       0.9682534451949745
1.093                    6                        304.66713211382114       0.9676252336959124
1.093                    11                       304.66713211382114       0.9668573983925467
1.093                    15.999999999999998       304.66713211382114       0.966059730166911
1.093                    21                       304.66713211382114       0.9652810705299225
1.093                    25.999999999999996       304.66713211382114       0.9645422115206989
1.093                    30.999999999999996       304.66713211382114       0.9638506255677073
1.093                    36                       304.66713211382114       0.9632074032778518
1.093                    41                       304.66713211382114       0.9626106426025495
1.093                    45.99999999999999        304.66713211382114       0.9620571431494417
1.094                    0.9999999999999999       304.66713211382114       0.9683623886892252
1.094                    6                        304.66713211382114       0.967836671421631
1.094                    11                       304.66713211382114       0.9671042510351087
1.094                    15.999999999999998       304.66713211382114       0.9663117113998996
1.094                    21                       304.66713211382114       0.9655244885004047
1.094                    25.999999999999996       304.66713211382114       0.964771212356653
1.094                    30.999999999999996       304.66713211382114       0.9640631577311665
1.094                    36                       304.66713211382114       0.963403269716469
1.094                    41                       304.66713211382114       0.9627905288275177
1.094                    45.99999999999999        304.66713211382114       0.9622221220721229
1.095                    0.9999999999999999       304.66713211382114       0.9684015699956328
1.095                    6                        304.66713211382114       0.968013088384101
1.095                    11                       304.66713211382114       0.9673321228991817
1.095                    15.999999999999998       304.66713211382114       0.9665525793909213
1.095                    21                       304.66713211382114       0.9657608363001275
1.095                    25.999999999999996       304.66713211382114       0.964995298156864
1.095                    30.999999999999996       304.66713211382114       0.964271958152968
1.095                    36                       304.66713211382114       0.9635960707981305
1.095                    41                       304.66713211382114       0.9629677341373971
1.095                    45.99999999999999        304.66713211382114       0.9623846478385122
1.096                    0.9999999999999999       304.66713211382114       0.9683571561661144
1.096                    6                        304.66713211382114       0.9681487444483936
1.096                    11                       304.66713211382114       0.9675385620959275
1.096                    15.999999999999998       304.66713211382114       0.9667813283341234
1.096                    21                       304.66713211382114       0.965989782501601
1.096                    25.999999999999996       304.66713211382114       0.9652144650101373
1.096                    30.999999999999996       304.66713211382114       0.9644771854873126
1.096                    36                       304.66713211382114       0.9637860456996858
1.096                    41                       304.66713211382114       0.9631425359878958
1.096                    45.99999999999999        304.66713211382114       0.96254501388843
1.097                    0.9999999999999999       304.66713211382114       0.9682120095596682
1.097                    6                        304.66713211382114       0.9682366263258942
1.097                    11                       304.66713211382114       0.967720556586579
1.097                    15.999999999999998       304.66713211382114       0.96699667117103
1.097                    21                       304.66713211382114       0.9662108339394295
1.097                    25.999999999999996       304.66713211382114       0.9654286028114111
1.097                    30.999999999999996       304.66713211382114       0.9646789200677407
1.097                    36                       304.66713211382114       0.9639733703798484
1.097                    41                       304.66713211382114       0.9633151574695725
1.097                    45.99999999999999        304.66713211382114       0.9627034649208742
1.098                    0.9999999999999999       304.66713211382114       0.9679448749583467
1.098                    6                        304.66713211382114       0.9682681992694653
1.098                    11                       304.66713211382114       0.9678744521381082
1.098                    15.999999999999998       304.66713211382114       0.9671970128259125
1.098                    21                       304.66713211382114       0.9664233291298042
1.098                    25.999999999999996       304.66713211382114       0.9656374965734078
1.098                    30.999999999999996       304.66713211382114       0.9648771684287638
1.098                    36                       304.66713211382114       0.9641581634003202
1.098                    41                       304.66713211382114       0.9634857736092367
1.098                    45.99999999999999        304.66713211382114       0.9628602033068967
1.099                    0.9999999999999999       304.66713211382114       0.9675293246515384
1.099                    6                        304.66713211382114       0.9682330943615401
1.099                    11                       304.66713211382114       0.9679958497508228
1.099                    15.999999999999998       304.66713211382114       0.9673804154651497
1.099                    21                       304.66713211382114       0.966626427780289
1.099                    25.999999999999996       304.66713211382114       0.9658408252998438
1.099                    30.999999999999996       304.66713211382114       0.9650718659870345
1.099                    36                       304.66713211382114       0.9643404901855198
1.099                    41                       304.66713211382114       0.9636545162550948
1.099                    45.99999999999999        304.66713211382114       0.9630153941820541
1.1                      0.9999999999999999       304.66713211382114       0.9669323819105841
1.1                      6                        304.66713211382114       0.9681187144981157
1.1                      11                       304.66713211382114       0.9680794785219262
1.1                      15.999999999999998       304.66713211382114       0.9675445548449513
1.1                      21                       304.66713211382114       0.9668190962973257
1.1                      25.999999999999996       304.66713211382114       0.9660381585850961
1.1                      30.999999999999996       304.66713211382114       0.9652628781265573
1.1                      36                       304.66713211382114       0.9645203659839795
1.1                      41                       304.66713211382114       0.9638214778218531
1.1                      45.99999999999999        304.66713211382114       0.9631691694815272
1.101                    0.9999999999999999       304.66713211382114       0.9661127131678223
1.101                    6                        304.66713211382114       0.9679097367391652
1.101                    11                       304.66713211382114       0.9681190386891649
1.101                    15.999999999999998       304.66713211382114       0.9676866664490105
1.101                    21                       304.66713211382114       0.9670000890501032
1.101                    25.999999999999996       304.66713211382114       0.9662289510057223
1.101                    30.999999999999996       304.66713211382114       0.9654499998507041
1.101                    36                       304.66713211382114       0.9646977577263363
1.101                    41                       304.66713211382114       0.9639867140825898
1.101                    45.99999999999999        304.66713211382114       0.9633216311167127
1.102                    0.9999999999999999       304.66713211382114       0.9650182365699144
1.102                    6                        304.66713211382114       0.9675874814328884
1.102                    11                       304.66713211382114       0.9681070080648377
1.102                    15.999999999999998       304.66713211382114       0.9678034797160373
1.102                    21                       304.66713211382114       0.9671679249977402
1.102                    25.999999999999996       304.66713211382114       0.9664125342904478
1.102                    30.999999999999996       304.66713211382114       0.965632954105338
1.102                    36                       304.66713211382114       0.9648725849215168
1.102                    41                       304.66713211382114       0.9641502461712269
1.102                    45.99999999999999        304.66713211382114       0.9634728534486775
1.103                    0.9999999999999999       304.66713211382114       0.9635829336489063
1.103                    6                        304.66713211382114       0.9671291087060853
1.103                    11                       304.66713211382114       0.9680344031107921
1.103                    15.999999999999998       304.66713211382114       0.9678911381614516
1.103                    21                       304.66713211382114       0.9673208591271492
1.103                    25.999999999999996       304.66713211382114       0.9665881071804542
1.103                    30.999999999999996       304.66713211382114       0.9658113888278881
1.103                    36                       304.66713211382114       0.965044719691086
1.103                    41                       304.66713211382114       0.9643120619106706
1.103                    45.99999999999999        304.66713211382114       0.9636228851737638
1.104                    0.9999999999999999       304.66713211382114       0.961722563091263
1.104                    6                        304.66713211382114       0.9665065895571131
1.104                    11                       304.66713211382114       0.967890483374066
1.104                    15.999999999999998       304.66713211382114       0.9679451026157304
1.104                    21                       304.66713211382114       0.967456847975213
1.104                    25.999999999999996       304.66713211382114       0.9667547228173596
1.104                    30.999999999999996       304.66713211382114       0.9659848727319068
1.104                    36                       304.66713211382114       0.9652139860085966
1.104                    41                       304.66713211382114       0.964472116539327
1.104                    45.99999999999999        304.66713211382114       0.9637717507135385
1.105                    0.9999999999999999       304.66713211382114       0.9593288482320216
1.105                    6                        304.66713211382114       0.9656853804394621
1.105                    11                       304.66713211382114       0.9676623846976553
1.105                    15.999999999999998       304.66713211382114       0.9679600340674637
1.105                    21                       304.66713211382114       0.9675735083069222
1.105                    25.999999999999996       304.66713211382114       0.9669112734245267
1.105                    30.999999999999996       304.66713211382114       0.9661528898016949
1.105                    36                       304.66713211382114       0.9653801581849316
1.105                    41                       304.66713211382114       0.9646303329146022
1.105                    45.99999999999999        304.66713211382114       0.9639194511776291
1.106                    0.9999999999999999       304.66713211382114       0.9562615239567592
1.106                    6                        304.66713211382114       0.9646227048640624
1.106                    11                       304.66713211382114       0.9673346622771828
1.106                    15.999999999999998       304.66713211382114       0.9679296516869101
1.106                    21                       304.66713211382114       0.967668067787669
1.106                    25.999999999999996       304.66713211382114       0.967056471970561
1.106                    30.999999999999996       304.66713211382114       0.9663148324326357
1.106                    36                       304.66713211382114       0.9655429586160342
1.106                    41                       304.66713211382114       0.964786601223988
1.106                    45.99999999999999        304.66713211382114       0.964065964953155
1.107                    0.9999999999999999       304.66713211382114       0.9523373560880513
1.107                    6                        304.66713211382114       0.9632653102032737
1.107                    11                       304.66713211382114       0.9668887188742615
1.107                    15.999999999999998       304.66713211382114       0.9678465604491475
1.107                    21                       304.66713211382114       0.9677373062038306
1.107                    25.999999999999996       304.66713211382114       0.9671888304148164
1.107                    30.999999999999996       304.66713211382114       0.9664699931204851
1.107                    36                       304.66713211382114       0.965702054789318
1.107                    41                       304.66713211382114       0.9649407782456308
1.107                    45.99999999999999        304.66713211382114       0.9642112479594305
1.108                    0.9999999999999999       304.66713211382114       0.9473148464006413
1.108                    6                        304.66713211382114       0.9615465183359506
1.108                    11                       304.66713211382114       0.9663020858207239
1.108                    15.999999999999998       304.66713211382114       0.9677020413014612
1.108                    21                       304.66713211382114       0.9677774854430686
1.108                    25.999999999999996       304.66713211382114       0.9673066340404488
1.108                    30.999999999999996       304.66713211382114       0.9666175545638237
1.108                    36                       304.66713211382114       0.9658570555282096
1.108                    41                       304.66713211382114       0.9650926861585094
1.108                    45.99999999999999        304.66713211382114       0.9643552335980875
1.109                    0.9999999999999999       304.66713211382114       0.9408727526508821
1.109                    6                        304.66713211382114       0.9593823188465704
1.109                    11                       304.66713211382114       0.9655475141386467
1.109                    15.999999999999998       304.66713211382114       0.9674857949287667
1.109                    21                       304.66713211382114       0.967784266024161
1.109                    25.999999999999996       304.66713211382114       0.9674079112624162
1.109                    30.999999999999996       304.66713211382114       0.9667565780077759
1.109                    36                       304.66713211382114       0.9660075064336582
1.109                    41                       304.66713211382114       0.9652421109198326
1.109                    45.99999999999999        304.66713211382114       0.9644978324181285
1.11                     0.9999999999999999       304.66713211382114       0.9325797140077752
1.11                     6                        304.66713211382114       0.956666154357375
1.11                     11                       304.66713211382114       0.9645918191763969
1.11                     15.999999999999998       304.66713211382114       0.9671856277235824
1.11                     21                       304.66713211382114       0.9677526074429366
1.11                     25.999999999999996       304.66713211382114       0.967490398168081
1.11                     30.999999999999996       304.66713211382114       0.9668859896115196
1.11                     36                       304.66713211382114       0.966152884466267
1.11                     41                       304.66713211382114       0.9653888002011782
1.11                     45.99999999999999        304.66713211382114       0.9646389315091901
1.111                    0.9999999999999999       304.66713211382114       0.9218511084180326
1.111                    6                        304.66713211382114       0.9532619064920229
1.111                    11                       304.66713211382114       0.9633944032354876
1.111                    15.999999999999998       304.66713211382114       0.9667870653944037
1.111                    21                       304.66713211382114       0.9676766489467749
1.111                    25.999999999999996       304.66713211382114       0.9675514968818925
1.111                    30.999999999999996       304.66713211382114       0.967004564578055
1.111                    36                       304.66713211382114       0.9662925915932296
1.111                    41                       304.66713211382114       0.9655324608657794
1.111                    45.99999999999999        304.66713211382114       0.9647783936296719
1.112                    0.9999999999999999       304.66713211382114       0.9078877776836421
1.112                    6                        304.66713211382114       0.9489943900717989
1.112                    11                       304.66713211382114       0.9619053548008742
1.112                    15.999999999999998       304.66713211382114       0.9662728754942806
1.112                    21                       304.66713211382114       0.9675495665324674
1.112                    25.999999999999996       304.66713211382114       0.9675882266553725
1.112                    30.999999999999996       304.66713211382114       0.9671109087243731
1.112                    36                       304.66713211382114       0.9664259474041712
1.112                    41                       304.66713211382114       0.9656727559627548
1.112                    45.99999999999999        304.66713211382114       0.9649160560703145
1.113                    0.9999999999999999       304.66713211382114       0.8895897082307266
1.113                    6                        304.66713211382114       0.9436363780282299
1.113                    11                       304.66713211382114       0.9600629874468806
1.113                    15.999999999999998       304.66713211382114       0.9656224747042924
1.113                    21                       304.66713211382114       0.9673634009259109
1.113                    25.999999999999996       304.66713211382114       0.9675971663442786
1.113                    30.999999999999996       304.66713211382114       0.9672034371100512
1.113                    36                       304.66713211382114       0.9665521805808505
1.113                    41                       304.66713211382114       0.9658093012113124
1.113                    45.99999999999999        304.66713211382114       0.9650517292490942
1.114                    0.9999999999999999       304.66713211382114       0.8654372666282483
1.114                    6                        304.66713211382114       0.9368907791900752
1.114                    11                       304.66713211382114       0.9577906324465483
1.114                    15.999999999999998       304.66713211382114       0.9648111895085792
1.114                    21                       304.66713211382114       0.9671088499912833
1.114                    25.999999999999996       304.66713211382114       0.9675743866457955
1.114                    30.999999999999996       304.66713211382114       0.9672803492648423
1.114                    36                       304.66713211382114       0.9666704190789857
1.114                    41                       304.66713211382114       0.9659416609246547
1.114                    45.99999999999999        304.66713211382114       0.965185195028065
1.115                    0.9999999999999999       304.66713211382114       0.8333366309397567
1.115                    6                        304.66713211382114       0.9283660421281421
1.115                    11                       304.66713211382114       0.9549924311926884
1.115                    15.999999999999998       304.66713211382114       0.9638093293399507
1.115                    21                       304.66713211382114       0.9667750173412194
1.115                    25.999999999999996       304.66713211382114       0.9675153701137944
1.115                    30.999999999999996       304.66713211382114       0.9673396004635265
1.115                    36                       304.66713211382114       0.966779678855733
1.115                    41                       304.66713211382114       0.9660693433330262
1.115                    45.99999999999999        304.66713211382114       0.965316204738968
1.116                    0.9999999999999999       304.66713211382114       0.7904441471592573
1.116                    6                        304.66713211382114       0.9175421416053081
1.116                    11                       304.66713211382114       0.9515477793358451
1.116                    15.999999999999998       304.66713211382114       0.9625810185404196
1.116                    21                       304.66713211382114       0.966349106782621
1.116                    25.999999999999996       304.66713211382114       0.9674149165271866
1.116                    30.999999999999996       304.66713211382114       0.9673788683933119
1.116                    36                       304.66713211382114       0.966878850943254
1.116                    41                       304.66713211382114       0.9661917952253066
1.116                    45.99999999999999        304.66713211382114       0.9654444768981705
1.117                    0.9999999999999999       304.66713211382114       0.7330399456867857
1.117                    6                        304.66713211382114       0.9037236657849906
1.117                    11                       304.66713211382114       0.9473039440537421
1.117                    15.999999999999998       304.66713211382114       0.9610827163872947
1.117                    21                       304.66713211382114       0.9658160494684872
1.117                    25.999999999999996       304.66713211382114       0.9672670306415979
1.117                    30.999999999999996       304.66713211382114       0.9673955144241071
1.117                    36                       304.66713211382114       0.9669666866355222
1.117                    41                       304.66713211382114       0.9663083958531364
1.117                    45.99999999999999        304.66713211382114       0.9655696945873878
1.118                    0.9999999999999999       304.66713211382114       0.6566638362867958
1.118                    6                        304.66713211382114       0.8859758086819732
1.118                    11                       304.66713211382114       0.9420661961216641
1.118                    15.999999999999998       304.66713211382114       0.9592613314566107
1.118                    21                       304.66713211382114       0.9651580470704816
1.118                    25.999999999999996       304.66713211382114       0.9670647886725328
1.118                    30.999999999999996       304.66713211382114       0.9673865385398058
1.118                    36                       304.66713211382114       0.967041780509826
1.118                    41                       304.66713211382114       0.9664184499938211
1.118                    45.99999999999999        304.66713211382114       0.9656915024723576
1.119                    0.9999999999999999       304.66713211382114       0.5570279089022149
1.119                    6                        304.66713211382114       0.8630392720189808
1.119                    11                       304.66713211382114       0.9355845540937723
1.119                    15.999999999999998       304.66713211382114       0.9570518055448322
1.119                    21                       304.66713211382114       0.9643540096538745
1.119                    25.999999999999996       304.66713211382114       0.9668001790039197
1.119                    30.999999999999996       304.66713211382114       0.9673485267954023
1.119                    36                       304.66713211382114       0.9671025509567561
1.119                    41                       304.66713211382114       0.9665211800831494
1.119                    45.99999999999999        304.66713211382114       0.9658095034240713
1.12                     0.9999999999999999       304.66713211382114       0.43264752794505507
1.12                     6                        304.66713211382114       0.8332233399416009
1.12                     11                       304.66713211382114       0.9275359143058202
1.12                     15.999999999999998       304.66713211382114       0.9543740003453054
1.12                     21                       304.66713211382114       0.963378860907829
1.12                     25.999999999999996       304.66713211382114       0.9664639115447338
1.12                     30.999999999999996       304.66713211382114       0.9672775899376262
1.12                     36                       304.66713211382114       0.9671472178337599
1.12                     41                       304.66713211382114       0.9666157172794024
1.12                     45.99999999999999        304.66713211382114       0.9659232547030969
1.121                    0.9999999999999999       304.66713211382114       0.29002654260261934
1.121                    6                        304.66713211382114       0.7942880291182386
1.121                    11                       304.66713211382114       0.9174999335573942
1.121                    15.999999999999998       304.66713211382114       0.951128663155742
1.121                    21                       304.66713211382114       0.9622026754805594
1.121                    25.999999999999996       304.66713211382114       0.9660451888026012
1.121                    30.999999999999996       304.66713211382114       0.9671692915389567
1.121                    36                       304.66713211382114       0.9671737767868049
1.121                    41                       304.66713211382114       0.9667010913345987
1.121                    45.99999999999999        304.66713211382114       0.9660322636590357
1.122                    0.9999999999999999       304.66713211382114       0.149557763969908
1.122                    6                        304.66713211382114       0.7433582925768192
1.122                    11                       304.66713211382114       0.9049265741031881
1.122                    15.999999999999998       304.66713211382114       0.9471921709331584
1.122                    21                       304.66713211382114       0.9607896027810354
1.122                    25.999999999999996       304.66713211382114       0.9655314300274077
1.122                    30.999999999999996       304.66713211382114       0.9670185636546739
1.122                    36                       304.66713211382114       0.9671799697019886
1.122                    41                       304.66713211382114       0.9667762190949336
1.122                    45.99999999999999        304.66713211382114       0.9661359828914101
1.123                    0.9999999999999999       304.66713211382114       0.04411078440022619
1.123                    6                        304.66713211382114       0.6769895873460364
1.123                    11                       304.66713211382114       0.8890928472396765
1.123                    15.999999999999998       304.66713211382114       0.9424096485836503
1.123                    21                       304.66713211382114       0.9590965179095914
1.123                    25.999999999999996       304.66713211382114       0.9649079375999946
1.123                    30.999999999999996       304.66713211382114       0.9668196075802524
1.123                    36                       304.66713211382114       0.9671632506473513
1.123                    41                       304.66713211382114       0.9668398914535373
1.123                    45.99999999999999        304.66713211382114       0.9662338048078444
1.124                    0.9999999999999999       304.66713211382114       0.0023695385005674534
1.124                    6                        304.66713211382114       0.5916589468210198
1.124                    11                       304.66713211382114       0.8690463885857476
1.124                    15.999999999999998       304.66713211382114       0.9365859200561719
1.124                    21                       304.66713211382114       0.9570713222475243
1.124                    25.999999999999996       304.66713211382114       0.9641574920530372
1.124                    30.999999999999996       304.66713211382114       0.9665657767647153
1.124                    36                       304.66713211382114       0.9671207465499465
1.124                    41                       304.66713211382114       0.9668907585124152
1.124                    45.99999999999999        304.66713211382114       0.9663250555061664
1.125                    0.9999999999999999       304.66713211382114       0.028516040929807817
1.125                    6                        304.66713211382114       0.4851891230026992
1.125                    11                       304.66713211382114       0.8435350398516563
1.125                    15.999999999999998       304.66713211382114       0.929473572681102
1.125                    21                       304.66713211382114       0.9546507922111993
1.125                    25.999999999999996       304.66713211382114       0.9632598585460849
1.125                    30.999999999999996       304.66713211382114       0.9662494382796607
1.125                    36                       304.66713211382114       0.9670492117044717
1.125                    41                       304.66713211382114       0.9669273127126615
1.125                    45.99999999999999        304.66713211382114       0.9664089878990508
1.1260000000000001       0.9999999999999999       304.66713211382114       0.10215487547889149
1.1260000000000001       6                        304.66713211382114       0.3597054107884438
1.1260000000000001       11                       304.66713211382114       0.8109268711431168
1.1260000000000001       15.999999999999998       304.66713211382114       0.9207571940267794
1.1260000000000001       21                       304.66713211382114       0.9517578428157222
1.1260000000000001       25.999999999999996       304.66713211382114       0.9621911830240509
1.1260000000000001       30.999999999999996       304.66713211382114       0.9658618084340368
1.1260000000000001       36                       304.66713211382114       0.9669449750376116
1.1260000000000001       41                       304.66713211382114       0.9669478696164292
1.1260000000000001       45.99999999999999        304.66713211382114       0.966484773979966
1.127                    0.9999999999999999       304.66713211382114       0.19626622890871143
1.127                    6                        304.66713211382114       0.22587037629010467
1.127                    11                       304.66713211382114       0.7691389802876383
1.127                    15.999999999999998       304.66713211382114       0.9100325890706901
1.127                    21                       304.66713211382114       0.948298030510819
1.127                    25.999999999999996       304.66713211382114       0.960923250366346
1.127                    30.999999999999996       304.66713211382114       0.965392757112295
1.127                    36                       304.66713211382114       0.9668038788440861
1.127                    41                       304.66713211382114       0.9669505459855625
1.127                    45.99999999999999        304.66713211382114       0.966551496122244
1.1280000000000001       0.9999999999999999       304.66713211382114       0.2912136697132595
1.1280000000000001       6                        304.66713211382114       0.10525613825112162
1.1280000000000001       11                       304.66713211382114       0.7156255986386406
1.1280000000000001       15.999999999999998       304.66713211382114       0.8967795554593928
1.1280000000000001       21                       304.66713211382114       0.9441550641630374
1.1280000000000001       25.999999999999996       304.66713211382114       0.9594225691655691
1.1280000000000001       30.999999999999996       304.66713211382114       0.9648305741429893
1.1280000000000001       36                       304.66713211382114       0.9666212074494711
1.1280000000000001       41                       304.66713211382114       0.966933234748586
1.1280000000000001       45.99999999999999        304.66713211382114       0.9666081372810031
1.129                    0.9999999999999999       304.66713211382114       0.37718022342633994
1.129                    6                        304.66713211382114       0.02478573197998958
1.129                    11                       304.66713211382114       0.6475420281171149
1.129                    15.999999999999998       304.66713211382114       0.8803267295385407
1.129                    21                       304.66713211382114       0.9391850204967729
1.129                    25.999999999999996       304.66713211382114       0.9576492378235928
1.129                    30.999999999999996       304.66713211382114       0.9641616894173816
1.129                    36                       304.66713211382114       0.9663916039468657
1.129                    41                       304.66713211382114       0.9668935763446708
1.129                    45.99999999999999        304.66713211382114       0.9666535699494364
1.1300000000000001       0.9999999999999999       304.66713211382114       0.4510292088726377
1.1300000000000001       6                        304.66713211382114       0.0022916438742359296
1.1300000000000001       11                       304.66713211382114       0.5623138016842195
1.1300000000000001       15.999999999999998       304.66713211382114       0.8598074639606258
1.1300000000000001       21                       304.66713211382114       0.9332088672040362
1.1300000000000001       25.999999999999996       304.66713211382114       0.955555533718149
1.1300000000000001       30.999999999999996       304.66713211382114       0.9633703364650538
1.1300000000000001       36                       304.66713211382114       0.9661089727716761
1.1300000000000001       41                       304.66713211382114       0.9668289258945792
1.1300000000000001       45.99999999999999        304.66713211382114       0.966686543697794
1.131                    0.9999999999999999       304.66713211382114       0.512954618062941
1.131                    6                        304.66713211382114       0.03547549491723449
1.131                    11                       304.66713211382114       0.45896629973339576
1.131                    15.999999999999998       304.66713211382114       0.8341074421355857
1.131                    21                       304.66713211382114       0.9260027811093937
1.131                    25.999999999999996       304.66713211382114       0.9530841503646664
1.131                    30.999999999999996       304.66713211382114       0.9624381466577453
1.131                    36                       304.66713211382114       0.9657663654104406
1.131                    41                       304.66713211382114       0.9667363154895575
1.131                    45.99999999999999        304.66713211382114       0.9667056710960968
1.1320000000000001       0.9999999999999999       304.66713211382114       0.5644212296258176
1.1320000000000001       6                        304.66713211382114       0.10611517187533344
1.1320000000000001       11                       304.66713211382114       0.3405027879279109
1.1320000000000001       15.999999999999998       304.66713211382114       0.8018094335538237
1.1320000000000001       21                       304.66713211382114       0.9172856127170379
1.1320000000000001       25.999999999999996       304.66713211382114       0.9501659856215263
1.1320000000000001       30.999999999999996       304.66713211382114       0.9613436579950918
1.1320000000000001       36                       304.66713211382114       0.965355845966457
1.1320000000000001       41                       304.66713211382114       0.9666124108094578
1.1320000000000001       45.99999999999999        304.66713211382114       0.9667094117904518
1.133                    0.9999999999999999       304.66713211382114       0.607168310045086
1.133                    6                        304.66713211382114       0.19306178725393672
1.133                    11                       304.66713211382114       0.21683790601731545
1.133                    15.999999999999998       304.66713211382114       0.7611515228811806
1.133                    21                       304.66713211382114       0.9067027066097642
1.133                    25.999999999999996       304.66713211382114       0.9467173556372179
1.133                    30.999999999999996       304.66713211382114       0.960061718330987
1.133                    36                       304.66713211382114       0.9648683325933317
1.133                    41                       304.66713211382114       0.9664534611160106
1.133                    45.99999999999999        304.66713211382114       0.9666960544659313
1.1340000000000001       0.9999999999999999       304.66713211382114       0.6428080549205991
1.1340000000000001       6                        304.66713211382114       0.28098341562756457
1.1340000000000001       11                       304.66713211382114       0.10590013731781282
1.1340000000000001       15.999999999999998       304.66713211382114       0.710038108298315
1.1340000000000001       21                       304.66713211382114       0.8938051814203954
1.1340000000000001       25.999999999999996       304.66713211382114       0.942636472711126
1.1340000000000001       30.999999999999996       304.66713211382114       0.9585627576827265
1.1340000000000001       36                       304.66713211382114       0.9642934099326173
1.1340000000000001       41                       304.66713211382114       0.9662552414678485
1.1340000000000001       45.99999999999999        304.66713211382114       0.9666636963840713
1.135                    0.9999999999999999       304.66713211382114       0.6727029482142676
1.135                    6                        304.66713211382114       0.3617684358061731
1.135                    11                       304.66713211382114       0.029170433877552582
1.135                    15.999999999999998       304.66713211382114       0.6461861379619036
1.135                    21                       304.66713211382114       0.87802380485546
1.135                    25.999999999999996       304.66713211382114       0.9377989787216806
1.135                    30.999999999999996       304.66713211382114       0.9568118976074593
1.135                    36                       304.66713211382114       0.9636191066014942
1.135                    41                       304.66713211382114       0.9660129858365664
1.135                    45.99999999999999        304.66713211382114       0.9666102201339188
1.1360000000000001       0.9999999999999999       304.66713211382114       0.6979581551955072
1.1360000000000001       6                        304.66713211382114       0.4324253185519884
1.1360000000000001       11                       304.66713211382114       0.0015415873465157877
1.1360000000000001       15.999999999999998       304.66713211382114       0.5675569745687248
1.1360000000000001       21                       304.66713211382114       0.8586369929364851
1.1360000000000001       25.999999999999996       304.66713211382114       0.9320522676430038
1.1360000000000001       30.999999999999996       304.66713211382114       0.95476785711022
1.1360000000000001       36                       304.66713211382114       0.9628316304245255
1.1360000000000001       41                       304.66713211382114       0.9657213094780607
1.1360000000000001       45.99999999999999        304.66713211382114       0.9665332671739569
1.137                    0.9999999999999999       304.66713211382114       0.7194539430398738
1.137                    6                        304.66713211382114       0.49272922852498213
1.137                    11                       304.66713211382114       0.023179577906457752
1.137                    15.999999999999998       304.66713211382114       0.4732933337241576
1.137                    21                       304.66713211382114       0.8347336876078334
1.137                    25.999999999999996       304.66713211382114       0.9252082604071918
1.137                    30.999999999999996       304.66713211382114       0.9523816036683962
1.137                    36                       304.66713211382114       0.9619150524114772
1.137                    41                       304.66713211382114       0.9653741186587814
1.137                    45.99999999999999        304.66713211382114       0.9664302076690795
1.1380000000000001       0.9999999999999999       304.66713211382114       0.7378868099551319
1.1380000000000001       6                        304.66713211382114       0.5436561594703151
1.1380000000000001       11                       304.66713211382114       0.08119948691963337
1.1380000000000001       15.999999999999998       304.66713211382114       0.36533880478848807
1.1380000000000001       21                       304.66713211382114       0.8051748552912454
1.1380000000000001       25.999999999999996       304.66713211382114       0.9170342154376305
1.1380000000000001       30.999999999999996       304.66713211382114       0.9495946840564253
1.1380000000000001       36                       304.66713211382114       0.9608509283747657
1.1380000000000001       41                       304.66713211382114       0.9649645053987622
1.1380000000000001       45.99999999999999        304.66713211382114       0.9662981060450365
1.139                    0.9999999999999999       304.66713211382114       0.7538076542224497
1.139                    6                        304.66713211382114       0.5865503257012353
1.139                    11                       304.66713211382114       0.15840306803641405
1.139                    15.999999999999998       304.66713211382114       0.25049973355556565
1.139                    21                       304.66713211382114       0.7685638406700164
1.139                    25.999999999999996       304.66713211382114       0.9072410779366281
1.139                    30.999999999999996       304.66713211382114       0.9463371519734864
1.139                    36                       304.66713211382114       0.9596178444305824
1.139                    41                       304.66713211382114       0.9644846244581098
1.139                    45.99999999999999        304.66713211382114       0.9661336815793999
1.1400000000000001       0.9999999999999999       304.66713211382114       0.7676535889149195
1.1400000000000001       6                        304.66713211382114       0.6227449436232461
1.1400000000000001       11                       304.66713211382114       0.24064506798190774
1.1400000000000001       15.999999999999998       304.66713211382114       0.14167497085791494
1.1400000000000001       21                       304.66713211382114       0.723248749487602
1.1400000000000001       25.999999999999996       304.66713211382114       0.8954688146027577
1.1400000000000001       30.999999999999996       304.66713211382114       0.9425249871218928
1.1400000000000001       36                       304.66713211382114       0.9581908693048848
1.1400000000000001       41                       304.66713211382114       0.9639255491955463
1.1400000000000001       45.99999999999999        304.66713211382114       0.9659332632270999
1.141                    0.9999999999999999       304.66713211382114       0.7797732240777002
1.141                    6                        304.66713211382114       0.6534182575714009
1.141                    11                       304.66713211382114       0.3192402856532234
1.141                    15.999999999999998       304.66713211382114       0.05595140392077222
1.141                    21                       304.66713211382114       0.6674035111457168
1.141                    25.999999999999996       304.66713211382114       0.8812682021729037
1.141                    30.999999999999996       304.66713211382114       0.9380568724220667
1.141                    36                       304.66713211382114       0.9565408921856248
1.141                    41                       304.66713211382114       0.963277102237728
1.141                    45.99999999999999        304.66713211382114       0.9656927377382971
1.1420000000000001       0.9999999999999999       304.66713211382114       0.7904463096956941
1.1420000000000001       6                        304.66713211382114       0.6795585593979818
1.1420000000000001       11                       304.66713211382114       0.3900986440694087
1.1420000000000001       15.999999999999998       304.66713211382114       0.008436652654158749
1.1420000000000001       21                       304.66713211382114       0.5992711969014288
1.1420000000000001       25.999999999999996       304.66713211382114       0.8640787515867394
1.1420000000000001       30.999999999999996       304.66713211382114       0.9328101617066993
1.1420000000000001       36                       304.66713211382114       0.9546338196033232
1.1420000000000001       41                       304.66713211382114       0.9625276560294811
1.1420000000000001       45.99999999999999        304.66713211382114       0.9654074899495098
1.143                    0.9999999999999999       304.66713211382114       0.7998988461728971
1.143                    6                        304.66713211382114       0.7019742159848384
1.143                    11                       304.66713211382114       0.4520115326178181
1.143                    15.999999999999998       304.66713211382114       0.0050766959912957035
1.143                    21                       304.66713211382114       0.5176960464865771
1.143                    25.999999999999996       304.66713211382114       0.8432030808276016
1.143                    30.999999999999996       304.66713211382114       0.9266358292944269
1.143                    36                       304.66713211382114       0.9524295982042381
1.143                    41                       304.66713211382114       0.9616638972541381
1.143                    45.99999999999999        304.66713211382114       0.9650723339267775
1.1440000000000001       0.9999999999999999       304.66713211382114       0.8083146729612273
1.1440000000000001       6                        304.66713211382114       0.7213188718954512
1.1440000000000001       11                       304.66713211382114       0.505258370106101
1.1440000000000001       15.999999999999998       304.66713211382114       0.0403788044917579
1.1440000000000001       21                       304.66713211382114       0.42307806832855077
1.1440000000000001       25.999999999999996       304.66713211382114       0.817779529680134
1.1440000000000001       30.999999999999996       304.66713211382114       0.919352146545254
1.1440000000000001       36                       304.66713211382114       0.9498810219627077
1.1440000000000001       41                       304.66713211382114       0.9606705478262563
1.1440000000000001       45.99999999999999        304.66713211382114       0.9646814333883782
1.145                    0.9999999999999999       304.66713211382114       0.815844364807637
1.145                    6                        304.66713211382114       0.7381189671947082
1.145                    11                       304.66713211382114       0.550746657012635
1.145                    15.999999999999998       304.66713211382114       0.10167311635153893
1.145                    21                       304.66713211382114       0.31874601510559614
1.145                    25.999999999999996       304.66713211382114       0.7867579196341564
1.145                    30.999999999999996       304.66713211382114       0.9107367832389452
1.145                    36                       304.66713211382114       0.9469322719636475
1.145                    41                       304.66713211382114       0.9595300335066375
1.145                    45.99999999999999        304.66713211382114       0.964228209536973
1.1460000000000001       0.9999999999999999       304.66713211382114       0.8226120840094354
1.1460000000000001       6                        304.66713211382114       0.752798641646334
1.1460000000000001       11                       304.66713211382114       0.5895577483878316
1.1460000000000001       15.999999999999998       304.66713211382114       0.17550088254943766
1.1460000000000001       21                       304.66713211382114       0.21230035374256798
1.1460000000000001       25.999999999999996       304.66713211382114       0.7488894146336803
1.1460000000000001       30.999999999999996       304.66713211382114       0.9005169942840174
1.1460000000000001       36                       304.66713211382114       0.9435171239061907
1.1460000000000001       41                       304.66713211382114       0.958222089199855
1.1460000000000001       45.99999999999999        304.66713211382114       0.9637052340687301
1.147                    0.9999999999999999       304.66713211382114       0.8287208834698961
1.147                    6                        304.66713211382114       0.7657006032066913
1.147                    11                       304.66713211382114       0.6227358726411453
1.147                    15.999999999999998       304.66713211382114       0.2516201620251716
1.147                    21                       304.66713211382114       0.11576344983413472
1.147                    25.999999999999996       304.66713211382114       0.7027523628920628
1.147                    30.999999999999996       304.66713211382114       0.888357548407623
1.147                    36                       304.66713211382114       0.9395567424575935
1.147                    41                       304.66713211382114       0.9567232874766274
1.147                    45.99999999999999        304.66713211382114       0.9631041046905041
1.1480000000000001       0.9999999999999999       304.66713211382114       0.8342568337624269
1.1480000000000001       6                        304.66713211382114       0.7771029762869653
1.1480000000000001       11                       304.66713211382114       0.6512058219414164
1.1480000000000001       15.999999999999998       304.66713211382114       0.32386477331875974
1.1480000000000001       21                       304.66713211382114       0.0431281269241122
1.1480000000000001       25.999999999999996       304.66713211382114       0.6468538389969346
1.1480000000000001       30.999999999999996       304.66713211382114       0.8738461326610232
1.1480000000000001       36                       304.66713211382114       0.9349569620939281
1.1480000000000001       41                       304.66713211382114       0.9550064737989215
1.1480000000000001       45.99999999999999        304.66713211382114       0.9624152999440245
1.149                    0.9999999999999999       304.66713211382114       0.8392922544016665
1.149                    6                        304.66713211382114       0.7872326527054003
1.149                    11                       304.66713211382114       0.6757527455571452
1.149                    15.999999999999998       304.66713211382114       0.38930134807353556
1.149                    21                       304.66713211382114       0.005372418319001084
1.149                    25.999999999999996       304.66713211382114       0.5798710903686941
1.149                    30.999999999999996       304.66713211382114       0.8564762165094105
1.149                    36                       304.66713211382114       0.9296049309060825
1.149                    41                       304.66713211382114       0.9530400880611894
1.149                    45.99999999999999        304.66713211382114       0.9616280094912603
1.1500000000000001       0.9999999999999999       304.66713211382114       0.8438882595744585
1.1500000000000001       6                        304.66713211382114       0.796275778504214
1.1500000000000001       11                       304.66713211382114       0.6970290390996575
1.1500000000000001       15.999999999999998       304.66713211382114       0.44703680625285364
1.1500000000000001       21                       304.66713211382114       0.0057939275426462985
1.1500000000000001       25.999999999999996       304.66713211382114       0.5011186480146126
1.1500000000000001       30.999999999999996       304.66713211382114       0.8356279521961906
1.1500000000000001       36                       304.66713211382114       0.9233649673825086
1.1500000000000001       41                       304.66713211382114       0.9507873473197826
1.1500000000000001       45.99999999999999        304.66713211382114       0.9607299352297688
1.151                    0.9999999999999999       304.66713211382114       0.8480967764139551
1.151                    6                        304.66713211382114       0.8043859652330324
1.151                    11                       304.66713211382114       0.7155711327861755
1.151                    15.999999999999998       304.66713211382114       0.4972724694145023
1.151                    21                       304.66713211382114       0.03920037347734698
1.151                    25.999999999999996       304.66713211382114       0.4113125490493654
1.151                    30.999999999999996       304.66713211382114       0.8105489275457435
1.151                    36                       304.66713211382114       0.9160734519970543
1.151                    41                       304.66713211382114       0.9482052587088285
1.151                    45.99999999999999        304.66713211382114       0.9597070576480353
1.1520000000000001       0.9999999999999999       304.66713211382114       0.8519621551026182
1.1520000000000001       6                        304.66713211382114       0.8116907211991723
1.1520000000000001       11                       304.66713211382114       0.7318182723762563
1.1520000000000001       15.999999999999998       304.66713211382114       0.5407038100854027
1.1520000000000001       21                       304.66713211382114       0.09526957832638829
1.1520000000000001       25.999999999999996       304.66713211382114       0.3135828500460761
1.1520000000000001       30.999999999999996       304.66713211382114       0.780338987432943
1.1520000000000001       36                       304.66713211382114       0.9075325495059302
1.1520000000000001       41                       304.66713211382114       0.9452434242913932
1.1520000000000001       45.99999999999999        304.66713211382114       0.9585433606569443
1.153                    0.9999999999999999       304.66713211382114       0.8555224612296816
1.153                    6                        304.66713211382114       0.818296500528535
1.153                    11                       304.66713211382114       0.7461299895152173
1.153                    15.999999999999998       304.66713211382114       0.5781868993305791
1.153                    21                       304.66713211382114       0.1630682336884454
1.153                    25.999999999999996       304.66713211382114       0.21438029562853975
1.153                    30.999999999999996       304.66713211382114       0.7439477032488655
1.153                    36                       304.66713211382114       0.8975025427883163
1.153                    41                       304.66713211382114       0.9418425907586607
1.153                    45.99999999999999        304.66713211382114       0.9572205067064276
1.1540000000000001       0.9999999999999999       304.66713211382114       0.8588105193001583
1.1540000000000001       6                        304.66713211382114       0.8242926817080707
1.1540000000000001       11                       304.66713211382114       0.7588011361325417
1.1540000000000001       15.999999999999998       304.66713211382114       0.6105722099813219
1.1540000000000001       21                       304.66713211382114       0.2339644406473012
1.1540000000000001       25.999999999999996       304.66713211382114       0.12349657553788458
1.1540000000000001       30.999999999999996       304.66713211382114       0.7002004708744736
1.1540000000000001       36                       304.66713211382114       0.8856925718611804
1.1540000000000001       41                       304.66713211382114       0.9379328861860091
1.1540000000000001       45.99999999999999        304.66713211382114       0.9557174522346918
1.155                    0.9999999999999999       304.66713211382114       0.8618547601862601
1.155                    6                        304.66713211382114       0.8297547166702878
1.155                    11                       304.66713211382114       0.7700743289189
1.155                    15.999999999999998       304.66713211382114       0.6386323096853028
1.155                    21                       304.66713211382114       0.30241625467750216
1.155                    25.999999999999996       304.66713211382114       0.05231863226234233
1.155                    30.999999999999996       304.66713211382114       0.6478806090197352
1.155                    36                       304.66713211382114       0.8717496446070714
1.155                    41                       304.66713211382114       0.9334316733228262
1.155                    45.99999999999999        304.66713211382114       0.9540099913581932
1.1560000000000001       0.9999999999999999       304.66713211382114       0.8646799132025152
1.1560000000000001       6                        304.66713211382114       0.8347466357312102
1.1560000000000001       11                       304.66713211382114       0.7801500404786836
1.1560000000000001       15.999999999999998       304.66713211382114       0.6630381762543835
1.1560000000000001       21                       304.66713211382114       0.36549599030972657
1.1560000000000001       25.999999999999996       304.66713211382114       0.010336707389439863
1.1560000000000001       30.999999999999996       304.66713211382114       0.5859095887334332
1.1560000000000001       36                       304.66713211382114       0.8552459775196831
1.1560000000000001       41                       304.66713211382114       0.9282409341391656
1.1560000000000001       45.99999999999999        304.66713211382114       0.9520702130772455
1.157                    0.9999999999999999       304.66713211382114       0.8673075743275976
1.157                    6                        304.66713211382114       0.839323050556272
1.157                    11                       304.66713211382114       0.7891946954168286
1.157                    15.999999999999998       304.66713211382114       0.6843587582723921
1.157                    21                       304.66713211382114       0.422051872025458
1.157                    25.999999999999996       304.66713211382114       0.0016075328301473563
1.157                    30.999999999999996       304.66713211382114       0.5136797532569332
1.157                    36                       304.66713211382114       0.8356651392059801
1.157                    41                       304.66713211382114       0.9222440839830481
1.157                    45.99999999999999        304.66713211382114       0.949865854065015
1.1580000000000001       0.9999999999999999       304.66713211382114       0.8697566751518234
1.1580000000000001       6                        304.66713211382114       0.8435307642991117
1.1580000000000001       11                       304.66713211382114       0.7973471341915518
1.1580000000000001       15.999999999999998       304.66713211382114       0.7030704121033802
1.1580000000000001       21                       304.66713211382114       0.47197228473422237
1.1580000000000001       25.999999999999996       304.66713211382114       0.023530292076594857
1.1580000000000001       30.999999999999996       304.66713211382114       0.43158556261972514
1.1580000000000001       36                       304.66713211382114       0.8123882831570911
1.1580000000000001       41                       304.66713211382114       0.9153020968942737
1.1580000000000001       45.99999999999999        304.66713211382114       0.9473595251992738
1.159                    0.9999999999999999       304.66713211382114       0.8720438718144972
1.159                    6                        304.66713211382114       0.8474100728771627
1.159                    11                       304.66713211382114       0.8047237669599437
1.159                    15.999999999999998       304.66713211382114       0.7195695436548879
1.159                    21                       304.66713211382114       0.5156769795315342
1.159                    25.999999999999996       304.66713211382114       0.06864399810897981
1.159                    30.999999999999996       304.66713211382114       0.3417338702320603
1.159                    36                       304.66713211382114       0.7846832561107686
1.159                    41                       304.66713211382114       0.9072488090351525
1.159                    45.99999999999999        304.66713211382114       0.9445077852479316
1.1600000000000001       0.9999999999999999       304.66713211382114       0.8741838691165357
1.1600000000000001       6                        304.66713211382114       0.8509958222077733
1.1600000000000001       11                       304.66713211382114       0.8114226867004044
1.1600000000000001       15.999999999999998       304.66713211382114       0.7341853380729404
1.1600000000000001       21                       304.66713211382114       0.5538090923594271
1.1600000000000001       25.999999999999996       304.66713211382114       0.12787456367570735
1.1600000000000001       30.999999999999996       304.66713211382114       0.2486470676651978
1.1600000000000001       36                       304.66713211382114       0.7517019855907622
1.1600000000000001       41                       304.66713211382114       0.8978852601366502
1.1600000000000001       45.99999999999999        304.66713211382114       0.9412600294179392
1.161                    0.9999999999999999       304.66713211382114       0.876189691848825
1.161                    6                        304.66713211382114       0.854318271634193
1.161                    11                       304.66713211382114       0.8175269595442464
1.161                    15.999999999999998       304.66713211382114       0.7471912748879919
1.161                    21                       304.66713211382114       0.587066020313572
1.161                    25.999999999999996       304.66713211382114       0.19318452095723715
1.161                    30.999999999999996       304.66713211382114       0.15951843766343535
1.161                    36                       304.66713211382114       0.7124958504581537
1.161                    41                       304.66713211382114       0.8869729432951504
1.161                    45.99999999999999        304.66713211382114       0.9375571536725423
1.1620000000000001       0.9999999999999999       304.66713211382114       0.8780729129250118
1.1620000000000001       6                        304.66713211382114       0.8574038026494248
1.1620000000000001       11                       304.66713211382114       0.8231072655962661
1.1620000000000001       15.999999999999998       304.66713211382114       0.7588150140952284
1.1620000000000001       21                       304.66713211382114       0.6161151938904265
1.1620000000000001       25.999999999999996       304.66713211382114       0.2587648372238122
1.1620000000000001       30.999999999999996       304.66713211382114       0.08342694527153938
1.1620000000000001       36                       304.66713211382114       0.666065245043768
1.1620000000000001       41                       304.66713211382114       0.8742258794682455
1.1620000000000001       45.99999999999999        304.66713211382114       0.9333299477574936
1.163                    0.9999999999999999       304.66713211382114       0.8798438460013375
1.163                    6                        304.66713211382114       0.860275503502021
1.163                    11                       304.66713211382114       0.8282240267101223
1.163                    15.999999999999998       304.66713211382114       0.769246647797942
1.163                    21                       304.66713211382114       0.6415578070182123
1.163                    25.999999999999996       304.66713211382114       0.32106125025212356
1.163                    30.999999999999996       304.66713211382114       0.02923949464547714
1.163                    36                       304.66713211382114       0.6114681287927105
1.163                    41                       304.66713211382114       0.8593015462433083
1.163                    45.99999999999999        304.66713211382114       0.9284971607801269
1.1640000000000001       0.9999999999999999       304.66713211382114       0.8815117087667755
1.1640000000000001       6                        304.66713211382114       0.8629536537206677
1.1640000000000001       11                       304.66713211382114       0.8329291281869974
1.1640000000000001       15.999999999999998       304.66713211382114       0.7786454806959668
1.1640000000000001       21                       304.66713211382114       0.6639179246636916
1.1640000000000001       25.999999999999996       304.66713211382114       0.37826553056880524
1.1640000000000001       30.999999999999996       304.66713211382114       0.0028543566750104795
1.1640000000000001       36                       304.66713211382114       0.548020690886714
1.1640000000000001       41                       304.66713211382114       0.8417909248643691
1.1640000000000001       45.99999999999999        304.66713211382114       0.9229631732116573
1.165                    0.9999999999999999       304.66713211382114       0.8830847619041002
1.165                    6                        304.66713211382114       0.8654561275437909
1.165                    11                       304.66713211382114       0.8372673181094574
1.165                    15.999999999999998       304.66713211382114       0.787145554860401
1.165                    21                       304.66713211382114       0.6836440634546664
1.165                    25.999999999999996       304.66713211382114       0.42972413904175216
1.165                    30.999999999999996       304.66713211382114       0.005277911411128447
1.165                    36                       304.66713211382114       0.47562391623971967
1.165                    41                       304.66713211382114       0.8212083742174062
1.165                    45.99999999999999        304.66713211382114       0.9166151990122114
1.1660000000000001       0.9999999999999999       304.66713211382114       0.8845704277835774
1.1660000000000001       6                        304.66713211382114       0.8677987313183854
1.1660000000000001       11                       304.66713211382114       0.841277349853416
1.1660000000000001       15.999999999999998       304.66713211382114       0.7948601332490767
1.1660000000000001       21                       304.66713211382114       0.7011162251340994
1.1660000000000001       25.999999999999996       304.66713211382114       0.4754608113127862
1.1660000000000001       30.999999999999996       304.66713211382114       0.032706130471693406
1.1660000000000001       36                       304.66713211382114       0.3952266326722708
1.1660000000000001       41                       304.66713211382114       0.7969828367991924
1.1660000000000001       45.99999999999999        304.66713211382114       0.9093199326380309
1.167                    0.9999999999999999       304.66713211382114       0.8859753922076196
1.167                    6                        304.66713211382114       0.8699954868869917
1.167                    11                       304.66713211382114       0.8449929191823315
1.167                    15.999999999999998       304.66713211382114       0.8018853337972207
1.167                    21                       304.66713211382114       0.716654738473317
1.167                    25.999999999999996       304.66713211382114       0.5158507423030844
1.167                    30.999999999999996       304.66713211382114       0.07838256312277717
1.167                    36                       304.66713211382114       0.3093643564908893
1.167                    41                       304.66713211382114       0.7684532407229409
1.167                    45.99999999999999        304.66713211382114       0.9009195507245786
1.1680000000000001       0.9999999999999999       304.66713211382114       0.887305691923485
1.1680000000000001       6                        304.66713211382114       0.8720588705893276
1.1680000000000001       11                       304.66713211382114       0.8484434363524217
1.1680000000000001       15.999999999999998       304.66713211382114       0.8083030768661925
1.1680000000000001       21                       304.66713211382114       0.7305291270796991
1.1680000000000001       25.999999999999996       304.66713211382114       0.5514203113976969
1.1680000000000001       30.999999999999996       304.66713211382114       0.13493799923840127
1.1680000000000001       36                       304.66713211382114       0.22257993099412385
1.1680000000000001       41                       304.66713211382114       0.7348731681053999
1.1680000000000001       45.99999999999999        304.66713211382114       0.8912269822333918
1.169                    0.9999999999999999       304.66713211382114       0.8885667901404822
1.169                    6                        304.66713211382114       0.8740000156314566
1.169                    11                       304.66713211382114       0.8516546651256537
1.169                    15.999999999999998       304.66713211382114       0.8141834802220682
1.169                    21                       304.66713211382114       0.7429662139278337
1.169                    25.999999999999996       304.66713211382114       0.5827336649378669
1.169                    30.999999999999996       304.66713211382114       0.19606743361787937
1.169                    36                       304.66713211382114       0.14138167175349778
1.169                    41                       304.66713211382114       0.6954332226841677
1.169                    45.99999999999999        304.66713211382114       0.8800203825497381
1.1700000000000002       0.9999999999999999       304.66713211382114       0.8897636419046993
1.1700000000000002       6                        304.66713211382114       0.8758288840916977
1.1700000000000002       11                       304.66713211382114       0.8546492539531585
1.1700000000000002       15.999999999999998       304.66713211382114       0.8195868102907321
1.1700000000000002       21                       304.66713211382114       0.7541571846391364
1.1700000000000002       25.999999999999996       304.66713211382114       0.6103337403351053
1.1700000000000002       30.999999999999996       304.66713211382114       0.2572137364691889
1.1700000000000002       36                       304.66713211382114       0.07338260083316475
1.1700000000000002       41                       304.66713211382114       0.6493141905008262
1.1700000000000002       45.99999999999999        304.66713211382114       0.8670368012780848
1.171                    0.9999999999999999       304.66713211382114       0.8909007508612882
1.171                    6                        304.66713211382114       0.8775544136559174
1.171                    11                       304.66713211382114       0.8574471794117836
1.171                    15.999999999999998       304.66713211382114       0.8245650770014186
1.171                    21                       304.66713211382114       0.764263581604009
1.171                    25.999999999999996       304.66713211382114       0.6347152112782155
1.171                    30.999999999999996       304.66713211382114       0.3155243354561402
1.171                    36                       304.66713211382114       0.025587741870567775
1.171                    41                       304.66713211382114       0.5957895192277388
1.171                    45.99999999999999        304.66713211382114       0.8519651451143886
1.1720000000000002       0.9999999999999999       304.66713211382114       0.8919822186851138
1.1720000000000002       6                        304.66713211382114       0.8791846432369471
1.1720000000000002       11                       304.66713211382114       0.8600661179285796
1.1720000000000002       15.999999999999998       304.66713211382114       0.829163341948364
1.1720000000000002       21                       304.66713211382114       0.7734223130200176
1.1720000000000002       25.999999999999996       304.66713211382114       0.656315127331943
1.1720000000000002       30.999999999999996       304.66713211382114       0.36947914103044294
1.1720000000000002       36                       304.66713211382114       0.002413095949195512
1.1720000000000002       41                       304.66713211382114       0.5343995980850903
1.1720000000000002       45.99999999999999        304.66713211382114       0.8344387461026471
1.173                    0.9999999999999999       304.66713211382114       0.8930117882464395
1.173                    6                        304.66713211382114       0.8807268208844465
1.173                    11                       304.66713211382114       0.8625217586477453
1.173                    15.999999999999998       304.66713211382114       0.8334207954473521
1.173                    21                       304.66713211382114       0.7817498020571632
1.173                    25.999999999999996       304.66713211382114       0.675512772809033
1.173                    30.999999999999996       304.66713211382114       0.4184665659143035
1.173                    36                       304.66713211382114       0.004434924293215966
1.173                    41                       304.66713211382114       0.4652171602693616
1.173                    45.99999999999999        304.66713211382114       0.8140282147423188
1.1740000000000002       0.9999999999999999       304.66713211382114       0.8939928814085352
1.1740000000000002       6                        304.66713211382114       0.8821874967823523
1.1740000000000002       11                       304.66713211382114       0.8648280677857156
1.1740000000000002       15.999999999999998       304.66713211382114       0.8373716467543396
1.1740000000000002       21                       304.66713211382114       0.7893454077449492
1.1740000000000002       25.999999999999996       304.66713211382114       0.6926339097325943
1.1740000000000002       30.999999999999996       304.66713211382114       0.4624327159821828
1.1740000000000002       36                       304.66713211382114       0.028543596684394074
1.1740000000000002       41                       304.66713211382114       0.3892023581705044
1.1740000000000002       45.99999999999999        304.66713211382114       0.7902358809965215
1.175                    0.9999999999999999       304.66713211382114       0.8949286322099114
1.175                    6                        304.66713211382114       0.8835726036495116
1.175                    11                       304.66713211382114       0.8669975128409997
1.175                    15.999999999999998       304.66713211382114       0.841045862751026
1.175                    21                       304.66713211382114       0.7962942398353355
1.175                    25.999999999999996       304.66713211382114       0.7079567536556848
1.175                    30.999999999999996       304.66713211382114       0.50163239239838
1.175                    36                       304.66713211382114       0.0692932434729408
1.175                    41                       304.66713211382114       0.3085943821632243
1.175                    45.99999999999999        304.66713211382114       0.7624941366008634
1.1760000000000002       0.9999999999999999       304.66713211382114       0.8958219160687856
1.1760000000000002       6                        304.66713211382114       0.8848875264599874
1.1760000000000002       11                       304.66713211382114       0.8690412534483001
1.1760000000000002       15.999999999999998       304.66713211382114       0.84446978329995
1.1760000000000002       21                       304.66713211382114       0.8026694745810635
1.1760000000000002       25.999999999999996       304.66713211382114       0.721718295128849
1.1760000000000002       30.999999999999996       304.66713211382114       0.5364685383947128
1.1760000000000002       36                       304.66713211382114       0.1206066191001073
1.1760000000000002       41                       304.66713211382114       0.2272000199388486
1.1760000000000002       45.99999999999999        304.66713211382114       0.7301715539630736
1.177                    0.9999999999999999       304.66713211382114       0.8966753755482038
1.177                    6                        304.66713211382114       0.886137163078117
1.177                    11                       304.66713211382114       0.8709693044118055
1.177                    15.999999999999998       304.66713211382114       0.8476666358582995
1.177                    21                       304.66713211382114       0.8085342619086269
1.177                    25.999999999999996       304.66713211382114       0.7341202903045585
1.177                    30.999999999999996       304.66713211382114       0.5673960236297882
1.177                    36                       304.66713211382114       0.17707382733488758
1.177                    41                       304.66713211382114       0.15035034683765922
1.177                    45.99999999999999        304.66713211382114       0.6925929257768598
1.1780000000000002       0.9999999999999999       304.66713211382114       0.8974914431409098
1.1780000000000002       6                        304.66713211382114       0.8873259771410925
1.1780000000000002       11                       304.66713211382114       0.8727906754460352
1.1780000000000002       15.999999999999998       304.66713211382114       0.85065696749402
1.1780000000000002       21                       304.66713211382114       0.8139432990350696
1.1780000000000002       25.999999999999996       304.66713211382114       0.7453346322559875
1.1780000000000002       30.999999999999996       304.66713211382114       0.5948679078249148
1.1780000000000002       36                       304.66713211382114       0.23457283025708917
1.1780000000000002       41                       304.66713211382114       0.08429517827407798
1.1780000000000002       45.99999999999999        304.66713211382114       0.6490823645937308
1.179                    0.9999999999999999       304.66713211382114       0.8982723614634996
1.179                    6                        304.66713211382114       0.8884580443053137
1.179                    11                       304.66713211382114       0.8745134913453464
1.179                    15.999999999999998       304.66713211382114       0.8534590089267402
1.179                    21                       304.66713211382114       0.8189441320574822
1.179                    25.999999999999996       304.66713211382114       0.7555080188629694
1.179                    30.999999999999996       304.66713211382114       0.6193080173119948
1.179                    36                       304.66713211382114       0.2903400964560234
1.179                    41                       304.66713211382114       0.03499948539894418
1.179                    45.99999999999999        304.66713211382114       0.5990419102968401
1.1800000000000002       0.9999999999999999       304.66713211382114       0.8990202011931191
1.1800000000000002       6                        304.66713211382114       0.8895370927952034
1.1800000000000002       11                       304.66713211382114       0.8761450956495896
1.1800000000000002       15.999999999999998       304.66713211382114       0.8560889824153012
1.1800000000000002       21                       304.66713211382114       0.823578235599725
1.1800000000000002       25.999999999999996       304.66713211382114       0.7647659347398923
1.1800000000000002       30.999999999999996       304.66713211382114       0.641099021079804
1.1800000000000002       36                       304.66713211382114       0.34274865618804806
1.1800000000000002       41                       304.66713211382114       0.006680392099240496
1.1800000000000002       45.99999999999999        304.66713211382114       0.5420803049778022
1.181                    0.9999999999999999       304.66713211382114       0.8997368770337786
1.181                    6                        304.66713211382114       0.8905665390462775
1.181                    11                       304.66713211382114       0.8776921403464065
1.181                    15.999999999999998       304.66713211382114       0.858561363086811
1.181                    21                       304.66713211382114       0.8278819111402506
1.181                    25.999999999999996       304.66713211382114       0.7732160102647962
1.181                    30.999999999999996       304.66713211382114       0.6605791971348264
1.181                    36                       304.66713211382114       0.39100055034706016
1.181                    41                       304.66713211382114       7.203563073237768E-4
1.181                    45.99999999999999        304.66713211382114       0.4782044576767389
1.1820000000000002       0.9999999999999999       304.66713211382114       0.9004241619569205
1.1820000000000002       6                        304.66713211382114       0.8915495191123625
1.1820000000000002       11                       304.66713211382114       0.8791606637188452
1.1820000000000002       15.999999999999998       304.66713211382114       0.8608891015192331
1.1820000000000002       21                       304.66713211382114       0.8318870369078258
1.1820000000000002       25.999999999999996       304.66713211382114       0.78095083663462
1.1820000000000002       30.999999999999996       304.66713211382114       0.6780437781318712
1.1820000000000002       36                       304.66713211382114       0.4348453470673239
1.1820000000000002       41                       304.66713211382114       0.01548642391538706
1.1820000000000002       45.99999999999999        304.66713211382114       0.4080738591878435
1.183                    0.9999999999999999       304.66713211382114       0.9010836999273328
1.183                    6                        304.66713211382114       0.8924889164052996
1.183                    11                       304.66713211382114       0.880556158097353
1.183                    15.999999999999998       304.66713211382114       0.863083813962641
1.183                    21                       304.66713211382114       0.8356216959697266
1.183                    25.999999999999996       304.66713211382114       0.7880503167118095
1.183                    30.999999999999996       304.66713211382114       0.6937484790614135
1.183                    36                       304.66713211382114       0.47436398484750997
1.183                    41                       304.66713211382114       0.047082609791719396
1.183                    45.99999999999999        304.66713211382114       0.33328848695737157
1.1840000000000002       0.9999999999999999       304.66713211382114       0.9017170172989831
1.1840000000000002       6                        304.66713211382114       0.8933873862512284
1.1840000000000002       11                       304.66713211382114       0.8818836289877754
1.1840000000000002       15.999999999999998       304.66713211382114       0.8651559454367943
1.1840000000000002       21                       304.66713211382114       0.8391107040838869
1.1840000000000002       25.999999999999996       304.66713211382114       0.794583625273696
1.1840000000000002       30.999999999999996       304.66713211382114       0.7079138577904702
1.1840000000000002       36                       304.66713211382114       0.5098190275091146
1.1840000000000002       41                       304.66713211382114       0.09057407620534391
1.1840000000000002       45.99999999999999        304.66713211382114       0.2566302319399006
1.185                    0.9999999999999999       304.66713211382114       0.902325533036413
1.185                    6                        304.66713211382114       0.894247377676866
1.185                    11                       304.66713211382114       0.8831476468087158
1.185                    15.999999999999998       304.66713211382114       0.8671149100169311
1.185                    21                       304.66713211382114       0.8423760548176533
1.185                    25.999999999999996       304.66713211382114       0.8006108434097758
1.185                    30.999999999999996       304.66713211382114       0.7207297824051685
1.185                    36                       304.66713211382114       0.5415581700661168
1.185                    41                       304.66713211382114       0.14111642803949567
1.185                    45.99999999999999        304.66713211382114       0.18211968575158707
1.1860000000000002       0.9999999999999999       304.66713211382114       0.9029105679006337
1.1860000000000002       6                        304.66713211382114       0.8950711527789601
1.1860000000000002       11                       304.66713211382114       0.8843523922791304
1.1860000000000002       15.999999999999998       304.66713211382114       0.8689692118684192
1.1860000000000002       21                       304.66713211382114       0.8454372961669722
1.1860000000000002       25.999999999999996       304.66713211382114       0.8061843224417327
1.1860000000000002       30.999999999999996       304.66713211382114       0.7323596408975912
1.1860000000000002       36                       304.66713211382114       0.5699557287329344
1.1860000000000002       41                       304.66713211382114       0.19466323559891766
1.1860000000000002       45.99999999999999        304.66713211382114       0.11472709712310103
1.187                    0.9999999999999999       304.66713211382114       0.9034733527185917
1.187                    6                        304.66713211382114       0.8958608039804856
1.187                    11                       304.66713211382114       0.8855016963328444
1.187                    15.999999999999998       304.66713211382114       0.8707265499834212
1.187                    21                       304.66713211382114       0.8483118502792542
1.187                    25.999999999999996       304.66713211382114       0.8113498239273537
1.187                    30.999999999999996       304.66713211382114       0.7429441331802863
1.187                    36                       304.66713211382114       0.5953793545630672
1.187                    41                       304.66713211382114       0.24822570909752642
1.187                    45.99999999999999        304.66713211382114       0.05965192944059524
1.1880000000000002       0.9999999999999999       304.66713211382114       0.9040150358396505
1.1880000000000002       6                        304.66713211382114       0.8966182694347815
1.1880000000000002       11                       304.66713211382114       0.88659907530473
1.1880000000000002       15.999999999999998       304.66713211382114       0.8723939090736635
1.1880000000000002       21                       304.66713211382114       0.851015285763924
1.1880000000000002       25.999999999999996       304.66713211382114       0.8161474744736216
1.1880000000000002       30.999999999999996       304.66713211382114       0.7526045971734139
1.1880000000000002       36                       304.66713211382114       0.6181726662910035
1.1880000000000002       41                       304.66713211382114       0.2998249422712137
1.1880000000000002       45.99999999999999        304.66713211382114       0.021285597925196572
1.189                    0.9999999999999999       304.66713211382114       0.9045366898698394
1.189                    6                        304.66713211382114       0.89734534680316
1.189                    11                       304.66713211382114       0.8876477620196586
1.189                    15.999999999999998       304.66713211382114       0.8739776386705339
1.189                    21                       304.66713211382114       0.8535615503646118
1.189                    25.999999999999996       304.66713211382114       0.8206125673647185
1.189                    30.999999999999996       304.66713211382114       0.7614458787949221
1.189                    36                       304.66713211382114       0.6386475110768786
1.189                    41                       304.66713211382114       0.34829910339163184
1.189                    45.99999999999999        304.66713211382114       0.002205930267946917
1.1900000000000002       0.9999999999999999       304.66713211382114       0.905039317764944
1.1900000000000002       6                        304.66713211382114       0.8980437056000992
1.1900000000000002       11                       304.66713211382114       0.8886507333229605
1.1900000000000002       15.999999999999998       304.66713211382114       0.8754835221458469
1.1900000000000002       21                       304.66713211382114       0.8559631703874048
1.1900000000000002       25.999999999999996       304.66713211382114       0.824776237354061
1.1900000000000002       30.999999999999996       304.66713211382114       0.7695587832427314
1.1900000000000002       36                       304.66713211382114       0.6570818001242649
1.1900000000000002       41                       304.66713211382114       0.3930796853641058
1.1900000000000002       45.99999999999999        304.66713211382114       0.002628501391709179
1.191                    0.9999999999999999       304.66713211382114       0.9055238583495862
1.191                    6                        304.66713211382114       0.8987148982756071
1.191                    11                       304.66713211382114       0.8896107345127644
1.191                    15.999999999999998       304.66713211382114       0.8769168370987798
1.191                    21                       304.66713211382114       0.8582314221556643
1.191                    25.999999999999996       304.66713211382114       0.828666030269334
1.191                    30.999999999999996       304.66713211382114       0.7770221556242672
1.191                    36                       304.66713211382114       0.673720398651607
1.191                    41                       304.66713211382114       0.4339946763250474
1.191                    45.99999999999999        304.66713211382114       0.020543919381581663
1.1920000000000002       0.9999999999999999       304.66713211382114       0.9059911913259293
1.1920000000000002       6                        304.66713211382114       0.8993603701810605
1.1920000000000002       11                       304.66713211382114       0.8905303010673306
1.1920000000000002       15.999999999999998       304.66713211382114       0.8782824083123608
1.1920000000000002       21                       304.66713211382114       0.8603764798546252
1.1920000000000002       25.999999999999996       304.66713211382114       0.8323063852147352
1.1920000000000002       30.999999999999996       304.66713211382114       0.7839046406555061
1.1920000000000002       36                       304.66713211382114       0.6887775490544125
1.1920000000000002       41                       304.66713211382114       0.47111756788585035
1.1920000000000002       45.99999999999999        304.66713211382114       0.052422902255073886
1.193                    0.9999999999999999       304.66713211382114       0.9064421418246594
1.193                    6                        304.66713211382114       0.8999814685462414
1.193                    11                       304.66713211382114       0.8914117780068762
1.193                    15.999999999999998       304.66713211382114       0.8795846543214392
1.193                    21                       304.66713211382114       0.8624075433859383
1.193                    25.999999999999996       304.66713211382114       0.8357190439746759
1.193                    30.999999999999996       304.66713211382114       0.790266168310705
1.193                    36                       304.66713211382114       0.7024399369302097
1.193                    41                       304.66713211382114       0.5046610297701074
1.193                    45.99999999999999        304.66713211382114       0.09413320416783785
1.1940000000000002       0.9999999999999999       304.66713211382114       0.9068774845466391
1.1940000000000002       6                        304.66713211382114       0.9005794505788661
1.1940000000000002       11                       304.66713211382114       0.8922573371807866
1.1940000000000002       15.999999999999998       304.66713211382114       0.880827628447089
1.1940000000000002       21                       304.66713211382114       0.8643329492447612
1.1940000000000002       25.999999999999996       304.66713211382114       0.8389233996365048
1.1940000000000002       30.999999999999996       304.66713211382114       0.796159207509356
1.1940000000000002       36                       304.66713211382114       0.7148698982083738
1.1940000000000002       41                       304.66713211382114       0.5349065605148172
1.1940000000000002       45.99999999999999        304.66713211382114       0.14172158429752876
1.195                    0.9999999999999999       304.66713211382114       0.9072979475357876
1.195                    6                        304.66713211382114       0.9011554907846653
1.195                    11                       304.66713211382114       0.8930689927318705
1.195                    15.999999999999998       304.66713211382114       0.8820150550430887
1.195                    21                       304.66713211382114       0.8661602669372891
1.195                    25.999999999999996       304.66713211382114       0.8419367943282182
1.195                    30.999999999999996       304.66713211382114       0.8016298245269231
1.195                    36                       304.66713211382114       0.7262084999524028
1.195                    41                       304.66713211382114       0.5621603481127734
1.195                    45.99999999999999        304.66713211382114       0.19188809949922098
1.1960000000000002       0.9999999999999999       304.66713211382114       0.907704215622968
1.1960000000000002       6                        304.66713211382114       0.9017106875924272
1.1960000000000002       11                       304.66713211382114       0.8938486149557734
1.1960000000000002       15.999999999999998       304.66713211382114       0.883150361584046
1.1960000000000002       21                       304.66713211382114       0.8678963830457129
1.1960000000000002       25.999999999999996       304.66713211382114       0.8447747742403389
1.1960000000000002       30.999999999999996       304.66713211382114       0.8067185775298787
1.1960000000000002       36                       304.66713211382114       0.7365783656369962
1.1960000000000002       41                       304.66713211382114       0.5867270538117979
1.1960000000000002       45.99999999999999        304.66713211382114       0.24215731325273973
1.197                    0.9999999999999999       304.66713211382114       0.908096933571309
1.197                    6                        304.66713211382114       0.9022460693596563
1.197                    11                       304.66713211382114       0.8945979427435057
1.197                    15.999999999999998       304.66713211382114       0.8842367071310653
1.197                    21                       304.66713211382114       0.8695475747117798
1.197                    25.999999999999996       304.66713211382114       0.8474513086889449
1.197                    30.999999999999996       304.66713211382114       0.8114612738014613
1.197                    36                       304.66713211382114       0.7460861950917004
1.197                    41                       304.66713211382114       0.608895306294433
1.197                    45.99999999999999        304.66713211382114       0.29084223818575416
1.1980000000000002       0.9999999999999999       304.66713211382114       0.9084767089535807
1.1980000000000002       6                        304.66713211382114       0.9027625998265697
1.1980000000000002       11                       304.66713211382114       0.8953185947722472
1.1980000000000002       15.999999999999998       304.66713211382114       0.8852770076380838
1.1980000000000002       21                       304.66713211382114       0.8711195740303251
1.1980000000000002       25.999999999999996       304.66713211382114       0.8499789788237263
1.1980000000000002       30.999999999999996       304.66713211382114       0.815889611966148
1.1980000000000002       36                       304.66713211382114       0.7548249731677984
1.1980000000000002       41                       304.66713211382114       0.6289305637213974
1.1980000000000002       45.99999999999999        304.66713211382114       0.3369065078818502
1.199                    0.9999999999999999       304.66713211382114       0.9088441147881072
1.199                    6                        304.66713211382114       0.90326118306832
1.199                    11                       304.66713211382114       0.8960120795864359
1.199                    15.999999999999998       304.66713211382114       0.8862739584942524
1.199                    21                       304.66713211382114       0.8726176246143154
1.199                    25.999999999999996       304.66713211382114       0.8523691406374002
1.199                    30.999999999999996       304.66713211382114       0.8200317278536917
1.199                    36                       304.66713211382114       0.7628758840000411
1.199                    41                       304.66713211382114       0.6470724430290652
1.199                    45.99999999999999        304.66713211382114       0.3798005757765263
1.2000000000000002       0.9999999999999999       304.66713211382114       0.9091996919551246
1.2000000000000002       6                        304.66713211382114       0.903742668011839
1.2000000000000002       11                       304.66713211382114       0.8966798046945846
1.2000000000000002       15.999999999999998       304.66713211382114       0.8872300546425259
1.2000000000000002       21                       304.66713211382114       0.8740465313988391
1.2000000000000002       25.999999999999996       304.66713211382114       0.8546320661605719
1.2000000000000002       30.999999999999996       304.66713211382114       0.8239126595426843
1.2000000000000002       36                       304.66713211382114       0.7703099582394813
1.2000000000000002       41                       304.66713211382114       0.6635346416086123
1.2000000000000002       45.99999999999999        304.66713211382114       0.41931281741829085
1.201                    0.9999999999999999       304.66713211382114       0.9095439514154994
1.201                    6                        304.66713211382114       0.9042078525469057
1.201                    11                       304.66713211382114       0.8973230847903251
1.201                    15.999999999999998       304.66713211382114       0.8881476085702026
1.201                    21                       304.66713211382114       0.8754107045921127
1.201                    25.999999999999996       304.66713211382114       0.8567770660839166
1.201                    30.999999999999996       304.66713211382114       0.8275547445184858
1.201                    36                       304.66713211382114       0.7771894842124658
1.201                    41                       304.66713211382114       0.6785062717969417
1.201                    45.99999999999999        304.66713211382114       0.4554510001622237
1.202                    0.9999999999999999       304.66713211382114       0.9098773762502084
1.202                    6                        304.66713211382114       0.904657487281449
1.202                    11                       304.66713211382114       0.897943149194531
1.202                    15.999999999999998       304.66713211382114       0.8890287664256816
1.202                    21                       304.66713211382114       0.8767141985467464
1.202                    25.999999999999996       304.66713211382114       0.8588125965282365
1.202                    30.999999999999996       304.66713211382114       0.8309779597059247
1.202                    36                       304.66713211382114       0.7835692137483782
1.202                    41                       304.66713211382114       0.6921538849479364
1.202                    45.99999999999999        304.66713211382114       0.48835541079309214
1.203                    0.9999999999999999       304.66713211382114       0.9102004235362324
1.203                    6                        304.66713211382114       0.9050922789729101
1.203                    11                       304.66713211382114       0.8985411486005729
1.203                    15.999999999999998       304.66713211382114       0.8898755224817151
1.203                    21                       304.66713211382114       0.8779607462116522
1.203                    25.999999999999996       304.66713211382114       0.8607463522448394
1.203                    30.999999999999996       304.66713211382114       0.8342002133381202
1.203                    36                       304.66713211382114       0.7894973913037417
1.203                    41                       304.66713211382114       0.7046237544871676
1.203                    45.99999999999999        304.66713211382114       0.518238840879571
1.2040000000000002       0.9999999999999999       304.66713211382114       0.9105135260748877
1.2040000000000002       6                        304.66713211382114       0.9055128936688988
1.2040000000000002       11                       304.66713211382114       0.8991181611994019
1.2040000000000002       15.999999999999998       304.66713211382114       0.890689732138159
1.2040000000000002       21                       304.66713211382114       0.8791537897304216
1.2040000000000002       25.999999999999996       304.66713211382114       0.8625853481718624
1.2040000000000002       30.999999999999996       304.66713211382114       0.8372375961256638
1.2040000000000002       36                       304.66713211382114       0.7950166320652875
1.2040000000000002       41                       304.66713211382114       0.71604417133561
1.2040000000000002       45.99999999999999        304.66713211382114       0.5453470800319111
1.205                    0.9999999999999999       304.66713211382114       0.9108170939857442
1.205                    6                        304.66713211382114       0.9059199595839527
1.205                    11                       304.66713211382114       0.8996751982462811
1.205                    15.999999999999998       304.66713211382114       0.8914731236299818
1.205                    21                       304.66713211382114       0.8802965076719927
1.205                    25.999999999999996       304.66713211382114       0.864335990970601
1.205                    30.999999999999996       304.66713211382114       0.8401045979560894
1.205                    36                       304.66713211382114       0.8001646715466844
1.205                    41                       304.66713211382114       0.7265276187104797
1.205                    45.99999999999999        304.66713211382114       0.5699340811254217
1.206                    0.9999999999999999       304.66713211382114       0.9111115161771345
1.206                    6                        304.66713211382114       0.9063140697389153
1.206                    11                       304.66713211382114       0.9002132091300323
1.206                    15.999999999999998       304.66713211382114       0.8922273085881126
1.206                    21                       304.66713211382114       0.8813918393109287
1.206                    25.999999999999996       304.66713211382114       0.8660041419200843
1.206                    30.999999999999996       304.66713211382114       0.8428142953293606
1.206                    36                       304.66713211382114       0.8049750061193721
1.206                    41                       304.66713211382114       0.7361727620399012
1.206                    45.99999999999999        304.66713211382114       0.5922471554573823
1.207                    0.9999999999999999       304.66713211382114       0.9113971617054792
1.207                    6                        304.66713211382114       0.9066957843847209
1.207                    11                       304.66713211382114       0.9007330859930193
1.207                    15.999999999999998       304.66713211382114       0.892953791579858
1.207                    21                       304.66713211382114       0.8824425063187896
1.207                    25.999999999999996       304.66713211382114       0.8675951723378904
1.207                    30.999999999999996       304.66713211382114       0.8453785138896107
1.207                    36                       304.66713211382114       0.8094774411005362
1.207                    41                       304.66713211382114       0.7450662302562049
1.207                    45.99999999999999        304.66713211382114       0.6125187843256701
1.2080000000000002       0.9999999999999999       304.66713211382114       0.9116743810321225
1.2080000000000002       6                        304.66713211382114       0.907065633230277
1.2080000000000002       11                       304.66713211382114       0.9012356679489703
1.2080000000000002       15.999999999999998       304.66713211382114       0.8936539787401176
1.2080000000000002       21                       304.66713211382114       0.8834510321776
1.2080000000000002       25.999999999999996       304.66713211382114       0.8691140125226935
1.2080000000000002       30.999999999999996       304.66713211382114       0.8478079697111877
1.2080000000000002       36                       304.66713211382114       0.8136985605183938
1.2080000000000002       41                       304.66713211382114       0.7532841877425338
1.2080000000000002       45.99999999999999        304.66713211382114       0.6309626578026433
1.209                    0.9999999999999999       304.66713211382114       0.9119435071873033
1.209                    6                        304.66713211382114       0.9074241174936222
1.209                    11                       304.66713211382114       0.9017217449371092
1.209                    15.999999999999998       304.66713211382114       0.8943291855933736
1.209                    21                       304.66713211382114       0.884419759585992
1.209                    25.999999999999996       304.66713211382114       0.8705651950685828
1.209                    30.999999999999996       304.66713211382114       0.8501123924152393
1.209                    36                       304.66713211382114       0.8176621304966475
1.209                    41                       304.66713211382114       0.7608937085116022
1.209                    45.99999999999999        304.66713211382114       0.6477723249254229
1.21                     0.9999999999999999       304.66713211382114       0.9122048568478529
1.21                     6                        304.66713211382114       0.9077717117913843
1.21                     11                       304.66713211382114       0.9021920612492986
1.21                     15.999999999999998       304.66713211382114       0.8949806441505936
1.21                     21                       304.66713211382114       0.885350866092186
1.21                     25.999999999999996       304.66713211382114       0.8719528932772399
1.21                     30.999999999999996       304.66713211382114       0.8523006327100014
1.21                     36                       304.66713211382114       0.8213894463357926
1.21                     41                       304.66713211382114       0.7679539700698051
1.21                     45.99999999999999        304.66713211382114       0.6631213911065509
1.211                    0.9999999999999999       304.66713211382114       0.9124587313379877
1.211                    6                        304.66713211382114       0.9081088658815001
1.211                    11                       304.66713211382114       0.9026473187615323
1.211                    15.999999999999998       304.66713211382114       0.895609509359001
1.211                    21                       304.66713211382114       0.8862463781591041
1.211                    25.999999999999996       304.66713211382114       0.8732809552920783
1.211                    30.999999999999996       304.66713211382114       0.8543807565452793
1.211                    36                       304.66713211382114       0.8248996317797699
1.211                    41                       304.66713211382114       0.774517286515131
1.211                    45.99999999999999        304.66713211382114       0.6771645777165963
1.2120000000000002       0.9999999999999999       304.66713211382114       0.9127054175568743
1.2120000000000002       6                        304.66713211382114       0.9084360062722604
1.2120000000000002       11                       304.66713211382114       0.9030881798975366
1.2120000000000002       15.999999999999998       304.66713211382114       0.8962168649713375
1.2120000000000002       21                       304.66713211382114       0.8871081838375772
1.2120000000000002       25.999999999999996       304.66713211382114       0.8745529344893915
1.2120000000000002       30.999999999999996       304.66713211382114       0.8563601277350246
1.2120000000000002       36                       304.66713211382114       0.8282098976180802
1.2120000000000002       41                       304.66713211382114       0.7806300003930196
1.2120000000000002       45.99999999999999        304.66713211382114       0.6900392128612555
1.213                    0.9999999999999999       304.66713211382114       0.9129451888417535
1.213                    6                        304.66713211382114       0.9087535377094078
1.213                    11                       304.66713211382114       0.9035152703511161
1.213                    15.999999999999998       304.66713211382114       0.8968037288930436
1.213                    21                       304.66713211382114       0.8879380442063156
1.213                    25.999999999999996       304.66713211382114       0.8757721165897847
1.213                    30.999999999999996       304.66713211382114       0.8582454806236879
1.213                    36                       304.66713211382114       0.8313357656445481
1.213                    41                       304.66713211382114       0.7863332516731476
1.213                    45.99999999999999        304.66713211382114       0.7018668892457897
1.214                    0.9999999999999999       304.66713211382114       0.9131783057697523
1.214                    6                        304.66713211382114       0.9090618445517779
1.214                    11                       304.66713211382114       0.9039291815873489
1.214                    15.999999999999998       304.66713211382114       0.8973710580618897
1.214                    21                       304.66713211382114       0.888737603711814
1.214                    25.999999999999996       304.66713211382114       0.8769415438866398
1.214                    30.999999999999996       304.66713211382114       0.8600429841339405
1.214                    36                       304.66713211382114       0.8342912630477479
1.214                    41                       304.66713211382114       0.7916636405258907
1.214                    45.99999999999999        304.66713211382114       0.712755132879364
1.215                    0.9999999999999999       304.66713211382114       0.9134050169043768
1.215                    6                        304.66713211382114       0.909361292044916
1.215                    11                       304.66713211382114       0.9043304731462601
1.215                    15.999999999999998       304.66713211382114       0.897919752905127
1.215                    21                       304.66713211382114       0.8895083995304752
1.215                    25.999999999999996       304.66713211382114       0.8780640369392431
1.215                    30.999999999999996       304.66713211382114       0.8617582983392746
1.215                    36                       304.66713211382114       0.8370890915169463
1.215                    41                       304.66713211382114       0.7966537987098624
1.215                    45.99999999999999        304.66713211382114       0.7227989949456126
1.2160000000000002       0.9999999999999999       304.66713211382114       0.9136255594909601
1.2160000000000002       6                        304.66713211382114       0.9096522275016907
1.2160000000000002       11                       304.66713211382114       0.9047196747636987
1.2160000000000002       15.999999999999998       304.66713211382114       0.8984506614161765
1.2160000000000002       21                       304.66713211382114       0.8902518700554912
1.2160000000000002       25.999999999999996       304.66713211382114       0.8791422140281386
1.2160000000000002       30.999999999999996       304.66713211382114       0.8633966245365686
1.2160000000000002       36                       304.66713211382114       0.8397407746782374
1.2160000000000002       41                       304.66713211382114       0.8013328825269053
1.2160000000000002       45.99999999999999        304.66713211382114       0.7320825220001892
1.217                    0.9999999999999999       304.66713211382114       0.913840160104641
1.217                    6                        304.66713211382114       0.909934981397289
1.217                    11                       304.66713211382114       0.9050972883280836
1.217                    15.999999999999998       304.66713211382114       0.8989645828884337
1.217                    21                       304.66713211382114       0.8909693626033491
1.217                    25.999999999999996       304.66713211382114       0.8801785086343978
1.217                    30.999999999999996       304.66713211382114       0.864962749655091
1.217                    36                       304.66713211382114       0.8422567869262632
1.217                    41                       304.66713211382114       0.8057269985717144
1.217                    45.99999999999999        304.66713211382114       0.7406800858342208
1.218                    0.9999999999999999       304.66713211382114       0.9140490352551662
1.218                    6                        304.66713211382114       0.910209868386226
1.218                    11                       304.66713211382114       0.9054637896866788
1.218                    15.999999999999998       304.66713211382114       0.8994622713397253
1.218                    21                       304.66713211382114       0.8916621404202884
1.218                    25.999999999999996       304.66713211382114       0.8811751851685558
1.218                    30.999999999999996       304.66713211382114       0.8664610857205003
1.218                    36                       304.66713211382114       0.8446466662417847
1.218                    41                       304.66713211382114       0.8098595719321333
1.218                    45.99999999999999        304.66713211382114       0.7486575698409442
1.219                    0.9999999999999999       304.66713211382114       0.9142523919514892
1.219                    6                        304.66713211382114       0.9104771882467192
1.219                    11                       304.66713211382114       0.9058196303146898
1.219                    15.999999999999998       304.66713211382114       0.8999444386502516
1.219                    21                       304.66713211382114       0.8923313890608152
1.219                    25.999999999999996       304.66713211382114       0.8821343531476543
1.219                    30.999999999999996       304.66713211382114       0.8678957049911711
1.219                    36                       304.66713211382114       0.8469191132023611
1.219                    41                       304.66713211382114       0.8137516651103128
1.219                    45.99999999999999        304.66713211382114       0.7560734174899332
1.2200000000000002       0.9999999999999999       304.66713211382114       0.9144504282289475
1.2200000000000002       6                        304.66713211382114       0.9107372267600149
1.2200000000000002       11                       304.66713211382114       0.9061652388588943
1.2200000000000002       15.999999999999998       304.66713211382114       0.9004117574559096
1.2200000000000002       21                       304.66713211382114       0.892978222202852
1.2200000000000002       25.999999999999996       304.66713211382114       0.8830579799940088
1.2200000000000002       30.999999999999996       304.66713211382114       0.8692703712995533
1.2200000000000002       36                       304.66713211382114       0.8490820780576739
1.2200000000000002       41                       304.66713211382114       0.8174222547283843
1.2200000000000002       45.99999999999999        304.66713211382114       0.7629795530606556
1.221                    0.9999999999999999       304.66713211382114       0.9146433336431263
1.221                    6                        304.66713211382114       0.9109902565279665
1.221                    11                       304.66713211382114       0.9065010225676146
1.221                    15.999999999999998       304.66713211382114       0.9008648637982413
1.221                    21                       304.66713211382114       0.8936036869554195
1.221                    25.999999999999996       304.66713211382114       0.8839479026061239
1.221                    30.999999999999996       304.66713211382114       0.8705885680598853
1.221                    36                       304.66713211382114       0.8511428374700613
1.221                    41                       304.66713211382114       0.8208884720368875
1.221                    45.99999999999999        304.66713211382114       0.7694221867809024
1.222                    0.9999999999999999       304.66713211382114       0.9148312897307601
1.222                    6                        304.66713211382114       0.9112365377350921
1.222                    11                       304.66713211382114       0.9068273686148628
1.222                    15.999999999999998       304.66713211382114       0.9013043595751445
1.222                    21                       304.66713211382114       0.8942087687097885
1.222                    25.999999999999996       304.66713211382114       0.8848058378361473
1.222                    30.999999999999996       304.66713211382114       0.871853523340205
1.222                    36                       304.66713211382114       0.8531080622843282
1.222                    41                       304.66713211382114       0.8241658123519803
1.222                    45.99999999999999        304.66713211382114       0.7754425169707314
1.223                    0.9999999999999999       304.66713211382114       0.9150144704421881
1.223                    6                        304.66713211382114       0.911476318859204
1.223                    11                       304.66713211382114       0.9071446453294897
1.223                    15.999999999999998       304.66713211382114       0.9017308147930257
1.223                    21                       304.66713211382114       0.8947943955780183
1.223                    25.999999999999996       304.66713211382114       0.8856333919903314
1.223                    30.999999999999996       304.66713211382114       0.8730682323460621
1.223                    36                       304.66713211382114       0.8549838774937565
1.223                    41                       304.66713211382114       0.8272683177866612
1.223                    45.99999999999999        304.66713211382114       0.7810773413919355
1.2240000000000002       0.9999999999999999       304.66713211382114       0.9151930425463015
1.2240000000000002       6                        304.66713211382114       0.9117098373341724
1.2240000000000002       11                       304.66713211382114       0.9074532033354646
1.2240000000000002       15.999999999999998       304.66713211382114       0.902144769650096
1.2240000000000002       21                       304.66713211382114       0.8953614424594291
1.2240000000000002       25.999999999999996       304.66713211382114       0.886432069455695
1.2240000000000002       30.999999999999996       304.66713211382114       0.8742354776160017
1.2240000000000002       36                       304.66713211382114       0.8567759154070572
1.2240000000000002       41                       304.66713211382114       0.8302087369910459
1.2240000000000002       45.99999999999999        304.66713211382114       0.7863595891377045
1.225                    0.9999999999999999       304.66713211382114       0.9153671660101527
1.225                    6                        304.66713211382114       0.9119373201687467
1.225                    11                       304.66713211382114       0.9077533766120309
1.225                    15.999999999999998       304.66713211382114       0.9025467364560489
1.225                    21                       304.66713211382114       0.8959107347706406
1.225                    25.999999999999996       304.66713211382114       0.8872032805443835
1.225                    30.999999999999996       304.66713211382114       0.8753578471914791
1.225                    36                       304.66713211382114       0.8584893628763164
1.225                    41                       304.66713211382114       0.8329986650692361
1.225                    45.99999999999999        304.66713211382114       0.7913187833277621
1.226                    0.9999999999999999       304.66713211382114       0.9155369943552871
1.226                    6                        304.66713211382114       0.9121589845251935
1.226                    11                       304.66713211382114       0.9080454834790448
1.226                    15.999999999999998       304.66713211382114       0.9029372014092442
1.226                    21                       304.66713211382114       0.8964430518696331
1.226                    25.999999999999996       304.66713211382114       0.8879483486351183
1.226                    30.999999999999996       304.66713211382114       0.876437750990923
1.226                    36                       304.66713211382114       0.8601290033276597
1.226                    41                       304.66713211382114       0.8356486663739774
1.226                    45.99999999999999        304.66713211382114       0.795981443749
1.227                    0.9999999999999999       304.66713211382114       0.9157026749922962
1.227                    6                        304.66713211382114       0.9123750382598708
1.227                    11                       304.66713211382114       0.908329827514941
1.227                    15.999999999999998       304.66713211382114       0.9033166262438507
1.227                    21                       304.66713211382114       0.8969591302042301
1.227                    25.999999999999996       304.66713211382114       0.888668516685586
1.227                    30.999999999999996       304.66713211382114       0.8774774355875579
1.227                    36                       304.66713211382114       0.861699254235227
1.227                    41                       304.66713211382114       0.8381683824856424
1.227                    45.99999999999999        304.66713211382114       0.8003714374851234
1.228                    0.9999999999999999       304.66713211382114       0.9158643495349175
1.228                    6                        304.66713211382114       0.9125856804297349
1.228                    11                       304.66713211382114       0.9086066984103119
1.228                    15.999999999999998       304.66713211382114       0.9036854497514333
1.228                    21                       304.66713211382114       0.897459666208612
1.228                    25.999999999999996       304.66713211382114       0.8893649531748845
1.228                    30.999999999999996       304.66713211382114       0.8784789975667888
1.228                    36                       304.66713211382114       0.8632042005912701
1.228                    41                       304.66713211382114       0.8405666273466693
1.228                    45.99999999999999        304.66713211382114       0.8045102845534329
1.229                    0.9999999999999999       304.66713211382114       0.9160221540958611
1.229                    6                        304.66713211382114       0.9127911017660874
1.229                    11                       304.66713211382114       0.908876372765039
1.229                    15.999999999999998       304.66713211382114       0.9040440891942779
1.229                    21                       304.66713211382114       0.8979453189722957
1.229                    25.999999999999996       304.66713211382114       0.8900387575364243
1.229                    30.999999999999996       304.66713211382114       0.8794443956183635
1.229                    36                       304.66713211382114       0.8646476248536256
1.229                    41                       304.66713211382114       0.8428514712432769
1.229                    45.99999999999999        304.66713211382114       0.8084174246435336
1.23                     0.9999999999999999       304.66713211382114       0.9161762195643599
1.23                     6                        304.66713211382114       0.9129914851188257
1.23                     11                       304.66713211382114       0.9091391148314775
1.23                     15.999999999999998       304.66713211382114       0.9043929416161309
1.23                     21                       304.66713211382114       0.8984167126999454
1.23                     25.999999999999996       304.66713211382114       0.8906909651287148
1.23                     30.999999999999996       304.66713211382114       0.8803754614969459
1.23                     36                       304.66713211382114       0.8660330337844039
1.23                     41                       304.66713211382114       0.8450303150797739
1.23                     45.99999999999999        304.66713211382114       0.8121104502238995
1.231                    0.9999999999999999       304.66713211382114       0.916326671867963
1.231                    6                        304.66713211382114       0.913187005872983
1.231                    11                       304.66713211382114       0.9093951772077572
1.231                    15.999999999999998       304.66713211382114       0.9047323850595346
1.231                    21                       304.66713211382114       0.8988744389836566
1.231                    25.999999999999996       304.66713211382114       0.8913225517891882
1.231                    30.999999999999996       304.66713211382114       0.8812739099728948
1.231                    36                       304.66713211382114       0.8673636825458941
1.231                    41                       304.66713211382114       0.8471099561922625
1.231                    45.99999999999999        304.66713211382114       0.8156053105586832
1.232                    0.9999999999999999       304.66713211382114       0.9164736322189257
1.232                    6                        304.66713211382114       0.9133778323395221
1.232                    11                       304.66713211382114       0.9096448014866192
1.232                    15.999999999999998       304.66713211382114       0.9050627796985142
1.232                    21                       304.66713211382114       0.8993190589010733
1.232                    25.999999999999996       304.66713211382114       0.8919344380108513
1.232                    30.999999999999996       304.66713211382114       0.8821413478772262
1.232                    36                       304.66713211382114       0.8686425963647653
1.232                    41                       304.66713211382114       0.8490966467732735
1.232                    45.99999999999999        304.66713211382114       0.818916490547117
1.233                    0.9999999999999999       304.66713211382114       0.9166172173464565
1.233                    6                        304.66713211382114       0.9135641261225127
1.233                    11                       304.66713211382114       0.909888218861031
1.233                    15.999999999999998       304.66713211382114       0.9053844688906137
1.233                    21                       304.66713211382114       0.8997511049562269
1.233                    25.999999999999996       304.66713211382114       0.8925274927780231
1.233                    30.999999999999996       304.66713211382114       0.8829792823346919
1.233                    36                       304.66713211382114       0.8698725900438711
1.233                    41                       304.66713211382114       0.8509961458282629
1.233                    45.99999999999999        304.66713211382114       0.8220571677464238
1.234                    0.9999999999999999       304.66713211382114       0.9167575397153792
1.234                    6                        304.66713211382114       0.9137460424637409
1.234                    11                       304.66713211382114       0.9101256506914793
1.234                    15.999999999999998       304.66713211382114       0.905697780158165
1.234                    21                       304.66713211382114       0.9001710828761903
1.234                    25.999999999999996       304.66713211382114       0.893102537090774
1.234                    30.999999999999996       304.66713211382114       0.883789128266744
1.234                    36                       304.66713211382114       0.8710562855609506
1.234                    41                       304.66713211382114       0.8528137654649478
1.234                    45.99999999999999        304.66713211382114       0.8250393504727532
1.235                    0.9999999999999999       304.66713211382114       0.9168947077332348
1.235                    6                        304.66713211382114       0.9139237305670361
1.235                    11                       304.66713211382114       0.9103573090371765
1.235                    15.999999999999998       304.66713211382114       0.9060030261013077
1.235                    21                       304.66713211382114       0.9005794732756796
1.235                    25.999999999999996       304.66713211382114       0.8936603472100391
1.235                    30.999999999999996       304.66713211382114       0.8845722152396538
1.235                    36                       304.66713211382114       0.8721961279659995
1.235                    41                       304.66713211382114       0.8545544122034225
1.235                    45.99999999999999        304.66713211382114       0.8278739994682675
1.236                    0.9999999999999999       304.66713211382114       0.9170288259446082
1.236                    6                        304.66713211382114       0.9140973339031591
1.236                    11                       304.66713211382114       0.9105833971532776
1.236                    15.999999999999998       304.66713211382114       0.906300505250671
1.236                    21                       304.66713211382114       0.9009767332010176
1.236                    25.999999999999996       304.66713211382114       0.8942016576444427
1.236                    30.999999999999996       304.66713211382114       0.8853297937195702
1.236                    36                       304.66713211382114       0.8732943997627093
1.236                    41                       304.66713211382114       0.8562226239056512
1.236                    45.99999999999999        304.66713211382114       0.8305711352733468
1.237                    0.9999999999999999       304.66713211382114       0.9171599952165148
1.237                    6                        304.66713211382114       0.9142669904970405
1.237                    11                       304.66713211382114       0.9108041099577379
1.237                    15.999999999999998       304.66713211382114       0.9065905028615092
1.237                    21                       304.66713211382114       0.9013632975626162
1.237                    25.999999999999996       304.66713211382114       0.8947271639070264
1.237                    30.999999999999996       304.66713211382114       0.8860630407960156
1.237                    36                       304.66713211382114       0.8743532339368005
1.237                    41                       304.66713211382114       0.8578226028447349
1.237                    45.99999999999999        304.66713211382114       0.8331399331490538
1.238                    0.9999999999999999       304.66713211382114       0.9172883129103124
1.238                    6                        304.66713211382114       0.9144328331979911
1.238                    11                       304.66713211382114       0.9110196344686794
1.238                    15.999999999999998       304.66713211382114       0.9068732916585952
1.238                    21                       304.66713211382114       0.90173958046647
1.238                    25.999999999999996       304.66713211382114       0.8952375250574335
1.238                    30.999999999999996       304.66713211382114       0.8867730654230442
1.238                    36                       304.66713211382114       0.8753746257760158
1.238                    41                       304.66713211382114       0.8593582453641493
1.238                    45.99999999999999        304.66713211382114       0.8355888071361537
1.239                    0.9999999999999999       304.66713211382114       0.9174138730485737
1.239                    6                        304.66713211382114       0.9145949899346896
1.239                    11                       304.66713211382114       0.9112301502153877
1.239                    15.999999999999998       304.66713211382114       0.907149132527934
1.239                    21                       304.66713211382114       0.9021059764512405
1.239                    25.999999999999996       304.66713211382114       0.8957333660522587
1.239                    30.999999999999996       304.66713211382114       0.8874609132239437
1.239                    36                       304.66713211382114       0.8763604436060348
1.239                    41                       304.66713211382114       0.8608331685230273
1.239                    45.99999999999999        304.66713211382114       0.83792548462505
1.24                     0.9999999999999999       304.66713211382114       0.9175367664694012
1.24                     6                        304.66713211382114       0.9147535839553161
1.24                     11                       304.66713211382114       0.9114358296245679
1.24                     15.999999999999998       304.66713211382114       0.9074182751664776
1.24                     21                       304.66713211382114       0.9024628616403251
1.24                     25.999999999999996       304.66713211382114       0.8962152799174093
1.24                     30.999999999999996       304.66713211382114       0.8881275709030724
1.24                     36                       304.66713211382114       0.8773124385578602
1.24                     41                       304.66713211382114       0.862250734068476
1.24                     45.99999999999999        304.66713211382114       0.8401570726168947
1.241                    0.9999999999999999       304.66713211382114       0.9176570809743
1.241                    6                        304.66713211382114       0.9149087340541574
1.241                    11                       304.66713211382114       0.9116368383828514
1.241                    15.999999999999998       304.66713211382114       0.9076809586917238
1.241                    21                       304.66713211382114       0.902810594813809
1.241                    25.999999999999996       304.66713211382114       0.896683829759837
1.241                    30.999999999999996       304.66713211382114       0.8887739702987627
1.241                    36                       304.66713211382114       0.8782322534627736
1.241                    41                       304.66713211382114       0.8636140700395272
1.241                    45.99999999999999        304.66713211382114       0.8422901167043289
1.242                    0.9999999999999999       304.66713211382114       0.9177749014673318
1.242                    6                        304.66713211382114       0.9150605547860772
1.242                    11                       304.66713211382114       0.9118333357783087
1.242                    15.999999999999998       304.66713211382114       0.9079374122087308
1.242                    21                       304.66713211382114       0.9031495184081977
1.242                    25.999999999999996       304.66713211382114       0.8971395506307646
1.242                    30.999999999999996       304.66713211382114       0.8894009921112328
1.242                    36                       304.66713211382114       0.8791214309643098
1.242                    41                       304.66713211382114       0.864926090261387
1.242                    45.99999999999999        304.66713211382114       0.8443306536567752
1.243                    0.9999999999999999       304.66713211382114       0.9178903100878717
1.243                    6                        304.66713211382114       0.9152091566680346
1.243                    11                       304.66713211382114       0.9120254750216346
1.243                    15.999999999999998       304.66713211382114       0.9081878553450574
1.243                    21                       304.66713211382114       0.903479959448753
1.243                    25.999999999999996       304.66713211382114       0.8975829512538351
1.243                    30.999999999999996       304.66713211382114       0.8900094693367979
1.243                    36                       304.66713211382114       0.8799814209251262
1.243                    41                       304.66713211382114       0.8661895119650271
1.243                    45.99999999999999        304.66713211382114       0.8462842583815273
1.244                    0.9999999999999999       304.66713211382114       0.9180033863353951
1.244                    6                        304.66713211382114       0.9153546463705792
1.244                    11                       304.66713211382114       0.9122134035487934
1.244                    15.999999999999998       304.66713211382114       0.908432498750473
1.244                    21                       304.66713211382114       0.9038022304191237
1.244                    25.999999999999996       304.66713211382114       0.8980145156284395
1.244                    30.999999999999996       304.66713211382114       0.8906001904321837
1.244                    36                       304.66713211382114       0.8808135871980759
1.244                    41                       304.66713211382114       0.8674068717330482
1.244                    45.99999999999999        304.66713211382114       0.848156085930128
1.245                    0.9999999999999999       304.66713211382114       0.9181142071885217
1.245                    6                        304.66713211382114       0.9154971268980977
1.245                    11                       304.66713211382114       0.9123972633057178
1.245                    15.999999999999998       304.66713211382114       0.9086715445663732
1.245                    21                       304.66713211382114       0.904116630074549
1.245                    25.999999999999996       304.66713211382114       0.8984347045198254
1.245                    30.999999999999996       304.66713211382114       0.8911739022341624
1.245                    36                       304.66713211382114       0.8816192138228971
1.245                    41                       304.66713211382114       0.8685805399518576
1.245                    45.99999999999999        304.66713211382114       0.849950909132579
1.246                    0.9999999999999999       304.66713211382114       0.9182228472179293
1.246                    6                        304.66713211382114       0.9156366977601038
1.246                    11                       304.66713211382114       0.9125771910173707
1.246                    15.999999999999998       304.66713211382114       0.9089051868673103
1.246                    21                       304.66713211382114       0.9044234442014448
1.246                    25.999999999999996       304.66713211382114       0.8988439568438444
1.246                    30.999999999999996       304.66713211382114       0.8917313126567843
1.246                    36                       304.66713211382114       0.8823995107048169
1.246                    41                       304.66713211382114       0.8697127339271309
1.246                    45.99999999999999        304.66713211382114       0.8516731523662066
1.247                    0.9999999999999999       304.66713211382114       0.9183293786931706
1.247                    6                        304.66713211382114       0.9157734551322901
1.247                    11                       304.66713211382114       0.9127533184409556
1.247                    15.999999999999998       304.66713211382114       0.9091336120751635
1.247                    21                       304.66713211382114       0.9047229463279131
1.247                    25.999999999999996       304.66713211382114       0.8992426909553634
1.247                    30.999999999999996       304.66713211382114       0.8922730931849299
1.247                    36                       304.66713211382114       0.8831556188228962
1.247                    41                       304.66713211382114       0.8708055298025905
1.247                    45.99999999999999        304.66713211382114       0.8533269219023077
1.248                    0.9999999999999999       304.66713211382114       0.9184338716844369
1.248                    6                        304.66713211382114       0.915907492010321
1.248                    11                       304.66713211382114       0.9129257726053643
1.248                    15.999999999999998       304.66713211382114       0.9093569993484926
1.248                    21                       304.66713211382114       0.9050153983895532
1.248                    25.999999999999996       304.66713211382114       0.899631305848204
1.248                    30.999999999999996       304.66713211382114       0.8927998811802073
1.248                    36                       304.66713211382114       0.8838886150135274
1.248                    41                       304.66713211382114       0.8718608734044766
1.248                    45.99999999999999        304.66713211382114       0.8549160332203217
1.249                    0.9999999999999999       304.66713211382114       0.9185363941590085
1.249                    6                        304.66713211382114       0.9160388983546072
1.249                    11                       304.66713211382114       0.9130946760371412
1.249                    15.999999999999998       304.66713211382114       0.9095755209492825
1.249                    21                       304.66713211382114       0.9053010513519198
1.249                    25.999999999999996       304.66713211382114       0.9000101822732316
1.249                    30.999999999999996       304.66713211382114       0.8933122820184766
1.249                    36                       304.66713211382114       0.8845995163670248
1.249                    41                       304.66713211382114       0.87288059012219
1.249                    45.99999999999999        304.66713211382114       0.8564440356265124
1.25                     0.9999999999999999       304.66713211382114       0.9186370120732126
1.25                     6                        304.66713211382114       0.9161677612275272
1.25                     11                       304.66713211382114       0.9132601469736623
1.25                     15.999999999999998       304.66713211382114       0.9097893425881886
1.25                     21                       304.66713211382114       0.9055801457951591
1.25                     25.999999999999996       304.66713211382114       0.9003796837812964
1.25                     30.999999999999996       304.66713211382114       0.8938108710700605
1.25                     36                       304.66713211382114       0.8852892842744722
1.25                     41                       304.66713211382114       0.8738663939209349
1.25                     45.99999999999999        304.66713211382114       0.8579142344765998
1.2510000000000001       0.9999999999999999       304.66713211382114       0.9187357894595831
1.2510000000000001       6                        304.66713211382114       0.9162941649244184
1.2510000000000001       11                       304.66713211382114       0.9134222995652985
1.2510000000000001       15.999999999999998       304.66713211382114       0.9099986237499083
1.2510000000000001       21                       304.66713211382114       0.9058529124616544
1.2510000000000001       25.999999999999996       304.66713211382114       0.9007401576959857
1.2510000000000001       30.999999999999996       304.66713211382114       0.8942961955371307
1.2510000000000001       36                       304.66713211382114       0.8859588281548674
1.2510000000000001       41                       304.66713211382114       0.8748198955711799
1.2510000000000001       45.99999999999999        304.66713211382114       0.8593297112615862
1.252                    0.9999999999999999       304.66713211382114       0.9188327885100428
1.252                    6                        304.66713211382114       0.9164181910967537
1.252                    11                       304.66713211382114       0.9135812440660386
1.252                    15.999999999999998       304.66713211382114       0.910203517997811
1.252                    21                       304.66713211382114       0.9061195727701948
1.252                    25.999999999999996       304.66713211382114       0.9010919360230923
1.252                    30.999999999999996       304.66713211382114       0.8947687761601218
1.252                    36                       304.66713211382114       0.8866090088926127
1.252                    41                       304.66713211382114       0.8757426101777075
1.252                    45.99999999999999        304.66713211382114       0.8606933417915407
1.2530000000000001       0.9999999999999999       304.66713211382114       0.9189280696545814
1.2530000000000001       6                        304.66713211382114       0.916539918869998
1.2530000000000001       11                       304.66713211382114       0.913737087014093
1.2530000000000001       15.999999999999998       304.66713211382114       0.9104041732648815
1.2530000000000001       21                       304.66713211382114       0.9063803392989954
1.2530000000000001       25.999999999999996       304.66713211382114       0.9014353362996569
1.2530000000000001       30.999999999999996       304.66713211382114       0.8952291088031494
1.2530000000000001       36                       304.66713211382114       0.887240642009621
1.2530000000000001       41                       304.66713211382114       0.8766359640654559
1.2530000000000001       45.99999999999999        304.66713211382114       0.8620078126743407
1.254                    0.9999999999999999       304.66713211382114       0.9190216916371458
1.254                    6                        304.66713211382114       0.9166594249547783
1.254                    11                       304.66713211382114       0.9138899314031937
1.254                    15.999999999999998       304.66713211382114       0.9106007321251312
1.254                    21                       304.66713211382114       0.9066354162396987
1.254                    25.999999999999996       304.66713211382114       0.9017706623891598
1.254                    30.999999999999996       304.66713211382114       0.8956776659297865
1.254                    36                       304.66713211382114       0.8878545005965139
1.254                    41                       304.66713211382114       0.8775013010958455
1.254                    45.99999999999999        304.66713211382114       0.8632756362741305
1.2550000000000001       0.9999999999999999       304.66713211382114       0.919113711586589
1.2550000000000001       6                        304.66713211382114       0.9167767837529587
1.2550000000000001       11                       304.66713211382114       0.914039876844289
1.2550000000000001       15.999999999999998       304.66713211382114       0.910793332051588
1.2550000000000001       21                       304.66713211382114       0.906884999823499
1.2550000000000001       25.999999999999996       304.66713211382114       0.902098205224787
1.2550000000000001       30.999999999999996       304.66713211382114       0.89611489797466
1.2550000000000001       36                       304.66713211382114       0.8884513180231048
1.2550000000000001       41                       304.66713211382114       0.8783398884586255
1.2550000000000001       45.99999999999999        304.66713211382114       0.8644991643034581
1.256                    0.9999999999999999       304.66713211382114       0.9192041850855064
1.256                    6                        304.66713211382114       0.916892067458137
1.256                    11                       304.66713211382114       0.9141870197188815
1.256                    15.999999999999998       304.66713211382114       0.9109821056577951
1.256                    21                       304.66713211382114       0.9071292787232254
1.256                    25.999999999999996       304.66713211382114       0.9024182435060027
1.256                    30.999999999999996       304.66713211382114       0.8965412346230948
1.256                    36                       304.66713211382114       0.8890317904472603
1.256                    41                       304.66713211382114       0.8791529219913229
1.256                    45.99999999999999        304.66713211382114       0.8656806001915505
1.2570000000000001       0.9999999999999999       304.66713211382114       0.9192931662348421
1.2570000000000001       6                        304.66713211382114       0.9170053461518937
1.2570000000000001       11                       304.66713211382114       0.9143314533251042
1.2570000000000001       15.999999999999998       304.66713211382114       0.9111671809292667
1.2570000000000001       21                       304.66713211382114       0.9073684344310078
1.2570000000000001       25.999999999999996       304.66713211382114       0.9027310443516795
1.2570000000000001       30.999999999999996       304.66713211382114       0.8969570860035143
1.2570000000000001       36                       304.66713211382114       0.8895965791376873
1.2570000000000001       41                       304.66713211382114       0.8799415310712082
1.2570000000000001       45.99999999999999        304.66713211382114       0.8668220103523695
1.258                    0.9999999999999999       304.66713211382114       0.9193807077165201
1.258                    6                        304.66713211382114       0.9171166878941118
1.258                    11                       304.66713211382114       0.9144732680151685
1.258                    15.999999999999998       304.66713211382114       0.9113486814395407
1.258                    21                       304.66713211382114       0.9076026416143147
1.258                    25.999999999999996       304.66713211382114       0.9030368639123283
1.258                    30.999999999999996       304.66713211382114       0.8973628437995663
1.258                    36                       304.66713211382114       0.8901463126318417
1.258                    41                       304.66713211382114       0.8807067831170607
1.258                    45.99999999999999        304.66713211382114       0.8679253344628476
1.2590000000000001       0.9999999999999999       304.66713211382114       0.9194668608523229
1.2590000000000001       6                        304.66713211382114       0.9172261588100985
1.2590000000000001       11                       304.66713211382114       0.9146125513265915
1.2590000000000001       15.999999999999998       304.66713211382114       0.9115267265558459
1.2590000000000001       21                       304.66713211382114       0.9078320684515718
1.2590000000000001       25.999999999999996       304.66713211382114       0.9033359479439392
1.2590000000000001       30.999999999999996       304.66713211382114       0.8977588822886146
1.2590000000000001       36                       304.66713211382114       0.8906815887327366
1.2590000000000001       41                       304.66713211382114       0.8814496877358926
1.2590000000000001       45.99999999999999        304.66713211382114       0.8689923948491062
1.26                     0.9999999999999999       304.66713211382114       0.9195516756603213
1.26                     6                        304.66713211382114       0.9173338231732499
1.26                     11                       304.66713211382114       0.9147493881068541
1.26                     15.999999999999998       304.66713211382114       0.9117014316334379
1.26                     21                       304.66713211382114       0.908056876948413
1.26                     25.999999999999996       304.66713211382114       0.9036285323488499
1.26                     30.999999999999996       304.66713211382114       0.8981455593126397
1.26                     36                       304.66713211382114       0.8912029763681165
1.26                     41                       304.66713211382114       0.8821712005471704
1.26                     45.99999999999999        304.66713211382114       0.8700249050680772
1.2610000000000001       0.9999999999999999       304.66713211382114       0.9196352009091814
1.2610000000000001       6                        304.66713211382114       0.9174397434828835
1.2610000000000001       11                       304.66713211382114       0.9148838606309135
1.2610000000000001       15.999999999999998       304.66713211382114       0.911872908199555
1.2610000000000001       21                       304.66713211382114       0.9082772232363312
1.2610000000000001       25.999999999999996       304.66713211382114       0.9039148436810571
1.2610000000000001       30.999999999999996       304.66713211382114       0.8985232171850145
1.2610000000000001       36                       304.66713211382114       0.8917110173166412
1.2610000000000001       41                       304.66713211382114       0.8828722267140519
1.2610000000000001       45.99999999999999        304.66713211382114       0.8710244777629292
1.262                    0.9999999999999999       304.66713211382114       0.9197174841692007
1.262                    6                        304.66713211382114       0.9175439805399266
1.262                    11                       304.66713211382114       0.9150160487140778
1.262                    15.999999999999998       304.66713211382114       0.9120412641279936
1.262                    21                       304.66713211382114       0.9084932578545882
1.262                    25.999999999999996       304.66713211382114       0.9041950996240391
1.262                    30.999999999999996       304.66713211382114       0.8988921835399809
1.262                    36                       304.66713211382114       0.8922062278141473
1.262                    41                       304.66713211382114       0.8835536242054474
1.262                    45.99999999999999        304.66713211382114       0.8719926318610318
1.2630000000000001       0.9999999999999999       304.66713211382114       0.9197985718621232
1.2630000000000001       6                        304.66713211382114       0.9176465935176691
1.2630000000000001       11                       304.66713211382114       0.9151460298180765
1.2630000000000001       15.999999999999998       304.66713211382114       0.9122066038038942
1.2630000000000001       21                       304.66713211382114       0.9087051260160007
1.2630000000000001       25.999999999999996       304.66713211382114       0.9044695094388308
1.2630000000000001       30.999999999999996       304.66713211382114       0.8992527721270088
1.2630000000000001       36                       304.66713211382114       0.89268910004919
1.2630000000000001       41                       304.66713211382114       0.8842162068105078
1.2630000000000001       45.99999999999999        304.66713211382114       0.8729307991768659
1.264                    0.9999999999999999       304.66713211382114       0.9198785093076076
1.264                    6                        304.66713211382114       0.917747640029973
1.264                    11                       304.66713211382114       0.9152738791529345
1.264                    15.999999999999998       304.66713211382114       0.9123690282813319
1.264                    21                       304.66713211382114       0.9089129678590232
1.264                    25.999999999999996       304.66713211382114       0.9047382743854737
1.264                    30.999999999999996       304.66713211382114       0.8996052835560232
1.264                    36                       304.66713211382114       0.8931601035566203
1.264                    41                       304.66713211382114       0.8848607469326228
1.264                    45.99999999999999        304.66713211382114       0.8738403304758553
1.2650000000000001       0.9999999999999999       304.66713211382114       0.919957340768503
1.2650000000000001       6                        304.66713211382114       0.9178471761963868
1.2650000000000001       11                       304.66713211382114       0.9153996697736162
1.2650000000000001       15.999999999999998       304.66713211382114       0.912528635430755
1.2650000000000001       21                       304.66713211382114       0.9091169186850099
1.2650000000000001       25.999999999999996       304.66713211382114       0.9050015881209319
1.2650000000000001       30.999999999999996       304.66713211382114       0.8999500059952253
1.2650000000000001       36                       304.66713211382114       0.8936196865168725
1.2650000000000001       41                       304.66713211382114       0.8854879781753393
1.2650000000000001       45.99999999999999        304.66713211382114       0.8747225010484427
1.266                    0.9999999999999999       304.66713211382114       0.9200351094938347
1.266                    6                        304.66713211382114       0.9179452567034705
1.266                    11                       304.66713211382114       0.9155234726714016
1.266                    15.999999999999998       304.66713211382114       0.9126855200808005
1.266                    21                       304.66713211382114       0.9093171091836548
1.266                    25.999999999999996       304.66713211382114       0.9052596370736038
1.266                    30.999999999999996       304.66713211382114       0.9002872158258801
1.266                    36                       304.66713211382114       0.8940682769672714
1.266                    41                       304.66713211382114       0.8860985977414515
1.266                    45.99999999999999        304.66713211382114       0.8755785158393669
1.2670000000000001       0.9999999999999999       304.66713211382114       0.9201118577598969
1.2670000000000001       6                        304.66713211382114       0.9180419348645538
1.2670000000000001       11                       304.66713211382114       0.9156453568618035
1.2670000000000001       15.999999999999998       304.66713211382114       0.9128397741523256
1.2670000000000001       21                       304.66713211382114       0.909513665645463
1.2670000000000001       25.999999999999996       304.66713211382114       0.9055126007962132
1.2670000000000001       30.999999999999996       304.66713211382114       0.900617178257701
1.2670000000000001       36                       304.66713211382114       0.8945062839369738
1.2670000000000001       41                       304.66713211382114       0.88669326865749
1.2670000000000001       45.99999999999999        304.66713211382114       0.8764095141726392
1.268                    0.9999999999999999       304.66713211382114       0.9201876269094387
1.268                    6                        304.66713211382114       0.9181372626756116
1.268                    11                       304.66713211382114       0.9157653894676343
1.268                    15.999999999999998       304.66713211382114       0.9129914867849712
1.268                    21                       304.66713211382114       0.9097067101637726
1.268                    25.999999999999996       304.66713211382114       0.9057606522991557
1.268                    30.999999999999996       304.66713211382114       0.9009401479059268
1.268                    36                       304.66713211382114       0.8949340985022786
1.268                    41                       304.66713211382114       0.8872726218426521
1.268                    45.99999999999999        304.66713211382114       0.8772165741077842
1.2690000000000001       0.9999999999999999       304.66713211382114       0.9202624573897842
1.2690000000000001       6                        304.66713211382114       0.918231290869529
1.2690000000000001       11                       304.66713211382114       0.9158836357986249
1.2690000000000001       15.999999999999998       304.66713211382114       0.913140744458672
1.2690000000000001       21                       304.66713211382114       0.9098963608252367
1.2690000000000001       25.999999999999996       304.66713211382114       0.9060039583647893
1.2690000000000001       30.999999999999996       304.66713211382114       0.9012563693338946
1.2690000000000001       36                       304.66713211382114       0.8953520947772158
1.2690000000000001       41                       304.66713211382114       0.8878372580297081
1.2690000000000001       45.99999999999999        304.66713211382114       0.8780007164601725
1.27                     0.9999999999999999       304.66713211382114       0.920336388788313
1.27                     6                        304.66713211382114       0.9183240689672505
1.27                     11                       304.66713211382114       0.9160001594268946
1.27                     15.999999999999998       304.66713211382114       0.913287631108377
1.27                     21                       304.66713211382114       0.9100827318912096
1.27                     25.999999999999996       304.66713211382114       0.9062426798441872
1.27                     30.999999999999996       304.66713211382114       0.9015660775639796
1.27                     36                       304.66713211382114       0.8957606308394083
1.27                     41                       304.66713211382114       0.8883877495529519
1.27                     45.99999999999999        304.66713211382114       0.8787629085150669
1.2710000000000001       0.9999999999999999       304.66713211382114       0.920409459867511
1.2710000000000001       6                        304.66713211382114       0.9184156453271449
1.2710000000000001       11                       304.66713211382114       0.916115022259119
1.2710000000000001       15.999999999999998       304.66713211382114       0.9134322282330831
1.2710000000000001       21                       304.66713211382114       0.9102659339689735
1.2710000000000001       25.999999999999996       304.66713211382114       0.9064769719379586
1.2710000000000001       30.999999999999996       304.66713211382114       0.9018694985576488
1.2710000000000001       36                       304.66713211382114       0.8961600495967686
1.2710000000000001       41                       304.66713211382114       0.8889246420124864
1.2710000000000001       45.99999999999999        304.66713211382114       0.8795040674617686
1.272                    0.9999999999999999       304.66713211382114       0.9204817085978547
1.272                    6                        304.66713211382114       0.9185060671922762
1.272                    11                       304.66713211382114       0.916228284605614
1.272                    15.999999999999998       304.66713211382114       0.9135746150002205
1.272                    21                       304.66713211382114       0.9104460741748135
1.272                    25.999999999999996       304.66713211382114       0.9067069844613772
1.272                    30.999999999999996       304.66713211382114       0.9021668496673425
1.272                    36                       304.66713211382114       0.8965506796003025
1.272                    41                       304.66713211382114       0.8894484558257555
1.272                    45.99999999999999        304.66713211382114       0.8802250635710599
1.2730000000000001       0.9999999999999999       304.66713211382114       0.9205531721894099
1.2730000000000001       6                        304.66713211382114       0.9185953807349797
1.2730000000000001       11                       304.66713211382114       0.9163400052456842
1.2730000000000001       15.999999999999998       304.66713211382114       0.913714868344317
1.2730000000000001       21                       304.66713211382114       0.9106232562883426
1.2730000000000001       25.999999999999996       304.66713211382114       0.9069328620948529
1.2730000000000001       30.999999999999996       304.66713211382114       0.9024583400626527
1.2730000000000001       36                       304.66713211382114       0.8969328358052518
1.2730000000000001       41                       304.66713211382114       0.8899596876725767
1.2730000000000001       45.99999999999999        304.66713211382114       0.880926723139403
1.274                    0.9999999999999999       304.66713211382114       0.9206238871225575
1.274                    6                        304.66713211382114       0.9186836311001284
1.274                    11                       304.66713211382114       0.9164502414905321
1.274                    15.999999999999998       304.66713211382114       0.9138530630614171
1.274                    21                       304.66713211382114       0.9107975808990548
1.274                    25.999999999999996       304.66713211382114       0.907154744621689
1.274                    30.999999999999996       304.66713211382114       0.9027441711319136
1.274                    36                       304.66713211382114       0.8973068202862062
1.274                    41                       304.66713211382114       0.8904588118442801
1.274                    45.99999999999999        304.66713211382114       0.8816098312169912
1.2750000000000001       0.9999999999999999       304.66713211382114       0.9206938891768344
1.2750000000000001       6                        304.66713211382114       0.91877086244636
1.2750000000000001       11                       304.66713211382114       0.9165590492430226
1.2750000000000001       15.999999999999998       304.66713211382114       0.9139892718986857
1.2750000000000001       21                       304.66713211382114       0.9109691455457718
1.2750000000000001       25.999999999999996       304.66713211382114       0.9073727671524084
1.2750000000000001       30.999999999999996       304.66713211382114       0.903024536860575
1.2750000000000001       36                       304.66713211382114       0.8976729229078269
1.2750000000000001       41                       304.66713211382114       0.8909462815053172
1.2750000000000001       45.99999999999999        304.66713211382114       0.8822751341399233
1.276                    0.9999999999999999       304.66713211382114       0.9207632134589513
1.276                    6                        304.66713211382114       0.9188571179854188
1.276                    11                       304.66713211382114       0.9166664830550199
1.276                    15.999999999999998       304.66713211382114       0.9141235656402463
1.276                    21                       304.66713211382114       0.9111380448488704
1.276                    25.999999999999996       304.66713211382114       0.907587060337754
1.276                    30.999999999999996       304.66713211382114       0.9032996241887563
1.276                    36                       304.66713211382114       0.8980314219548747
1.276                    41                       304.66713211382114       0.8914225298684154
1.276                    45.99999999999999        304.66713211382114       0.8829233418819257
1.2770000000000001       0.9999999999999999       304.66713211382114       0.9208318944298106
1.2770000000000001       6                        304.66713211382114       0.9189424400197974
1.2770000000000001       11                       304.66713211382114       0.9167725961817733
1.2770000000000001       15.999999999999998       304.66713211382114       0.9142560131881375
1.2770000000000001       21                       304.66713211382114       0.9113043706361907
1.2770000000000001       25.999999999999996       304.66713211382114       0.9077977505701158
1.2770000000000001       30.999999999999996       304.66713211382114       0.9035696133478265
1.2770000000000001       36                       304.66713211382114       0.8983825847251538
1.2770000000000001       41                       304.66713211382114       0.8918879712971955
1.2770000000000001       45.99999999999999        304.66713211382114       0.8835551302376032
1.278                    0.9999999999999999       304.66713211382114       0.9208999659299283
1.278                    6                        304.66713211382114       0.9190268699792581
1.278                    11                       304.66713211382114       0.9168774406342897
1.278                    15.999999999999998       304.66713211382114       0.9143866816405186
1.278                    21                       304.66713211382114       0.9114682120625155
1.278                    25.999999999999996       304.66713211382114       0.908004960174884
1.278                    30.999999999999996       304.66713211382114       0.9038346781797356
1.278                    36                       304.66713211382114       0.8987266680857713
1.278                    41                       304.66713211382114       0.8923430023350422
1.278                    45.99999999999999        304.66713211382114       0.8841711428561875
1.2790000000000001       0.9999999999999999       304.66713211382114       0.9209674612043712
1.2790000000000001       6                        304.66713211382114       0.919110448455034
1.2790000000000001       11                       304.66713211382114       0.9169810672293799
1.2790000000000001       15.999999999999998       304.66713211382114       0.9145156363656461
1.2790000000000001       21                       304.66713211382114       0.9116296557234406
1.2790000000000001       25.999999999999996       304.66713211382114       0.9082088075914309
1.2790000000000001       30.999999999999996       304.66713211382114       0.9040949864375745
1.2790000000000001       36                       304.66713211382114       0.8990639189981303
1.2790000000000001       41                       304.66713211382114       0.8927880026707898
1.2790000000000001       45.99999999999999        304.66713211382114       0.8847719931322796
1.28                     0.9999999999999999       304.66713211382114       0.9210344129263275
1.28                     6                        304.66713211382114       0.9191932152333014
1.28                     11                       304.66713211382114       0.9170835256371634
1.28                     15.999999999999998       304.66713211382114       0.9146429410727135
1.28                     21                       304.66713211382114       0.9117887857639583
1.28                     25.999999999999996       304.66713211382114       0.9084094075452819
1.28                     30.999999999999996       304.66713211382114       0.9043507000701332
1.28                     36                       304.66713211382114       0.8993945750112435
1.28                     41                       304.66713211382114       0.893223336041472
1.28                     45.99999999999999        304.66713211382114       0.885358265968159
1.2810000000000001       0.9999999999999999       304.66713211382114       0.9211008532200136
1.2810000000000001       6                        304.66713211382114       0.9192752093268426
1.2810000000000001       11                       304.66713211382114       0.9171848644269048
1.2810000000000001       15.999999999999998       304.66713211382114       0.9147686578792062
1.2810000000000001       21                       304.66713211382114       0.9119456839807761
1.2810000000000001       25.999999999999996       304.66713211382114       0.9086068712113625
1.2810000000000001       30.999999999999996       304.66713211382114       0.9046019754914147
1.2810000000000001       36                       304.66713211382114       0.8997188647265346
1.2810000000000001       41                       304.66713211382114       0.8936493510803868
1.2810000000000001       45.99999999999999        304.66713211382114       0.8859305194159514
1.282                    0.9999999999999999       304.66713211382114       0.9211668136824069
1.282                    6                        304.66713211382114       0.919356469005809
1.282                    11                       304.66713211382114       0.9172851311106841
1.282                    15.999999999999998       304.66713211382114       0.9148928473754205
1.282                    21                       304.66713211382114       0.912100429921668
1.282                    25.999999999999996       304.66713211382114       0.9088013063688839
1.282                    30.999999999999996       304.66713211382114       0.9048489638350371
1.282                    36                       304.66713211382114       0.9000370082369312
1.282                    41                       304.66713211382114       0.894066382111301
1.282                    45.99999999999999        304.66713211382114       0.886489286209967
1.2830000000000001       0.9999999999999999       304.66713211382114       0.9212323254040016
1.2830000000000001       6                        304.66713211382114       0.9194370318265094
1.2830000000000001       11                       304.66713211382114       0.917384372185193
1.2830000000000001       15.999999999999998       304.66713211382114       0.9150155686863415
1.2830000000000001       21                       304.66713211382114       0.9122531009779801
1.2830000000000001       25.999999999999996       304.66713211382114       0.9089928175488268
1.2830000000000001       30.999999999999996       304.66713211382114       0.9050918111955973
1.2830000000000001       36                       304.66713211382114       0.900349217538311
1.2830000000000001       41                       304.66713211382114       0.8944747498953107
1.2830000000000001       45.99999999999999        304.66713211382114       0.887035075197421
1.284                    0.9999999999999999       304.66713211382114       0.9212974189897497
1.284                    6                        304.66713211382114       0.9195169346600242
1.284                    11                       304.66713211382114       0.9174826331717573
1.284                    15.999999999999998       304.66713211382114       0.9151368795299398
1.284                    21                       304.66713211382114       0.9124037724745213
1.284                    25.999999999999996       304.66713211382114       0.9091815061735833
1.284                    30.999999999999996       304.66713211382114       0.9053306588572244
1.284                    36                       304.66713211382114       0.9006556969228044
1.284                    41                       304.66713211382114       0.8948747623310674
1.284                    45.99999999999999        304.66713211382114       0.8875683726745807
1.2850000000000001       0.9999999999999999       304.66713211382114       0.9213621245773925
1.2850000000000001       6                        304.66713211382114       0.9195962137186543
1.2850000000000001       11                       304.66713211382114       0.9175799586548947
1.2850000000000001       15.999999999999998       304.66713211382114       0.9152568362737704
1.2850000000000001       21                       304.66713211382114       0.9125525177540483
1.2850000000000001       25.999999999999996       304.66713211382114       0.909367470690324
1.2850000000000001       30.999999999999996       304.66713211382114       0.905565643509975
1.2850000000000001       36                       304.66713211382114       0.9009566433435651
1.2850000000000001       41                       304.66713211382114       0.8952667151141293
1.2850000000000001       45.99999999999999        304.66713211382114       0.8880896436361926
1.286                    0.9999999999999999       304.66713211382114       0.9214264718571277
1.286                    6                        304.66713211382114       0.9196749045821419
1.286                    11                       304.66713211382114       0.9176763923189984
1.286                    15.999999999999998       304.66713211382114       0.9153754939889146
1.286                    21                       304.66713211382114       0.9126994082588379
1.286                    25.999999999999996       304.66713211382114       0.9095508066974214
1.286                    30.999999999999996       304.66713211382114       0.9057968974551657
1.286                    36                       304.66713211382114       0.9012522467650742
1.286                    41                       304.66713211382114       0.8956508923557426
1.286                    45.99999999999999        304.66713211382114       0.888599332943772
1.2870000000000001       0.9999999999999999       304.66713211382114       0.9214904900888051
1.2870000000000001       6                        304.66713211382114       0.9197530422220261
1.2870000000000001       11                       304.66713211382114       0.9177719769832776
1.2870000000000001       15.999999999999998       304.66713211382114       0.9154929065006989
1.2870000000000001       21                       304.66713211382114       0.9128445136077098
1.2870000000000001       25.999999999999996       304.66713211382114       0.9097316070649
1.2870000000000001       30.999999999999996       304.66713211382114       0.9060245488003141
1.2870000000000001       36                       304.66713211382114       0.9015426904903886
1.2870000000000001       41                       304.66713211382114       0.8960275671664105
1.2870000000000001       45.99999999999999        304.66713211382114       0.8890978664202233
1.288                    0.9999999999999999       304.66713211382114       0.9215542081193957
1.288                    6                        304.66713211382114       0.9198306610259195
1.288                    11                       304.66713211382114       0.9178667546358651
1.288                    15.999999999999998       304.66713211382114       0.9156091264385089
1.288                    21                       304.66713211382114       0.912987901669906
1.288                    25.999999999999996       304.66713211382114       0.9099099620489107
1.288                    30.999999999999996       304.66713211382114       0.906248721643357
1.288                    36                       304.66713211382114       0.901828151472604
1.288                    41                       304.66713211382114       0.8963970022038736
1.288                    45.99999999999999        304.66713211382114       0.889585651874226
1.2890000000000001       0.9999999999999999       304.66713211382114       0.9216176543995761
1.2890000000000001       6                        304.66713211382114       0.9199077948198695
1.2890000000000001       11                       304.66713211382114       0.9179607664660854
1.2890000000000001       15.999999999999998       304.66713211382114       0.9157242052826581
1.2890000000000001       21                       304.66713211382114       0.9131296386356528
1.2890000000000001       25.999999999999996       304.66713211382114       0.9100859594012161
1.2890000000000001       30.999999999999996       304.66713211382114       0.9064695362485278
1.2890000000000001       36                       304.66713211382114       0.9021088006085264
1.2890000000000001       41                       304.66713211382114       0.896759450190546
1.2890000000000001       45.99999999999999        304.66713211382114       0.8900630800609196
1.29                     0.9999999999999999       304.66713211382114       0.9216808569994503
1.29                     6                        304.66713211382114       0.9199844768911282
1.29                     11                       304.66713211382114       0.9180540528951512
1.29                     15.999999999999998       304.66713211382114       0.9158381934093142
1.29                     21                       304.66713211382114       0.9132697890834665
1.29                     25.999999999999996       304.66713211382114       0.9102596844727046
1.29                     30.999999999999996       304.66713211382114       0.9066871092128068
1.29                     36                       304.66713211382114       0.9023848030171018
1.29                     41                       304.66713211382114       0.8971151544005395
1.29                     45.99999999999999        304.66713211382114       0.8905305255827659
1.2910000000000001       0.9999999999999999       304.66713211382114       0.9217438436242414
1.2910000000000001       6                        304.66713211382114       0.9200607400081444
1.2910000000000001       11                       304.66713211382114       0.9181466536065445
1.2910000000000001       15.999999999999998       304.66713211382114       0.9159511401336834
1.2910000000000001       21                       304.66713211382114       0.9134084160443795
1.2910000000000001       25.999999999999996       304.66713211382114       0.9104312203129377
1.2910000000000001       30.999999999999996       304.66713211382114       0.906901553624039
1.2910000000000001       36                       304.66713211382114       0.9026563183024555
1.2910000000000001       41                       304.66713211382114       0.8974643491189759
1.2910000000000001       45.99999999999999        304.66713211382114       0.8909883477350771
1.292                    0.9999999999999999       304.66713211382114       0.921806641628771
1.292                    6                        304.66713211382114       0.920136616441757
1.292                    11                       304.66713211382114       0.9182386075738566
1.292                    15.999999999999998       304.66713211382114       0.9160630937510462
1.292                    21                       304.66713211382114       0.9135455810634154
1.292                    25.999999999999996       304.66713211382114       0.9106006477639652
1.292                    30.999999999999996       304.66713211382114       0.9071129792116035
1.292                    36                       304.66713211382114       0.9029235008038781
1.292                    41                       304.66713211382114       0.8978072600754003
1.292                    45.99999999999999        304.66713211382114       0.8914368913000815
1.2930000000000001       0.9999999999999999       304.66713211382114       0.9218692780315357
1.2930000000000001       6                        304.66713211382114       0.9202121379838917
1.2930000000000001       11                       304.66713211382114       0.9183299530887711
1.2930000000000001       15.999999999999998       304.66713211382114       0.9161741015769981
1.2930000000000001       21                       304.66713211382114       0.9136813442581779
1.2930000000000001       25.999999999999996       304.66713211382114       0.9107680455511583
1.2930000000000001       30.999999999999996       304.66713211382114       0.9073214924891239
1.2930000000000001       36                       304.66713211382114       0.9031864998317948
1.2930000000000001       41                       304.66713211382114       0.8981441048530333
1.2930000000000001       45.99999999999999        304.66713211382114       0.8918764872927185
1.294                    0.9999999999999999       304.66713211382114       0.9219317795287271
1.294                    6                        304.66713211382114       0.9202873359672304
1.294                    11                       304.66713211382114       0.9184207277869948
1.294                    15.999999999999998       304.66713211382114       0.9162842099842581
1.294                    21                       304.66713211382114       0.9138157643754247
1.294                    25.999999999999996       304.66713211382114       0.9109334903681069
1.294                    30.999999999999996       304.66713211382114       0.9075271968904323
1.294                    36                       304.66713211382114       0.9034454598922081
1.294                    41                       304.66713211382114       0.8984750932749963
1.294                    45.99999999999999        304.66713211382114       0.8923074536619241
1.2950000000000002       0.9999999999999999       304.66713211382114       0.9219941725068255
1.2950000000000002       6                        304.66713211382114       0.9203622412823491
1.2950000000000002       11                       304.66713211382114       0.9185109686735135
1.2950000000000002       15.999999999999998       304.66713211382114       0.9163934644397853
1.2950000000000002       21                       304.66713211382114       0.9139488988441771
1.2950000000000002       25.999999999999996       304.66713211382114       0.9110970569593906
1.2950000000000002       30.999999999999996       304.66713211382114       0.9077301928997915
1.2950000000000002       36                       304.66713211382114       0.9037005208992591
1.2950000000000002       41                       304.66713211382114       0.8988004277697714
1.2950000000000002       45.99999999999999        304.66713211382114       0.8927300959508598
1.296                    0.9999999999999999       304.66713211382114       0.922056483055705
1.296                    6                        304.66713211382114       0.9204368843952032
1.296                    11                       304.66713211382114       0.9186007121471056
1.296                    15.999999999999998       304.66713211382114       0.9165019095395096
1.296                    21                       304.66713211382114       0.914080803827604
1.296                    25.999999999999996       304.66713211382114       0.9112588181985729
1.296                    30.999999999999996       304.66713211382114       0.9079305781739399
1.296                    36                       304.66713211382114       0.9039518183769328
1.296                    41                       304.66713211382114       0.8991203037159229
1.296                    45.99999999999999        304.66713211382114       0.8931447079173349
1.2970000000000002       0.9999999999999999       304.66713211382114       0.9221187369807639
1.2970000000000002       6                        304.66713211382114       0.9205112953640596
1.2970000000000002       11                       304.66713211382114       0.918689994023144
1.2970000000000002       15.999999999999998       304.66713211382114       0.9166095890412655
1.2970000000000002       21                       304.66713211382114       0.9142115342716439
1.2970000000000002       25.999999999999996       304.66713211382114       0.9114188451624589
1.2970000000000002       30.999999999999996       304.66713211382114       0.9081284476604042
1.2970000000000002       36                       304.66713211382114       0.9041994836506948
1.2970000000000002       41                       304.66713211382114       0.8994349097686668
1.2970000000000002       45.99999999999999        304.66713211382114       0.8935515721190168
1.298                    0.9999999999999999       304.66713211382114       0.9221809598142159
1.298                    6                        304.66713211382114       0.9205855038552951
1.298                    11                       304.66713211382114       0.9187788495562739
1.298                    15.999999999999998       304.66713211382114       0.9167165458968601
1.298                    21                       304.66713211382114       0.9143411439525626
1.298                    25.999999999999996       304.66713211382114       0.9115772072029373
1.298                    30.999999999999996       304.66713211382114       0.9083238937085333
1.298                    36                       304.66713211382114       0.904443644029085
1.298                    41                       304.66713211382114       0.8997444281689704
1.298                    45.99999999999999        304.66713211382114       0.8939509604640847
1.2990000000000002       0.9999999999999999       304.66713211382114       0.9222431768267522
1.2990000000000002       6                        304.66713211382114       0.9206595391587047
1.2990000000000002       11                       304.66713211382114       0.9188673134617653
1.2990000000000002       15.999999999999998       304.66713211382114       0.9168228222833509
1.2990000000000002       21                       304.66713211382114       0.9144696855218392
1.2990000000000002       25.999999999999996       304.66713211382114       0.9117339720147846
1.2990000000000002       30.999999999999996       304.66713211382114       0.9085170061767068
1.2990000000000002       36                       304.66713211382114       0.9046844229767038
1.2990000000000002       41                       304.66713211382114       0.900049035035939
1.2990000000000002       45.99999999999999        304.66713211382114       0.8943431347309512
1.3                      0.9999999999999999       304.66713211382114       0.922305413038318
1.3                      6                        304.66713211382114       0.9207334302022844
1.3                      11                       304.66713211382114       0.918955419936085
1.3                      15.999999999999998       304.66713211382114       0.9169284596317078
1.3                      21                       304.66713211382114       0.9145972105489674
1.3                      25.999999999999996       304.66713211382114       0.9118892057008346
1.3                      30.999999999999996       304.66713211382114       0.9087078725330546
1.3                      36                       304.66713211382114       0.9049219402786278
1.3                      41                       304.66713211382114       0.9003489006434432
1.3                      45.99999999999999        304.66713211382114       0.8947283470583247
