% Model:              spr_1d_bsa_cake.mph
% Version:            COMSOL 6.2.0.339
% Date:               Feb 23 2025, 23:25
% Table:              Table 1 - Reflectance, Transmittance, and Absorptance (ewfd)
% in_rad                 h_BSA (nm)               freq (THz)               Reflectance, order 0 (1)
0.95                     0.9999999999999999       304.66713211382114       0.9231739787439395
0.95                     3                        304.66713211382114       0.923464448387242
0.95                     4.999999999999999        304.66713211382114       0.9237551659639315
0.95                     7                        304.66713211382114       0.9240458575730462
0.95                     9                        304.66713211382114       0.9243362531309965
0.95                     11                       304.66713211382114       0.9246260948148152
0.95                     12.999999999999998       304.66713211382114       0.9249151355605879
0.95                     15                       304.66713211382114       0.9252031390838976
0.95                     16.999999999999996       304.66713211382114       0.9254898799172725
0.95                     19                       304.66713211382114       0.9257751433771825
0.95                     21                       304.66713211382114       0.9260587255103041
0.95                     22.999999999999996       304.66713211382114       0.9263404329798872
0.95                     25                       304.66713211382114       0.9266200829478416
0.95                     26.999999999999996       304.66713211382114       0.9268975028836551
0.95                     28.999999999999996       304.66713211382114       0.9271725304163775
0.95                     30.999999999999996       304.66713211382114       0.9274450131052421
0.95                     33                       304.66713211382114       0.9277148081837413
0.95                     35                       304.66713211382114       0.927981782356608
0.95                     36.99999999999999        304.66713211382114       0.9282458114951246
0.95                     39                       304.66713211382114       0.9285067803882128
0.95                     41                       304.66713211382114       0.9287645824278833
0.95                     42.99999999999999        304.66713211382114       0.9290191193419826
0.95                     45                       304.66713211382114       0.9292703008664119
0.95                     47                       304.66713211382114       0.9295180444514871
0.95                     48.99999999999999        304.66713211382114       0.9297622749586248
0.955                    0.9999999999999999       304.66713211382114       0.922521483254908
0.955                    3                        304.66713211382114       0.9228325863993873
0.955                    4.999999999999999        304.66713211382114       0.9231436071507053
0.955                    7                        304.66713211382114       0.9234542567597376
0.955                    9                        304.66713211382114       0.9237642518695951
0.955                    11                       304.66713211382114       0.9240733230225937
0.955                    12.999999999999998       304.66713211382114       0.9243812130721698
0.955                    15                       304.66713211382114       0.9246876771382595
0.955                    16.999999999999996       304.66713211382114       0.9249924825799276
0.955                    19                       304.66713211382114       0.9252954088966125
0.955                    21                       304.66713211382114       0.9255962476026374
0.955                    22.999999999999996       304.66713211382114       0.9258948020417234
0.955                    25                       304.66713211382114       0.9261908872021082
0.955                    26.999999999999996       304.66713211382114       0.9264843294500487
0.955                    28.999999999999996       304.66713211382114       0.926774966311728
0.955                    30.999999999999996       304.66713211382114       0.9270626461779813
0.955                    33                       304.66713211382114       0.9273472279748031
0.955                    35                       304.66713211382114       0.9276285808942473
0.955                    36.99999999999999        304.66713211382114       0.9279065840279717
0.955                    39                       304.66713211382114       0.9281811260519681
0.955                    41                       304.66713211382114       0.9284521048498616
0.955                    42.99999999999999        304.66713211382114       0.9287194271930996
0.955                    45                       304.66713211382114       0.928983008350685
0.955                    47                       304.66713211382114       0.9292427717438259
0.955                    48.99999999999999        304.66713211382114       0.9294986485970942
0.96                     0.9999999999999999       304.66713211382114       0.9218674123662728
0.96                     3                        304.66713211382114       0.9222008577821665
0.96                     4.999999999999999        304.66713211382114       0.9225338203858691
0.96                     7                        304.66713211382114       0.9228659968693229
0.96                     9                        304.66713211382114       0.9231970911119876
0.96                     11                       304.66713211382114       0.9235268227431194
0.96                     12.999999999999998       304.66713211382114       0.9238549254452911
0.96                     15                       304.66713211382114       0.9241811468253689
0.96                     16.999999999999996       304.66713211382114       0.9245052483038987
0.96                     19                       304.66713211382114       0.9248270049305095
0.96                     21                       304.66713211382114       0.9251462051741232
0.96                     22.999999999999996       304.66713211382114       0.9254626506447698
0.96                     25                       304.66713211382114       0.9257761558278748
0.96                     26.999999999999996       304.66713211382114       0.9260865477289086
0.96                     28.999999999999996       304.66713211382114       0.9263936655701825
0.96                     30.999999999999996       304.66713211382114       0.9266973604162133
0.96                     33                       304.66713211382114       0.9269974947603454
0.96                     35                       304.66713211382114       0.9272939421788531
0.96                     36.99999999999999        304.66713211382114       0.9275865868905443
0.96                     39                       304.66713211382114       0.9278753233685001
0.96                     41                       304.66713211382114       0.928160055891862
0.96                     42.99999999999999        304.66713211382114       0.9284406981653691
0.96                     45                       304.66713211382114       0.9287171728617863
0.96                     47                       304.66713211382114       0.9289894112180058
0.96                     48.99999999999999        304.66713211382114       0.929257352634533
0.965                    0.9999999999999999       304.66713211382114       0.9212146662849241
0.965                    3                        304.66713211382114       0.9215723358427071
0.965                    4.999999999999999        304.66713211382114       0.9219290385382853
0.965                    7                        304.66713211382114       0.92228445723772
0.965                    9                        304.66713211382114       0.9226382840374372
0.965                    11                       304.66713211382114       0.9229902288666734
0.965                    12.999999999999998       304.66713211382114       0.9233400176525621
0.965                    15                       304.66713211382114       0.9236873920865529
0.965                    16.999999999999996       304.66713211382114       0.9240321094077306
0.965                    19                       304.66713211382114       0.9243739421082358
0.965                    21                       304.66713211382114       0.9247126776194295
0.965                    22.999999999999996       304.66713211382114       0.9250481179257273
0.965                    25                       304.66713211382114       0.9253800791927386
0.965                    26.999999999999996       304.66713211382114       0.9257083913115527
0.965                    28.999999999999996       304.66713211382114       0.9260328974931851
0.965                    30.999999999999996       304.66713211382114       0.9263534537979672
0.965                    33                       304.66713211382114       0.9266699286290062
0.965                    35                       304.66713211382114       0.9269822022944109
0.965                    36.99999999999999        304.66713211382114       0.9272901664819708
0.965                    39                       304.66713211382114       0.9275937237899736
0.965                    41                       304.66713211382114       0.9278927871982243
0.965                    42.99999999999999        304.66713211382114       0.9281872796172939
0.965                    45                       304.66713211382114       0.9284771333595971
0.965                    47                       304.66713211382114       0.9287622896693835
0.965                    48.99999999999999        304.66713211382114       0.9290426982662464
0.97                     0.9999999999999999       304.66713211382114       0.920567061160314
0.97                     3                        304.66713211382114       0.920951027541148
0.97                     4.999999999999999        304.66713211382114       0.9213334429108718
0.97                     7                        304.66713211382114       0.9217139776699909
0.97                     9                        304.66713211382114       0.9220923137606367
0.97                     11                       304.66713211382114       0.9224681532923169
0.97                     12.999999999999998       304.66713211382114       0.922841216530583
0.97                     15                       304.66713211382114       0.9232112415333201
0.97                     16.999999999999996       304.66713211382114       0.9235779838005695
0.97                     19                       304.66713211382114       0.9239412158406505
0.97                     21                       304.66713211382114       0.9243007267328539
0.97                     22.999999999999996       304.66713211382114       0.9246563216058066
0.97                     25                       304.66713211382114       0.9250078211399084
0.97                     26.999999999999996       304.66713211382114       0.9253550609929315
0.97                     28.999999999999996       304.66713211382114       0.9256978912738911
0.97                     30.999999999999996       304.66713211382114       0.9260361759578057
0.97                     33                       304.66713211382114       0.9263697922745495
0.97                     35                       304.66713211382114       0.9266986301647938
0.97                     36.99999999999999        304.66713211382114       0.9270225916569855
0.97                     39                       304.66713211382114       0.9273415903088692
0.97                     41                       304.66713211382114       0.9276555505876087
0.97                     42.99999999999999        304.66713211382114       0.9279644073400531
0.97                     45                       304.66713211382114       0.9282681051876304
0.97                     47                       304.66713211382114       0.9285665979847655
0.97                     48.99999999999999        304.66713211382114       0.9288598482977221
0.975                    0.9999999999999999       304.66713211382114       0.9199296160076015
0.975                    3                        304.66713211382114       0.9203421608337514
0.975                    4.999999999999999        304.66713211382114       0.9207524502923248
0.975                    7                        304.66713211382114       0.9211601445531055
0.975                    9                        304.66713211382114       0.9215649179277208
0.975                    11                       304.66713211382114       0.9219664674903287
0.975                    12.999999999999998       304.66713211382114       0.9223645108494931
0.975                    15                       304.66713211382114       0.9227587856220336
0.975                    16.999999999999996       304.66713211382114       0.9231490489113674
0.975                    19                       304.66713211382114       0.923535076704579
0.975                    21                       304.66713211382114       0.9239166632842899
0.975                    22.999999999999996       304.66713211382114       0.9242936205451733
0.975                    25                       304.66713211382114       0.9246657773425854
0.975                    26.999999999999996       304.66713211382114       0.9250329787825721
0.975                    28.999999999999996       304.66713211382114       0.9253950855521824
0.975                    30.999999999999996       304.66713211382114       0.9257519732015941
0.975                    33                       304.66713211382114       0.9261035314139107
0.975                    35                       304.66713211382114       0.9264496633409572
0.975                    36.99999999999999        304.66713211382114       0.9267902848678224
0.975                    39                       304.66713211382114       0.9271253239578607
0.975                    41                       304.66713211382114       0.9274547199317835
0.975                    42.99999999999999        304.66713211382114       0.9277784228498153
0.975                    45                       304.66713211382114       0.9280963928269153
0.975                    47                       304.66713211382114       0.9284085994134835
0.975                    48.99999999999999        304.66713211382114       0.9287150210056019
0.98                     0.9999999999999999       304.66713211382114       0.919308941317079
0.98                     3                        304.66713211382114       0.9197525725114144
0.98                     4.999999999999999        304.66713211382114       0.9201930991261553
0.98                     7                        304.66713211382114       0.9206301745559058
0.98                     9                        304.66713211382114       0.921063469233367
0.98                     11                       304.66713211382114       0.9214926792146031
0.98                     12.999999999999998       304.66713211382114       0.9219175236790097
0.98                     15                       304.66713211382114       0.9223377441999902
0.98                     16.999999999999996       304.66713211382114       0.9227531040136893
0.98                     19                       304.66713211382114       0.9231633872067504
0.98                     21                       304.66713211382114       0.9235683979477534
0.98                     22.999999999999996       304.66713211382114       0.9239679596077074
0.98                     25                       304.66713211382114       0.924361913929098
0.98                     26.999999999999996       304.66713211382114       0.9247501201569166
0.98                     28.999999999999996       304.66713211382114       0.9251324542017049
0.98                     30.999999999999996       304.66713211382114       0.9255088077704717
0.98                     33                       304.66713211382114       0.9258790875016568
0.98                     35                       304.66713211382114       0.9262432141667679
0.98                     36.99999999999999        304.66713211382114       0.9266011218083592
0.98                     39                       304.66713211382114       0.9269527569806857
0.98                     41                       304.66713211382114       0.9272980779194431
0.98                     42.99999999999999        304.66713211382114       0.9276370538271091
0.98                     45                       304.66713211382114       0.9279696641063023
0.98                     47                       304.66713211382114       0.9282958976579633
0.98                     48.99999999999999        304.66713211382114       0.9286157522193844
0.985                    0.9999999999999999       304.66713211382114       0.9187137742247401
0.985                    3                        304.66713211382114       0.9191912403741751
0.985                    4.999999999999999        304.66713211382114       0.9196645775691396
0.985                    7                        304.66713211382114       0.920133437582463
0.985                    9                        304.66713211382114       0.920597492412529
0.985                    11                       304.66713211382114       0.9210564427855208
0.985                    12.999999999999998       304.66713211382114       0.9215100153235369
0.985                    15                       304.66713211382114       0.9219579615638133
0.985                    16.999999999999996       304.66713211382114       0.9224000569665096
0.985                    19                       304.66713211382114       0.9228360998519404
0.985                    21                       304.66713211382114       0.9232659104121514
0.985                    22.999999999999996       304.66713211382114       0.9236893296061267
0.985                    25                       304.66713211382114       0.9241062181126175
0.985                    26.999999999999996       304.66713211382114       0.9245164552781383
0.985                    28.999999999999996       304.66713211382114       0.9249199380935907
0.985                    30.999999999999996       304.66713211382114       0.9253165801480164
0.985                    33                       304.66713211382114       0.925706310617608
0.985                    35                       304.66713211382114       0.9260890733176596
0.985                    36.99999999999999        304.66713211382114       0.9264648257021094
0.985                    39                       304.66713211382114       0.9268335379928955
0.985                    41                       304.66713211382114       0.9271951922339519
0.985                    42.99999999999999        304.66713211382114       0.9275497814731667
0.985                    45                       304.66713211382114       0.9278973089136647
0.985                    47                       304.66713211382114       0.9282377871275853
0.985                    48.99999999999999        304.66713211382114       0.9285712373194865
0.99                     0.9999999999999999       304.66713211382114       0.9181557297948015
0.99                     3                        304.66713211382114       0.9186700274855987
0.99                     4.999999999999999        304.66713211382114       0.9191789593278631
0.99                     7                        304.66713211382114       0.919682182996518
0.99                     9                        304.66713211382114       0.9201793798287328
0.99                     11                       304.66713211382114       0.9206702631863976
0.99                     12.999999999999998       304.66713211382114       0.9211545752238316
0.99                     15                       304.66713211382114       0.9216320855893534
0.99                     16.999999999999996       304.66713211382114       0.9221025901218876
0.99                     19                       304.66713211382114       0.9225659094871523
0.99                     21                       304.66713211382114       0.923021887928446
0.99                     22.999999999999996       304.66713211382114       0.9234703918978241
0.99                     25                       304.66713211382114       0.9239113087618368
0.99                     26.999999999999996       304.66713211382114       0.9243445455403163
0.99                     28.999999999999996       304.66713211382114       0.9247700276727447
0.99                     30.999999999999996       304.66713211382114       0.9251876977772139
0.99                     33                       304.66713211382114       0.9255975144781874
0.99                     35                       304.66713211382114       0.9259994512989908
0.99                     36.99999999999999        304.66713211382114       0.9263934955129068
0.99                     39                       304.66713211382114       0.9267796471567148
0.99                     41                       304.66713211382114       0.9271579179664806
0.99                     42.99999999999999        304.66713211382114       0.9275283304534597
0.99                     45                       304.66713211382114       0.9278909169756279
0.99                     47                       304.66713211382114       0.928245718869503
0.99                     48.99999999999999        304.66713211382114       0.9285927856418942
0.995                    0.9999999999999999       304.66713211382114       0.9176503788802122
0.995                    3                        304.66713211382114       0.9182047457726338
0.995                    4.999999999999999        304.66713211382114       0.9187522513238577
0.995                    7                        304.66713211382114       0.9192925699428194
0.995                    9                        304.66713211382114       0.9198254032934813
0.995                    11                       304.66713211382114       0.9203504884498521
0.995                    12.999999999999998       304.66713211382114       0.9208675941737259
0.995                    15                       304.66713211382114       0.9213765192345212
0.995                    16.999999999999996       304.66713211382114       0.9218770907306303
0.995                    19                       304.66713211382114       0.9223691623734948
0.995                    21                       304.66713211382114       0.9228526129319855
0.995                    22.999999999999996       304.66713211382114       0.923327344561803
0.995                    25                       304.66713211382114       0.9237932812337979
0.995                    26.999999999999996       304.66713211382114       0.9242503672376723
0.995                    28.999999999999996       304.66713211382114       0.9246985657192477
0.995                    30.999999999999996       304.66713211382114       0.9251378572297461
0.995                    33                       304.66713211382114       0.9255682383817245
0.995                    35                       304.66713211382114       0.925989720576544
0.995                    36.99999999999999        304.66713211382114       0.9264023287036467
0.995                    39                       304.66713211382114       0.9268061000380388
0.995                    41                       304.66713211382114       0.9272010830615335
0.995                    42.99999999999999        304.66713211382114       0.9275873364366377
0.995                    45                       304.66713211382114       0.9279649280051077
0.995                    47                       304.66713211382114       0.9283339338469967
0.995                    48.99999999999999        304.66713211382114       0.9286944374091329
1                        0.9999999999999999       304.66713211382114       0.9172188329031925
1                        3                        304.66713211382114       0.9178167135790003
1                        4.999999999999999        304.66713211382114       0.918405922078535
1                        7                        304.66713211382114       0.9189861650136736
1                        9                        304.66713211382114       0.9195571798119802
1                        11                       304.66713211382114       0.920118742581839
1                        12.999999999999998       304.66713211382114       0.9206706638112321
1                        15                       304.66713211382114       0.9212127862234167
1                        16.999999999999996       304.66713211382114       0.9217449826618505
1                        19                       304.66713211382114       0.9222671539708033
1                        21                       304.66713211382114       0.922779227084577
1                        22.999999999999996       304.66713211382114       0.9232811530279599
1                        25                       304.66713211382114       0.9237729050373048
1                        26.999999999999996       304.66713211382114       0.9242544768101926
1                        28.999999999999996       304.66713211382114       0.9247258808033093
1                        30.999999999999996       304.66713211382114       0.9251871465658318
1                        33                       304.66713211382114       0.9256383192197472
1                        35                       304.66713211382114       0.9260794580275598
1                        36.99999999999999        304.66713211382114       0.9265106349453015
1                        39                       304.66713211382114       0.9269319334129187
1                        41                       304.66713211382114       0.9273434470740544
1                        42.99999999999999        304.66713211382114       0.9277452786612925
1                        45                       304.66713211382114       0.9281375389372071
1                        47                       304.66713211382114       0.928520345699503
1                        48.99999999999999        304.66713211382114       0.9288938228610196
1.005                    0.9999999999999999       304.66713211382114       0.9168901395666728
1.005                    3                        304.66713211382114       0.9175351006502871
1.005                    4.999999999999999        304.66713211382114       0.9181691939513786
1.005                    7                        304.66713211382114       0.9187921802619843
1.005                    9                        304.66713211382114       0.9194038543759249
1.005                    11                       304.66713211382114       0.9200040525756291
1.005                    12.999999999999998       304.66713211382114       0.9205926476559256
1.005                    15                       304.66713211382114       0.9211695462362113
1.005                    16.999999999999996       304.66713211382114       0.921734686149445
1.005                    19                       304.66713211382114       0.9222880338772362
1.005                    21                       304.66713211382114       0.9228295822463658
1.005                    22.999999999999996       304.66713211382114       0.9233593480785781
1.005                    25                       304.66713211382114       0.9238773699953144
1.005                    26.999999999999996       304.66713211382114       0.9243837064049788
1.005                    28.999999999999996       304.66713211382114       0.9248784335664401
1.005                    30.999999999999996       304.66713211382114       0.9253616437169916
1.005                    33                       304.66713211382114       0.9258334433884701
1.005                    35                       304.66713211382114       0.9262939518355917
1.005                    36.99999999999999        304.66713211382114       0.9267432994660235
1.005                    39                       304.66713211382114       0.9271816265446919
1.005                    41                       304.66713211382114       0.9276090818420762
1.005                    42.99999999999999        304.66713211382114       0.928025821457407
1.005                    45                       304.66713211382114       0.9284320077339333
1.005                    47                       304.66713211382114       0.9288278082354363
1.005                    48.99999999999999        304.66713211382114       0.92921339481307
1.01                     0.9999999999999999       304.66713211382114       0.9167050219386824
1.01                     3                        304.66713211382114       0.9174005731266082
1.01                     4.999999999999999        304.66713211382114       0.918082592461323
1.01                     7                        304.66713211382114       0.9187509260454774
1.01                     9                        304.66713211382114       0.919405456192009
1.01                     11                       304.66713211382114       0.920046108453127
1.01                     12.999999999999998       304.66713211382114       0.9206728458826027
1.01                     15                       304.66713211382114       0.9212856657390105
1.01                     16.999999999999996       304.66713211382114       0.9218845963411716
1.01                     19                       304.66713211382114       0.9224696940382376
1.01                     21                       304.66713211382114       0.923041040497536
1.01                     22.999999999999996       304.66713211382114       0.9235987400141361
1.01                     25                       304.66713211382114       0.9241429170145236
1.01                     26.999999999999996       304.66713211382114       0.9246737137998948
1.01                     28.999999999999996       304.66713211382114       0.9251912884105739
1.01                     30.999999999999996       304.66713211382114       0.9256958125862398
1.01                     33                       304.66713211382114       0.926187469954752
1.01                     35                       304.66713211382114       0.9266664543685958
1.01                     36.99999999999999        304.66713211382114       0.9271329682601311
1.01                     39                       304.66713211382114       0.9275872213053503
1.01                     41                       304.66713211382114       0.9280294290509895
1.01                     42.99999999999999        304.66713211382114       0.9284598117292127
1.01                     45                       304.66713211382114       0.928878593188852
1.01                     47                       304.66713211382114       0.9292859998983185
1.01                     48.99999999999999        304.66713211382114       0.9296822600451198
1.015                    0.9999999999999999       304.66713211382114       0.916721937972802
1.015                    3                        304.66713211382114       0.9174711766552007
1.015                    4.999999999999999        304.66713211382114       0.9182036532766022
1.015                    7                        304.66713211382114       0.9189193432319618
1.015                    9                        304.66713211382114       0.9196182583261197
1.015                    11                       304.66713211382114       0.9203004533001711
1.015                    12.999999999999998       304.66713211382114       0.9209660192929381
1.015                    15                       304.66713211382114       0.9216150799118964
1.015                    16.999999999999996       304.66713211382114       0.9222477875688855
1.015                    19                       304.66713211382114       0.9228643200181089
1.015                    21                       304.66713211382114       0.9234648772738944
1.015                    22.999999999999996       304.66713211382114       0.9240496786377373
1.015                    25                       304.66713211382114       0.9246189599731529
1.015                    26.999999999999996       304.66713211382114       0.9251729712733573
1.015                    28.999999999999996       304.66713211382114       0.9257119744071182
1.015                    30.999999999999996       304.66713211382114       0.9262362409997762
1.015                    33                       304.66713211382114       0.9267460505735856
1.015                    35                       304.66713211382114       0.9272416888813607
1.015                    36.99999999999999        304.66713211382114       0.9277234462761688
1.015                    39                       304.66713211382114       0.9281916164140469
1.015                    41                       304.66713211382114       0.9286464949466287
1.015                    42.99999999999999        304.66713211382114       0.929088378408154
1.015                    45                       304.66713211382114       0.9295175632408185
1.015                    47                       304.66713211382114       0.9299343448977597
1.015                    48.99999999999999        304.66713211382114       0.9303390170502601
1.02                     0.9999999999999999       304.66713211382114       0.9170273612634738
1.02                     3                        304.66713211382114       0.917832278304183
1.02                     4.999999999999999        304.66713211382114       0.9186165310502757
1.02                     7                        304.66713211382114       0.9193802860639866
1.02                     9                        304.66713211382114       0.9201237427633495
1.02                     11                       304.66713211382114       0.920847139512296
1.02                     12.999999999999998       304.66713211382114       0.9215507463384076
1.02                     15                       304.66713211382114       0.9222348604650292
1.02                     16.999999999999996       304.66713211382114       0.9228998022444201
1.02                     19                       304.66713211382114       0.9235459114031853
1.02                     21                       304.66713211382114       0.9241735437282776
1.02                     22.999999999999996       304.66713211382114       0.9247830679704038
1.02                     25                       304.66713211382114       0.9253748630533384
1.02                     26.999999999999996       304.66713211382114       0.9259493156203517
1.02                     28.999999999999996       304.66713211382114       0.9265068178268471
1.02                     30.999999999999996       304.66713211382114       0.9270477653050067
1.02                     33                       304.66713211382114       0.9275725554060966
1.02                     35                       304.66713211382114       0.9280815856851123
1.02                     36.99999999999999        304.66713211382114       0.9285752524345454
1.02                     39                       304.66713211382114       0.9290539495597296
1.02                     41                       304.66713211382114       0.9295180674723699
1.02                     42.99999999999999        304.66713211382114       0.9299679921806554
1.02                     45                       304.66713211382114       0.9304041045200059
1.02                     47                       304.66713211382114       0.9308267794724219
1.02                     48.99999999999999        304.66713211382114       0.9312363855889233
1.025                    0.9999999999999999       304.66713211382114       0.9177542695125909
1.025                    3                        304.66713211382114       0.9186143781365249
1.025                    4.999999999999999        304.66713211382114       0.9194491546778186
1.025                    7                        304.66713211382114       0.920259043050162
1.025                    9                        304.66713211382114       0.9210445098118603
1.025                    11                       304.66713211382114       0.9218060501314141
1.025                    12.999999999999998       304.66713211382114       0.9225441800514544
1.025                    15                       304.66713211382114       0.923259431800902
1.025                    16.999999999999996       304.66713211382114       0.9239523496567665
1.025                    19                       304.66713211382114       0.9246234862346261
1.025                    21                       304.66713211382114       0.9252733992723803
1.025                    22.999999999999996       304.66713211382114       0.9259026487378758
1.025                    25                       304.66713211382114       0.9265117942976077
1.025                    26.999999999999996       304.66713211382114       0.9271013931444207
1.025                    28.999999999999996       304.66713211382114       0.9276719981326885
1.025                    30.999999999999996       304.66713211382114       0.9282241561122947
1.025                    33                       304.66713211382114       0.9287584065330752
1.025                    35                       304.66713211382114       0.9292752803311695
1.025                    36.99999999999999        304.66713211382114       0.9297752988659252
1.025                    39                       304.66713211382114       0.9302589731813814
1.025                    41                       304.66713211382114       0.9307268033049483
1.025                    42.99999999999999        304.66713211382114       0.9311792777345913
1.025                    45                       304.66713211382114       0.9316168730420747
1.025                    47                       304.66713211382114       0.9320400535722229
1.025                    48.99999999999999        304.66713211382114       0.9324492712323743
1.03                     0.9999999999999999       304.66713211382114       0.9191180839212362
1.03                     3                        304.66713211382114       0.9200276140467005
1.03                     4.999999999999999        304.66713211382114       0.920906358248426
1.03                     7                        304.66713211382114       0.9217551548395418
1.03                     9                        304.66713211382114       0.9225748431967794
1.03                     11                       304.66713211382114       0.9233662704253858
1.03                     12.999999999999998       304.66713211382114       0.9241302839443865
1.03                     15                       304.66713211382114       0.9248677273312936
1.03                     16.999999999999996       304.66713211382114       0.9255794368471949
1.03                     19                       304.66713211382114       0.9262662384736986
1.03                     21                       304.66713211382114       0.9269289454530742
1.03                     22.999999999999996       304.66713211382114       0.9275683562223401
1.03                     25                       304.66713211382114       0.9281852527288562
1.03                     26.999999999999996       304.66713211382114       0.9287803990784184
1.03                     28.999999999999996       304.66713211382114       0.9293545405150396
1.03                     30.999999999999996       304.66713211382114       0.9299084025924861
1.03                     33                       304.66713211382114       0.9304426905648514
1.03                     35                       304.66713211382114       0.9309580890644676
1.03                     36.99999999999999        304.66713211382114       0.931455261805783
1.03                     39                       304.66713211382114       0.9319348515524609
1.03                     41                       304.66713211382114       0.9323974801198608
1.03                     42.99999999999999        304.66713211382114       0.9328437485304131
1.03                     45                       304.66713211382114       0.9332742372304311
1.03                     47                       304.66713211382114       0.9336895063881304
1.03                     48.99999999999999        304.66713211382114       0.9340900962534591
1.035                    0.9999999999999999       304.66713211382114       0.9214947383987103
1.035                    3                        304.66713211382114       0.922436504564267
1.035                    4.999999999999999        304.66713211382114       0.9233414730201193
1.035                    7                        304.66713211382114       0.9242110248123969
1.035                    9                        304.66713211382114       0.9250465019097024
1.035                    11                       304.66713211382114       0.9258492164112851
1.035                    12.999999999999998       304.66713211382114       0.9266204451346105
1.035                    15                       304.66713211382114       0.9273614275719411
1.035                    16.999999999999996       304.66713211382114       0.9280733645160889
1.035                    19                       304.66713211382114       0.9287574171600518
1.035                    21                       304.66713211382114       0.9294147066009617
1.035                    22.999999999999996       304.66713211382114       0.9300463136839238
1.035                    25                       304.66713211382114       0.9306532791549862
1.035                    26.999999999999996       304.66713211382114       0.931236604016967
1.035                    28.999999999999996       304.66713211382114       0.9317972501497492
1.035                    30.999999999999996       304.66713211382114       0.9323361410367177
1.035                    33                       304.66713211382114       0.9328541625827993
1.035                    35                       304.66713211382114       0.9333521641499168
1.035                    36.99999999999999        304.66713211382114       0.9338309595383018
1.035                    39                       304.66713211382114       0.9342913281109024
1.035                    41                       304.66713211382114       0.9347340158946075
1.035                    42.99999999999999        304.66713211382114       0.9351597367637832
1.035                    45                       304.66713211382114       0.9355691735750282
1.035                    47                       304.66713211382114       0.9359629793437161
1.035                    48.99999999999999        304.66713211382114       0.9363417784146657
1.04                     0.9999999999999999       304.66713211382114       0.9256225792926626
1.04                     3                        304.66713211382114       0.9265529128468672
1.04                     4.999999999999999        304.66713211382114       0.9274409050909329
1.04                     7                        304.66713211382114       0.928288626570573
1.04                     9                        304.66713211382114       0.9290980412637102
1.04                     11                       304.66713211382114       0.9298710219810148
1.04                     12.999999999999998       304.66713211382114       0.9306093502116516
1.04                     15                       304.66713211382114       0.9313147190730886
1.04                     16.999999999999996       304.66713211382114       0.9319887365675251
1.04                     19                       304.66713211382114       0.9326329289553005
1.04                     21                       304.66713211382114       0.9332487441772894
1.04                     22.999999999999996       304.66713211382114       0.9338375552950574
1.04                     25                       304.66713211382114       0.9344006639556524
1.04                     26.999999999999996       304.66713211382114       0.9349393037438851
1.04                     28.999999999999996       304.66713211382114       0.9354546435431448
1.04                     30.999999999999996       304.66713211382114       0.935947790775373
1.04                     33                       304.66713211382114       0.9364197944774906
1.04                     35                       304.66713211382114       0.9368716483945475
1.04                     36.99999999999999        304.66713211382114       0.9373042938490802
1.04                     39                       304.66713211382114       0.937718622540598
1.04                     41                       304.66713211382114       0.9381154791851466
1.04                     42.99999999999999        304.66713211382114       0.9384956640991247
1.04                     45                       304.66713211382114       0.9388599355718262
1.04                     47                       304.66713211382114       0.9392090121794773
1.04                     48.99999999999999        304.66713211382114       0.9395435749920883
1.045                    0.9999999999999999       304.66713211382114       0.9333245948262097
1.045                    3                        304.66713211382114       0.9341263609984385
1.045                    4.999999999999999        304.66713211382114       0.9348846771667335
1.045                    7                        304.66713211382114       0.9356022473551799
1.045                    9                        304.66713211382114       0.9362815769143374
1.045                    11                       304.66713211382114       0.936924999622559
1.045                    12.999999999999998       304.66713211382114       0.9375346875555038
1.045                    15                       304.66713211382114       0.9381126629515776
1.045                    16.999999999999996       304.66713211382114       0.9386608093045581
1.045                    19                       304.66713211382114       0.9391808816302348
1.045                    21                       304.66713211382114       0.9396745159590062
1.045                    22.999999999999996       304.66713211382114       0.9401432380898836
1.045                    25                       304.66713211382114       0.9405884717423207
1.045                    26.999999999999996       304.66713211382114       0.9410115460096335
1.045                    28.999999999999996       304.66713211382114       0.9414137023031556
1.045                    30.999999999999996       304.66713211382114       0.9417961007554734
1.045                    33                       304.66713211382114       0.942159826058373
1.045                    35                       304.66713211382114       0.9425058929576156
1.045                    36.99999999999999        304.66713211382114       0.9428352512520045
1.045                    39                       304.66713211382114       0.9431487904284137
1.045                    41                       304.66713211382114       0.9434473439178783
1.045                    42.99999999999999        304.66713211382114       0.9437316930944158
1.045                    45                       304.66713211382114       0.9440025708677117
1.045                    47                       304.66713211382114       0.9442606650702852
1.045                    48.99999999999999        304.66713211382114       0.9445066216040835
1.05                     0.9999999999999999       304.66713211382114       0.9556677705002029
1.05                     3                        304.66713211382114       0.9557715705401713
1.05                     4.999999999999999        304.66713211382114       0.955863832459294
1.05                     7                        304.66713211382114       0.9559455968838666
1.05                     9                        304.66713211382114       0.9560177897589103
1.05                     11                       304.66713211382114       0.9560812468316727
1.05                     12.999999999999998       304.66713211382114       0.9561367214632566
1.05                     15                       304.66713211382114       0.9561848937922565
1.05                     16.999999999999996       304.66713211382114       0.9562263787677316
1.05                     19                       304.66713211382114       0.9562617331950755
1.05                     21                       304.66713211382114       0.9562914619264743
1.05                     22.999999999999996       304.66713211382114       0.9563160232994579
1.05                     25                       304.66713211382114       0.9563358339717672
1.05                     26.999999999999996       304.66713211382114       0.956351273156431
1.05                     28.999999999999996       304.66713211382114       0.9563626863933423
1.05                     30.999999999999996       304.66713211382114       0.9563703889068079
1.05                     33                       304.66713211382114       0.9563746685532559
1.05                     35                       304.66713211382114       0.9563757884915002
1.05                     36.99999999999999        304.66713211382114       0.9563739895318494
1.05                     39                       304.66713211382114       0.9563694922429407
1.05                     41                       304.66713211382114       0.956362498833975
1.05                     42.99999999999999        304.66713211382114       0.956353194861645
1.05                     45                       304.66713211382114       0.9563417507242078
1.05                     47                       304.66713211382114       0.956328323030242
1.05                     48.99999999999999        304.66713211382114       0.9563130558382895
1.055                    0.9999999999999999       304.66713211382114       0.9659569153331589
1.055                    3                        304.66713211382114       0.9657039197315985
1.055                    4.999999999999999        304.66713211382114       0.9654576433554994
1.055                    7                        304.66713211382114       0.9652180544390897
1.055                    9                        304.66713211382114       0.9649850626581304
1.055                    11                       304.66713211382114       0.9647585442497781
1.055                    12.999999999999998       304.66713211382114       0.9645383494643421
1.055                    15                       304.66713211382114       0.9643243103421615
1.055                    16.999999999999996       304.66713211382114       0.9641162467327548
1.055                    19                       304.66713211382114       0.963913970947583
1.055                    21                       304.66713211382114       0.9637172913278022
1.055                    22.999999999999996       304.66713211382114       0.9635260149930552
1.055                    25                       304.66713211382114       0.9633399499435781
1.055                    26.999999999999996       304.66713211382114       0.9631589066192865
1.055                    28.999999999999996       304.66713211382114       0.9629826990740237
1.055                    30.999999999999996       304.66713211382114       0.962811145841315
1.055                    33                       304.66713211382114       0.9626440705276842
1.055                    35                       304.66713211382114       0.9624813022396268
1.055                    36.99999999999999        304.66713211382114       0.962322675838135
1.055                    39                       304.66713211382114       0.9621680320734439
1.055                    41                       304.66713211382114       0.9620172176477694
1.055                    42.99999999999999        304.66713211382114       0.9618700851938208
1.055                    45                       304.66713211382114       0.9617264931971536
1.055                    47                       304.66713211382114       0.9615863058861717
1.055                    48.99999999999999        304.66713211382114       0.9614493930899967
1.06                     0.9999999999999999       304.66713211382114       0.9682223218060394
1.06                     3                        304.66713211382114       0.967933644782787
1.06                     4.999999999999999        304.66713211382114       0.9676448469762818
1.06                     7                        304.66713211382114       0.9673579771905212
1.06                     9                        304.66713211382114       0.9670745305449029
1.06                     11                       304.66713211382114       0.9667955924897571
1.06                     12.999999999999998       304.66713211382114       0.9665219346024125
1.06                     15                       304.66713211382114       0.9662540890862125
1.06                     16.999999999999996       304.66713211382114       0.9659924053964843
1.06                     19                       304.66713211382114       0.9657370935115163
1.06                     21                       304.66713211382114       0.9654882571190302
1.06                     22.999999999999996       304.66713211382114       0.9652459192095658
1.06                     25                       304.66713211382114       0.9650100418621886
1.06                     26.999999999999996       304.66713211382114       0.9647805415536908
1.06                     28.999999999999996       304.66713211382114       0.9645573010584078
1.06                     30.999999999999996       304.66713211382114       0.9643401787097078
1.06                     33                       304.66713211382114       0.9641290155795108
1.06                     35                       304.66713211382114       0.9639236410821013
1.06                     36.99999999999999        304.66713211382114       0.9637238773074762
1.06                     39                       304.66713211382114       0.9635295423687441
1.06                     41                       304.66713211382114       0.9633404530025385
1.06                     42.99999999999999        304.66713211382114       0.963156426544316
1.06                     45                       304.66713211382114       0.9629772824271255
1.06                     47                       304.66713211382114       0.9628028433106434
1.06                     48.99999999999999        304.66713211382114       0.9626329359090866
1.065                    0.9999999999999999       304.66713211382114       0.9695391199713866
1.065                    3                        304.66713211382114       0.9693714803675337
1.065                    4.999999999999999        304.66713211382114       0.9691618754318649
1.065                    7                        304.66713211382114       0.9689229673662734
1.065                    9                        304.66713211382114       0.9686641239814833
1.065                    11                       304.66713211382114       0.968392317980091
1.065                    12.999999999999998       304.66713211382114       0.9681127536820366
1.065                    15                       304.66713211382114       0.9678293206519394
1.065                    16.999999999999996       304.66713211382114       0.9675449238142323
1.065                    19                       304.66713211382114       0.9672617260218793
1.065                    21                       304.66713211382114       0.9669813278336818
1.065                    22.999999999999996       304.66713211382114       0.966704901865445
1.065                    25                       304.66713211382114       0.9664332939038216
1.065                    26.999999999999996       304.66713211382114       0.9661670994774172
1.065                    28.999999999999996       304.66713211382114       0.9659067222141239
1.065                    30.999999999999996       304.66713211382114       0.9656524185537141
1.065                    33                       304.66713211382114       0.9654043321338426
1.065                    35                       304.66713211382114       0.9651625203785076
1.065                    36.99999999999999        304.66713211382114       0.9649269751000762
1.065                    39                       304.66713211382114       0.9646976385069939
1.065                    41                       304.66713211382114       0.9644744157030818
1.065                    42.99999999999999        304.66713211382114       0.9642571844220853
1.065                    45                       304.66713211382114       0.9640458026314168
1.065                    47                       304.66713211382114       0.963840114476689
1.065                    48.99999999999999        304.66713211382114       0.9636399549154084
1.0699999999999998       0.9999999999999999       304.66713211382114       0.9686801358761157
1.0699999999999998       3                        304.66713211382114       0.9691381714210244
1.0699999999999998       4.999999999999999        304.66713211382114       0.969380397946726
1.0699999999999998       7                        304.66713211382114       0.9694677627268898
1.0699999999999998       9                        304.66713211382114       0.9694435071774651
1.0699999999999998       11                       304.66713211382114       0.9693387191158579
1.0699999999999998       12.999999999999998       304.66713211382114       0.9691759945449593
1.0699999999999998       15                       304.66713211382114       0.9689719117007709
1.0699999999999998       16.999999999999996       304.66713211382114       0.9687387286827855
1.0699999999999998       19                       304.66713211382114       0.9684855660918661
1.0699999999999998       21                       304.66713211382114       0.9682192422595249
1.0699999999999998       22.999999999999996       304.66713211382114       0.9679448705665646
1.0699999999999998       25                       304.66713211382114       0.9676662914791022
1.0699999999999998       26.999999999999996       304.66713211382114       0.9673863882648432
1.0699999999999998       28.999999999999996       304.66713211382114       0.9671073199162465
1.0699999999999998       30.999999999999996       304.66713211382114       0.9668306944796221
1.0699999999999998       33                       304.66713211382114       0.9665576990194895
1.0699999999999998       35                       304.66713211382114       0.9662891977974716
1.0699999999999998       36.99999999999999        304.66713211382114       0.9660258068937706
1.0699999999999998       39                       304.66713211382114       0.9657679512482283
1.0699999999999998       41                       304.66713211382114       0.9655159085304845
1.0699999999999998       42.99999999999999        304.66713211382114       0.9652698429899852
1.0699999999999998       45                       304.66713211382114       0.9650298317019823
1.0699999999999998       47                       304.66713211382114       0.9647958849907361
1.0699999999999998       48.99999999999999        304.66713211382114       0.9645679623585655
1.075                    0.9999999999999999       304.66713211382114       0.9613652512167014
1.075                    3                        304.66713211382114       0.9642483249983093
1.075                    4.999999999999999        304.66713211382114       0.9661860547503764
1.075                    7                        304.66713211382114       0.9674757523576961
1.075                    9                        304.66713211382114       0.9683135631110438
1.075                    11                       304.66713211382114       0.9688318810080645
1.075                    12.999999999999998       304.66713211382114       0.9691218519718806
1.075                    15                       304.66713211382114       0.9692473156774083
1.075                    16.999999999999996       304.66713211382114       0.9692536613404128
1.075                    19                       304.66713211382114       0.9691735821942946
1.075                    21                       304.66713211382114       0.9690308919975736
1.075                    22.999999999999996       304.66713211382114       0.9688431033705459
1.075                    25                       304.66713211382114       0.9686231989634704
1.075                    26.999999999999996       304.66713211382114       0.968380866650302
1.075                    28.999999999999996       304.66713211382114       0.9681233728630759
1.075                    30.999999999999996       304.66713211382114       0.9678561878443813
1.075                    33                       304.66713211382114       0.9675834383847892
1.075                    35                       304.66713211382114       0.9673082390997269
1.075                    36.99999999999999        304.66713211382114       0.9670329371092538
1.075                    39                       304.66713211382114       0.9667592943281799
1.075                    41                       304.66713211382114       0.9664886243868516
1.075                    42.99999999999999        304.66713211382114       0.966221896171215
1.075                    45                       304.66713211382114       0.9659598126543902
1.075                    47                       304.66713211382114       0.965702871275031
1.075                    48.99999999999999        304.66713211382114       0.9654514104202826
1.08                     0.9999999999999999       304.66713211382114       0.9312495175291478
1.08                     3                        304.66713211382114       0.9442209560266958
1.08                     4.999999999999999        304.66713211382114       0.9526659363475881
1.08                     7                        304.66713211382114       0.9582748360426822
1.08                     9                        304.66713211382114       0.9620493527919813
1.08                     11                       304.66713211382114       0.9646048335690542
1.08                     12.999999999999998       304.66713211382114       0.9663315048985611
1.08                     15                       304.66713211382114       0.9674838332036043
1.08                     16.999999999999996       304.66713211382114       0.968231849892609
1.08                     19                       304.66713211382114       0.9686916108391512
1.08                     21                       304.66713211382114       0.9689438153771732
1.08                     22.999999999999996       304.66713211382114       0.9690454943536385
1.08                     25                       304.66713211382114       0.9690375250175467
1.08                     26.999999999999996       304.66713211382114       0.9689495679181324
1.08                     28.999999999999996       304.66713211382114       0.9688033737996541
1.08                     30.999999999999996       304.66713211382114       0.9686150379146093
1.08                     33                       304.66713211382114       0.9683965614158125
1.08                     35                       304.66713211382114       0.9681569485721288
1.08                     36.99999999999999        304.66713211382114       0.9679029879727872
1.08                     39                       304.66713211382114       0.9676398154402938
1.08                     41                       304.66713211382114       0.9673713241386076
1.08                     42.99999999999999        304.66713211382114       0.967100466317265
1.08                     45                       304.66713211382114       0.9668294773756475
1.08                     47                       304.66713211382114       0.9665600436475286
1.08                     48.99999999999999        304.66713211382114       0.9662934289940537
1.085                    0.9999999999999999       304.66713211382114       0.7984607187123238
1.085                    3                        304.66713211382114       0.8635453179402942
1.085                    4.999999999999999        304.66713211382114       0.9018934076912953
1.085                    7                        304.66713211382114       0.9253311854695735
1.085                    9                        304.66713211382114       0.9401513694339717
1.085                    11                       304.66713211382114       0.9497896417379018
1.085                    12.999999999999998       304.66713211382114       0.956194841813348
1.085                    15                       304.66713211382114       0.960516400381001
1.085                    16.999999999999996       304.66713211382114       0.9634571942859738
1.085                    19                       304.66713211382114       0.9654611335718156
1.085                    21                       304.66713211382114       0.9668166627138476
1.085                    22.999999999999996       304.66713211382114       0.9677159376913413
1.085                    25                       304.66713211382114       0.9682897915713646
1.085                    26.999999999999996       304.66713211382114       0.9686290206882001
1.085                    28.999999999999996       304.66713211382114       0.9687976971296212
1.085                    30.999999999999996       304.66713211382114       0.9688416991541914
1.085                    33                       304.66713211382114       0.9687942982920319
1.085                    35                       304.66713211382114       0.9686798917165436
1.085                    36.99999999999999        304.66713211382114       0.9685165405100753
1.085                    39                       304.66713211382114       0.9683177240699148
1.085                    41                       304.66713211382114       0.968093570703586
1.085                    42.99999999999999        304.66713211382114       0.967851732431741
1.085                    45                       304.66713211382114       0.9675980145135308
1.085                    47                       304.66713211382114       0.9673368335600047
1.085                    48.99999999999999        304.66713211382114       0.9670715543172717
1.0899999999999999       0.9999999999999999       304.66713211382114       0.2218555525192363
1.0899999999999999       3                        304.66713211382114       0.49197359995837037
1.0899999999999999       4.999999999999999        304.66713211382114       0.682861024798101
1.0899999999999999       7                        304.66713211382114       0.7957296761222804
1.0899999999999999       9                        304.66713211382114       0.8610260403400828
1.0899999999999999       11                       304.66713211382114       0.8997834521020002
1.0899999999999999       12.999999999999998       304.66713211382114       0.9236167110942309
1.0899999999999999       15                       304.66713211382114       0.9387673573650123
1.0899999999999999       16.999999999999996       304.66713211382114       0.9486690926653076
1.0899999999999999       19                       304.66713211382114       0.955281324559456
1.0899999999999999       21                       304.66713211382114       0.9597653302405421
1.0899999999999999       22.999999999999996       304.66713211382114       0.962834104389969
1.0899999999999999       25                       304.66713211382114       0.9649395092810312
1.0899999999999999       26.999999999999996       304.66713211382114       0.9663760538150339
1.0899999999999999       28.999999999999996       304.66713211382114       0.9673404757676356
1.0899999999999999       30.999999999999996       304.66713211382114       0.9679670701882879
1.0899999999999999       33                       304.66713211382114       0.9683492614646017
1.0899999999999999       35                       304.66713211382114       0.9685531304842989
1.0899999999999999       36.99999999999999        304.66713211382114       0.9686261030659753
1.0899999999999999       39                       304.66713211382114       0.9686026528044722
1.0899999999999999       41                       304.66713211382114       0.968508118222889
1.0899999999999999       42.99999999999999        304.66713211382114       0.9683613034935694
1.0899999999999999       45                       304.66713211382114       0.9681762791002053
1.0899999999999999       47                       304.66713211382114       0.9679636469514517
1.0899999999999999       48.99999999999999        304.66713211382114       0.9677314411544297
1.095                    0.9999999999999999       304.66713211382114       0.21085086426423028
1.095                    3                        304.66713211382114       0.0322947019052222
1.095                    4.999999999999999        304.66713211382114       0.04481767382693008
1.095                    7                        304.66713211382114       0.28183949689932203
1.095                    9                        304.66713211382114       0.5366710104953599
1.095                    11                       304.66713211382114       0.707738449200357
1.095                    12.999999999999998       304.66713211382114       0.8086726176451735
1.095                    15                       304.66713211382114       0.8677484121184698
1.095                    16.999999999999996       304.66713211382114       0.903300633781147
1.095                    19                       304.66713211382114       0.9254433377755682
1.095                    21                       304.66713211382114       0.9396761439508066
1.095                    22.999999999999996       304.66713211382114       0.9490671420932939
1.095                    25                       304.66713211382114       0.9553904803150743
1.095                    26.999999999999996       304.66713211382114       0.9597101910652627
1.095                    28.999999999999996       304.66713211382114       0.9626864168437825
1.095                    30.999999999999996       304.66713211382114       0.9647413741308595
1.095                    33                       304.66713211382114       0.9661524803903461
1.095                    35                       304.66713211382114       0.9671063895416485
1.095                    36.99999999999999        304.66713211382114       0.9677313344326764
1.095                    39                       304.66713211382114       0.9681170421902966
1.095                    41                       304.66713211382114       0.9683273165085474
1.095                    42.99999999999999        304.66713211382114       0.9684081740847116
1.095                    45                       304.66713211382114       0.9683932178103692
1.095                    47                       304.66713211382114       0.9683072533492196
1.095                    48.99999999999999        304.66713211382114       0.9681687657583973
1.0999999999999999       0.9999999999999999       304.66713211382114       0.6012029635801838
1.0999999999999999       3                        304.66713211382114       0.4874013624389212
1.0999999999999999       4.999999999999999        304.66713211382114       0.32445454374509286
1.0999999999999999       7                        304.66713211382114       0.12602383970678746
1.0999999999999999       9                        304.66713211382114       0.0042004293727200106
1.0999999999999999       11                       304.66713211382114       0.11873119933561148
1.0999999999999999       12.999999999999998       304.66713211382114       0.3821953286930703
1.0999999999999999       15                       304.66713211382114       0.6059336584301978
1.0999999999999999       16.999999999999996       304.66713211382114       0.7472142253444709
1.0999999999999999       19                       304.66713211382114       0.8304733467418349
1.0999999999999999       21                       304.66713211382114       0.8799861480315132
1.0999999999999999       22.999999999999996       304.66713211382114       0.9103457590098055
1.0999999999999999       25                       304.66713211382114       0.9295839955780085
1.0999999999999999       26.999999999999996       304.66713211382114       0.9421357454414152
1.0999999999999999       28.999999999999996       304.66713211382114       0.9505225070715831
1.0999999999999999       30.999999999999996       304.66713211382114       0.9562295446152007
1.0999999999999999       33                       304.66713211382114       0.9601627256536021
1.0999999999999999       35                       304.66713211382114       0.9628925180558189
1.0999999999999999       36.99999999999999        304.66713211382114       0.9647886253166355
1.0999999999999999       39                       304.66713211382114       0.9660968075532738
1.0999999999999999       41                       304.66713211382114       0.9669841367394648
1.0999999999999999       42.99999999999999        304.66713211382114       0.967566456527072
1.0999999999999999       45                       304.66713211382114       0.9679254995578722
1.0999999999999999       47                       304.66713211382114       0.9681198221054067
1.0999999999999999       48.99999999999999        304.66713211382114       0.9681919457849271
1.105                    0.9999999999999999       304.66713211382114       0.7479610099538564
1.105                    3                        304.66713211382114       0.7011371151892357
1.105                    4.999999999999999        304.66713211382114       0.6349329900701696
1.105                    7                        304.66713211382114       0.5390194388600293
1.105                    9                        304.66713211382114       0.4000165957723361
1.105                    11                       304.66713211382114       0.21410742098673055
1.105                    12.999999999999998       304.66713211382114       0.03795928286027076
1.105                    15                       304.66713211382114       0.03212463611814138
1.105                    16.999999999999996       304.66713211382114       0.2477392428394039
1.105                    19                       304.66713211382114       0.5018408338338497
1.105                    21                       304.66713211382114       0.6813882834902459
1.105                    22.999999999999996       304.66713211382114       0.7902766290052137
1.105                    25                       304.66713211382114       0.8549708424092719
1.105                    26.999999999999996       304.66713211382114       0.8942621606188854
1.105                    28.999999999999996       304.66713211382114       0.9188961662926871
1.105                    30.999999999999996       304.66713211382114       0.9348216708563711
1.105                    33                       304.66713211382114       0.9453908126613741
1.105                    35                       304.66713211382114       0.9525538993540826
1.105                    36.99999999999999        304.66713211382114       0.9574853794902071
1.105                    39                       304.66713211382114       0.9609160526322913
1.105                    41                       304.66713211382114       0.9633144250378702
1.105                    42.99999999999999        304.66713211382114       0.9649889585291854
1.105                    45                       304.66713211382114       0.9661475935700315
1.105                    47                       304.66713211382114       0.9669334613469701
1.105                    48.99999999999999        304.66713211382114       0.9674469139173891
1.1099999999999999       0.9999999999999999       304.66713211382114       0.8118879766172836
1.1099999999999999       3                        304.66713211382114       0.7881852085546993
1.1099999999999999       4.999999999999999        304.66713211382114       0.7569040345737826
1.1099999999999999       7                        304.66713211382114       0.7144913954116598
1.1099999999999999       9                        304.66713211382114       0.6553167446248476
1.1099999999999999       11                       304.66713211382114       0.5705852050179647
1.1099999999999999       12.999999999999998       304.66713211382114       0.44800482582526435
1.1099999999999999       15                       304.66713211382114       0.278241531317123
1.1099999999999999       16.999999999999996       304.66713211382114       0.0884361473512109
1.1099999999999999       19                       304.66713211382114       0.004379257111016534
1.1099999999999999       21                       304.66713211382114       0.15003239579680905
1.1099999999999999       22.999999999999996       304.66713211382114       0.4077392746277396
1.1099999999999999       25                       304.66713211382114       0.6171960425661525
1.1099999999999999       26.999999999999996       304.66713211382114       0.7501676901609164
1.1099999999999999       28.999999999999996       304.66713211382114       0.8298878282561494
1.1099999999999999       30.999999999999996       304.66713211382114       0.8781401490271692
1.1099999999999999       33                       304.66713211382114       0.908192349615596
1.1099999999999999       35                       304.66713211382114       0.9274952718595428
1.1099999999999999       36.99999999999999        304.66713211382114       0.9402409573918863
1.1099999999999999       39                       304.66713211382114       0.948851487124876
1.1099999999999999       41                       304.66713211382114       0.954773077574311
1.1099999999999999       42.99999999999999        304.66713211382114       0.9588980145821943
1.1099999999999999       45                       304.66713211382114       0.9617938157783956
1.1099999999999999       47                       304.66713211382114       0.9638314745260183
1.1099999999999999       48.99999999999999        304.66713211382114       0.9652595139897326
1.115                    0.9999999999999999       304.66713211382114       0.8455947568768953
1.115                    3                        304.66713211382114       0.8315071926270899
1.115                    4.999999999999999        304.66713211382114       0.813842905811733
1.115                    7                        304.66713211382114       0.7912404041917924
1.115                    9                        304.66713211382114       0.7616454656373792
1.115                    11                       304.66713211382114       0.7218838989495551
1.115                    12.999999999999998       304.66713211382114       0.6669697913872034
1.115                    15                       304.66713211382114       0.5891262715910422
1.115                    16.999999999999996       304.66713211382114       0.4771650502461294
1.115                    19                       304.66713211382114       0.3202695653079766
1.115                    21                       304.66713211382114       0.1313993945253466
1.115                    22.999999999999996       304.66713211382114       0.005642942819128277
1.115                    25                       304.66713211382114       0.08877101853350597
1.115                    26.999999999999996       304.66713211382114       0.33188326797802237
1.115                    28.999999999999996       304.66713211382114       0.5602214595883611
1.115                    30.999999999999996       304.66713211382114       0.7132164852772045
1.115                    33                       304.66713211382114       0.8064263596327825
1.115                    35                       304.66713211382114       0.8629472650573459
1.115                    36.99999999999999        304.66713211382114       0.8980523451719196
1.115                    39                       304.66713211382114       0.9205191983333755
1.115                    41                       304.66713211382114       0.9353087947276384
1.115                    42.99999999999999        304.66713211382114       0.9452812088661133
1.115                    45                       304.66713211382114       0.9521363624014492
1.115                    47                       304.66713211382114       0.9569175923068259
1.115                    48.99999999999999        304.66713211382114       0.9602850779286081
1.1199999999999999       0.9999999999999999       304.66713211382114       0.8658312896463696
1.1199999999999999       3                        304.66713211382114       0.8564944843241988
1.1199999999999999       4.999999999999999        304.66713211382114       0.8452032676655391
1.1199999999999999       7                        304.66713211382114       0.8313412618036203
1.1199999999999999       9                        304.66713211382114       0.8140288124128574
1.1199999999999999       11                       304.66713211382114       0.7919805487614333
1.1199999999999999       12.999999999999998       304.66713211382114       0.7632719104787872
1.1199999999999999       15                       304.66713211382114       0.724953891766659
1.1199999999999999       16.999999999999996       304.66713211382114       0.672432414626773
1.1199999999999999       19                       304.66713211382114       0.5985800444479703
1.1199999999999999       21                       304.66713211382114       0.49305805061316854
1.1199999999999999       22.999999999999996       304.66713211382114       0.3449311468734884
1.1199999999999999       25                       304.66713211382114       0.16066781399952412
1.1199999999999999       26.999999999999996       304.66713211382114       0.015440949172749612
1.1199999999999999       28.999999999999996       304.66713211382114       0.05450238940172954
1.1199999999999999       30.999999999999996       304.66713211382114       0.2769399980476715
1.1199999999999999       33                       304.66713211382114       0.5143262937702138
1.1199999999999999       35                       304.66713211382114       0.681943603205466
1.1199999999999999       36.99999999999999        304.66713211382114       0.7860476114295348
1.1199999999999999       39                       304.66713211382114       0.8495304601020129
1.1199999999999999       41                       304.66713211382114       0.8889825277545328
1.1199999999999999       42.99999999999999        304.66713211382114       0.9142080517004619
1.1199999999999999       45                       304.66713211382114       0.9307974449313556
1.1199999999999999       47                       304.66713211382114       0.941979054035529
1.1199999999999999       48.99999999999999        304.66713211382114       0.9496693895099584
1.125                    0.9999999999999999       304.66713211382114       0.8791053315340339
1.125                    3                        304.66713211382114       0.8724284139329295
1.125                    4.999999999999999        304.66713211382114       0.8645638260221448
1.125                    7                        304.66713211382114       0.8551929629163257
1.125                    9                        304.66713211382114       0.8438812437335435
1.125                    11                       304.66713211382114       0.8300241173142243
1.125                    12.999999999999998       304.66713211382114       0.8127624465090972
1.125                    15                       304.66713211382114       0.7908470852686985
1.125                    16.999999999999996       304.66713211382114       0.7624185442379553
1.125                    19                       304.66713211382114       0.7246465862577891
1.125                    21                       304.66713211382114       0.6731549949586272
1.125                    22.999999999999996       304.66713211382114       0.601203938213646
1.125                    25                       304.66713211382114       0.49904766805835793
1.125                    26.999999999999996       304.66713211382114       0.3561082423939904
1.125                    28.999999999999996       304.66713211382114       0.1763122183366099
1.125                    30.999999999999996       304.66713211382114       0.023857095238314793
1.125                    33                       304.66713211382114       0.037265766986493976
1.125                    35                       304.66713211382114       0.24159167820970054
1.125                    36.99999999999999        304.66713211382114       0.48128007069082396
1.125                    39                       304.66713211382114       0.6579599090115362
1.125                    41                       304.66713211382114       0.7697844631360524
1.125                    42.99999999999999        304.66713211382114       0.8385124354111468
1.125                    45                       304.66713211382114       0.8813616641192699
1.125                    47                       304.66713211382114       0.9087992446979518
1.125                    48.99999999999999        304.66713211382114       0.9268611189784467
1.13                     0.9999999999999999       304.66713211382114       0.8883772333112727
1.13                     3                        304.66713211382114       0.8833316358447383
1.13                     4.999999999999999        304.66713211382114       0.877505448173179
1.13                     7                        304.66713211382114       0.8707165409272172
1.13                     9                        304.66713211382114       0.8627251771757548
1.13                     11                       304.66713211382114       0.8532106744047424
1.13                     12.999999999999998       304.66713211382114       0.8417364669518537
1.13                     15                       304.66713211382114       0.827696685760058
1.13                     16.999999999999996       304.66713211382114       0.8102327760230001
1.13                     19                       304.66713211382114       0.7881007842315266
1.13                     21                       304.66713211382114       0.7594569197735539
1.13                     22.999999999999996       304.66713211382114       0.7215099709699766
1.13                     25                       304.66713211382114       0.6699735904590971
1.13                     26.999999999999996       304.66713211382114       0.5983041396173682
1.13                     28.999999999999996       304.66713211382114       0.4971451566836916
1.13                     30.999999999999996       304.66713211382114       0.35648087594027295
1.13                     33                       304.66713211382114       0.17999334205628045
1.13                     35                       304.66713211382114       0.02733135131241297
1.13                     36.99999999999999        304.66713211382114       0.030223777917451403
1.13                     39                       304.66713211382114       0.22294254580439257
1.13                     41                       304.66713211382114       0.4611473318340155
1.13                     42.99999999999999        304.66713211382114       0.6419110890143119
1.13                     45                       304.66713211382114       0.7581648925103455
1.13                     47                       304.66713211382114       0.830244065613107
1.13                     48.99999999999999        304.66713211382114       0.8754148598532056
1.135                    0.9999999999999999       304.66713211382114       0.8951608142931683
1.135                    3                        304.66713211382114       0.8911865216894606
1.135                    4.999999999999999        304.66713211382114       0.8866677634352564
1.135                    7                        304.66713211382114       0.8814920603389692
1.135                    9                        304.66713211382114       0.8755154843420565
1.135                    11                       304.66713211382114       0.8685514087814271
1.135                    12.999999999999998       304.66713211382114       0.8603543166512362
1.135                    15                       304.66713211382114       0.8505960524676837
1.135                    16.999999999999996       304.66713211382114       0.8388303220619703
1.135                    19                       304.66713211382114       0.8244385581134317
1.135                    21                       304.66713211382114       0.8065457098012212
1.135                    22.999999999999996       304.66713211382114       0.7838868317958029
1.135                    25                       304.66713211382114       0.7545929288581581
1.135                    26.999999999999996       304.66713211382114       0.7158472528964457
1.135                    28.999999999999996       304.66713211382114       0.6633527355009262
1.135                    30.999999999999996       304.66713211382114       0.5906175608845288
1.135                    33                       304.66713211382114       0.48853206671102317
1.135                    35                       304.66713211382114       0.3478125641635416
1.135                    36.99999999999999        304.66713211382114       0.1735427160111187
1.135                    39                       304.66713211382114       0.025495498976073814
1.135                    41                       304.66713211382114       0.029850046913514647
1.135                    42.99999999999999        304.66713211382114       0.21811366854549658
1.135                    45                       304.66713211382114       0.4529282208797182
1.135                    47                       304.66713211382114       0.633635598199412
1.135                    48.99999999999999        304.66713211382114       0.7512452245360651
1.14                     0.9999999999999999       304.66713211382114       0.9003018240379853
1.14                     3                        304.66713211382114       0.8970692318966107
1.14                     4.999999999999999        304.66713211382114       0.8934388828389538
1.14                     7                        304.66713211382114       0.8893369775278078
1.14                     9                        304.66713211382114       0.8846712153593567
1.14                     11                       304.66713211382114       0.8793248728809442
1.14                     12.999999999999998       304.66713211382114       0.8731485546864008
1.14                     15                       304.66713211382114       0.8659485145859561
1.14                     16.999999999999996       304.66713211382114       0.8574698443260286
1.14                     19                       304.66713211382114       0.847371839255361
1.14                     21                       304.66713211382114       0.8351912161849365
1.14                     22.999999999999996       304.66713211382114       0.8202861241721553
1.14                     25                       304.66713211382114       0.8017492840869168
1.14                     26.999999999999996       304.66713211382114       0.7782709477017945
1.14                     28.999999999999996       304.66713211382114       0.7479203796690831
1.14                     30.999999999999996       304.66713211382114       0.7077991498157533
1.14                     33                       304.66713211382114       0.6535157278887072
1.14                     35                       304.66713211382114       0.5785198931662994
1.14                     36.99999999999999        304.66713211382114       0.4738707679836561
1.14                     39                       304.66713211382114       0.33126532842837475
1.14                     41                       304.66713211382114       0.1586805738160368
1.14                     42.99999999999999        304.66713211382114       0.019565854562131467
1.14                     45                       304.66713211382114       0.03500798376650178
1.14                     47                       304.66713211382114       0.22481855918647817
1.14                     48.99999999999999        304.66713211382114       0.4550913413812322
1.145                    0.9999999999999999       304.66713211382114       0.9043064239198789
1.145                    3                        304.66713211382114       0.9016092821817355
1.145                    4.999999999999999        304.66713211382114       0.8986106509819872
1.145                    7                        304.66713211382114       0.8952597097870304
1.145                    9                        304.66713211382114       0.8914940797140924
1.145                    11                       304.66713211382114       0.8872364767434439
1.145                    12.999999999999998       304.66713211382114       0.8823901729329435
1.145                    15                       304.66713211382114       0.8768327585150876
1.145                    16.999999999999996       304.66713211382114       0.8704074447451189
1.145                    19                       304.66713211382114       0.8629107485460281
1.145                    21                       304.66713211382114       0.8540747618713461
1.145                    22.999999999999996       304.66713211382114       0.8435411735890109
1.145                    25                       304.66713211382114       0.8308225021790049
1.145                    26.999999999999996       304.66713211382114       0.8152431529046708
1.145                    28.999999999999996       304.66713211382114       0.7958481815570658
1.145                    30.999999999999996       304.66713211382114       0.7712599361046286
1.145                    33                       304.66713211382114       0.7394511428138975
1.145                    35                       304.66713211382114       0.6973898900082521
1.145                    36.99999999999999        304.66713211382114       0.6405176385805063
1.145                    39                       304.66713211382114       0.5621448718634665
1.145                    41                       304.66713211382114       0.45349621665811585
1.145                    42.99999999999999        304.66713211382114       0.30765639209520956
1.145                    45                       304.66713211382114       0.137097842294334
1.145                    47                       304.66713211382114       0.011640821801242445
1.145                    48.99999999999999        304.66713211382114       0.04597262629408255
1.15                     0.9999999999999999       304.66713211382114       0.9074946194371011
1.15                     3                        304.66713211382114       0.9051973491699191
1.15                     4.999999999999999        304.66713211382114       0.9026646148791435
1.15                     7                        304.66713211382114       0.8998600151128244
1.15                     9                        304.66713211382114       0.8967395642984747
1.15                     11                       304.66713211382114       0.8932496882052327
1.15                     12.999999999999998       304.66713211382114       0.8893245641469494
1.15                     15                       304.66713211382114       0.8848825561434261
1.15                     16.999999999999996       304.66713211382114       0.8798213766783827
1.15                     19                       304.66713211382114       0.8740114313935985
1.15                     21                       304.66713211382114       0.8672865309706852
1.15                     22.999999999999996       304.66713211382114       0.8594307281569181
1.15                     25                       304.66713211382114       0.850159354397924
1.15                     26.999999999999996       304.66713211382114       0.8390912229937748
1.15                     28.999999999999996       304.66713211382114       0.8257071501750869
1.15                     30.999999999999996       304.66713211382114       0.8092869417812133
1.15                     33                       304.66713211382114       0.7888120616921122
1.15                     35                       304.66713211382114       0.762813370930457
1.15                     36.99999999999999        304.66713211382114       0.729132236475469
1.15                     39                       304.66713211382114       0.6845534727188098
1.15                     41                       304.66713211382114       0.6242880893677993
1.15                     42.99999999999999        304.66713211382114       0.5414581643111904
1.15                     45                       304.66713211382114       0.42754760481076715
1.15                     47                       304.66713211382114       0.2776728561566145
1.15                     48.99999999999999        304.66713211382114       0.11064581355959485
1.155                    0.9999999999999999       304.66713211382114       0.9100779715241085
1.155                    3                        304.66713211382114       0.9080877770817836
1.155                    4.999999999999999        304.66713211382114       0.9059090840406806
1.155                    7                        304.66713211382114       0.9035149566739425
1.155                    9                        304.66713211382114       0.9008732761715028
1.155                    11                       304.66713211382114       0.8979454813205683
1.155                    12.999999999999998       304.66713211382114       0.8946849262160111
1.155                    15                       304.66713211382114       0.8910347260137719
1.155                    16.999999999999996       304.66713211382114       0.8869248992115977
1.155                    19                       304.66713211382114       0.8822685321843678
1.155                    21                       304.66713211382114       0.8769565661426356
1.155                    22.999999999999996       304.66713211382114       0.8708506165096118
1.155                    25                       304.66713211382114       0.8637729384083028
1.155                    26.999999999999996       304.66713211382114       0.8554921867723385
1.155                    28.999999999999996       304.66713211382114       0.845702879155062
1.155                    30.999999999999996       304.66713211382114       0.8339952686875332
1.155                    33                       304.66713211382114       0.8198103757317777
1.155                    35                       304.66713211382114       0.8023717194750785
1.155                    36.99999999999999        304.66713211382114       0.780580114453935
1.155                    39                       304.66713211382114       0.7528499662839486
1.155                    41                       304.66713211382114       0.7168552936823319
1.155                    42.99999999999999        304.66713211382114       0.6691489011564145
1.155                    45                       304.66713211382114       0.6046582417559571
1.155                    47                       304.66713211382114       0.5163100182518456
1.155                    48.99999999999999        304.66713211382114       0.3960765279918773
1.16                     0.9999999999999999       304.66713211382114       0.9122016333642645
1.16                     3                        304.66713211382114       0.9104528288234133
1.16                     4.999999999999999        304.66713211382114       0.9085499684073768
1.16                     7                        304.66713211382114       0.9064725696268937
1.16                     9                        304.66713211382114       0.9041964845461916
1.16                     11                       304.66713211382114       0.9016930766916298
1.16                     12.999999999999998       304.66713211382114       0.8989281615591177
1.16                     15                       304.66713211382114       0.8958606426311181
1.16                     16.999999999999996       304.66713211382114       0.8924407370524076
1.16                     19                       304.66713211382114       0.8886076437868526
1.16                     21                       304.66713211382114       0.8842864450020403
1.16                     22.999999999999996       304.66713211382114       0.8793839404125516
1.16                     25                       304.66713211382114       0.8737829759166195
1.16                     26.999999999999996       304.66713211382114       0.8673346172399504
1.16                     28.999999999999996       304.66713211382114       0.8598471945288066
1.16                     30.999999999999996       304.66713211382114       0.85107073090982
1.16                     33                       304.66713211382114       0.8406744523620803
1.16                     35                       304.66713211382114       0.8282137611114464
1.16                     36.99999999999999        304.66713211382114       0.8130809214241643
1.16                     39                       304.66713211382114       0.7944302521124249
1.16                     41                       304.66713211382114       0.771063183482827
1.16                     42.99999999999999        304.66713211382114       0.7412506290995619
1.16                     45                       304.66713211382114       0.702461513671032
1.16                     47                       304.66713211382114       0.6509694586521305
1.16                     48.99999999999999        304.66713211382114       0.5813807384210864
1.165                    0.9999999999999999       304.66713211382114       0.9139683620793405
1.165                    3                        304.66713211382114       0.9124131111283214
1.165                    4.999999999999999        304.66713211382114       0.910729725371904
1.165                    7                        304.66713211382114       0.90890226495371
1.165                    9                        304.66713211382114       0.9069121212713849
1.165                    11                       304.66713211382114       0.9047374609789387
1.165                    12.999999999999998       304.66713211382114       0.9023525165274022
1.165                    15                       304.66713211382114       0.8997266878450605
1.165                    16.999999999999996       304.66713211382114       0.8968233933799306
1.165                    19                       304.66713211382114       0.8935985872631075
1.165                    21                       304.66713211382114       0.8899988267722945
1.165                    22.999999999999996       304.66713211382114       0.885958728012296
1.165                    25                       304.66713211382114       0.8813975786602503
1.165                    26.999999999999996       304.66713211382114       0.8762147745928653
1.165                    28.999999999999996       304.66713211382114       0.8702835946632516
1.165                    30.999999999999996       304.66713211382114       0.8634425928736595
1.165                    33                       304.66713211382114       0.8554835244431945
1.165                    35                       304.66713211382114       0.8461341521623755
1.165                    36.99999999999999        304.66713211382114       0.8350333734108459
1.165                    39                       304.66713211382114       0.8216946513008062
1.165                    41                       304.66713211382114       0.8054513960930137
1.165                    42.99999999999999        304.66713211382114       0.7853742140441321
1.165                    45                       304.66713211382114       0.7601442685118732
1.165                    47                       304.66713211382114       0.7278594169288147
1.165                    48.99999999999999        304.66713211382114       0.6857440619462803
1.17                     0.9999999999999999       304.66713211382114       0.915452876607608
1.17                     3                        304.66713211382114       0.9140554854339293
1.17                     4.999999999999999        304.66713211382114       0.9125499049197119
1.17                     7                        304.66713211382114       0.9109234818784846
1.17                     9                        304.66713211382114       0.9091615707774304
1.17                     11                       304.66713211382114       0.9072471477133472
1.17                     12.999999999999998       304.66713211382114       0.9051603198815497
1.17                     15                       304.66713211382114       0.9028777137189052
1.17                     16.999999999999996       304.66713211382114       0.9003717038084498
1.17                     19                       304.66713211382114       0.8976094332934107
1.17                     21                       304.66713211382114       0.894551558546433
1.17                     22.999999999999996       304.66713211382114       0.8911506260665867
1.17                     25                       304.66713211382114       0.8873489530751583
1.17                     26.999999999999996       304.66713211382114       0.8830758307989519
1.17                     28.999999999999996       304.66713211382114       0.8782437933196348
1.17                     30.999999999999996       304.66713211382114       0.8727435799548923
1.17                     33                       304.66713211382114       0.8664372470365133
1.17                     35                       304.66713211382114       0.8591486215957627
1.17                     36.99999999999999        304.66713211382114       0.8506498817586804
1.17                     39                       304.66713211382114       0.8406424068719053
1.17                     41                       304.66713211382114       0.82872902778954
1.17                     42.99999999999999        304.66713211382114       0.8143731845227372
1.17                     45                       304.66713211382114       0.7968379254001605
1.17                     47                       304.66713211382114       0.7750936782066308
1.17                     48.99999999999999        304.66713211382114       0.7476779280113413
1.175                    0.9999999999999999       304.66713211382114       0.9167107843402427
1.175                    3                        304.66713211382114       0.9154440546882359
1.175                    4.999999999999999        304.66713211382114       0.9140847809129388
1.175                    7                        304.66713211382114       0.9126227449485729
1.175                    9                        304.66713211382114       0.9110462086202649
1.175                    11                       304.66713211382114       0.9093416394651072
1.175                    12.999999999999998       304.66713211382114       0.9074933620033776
1.175                    15                       304.66713211382114       0.9054831287543641
1.175                    16.999999999999996       304.66713211382114       0.9032895865881154
1.175                    19                       304.66713211382114       0.9008876081184184
1.175                    21                       304.66713211382114       0.8982474474246208
1.175                    22.999999999999996       304.66713211382114       0.8953336655436857
1.175                    25                       304.66713211382114       0.8921037508592927
1.175                    26.999999999999996       304.66713211382114       0.8885063310922082
1.175                    28.999999999999996       304.66713211382114       0.8844788335732408
1.175                    30.999999999999996       304.66713211382114       0.8799443909282003
1.175                    33                       304.66713211382114       0.8748077027290319
1.175                    35                       304.66713211382114       0.868949434441744
1.175                    36.99999999999999        304.66713211382114       0.8622185401428465
1.175                    39                       304.66713211382114       0.8544215959289531
1.175                    41                       304.66713211382114       0.8453077707577652
1.175                    42.99999999999999        304.66713211382114       0.8345473344732273
1.175                    45                       304.66713211382114       0.8217004612338955
1.175                    47                       304.66713211382114       0.8061712773355895
1.175                    48.99999999999999        304.66713211382114       0.7871392753094854
1.18                     0.9999999999999999       304.66713211382114       0.9177843206708
1.18                     3                        304.66713211382114       0.9166271452640505
1.18                     4.999999999999999        304.66713211382114       0.9153899056692715
1.18                     7                        304.66713211382114       0.914064225831262
1.18                     9                        304.66713211382114       0.9126405475410486
1.18                     11                       304.66713211382114       0.9111079320400682
1.18                     12.999999999999998       304.66713211382114       0.9094538059718184
1.18                     15                       304.66713211382114       0.9076636529538233
1.18                     16.999999999999996       304.66713211382114       0.9057206342965407
1.18                     19                       304.66713211382114       0.9036051195901316
1.18                     21                       304.66713211382114       0.9012941016174796
1.18                     22.999999999999996       304.66713211382114       0.8987604619981036
1.18                     25                       304.66713211382114       0.8959720421671717
1.18                     26.999999999999996       304.66713211382114       0.8928904581625839
1.18                     28.999999999999996       304.66713211382114       0.8894695756929133
1.18                     30.999999999999996       304.66713211382114       0.8856535294517007
1.18                     33                       304.66713211382114       0.8813741247796876
1.18                     35                       304.66713211382114       0.8765473928294347
1.18                     36.99999999999999        304.66713211382114       0.8710689718846206
1.18                     39                       304.66713211382114       0.864807839417584
1.18                     41                       304.66713211382114       0.8575976986674386
1.18                     42.99999999999999        304.66713211382114       0.8492249807983653
1.18                     45                       304.66713211382114       0.8394118983595653
1.18                     47                       304.66713211382114       0.8277921620894553
1.18                     48.99999999999999        304.66713211382114       0.8138756822937804
1.185                    0.9999999999999999       304.66713211382114       0.9187061489263657
1.185                    3                        304.66713211382114       0.9176418820835837
1.185                    4.999999999999999        304.66713211382114       0.9165076544297442
1.185                    7                        304.66713211382114       0.9152965089325865
1.185                    9                        304.66713211382114       0.9140005535795676
1.185                    11                       304.66713211382114       0.9126108156724114
1.185                    12.999999999999998       304.66713211382114       0.9111170527026744
1.185                    15                       304.66713211382114       0.9095075256653098
1.185                    16.999999999999996       304.66713211382114       0.9077687231508772
1.185                    19                       304.66713211382114       0.9058850235843335
1.185                    21                       304.66713211382114       0.9038382790576531
1.185                    22.999999999999996       304.66713211382114       0.9016072994047465
1.185                    25                       304.66713211382114       0.899167207989608
1.185                    26.999999999999996       304.66713211382114       0.8964886311787001
1.185                    28.999999999999996       304.66713211382114       0.8935366708965649
1.185                    30.999999999999996       304.66713211382114       0.8902695910730944
1.185                    33                       304.66713211382114       0.8866371233768686
1.185                    35                       304.66713211382114       0.8825782612350781
1.185                    36.99999999999999        304.66713211382114       0.8780183587682382
1.185                    39                       304.66713211382114       0.8728652741056504
1.185                    41                       304.66713211382114       0.8670041849892132
1.185                    42.99999999999999        304.66713211382114       0.8602905339759639
1.185                    45                       304.66713211382114       0.8525403066781828
1.185                    47                       304.66713211382114       0.8435164554764589
1.185                    48.99999999999999        304.66713211382114       0.8329096784968577
1.19                     0.9999999999999999       304.66713211382114       0.9195019417065227
1.19                     3                        304.66713211382114       0.9185172683334478
1.19                     4.999999999999999        304.66713211382114       0.917470921545625
1.19                     7                        304.66713211382114       0.916357055301455
1.19                     9                        304.66713211382114       0.915169072865854
1.19                     11                       304.66713211382114       0.9138995185930595
1.19                     12.999999999999998       304.66713211382114       0.9125399343789046
1.19                     15                       304.66713211382114       0.9110806897880291
1.19                     16.999999999999996       304.66713211382114       0.9095107772005737
1.19                     19                       304.66713211382114       0.9078175634791652
1.19                     21                       304.66713211382114       0.9059864871304081
1.19                     22.999999999999996       304.66713211382114       0.9040006869929453
1.19                     25                       304.66713211382114       0.9018405439641102
1.19                     26.999999999999996       304.66713211382114       0.899483111475492
1.19                     28.999999999999996       304.66713211382114       0.8969014030142656
1.19                     30.999999999999996       304.66713211382114       0.8940634938976245
1.19                     33                       304.66713211382114       0.8909313798625822
1.19                     35                       304.66713211382114       0.8874595143926424
1.19                     36.99999999999999        304.66713211382114       0.8835929175787247
1.19                     39                       304.66713211382114       0.8792647071378935
1.19                     41                       304.66713211382114       0.8743928431769357
1.19                     42.99999999999999        304.66713211382114       0.8688757888354142
1.19                     45                       304.66713211382114       0.8625866601475709
1.19                     47                       304.66713211382114       0.8553652435696102
1.19                     48.99999999999999        304.66713211382114       0.8470069659773551
1.1949999999999998       0.9999999999999999       304.66713211382114       0.920192174866694
1.1949999999999998       3                        304.66713211382114       0.919276308436773
1.1949999999999998       4.999999999999999        304.66713211382114       0.9183056464834649
1.1949999999999998       7                        304.66713211382114       0.9172752254199685
1.1949999999999998       9                        304.66713211382114       0.9161794707436189
1.1949999999999998       11                       304.66713211382114       0.9150121160389124
1.1949999999999998       12.999999999999998       304.66713211382114       0.9137660921013016
1.1949999999999998       15                       304.66713211382114       0.9124333974293575
1.1949999999999998       16.999999999999996       304.66713211382114       0.911004943349882
1.1949999999999998       19                       304.66713211382114       0.9094703679230358
1.1949999999999998       21                       304.66713211382114       0.9078178110993793
1.1949999999999998       22.999999999999996       304.66713211382114       0.9060336417598963
1.1949999999999998       25                       304.66713211382114       0.9041021243235138
1.1949999999999998       26.999999999999996       304.66713211382114       0.9020050089542421
1.1949999999999998       28.999999999999996       304.66713211382114       0.8997210249114616
1.1949999999999998       30.999999999999996       304.66713211382114       0.8972252497111896
1.1949999999999998       33                       304.66713211382114       0.8944883180361953
1.1949999999999998       35                       304.66713211382114       0.8914754221837414
1.1949999999999998       36.99999999999999        304.66713211382114       0.8881450389791391
1.1949999999999998       39                       304.66713211382114       0.8844472940344872
1.1949999999999998       41                       304.66713211382114       0.8803218416950198
1.1949999999999998       42.99999999999999        304.66713211382114       0.8756950897910362
1.1949999999999998       45                       304.66713211382114       0.8704765300009123
1.1949999999999998       47                       304.66713211382114       0.8645538327140145
1.1949999999999998       48.99999999999999        304.66713211382114       0.8577862154934325
1.2                      0.9999999999999999       304.66713211382114       0.9207933999740221
1.2                      3                        304.66713211382114       0.9199375028566472
1.2                      4.999999999999999        304.66713211382114       0.9190325786521613
1.2                      7                        304.66713211382114       0.9180743738303861
1.2                      9                        304.66713211382114       0.9170581315932318
1.2                      11                       304.66713211382114       0.9159785310260042
1.2                      12.999999999999998       304.66713211382114       0.9148296000746502
1.2                      15                       304.66713211382114       0.9136046152854335
1.2                      16.999999999999996       304.66713211382114       0.9122959828133292
1.2                      19                       304.66713211382114       0.910895096585757
1.2                      21                       304.66713211382114       0.9093921683659897
1.2                      22.999999999999996       304.66713211382114       0.9077760232923772
1.2                      25                       304.66713211382114       0.9060338524869488
1.2                      26.999999999999996       304.66713211382114       0.904150911962688
1.2                      28.999999999999996       304.66713211382114       0.9021101542825476
1.2                      30.999999999999996       304.66713211382114       0.8998917750105828
1.2                      33                       304.66713211382114       0.8974726506305247
1.2                      35                       304.66713211382114       0.8948256372233455
1.2                      36.99999999999999        304.66713211382114       0.8919186890739681
1.2                      39                       304.66713211382114       0.8887137421372407
1.2                      41                       304.66713211382114       0.8851652887214934
1.2                      42.99999999999999        304.66713211382114       0.881218541428351
1.2                      45                       304.66713211382114       0.8768070466979394
1.2                      47                       304.66713211382114       0.8718495525853994
1.2                      48.99999999999999        304.66713211382114       0.8662458555692124
