0.000000000000000000e+00,-1.550650632824429054e-01
1.000000000000000000e+00,-4.114654018984419959e-01
2.000000000000000000e+00,-5.420039677779646681e-01
3.000000000000000000e+00,-2.755839200902264197e-01
4.000000000000000000e+00,-2.670355249953200727e-01
5.000000000000000000e+00,5.883971828536700699e-02
6.000000000000000000e+00,-8.687821939746502575e-02
7.000000000000000000e+00,-1.477521384479194011e-01
8.000000000000000000e+00,-1.066282728084449322e-01
9.000000000000000000e+00,9.421280360304500057e-02
1.000000000000000000e+01,1.899147664163054749e-02
1.100000000000000000e+01,-2.033991481660404887e-01
1.200000000000000000e+01,-1.235614987325926312e-01
1.300000000000000000e+01,-6.125434199062339269e-02
1.400000000000000000e+01,3.812385624011180307e-02
1.500000000000000000e+01,1.094500704134721697e-01
1.600000000000000000e+01,1.072832199285256721e-01
1.700000000000000000e+01,-5.133270312770666921e-01
1.800000000000000000e+01,-3.170909691980784983e-01
1.900000000000000000e+01,-4.543931543145372787e-02
2.000000000000000000e+01,-5.989490985101396381e-02
2.100000000000000000e+01,-8.104911208170208214e-02
2.200000000000000000e+01,-9.315594532360989277e-02
2.300000000000000000e+01,-1.796368232894493544e-01
2.400000000000000000e+01,8.108138211170613785e-02
2.500000000000000000e+01,-3.364929683216087430e-01
2.600000000000000000e+01,-1.990183646324296396e-01
2.700000000000000000e+01,-1.064093667204050742e-01
2.800000000000000000e+01,2.911811319792754205e-01
2.900000000000000000e+01,-1.889582226504053220e-01
3.000000000000000000e+01,-1.877524070984747384e-01
3.100000000000000000e+01,-3.086332568471386595e-01
3.200000000000000000e+01,-3.883058123550521823e-01
3.300000000000000000e+01,-1.969224701400555388e-01
3.400000000000000000e+01,-1.806854021450008951e-01
3.500000000000000000e+01,-1.376927824299197800e-01
3.600000000000000000e+01,-2.884468627889472114e-01
3.700000000000000000e+01,-3.980512018721058531e-01
3.800000000000000000e+01,-3.763581699879591791e-01
3.900000000000000000e+01,-3.872429154678153074e-01
4.000000000000000000e+01,-1.970874294858631082e-01
4.100000000000000000e+01,-2.667180524460445179e-01
4.200000000000000000e+01,-3.852296855368986805e-01
4.300000000000000000e+01,-4.439720234416020817e-01
4.400000000000000000e+01,9.479136889280884160e-02
4.500000000000000000e+01,1.927581215552426896e-01
4.600000000000000000e+01,-1.130555090397883933e-01
4.700000000000000000e+01,2.562092269323724691e-01
4.800000000000000000e+01,6.969328928707840820e-02
4.900000000000000000e+01,5.857786414276008879e-02
5.000000000000000000e+01,9.490982440709902490e-02
5.100000000000000000e+01,-7.174679075871798206e-02
5.200000000000000000e+01,-1.162977091158666210e-01
5.300000000000000000e+01,6.915783310019352204e-03
5.400000000000000000e+01,1.337426124231695379e-01
5.500000000000000000e+01,1.405079010978904364e-01
5.600000000000000000e+01,2.206230423403784946e-01
5.700000000000000000e+01,2.762665544135158302e-01
5.800000000000000000e+01,1.618614739441398831e-01
5.900000000000000000e+01,5.536721390136856158e-01
6.000000000000000000e+01,3.254080682708042072e-01
6.100000000000000000e+01,8.718509133575708114e-02
6.200000000000000000e+01,2.183863379776365965e-01
6.300000000000000000e+01,2.281791173297150477e-01
6.400000000000000000e+01,3.842310186228694580e-01
6.500000000000000000e+01,3.728430636252547115e-02
6.600000000000000000e+01,3.855076407526176752e-01
6.700000000000000000e+01,2.012382425745508630e-01
6.800000000000000000e+01,1.891561093197254850e-01
6.900000000000000000e+01,3.210184978894871644e-01
7.000000000000000000e+01,4.612135059188146591e-01
7.100000000000000000e+01,1.679469831379455935e-01
7.200000000000000000e+01,1.677001945550440354e-01
7.300000000000000000e+01,2.394016317808405070e-01
7.400000000000000000e+01,2.326891206292255043e-01
7.500000000000000000e+01,2.938875142201278212e-01
7.600000000000000000e+01,-8.831776606260685614e-02
7.700000000000000000e+01,-4.469842334611355550e-02
7.800000000000000000e+01,-1.959708530550928751e-01
7.900000000000000000e+01,-5.952340920175756833e-02
8.000000000000000000e+01,3.493487867845895822e-03
8.100000000000000000e+01,-6.477228587669615900e-02
8.200000000000000000e+01,-1.407325383116265205e-01
8.300000000000000000e+01,-1.458983190457318058e-01
8.400000000000000000e+01,1.743887313563068364e-01
8.500000000000000000e+01,7.421410764179862951e-02
8.600000000000000000e+01,-3.836904947784844366e-02
8.700000000000000000e+01,-1.670029826634009951e-01
8.800000000000000000e+01,-5.242658385804894322e-02
8.900000000000000000e+01,7.338230725559191647e-02
9.000000000000000000e+01,7.546806959344055932e-02
9.100000000000000000e+01,-9.884069995534375958e-03
9.200000000000000000e+01,7.320791216493136022e-03
9.300000000000000000e+01,-1.198925012206609741e-01
9.400000000000000000e+01,3.705063900121509657e-01
9.500000000000000000e+01,1.641904625451036659e-01
9.600000000000000000e+01,6.838717986053989562e-03
9.700000000000000000e+01,-1.186166233202636255e-01
9.800000000000000000e+01,4.165830312248827022e-02
9.900000000000000000e+01,1.432176531850578305e-01
1.000000000000000000e+02,4.554346297980680913e-01
1.010000000000000000e+02,5.745835604381212963e-02
1.020000000000000000e+02,-2.360527193540174762e-01
1.030000000000000000e+02,1.896382193024748475e-01
1.040000000000000000e+02,2.119970769393904331e-02
1.050000000000000000e+02,1.271151649796971317e-01
1.060000000000000000e+02,-2.312092826065786644e-01
1.070000000000000000e+02,-5.996408694997361621e-01
1.080000000000000000e+02,-3.674448919201201980e-01
1.090000000000000000e+02,-3.273132172224489378e-01
1.100000000000000000e+02,-3.981409230865116666e-01
1.110000000000000000e+02,-5.485668021933417515e-01
1.120000000000000000e+02,-5.800412459171265800e-01
1.130000000000000000e+02,-8.879947005120395476e-01
1.140000000000000000e+02,-5.397255464203595254e-01
1.150000000000000000e+02,-5.315577968280343901e-01
1.160000000000000000e+02,-5.732343877996611825e-01
1.170000000000000000e+02,-7.746330094731056493e-01
1.180000000000000000e+02,-5.101504746631393417e-01
1.190000000000000000e+02,-6.327801263771921647e-01
1.200000000000000000e+02,-3.981001814344800604e-01
1.210000000000000000e+02,-3.966617228436656872e-01
1.220000000000000000e+02,-9.900890496259335816e-01
1.230000000000000000e+02,-1.374092488104624032e-01
1.240000000000000000e+02,-4.610078169543495030e-01
1.250000000000000000e+02,-5.038433130467501186e-01
1.260000000000000000e+02,-5.422212494177385267e-01
1.270000000000000000e+02,-2.903543658660222015e-01
1.280000000000000000e+02,-5.290273661190076915e-01
1.290000000000000000e+02,-3.675378198806737440e-01
1.300000000000000000e+02,-4.245073031983011558e-01
1.310000000000000000e+02,-6.107252355979225777e-02
1.320000000000000000e+02,-2.271401016136103679e-01
1.330000000000000000e+02,-3.917305656052530449e-01
1.340000000000000000e+02,-4.410069144347217862e-01
1.350000000000000000e+02,-1.099100835737370496e-01
1.360000000000000000e+02,-1.776835918218028221e-01
1.370000000000000000e+02,-2.367891897020970027e-01
1.380000000000000000e+02,-1.583828706925486385e-01
1.390000000000000000e+02,3.365171181917975263e-02
1.400000000000000000e+02,1.352419927030805713e-01
1.410000000000000000e+02,1.070127351108824676e-01
1.420000000000000000e+02,-5.713489379242756017e-02
1.430000000000000000e+02,2.183936764576473732e-01
1.440000000000000000e+02,2.941485889474609872e-01
1.450000000000000000e+02,2.539844721282824569e-01
1.460000000000000000e+02,6.961417141225473282e-02
1.470000000000000000e+02,1.486969592947883778e-01
1.480000000000000000e+02,7.195356800103920591e-02
1.490000000000000000e+02,4.360004256017486202e-01
1.500000000000000000e+02,1.245132706582287307e-01
1.510000000000000000e+02,-6.921165987247842460e-03
1.520000000000000000e+02,-1.254687839437194918e-01
1.530000000000000000e+02,-1.080527831796251198e-02
1.540000000000000000e+02,-2.279757343585787077e-01
1.550000000000000000e+02,1.623984139168277996e-01
1.560000000000000000e+02,2.448454058987324378e-01
1.570000000000000000e+02,-8.566530244544222350e-02
1.580000000000000000e+02,-1.510401037005393854e-01
1.590000000000000000e+02,-9.304901962179805419e-02
1.600000000000000000e+02,6.078046143408075142e-02
1.610000000000000000e+02,-6.208773502768928365e-01
1.620000000000000000e+02,-1.528034609730036242e-01
1.630000000000000000e+02,-5.170582946424364529e-02
1.640000000000000000e+02,-4.259586992957725693e-03
1.650000000000000000e+02,-8.152845166849381764e-02
1.660000000000000000e+02,3.739217750059312118e-02
1.670000000000000000e+02,-2.671176063539949519e-01
1.680000000000000000e+02,-1.745994927980649980e-01
1.690000000000000000e+02,4.162682890894822685e-02
1.700000000000000000e+02,3.677836014076382720e-02
1.710000000000000000e+02,-1.267714093302877987e-01
1.720000000000000000e+02,-7.503331072790654643e-02
1.730000000000000000e+02,-9.517989847780454482e-02
1.740000000000000000e+02,-4.833981231699490538e-02
1.750000000000000000e+02,-3.415452672129434819e-02
1.760000000000000000e+02,-1.067204745272334887e-01
1.770000000000000000e+02,-1.929314773094040758e-01
1.780000000000000000e+02,4.005823526020055314e-02
1.790000000000000000e+02,1.261233162912641648e-01
1.800000000000000000e+02,3.593867490095326023e-02
1.810000000000000000e+02,-7.238916392359964758e-02
1.820000000000000000e+02,3.112761065239818548e-01
1.830000000000000000e+02,-5.433943501701923862e-02
1.840000000000000000e+02,-9.550830930734408031e-02
1.850000000000000000e+02,-1.129168839300922489e-01
1.860000000000000000e+02,-3.642098304405747555e-01
1.870000000000000000e+02,-5.103926440050992053e-01
1.880000000000000000e+02,-5.677446955406695306e-01
1.890000000000000000e+02,-1.425548700526302337e-01
1.900000000000000000e+02,-3.292365376957082646e-01
1.910000000000000000e+02,-9.532336774686689385e-02
1.920000000000000000e+02,-1.496132190762335390e-01
1.930000000000000000e+02,-2.233279491159995689e-01
1.940000000000000000e+02,1.314976570982648862e-01
1.950000000000000000e+02,-1.190865592660526051e-01
1.960000000000000000e+02,-3.695214585083612668e-01
1.970000000000000000e+02,-4.604261331320977924e-01
1.980000000000000000e+02,-6.560420501727887155e-02
1.990000000000000000e+02,-1.655098067185508670e-01
2.000000000000000000e+02,-1.180636629796227577e-01
2.010000000000000000e+02,-3.531294360920048669e-01
2.020000000000000000e+02,-1.862531194277429747e-01
2.030000000000000000e+02,-1.801800016338965249e-01
2.040000000000000000e+02,8.476733263309969846e-02
2.050000000000000000e+02,-1.459775463414685337e-01
2.060000000000000000e+02,-1.586201957039814481e-01
2.070000000000000000e+02,-1.367536058259833931e-01
2.080000000000000000e+02,-1.945755682674836229e-01
2.090000000000000000e+02,5.213062479791396031e-01
2.100000000000000000e+02,-1.895506537639812805e-03
2.110000000000000000e+02,4.471567384427616032e-02
2.120000000000000000e+02,1.953561448836771963e-01
2.130000000000000000e+02,2.367077093838668156e-01
2.140000000000000000e+02,1.053434323078951573e+00
2.150000000000000000e+02,9.142498344309566427e-01
2.160000000000000000e+02,7.950725591931391278e-01
2.170000000000000000e+02,7.789609119946532267e-01
2.180000000000000000e+02,8.140017066578676408e-01
2.190000000000000000e+02,8.696499553023926410e-01
2.200000000000000000e+02,7.552923611176949326e-01
2.210000000000000000e+02,8.730797226675538480e-01
2.220000000000000000e+02,7.995665546900155851e-01
2.230000000000000000e+02,7.429440032944200079e-01
2.240000000000000000e+02,8.451568224035722610e-01
2.250000000000000000e+02,8.357024166529988252e-01
2.260000000000000000e+02,8.510077312471276967e-01
2.270000000000000000e+02,6.296329741400369384e-01
2.280000000000000000e+02,7.806389813418989077e-01
2.290000000000000000e+02,8.764478944512331671e-01
2.300000000000000000e+02,9.156060138639824375e-01
2.310000000000000000e+02,1.026519172444466221e+00
2.320000000000000000e+02,7.189898986099581002e-01
2.330000000000000000e+02,9.636493209149225025e-01
2.340000000000000000e+02,1.018562441095989257e+00
2.350000000000000000e+02,8.932855215498474166e-01
2.360000000000000000e+02,5.983821129405915151e-01
2.370000000000000000e+02,5.290047057910401973e-01
2.380000000000000000e+02,6.920207073764114147e-01
2.390000000000000000e+02,6.662480507427916976e-01
2.400000000000000000e+02,9.239084397114958325e-01
2.410000000000000000e+02,1.462515848945000752e-01
2.420000000000000000e+02,1.078922663501887813e-01
2.430000000000000000e+02,3.511765962550278397e-01
2.440000000000000000e+02,5.230791867142204482e-02
2.450000000000000000e+02,-1.897982475884939513e-01
2.460000000000000000e+02,-2.951604093544606400e-01
2.470000000000000000e+02,5.762596313474087351e-02
2.480000000000000000e+02,-2.409359537675994645e-01
2.490000000000000000e+02,1.740950598670167326e-01
2.500000000000000000e+02,6.104570968417534493e-02
2.510000000000000000e+02,-6.340870910729101695e-03
2.520000000000000000e+02,5.857129465269556023e-02
2.530000000000000000e+02,2.335376130297375785e-01
2.540000000000000000e+02,-1.501814993738163628e-01
2.550000000000000000e+02,5.888844973043687314e-02
2.560000000000000000e+02,2.353432145586369928e-01
2.570000000000000000e+02,-2.564326789993505162e-01
2.580000000000000000e+02,-9.623439223665776476e-02
2.590000000000000000e+02,4.811058849064077103e-01
2.600000000000000000e+02,-2.936399980634807338e-01
2.610000000000000000e+02,-1.634468783611210674e-04
2.620000000000000000e+02,-3.385644553251530853e-02
2.630000000000000000e+02,-1.374203046255311200e-01
2.640000000000000000e+02,4.086895350102667246e-01
2.650000000000000000e+02,1.141971652243149171e-01
2.660000000000000000e+02,-1.897850886615755350e-01
2.670000000000000000e+02,-2.579481345956593508e-01
2.680000000000000000e+02,7.626911951975012816e-02
2.690000000000000000e+02,1.126444678160961888e-01
2.700000000000000000e+02,-4.513805183832197421e-01
2.710000000000000000e+02,-3.064769818333205609e-01
2.720000000000000000e+02,-1.234123571957389670e-01
2.730000000000000000e+02,2.151433520791191240e-02
2.740000000000000000e+02,1.413067282618307163e-01
2.750000000000000000e+02,2.603301872440815234e-01
2.760000000000000000e+02,2.343851959102321858e-01
2.770000000000000000e+02,-3.355529473871564083e-01
2.780000000000000000e+02,-1.537853000614501919e-01
2.790000000000000000e+02,2.671671470287965144e-01
2.800000000000000000e+02,2.426074434821161030e-01
2.810000000000000000e+02,8.132638014438191287e-02
2.820000000000000000e+02,-1.338703079515511651e-01
2.830000000000000000e+02,-4.591647228635160199e-03
2.840000000000000000e+02,-2.709248416346082822e-02
2.850000000000000000e+02,3.966203148652914234e-01
2.860000000000000000e+02,1.856354180866701120e-01
2.870000000000000000e+02,1.899135838199733362e-01
2.880000000000000000e+02,1.947437369138831365e-01
2.890000000000000000e+02,5.383570187239186122e-01
2.900000000000000000e+02,1.700552917904769035e-01
2.910000000000000000e+02,2.755039109069826742e-01
2.920000000000000000e+02,1.569105070025115789e-01
2.930000000000000000e+02,7.592791439539911535e-02
2.940000000000000000e+02,3.360207140574074103e-01
2.950000000000000000e+02,3.308615967331017815e-01
2.960000000000000000e+02,5.643639971430374214e-01
2.970000000000000000e+02,5.206284690000286819e-01
2.980000000000000000e+02,2.764709396754123638e-01
2.990000000000000000e+02,3.972865905085126714e-02
3.000000000000000000e+02,1.537388262660836502e-01
3.010000000000000000e+02,-4.644068340808799045e-03
3.020000000000000000e+02,-2.154997938818051240e-01
3.030000000000000000e+02,1.885170144154773852e-01
3.040000000000000000e+02,2.138727470866073621e-01
3.050000000000000000e+02,3.957444683200282420e-01
3.060000000000000000e+02,3.201120187061873845e-01
3.070000000000000000e+02,3.368154297750141635e-01
3.080000000000000000e+02,1.218402649957796291e-01
3.090000000000000000e+02,7.754265854246692458e-01
3.100000000000000000e+02,5.509698705041338185e-01
3.110000000000000000e+02,-9.591666545288871082e-02
3.120000000000000000e+02,7.703135935616850505e-02
3.130000000000000000e+02,1.142285799757425113e-01
3.140000000000000000e+02,-2.018698261523580728e-01
3.150000000000000000e+02,7.877456217270618621e-01
3.160000000000000000e+02,9.315553016756208254e-03
3.170000000000000000e+02,3.220897728266532978e-01
3.180000000000000000e+02,-7.119161482573310717e-02
3.190000000000000000e+02,3.356574495570908701e-01
3.200000000000000000e+02,2.399115426152805541e-01
3.210000000000000000e+02,-1.093395223089161095e-01
3.220000000000000000e+02,4.055199023560755456e-01
3.230000000000000000e+02,-3.703666303364321066e-02
3.240000000000000000e+02,3.777085357708516722e-01
3.250000000000000000e+02,-2.617634289508820322e-03
3.260000000000000000e+02,1.454043080559339063e-01
3.270000000000000000e+02,-9.815447416245892676e-02
3.280000000000000000e+02,2.519741333444504017e-01
3.290000000000000000e+02,8.403291324242084803e-02
3.300000000000000000e+02,1.608005569465526252e-01
3.310000000000000000e+02,2.576532979208401297e-02
3.320000000000000000e+02,8.050560343112070361e-02
3.330000000000000000e+02,2.643623416709424134e-01
3.340000000000000000e+02,1.460601991295835678e-01
3.350000000000000000e+02,1.924200452531992789e-01
3.360000000000000000e+02,1.196232772747641698e-01
3.370000000000000000e+02,1.260175835312870862e-01
3.380000000000000000e+02,-4.251533725725507862e-02
3.390000000000000000e+02,1.780449731482724729e-01
3.400000000000000000e+02,1.081455123604101454e-01
3.410000000000000000e+02,1.052343520943363891e-01
3.420000000000000000e+02,-2.772553920991948639e-01
3.430000000000000000e+02,1.747725880143058408e-02
3.440000000000000000e+02,-1.527798540362827751e-01
3.450000000000000000e+02,1.511483076137416226e-01
3.460000000000000000e+02,-9.431236236337117718e-02
3.470000000000000000e+02,-8.825759708379646296e-02
3.480000000000000000e+02,1.312453183988889494e-01
3.490000000000000000e+02,8.767901298902566753e-02
3.500000000000000000e+02,-5.459897471056330831e-01
3.510000000000000000e+02,1.728705029987316066e-01
3.520000000000000000e+02,-2.592408436221054213e-01
3.530000000000000000e+02,-4.634615147250553679e-03
3.540000000000000000e+02,-1.862784772902021380e-01
3.550000000000000000e+02,-2.812501970314472688e-01
3.560000000000000000e+02,-2.834193631119164558e-01
3.570000000000000000e+02,-2.370432145710686389e-01
3.580000000000000000e+02,-5.156954826380780732e-01
3.590000000000000000e+02,-1.489905941527230049e-01
3.600000000000000000e+02,-3.318867625655800291e-01
3.610000000000000000e+02,3.138357304639849410e-02
3.620000000000000000e+02,-1.858706724710209035e-01
3.630000000000000000e+02,-7.332969317782715990e-01
3.640000000000000000e+02,-1.858323992547200043e-01
3.650000000000000000e+02,-3.569996302961203627e-01
3.660000000000000000e+02,-3.737797398046152630e-01
3.670000000000000000e+02,-5.731014860766153740e-01
3.680000000000000000e+02,3.446549454231565002e-01
3.690000000000000000e+02,3.651572269816842908e-01
3.700000000000000000e+02,7.498232795678166918e-02
3.710000000000000000e+02,3.122077179213216813e-01
3.720000000000000000e+02,-1.019315188042452802e-01
3.730000000000000000e+02,4.955926168863438175e-01
3.740000000000000000e+02,2.852870449956544374e-01
3.750000000000000000e+02,2.021848980714226474e-01
3.760000000000000000e+02,-5.427942304083963054e-02
3.770000000000000000e+02,-3.220006354500962731e-01
3.780000000000000000e+02,-1.485389510544795344e-01
3.790000000000000000e+02,6.574317592111896813e-01
3.800000000000000000e+02,4.178771450346242533e-01
3.810000000000000000e+02,1.464350028458219488e-02
3.820000000000000000e+02,9.114751087450644329e-01
3.830000000000000000e+02,3.840472205519979143e-01
3.840000000000000000e+02,5.839655265760200775e-01
3.850000000000000000e+02,3.265140262300344487e-01
3.860000000000000000e+02,5.475674439872441068e-01
3.870000000000000000e+02,3.068050769741182959e-01
3.880000000000000000e+02,3.320609009068677953e-01
3.890000000000000000e+02,4.156941522030924707e-01
3.900000000000000000e+02,6.655443001421047500e-01
3.910000000000000000e+02,-7.061564939713319000e-02
3.920000000000000000e+02,5.608101865294011779e-01
3.930000000000000000e+02,3.418780289911845793e-01
3.940000000000000000e+02,8.033686689179434515e-01
3.950000000000000000e+02,7.018211639635367760e-01
3.960000000000000000e+02,7.979388374484034374e-01
3.970000000000000000e+02,6.646507716276441879e-01
3.980000000000000000e+02,3.949503731685111152e-01
3.990000000000000000e+02,4.846668537113965058e-01
4.000000000000000000e+02,7.328024742966595673e-01
4.010000000000000000e+02,6.780913344301850998e-01
4.020000000000000000e+02,4.056884671195453151e-01
4.030000000000000000e+02,5.788883934833424227e-01
4.040000000000000000e+02,3.331915403223911776e-01
4.050000000000000000e+02,5.682976303273896690e-01
4.060000000000000000e+02,3.134394523443377323e-01
4.070000000000000000e+02,4.015468304731127924e-01
4.080000000000000000e+02,4.635613913369565076e-01
4.090000000000000000e+02,4.121315621911219029e-01
4.100000000000000000e+02,3.852457024795534757e-01
4.110000000000000000e+02,7.263843974846215801e-01
4.120000000000000000e+02,5.418809920199793018e-01
4.130000000000000000e+02,3.390946432690691292e-01
4.140000000000000000e+02,8.037325145026483764e-01
4.150000000000000000e+02,5.640816047225667429e-01
4.160000000000000000e+02,4.213598552633530669e-01
4.170000000000000000e+02,5.423406940239956509e-01
4.180000000000000000e+02,5.730620406704527436e-01
4.190000000000000000e+02,3.147479204216828141e-01
4.200000000000000000e+02,6.314616775509356295e-01
4.210000000000000000e+02,3.714645929316596207e-01
4.220000000000000000e+02,2.845941986084531417e-01
4.230000000000000000e+02,6.202789655186502493e-01
4.240000000000000000e+02,7.457623442578611983e-02
4.250000000000000000e+02,-8.628486612694888369e-02
4.260000000000000000e+02,2.357670815616400017e-01
4.270000000000000000e+02,-4.666457528275305688e-02
4.280000000000000000e+02,5.766364439160904382e-02
4.290000000000000000e+02,1.339815760025692692e-01
4.300000000000000000e+02,2.304987366889344191e-01
4.310000000000000000e+02,1.076775004320848078e-01
4.320000000000000000e+02,1.299714577089577383e-01
4.330000000000000000e+02,2.667009303759154126e-01
4.340000000000000000e+02,3.246914839257175056e-01
4.350000000000000000e+02,3.528590319337420178e-01
4.360000000000000000e+02,2.453355133688165934e-01
4.370000000000000000e+02,2.890632304319412094e-01
4.380000000000000000e+02,2.732831954739631253e-01
4.390000000000000000e+02,6.198593320387028871e-02
4.400000000000000000e+02,2.204467072651927206e-01
4.410000000000000000e+02,2.074163254839034853e-01
4.420000000000000000e+02,1.543074529362434277e-01
4.430000000000000000e+02,6.657871004211233235e-01
4.440000000000000000e+02,-1.557413163835088821e-01
4.450000000000000000e+02,1.065588029942291792e-01
4.460000000000000000e+02,2.022140324819327040e-02
4.470000000000000000e+02,4.042104313466775567e-01
4.480000000000000000e+02,1.370530846463256236e-01
4.490000000000000000e+02,2.411889082373256943e-01
4.500000000000000000e+02,1.091109753407267513e-01
4.510000000000000000e+02,3.120846549582893814e-02
4.520000000000000000e+02,-3.656117032936430089e-01
4.530000000000000000e+02,3.116628532243944094e-01
4.540000000000000000e+02,2.062812446084371365e-01
4.550000000000000000e+02,1.437117568967503090e-01
4.560000000000000000e+02,1.085208253362665021e-01
4.570000000000000000e+02,3.573299868663767920e-03
4.580000000000000000e+02,3.224931452908454399e-01
4.590000000000000000e+02,2.462267581480191425e-01
4.600000000000000000e+02,2.484865568965108906e-01
4.610000000000000000e+02,-7.164429698689411818e-02
4.620000000000000000e+02,6.435621081970058222e-03
4.630000000000000000e+02,1.380751097961691876e-01
4.640000000000000000e+02,3.295461912044899133e-01
4.650000000000000000e+02,3.944309091937263090e-01
4.660000000000000000e+02,1.733085933108058085e-01
4.670000000000000000e+02,4.323614390626279169e-02
4.680000000000000000e+02,8.970906792830496412e-02
4.690000000000000000e+02,5.956521775089651527e-02
4.700000000000000000e+02,1.887726930915558654e-01
4.710000000000000000e+02,-2.951168220818879001e-02
4.720000000000000000e+02,1.153127018390782410e-01
4.730000000000000000e+02,2.205326124504405072e-01
4.740000000000000000e+02,1.737140541792206450e-02
4.750000000000000000e+02,2.556491932400625777e-02
4.760000000000000000e+02,-3.887663056601060596e-01
4.770000000000000000e+02,-1.766665032802637314e-01
4.780000000000000000e+02,-4.344177550758798745e-02
4.790000000000000000e+02,6.835121877474872876e-02
4.800000000000000000e+02,3.206848796505721300e-01
4.810000000000000000e+02,-3.854510618623398499e-01
4.820000000000000000e+02,-1.668431135140023835e-01
4.830000000000000000e+02,-3.684759233537946432e-01
4.840000000000000000e+02,3.651643449548406251e-01
4.850000000000000000e+02,-3.487150051543086438e-02
4.860000000000000000e+02,1.393221967020115970e-01
4.870000000000000000e+02,-2.381598400963035045e-01
4.880000000000000000e+02,-1.190408923246955852e-01
4.890000000000000000e+02,1.039643035685751948e-01
4.900000000000000000e+02,-7.630436513819058297e-02
4.910000000000000000e+02,-6.222436801935776751e-02
4.920000000000000000e+02,-5.022628562917896833e-01
4.930000000000000000e+02,-1.014958182029744582e-01
4.940000000000000000e+02,-2.382274957396723902e-02
4.950000000000000000e+02,-2.806762511624338874e-01
4.960000000000000000e+02,-3.289393392900713531e-02
4.970000000000000000e+02,-7.564070140474962733e-02
4.980000000000000000e+02,-2.805141275816816493e-02
4.990000000000000000e+02,-1.771982840930543257e-01
5.000000000000000000e+02,1.860164303512341910e-01
5.010000000000000000e+02,2.138843770676611966e-01
5.020000000000000000e+02,-3.582154732211998982e-01
5.030000000000000000e+02,-8.858187799590280798e-02
5.040000000000000000e+02,8.868751362341287248e-02
5.050000000000000000e+02,1.711333104970195196e-01
5.060000000000000000e+02,2.026141083248583219e-01
5.070000000000000000e+02,-2.395381634199029164e-01
5.080000000000000000e+02,-3.141688523574825420e-01
5.090000000000000000e+02,1.434455247592538729e-01
5.100000000000000000e+02,-1.043812954119648362e-01
5.110000000000000000e+02,8.291270159121261196e-02
5.120000000000000000e+02,-1.269230711171958070e-01
5.130000000000000000e+02,1.608772378284468729e-01
5.140000000000000000e+02,1.394501850661447606e-01
5.150000000000000000e+02,-5.831193945662744849e-01
5.160000000000000000e+02,8.363501583485080659e-02
5.170000000000000000e+02,1.876855411785032512e-01
5.180000000000000000e+02,4.534895131507596377e-02
5.190000000000000000e+02,5.500213413301678900e-01
5.200000000000000000e+02,2.887750207733373875e-01
5.210000000000000000e+02,1.904125735885239534e-01
5.220000000000000000e+02,7.061742856658539957e-02
5.230000000000000000e+02,2.107600926238250849e-01
5.240000000000000000e+02,3.666065946081121796e-01
5.250000000000000000e+02,4.320077886323206995e-01
5.260000000000000000e+02,-1.868649755052478878e-02
5.270000000000000000e+02,2.714921407632080452e-01
5.280000000000000000e+02,7.730625585466269212e-02
5.290000000000000000e+02,3.629271323393020721e-01
5.300000000000000000e+02,4.161570513675798555e-01
5.310000000000000000e+02,3.492499769837259516e-01
5.320000000000000000e+02,-1.111194839824247993e-01
5.330000000000000000e+02,1.114359759510269166e-01
5.340000000000000000e+02,1.257690795651741078e-01
5.350000000000000000e+02,5.690050291284649564e-01
5.360000000000000000e+02,1.475436969125410447e-01
5.370000000000000000e+02,2.025158268820494711e-01
5.380000000000000000e+02,6.920775062611562722e-01
5.390000000000000000e+02,3.809344901703196618e-01
5.400000000000000000e+02,4.162718260616754540e-01
5.410000000000000000e+02,6.045976924568832178e-01
5.420000000000000000e+02,4.018036992496645254e-01
5.430000000000000000e+02,2.914478651104072116e-01
5.440000000000000000e+02,6.470933664682457787e-01
5.450000000000000000e+02,4.376411340006555739e-02
5.460000000000000000e+02,6.144241108517727729e-02
5.470000000000000000e+02,3.397720942395995869e-02
5.480000000000000000e+02,3.920470429764180142e-01
5.490000000000000000e+02,2.810099957637546275e-01
5.500000000000000000e+02,1.959662826643047417e-01
5.510000000000000000e+02,4.582147558083984329e-01
5.520000000000000000e+02,2.413601048236727886e-01
5.530000000000000000e+02,2.803913925991655676e-01
5.540000000000000000e+02,2.904413432938363626e-01
5.550000000000000000e+02,4.841911931851626827e-01
5.560000000000000000e+02,3.167791644862758549e-01
5.570000000000000000e+02,2.587989594602990162e-01
5.580000000000000000e+02,4.716900056733874247e-01
5.590000000000000000e+02,2.302601784484611114e-01
5.600000000000000000e+02,2.363593524254551936e-01
5.610000000000000000e+02,6.185314226778941826e-01
5.620000000000000000e+02,3.591235339615866939e-01
5.630000000000000000e+02,1.276304805842941592e-01
5.640000000000000000e+02,4.187053364130916000e-01
5.650000000000000000e+02,3.149009231108905182e-01
5.660000000000000000e+02,5.019929638247355719e-01
5.670000000000000000e+02,4.932963528437121492e-01
5.680000000000000000e+02,3.847606462099075753e-01
5.690000000000000000e+02,7.378101927964262341e-01
5.700000000000000000e+02,5.991911077312417344e-01
5.710000000000000000e+02,5.292373040397759798e-01
5.720000000000000000e+02,4.015208639210637864e-01
5.730000000000000000e+02,4.316196015647740247e-01
5.740000000000000000e+02,5.073242790399354885e-01
5.750000000000000000e+02,6.569406876881725976e-01
5.760000000000000000e+02,6.200367169878063800e-01
5.770000000000000000e+02,7.495312489906000852e-01
5.780000000000000000e+02,7.025221653359923213e-01
5.790000000000000000e+02,8.465042839968681676e-01
5.800000000000000000e+02,5.925982024033247253e-01
5.810000000000000000e+02,6.136659895381613161e-01
5.820000000000000000e+02,3.864578930734417495e-01
5.830000000000000000e+02,7.102541944324602952e-02
5.840000000000000000e+02,5.048879945067363817e-02
5.850000000000000000e+02,3.273942405388806098e-01
5.860000000000000000e+02,4.351033502011936727e-01
5.870000000000000000e+02,6.854263898063197580e-01
5.880000000000000000e+02,4.477272014970033465e-01
5.890000000000000000e+02,3.643394232835848734e-01
5.900000000000000000e+02,4.243630839796921905e-01
5.910000000000000000e+02,4.342668382155579487e-01
5.920000000000000000e+02,1.704893669609132134e-01
5.930000000000000000e+02,4.252800786184985360e-01
5.940000000000000000e+02,2.680400635163578404e-01
5.950000000000000000e+02,-9.444714578131246929e-02
5.960000000000000000e+02,2.828769618835894062e-01
5.970000000000000000e+02,2.635387833741787422e-01
5.980000000000000000e+02,1.144586308555211041e-01
5.990000000000000000e+02,2.016884397302054488e-02
6.000000000000000000e+02,1.851950271995045361e-01
6.010000000000000000e+02,2.197800938506281332e-01
6.020000000000000000e+02,2.944977274693053038e-01
6.030000000000000000e+02,2.031706907835189035e-01
6.040000000000000000e+02,-1.988492133415013519e-01
6.050000000000000000e+02,1.056552011754802178e-01
6.060000000000000000e+02,-5.991782484799510478e-01
6.070000000000000000e+02,-2.514899565283545413e-01
6.080000000000000000e+02,1.614106343577443314e-01
6.090000000000000000e+02,-5.795959948399803663e-02
6.100000000000000000e+02,9.954238410124333081e-02
6.110000000000000000e+02,4.538499089178327783e-01
6.120000000000000000e+02,1.645120535791300687e-01
6.130000000000000000e+02,-3.123844264121247022e-02
6.140000000000000000e+02,3.473108739571528214e-01
6.150000000000000000e+02,5.186796517662655148e-01
6.160000000000000000e+02,5.817079686824497831e-01
6.170000000000000000e+02,1.189890254743718456e-01
6.180000000000000000e+02,3.268351181051485366e-01
6.190000000000000000e+02,3.748608457601698141e-01
6.200000000000000000e+02,2.142266054060603109e-01
6.210000000000000000e+02,2.508740727564570672e-01
6.220000000000000000e+02,9.215431982421652679e-02
6.230000000000000000e+02,4.085037529425638025e-01
6.240000000000000000e+02,3.930450061586521771e-01
6.250000000000000000e+02,3.041271841753296901e-01
6.260000000000000000e+02,2.858121163223469874e-01
6.270000000000000000e+02,1.744146967070487331e-01
6.280000000000000000e+02,2.955478877407707872e-01
6.290000000000000000e+02,6.091972572561366039e-01
6.300000000000000000e+02,4.677388680871933380e-01
6.310000000000000000e+02,1.809078229553154893e-01
6.320000000000000000e+02,8.294300854574741810e-02
6.330000000000000000e+02,4.831608607377875786e-01
6.340000000000000000e+02,4.309705362110198279e-01
6.350000000000000000e+02,4.965018238430640718e-01
6.360000000000000000e+02,3.069795463738221319e-01
6.370000000000000000e+02,2.002800906608619425e-01
6.380000000000000000e+02,5.263985910900697007e-01
6.390000000000000000e+02,2.910974811225274794e-01
6.400000000000000000e+02,3.040827693127017284e-01
6.410000000000000000e+02,3.179854876385353468e-01
6.420000000000000000e+02,1.646910453548641184e-01
6.430000000000000000e+02,7.177393028186577206e-01
6.440000000000000000e+02,5.828655673806739657e-01
6.450000000000000000e+02,7.371848727747642993e-01
6.460000000000000000e+02,3.777726935780194584e-01
6.470000000000000000e+02,4.076631738886256628e-01
6.480000000000000000e+02,5.362534995404687477e-01
6.490000000000000000e+02,4.793031552698873154e-01
6.500000000000000000e+02,2.688848780252778292e-01
6.510000000000000000e+02,-8.402485076552090870e-02
6.520000000000000000e+02,4.914769659948111102e-01
6.530000000000000000e+02,4.612298232032189249e-01
6.540000000000000000e+02,4.392871512201780293e-01
6.550000000000000000e+02,-1.752318800174151869e-03
6.560000000000000000e+02,5.075325252830199529e-01
6.570000000000000000e+02,2.996728993005218222e-01
6.580000000000000000e+02,4.259186808773587352e-01
6.590000000000000000e+02,3.063688928999074856e-01
6.600000000000000000e+02,6.585538217342412626e-01
6.610000000000000000e+02,8.065984464133507670e-02
6.620000000000000000e+02,-4.261029717292036390e-02
6.630000000000000000e+02,4.781942527327422421e-01
6.640000000000000000e+02,4.078178081407833888e-01
6.650000000000000000e+02,5.998670799428933442e-01
6.660000000000000000e+02,1.713637474005942629e-02
6.670000000000000000e+02,5.270201000608848441e-01
6.680000000000000000e+02,2.296522728521438461e-01
6.690000000000000000e+02,6.641468279754318693e-02
6.700000000000000000e+02,5.482811175922279734e-01
6.710000000000000000e+02,-3.736612426688690203e-02
6.720000000000000000e+02,3.826439102345884358e-01
6.730000000000000000e+02,1.433393511756680672e-01
6.740000000000000000e+02,-1.703465547229679466e-01
6.750000000000000000e+02,4.644647013652656309e-01
6.760000000000000000e+02,7.324484385063125824e-01
6.770000000000000000e+02,1.411065288039046184e-01
6.780000000000000000e+02,1.751802121531114698e-01
6.790000000000000000e+02,7.365964398690545423e-01
6.800000000000000000e+02,1.394594676099624730e-01
6.810000000000000000e+02,-1.653911416665997808e-02
6.820000000000000000e+02,-3.208584541670054802e-01
6.830000000000000000e+02,-9.387177250114109306e-02
6.840000000000000000e+02,-1.730801922578466268e-01
6.850000000000000000e+02,7.627298526911650001e-01
6.860000000000000000e+02,5.475141312783025072e-01
6.870000000000000000e+02,9.861369967531802283e-02
6.880000000000000000e+02,4.438806127712082161e-01
6.890000000000000000e+02,3.255952433535878598e-01
6.900000000000000000e+02,2.102773514281507938e-01
6.910000000000000000e+02,1.421888891267725774e-01
6.920000000000000000e+02,2.705724202188636851e-01
6.930000000000000000e+02,2.504089246351735021e-01
6.940000000000000000e+02,5.534464910804627324e-01
6.950000000000000000e+02,6.513043245986385177e-01
6.960000000000000000e+02,3.068607489038238656e-01
6.970000000000000000e+02,6.055065305856465185e-01
6.980000000000000000e+02,3.752792885225636477e-01
6.990000000000000000e+02,3.185722032400322146e-01
7.000000000000000000e+02,5.385531765389079961e-01
7.010000000000000000e+02,2.631712708929662137e-01
7.020000000000000000e+02,1.703456808715346771e-01
7.030000000000000000e+02,1.473470191401161644e-01
7.040000000000000000e+02,1.098526235295769204e-01
7.050000000000000000e+02,6.025808522088924590e-01
7.060000000000000000e+02,3.200638581484465117e-01
7.070000000000000000e+02,-1.518187116706653239e-01
7.080000000000000000e+02,-1.650724346441310442e-01
7.090000000000000000e+02,1.114746903133151390e-03
7.100000000000000000e+02,6.345728261043932505e-01
7.110000000000000000e+02,8.243769685967308192e-01
7.120000000000000000e+02,3.946830073308881248e-01
7.130000000000000000e+02,5.686311701926511919e-01
7.140000000000000000e+02,4.552407215202389779e-01
7.150000000000000000e+02,3.937216872400194911e-01
7.160000000000000000e+02,2.723751065899979729e-01
7.170000000000000000e+02,1.494393748684678391e-01
7.180000000000000000e+02,2.766518817691482335e-01
7.190000000000000000e+02,6.581814368382850056e-01
7.200000000000000000e+02,3.710384930634200717e-01
7.210000000000000000e+02,5.933180676997360514e-01
7.220000000000000000e+02,5.491709103957578275e-01
7.230000000000000000e+02,1.128866263024244643e-01
7.240000000000000000e+02,4.139994148009134012e-01
7.250000000000000000e+02,5.632974522950855434e-01
7.260000000000000000e+02,1.628118931848011319e-01
7.270000000000000000e+02,5.042674745123654212e-01
7.280000000000000000e+02,2.205185265829541497e-01
7.290000000000000000e+02,5.554793613528447027e-01
7.300000000000000000e+02,1.701822580721501776e-01
7.310000000000000000e+02,4.715883510083813124e-01
7.320000000000000000e+02,4.386573620729139478e-01
7.330000000000000000e+02,5.549318583899472968e-01
7.340000000000000000e+02,6.958991182281224486e-01
7.350000000000000000e+02,6.321964825821658751e-01
7.360000000000000000e+02,7.081376055802703906e-01
7.370000000000000000e+02,7.121581253612603302e-01
7.380000000000000000e+02,6.572732509939989143e-01
7.390000000000000000e+02,6.413724421603382853e-01
7.400000000000000000e+02,4.109887241846308381e-01
7.410000000000000000e+02,3.652506186626210960e-01
7.420000000000000000e+02,8.061244301125496392e-01
7.430000000000000000e+02,5.786898124177713987e-01
7.440000000000000000e+02,7.729867308219309230e-01
7.450000000000000000e+02,4.444410480118012319e-01
7.460000000000000000e+02,6.020015635932515208e-01
7.470000000000000000e+02,1.758700675227256038e-01
7.480000000000000000e+02,5.150993256953630972e-01
7.490000000000000000e+02,6.962611090513100010e-01
7.500000000000000000e+02,2.701741851841202857e-01
7.510000000000000000e+02,5.220660310821307881e-01
7.520000000000000000e+02,2.335040538232241447e-01
7.530000000000000000e+02,5.537596384968877100e-02
7.540000000000000000e+02,4.574428135126101802e-01
7.550000000000000000e+02,6.354139194940784385e-01
7.560000000000000000e+02,4.868385625711221798e-01
7.570000000000000000e+02,2.528328562069721008e-01
7.580000000000000000e+02,4.318709774557635273e-01
7.590000000000000000e+02,7.001371511368708056e-01
7.600000000000000000e+02,6.219460272989665306e-01
7.610000000000000000e+02,3.148741997574943108e-01
7.620000000000000000e+02,5.266586147754377389e-01
7.630000000000000000e+02,2.645644354196791115e-01
7.640000000000000000e+02,4.418150984427812733e-01
7.650000000000000000e+02,9.077645661361726237e-01
7.660000000000000000e+02,3.902381274945105338e-01
7.670000000000000000e+02,4.028917801918576180e-01
7.680000000000000000e+02,5.834924610763156938e-01
7.690000000000000000e+02,5.648207278181962554e-01
7.700000000000000000e+02,7.230349623004017623e-01
7.710000000000000000e+02,6.598904417339326312e-01
7.720000000000000000e+02,5.002605866746355767e-01
7.730000000000000000e+02,4.870508627336571639e-01
7.740000000000000000e+02,6.940898815971806579e-01
7.750000000000000000e+02,2.835302297660752258e-01
7.760000000000000000e+02,7.017567177563085457e-01
7.770000000000000000e+02,1.765070548450124732e-02
7.780000000000000000e+02,3.786093119881723257e-01
7.790000000000000000e+02,6.880599095066722848e-01
7.800000000000000000e+02,7.696293817923460789e-01
7.810000000000000000e+02,7.051276125662032657e-01
7.820000000000000000e+02,4.090578004238138998e-01
7.830000000000000000e+02,3.298416291772829356e-01
7.840000000000000000e+02,7.405827777441004178e-01
7.850000000000000000e+02,7.487849287703965961e-01
7.860000000000000000e+02,2.860359209918294510e-01
7.870000000000000000e+02,6.473450922794428131e-01
7.880000000000000000e+02,4.103916559321892921e-01
7.890000000000000000e+02,7.104299529223659926e-01
7.900000000000000000e+02,5.327197556420231184e-01
7.910000000000000000e+02,5.457073024642580261e-01
7.920000000000000000e+02,1.357642522551075481e-01
7.930000000000000000e+02,5.983948589342259483e-01
7.940000000000000000e+02,4.695123715559929578e-01
7.950000000000000000e+02,3.962088466974878487e-01
7.960000000000000000e+02,6.180811636921560437e-01
7.970000000000000000e+02,3.780671836079909642e-01
7.980000000000000000e+02,3.566150418004186418e-01
7.990000000000000000e+02,5.932607576540948058e-01
8.000000000000000000e+02,4.997389415423194037e-01
8.010000000000000000e+02,7.339456323374488056e-01
8.020000000000000000e+02,2.930324941936239269e-01
8.030000000000000000e+02,4.063459350962292937e-01
8.040000000000000000e+02,7.698066466642673467e-01
8.050000000000000000e+02,9.073472325432042629e-01
8.060000000000000000e+02,5.469685130565786757e-01
8.070000000000000000e+02,5.849228253260274624e-01
8.080000000000000000e+02,2.796915423465981543e-01
8.090000000000000000e+02,3.126190990471111042e-01
8.100000000000000000e+02,7.644838032231805469e-01
8.110000000000000000e+02,2.694035532806632882e-01
8.120000000000000000e+02,2.642096373832631961e-01
8.130000000000000000e+02,6.015146344031705450e-01
8.140000000000000000e+02,5.988596473961607103e-01
8.150000000000000000e+02,8.417323558550190432e-01
8.160000000000000000e+02,4.459652940663606513e-01
8.170000000000000000e+02,3.698690838084398580e-01
8.180000000000000000e+02,3.632422883909080524e-01
8.190000000000000000e+02,7.846584081508662933e-01
8.200000000000000000e+02,6.295001238220433448e-01
8.210000000000000000e+02,3.955621248290315251e-01
8.220000000000000000e+02,7.406125373987887395e-01
8.230000000000000000e+02,4.405911043129620008e-01
8.240000000000000000e+02,6.077371143295647871e-01
8.250000000000000000e+02,7.454022004460881812e-01
8.260000000000000000e+02,7.835395531749776987e-01
8.270000000000000000e+02,4.785858519517224297e-01
8.280000000000000000e+02,2.406962391179207628e-01
8.290000000000000000e+02,7.545215415660111447e-01
8.300000000000000000e+02,3.425790593842982235e-01
8.310000000000000000e+02,2.674695109742064592e-01
8.320000000000000000e+02,3.812607263153169335e-01
8.330000000000000000e+02,3.021287279201486653e-01
8.340000000000000000e+02,5.023940863959124314e-01
8.350000000000000000e+02,7.496542017171256012e-01
8.360000000000000000e+02,2.650322191671702354e-01
8.370000000000000000e+02,-5.495864667332273079e-02
8.380000000000000000e+02,1.022010702846721797e-01
8.390000000000000000e+02,6.799731745258503768e-01
8.400000000000000000e+02,5.844093606631288740e-01
8.410000000000000000e+02,3.925372746485774056e-01
8.420000000000000000e+02,4.308488482503308736e-01
8.430000000000000000e+02,3.035849900185892958e-01
8.440000000000000000e+02,4.894924824780797490e-01
8.450000000000000000e+02,7.037935900221071739e-01
8.460000000000000000e+02,2.264312024022514525e-01
8.470000000000000000e+02,7.271022588584236113e-02
8.480000000000000000e+02,1.480029273275276225e-01
8.490000000000000000e+02,1.831426762674044362e-01
8.500000000000000000e+02,6.149581704677375971e-02
8.510000000000000000e+02,-3.428560180966133686e-02
8.520000000000000000e+02,3.130616550696282419e-01
8.530000000000000000e+02,5.526538842317479938e-02
8.540000000000000000e+02,1.485673073753431828e-01
8.550000000000000000e+02,3.534465476099654113e-01
8.560000000000000000e+02,3.055322130447288842e-01
8.570000000000000000e+02,-2.857298776271973914e-02
8.580000000000000000e+02,2.389380170609872456e-01
8.590000000000000000e+02,2.780379296194953609e-01
8.600000000000000000e+02,3.895132079601621999e-01
8.610000000000000000e+02,2.231885062975329237e-01
8.620000000000000000e+02,9.079012267596722752e-02
8.630000000000000000e+02,-1.603940822441539404e-01
8.640000000000000000e+02,5.841838885347477861e-03
8.650000000000000000e+02,-5.623094690926502826e-02
8.660000000000000000e+02,-1.158291695683716649e-01
8.670000000000000000e+02,1.775165259142341689e-02
8.680000000000000000e+02,5.131644883835807525e-01
8.690000000000000000e+02,2.029419354411021725e-01
8.700000000000000000e+02,2.726425058727212081e-01
8.710000000000000000e+02,-2.711474405292954026e-01
8.720000000000000000e+02,8.898785976760381633e-02
8.730000000000000000e+02,9.867907494080702113e-03
8.740000000000000000e+02,1.179157726751594026e-01
8.750000000000000000e+02,3.446786137800518235e-01
8.760000000000000000e+02,4.279464709646811915e-01
8.770000000000000000e+02,6.407679234707616134e-01
8.780000000000000000e+02,6.150487512924701639e-01
8.790000000000000000e+02,8.772780285667407529e-01
8.800000000000000000e+02,7.864910471994427388e-01
8.810000000000000000e+02,1.305502154035373119e-01
8.820000000000000000e+02,3.835181480151793054e-01
8.830000000000000000e+02,4.963089557534451357e-01
8.840000000000000000e+02,5.584981657178667014e-01
8.850000000000000000e+02,2.746183351759663438e-01
8.860000000000000000e+02,3.020008972348608434e-01
8.870000000000000000e+02,3.571838488062396566e-01
8.880000000000000000e+02,6.531543712063446749e-01
8.890000000000000000e+02,6.085495608782656163e-01
8.900000000000000000e+02,7.459469525074462481e-01
8.910000000000000000e+02,7.395950880844013309e-01
8.920000000000000000e+02,6.201612690146602880e-01
8.930000000000000000e+02,1.131732551200655301e+00
8.940000000000000000e+02,1.513266248662289870e+00
8.950000000000000000e+02,1.001850825959865743e+00
8.960000000000000000e+02,9.871854346220638732e-01
8.970000000000000000e+02,9.842728415957608945e-01
8.980000000000000000e+02,7.093821588732928118e-01
8.990000000000000000e+02,1.030098023884763236e+00
9.000000000000000000e+02,1.309224751402073617e+00
9.010000000000000000e+02,1.405856928047591881e+00
9.020000000000000000e+02,5.839970924474146008e-01
9.030000000000000000e+02,8.114648088504560208e-01
9.040000000000000000e+02,6.583476226320955638e-01
9.050000000000000000e+02,9.367520646755846947e-01
9.060000000000000000e+02,7.549927552301713973e-01
9.070000000000000000e+02,4.749823700935118520e-01
9.080000000000000000e+02,5.497320378708726585e-01
9.090000000000000000e+02,1.010889026551969661e+00
9.100000000000000000e+02,1.047868771444704583e+00
9.110000000000000000e+02,5.114058484586703202e-01
9.120000000000000000e+02,6.447947659568029621e-01
9.130000000000000000e+02,7.241389758806520138e-01
9.140000000000000000e+02,7.183174970695168637e-01
9.150000000000000000e+02,8.338937606691784188e-01
9.160000000000000000e+02,8.664307601325280661e-01
9.170000000000000000e+02,7.796470556480471492e-01
9.180000000000000000e+02,8.845584260749731476e-01
9.190000000000000000e+02,5.589482595298483902e-01
9.200000000000000000e+02,7.264376612563300251e-01
9.210000000000000000e+02,7.298159784423753349e-01
9.220000000000000000e+02,6.447725086902222902e-01
9.230000000000000000e+02,2.186319540594737210e-01
9.240000000000000000e+02,5.876089577811465237e-01
9.250000000000000000e+02,8.646973889771263355e-01
9.260000000000000000e+02,6.172714982598059841e-01
9.270000000000000000e+02,4.607108285639203715e-01
9.280000000000000000e+02,5.718018698553282153e-01
9.290000000000000000e+02,7.115735970113564735e-01
9.300000000000000000e+02,8.280657995497113788e-01
9.310000000000000000e+02,6.471258118981867424e-01
9.320000000000000000e+02,5.664490784259258449e-01
9.330000000000000000e+02,8.511502858011782413e-01
9.340000000000000000e+02,5.380617309687735217e-01
9.350000000000000000e+02,9.638749474097795256e-01
9.360000000000000000e+02,6.414634091226011359e-01
9.370000000000000000e+02,6.148792541967759151e-01
9.380000000000000000e+02,4.977999436726189830e-01
9.390000000000000000e+02,5.015332062414925574e-01
9.400000000000000000e+02,3.492169508966096458e-01
9.410000000000000000e+02,5.753827012090381166e-01
9.420000000000000000e+02,5.790226038124193231e-01
9.430000000000000000e+02,2.165101258701407905e-01
9.440000000000000000e+02,4.493973757404579605e-01
9.450000000000000000e+02,8.356482133528626566e-01
9.460000000000000000e+02,4.771540006324867522e-01
9.470000000000000000e+02,6.323634653330377775e-01
9.480000000000000000e+02,8.156539491597726288e-01
9.490000000000000000e+02,8.288290053600274598e-01
9.500000000000000000e+02,6.120661896912751310e-01
9.510000000000000000e+02,8.028243656741891332e-01
9.520000000000000000e+02,9.626622235078304834e-01
9.530000000000000000e+02,1.066518455332288617e+00
9.540000000000000000e+02,9.694275554151149388e-01
9.550000000000000000e+02,1.113332441942339157e+00
9.560000000000000000e+02,8.297082802272917057e-01
9.570000000000000000e+02,6.677763413235691115e-01
9.580000000000000000e+02,8.563886861941890638e-01
9.590000000000000000e+02,1.011419007247423174e+00
9.600000000000000000e+02,1.012490350977763631e+00
9.610000000000000000e+02,9.219122339804008970e-01
9.620000000000000000e+02,9.503153680242744095e-01
9.630000000000000000e+02,8.332183379466372442e-01
9.640000000000000000e+02,1.128450766949183448e+00
9.650000000000000000e+02,1.010506404292899285e+00
9.660000000000000000e+02,1.010170621456861539e+00
9.670000000000000000e+02,4.596991487215230099e-01
9.680000000000000000e+02,5.737477234865548947e-01
9.690000000000000000e+02,5.490713675154591522e-01
9.700000000000000000e+02,7.274091996109062208e-01
9.710000000000000000e+02,7.846921157253439194e-01
9.720000000000000000e+02,5.902145508756233561e-01
9.730000000000000000e+02,7.932318877693455006e-01
9.740000000000000000e+02,8.414258391497425604e-01
9.750000000000000000e+02,9.854556621642258651e-01
9.760000000000000000e+02,1.207964132966310000e+00
9.770000000000000000e+02,2.407281542684425735e-01
9.780000000000000000e+02,6.007297737103683977e-02
9.790000000000000000e+02,3.413699607509307898e-01
9.800000000000000000e+02,6.679134222095979290e-01
9.810000000000000000e+02,4.876350034004912071e-01
9.820000000000000000e+02,-1.361079858584801627e-02
9.830000000000000000e+02,2.150229591983173205e-01
9.840000000000000000e+02,2.727660232639870785e-01
9.850000000000000000e+02,1.802439640025670919e-01
9.860000000000000000e+02,-9.516036041751591013e-02
9.870000000000000000e+02,-3.294421543763118576e-01
9.880000000000000000e+02,-4.396045009105825074e-01
9.890000000000000000e+02,2.217696491722492835e-02
9.900000000000000000e+02,2.955697384704799591e-01
9.910000000000000000e+02,3.120296066073063868e-02
9.920000000000000000e+02,-2.667746496345388407e-01
9.930000000000000000e+02,-8.670370438060465146e-02
9.940000000000000000e+02,1.979201374747087128e-01
9.950000000000000000e+02,-1.775056066878990535e-01
9.960000000000000000e+02,-7.280010477074910780e-02
9.970000000000000000e+02,-2.280029289902779643e-01
9.980000000000000000e+02,-1.413188003698568340e-01
9.990000000000000000e+02,1.337681300114068050e-01
1.000000000000000000e+03,9.027232220497116710e-03
1.001000000000000000e+03,5.167384096819599426e-02
1.002000000000000000e+03,1.294404190070465588e-01
1.003000000000000000e+03,-1.244589708158741481e-01
1.004000000000000000e+03,3.671994727361721500e-02
1.005000000000000000e+03,3.742047801531661610e-01
1.006000000000000000e+03,5.389528341324666405e-01
1.007000000000000000e+03,1.128309729880708212e-01
1.008000000000000000e+03,2.403737345790606383e-01
1.009000000000000000e+03,3.974587163564152759e-01
1.010000000000000000e+03,1.517102626275877442e-01
1.011000000000000000e+03,3.119343174802782781e-01
1.012000000000000000e+03,2.627553771724641662e-01
1.013000000000000000e+03,9.963257534412868210e-01
1.014000000000000000e+03,6.992151437658029600e-01
1.015000000000000000e+03,9.848572849790150352e-01
1.016000000000000000e+03,7.465125980392084415e-01
1.017000000000000000e+03,9.091352786549318221e-01
1.018000000000000000e+03,8.112468614437771119e-01
1.019000000000000000e+03,8.958301716161566342e-01
1.020000000000000000e+03,1.074175481858766545e+00
1.021000000000000000e+03,9.065655914971303408e-01
1.022000000000000000e+03,5.901627778401141722e-01
1.023000000000000000e+03,6.661727888900095262e-01
1.024000000000000000e+03,9.808073934202886646e-01
1.025000000000000000e+03,9.839936251970818892e-01
1.026000000000000000e+03,8.700381297432028260e-01
1.027000000000000000e+03,8.653180054057089121e-01
1.028000000000000000e+03,6.368368964673422061e-01
1.029000000000000000e+03,1.194466860786189910e+00
1.030000000000000000e+03,1.005492887526511225e+00
1.031000000000000000e+03,9.865085607524427536e-01
1.032000000000000000e+03,6.887595655178458953e-01
1.033000000000000000e+03,8.912523147322174433e-01
1.034000000000000000e+03,8.162166279428585414e-01
1.035000000000000000e+03,1.487328148680946871e+00
1.036000000000000000e+03,1.200462524417037713e+00
1.037000000000000000e+03,1.175170697786607876e+00
1.038000000000000000e+03,8.226911578849385176e-01
1.039000000000000000e+03,1.352566542314558529e+00
1.040000000000000000e+03,1.107383749356831038e+00
1.041000000000000000e+03,1.111109437756678586e+00
1.042000000000000000e+03,7.615299593780769927e-01
1.043000000000000000e+03,8.436136968021222815e-01
1.044000000000000000e+03,7.926893642127834649e-01
1.045000000000000000e+03,1.014421752722140191e+00
1.046000000000000000e+03,7.378501594603871228e-01
1.047000000000000000e+03,7.288658792075181081e-01
1.048000000000000000e+03,7.422085628692268733e-01
1.049000000000000000e+03,1.342804586116630450e+00
1.050000000000000000e+03,1.672835707787554860e+00
1.051000000000000000e+03,1.589068195568166031e+00
1.052000000000000000e+03,1.246881456092540308e+00
1.053000000000000000e+03,1.487142838430690839e+00
1.054000000000000000e+03,1.746492522819397042e+00
1.055000000000000000e+03,1.467402775378700674e+00
1.056000000000000000e+03,1.838429872108297669e+00
1.057000000000000000e+03,1.578865762142414475e+00
1.058000000000000000e+03,1.338248938469574156e+00
1.059000000000000000e+03,1.703847889872557531e+00
1.060000000000000000e+03,2.033205669485429024e+00
1.061000000000000000e+03,1.604087147128786306e+00
1.062000000000000000e+03,1.290536741628610873e+00
1.063000000000000000e+03,1.523584601390560511e+00
1.064000000000000000e+03,1.428096063351214084e+00
1.065000000000000000e+03,1.693974074256578533e+00
1.066000000000000000e+03,1.445666159376027826e+00
1.067000000000000000e+03,1.264239685711069816e+00
1.068000000000000000e+03,1.375241596302901215e+00
1.069000000000000000e+03,1.480070306983403139e+00
1.070000000000000000e+03,1.687498216931916151e+00
1.071000000000000000e+03,1.536439330544088655e+00
1.072000000000000000e+03,1.052801037420288965e+00
1.073000000000000000e+03,1.086816998029504600e+00
1.074000000000000000e+03,1.118721769864066573e+00
1.075000000000000000e+03,1.440574647533822361e+00
1.076000000000000000e+03,1.458496055695264859e+00
1.077000000000000000e+03,1.115913141514866647e+00
1.078000000000000000e+03,1.401741109087356829e+00
1.079000000000000000e+03,1.181005526322414401e+00
1.080000000000000000e+03,4.866055677296409199e-01
1.081000000000000000e+03,5.252186762857993241e-01
1.082000000000000000e+03,2.298719605061280147e-01
1.083000000000000000e+03,3.512245031659972927e-01
1.084000000000000000e+03,4.171407036751573205e-01
1.085000000000000000e+03,4.400935041533156067e-01
1.086000000000000000e+03,4.408264802274807215e-01
1.087000000000000000e+03,2.051280305713159002e-01
1.088000000000000000e+03,4.601533431738350499e-01
1.089000000000000000e+03,7.082076189187161974e-01
1.090000000000000000e+03,4.118826445064955877e-01
1.091000000000000000e+03,2.084001020988096586e-01
1.092000000000000000e+03,2.725402328190680290e-01
1.093000000000000000e+03,2.511575450154407418e-01
1.094000000000000000e+03,4.631903705792606019e-01
1.095000000000000000e+03,3.383613922634554072e-02
1.096000000000000000e+03,4.223394680917371691e-01
1.097000000000000000e+03,5.923713382291971863e-01
1.098000000000000000e+03,5.801396285662779873e-01
1.099000000000000000e+03,2.970229006573993358e-01
1.100000000000000000e+03,5.204131561020456376e-01
1.101000000000000000e+03,5.527591883992747368e-01
1.102000000000000000e+03,8.410432379909757450e-02
1.103000000000000000e+03,3.800610766942280616e-01
1.104000000000000000e+03,2.421871283889322768e-01
1.105000000000000000e+03,1.314910714396809455e-01
1.106000000000000000e+03,2.616845654272923483e-01
1.107000000000000000e+03,2.000749640832861498e-01
1.108000000000000000e+03,6.173246611176450571e-01
1.109000000000000000e+03,6.820389171152896335e-01
1.110000000000000000e+03,9.224617010165591102e-01
1.111000000000000000e+03,4.861765182834146826e-01
1.112000000000000000e+03,4.200922220581585487e-01
1.113000000000000000e+03,8.782950268195524046e-01
1.114000000000000000e+03,7.556685120202485395e-01
1.115000000000000000e+03,9.146220268635170125e-01
1.116000000000000000e+03,8.874811509401572263e-01
1.117000000000000000e+03,9.704625096580217214e-01
1.118000000000000000e+03,7.971782387464607655e-01
1.119000000000000000e+03,8.766540716518835819e-01
1.120000000000000000e+03,1.427186144743584739e+00
1.121000000000000000e+03,8.632332830984872363e-01
1.122000000000000000e+03,6.347910809882870709e-01
1.123000000000000000e+03,9.828705984717103217e-01
1.124000000000000000e+03,1.108718791585746821e+00
1.125000000000000000e+03,6.763698014090577804e-01
1.126000000000000000e+03,9.533549197173900591e-01
1.127000000000000000e+03,8.401228805207996420e-01
1.128000000000000000e+03,8.722155160663138673e-01
1.129000000000000000e+03,6.534470085052710431e-01
1.130000000000000000e+03,4.472469228439795441e-01
1.131000000000000000e+03,2.137379201320637745e-01
1.132000000000000000e+03,7.283268586026079294e-01
1.133000000000000000e+03,1.930447488485603769e-01
1.134000000000000000e+03,4.266916087274906233e-01
1.135000000000000000e+03,3.321843326432152854e-01
1.136000000000000000e+03,4.665891508581133107e-01
1.137000000000000000e+03,1.022296944310118749e-01
1.138000000000000000e+03,-2.129058199508795379e-01
1.139000000000000000e+03,-4.443026942321970374e-02
1.140000000000000000e+03,1.096878865194487740e-01
1.141000000000000000e+03,1.381076928237127688e-01
1.142000000000000000e+03,-2.410302697307425968e-02
1.143000000000000000e+03,2.055109430830898698e-01
1.144000000000000000e+03,-1.403406616360257653e-01
1.145000000000000000e+03,-2.489695394503993464e-02
1.146000000000000000e+03,-1.195550455673711765e-01
1.147000000000000000e+03,-2.400747840970283153e-01
1.148000000000000000e+03,-2.583727898895242792e-01
1.149000000000000000e+03,2.471925987198121399e-01
1.150000000000000000e+03,9.037668087440614562e-02
1.151000000000000000e+03,2.310874231891418829e-01
1.152000000000000000e+03,-5.805272355769357517e-01
1.153000000000000000e+03,-9.737334568114641709e-02
1.154000000000000000e+03,-1.221132750874520667e-01
1.155000000000000000e+03,-2.097233043282115128e-02
1.156000000000000000e+03,1.283729013733942437e-01
1.157000000000000000e+03,-3.899893103727334331e-01
1.158000000000000000e+03,1.418993180986174996e-01
1.159000000000000000e+03,3.498194349772626444e-01
1.160000000000000000e+03,2.318224846503519343e-01
1.161000000000000000e+03,2.435541610161956472e-01
1.162000000000000000e+03,1.676460410783377486e-01
1.163000000000000000e+03,2.597936666192796062e-01
1.164000000000000000e+03,7.395442584677728304e-01
1.165000000000000000e+03,3.834663311857987589e-01
1.166000000000000000e+03,1.273515594666682071e-01
1.167000000000000000e+03,6.713883890763098217e-01
1.168000000000000000e+03,5.892959062474494303e-01
1.169000000000000000e+03,7.413674936028145090e-01
1.170000000000000000e+03,8.267289537370570152e-01
1.171000000000000000e+03,7.309361306791941626e-01
1.172000000000000000e+03,6.935224310508869561e-01
1.173000000000000000e+03,9.238617490382582398e-01
1.174000000000000000e+03,9.565406812045620377e-01
1.175000000000000000e+03,8.206186527574294010e-01
1.176000000000000000e+03,8.526478117193064810e-01
1.177000000000000000e+03,6.005777251359155633e-01
1.178000000000000000e+03,5.940669173187252960e-01
1.179000000000000000e+03,8.604508237037935547e-01
1.180000000000000000e+03,1.042648932951591778e+00
1.181000000000000000e+03,6.287091266169537729e-01
1.182000000000000000e+03,7.529444295240561580e-01
1.183000000000000000e+03,6.530620315898740813e-01
1.184000000000000000e+03,9.098615366608482358e-01
1.185000000000000000e+03,9.022234489026430548e-01
1.186000000000000000e+03,7.589587310944013732e-01
1.187000000000000000e+03,7.064430754275989877e-01
1.188000000000000000e+03,8.106720719332525249e-01
1.189000000000000000e+03,1.308224148874241211e+00
1.190000000000000000e+03,8.770876165650581813e-01
1.191000000000000000e+03,1.024747475202218538e+00
1.192000000000000000e+03,6.408950986469142963e-01
1.193000000000000000e+03,6.641765282158514916e-01
1.194000000000000000e+03,7.911649461108534176e-01
1.195000000000000000e+03,9.570635502988122933e-01
1.196000000000000000e+03,1.075569039363649892e+00
1.197000000000000000e+03,8.044058261620139483e-01
1.198000000000000000e+03,1.127126092870475160e+00
1.199000000000000000e+03,1.153849653167160039e+00
1.200000000000000000e+03,1.187875636541642521e+00
1.201000000000000000e+03,1.100127373316137414e+00
1.202000000000000000e+03,8.875989606345870975e-01
1.203000000000000000e+03,8.569153149144594916e-01
1.204000000000000000e+03,1.057356159936825968e+00
1.205000000000000000e+03,1.032426447582981632e+00
1.206000000000000000e+03,1.416101613061999442e+00
1.207000000000000000e+03,7.620111433714171767e-01
1.208000000000000000e+03,1.411839014335588560e+00
1.209000000000000000e+03,9.312868853079407927e-01
1.210000000000000000e+03,1.235550606350014347e+00
1.211000000000000000e+03,1.016697378933265172e+00
1.212000000000000000e+03,1.024388471832330394e+00
1.213000000000000000e+03,9.065326892954042037e-01
1.214000000000000000e+03,1.079489764356086345e+00
1.215000000000000000e+03,1.132965186685717329e+00
1.216000000000000000e+03,1.268561693785453803e+00
1.217000000000000000e+03,8.520344286224252883e-01
1.218000000000000000e+03,1.087384920418907885e+00
1.219000000000000000e+03,1.288113506895239402e+00
1.220000000000000000e+03,1.280508185772115226e+00
1.221000000000000000e+03,9.563857373441166931e-01
1.222000000000000000e+03,9.338210284120467275e-01
1.223000000000000000e+03,1.103038632054071266e+00
1.224000000000000000e+03,1.532262581689733727e+00
1.225000000000000000e+03,8.740837216712264990e-01
1.226000000000000000e+03,7.008371463232853094e-01
1.227000000000000000e+03,7.046348807610449683e-01
1.228000000000000000e+03,7.993018497580167692e-01
1.229000000000000000e+03,1.017877777139416740e+00
1.230000000000000000e+03,8.162419753709996284e-01
1.231000000000000000e+03,7.739104870157760274e-01
1.232000000000000000e+03,7.343502545471021214e-01
1.233000000000000000e+03,7.654385069190213775e-01
1.234000000000000000e+03,8.330181432474264014e-01
1.235000000000000000e+03,8.060100722872471923e-01
1.236000000000000000e+03,6.443235962063761368e-01
1.237000000000000000e+03,6.395528226484092915e-01
1.238000000000000000e+03,8.255462550236186692e-01
1.239000000000000000e+03,9.428283918974764699e-01
1.240000000000000000e+03,6.515812853824898276e-01
1.241000000000000000e+03,9.229999113832655366e-01
1.242000000000000000e+03,1.062522726386778693e+00
1.243000000000000000e+03,6.763094580867777816e-01
1.244000000000000000e+03,8.276461731202161554e-01
1.245000000000000000e+03,9.472143803917040250e-01
1.246000000000000000e+03,7.492884141201076043e-01
1.247000000000000000e+03,7.175541820013716654e-01
1.248000000000000000e+03,7.833937078966861645e-01
1.249000000000000000e+03,7.906664742772662180e-01
1.250000000000000000e+03,7.332359383237915251e-01
1.251000000000000000e+03,6.561651178564118503e-01
1.252000000000000000e+03,5.641721541315749544e-01
1.253000000000000000e+03,6.624192093240495183e-01
1.254000000000000000e+03,8.702585887767507744e-01
1.255000000000000000e+03,8.745068895710770285e-01
1.256000000000000000e+03,6.028029792860677416e-01
1.257000000000000000e+03,6.718332830091671148e-01
1.258000000000000000e+03,4.360626794709928644e-01
1.259000000000000000e+03,6.865174089923375966e-01
1.260000000000000000e+03,1.000062439172899165e+00
1.261000000000000000e+03,7.359910194880594503e-01
1.262000000000000000e+03,5.436351078215888588e-01
1.263000000000000000e+03,7.874624006338893922e-01
1.264000000000000000e+03,9.740401340871825964e-01
1.265000000000000000e+03,6.427928098960973280e-01
1.266000000000000000e+03,8.853044563843749382e-01
1.267000000000000000e+03,7.072303895610514424e-01
1.268000000000000000e+03,8.970724088498241988e-01
1.269000000000000000e+03,1.258431806461547176e+00
1.270000000000000000e+03,1.209887326479185621e+00
1.271000000000000000e+03,1.000805221941043488e+00
1.272000000000000000e+03,8.756929784436275899e-01
1.273000000000000000e+03,1.063073209645767569e+00
1.274000000000000000e+03,1.029333771642827244e+00
1.275000000000000000e+03,1.080476461616999728e+00
1.276000000000000000e+03,8.189461432624276505e-01
1.277000000000000000e+03,1.041754666842577226e+00
1.278000000000000000e+03,9.234082046885905282e-01
1.279000000000000000e+03,1.140557971635964840e+00
1.280000000000000000e+03,8.267307272015264052e-01
1.281000000000000000e+03,9.842314134350029775e-01
1.282000000000000000e+03,8.105044070154970859e-01
1.283000000000000000e+03,1.062601339409203316e+00
1.284000000000000000e+03,1.028565372281127210e+00
1.285000000000000000e+03,1.073427743437676884e+00
1.286000000000000000e+03,8.793134626567231660e-01
1.287000000000000000e+03,5.894992795801037300e-01
1.288000000000000000e+03,1.170271234085163314e+00
1.289000000000000000e+03,1.418425912469658323e+00
1.290000000000000000e+03,1.211521638259524636e+00
1.291000000000000000e+03,1.233245349118209377e+00
1.292000000000000000e+03,1.011579022182825804e+00
1.293000000000000000e+03,1.184123828275135404e+00
1.294000000000000000e+03,1.406275991869513353e+00
1.295000000000000000e+03,1.674080076594666844e+00
1.296000000000000000e+03,1.145463525936063931e+00
1.297000000000000000e+03,1.436735922368104434e+00
1.298000000000000000e+03,9.101522268965761553e-01
1.299000000000000000e+03,1.013178147679567598e+00
1.300000000000000000e+03,1.067534484396893246e+00
1.301000000000000000e+03,1.022933250863378829e+00
1.302000000000000000e+03,9.867748357381241897e-01
1.303000000000000000e+03,1.196891730743659954e+00
1.304000000000000000e+03,1.175356168377581945e+00
1.305000000000000000e+03,1.198712537061483507e+00
1.306000000000000000e+03,9.965856249088526075e-01
1.307000000000000000e+03,9.635999457629077503e-01
1.308000000000000000e+03,9.145713829712264209e-01
1.309000000000000000e+03,1.043846244361073206e+00
1.310000000000000000e+03,1.110536786182607649e+00
1.311000000000000000e+03,1.002931339261371901e+00
1.312000000000000000e+03,9.167831577007338195e-01
1.313000000000000000e+03,1.010026478706851583e+00
1.314000000000000000e+03,1.000626596680679548e+00
1.315000000000000000e+03,9.640178246458080968e-01
1.316000000000000000e+03,1.313489830163848238e+00
1.317000000000000000e+03,1.561903966601377647e+00
1.318000000000000000e+03,1.335311926100465563e+00
1.319000000000000000e+03,1.358352314568580077e+00
1.320000000000000000e+03,1.230963550970042952e+00
1.321000000000000000e+03,1.074970907192372982e+00
1.322000000000000000e+03,9.795318026220554142e-01
1.323000000000000000e+03,1.136006897490083656e+00
1.324000000000000000e+03,1.321044812823894965e+00
1.325000000000000000e+03,1.277801257465645435e+00
1.326000000000000000e+03,1.314732960128545569e+00
1.327000000000000000e+03,1.121146104707753777e+00
1.328000000000000000e+03,8.249357319984365056e-01
1.329000000000000000e+03,1.348203433418229125e+00
1.330000000000000000e+03,1.402946214008541803e+00
1.331000000000000000e+03,1.167165845037194005e+00
1.332000000000000000e+03,1.177740005330581763e+00
1.333000000000000000e+03,1.255412331671711179e+00
1.334000000000000000e+03,1.287815603708774237e+00
1.335000000000000000e+03,1.336398745115976006e+00
1.336000000000000000e+03,1.175470834900536499e+00
1.337000000000000000e+03,9.598077357296734835e-01
1.338000000000000000e+03,1.097754131400640265e+00
1.339000000000000000e+03,1.286993465680376092e+00
1.340000000000000000e+03,1.132520430999534478e+00
1.341000000000000000e+03,1.184001493444731823e+00
1.342000000000000000e+03,1.127081073058534999e+00
1.343000000000000000e+03,1.251939512788595943e+00
1.344000000000000000e+03,1.465312680286089186e+00
1.345000000000000000e+03,9.498023401435657931e-01
1.346000000000000000e+03,8.355140563103486961e-01
1.347000000000000000e+03,7.755036727664350593e-01
1.348000000000000000e+03,8.824996017160902095e-01
1.349000000000000000e+03,9.230356876577914260e-01
1.350000000000000000e+03,8.937553152974803128e-01
1.351000000000000000e+03,8.908316213727862642e-01
1.352000000000000000e+03,7.764125274627234896e-01
1.353000000000000000e+03,8.472989195918992911e-01
1.354000000000000000e+03,9.644301138942773521e-01
1.355000000000000000e+03,9.523502609469953750e-01
1.356000000000000000e+03,8.545280414925626733e-01
1.357000000000000000e+03,8.325052568087623062e-01
1.358000000000000000e+03,8.248916406316856298e-01
1.359000000000000000e+03,8.152589568307503365e-01
1.360000000000000000e+03,9.619079259624759848e-01
1.361000000000000000e+03,7.616759727450947981e-01
1.362000000000000000e+03,7.507023438152867767e-01
1.363000000000000000e+03,8.761840085336413120e-01
1.364000000000000000e+03,1.003643668181119830e+00
1.365000000000000000e+03,7.435119977059415630e-01
1.366000000000000000e+03,1.050263175949802896e+00
1.367000000000000000e+03,6.854363268131671294e-01
1.368000000000000000e+03,6.419740915195171205e-01
1.369000000000000000e+03,7.018013576061974401e-01
1.370000000000000000e+03,6.528703431042615080e-01
1.371000000000000000e+03,3.336117632053707260e-01
1.372000000000000000e+03,4.319322215168886481e-01
1.373000000000000000e+03,4.562954026832615750e-01
1.374000000000000000e+03,5.218932864998648835e-01
1.375000000000000000e+03,7.015694553212363793e-01
1.376000000000000000e+03,5.013162902673746757e-01
1.377000000000000000e+03,5.734405936523869762e-01
1.378000000000000000e+03,4.066202222888312678e-01
1.379000000000000000e+03,4.866649924439076513e-01
1.380000000000000000e+03,4.377062666389741064e-01
1.381000000000000000e+03,4.860114340858542881e-01
1.382000000000000000e+03,3.972972352934145968e-01
1.383000000000000000e+03,4.908093692919391349e-01
1.384000000000000000e+03,3.058310969551938929e-01
1.385000000000000000e+03,7.606292374971815873e-01
1.386000000000000000e+03,7.767892711295044661e-01
1.387000000000000000e+03,7.099833183621721000e-01
1.388000000000000000e+03,5.927956367078983657e-01
1.389000000000000000e+03,7.957022538019006275e-01
1.390000000000000000e+03,8.182241388690064676e-01
1.391000000000000000e+03,5.764685234793662794e-01
1.392000000000000000e+03,8.142324398165762256e-01
1.393000000000000000e+03,7.221676410714713557e-01
1.394000000000000000e+03,7.585773863812009798e-01
1.395000000000000000e+03,8.310296492219452213e-01
1.396000000000000000e+03,7.568813649808402433e-01
1.397000000000000000e+03,9.848511426985516737e-01
1.398000000000000000e+03,9.831952149936948882e-01
1.399000000000000000e+03,7.272416099282740243e-01
1.400000000000000000e+03,1.049151908893972696e+00
1.401000000000000000e+03,1.040939260315835835e+00
1.402000000000000000e+03,9.551191190047232382e-01
1.403000000000000000e+03,9.402148041028048908e-01
1.404000000000000000e+03,1.040069190772190844e+00
1.405000000000000000e+03,1.192105598770459629e+00
1.406000000000000000e+03,1.028047000624082497e+00
1.407000000000000000e+03,8.190509086776113223e-01
1.408000000000000000e+03,9.713838693390604018e-01
1.409000000000000000e+03,1.027275105745443895e+00
1.410000000000000000e+03,1.046754526902862192e+00
1.411000000000000000e+03,1.007079325011059012e+00
1.412000000000000000e+03,1.127251254989813045e+00
1.413000000000000000e+03,8.264068938975995815e-01
1.414000000000000000e+03,8.690508852964674569e-01
1.415000000000000000e+03,8.810307862528111711e-01
1.416000000000000000e+03,7.096244427282577538e-01
1.417000000000000000e+03,7.454752118560000751e-01
1.418000000000000000e+03,9.175491289841469777e-01
1.419000000000000000e+03,9.070058984766483645e-01
1.420000000000000000e+03,8.125347825572893923e-01
1.421000000000000000e+03,8.153412129175637846e-01
1.422000000000000000e+03,8.087121943340753738e-01
1.423000000000000000e+03,5.065156623105000477e-01
1.424000000000000000e+03,9.757411052796317597e-01
1.425000000000000000e+03,8.834961064365036698e-01
1.426000000000000000e+03,7.473848550670216806e-01
1.427000000000000000e+03,6.961580297039232645e-01
1.428000000000000000e+03,8.133340237999742151e-01
1.429000000000000000e+03,9.104328748762963164e-01
1.430000000000000000e+03,1.326841322646963750e+00
1.431000000000000000e+03,8.956701420074667519e-01
1.432000000000000000e+03,6.310578558434877250e-01
1.433000000000000000e+03,7.992920982903076732e-01
1.434000000000000000e+03,7.730071110086288444e-01
1.435000000000000000e+03,8.407137376163055231e-01
1.436000000000000000e+03,9.248236665024227587e-01
1.437000000000000000e+03,7.422279089200667368e-01
1.438000000000000000e+03,8.766675206987242230e-01
1.439000000000000000e+03,7.402050339858796679e-01
1.440000000000000000e+03,8.366275680505309564e-01
1.441000000000000000e+03,7.106811584930844417e-01
1.442000000000000000e+03,7.143942312267463901e-01
1.443000000000000000e+03,7.346707223663870856e-01
1.444000000000000000e+03,9.606526168316587011e-01
1.445000000000000000e+03,8.712132536047856313e-01
1.446000000000000000e+03,7.132255496263767425e-01
1.447000000000000000e+03,7.255741104153672349e-01
1.448000000000000000e+03,8.495144349010621543e-01
1.449000000000000000e+03,9.424355428407897861e-01
1.450000000000000000e+03,1.126959863018382579e+00
1.451000000000000000e+03,9.441018793472164550e-01
1.452000000000000000e+03,8.347914765613970722e-01
1.453000000000000000e+03,7.119195498347334894e-01
1.454000000000000000e+03,1.128443994009594276e+00
1.455000000000000000e+03,1.086908634519266670e+00
1.456000000000000000e+03,8.572024759911271996e-01
1.457000000000000000e+03,1.001990486996443552e+00
1.458000000000000000e+03,1.037574304391216673e+00
1.459000000000000000e+03,1.177670184026999856e+00
1.460000000000000000e+03,1.160898873237509621e+00
1.461000000000000000e+03,1.076676650194981821e+00
1.462000000000000000e+03,9.779827873139176342e-01
1.463000000000000000e+03,1.058693504258895857e+00
1.464000000000000000e+03,1.085712850782768024e+00
1.465000000000000000e+03,1.155622174963127913e+00
1.466000000000000000e+03,1.028564776385132440e+00
1.467000000000000000e+03,9.879302417297691763e-01
1.468000000000000000e+03,1.194419658475948554e+00
1.469000000000000000e+03,1.047986630639848871e+00
1.470000000000000000e+03,1.214680117635289491e+00
1.471000000000000000e+03,1.177534673650479480e+00
1.472000000000000000e+03,9.503179933683948422e-01
1.473000000000000000e+03,1.021768100609643959e+00
1.474000000000000000e+03,1.206809481622087121e+00
1.475000000000000000e+03,1.091673245962407002e+00
1.476000000000000000e+03,8.341114304026827631e-01
1.477000000000000000e+03,9.388982321591462510e-01
1.478000000000000000e+03,1.170193543003173353e+00
1.479000000000000000e+03,9.346147564303236566e-01
1.480000000000000000e+03,4.527470933699926925e-01
1.481000000000000000e+03,1.085313538665699795e+00
1.482000000000000000e+03,1.067148653253105373e+00
1.483000000000000000e+03,1.111901030466217355e+00
1.484000000000000000e+03,9.843285214798425109e-01
1.485000000000000000e+03,1.054198112888807604e+00
1.486000000000000000e+03,1.204820538103730243e+00
1.487000000000000000e+03,9.248460532590070393e-01
1.488000000000000000e+03,1.024675140783971594e+00
1.489000000000000000e+03,1.122536456803801208e+00
1.490000000000000000e+03,1.194699019287285280e+00
1.491000000000000000e+03,1.071231309549039779e+00
1.492000000000000000e+03,4.762606684643179156e-01
1.493000000000000000e+03,6.532153726425476981e-01
1.494000000000000000e+03,7.784933669751979979e-01
1.495000000000000000e+03,7.251518357303371465e-01
1.496000000000000000e+03,7.048600848852383249e-01
1.497000000000000000e+03,5.306979742922152132e-01
1.498000000000000000e+03,6.803072522882301909e-01
1.499000000000000000e+03,8.981262057504620921e-01
1.500000000000000000e+03,8.462765540391207209e-01
1.501000000000000000e+03,5.577225017961590092e-01
1.502000000000000000e+03,6.170375817207006675e-01
1.503000000000000000e+03,6.198987110736365880e-01
1.504000000000000000e+03,7.621344972820569552e-01
1.505000000000000000e+03,5.930004768385275238e-01
1.506000000000000000e+03,3.783341811971828172e-01
1.507000000000000000e+03,3.280941990497799332e-01
1.508000000000000000e+03,3.971867207609978689e-01
1.509000000000000000e+03,8.187495471659975710e-01
1.510000000000000000e+03,5.836401874392695976e-01
1.511000000000000000e+03,1.748896745669856201e-01
1.512000000000000000e+03,1.632229250260879838e-01
1.513000000000000000e+03,5.251378868765216312e-02
1.514000000000000000e+03,2.307980492896022917e-01
1.515000000000000000e+03,1.695250747681844028e-01
1.516000000000000000e+03,-2.773347314724485257e-01
1.517000000000000000e+03,4.153517799230771468e-02
1.518000000000000000e+03,2.542479019777769689e-01
1.519000000000000000e+03,3.266966901583500671e-01
1.520000000000000000e+03,3.112381415078369629e-01
1.521000000000000000e+03,5.027943524301361489e-01
1.522000000000000000e+03,4.082702028796482696e-01
1.523000000000000000e+03,4.292301795499210981e-01
1.524000000000000000e+03,8.396082409939620295e-01
1.525000000000000000e+03,5.982629498870322138e-01
1.526000000000000000e+03,5.082285978664136117e-01
1.527000000000000000e+03,1.947206738950750249e-01
1.528000000000000000e+03,5.013687452715835935e-01
1.529000000000000000e+03,3.349092942977441312e-01
1.530000000000000000e+03,6.089322628928459658e-01
1.531000000000000000e+03,4.519967477183229332e-01
1.532000000000000000e+03,3.300810023053666886e-01
1.533000000000000000e+03,6.033186968051524879e-01
1.534000000000000000e+03,4.405255083418731510e-01
1.535000000000000000e+03,1.055053361971796999e+00
1.536000000000000000e+03,7.755356042080278067e-01
1.537000000000000000e+03,6.326480344624947350e-01
1.538000000000000000e+03,7.808490711838889098e-01
1.539000000000000000e+03,8.451205970351117758e-01
1.540000000000000000e+03,8.552113723137511059e-01
1.541000000000000000e+03,9.748466517034463097e-01
1.542000000000000000e+03,7.401981481778709959e-01
1.543000000000000000e+03,7.914207747865887876e-01
1.544000000000000000e+03,1.086385752162137841e+00
1.545000000000000000e+03,1.066834082086246083e+00
1.546000000000000000e+03,8.867863566974134581e-01
1.547000000000000000e+03,7.763803010013839989e-01
1.548000000000000000e+03,5.162383635678553517e-01
1.549000000000000000e+03,9.637949965534611252e-01
1.550000000000000000e+03,1.081621457969878630e+00
1.551000000000000000e+03,8.610209254116706346e-01
1.552000000000000000e+03,7.870366441175157268e-01
1.553000000000000000e+03,8.641779610271933532e-01
1.554000000000000000e+03,1.018035687321583449e+00
1.555000000000000000e+03,9.929944283561936702e-01
1.556000000000000000e+03,9.826769272404770605e-01
1.557000000000000000e+03,7.936083775540356822e-01
1.558000000000000000e+03,8.992533210279933797e-01
1.559000000000000000e+03,8.994961310071634131e-01
1.560000000000000000e+03,9.379405705803556259e-01
1.561000000000000000e+03,9.106249078853443368e-01
1.562000000000000000e+03,8.052634704770333940e-01
1.563000000000000000e+03,9.525269666500526533e-01
1.564000000000000000e+03,1.052037830417096753e+00
1.565000000000000000e+03,9.826840972535649810e-01
1.566000000000000000e+03,8.400721482041738630e-01
1.567000000000000000e+03,1.037887958293635338e+00
1.568000000000000000e+03,9.218019484592515633e-01
1.569000000000000000e+03,1.061251491450512674e+00
1.570000000000000000e+03,9.833331698237440799e-01
1.571000000000000000e+03,1.182223038600744625e+00
1.572000000000000000e+03,4.357349270612475012e-01
1.573000000000000000e+03,7.670061917265537099e-01
1.574000000000000000e+03,7.451389865619537645e-01
1.575000000000000000e+03,5.152691834700717788e-01
1.576000000000000000e+03,7.856067085366644775e-01
1.577000000000000000e+03,7.278555886078479364e-01
1.578000000000000000e+03,9.652207849693191788e-01
1.579000000000000000e+03,1.306625711123246880e+00
1.580000000000000000e+03,8.765939065065582181e-01
1.581000000000000000e+03,6.184121481022498701e-01
1.582000000000000000e+03,6.082663177122172860e-01
1.583000000000000000e+03,6.011369195266259569e-01
1.584000000000000000e+03,8.111117841215885749e-01
1.585000000000000000e+03,4.285248555551942617e-01
1.586000000000000000e+03,7.511813056526865928e-01
1.587000000000000000e+03,6.309726799164763200e-01
1.588000000000000000e+03,5.738813911601968742e-01
1.589000000000000000e+03,6.955107356750771519e-01
1.590000000000000000e+03,8.241479277316918761e-01
1.591000000000000000e+03,5.924360598776446940e-01
1.592000000000000000e+03,6.435263352823292760e-01
1.593000000000000000e+03,6.745860974183237602e-01
1.594000000000000000e+03,8.911918240989835649e-01
1.595000000000000000e+03,9.492772585393443041e-01
1.596000000000000000e+03,8.438825952116484341e-01
1.597000000000000000e+03,7.767236490225046808e-01
1.598000000000000000e+03,1.274346722437576185e+00
1.599000000000000000e+03,1.182567435636032283e+00
1.600000000000000000e+03,9.481916005061288288e-01
1.601000000000000000e+03,9.427117531937108108e-01
1.602000000000000000e+03,8.876910415140149002e-01
1.603000000000000000e+03,9.414724356876162936e-01
1.604000000000000000e+03,1.043679677754564050e+00
1.605000000000000000e+03,9.396670561588571502e-01
1.606000000000000000e+03,8.833339202703731630e-01
1.607000000000000000e+03,7.741328391656612240e-01
1.608000000000000000e+03,9.411046406257674857e-01
1.609000000000000000e+03,1.267513508215690310e+00
1.610000000000000000e+03,1.188855672523473128e+00
1.611000000000000000e+03,1.078106311972502507e+00
1.612000000000000000e+03,9.686432532330440104e-01
1.613000000000000000e+03,9.707628392866174405e-01
1.614000000000000000e+03,9.956516555663281753e-01
1.615000000000000000e+03,1.194744376416198683e+00
1.616000000000000000e+03,1.442935977582617380e+00
1.617000000000000000e+03,8.981902174299400965e-01
1.618000000000000000e+03,1.027132473238106414e+00
1.619000000000000000e+03,1.084656820153953705e+00
1.620000000000000000e+03,1.185485832830241337e+00
1.621000000000000000e+03,1.028698741854662702e+00
1.622000000000000000e+03,8.180153001596615070e-01
1.623000000000000000e+03,8.961224752516332437e-01
1.624000000000000000e+03,9.103260537003967645e-01
1.625000000000000000e+03,7.232749376637949146e-01
1.626000000000000000e+03,6.871360943189623871e-01
1.627000000000000000e+03,6.432686094362437546e-01
1.628000000000000000e+03,7.757599876510057335e-01
1.629000000000000000e+03,8.253847634399390509e-01
1.630000000000000000e+03,8.511888156765612390e-01
1.631000000000000000e+03,8.865947491334927877e-01
1.632000000000000000e+03,6.295107630494586326e-01
1.633000000000000000e+03,1.000247963703470688e+00
1.634000000000000000e+03,1.039636486147186956e+00
1.635000000000000000e+03,9.942496906985163196e-01
1.636000000000000000e+03,8.582682791284503843e-01
1.637000000000000000e+03,9.345129326328662778e-01
1.638000000000000000e+03,9.467320079123424659e-01
1.639000000000000000e+03,1.071433331853757442e+00
1.640000000000000000e+03,1.143109915823280032e+00
1.641000000000000000e+03,8.923888422560466438e-01
1.642000000000000000e+03,9.409123683140074856e-01
1.643000000000000000e+03,9.516802107689656953e-01
1.644000000000000000e+03,1.011302009800285173e+00
1.645000000000000000e+03,1.077875382957969475e+00
1.646000000000000000e+03,8.795280681438577552e-01
1.647000000000000000e+03,8.537201014689097534e-01
1.648000000000000000e+03,6.873321015953115509e-01
1.649000000000000000e+03,8.751610962913130010e-01
1.650000000000000000e+03,7.271129067645702992e-01
1.651000000000000000e+03,8.207564569998093695e-01
1.652000000000000000e+03,6.386713350537887024e-01
1.653000000000000000e+03,6.632306550227176078e-01
1.654000000000000000e+03,8.155075484306253397e-01
1.655000000000000000e+03,8.327460266195498839e-01
1.656000000000000000e+03,6.536027192875489833e-01
1.657000000000000000e+03,4.746500398075833571e-01
1.658000000000000000e+03,4.998131007401432901e-01
1.659000000000000000e+03,6.492044230576728969e-01
1.660000000000000000e+03,7.841238202572894389e-01
1.661000000000000000e+03,6.092882105520222025e-01
1.662000000000000000e+03,5.036012864008537759e-01
1.663000000000000000e+03,8.853467483358009593e-01
1.664000000000000000e+03,5.253494500844124726e-01
1.665000000000000000e+03,5.535945393897619971e-01
1.666000000000000000e+03,2.631972731941736310e-01
1.667000000000000000e+03,9.076960752911211738e-02
1.668000000000000000e+03,-1.516553292678253229e-01
1.669000000000000000e+03,-5.118502072086186794e-02
1.670000000000000000e+03,2.483415406348031818e-01
1.671000000000000000e+03,1.378770156018739312e-01
1.672000000000000000e+03,6.741651691179129102e-03
1.673000000000000000e+03,1.901324513860047638e-02
1.674000000000000000e+03,2.890406777850903497e-01
1.675000000000000000e+03,9.269645035492313223e-02
1.676000000000000000e+03,2.182230412726401392e-01
1.677000000000000000e+03,-9.785917329001128651e-02
1.678000000000000000e+03,2.794502345598606219e-01
1.679000000000000000e+03,5.900214660956398793e-01
1.680000000000000000e+03,6.513349131610891574e-01
1.681000000000000000e+03,2.761054755030906138e-01
1.682000000000000000e+03,3.560210496288058746e-01
1.683000000000000000e+03,4.091763982810935341e-01
1.684000000000000000e+03,4.019483445880032146e-01
1.685000000000000000e+03,6.574881235697183079e-01
1.686000000000000000e+03,5.648847444923801309e-01
1.687000000000000000e+03,2.801459717444432229e-01
1.688000000000000000e+03,4.549460879406374003e-01
1.689000000000000000e+03,5.320223947780142737e-01
1.690000000000000000e+03,5.619935532375835985e-01
1.691000000000000000e+03,3.815981249417162990e-01
1.692000000000000000e+03,1.857515670268244656e-01
1.693000000000000000e+03,2.378326869786855091e-01
1.694000000000000000e+03,3.206245425002709482e-01
1.695000000000000000e+03,1.755834700821980732e-01
1.696000000000000000e+03,3.148165529630904125e-01
1.697000000000000000e+03,5.505752929215322888e-01
1.698000000000000000e+03,5.956407724643006940e-01
1.699000000000000000e+03,6.811005234499327710e-01
1.700000000000000000e+03,6.701120524912453913e-01
1.701000000000000000e+03,5.805376882038670860e-01
1.702000000000000000e+03,5.308967359086994575e-01
1.703000000000000000e+03,5.877675382215559186e-01
1.704000000000000000e+03,5.028618044998665049e-01
1.705000000000000000e+03,9.347853688201506195e-01
1.706000000000000000e+03,5.642181431704439420e-01
1.707000000000000000e+03,5.652897323470015278e-01
1.708000000000000000e+03,5.649718902768715578e-01
1.709000000000000000e+03,5.425153993721583134e-01
1.710000000000000000e+03,7.734761351332162249e-01
1.711000000000000000e+03,5.380911447227376687e-01
1.712000000000000000e+03,5.746682023075891932e-01
1.713000000000000000e+03,6.739268952991874784e-01
1.714000000000000000e+03,5.894680581608696679e-01
1.715000000000000000e+03,4.321900453428171307e-01
1.716000000000000000e+03,8.977671807708492713e-02
1.717000000000000000e+03,5.158670938761489300e-01
1.718000000000000000e+03,5.316400199382644853e-01
1.719000000000000000e+03,6.334567695855055636e-01
1.720000000000000000e+03,7.106925170806268621e-01
1.721000000000000000e+03,6.060573623300590240e-01
1.722000000000000000e+03,3.537506626107487229e-01
1.723000000000000000e+03,5.532615810506078535e-01
1.724000000000000000e+03,1.040584181274342823e+00
1.725000000000000000e+03,7.373411497154441774e-01
1.726000000000000000e+03,6.937896651946848792e-01
1.727000000000000000e+03,6.600031870108934440e-01
1.728000000000000000e+03,7.337606610304822086e-01
1.729000000000000000e+03,8.973707153819525661e-01
1.730000000000000000e+03,7.911628584764329730e-01
1.731000000000000000e+03,6.655232731551312675e-01
1.732000000000000000e+03,5.992040311337265557e-01
1.733000000000000000e+03,6.967920275933885410e-01
1.734000000000000000e+03,9.694766094022677638e-01
1.735000000000000000e+03,9.536128824540632820e-01
1.736000000000000000e+03,1.144481371445221107e+00
1.737000000000000000e+03,8.331686228680195150e-01
1.738000000000000000e+03,6.009462735591053484e-01
1.739000000000000000e+03,9.160339741244446499e-01
1.740000000000000000e+03,1.342807821335493257e+00
1.741000000000000000e+03,9.352877748253920487e-01
1.742000000000000000e+03,5.899371331996224876e-01
1.743000000000000000e+03,8.146497709060123160e-01
1.744000000000000000e+03,7.274883627055044322e-01
1.745000000000000000e+03,9.165636792171284464e-01
1.746000000000000000e+03,9.099773722370489981e-01
1.747000000000000000e+03,7.423624790032654630e-01
1.748000000000000000e+03,9.624908855648416361e-01
1.749000000000000000e+03,1.053637858392722393e+00
1.750000000000000000e+03,9.264109988005463370e-01
1.751000000000000000e+03,7.196821135017078541e-01
1.752000000000000000e+03,9.398732585735933842e-01
1.753000000000000000e+03,8.842593799613158723e-01
1.754000000000000000e+03,1.183646770439474416e+00
1.755000000000000000e+03,6.578315666455463173e-01
1.756000000000000000e+03,9.266391215094329503e-01
1.757000000000000000e+03,5.978669045698952189e-01
1.758000000000000000e+03,7.367796604152387907e-01
1.759000000000000000e+03,8.463784316410674080e-01
1.760000000000000000e+03,8.873468373124897557e-01
1.761000000000000000e+03,5.940420550691825063e-01
1.762000000000000000e+03,8.960672598115237975e-01
1.763000000000000000e+03,1.235649375110692283e+00
1.764000000000000000e+03,8.006749906702348429e-01
1.765000000000000000e+03,7.827920571120221549e-01
1.766000000000000000e+03,5.126366974077301020e-01
1.767000000000000000e+03,7.679196327806996347e-01
1.768000000000000000e+03,8.565040222274999948e-01
1.769000000000000000e+03,9.355799187799533900e-01
1.770000000000000000e+03,1.278218268336018371e+00
1.771000000000000000e+03,6.613643652223104574e-01
1.772000000000000000e+03,8.977679942619500864e-01
1.773000000000000000e+03,6.789522402550920432e-01
1.774000000000000000e+03,5.368764382509771949e-01
1.775000000000000000e+03,8.880738129811187598e-01
1.776000000000000000e+03,5.726103576264656159e-01
1.777000000000000000e+03,9.484571130369221503e-01
1.778000000000000000e+03,6.163945073235699290e-01
1.779000000000000000e+03,5.840422987270825761e-01
1.780000000000000000e+03,7.268604842167416535e-01
1.781000000000000000e+03,5.914552239017929480e-01
1.782000000000000000e+03,5.257260113144648361e-01
1.783000000000000000e+03,7.075874474134160597e-01
1.784000000000000000e+03,6.726779832404403692e-01
1.785000000000000000e+03,1.074468432479495084e+00
1.786000000000000000e+03,8.387884754370292795e-01
1.787000000000000000e+03,6.938201203040308407e-01
1.788000000000000000e+03,8.362759948861580028e-01
1.789000000000000000e+03,1.072084993987397761e+00
1.790000000000000000e+03,1.120963454710022011e+00
1.791000000000000000e+03,8.797416198919378871e-01
1.792000000000000000e+03,6.604965323240108432e-01
1.793000000000000000e+03,4.900946134986590152e-01
1.794000000000000000e+03,7.651141238692906743e-01
1.795000000000000000e+03,9.711026408559952916e-01
1.796000000000000000e+03,5.689029450798805954e-01
1.797000000000000000e+03,5.626051347690617099e-01
1.798000000000000000e+03,9.523569722731152210e-01
1.799000000000000000e+03,6.314426110078796839e-01
1.800000000000000000e+03,7.241670234247682414e-01
1.801000000000000000e+03,7.108984203961613568e-01
1.802000000000000000e+03,7.767847115186835572e-01
1.803000000000000000e+03,5.908936492558214404e-01
1.804000000000000000e+03,9.578580987134562852e-01
1.805000000000000000e+03,8.751599177007823860e-01
1.806000000000000000e+03,5.914208729126603226e-01
1.807000000000000000e+03,5.694477377103485116e-01
1.808000000000000000e+03,4.778868119523498326e-01
1.809000000000000000e+03,8.430455380233684570e-01
1.810000000000000000e+03,4.283497893739317552e-01
1.811000000000000000e+03,5.931419782797335838e-01
1.812000000000000000e+03,4.217073017261242507e-01
1.813000000000000000e+03,7.562749134107299431e-01
1.814000000000000000e+03,7.521844501505431380e-01
1.815000000000000000e+03,7.577095018854435038e-01
1.816000000000000000e+03,9.469938750622103329e-01
1.817000000000000000e+03,5.409157853016272055e-01
1.818000000000000000e+03,3.776277216782281121e-01
1.819000000000000000e+03,8.833209750803471261e-01
1.820000000000000000e+03,3.273317992493867123e-01
1.821000000000000000e+03,7.446675661862474094e-01
1.822000000000000000e+03,5.779223902396583012e-01
1.823000000000000000e+03,8.383524875835995926e-01
1.824000000000000000e+03,8.963976003054842101e-01
1.825000000000000000e+03,8.589074715159911166e-01
1.826000000000000000e+03,4.837339667480056171e-01
1.827000000000000000e+03,3.819460350106603785e-01
1.828000000000000000e+03,7.117968130498814050e-01
1.829000000000000000e+03,5.253904317966821003e-01
1.830000000000000000e+03,1.029904568084391014e+00
1.831000000000000000e+03,8.073407325395770551e-01
1.832000000000000000e+03,7.707892291852647126e-01
1.833000000000000000e+03,6.547584877617741439e-01
1.834000000000000000e+03,1.126958922586106304e+00
1.835000000000000000e+03,1.023611422301929919e+00
1.836000000000000000e+03,7.620010938303294346e-01
1.837000000000000000e+03,7.800433276351198542e-01
1.838000000000000000e+03,1.037894211584209581e+00
1.839000000000000000e+03,9.350955478014629785e-01
1.840000000000000000e+03,1.237746396122884951e+00
1.841000000000000000e+03,8.090486321988386020e-01
1.842000000000000000e+03,8.347781078788897302e-01
1.843000000000000000e+03,6.974270661081009015e-01
1.844000000000000000e+03,1.342340886471183214e+00
1.845000000000000000e+03,8.787141304084060689e-01
1.846000000000000000e+03,9.128042742188781089e-01
1.847000000000000000e+03,1.094760870799476926e+00
1.848000000000000000e+03,9.580954603883168330e-01
1.849000000000000000e+03,9.858332364622288679e-01
1.850000000000000000e+03,7.571344255152823166e-01
1.851000000000000000e+03,1.244450041462962453e+00
1.852000000000000000e+03,9.120017717955173353e-01
1.853000000000000000e+03,8.904928274603542970e-01
1.854000000000000000e+03,8.203442277215112766e-01
1.855000000000000000e+03,1.102765748290164938e+00
1.856000000000000000e+03,1.103222719135855456e+00
1.857000000000000000e+03,7.769896105313474077e-01
1.858000000000000000e+03,8.229087702598564258e-01
1.859000000000000000e+03,1.705105553299075982e+00
1.860000000000000000e+03,1.251499434538833722e+00
1.861000000000000000e+03,9.735165043969297161e-01
1.862000000000000000e+03,1.052700139276930180e+00
1.863000000000000000e+03,1.177681427409608128e+00
1.864000000000000000e+03,1.246476069020612254e+00
1.865000000000000000e+03,1.253588375430977120e+00
1.866000000000000000e+03,1.262316736870584322e+00
1.867000000000000000e+03,1.290520656724553739e+00
1.868000000000000000e+03,1.299611832720020788e+00
1.869000000000000000e+03,1.338665244744785099e+00
1.870000000000000000e+03,1.568549130618107634e+00
1.871000000000000000e+03,1.215104549015816104e+00
1.872000000000000000e+03,1.222850612009951599e+00
1.873000000000000000e+03,1.706325302442442071e+00
1.874000000000000000e+03,2.008987813378559473e+00
1.875000000000000000e+03,1.711309667624250519e+00
1.876000000000000000e+03,2.053822114424854739e+00
1.877000000000000000e+03,1.731941544342834094e+00
1.878000000000000000e+03,2.002745918163202354e+00
1.879000000000000000e+03,1.780127896491510153e+00
1.880000000000000000e+03,2.334650156894598094e+00
1.881000000000000000e+03,1.832097031587003100e+00
1.882000000000000000e+03,1.664651975594306554e+00
1.883000000000000000e+03,2.471025648692911858e+00
1.884000000000000000e+03,2.006285634666659767e+00
1.885000000000000000e+03,2.262253443760009919e+00
1.886000000000000000e+03,2.224022349723742575e+00
1.887000000000000000e+03,2.380914269910534120e+00
1.888000000000000000e+03,2.225100715476843405e+00
1.889000000000000000e+03,2.388837667129235509e+00
1.890000000000000000e+03,2.569170838749446517e+00
1.891000000000000000e+03,2.681538310247732149e+00
1.892000000000000000e+03,2.575050859341599718e+00
1.893000000000000000e+03,2.447654779619952592e+00
1.894000000000000000e+03,2.679182668388379263e+00
1.895000000000000000e+03,2.618155353984809253e+00
1.896000000000000000e+03,2.373430190617056290e+00
1.897000000000000000e+03,2.429532193840843401e+00
1.898000000000000000e+03,2.376034473899948374e+00
1.899000000000000000e+03,2.279940035714340674e+00
1.900000000000000000e+03,2.242525850620221028e+00
1.901000000000000000e+03,2.368298712393680727e+00
1.902000000000000000e+03,2.517335080318417795e+00
1.903000000000000000e+03,2.249671538101487567e+00
1.904000000000000000e+03,2.269972000554898894e+00
1.905000000000000000e+03,2.282259646412998055e+00
1.906000000000000000e+03,2.479374663677154533e+00
1.907000000000000000e+03,2.420175961788536778e+00
1.908000000000000000e+03,2.439599499252607551e+00
1.909000000000000000e+03,2.141942900945422057e+00
1.910000000000000000e+03,2.592806145076558710e+00
1.911000000000000000e+03,2.267944963984173778e+00
1.912000000000000000e+03,2.405876401705737244e+00
1.913000000000000000e+03,2.464244087783990622e+00
1.914000000000000000e+03,2.264740735764877222e+00
1.915000000000000000e+03,2.515356187101498886e+00
1.916000000000000000e+03,2.194204855575461632e+00
1.917000000000000000e+03,2.788363046635506937e+00
1.918000000000000000e+03,2.725310376428218273e+00
1.919000000000000000e+03,2.678307497676805315e+00
1.920000000000000000e+03,2.461707979044930550e+00
1.921000000000000000e+03,2.299958711136225187e+00
1.922000000000000000e+03,2.525988884547138102e+00
1.923000000000000000e+03,2.885207050326354938e+00
1.924000000000000000e+03,2.930683416274983077e+00
1.925000000000000000e+03,2.619800395491596490e+00
1.926000000000000000e+03,2.724433049146125718e+00
1.927000000000000000e+03,2.406852056999175815e+00
1.928000000000000000e+03,2.479046773739205012e+00
1.929000000000000000e+03,2.579463197280106534e+00
1.930000000000000000e+03,2.810959730397946998e+00
1.931000000000000000e+03,2.032524553208021167e+00
1.932000000000000000e+03,2.466601456859286223e+00
1.933000000000000000e+03,2.853750056189459094e+00
1.934000000000000000e+03,3.092307351943585303e+00
1.935000000000000000e+03,3.304053125645833422e+00
1.936000000000000000e+03,2.896757168211150812e+00
1.937000000000000000e+03,2.928260288911309406e+00
1.938000000000000000e+03,3.285469631483383335e+00
1.939000000000000000e+03,2.842208708670019845e+00
1.940000000000000000e+03,3.218367352357804023e+00
1.941000000000000000e+03,2.937473662925224716e+00
1.942000000000000000e+03,3.340474432197591437e+00
1.943000000000000000e+03,2.903622362111687671e+00
1.944000000000000000e+03,3.467756524373063698e+00
1.945000000000000000e+03,3.387498986209534380e+00
1.946000000000000000e+03,2.920394506196590800e+00
1.947000000000000000e+03,3.142915555541776040e+00
1.948000000000000000e+03,3.455865995828689474e+00
1.949000000000000000e+03,3.111473008017037412e+00
1.950000000000000000e+03,3.555495273520924648e+00
1.951000000000000000e+03,3.271456735254341996e+00
1.952000000000000000e+03,3.517414208046953039e+00
1.953000000000000000e+03,3.100376707844763047e+00
1.954000000000000000e+03,3.506370289029505649e+00
1.955000000000000000e+03,3.493708602745833502e+00
1.956000000000000000e+03,3.123418517506904468e+00
1.957000000000000000e+03,3.043180652267177155e+00
1.958000000000000000e+03,2.812068568312493966e+00
1.959000000000000000e+03,3.312922304501356052e+00
1.960000000000000000e+03,3.321917498473448749e+00
1.961000000000000000e+03,3.623873064417141077e+00
1.962000000000000000e+03,2.815126704446075934e+00
1.963000000000000000e+03,3.007309785396284241e+00
1.964000000000000000e+03,2.999501109545001487e+00
1.965000000000000000e+03,3.253603163182691826e+00
1.966000000000000000e+03,2.575378942927500248e+00
1.967000000000000000e+03,2.500449170473039828e+00
1.968000000000000000e+03,2.765366814387775207e+00
1.969000000000000000e+03,2.952490974420804548e+00
1.970000000000000000e+03,2.917201250203551588e+00
1.971000000000000000e+03,2.557289162735236765e+00
1.972000000000000000e+03,2.245429480156484914e+00
1.973000000000000000e+03,2.508311197231053669e+00
1.974000000000000000e+03,2.607213602513876793e+00
1.975000000000000000e+03,2.435005480764407260e+00
1.976000000000000000e+03,2.399398585176713894e+00
1.977000000000000000e+03,2.490466606167927033e+00
1.978000000000000000e+03,2.566858809070931002e+00
1.979000000000000000e+03,2.655214053710682975e+00
1.980000000000000000e+03,2.616273166451454912e+00
1.981000000000000000e+03,2.821879767222324809e+00
1.982000000000000000e+03,2.323753850635831952e+00
1.983000000000000000e+03,2.390079009444516345e+00
1.984000000000000000e+03,2.405814743130248345e+00
1.985000000000000000e+03,2.829401697717938369e+00
1.986000000000000000e+03,2.476922337318486989e+00
1.987000000000000000e+03,2.478079624312425899e+00
1.988000000000000000e+03,2.432032583333040066e+00
1.989000000000000000e+03,2.562313625211365853e+00
1.990000000000000000e+03,2.516698073913058664e+00
1.991000000000000000e+03,2.445305828866979780e+00
1.992000000000000000e+03,2.513565811091942770e+00
1.993000000000000000e+03,2.268923410741572333e+00
1.994000000000000000e+03,2.798876991469602338e+00
1.995000000000000000e+03,2.156189612068555306e+00
1.996000000000000000e+03,3.161209319339794543e+00
1.997000000000000000e+03,2.440764835620602202e+00
1.998000000000000000e+03,2.364869243097295293e+00
1.999000000000000000e+03,3.020041788097696855e+00
2.000000000000000000e+03,2.882358591004170023e+00
2.001000000000000000e+03,2.241089796231010123e+00
2.002000000000000000e+03,2.705424563439262187e+00
2.003000000000000000e+03,2.554919923687672956e+00
2.004000000000000000e+03,2.695898414905858687e+00
2.005000000000000000e+03,2.441705441069420779e+00
2.006000000000000000e+03,2.694396657706433551e+00
2.007000000000000000e+03,2.407270391523196995e+00
2.008000000000000000e+03,2.901228424916713955e+00
2.009000000000000000e+03,2.873421747478580368e+00
2.010000000000000000e+03,2.888191041601772202e+00
2.011000000000000000e+03,2.595953702027366194e+00
2.012000000000000000e+03,2.814241699209243830e+00
2.013000000000000000e+03,2.985356836952687054e+00
2.014000000000000000e+03,3.245517998599834808e+00
2.015000000000000000e+03,2.958540668083648573e+00
2.016000000000000000e+03,3.247845376320342314e+00
2.017000000000000000e+03,3.030901933000259785e+00
2.018000000000000000e+03,3.007022888574218733e+00
2.019000000000000000e+03,2.793872268945776227e+00
2.020000000000000000e+03,3.138708122856046945e+00
2.021000000000000000e+03,2.932350686836807885e+00
2.022000000000000000e+03,2.636673375431204391e+00
2.023000000000000000e+03,2.820515314425365183e+00
2.024000000000000000e+03,3.005190052801995026e+00
2.025000000000000000e+03,2.965937787580615215e+00
2.026000000000000000e+03,2.767105130152509140e+00
2.027000000000000000e+03,2.678054680573104029e+00
2.028000000000000000e+03,2.777064014497613531e+00
2.029000000000000000e+03,2.897029178352873213e+00
2.030000000000000000e+03,3.163904607820802184e+00
2.031000000000000000e+03,3.038704666013115396e+00
2.032000000000000000e+03,2.904724353821945826e+00
2.033000000000000000e+03,3.192489594604451586e+00
2.034000000000000000e+03,2.657618923971871272e+00
2.035000000000000000e+03,2.824467787701192556e+00
2.036000000000000000e+03,2.520401171657559392e+00
2.037000000000000000e+03,2.706238712513862943e+00
2.038000000000000000e+03,2.735842351925644067e+00
2.039000000000000000e+03,2.524892702407099065e+00
2.040000000000000000e+03,2.399999778568250974e+00
2.041000000000000000e+03,2.338373391438326898e+00
2.042000000000000000e+03,2.239112036616554224e+00
2.043000000000000000e+03,2.481033473881088636e+00
2.044000000000000000e+03,2.587137345232844776e+00
2.045000000000000000e+03,2.447570749160259851e+00
2.046000000000000000e+03,2.260170025910264613e+00
2.047000000000000000e+03,2.193857023830171560e+00
2.048000000000000000e+03,2.104887710345001217e+00
2.049000000000000000e+03,2.131874298452791194e+00
2.050000000000000000e+03,2.246498314079139913e+00
2.051000000000000000e+03,1.896724320676758779e+00
2.052000000000000000e+03,2.499488672931553079e+00
2.053000000000000000e+03,2.447404553712920539e+00
2.054000000000000000e+03,2.659198856927504462e+00
2.055000000000000000e+03,2.820604203136442223e+00
2.056000000000000000e+03,2.393283048105209421e+00
2.057000000000000000e+03,2.635672046572640426e+00
2.058000000000000000e+03,2.563874718228727367e+00
2.059000000000000000e+03,2.544075541815739250e+00
2.060000000000000000e+03,2.794860455964352841e+00
2.061000000000000000e+03,2.599322220743720990e+00
2.062000000000000000e+03,2.321645605550416658e+00
2.063000000000000000e+03,2.140612482354514068e+00
2.064000000000000000e+03,2.894076384731233187e+00
2.065000000000000000e+03,2.972624148278643741e+00
2.066000000000000000e+03,2.917166736691525486e+00
2.067000000000000000e+03,2.850339791533976985e+00
2.068000000000000000e+03,2.570150120700127161e+00
2.069000000000000000e+03,2.750596457723778254e+00
2.070000000000000000e+03,2.823345062940151529e+00
2.071000000000000000e+03,2.661183970352536399e+00
2.072000000000000000e+03,2.805695476528556664e+00
2.073000000000000000e+03,2.656844897424455620e+00
2.074000000000000000e+03,2.646923997751300828e+00
2.075000000000000000e+03,2.622511971837176326e+00
2.076000000000000000e+03,2.547129423640257073e+00
2.077000000000000000e+03,2.385028916806589461e+00
2.078000000000000000e+03,2.788716449185854707e+00
2.079000000000000000e+03,2.757394736393283363e+00
2.080000000000000000e+03,2.925358523738940342e+00
2.081000000000000000e+03,3.048257539670319094e+00
2.082000000000000000e+03,2.805358800657846707e+00
2.083000000000000000e+03,2.965560935968627021e+00
2.084000000000000000e+03,2.870445751131026402e+00
2.085000000000000000e+03,2.607967233944000540e+00
2.086000000000000000e+03,2.886135415085906875e+00
2.087000000000000000e+03,2.794362498604041178e+00
2.088000000000000000e+03,3.023801536705635673e+00
2.089000000000000000e+03,3.063747896006729476e+00
2.090000000000000000e+03,2.705637601407884230e+00
2.091000000000000000e+03,2.995467368919503937e+00
2.092000000000000000e+03,2.844556211624679865e+00
2.093000000000000000e+03,2.842704100613131057e+00
2.094000000000000000e+03,3.038191979567549161e+00
2.095000000000000000e+03,3.099091961501836412e+00
2.096000000000000000e+03,2.909736883908727645e+00
2.097000000000000000e+03,2.617299847861012552e+00
2.098000000000000000e+03,3.028759686902322112e+00
2.099000000000000000e+03,3.395370120811902925e+00
2.100000000000000000e+03,3.328653584321150216e+00
2.101000000000000000e+03,3.178185891137459418e+00
2.102000000000000000e+03,3.013537673234080394e+00
2.103000000000000000e+03,3.208822346677175030e+00
2.104000000000000000e+03,3.332995574133762684e+00
2.105000000000000000e+03,3.291456313632272757e+00
2.106000000000000000e+03,3.416237802127610745e+00
2.107000000000000000e+03,2.876029150443079718e+00
2.108000000000000000e+03,3.121861337750120313e+00
2.109000000000000000e+03,3.156319731023676578e+00
2.110000000000000000e+03,3.178643173104236386e+00
2.111000000000000000e+03,3.455493067655811323e+00
2.112000000000000000e+03,3.023128766337346285e+00
2.113000000000000000e+03,3.277622376061315457e+00
2.114000000000000000e+03,3.279629261182976041e+00
2.115000000000000000e+03,3.120235024797186618e+00
2.116000000000000000e+03,3.119432238492040099e+00
2.117000000000000000e+03,3.026223749477486180e+00
2.118000000000000000e+03,3.105638529740467391e+00
2.119000000000000000e+03,3.139418884511245178e+00
2.120000000000000000e+03,3.455871150227691757e+00
2.121000000000000000e+03,3.186341071981283246e+00
2.122000000000000000e+03,3.096837401810343504e+00
2.123000000000000000e+03,2.629839210227965740e+00
2.124000000000000000e+03,3.126729699245100136e+00
2.125000000000000000e+03,3.230603558823398558e+00
2.126000000000000000e+03,3.004000606031631548e+00
2.127000000000000000e+03,3.095903305296640262e+00
2.128000000000000000e+03,3.060000282169749841e+00
2.129000000000000000e+03,3.136890524893367616e+00
2.130000000000000000e+03,3.738989830597049036e+00
2.131000000000000000e+03,3.084853221301095516e+00
2.132000000000000000e+03,2.938453505805241228e+00
2.133000000000000000e+03,2.985516708729186508e+00
2.134000000000000000e+03,3.053750803770348909e+00
2.135000000000000000e+03,3.428191106069861771e+00
2.136000000000000000e+03,2.805564390551913423e+00
2.137000000000000000e+03,2.780110682283264634e+00
2.138000000000000000e+03,3.120937747926233019e+00
2.139000000000000000e+03,2.582207118669588741e+00
2.140000000000000000e+03,2.944933335552741838e+00
2.141000000000000000e+03,2.860958537609773256e+00
2.142000000000000000e+03,2.960779047945848674e+00
2.143000000000000000e+03,2.783006477882015162e+00
2.144000000000000000e+03,2.895416794814129169e+00
2.145000000000000000e+03,2.539325714990797067e+00
2.146000000000000000e+03,2.926011105034904691e+00
2.147000000000000000e+03,2.529826807707863168e+00
2.148000000000000000e+03,2.814092629161186743e+00
2.149000000000000000e+03,2.837452183329752575e+00
2.150000000000000000e+03,3.217520354935255789e+00
2.151000000000000000e+03,2.731310438410323282e+00
2.152000000000000000e+03,2.326229110186657678e+00
2.153000000000000000e+03,2.709196292664582728e+00
2.154000000000000000e+03,2.796346028523738703e+00
2.155000000000000000e+03,2.767270400644699091e+00
2.156000000000000000e+03,2.707823811889701560e+00
2.157000000000000000e+03,2.579629317336312955e+00
2.158000000000000000e+03,2.694736149697724681e+00
2.159000000000000000e+03,2.910302377859129486e+00
2.160000000000000000e+03,2.881382239003301482e+00
2.161000000000000000e+03,2.859502835784320851e+00
2.162000000000000000e+03,2.661033266531310559e+00
2.163000000000000000e+03,2.728836194100403123e+00
2.164000000000000000e+03,3.015117571922918849e+00
2.165000000000000000e+03,2.817296188404595725e+00
2.166000000000000000e+03,2.637731878394897755e+00
2.167000000000000000e+03,2.725270478179686595e+00
2.168000000000000000e+03,2.804741104192991497e+00
2.169000000000000000e+03,2.840401447401293300e+00
2.170000000000000000e+03,2.933172496381248440e+00
2.171000000000000000e+03,2.781846673207688969e+00
2.172000000000000000e+03,3.031362674944952040e+00
2.173000000000000000e+03,2.876466650291593652e+00
2.174000000000000000e+03,2.890114630843707566e+00
2.175000000000000000e+03,2.886586052563827387e+00
2.176000000000000000e+03,2.848137103397887948e+00
2.177000000000000000e+03,2.613900246754696344e+00
2.178000000000000000e+03,2.844501154568940926e+00
2.179000000000000000e+03,3.001712025283813201e+00
2.180000000000000000e+03,3.070291010589251357e+00
2.181000000000000000e+03,2.886393546669020260e+00
2.182000000000000000e+03,2.987191413442490173e+00
2.183000000000000000e+03,2.791350245846980993e+00
2.184000000000000000e+03,3.300124860612552169e+00
2.185000000000000000e+03,2.990787166875231051e+00
2.186000000000000000e+03,3.003122021660123764e+00
2.187000000000000000e+03,2.830043531381530642e+00
2.188000000000000000e+03,2.884063367631347852e+00
2.189000000000000000e+03,2.980814161579394828e+00
2.190000000000000000e+03,2.989266201896999320e+00
2.191000000000000000e+03,2.836351246354799294e+00
2.192000000000000000e+03,2.807809151608975817e+00
2.193000000000000000e+03,2.772696214800780101e+00
2.194000000000000000e+03,2.957041713772214031e+00
2.195000000000000000e+03,2.978252371745498284e+00
2.196000000000000000e+03,3.187355707283585193e+00
2.197000000000000000e+03,2.845499701062941700e+00
2.198000000000000000e+03,2.764535241028054813e+00
2.199000000000000000e+03,3.377803520506919455e+00
2.200000000000000000e+03,2.770703654157092188e+00
2.201000000000000000e+03,2.885110189178273554e+00
2.202000000000000000e+03,2.786987242386224750e+00
2.203000000000000000e+03,2.876502609282687750e+00
2.204000000000000000e+03,3.173365918534072350e+00
2.205000000000000000e+03,2.983781987470954356e+00
2.206000000000000000e+03,2.889941903617867958e+00
2.207000000000000000e+03,2.839183727304126048e+00
2.208000000000000000e+03,2.785736886778031884e+00
2.209000000000000000e+03,2.650297383431947651e+00
2.210000000000000000e+03,2.769727490829226646e+00
2.211000000000000000e+03,2.604994519402740405e+00
2.212000000000000000e+03,2.647709700920033438e+00
2.213000000000000000e+03,2.608877902487859668e+00
2.214000000000000000e+03,2.839172462663760665e+00
2.215000000000000000e+03,2.702377048733888731e+00
2.216000000000000000e+03,2.266250025608624430e+00
2.217000000000000000e+03,2.437409180207194659e+00
2.218000000000000000e+03,2.555386565933191356e+00
2.219000000000000000e+03,2.709264447296403144e+00
2.220000000000000000e+03,2.782680600300497797e+00
2.221000000000000000e+03,2.544065591441652785e+00
2.222000000000000000e+03,2.560746414669151427e+00
2.223000000000000000e+03,2.749546899386405396e+00
2.224000000000000000e+03,2.775657511625921892e+00
2.225000000000000000e+03,2.714555563192594612e+00
2.226000000000000000e+03,2.595220802224615042e+00
2.227000000000000000e+03,2.468893074881436167e+00
2.228000000000000000e+03,2.547882322009616285e+00
2.229000000000000000e+03,2.418303029884580457e+00
2.230000000000000000e+03,3.131873197351716431e+00
2.231000000000000000e+03,2.835008498965124080e+00
2.232000000000000000e+03,2.799655167190795879e+00
2.233000000000000000e+03,3.292729934139064785e+00
2.234000000000000000e+03,2.820661007728935576e+00
2.235000000000000000e+03,3.008817769380811580e+00
2.236000000000000000e+03,3.007802196724853161e+00
2.237000000000000000e+03,2.756858016071533246e+00
2.238000000000000000e+03,2.799505808224546755e+00
2.239000000000000000e+03,3.015758757062815487e+00
2.240000000000000000e+03,2.655584513595252272e+00
2.241000000000000000e+03,2.874474121891096967e+00
2.242000000000000000e+03,2.699526449575114118e+00
2.243000000000000000e+03,3.000425286933262381e+00
2.244000000000000000e+03,3.048805597203795070e+00
2.245000000000000000e+03,3.044043717423190021e+00
2.246000000000000000e+03,2.833264825192514103e+00
2.247000000000000000e+03,2.877449632952441938e+00
2.248000000000000000e+03,2.864998486920273368e+00
2.249000000000000000e+03,2.916490894069471373e+00
2.250000000000000000e+03,2.881880627995820454e+00
2.251000000000000000e+03,2.799199271165563552e+00
2.252000000000000000e+03,2.859695669805518481e+00
2.253000000000000000e+03,2.944753401443926499e+00
2.254000000000000000e+03,2.962028571831518686e+00
2.255000000000000000e+03,2.985982359974625133e+00
2.256000000000000000e+03,2.925362178448486006e+00
2.257000000000000000e+03,2.920698402449561026e+00
2.258000000000000000e+03,2.901229644895590987e+00
2.259000000000000000e+03,3.401684560723072792e+00
2.260000000000000000e+03,2.678012326826507916e+00
2.261000000000000000e+03,2.877368207009998180e+00
2.262000000000000000e+03,2.244766201567848007e+00
2.263000000000000000e+03,2.383333569587075207e+00
2.264000000000000000e+03,2.736944379282145068e+00
2.265000000000000000e+03,2.581516122591811069e+00
2.266000000000000000e+03,2.650693702450289457e+00
2.267000000000000000e+03,2.446504954634865392e+00
2.268000000000000000e+03,2.441614597941519804e+00
2.269000000000000000e+03,2.696854811396916851e+00
2.270000000000000000e+03,2.677869095954387824e+00
2.271000000000000000e+03,2.710547561899370184e+00
2.272000000000000000e+03,2.573196064220840462e+00
2.273000000000000000e+03,2.543148643442250112e+00
2.274000000000000000e+03,2.700033597797762308e+00
2.275000000000000000e+03,2.709118645228550726e+00
2.276000000000000000e+03,2.638685818123518434e+00
2.277000000000000000e+03,2.469724972146033259e+00
2.278000000000000000e+03,2.490559694962137360e+00
2.279000000000000000e+03,2.332365554682149789e+00
2.280000000000000000e+03,2.823393927449965091e+00
2.281000000000000000e+03,2.572988950846609058e+00
2.282000000000000000e+03,2.340378289642997434e+00
2.283000000000000000e+03,2.748226210081551990e+00
2.284000000000000000e+03,2.798687604414123342e+00
2.285000000000000000e+03,2.904497513166377942e+00
2.286000000000000000e+03,2.842256201991284037e+00
2.287000000000000000e+03,2.662557875139554220e+00
2.288000000000000000e+03,2.756912466311941756e+00
2.289000000000000000e+03,2.973092465097002091e+00
2.290000000000000000e+03,2.907220886380600611e+00
2.291000000000000000e+03,3.171268077914263905e+00
2.292000000000000000e+03,2.711546036530468662e+00
2.293000000000000000e+03,2.734543164080855071e+00
2.294000000000000000e+03,2.915802321903018246e+00
2.295000000000000000e+03,2.836477689214125242e+00
2.296000000000000000e+03,2.781084795900896189e+00
2.297000000000000000e+03,2.761983127281967931e+00
2.298000000000000000e+03,2.690362555992623861e+00
2.299000000000000000e+03,2.819215576228068620e+00
2.300000000000000000e+03,2.903964934003365528e+00
2.301000000000000000e+03,2.865373122549240037e+00
2.302000000000000000e+03,2.634135923260807033e+00
2.303000000000000000e+03,2.830098025697247444e+00
2.304000000000000000e+03,2.732936969995279242e+00
2.305000000000000000e+03,2.720837124547130337e+00
2.306000000000000000e+03,2.889325080877477525e+00
2.307000000000000000e+03,2.723449529846710071e+00
2.308000000000000000e+03,2.824112246367483259e+00
2.309000000000000000e+03,2.836883728455298126e+00
2.310000000000000000e+03,3.103017487183568512e+00
2.311000000000000000e+03,3.030527004329896634e+00
2.312000000000000000e+03,2.840231617725812008e+00
2.313000000000000000e+03,2.723846353658057051e+00
2.314000000000000000e+03,2.969290668613551176e+00
2.315000000000000000e+03,2.928674759605280897e+00
2.316000000000000000e+03,2.505662273320767408e+00
2.317000000000000000e+03,2.537369254345908320e+00
2.318000000000000000e+03,2.635593002580038036e+00
2.319000000000000000e+03,2.667990606738455561e+00
2.320000000000000000e+03,2.786189424616356547e+00
2.321000000000000000e+03,2.941684836895396060e+00
2.322000000000000000e+03,2.482883675878123420e+00
2.323000000000000000e+03,2.515140543310191212e+00
2.324000000000000000e+03,2.768576550130386060e+00
2.325000000000000000e+03,2.789919224896639793e+00
2.326000000000000000e+03,2.850485319454002298e+00
2.327000000000000000e+03,2.494420014271088615e+00
2.328000000000000000e+03,2.771615468294912343e+00
2.329000000000000000e+03,2.742693230278995031e+00
2.330000000000000000e+03,2.805122738262981752e+00
2.331000000000000000e+03,2.637543418043162280e+00
2.332000000000000000e+03,2.850989266523447085e+00
2.333000000000000000e+03,2.798145366761847885e+00
2.334000000000000000e+03,2.838263133128691607e+00
2.335000000000000000e+03,2.740205802937079493e+00
2.336000000000000000e+03,2.499586409983522106e+00
2.337000000000000000e+03,2.475496313198624510e+00
2.338000000000000000e+03,2.249337928689250532e+00
2.339000000000000000e+03,2.754624510724944297e+00
2.340000000000000000e+03,2.464719884297117414e+00
2.341000000000000000e+03,2.397024556174298660e+00
2.342000000000000000e+03,2.304905072775079500e+00
2.343000000000000000e+03,2.534306424770196742e+00
2.344000000000000000e+03,2.496902126327047888e+00
2.345000000000000000e+03,2.571996030265200073e+00
2.346000000000000000e+03,2.311724486843902415e+00
2.347000000000000000e+03,2.236050806989940742e+00
2.348000000000000000e+03,2.419815407376024297e+00
2.349000000000000000e+03,2.494398117667119052e+00
2.350000000000000000e+03,2.493254285386599989e+00
2.351000000000000000e+03,2.084769317893645724e+00
2.352000000000000000e+03,2.247772121113548405e+00
2.353000000000000000e+03,2.358272172174749937e+00
2.354000000000000000e+03,2.466728858182999140e+00
2.355000000000000000e+03,2.496328556714626945e+00
2.356000000000000000e+03,2.310682302242352382e+00
2.357000000000000000e+03,2.284557785878391201e+00
2.358000000000000000e+03,2.479656684721117887e+00
2.359000000000000000e+03,2.269351861455634722e+00
2.360000000000000000e+03,2.376895418718234954e+00
2.361000000000000000e+03,2.205947753446305448e+00
2.362000000000000000e+03,2.214780104860755827e+00
2.363000000000000000e+03,2.712223601382329985e+00
2.364000000000000000e+03,2.308497253000342031e+00
2.365000000000000000e+03,2.523088876915116519e+00
2.366000000000000000e+03,2.222040735793771038e+00
2.367000000000000000e+03,2.098669712762182282e+00
2.368000000000000000e+03,2.359593602156989434e+00
2.369000000000000000e+03,2.233882763772570446e+00
2.370000000000000000e+03,2.397023966713832444e+00
2.371000000000000000e+03,2.559524108050908353e+00
2.372000000000000000e+03,2.067645052463842337e+00
2.373000000000000000e+03,2.112479174036185015e+00
2.374000000000000000e+03,2.420210579153291075e+00
2.375000000000000000e+03,2.226111406928223957e+00
2.376000000000000000e+03,2.317744565826719061e+00
2.377000000000000000e+03,2.107646066131568130e+00
2.378000000000000000e+03,2.154912331407952575e+00
2.379000000000000000e+03,2.317032238064646865e+00
2.380000000000000000e+03,2.273794063575192759e+00
2.381000000000000000e+03,2.490226885187279748e+00
2.382000000000000000e+03,2.433057537117417901e+00
2.383000000000000000e+03,2.701777494934971546e+00
2.384000000000000000e+03,2.590103379811786066e+00
2.385000000000000000e+03,2.986302479117724396e+00
2.386000000000000000e+03,2.842354266002756091e+00
2.387000000000000000e+03,2.644050969465248535e+00
2.388000000000000000e+03,2.925126385817457653e+00
2.389000000000000000e+03,3.254697487538774858e+00
2.390000000000000000e+03,3.203835757658421990e+00
2.391000000000000000e+03,3.138917631891261273e+00
2.392000000000000000e+03,2.847119090243759310e+00
2.393000000000000000e+03,2.870977813233330345e+00
2.394000000000000000e+03,3.080710110351827957e+00
2.395000000000000000e+03,3.056224518815091606e+00
2.396000000000000000e+03,2.974832426327622237e+00
2.397000000000000000e+03,2.896878909899724519e+00
2.398000000000000000e+03,3.061841311815093114e+00
2.399000000000000000e+03,3.007518723294497320e+00
2.400000000000000000e+03,3.088600077819980250e+00
2.401000000000000000e+03,2.992918121223937966e+00
2.402000000000000000e+03,2.879201412617546474e+00
2.403000000000000000e+03,3.068004628933162614e+00
2.404000000000000000e+03,3.083192010298552610e+00
2.405000000000000000e+03,3.120717946806634835e+00
2.406000000000000000e+03,3.235924543929677100e+00
2.407000000000000000e+03,3.101393668543258819e+00
2.408000000000000000e+03,3.505210438751136692e+00
2.409000000000000000e+03,3.564945617692245605e+00
2.410000000000000000e+03,3.232322603780720449e+00
2.411000000000000000e+03,3.006627440374343596e+00
2.412000000000000000e+03,2.857081134535794043e+00
2.413000000000000000e+03,3.096950280209665785e+00
2.414000000000000000e+03,3.283543156274923547e+00
2.415000000000000000e+03,2.578453329163677310e+00
2.416000000000000000e+03,2.767578628399465668e+00
2.417000000000000000e+03,2.434454250647295925e+00
2.418000000000000000e+03,2.432003607306241655e+00
2.419000000000000000e+03,2.624359111263075750e+00
2.420000000000000000e+03,2.731359704285174939e+00
2.421000000000000000e+03,2.584595001256821956e+00
2.422000000000000000e+03,2.731978118188747917e+00
2.423000000000000000e+03,2.661980679656563265e+00
2.424000000000000000e+03,2.388957218841014640e+00
2.425000000000000000e+03,2.692228760227701301e+00
2.426000000000000000e+03,2.574267156322208372e+00
2.427000000000000000e+03,2.483672872342893356e+00
2.428000000000000000e+03,2.580146059925781277e+00
2.429000000000000000e+03,2.813555326898195208e+00
2.430000000000000000e+03,2.790076852069554469e+00
2.431000000000000000e+03,2.781427944154271081e+00
2.432000000000000000e+03,2.472429923043472755e+00
2.433000000000000000e+03,2.611427148693193701e+00
2.434000000000000000e+03,2.619009093514296449e+00
2.435000000000000000e+03,2.526862244435177818e+00
2.436000000000000000e+03,2.287123454574689241e+00
2.437000000000000000e+03,2.178598224705805553e+00
2.438000000000000000e+03,2.298750974196545727e+00
2.439000000000000000e+03,2.373492777581871938e+00
2.440000000000000000e+03,2.437664845947229875e+00
2.441000000000000000e+03,2.350712029589820506e+00
2.442000000000000000e+03,2.239543937078301017e+00
2.443000000000000000e+03,2.173082611894283200e+00
2.444000000000000000e+03,2.578357257248373724e+00
2.445000000000000000e+03,2.848489432715241243e+00
2.446000000000000000e+03,2.419141713498347279e+00
2.447000000000000000e+03,2.117575778409813925e+00
2.448000000000000000e+03,2.345010302784509282e+00
2.449000000000000000e+03,2.495251685783304030e+00
2.450000000000000000e+03,2.372720503777469681e+00
2.451000000000000000e+03,2.298771397762357616e+00
2.452000000000000000e+03,2.161007063852248056e+00
2.453000000000000000e+03,2.223463440246984391e+00
2.454000000000000000e+03,2.225948222229308104e+00
2.455000000000000000e+03,2.390781809364907140e+00
2.456000000000000000e+03,2.425412439774691009e+00
2.457000000000000000e+03,2.252882827123971143e+00
2.458000000000000000e+03,1.706284323815139281e+00
2.459000000000000000e+03,2.397667388321994775e+00
2.460000000000000000e+03,2.449467810055686368e+00
2.461000000000000000e+03,2.137605500642393075e+00
2.462000000000000000e+03,2.599321472557909019e+00
2.463000000000000000e+03,2.230256030061509076e+00
2.464000000000000000e+03,2.360654672868483850e+00
2.465000000000000000e+03,2.433398235583449587e+00
2.466000000000000000e+03,2.212488566269364743e+00
2.467000000000000000e+03,2.452218073665382470e+00
2.468000000000000000e+03,2.182379708829362386e+00
2.469000000000000000e+03,2.306950356068405927e+00
2.470000000000000000e+03,2.539279673451249941e+00
2.471000000000000000e+03,2.349185441515154515e+00
2.472000000000000000e+03,2.188172832481546148e+00
2.473000000000000000e+03,2.234618717416210210e+00
2.474000000000000000e+03,2.403235377573324172e+00
2.475000000000000000e+03,2.718063396783877206e+00
2.476000000000000000e+03,2.325362693555498073e+00
2.477000000000000000e+03,2.284460571537910489e+00
2.478000000000000000e+03,2.250303618351214396e+00
2.479000000000000000e+03,2.314886121563804799e+00
2.480000000000000000e+03,2.380327447325492507e+00
2.481000000000000000e+03,2.308658267174002354e+00
2.482000000000000000e+03,2.184466725256712039e+00
2.483000000000000000e+03,2.039651493492707246e+00
2.484000000000000000e+03,1.808185752758583176e+00
2.485000000000000000e+03,1.934546709273655241e+00
2.486000000000000000e+03,2.132789870196299731e+00
2.487000000000000000e+03,1.940087570820763885e+00
2.488000000000000000e+03,1.777163479623430353e+00
2.489000000000000000e+03,1.963891891348122920e+00
2.490000000000000000e+03,2.172110553632609520e+00
2.491000000000000000e+03,1.852325081360121972e+00
2.492000000000000000e+03,1.866220954803581078e+00
2.493000000000000000e+03,1.806360230212139983e+00
2.494000000000000000e+03,1.981610268922095353e+00
2.495000000000000000e+03,2.139452355212934087e+00
2.496000000000000000e+03,1.916907517915221293e+00
2.497000000000000000e+03,1.773570543384063170e+00
2.498000000000000000e+03,1.822920425131213884e+00
2.499000000000000000e+03,2.012006654344086432e+00
2.500000000000000000e+03,2.073934255191779208e+00
2.501000000000000000e+03,2.165862644632720269e+00
2.502000000000000000e+03,1.859237961987690424e+00
2.503000000000000000e+03,1.876299922170238998e+00
2.504000000000000000e+03,2.130592920741325447e+00
2.505000000000000000e+03,1.939567248459966420e+00
2.506000000000000000e+03,2.170355395404347298e+00
2.507000000000000000e+03,1.946367879671796919e+00
2.508000000000000000e+03,1.919163287247307670e+00
2.509000000000000000e+03,1.983806502371628477e+00
2.510000000000000000e+03,2.159047631651040078e+00
2.511000000000000000e+03,1.900787366923476940e+00
2.512000000000000000e+03,2.012653819512581155e+00
2.513000000000000000e+03,2.210407192114098862e+00
2.514000000000000000e+03,2.507357771422298764e+00
2.515000000000000000e+03,2.310640878323534153e+00
2.516000000000000000e+03,2.305441260364201828e+00
2.517000000000000000e+03,2.235021231021493193e+00
2.518000000000000000e+03,2.403311195384628896e+00
2.519000000000000000e+03,2.410696838895251215e+00
2.520000000000000000e+03,1.966054804879659779e+00
2.521000000000000000e+03,2.299391239764617456e+00
2.522000000000000000e+03,2.258421216397708875e+00
2.523000000000000000e+03,2.300500779156033015e+00
2.524000000000000000e+03,2.387269522542324829e+00
2.525000000000000000e+03,2.333641040454772053e+00
2.526000000000000000e+03,2.350671752866703379e+00
2.527000000000000000e+03,2.202950373898819869e+00
2.528000000000000000e+03,2.315428246723194583e+00
2.529000000000000000e+03,2.477985924833502551e+00
2.530000000000000000e+03,2.286424332919292368e+00
2.531000000000000000e+03,2.396566810839783290e+00
2.532000000000000000e+03,2.463294154012217962e+00
2.533000000000000000e+03,2.242293692423102502e+00
2.534000000000000000e+03,2.526351926293689321e+00
2.535000000000000000e+03,2.487591446206522949e+00
2.536000000000000000e+03,2.154341871792527563e+00
2.537000000000000000e+03,2.367635785594036424e+00
2.538000000000000000e+03,2.160734481636017001e+00
2.539000000000000000e+03,2.501229952188821049e+00
2.540000000000000000e+03,2.106098160233749184e+00
2.541000000000000000e+03,2.399029957803289648e+00
2.542000000000000000e+03,2.153167761911232603e+00
2.543000000000000000e+03,2.374416046782878986e+00
2.544000000000000000e+03,2.523996174502201484e+00
2.545000000000000000e+03,2.416949698336900099e+00
2.546000000000000000e+03,2.288157461228979006e+00
2.547000000000000000e+03,2.185465721884611856e+00
2.548000000000000000e+03,2.214138084543802343e+00
2.549000000000000000e+03,2.612675046754225683e+00
2.550000000000000000e+03,2.458956777232909729e+00
2.551000000000000000e+03,2.172922958040275354e+00
2.552000000000000000e+03,2.074227686140969418e+00
2.553000000000000000e+03,2.274086769205408753e+00
2.554000000000000000e+03,2.352816103428830630e+00
2.555000000000000000e+03,2.365460744819045669e+00
2.556000000000000000e+03,2.262157689352554346e+00
2.557000000000000000e+03,2.047041780941076361e+00
2.558000000000000000e+03,2.473459519177986454e+00
2.559000000000000000e+03,2.265354726655262052e+00
2.560000000000000000e+03,2.345431868107586304e+00
2.561000000000000000e+03,2.100154721175689243e+00
2.562000000000000000e+03,2.016110788995305381e+00
2.563000000000000000e+03,2.198206990618482681e+00
2.564000000000000000e+03,2.325935058979222259e+00
2.565000000000000000e+03,2.320637844207764200e+00
2.566000000000000000e+03,2.167540910466566384e+00
2.567000000000000000e+03,2.236276833413335829e+00
2.568000000000000000e+03,2.067477733252292449e+00
2.569000000000000000e+03,2.373227308718864226e+00
2.570000000000000000e+03,2.744141396179351045e+00
2.571000000000000000e+03,2.235559482539851484e+00
2.572000000000000000e+03,2.097564002187043197e+00
2.573000000000000000e+03,2.158660172474835104e+00
2.574000000000000000e+03,2.794922718854676358e+00
2.575000000000000000e+03,2.704353537202370372e+00
2.576000000000000000e+03,2.632872130825802515e+00
2.577000000000000000e+03,2.276958622815518307e+00
2.578000000000000000e+03,2.281517701604811599e+00
2.579000000000000000e+03,2.865750762839404775e+00
2.580000000000000000e+03,2.407846089660561351e+00
2.581000000000000000e+03,2.303410285953748193e+00
2.582000000000000000e+03,2.296181454053249471e+00
2.583000000000000000e+03,2.466530893479810249e+00
2.584000000000000000e+03,2.432572550322203764e+00
2.585000000000000000e+03,2.887670950562915895e+00
2.586000000000000000e+03,2.832913904500340863e+00
2.587000000000000000e+03,2.856784555495502698e+00
2.588000000000000000e+03,2.806617747033260279e+00
2.589000000000000000e+03,3.029264755400661091e+00
2.590000000000000000e+03,2.771787738745877583e+00
2.591000000000000000e+03,2.664286333288820696e+00
2.592000000000000000e+03,2.662701547238742972e+00
2.593000000000000000e+03,2.710305511930640066e+00
2.594000000000000000e+03,2.101717570448310646e+00
2.595000000000000000e+03,2.673578362513081341e+00
2.596000000000000000e+03,2.573776548901265837e+00
2.597000000000000000e+03,2.480952443570754173e+00
2.598000000000000000e+03,2.499728750922280085e+00
2.599000000000000000e+03,2.589291233942044190e+00
2.600000000000000000e+03,2.683888624859152916e+00
2.601000000000000000e+03,2.526019836796012719e+00
2.602000000000000000e+03,2.490416284604857644e+00
2.603000000000000000e+03,2.553019288593618707e+00
2.604000000000000000e+03,2.485204104504583178e+00
2.605000000000000000e+03,2.479852203199343741e+00
2.606000000000000000e+03,2.134377300845058834e+00
2.607000000000000000e+03,2.465129373345283703e+00
2.608000000000000000e+03,2.649839427806087944e+00
2.609000000000000000e+03,2.733732084322910261e+00
2.610000000000000000e+03,2.722991136618409858e+00
2.611000000000000000e+03,2.463694459113257906e+00
2.612000000000000000e+03,2.839169112072103651e+00
2.613000000000000000e+03,2.492327965947372270e+00
2.614000000000000000e+03,2.425394892370197564e+00
2.615000000000000000e+03,2.153650597883105533e+00
2.616000000000000000e+03,2.069788997055589164e+00
2.617000000000000000e+03,1.973652265628881075e+00
2.618000000000000000e+03,2.213858373766951715e+00
2.619000000000000000e+03,2.094592024909131212e+00
2.620000000000000000e+03,2.150578100237594548e+00
2.621000000000000000e+03,2.051093100463081242e+00
2.622000000000000000e+03,1.991566569771292095e+00
2.623000000000000000e+03,1.780398671777585484e+00
2.624000000000000000e+03,2.369844829575458167e+00
2.625000000000000000e+03,2.386132324863218912e+00
2.626000000000000000e+03,2.177678268124614736e+00
2.627000000000000000e+03,1.936329024997698323e+00
2.628000000000000000e+03,2.209378828741969336e+00
2.629000000000000000e+03,2.338375725362250801e+00
2.630000000000000000e+03,2.366047757518684236e+00
2.631000000000000000e+03,2.459421299071564260e+00
2.632000000000000000e+03,2.276834885860588464e+00
2.633000000000000000e+03,2.282061343248458218e+00
2.634000000000000000e+03,2.483402753953567021e+00
2.635000000000000000e+03,2.297323708090686978e+00
2.636000000000000000e+03,2.314624875310398622e+00
2.637000000000000000e+03,2.352900506109534273e+00
2.638000000000000000e+03,2.434642758276698515e+00
2.639000000000000000e+03,2.362775849283159424e+00
2.640000000000000000e+03,2.445461503517655455e+00
2.641000000000000000e+03,2.273148115293845528e+00
2.642000000000000000e+03,2.064593835617649642e+00
2.643000000000000000e+03,2.410500559183043734e+00
2.644000000000000000e+03,2.374065131964855802e+00
2.645000000000000000e+03,2.421219815594557456e+00
2.646000000000000000e+03,2.334344422046775502e+00
2.647000000000000000e+03,2.137766719769720769e+00
2.648000000000000000e+03,2.330525643197935537e+00
2.649000000000000000e+03,2.530657282193399471e+00
2.650000000000000000e+03,2.303274288992719576e+00
2.651000000000000000e+03,2.018052502067313458e+00
2.652000000000000000e+03,2.259567894508593522e+00
2.653000000000000000e+03,2.293028532090674254e+00
2.654000000000000000e+03,2.827640819316473042e+00
2.655000000000000000e+03,2.303445531371150157e+00
2.656000000000000000e+03,2.270105227783704827e+00
2.657000000000000000e+03,2.258847767979106358e+00
2.658000000000000000e+03,2.225270701653423444e+00
2.659000000000000000e+03,2.650399002465954723e+00
2.660000000000000000e+03,2.665343986237477925e+00
2.661000000000000000e+03,2.695926891544345505e+00
2.662000000000000000e+03,2.526565356452037392e+00
2.663000000000000000e+03,2.657501068430752511e+00
2.664000000000000000e+03,2.680887064298175027e+00
2.665000000000000000e+03,2.754832058726905952e+00
2.666000000000000000e+03,2.629886320597392135e+00
2.667000000000000000e+03,2.549750163256755631e+00
2.668000000000000000e+03,2.742550810637964354e+00
2.669000000000000000e+03,2.791959402417495184e+00
2.670000000000000000e+03,2.900959990666833743e+00
2.671000000000000000e+03,2.472987877468810769e+00
2.672000000000000000e+03,2.492854741499688220e+00
2.673000000000000000e+03,2.650031881147941082e+00
2.674000000000000000e+03,2.647853317397238726e+00
2.675000000000000000e+03,2.813375473596021692e+00
2.676000000000000000e+03,2.635906662064137151e+00
2.677000000000000000e+03,2.515353671003957459e+00
2.678000000000000000e+03,2.635721319919339223e+00
2.679000000000000000e+03,2.701497572951179649e+00
2.680000000000000000e+03,2.752538027611825200e+00
2.681000000000000000e+03,2.595446258227351422e+00
2.682000000000000000e+03,2.797790604385264057e+00
2.683000000000000000e+03,2.581545621347711261e+00
2.684000000000000000e+03,2.803176247041718749e+00
2.685000000000000000e+03,2.988368696594365659e+00
2.686000000000000000e+03,2.751835806637096038e+00
2.687000000000000000e+03,2.932492770215265221e+00
2.688000000000000000e+03,3.252592798108518313e+00
2.689000000000000000e+03,2.694930998727915750e+00
2.690000000000000000e+03,2.874097590710749550e+00
2.691000000000000000e+03,2.493146743535530785e+00
2.692000000000000000e+03,2.516626903276519389e+00
2.693000000000000000e+03,2.160267243058662245e+00
2.694000000000000000e+03,2.719974856456808254e+00
2.695000000000000000e+03,2.605903401850544476e+00
2.696000000000000000e+03,2.473625250990700852e+00
2.697000000000000000e+03,2.534655448943367695e+00
2.698000000000000000e+03,2.545482463681252305e+00
2.699000000000000000e+03,2.528250082363954210e+00
2.700000000000000000e+03,2.707484019318660007e+00
2.701000000000000000e+03,2.688584832517224132e+00
2.702000000000000000e+03,2.552442375004714936e+00
2.703000000000000000e+03,2.670370805083170485e+00
2.704000000000000000e+03,2.717023687824972722e+00
2.705000000000000000e+03,2.717627601267045723e+00
2.706000000000000000e+03,2.557561517925947658e+00
2.707000000000000000e+03,2.629414625757167112e+00
2.708000000000000000e+03,2.402824306464618864e+00
2.709000000000000000e+03,2.612360920648928886e+00
2.710000000000000000e+03,2.612863315296348965e+00
2.711000000000000000e+03,2.394714793879289427e+00
2.712000000000000000e+03,2.475384645295345631e+00
2.713000000000000000e+03,2.438606618260123149e+00
2.714000000000000000e+03,2.388299232653693149e+00
2.715000000000000000e+03,2.322513418245298222e+00
2.716000000000000000e+03,2.219130119736895779e+00
2.717000000000000000e+03,2.174822214264567233e+00
2.718000000000000000e+03,2.330641615696550595e+00
2.719000000000000000e+03,2.406291403417195163e+00
2.720000000000000000e+03,2.339591142882979646e+00
2.721000000000000000e+03,2.220423767838648921e+00
2.722000000000000000e+03,2.158306172744987705e+00
2.723000000000000000e+03,2.243111152387013529e+00
2.724000000000000000e+03,2.347874843518020782e+00
2.725000000000000000e+03,2.404312649666383805e+00
2.726000000000000000e+03,2.293932244713965840e+00
2.727000000000000000e+03,2.198576148659896035e+00
2.728000000000000000e+03,2.331284062993741912e+00
2.729000000000000000e+03,2.077476453111219978e+00
2.730000000000000000e+03,2.459554158333391083e+00
2.731000000000000000e+03,2.208143878349731803e+00
2.732000000000000000e+03,2.061788430540156813e+00
2.733000000000000000e+03,2.187215337472358190e+00
2.734000000000000000e+03,2.303215190131951751e+00
2.735000000000000000e+03,2.379224853781456428e+00
2.736000000000000000e+03,2.311667422598377986e+00
2.737000000000000000e+03,2.225305268781303525e+00
2.738000000000000000e+03,2.170777988152214011e+00
2.739000000000000000e+03,2.565557033714214619e+00
2.740000000000000000e+03,2.430685554932251247e+00
2.741000000000000000e+03,2.259611921740297458e+00
2.742000000000000000e+03,2.193068943648411651e+00
2.743000000000000000e+03,2.208346368932355031e+00
2.744000000000000000e+03,2.371696850347220664e+00
2.745000000000000000e+03,2.399933911422093225e+00
2.746000000000000000e+03,2.217821489748102337e+00
2.747000000000000000e+03,2.103371057583887094e+00
2.748000000000000000e+03,1.971953936015871323e+00
2.749000000000000000e+03,2.413158757821875611e+00
2.750000000000000000e+03,2.445566864390604778e+00
2.751000000000000000e+03,2.324072992684361960e+00
2.752000000000000000e+03,1.714680020096115420e+00
2.753000000000000000e+03,2.310784874394798738e+00
2.754000000000000000e+03,2.264909311595330710e+00
2.755000000000000000e+03,2.320244597688958965e+00
2.756000000000000000e+03,2.090159386226954297e+00
2.757000000000000000e+03,2.134491148884544831e+00
2.758000000000000000e+03,2.265558636284350502e+00
2.759000000000000000e+03,2.211378853769001562e+00
2.760000000000000000e+03,2.257561794747161343e+00
2.761000000000000000e+03,2.166886132468693216e+00
2.762000000000000000e+03,2.072387863093154259e+00
2.763000000000000000e+03,2.260865900050017530e+00
2.764000000000000000e+03,2.429841939464530753e+00
2.765000000000000000e+03,2.369522457707958107e+00
2.766000000000000000e+03,2.559068433856690028e+00
2.767000000000000000e+03,2.130249341797572971e+00
2.768000000000000000e+03,2.215732628852342234e+00
2.769000000000000000e+03,2.494162984669909378e+00
2.770000000000000000e+03,2.292073906499282554e+00
2.771000000000000000e+03,2.180518407346280441e+00
2.772000000000000000e+03,2.123798901983890985e+00
2.773000000000000000e+03,2.220609296139404609e+00
2.774000000000000000e+03,2.314502488411858572e+00
2.775000000000000000e+03,2.358026019322746691e+00
2.776000000000000000e+03,2.304967965788869311e+00
2.777000000000000000e+03,2.040384015337675994e+00
2.778000000000000000e+03,2.301101330402381073e+00
2.779000000000000000e+03,2.609086625213994370e+00
2.780000000000000000e+03,2.724187775047810511e+00
2.781000000000000000e+03,2.660996039159525317e+00
2.782000000000000000e+03,2.309088543922439563e+00
2.783000000000000000e+03,2.536090620347525970e+00
2.784000000000000000e+03,2.760156553609478980e+00
2.785000000000000000e+03,2.674600709449035385e+00
2.786000000000000000e+03,2.740265261552093712e+00
2.787000000000000000e+03,2.578417020419211170e+00
2.788000000000000000e+03,2.760109330268274430e+00
2.789000000000000000e+03,2.794589782444135029e+00
2.790000000000000000e+03,2.741620712048232100e+00
2.791000000000000000e+03,2.631555892079751491e+00
2.792000000000000000e+03,2.691535871925733403e+00
2.793000000000000000e+03,2.587286546000281628e+00
2.794000000000000000e+03,2.915720681450195251e+00
2.795000000000000000e+03,2.469002912839973085e+00
2.796000000000000000e+03,2.360852589044095673e+00
2.797000000000000000e+03,2.522557565838129179e+00
2.798000000000000000e+03,2.292132861968834145e+00
2.799000000000000000e+03,2.265088210586922113e+00
2.800000000000000000e+03,2.432260899746144567e+00
2.801000000000000000e+03,2.306169432518220930e+00
2.802000000000000000e+03,2.392569816581270103e+00
2.803000000000000000e+03,2.058495073219255289e+00
2.804000000000000000e+03,2.745750578197656999e+00
2.805000000000000000e+03,2.318267883438243970e+00
2.806000000000000000e+03,2.101887990868125389e+00
2.807000000000000000e+03,1.894755412976624642e+00
2.808000000000000000e+03,2.198413406287872629e+00
2.809000000000000000e+03,2.602334257045934240e+00
2.810000000000000000e+03,1.982791568557806139e+00
2.811000000000000000e+03,1.999130058708141755e+00
2.812000000000000000e+03,1.930528976025703836e+00
2.813000000000000000e+03,2.049278308094788947e+00
2.814000000000000000e+03,2.163479511364040597e+00
2.815000000000000000e+03,2.024175162931310723e+00
2.816000000000000000e+03,1.936000993572294826e+00
2.817000000000000000e+03,1.745680352505735611e+00
2.818000000000000000e+03,1.798311431516269154e+00
2.819000000000000000e+03,1.959422821064484843e+00
