0.000000000000000000e+00,7.651667872067784149e-02
1.000000000000000000e+00,-1.821050897550119396e-01
2.000000000000000000e+00,1.192367149315843727e-01
3.000000000000000000e+00,2.556270386811129169e-01
4.000000000000000000e+00,5.622452456622618194e-02
5.000000000000000000e+00,8.896903980870576878e-03
6.000000000000000000e+00,3.205265896252457170e-02
7.000000000000000000e+00,2.105691368788109030e-01
8.000000000000000000e+00,2.578766550185129236e-01
9.000000000000000000e+00,1.514013589855305597e-01
1.000000000000000000e+01,-1.395278345474827708e-02
1.100000000000000000e+01,-1.170573398891500139e-02
1.200000000000000000e+01,1.992926601942296427e-01
1.300000000000000000e+01,1.976918318770506111e-01
1.400000000000000000e+01,1.369718619073856947e-01
1.500000000000000000e+01,5.428739077363470972e-02
1.600000000000000000e+01,-1.602883262336597670e-02
1.700000000000000000e+01,1.033365253049050858e-01
1.800000000000000000e+01,1.557179740030810167e-01
1.900000000000000000e+01,2.387317567761451098e-01
2.000000000000000000e+01,2.968717785555743394e-01
2.100000000000000000e+01,4.306161490967186367e-01
2.200000000000000000e+01,2.857152352902501691e-01
2.300000000000000000e+01,-4.916463862221917558e-02
2.400000000000000000e+01,3.429764202729775890e-01
2.500000000000000000e+01,1.257921728392861760e-01
2.600000000000000000e+01,2.281863617349146334e-01
2.700000000000000000e+01,1.754967851447832849e-01
2.800000000000000000e+01,2.107690641791294395e-01
2.900000000000000000e+01,2.586273693596389256e-01
3.000000000000000000e+01,2.049710780253059250e-01
3.100000000000000000e+01,2.026275542627432036e-01
3.200000000000000000e+01,8.454803195532270554e-02
3.300000000000000000e+01,1.716280485374288012e-01
3.400000000000000000e+01,2.259142407651865692e-01
3.500000000000000000e+01,2.620239715087538945e-01
3.600000000000000000e+01,2.329503620471854441e-01
3.700000000000000000e+01,1.563274034009060620e-01
3.800000000000000000e+01,1.374323309818987759e-01
3.900000000000000000e+01,3.462536004840258697e-01
4.000000000000000000e+01,3.404620707455568995e-01
4.100000000000000000e+01,1.814135518548400661e-01
4.200000000000000000e+01,1.322621456273352647e-01
4.300000000000000000e+01,1.063852840973363856e-01
4.400000000000000000e+01,3.188075445471927338e-01
4.500000000000000000e+01,3.475327681617946252e-01
4.600000000000000000e+01,2.523842558044654405e-01
4.700000000000000000e+01,7.667664087713282894e-02
4.800000000000000000e+01,-8.196042555362817450e-02
4.900000000000000000e+01,-1.520607675982019458e-01
5.000000000000000000e+01,-5.150344904730072559e-02
5.100000000000000000e+01,-8.720647180150578603e-02
5.200000000000000000e+01,-2.867888655398120878e-01
5.300000000000000000e+01,-1.612352014981021653e-01
5.400000000000000000e+01,-1.940656626203782209e-01
5.500000000000000000e+01,1.233411053019733972e-02
5.600000000000000000e+01,-2.101925871883870978e-02
5.700000000000000000e+01,-1.615944723919013337e-01
5.800000000000000000e+01,-2.237752537758553595e-01
5.900000000000000000e+01,-2.407663829883628925e-01
6.000000000000000000e+01,-1.682863101594319066e-01
6.100000000000000000e+01,-4.451876795721289304e-02
6.200000000000000000e+01,-1.087480745432142792e-01
6.300000000000000000e+01,-4.670790545805547644e-01
6.400000000000000000e+01,-1.487519988737521781e-01
6.500000000000000000e+01,-3.582669653221980388e-01
6.600000000000000000e+01,-3.028523475164533740e-02
6.700000000000000000e+01,-6.350439132394362918e-02
6.800000000000000000e+01,-3.363051863284333143e-01
6.900000000000000000e+01,-3.658241416491002651e-01
7.000000000000000000e+01,-1.333782576167382161e-01
7.100000000000000000e+01,-1.059344088348237317e-01
7.200000000000000000e+01,-3.765581921565439028e-02
7.300000000000000000e+01,-1.405311985782259632e-01
7.400000000000000000e+01,-2.607388229883315645e-01
7.500000000000000000e+01,-1.075003830987378284e-01
7.600000000000000000e+01,1.429186413205893735e-01
7.700000000000000000e+01,-2.448815431774251095e-01
7.800000000000000000e+01,-3.242289892507421722e-01
7.900000000000000000e+01,-1.237755990890101881e-01
8.000000000000000000e+01,-1.033318054437554756e-01
8.100000000000000000e+01,-1.398627960806955450e-01
8.200000000000000000e+01,-4.266190039650916144e-02
8.300000000000000000e+01,7.097994205030719664e-03
8.400000000000000000e+01,-1.057419705786446784e-01
8.500000000000000000e+01,-1.303506287407414088e-01
8.600000000000000000e+01,8.560474617620876525e-03
8.700000000000000000e+01,8.844321231512349002e-02
8.800000000000000000e+01,-1.079095032742312665e-01
8.900000000000000000e+01,-4.304679741275682647e-02
9.000000000000000000e+01,-3.145620708990309322e-01
9.100000000000000000e+01,-6.667890631447184746e-02
9.200000000000000000e+01,-3.928639523725040161e-02
9.300000000000000000e+01,9.510211395429039871e-02
9.400000000000000000e+01,1.920594768316897794e-01
9.500000000000000000e+01,-1.621275489938450165e-01
9.600000000000000000e+01,1.827894558804114000e-01
9.700000000000000000e+01,2.571970158696569586e-02
9.800000000000000000e+01,7.571166112288181538e-02
9.900000000000000000e+01,-5.778426624494874264e-02
1.000000000000000000e+02,-1.802499303432463229e-01
1.010000000000000000e+02,-1.395758521767987426e-01
1.020000000000000000e+02,5.149853429447055764e-02
1.030000000000000000e+02,-4.572224261782309451e-02
1.040000000000000000e+02,-6.944619335048035635e-02
1.050000000000000000e+02,-1.077936303826447229e-01
1.060000000000000000e+02,-1.469774042964115401e-01
1.070000000000000000e+02,-1.659193727500453130e-01
1.080000000000000000e+02,-1.322867583512311040e-01
1.090000000000000000e+02,-1.343920482185377574e-01
1.100000000000000000e+02,-1.490032364322162461e-01
1.110000000000000000e+02,-1.873838527505815588e-01
1.120000000000000000e+02,-1.739511242507447153e-01
1.130000000000000000e+02,-2.640813983450832070e-01
1.140000000000000000e+02,-1.478139212347143183e-02
1.150000000000000000e+02,-2.632259462184561860e-01
1.160000000000000000e+02,-4.084696103965602676e-01
1.170000000000000000e+02,-4.242066743528918327e-01
1.180000000000000000e+02,-1.779876533603000632e-01
1.190000000000000000e+02,-1.507818975049583510e-01
1.200000000000000000e+02,-2.920291432763406636e-01
1.210000000000000000e+02,-3.121633791992838303e-01
1.220000000000000000e+02,-3.272213819391167622e-01
1.230000000000000000e+02,-2.004594078185488459e-01
1.240000000000000000e+02,-1.238450622888061375e-01
1.250000000000000000e+02,-2.525706356597441360e-01
1.260000000000000000e+02,-4.534402769280981849e-01
1.270000000000000000e+02,-1.726986703542302271e-01
1.280000000000000000e+02,-1.541430805693143613e-01
1.290000000000000000e+02,-4.349272845955773348e-02
1.300000000000000000e+02,-9.982599290365876121e-02
1.310000000000000000e+02,-4.918677245216162008e-01
1.320000000000000000e+02,-3.805507674778157989e-01
1.330000000000000000e+02,-1.171204265718154836e-01
1.340000000000000000e+02,-7.756703715432428092e-02
1.350000000000000000e+02,-1.915587919078153567e-01
1.360000000000000000e+02,-2.640900358928369718e-01
1.370000000000000000e+02,-2.004706724228057235e-01
1.380000000000000000e+02,-1.606103514130907128e-01
1.390000000000000000e+02,-7.485688394171742532e-02
1.400000000000000000e+02,-1.808632599507544458e-01
1.410000000000000000e+02,-9.520038451734080809e-02
1.420000000000000000e+02,-4.380470374805931488e-01
1.430000000000000000e+02,6.356785802429720800e-02
1.440000000000000000e+02,-1.406712005684199185e-01
1.450000000000000000e+02,8.436795671449502654e-02
1.460000000000000000e+02,1.675275119920873190e-01
1.470000000000000000e+02,-8.834734598145729811e-02
1.480000000000000000e+02,-1.712290944444654905e-01
1.490000000000000000e+02,7.319600093758402148e-02
1.500000000000000000e+02,3.780508814450347921e-02
1.510000000000000000e+02,3.170326651757278125e-01
1.520000000000000000e+02,1.673744679039719518e-01
1.530000000000000000e+02,4.804155663291149736e-01
1.540000000000000000e+02,3.087510908684459876e-01
1.550000000000000000e+02,3.564875114782119492e-01
1.560000000000000000e+02,1.303220745205148634e-01
1.570000000000000000e+02,1.234099010613499414e-01
1.580000000000000000e+02,1.057501225097882136e-01
1.590000000000000000e+02,1.341748115652877105e-01
1.600000000000000000e+02,3.100532498205067489e-01
1.610000000000000000e+02,5.445878107876098717e-01
1.620000000000000000e+02,2.558064480771696236e-01
1.630000000000000000e+02,1.013323251379508461e-01
1.640000000000000000e+02,1.026455408598550278e-01
1.650000000000000000e+02,2.420772613150842245e-01
1.660000000000000000e+02,3.366999185392201555e-01
1.670000000000000000e+02,2.487183988496745324e-01
1.680000000000000000e+02,1.984971515977588530e-01
1.690000000000000000e+02,-1.852119915387692717e-01
1.700000000000000000e+02,7.172917453895732987e-02
1.710000000000000000e+02,3.326685307964279970e-01
1.720000000000000000e+02,2.943706012561904117e-01
1.730000000000000000e+02,4.858282794714763875e-01
1.740000000000000000e+02,3.803985247391460378e-01
1.750000000000000000e+02,5.393611871677900238e-01
1.760000000000000000e+02,2.595508919756476240e-01
1.770000000000000000e+02,2.222483801058275921e-01
1.780000000000000000e+02,1.764193620123635231e-01
1.790000000000000000e+02,7.456260675697390372e-02
1.800000000000000000e+02,-1.443602725393746122e-01
1.810000000000000000e+02,1.202236766582439054e-01
1.820000000000000000e+02,2.322393877859346700e-01
1.830000000000000000e+02,-3.360243206225155266e-02
1.840000000000000000e+02,-8.067458031945184960e-02
1.850000000000000000e+02,-5.111880476474406354e-02
1.860000000000000000e+02,2.595999839090651351e-02
1.870000000000000000e+02,1.975398987911943793e-01
1.880000000000000000e+02,-9.868761945449389117e-03
1.890000000000000000e+02,1.033224792409495607e-01
1.900000000000000000e+02,-4.056705983408481764e-02
1.910000000000000000e+02,7.013581912654542894e-02
1.920000000000000000e+02,1.494647955749038859e-01
1.930000000000000000e+02,1.085630096747761120e-01
1.940000000000000000e+02,-5.811119533184130881e-02
1.950000000000000000e+02,-1.112540328597052541e-01
1.960000000000000000e+02,-9.903997500617750527e-02
1.970000000000000000e+02,6.640849443638278948e-02
1.980000000000000000e+02,-1.503260373042460130e-02
1.990000000000000000e+02,5.476764295505517910e-03
2.000000000000000000e+02,-1.453320726610045632e-01
2.010000000000000000e+02,-8.745958451501868736e-02
2.020000000000000000e+02,-1.545432202254100051e-01
2.030000000000000000e+02,-1.635376693815950855e-01
2.040000000000000000e+02,-5.327908384019850452e-01
2.050000000000000000e+02,-4.303487909813135670e-01
2.060000000000000000e+02,-4.715334745207231948e-01
2.070000000000000000e+02,-1.729028175221244412e-01
2.080000000000000000e+02,-2.063602745938998839e-01
2.090000000000000000e+02,-2.705059711448667414e-01
2.100000000000000000e+02,-3.941155935499841556e-01
2.110000000000000000e+02,-4.254950956742308277e-01
2.120000000000000000e+02,-2.036790363894292466e-01
2.130000000000000000e+02,-1.390796031316566816e-01
2.140000000000000000e+02,-4.012556565407677800e-01
2.150000000000000000e+02,-3.387488266958141869e-01
2.160000000000000000e+02,-2.846271491163298029e-01
2.170000000000000000e+02,-2.792195186633521509e-01
2.180000000000000000e+02,-3.193661572976868035e-01
2.190000000000000000e+02,-3.964007821021226508e-01
2.200000000000000000e+02,-8.134561832578464102e-01
2.210000000000000000e+02,-8.768929071650670704e-01
2.220000000000000000e+02,-8.024612333702716427e-01
2.230000000000000000e+02,-6.052794670712449143e-01
2.240000000000000000e+02,-7.715031081154806181e-01
2.250000000000000000e+02,-6.270632096299905145e-01
2.260000000000000000e+02,-9.955575432752634679e-01
2.270000000000000000e+02,-8.212229710456437903e-01
2.280000000000000000e+02,-5.506477892288249576e-01
2.290000000000000000e+02,-5.396464235220896910e-01
2.300000000000000000e+02,-6.761136946233820000e-01
2.310000000000000000e+02,-8.240818642530589599e-01
2.320000000000000000e+02,-7.348041423690530038e-01
2.330000000000000000e+02,-6.383855634542549007e-01
2.340000000000000000e+02,-4.927681904415276426e-01
2.350000000000000000e+02,-3.218602242676943392e-01
2.360000000000000000e+02,-4.536026375328504057e-01
2.370000000000000000e+02,-5.065926131978977232e-01
2.380000000000000000e+02,-4.134826127860967149e-01
2.390000000000000000e+02,-7.190178181182049766e-02
2.400000000000000000e+02,-1.963123004344355382e-01
2.410000000000000000e+02,-4.096610468579875985e-01
2.420000000000000000e+02,-3.084572422261253055e-01
2.430000000000000000e+02,-6.081558999783611696e-01
2.440000000000000000e+02,-2.756450666014038653e-01
2.450000000000000000e+02,-3.563610839517453721e-01
2.460000000000000000e+02,-5.061934935979132133e-01
2.470000000000000000e+02,-3.860190934990044287e-01
2.480000000000000000e+02,-7.247888628633749608e-01
2.490000000000000000e+02,1.333990623045724910e-02
2.500000000000000000e+02,2.597434724143615203e-01
2.510000000000000000e+02,3.161361899359734773e-01
2.520000000000000000e+02,-1.108010295463755235e-01
2.530000000000000000e+02,-7.991384301800280587e-02
2.540000000000000000e+02,4.076910587080949389e-02
2.550000000000000000e+02,2.095949194569910190e-01
2.560000000000000000e+02,2.790967087172008809e-01
2.570000000000000000e+02,1.401935731862140599e-01
2.580000000000000000e+02,5.552935458892831189e-02
2.590000000000000000e+02,-2.213778223700083037e-02
2.600000000000000000e+02,2.165346717468108473e-01
2.610000000000000000e+02,-1.941457196762469972e-01
2.620000000000000000e+02,-7.972872462122404524e-02
2.630000000000000000e+02,-4.063976884033122516e-01
2.640000000000000000e+02,-3.584347131762884997e-01
2.650000000000000000e+02,-1.262297961571504923e-01
2.660000000000000000e+02,9.946630323638402937e-02
2.670000000000000000e+02,-3.342522770272152721e-01
2.680000000000000000e+02,-3.428436938022686453e-01
2.690000000000000000e+02,-2.027896109831270055e-01
2.700000000000000000e+02,-1.967986089073901768e-01
2.710000000000000000e+02,-1.427992363243008322e-01
2.720000000000000000e+02,-4.613013392431111748e-02
2.730000000000000000e+02,-3.979184881684844077e-01
2.740000000000000000e+02,-2.598864420935907971e-01
2.750000000000000000e+02,-1.636281305550841558e-01
2.760000000000000000e+02,-3.457838351268669452e-01
2.770000000000000000e+02,1.759140737915651787e-01
2.780000000000000000e+02,-1.526216823436394587e-01
2.790000000000000000e+02,-2.161595092077202296e-01
2.800000000000000000e+02,1.893455864338214334e-02
2.810000000000000000e+02,-1.744154983470605214e-01
2.820000000000000000e+02,-3.011566523060067446e-01
2.830000000000000000e+02,1.940253275195966132e-02
2.840000000000000000e+02,-2.491799016506375808e-01
2.850000000000000000e+02,-1.304732701308232434e-01
2.860000000000000000e+02,6.103142662042157496e-02
2.870000000000000000e+02,6.077925532315417434e-02
2.880000000000000000e+02,5.487744135178609373e-01
2.890000000000000000e+02,1.021579871770410264e-01
2.900000000000000000e+02,-2.464679437748819590e-01
2.910000000000000000e+02,5.875374073874609637e-01
2.920000000000000000e+02,2.986538347880444144e-01
2.930000000000000000e+02,6.790871686323201040e-01
2.940000000000000000e+02,4.818794345971724180e-01
2.950000000000000000e+02,4.146593218727493424e-01
2.960000000000000000e+02,3.917996306611370994e-01
2.970000000000000000e+02,7.657283509896303242e-01
2.980000000000000000e+02,4.076792438930616491e-01
2.990000000000000000e+02,5.833640599938914040e-01
3.000000000000000000e+02,3.010524780315704807e-01
3.010000000000000000e+02,7.094057770588546585e-01
3.020000000000000000e+02,5.716218441749083556e-01
3.030000000000000000e+02,7.855965021933937198e-01
3.040000000000000000e+02,5.327776371008542400e-01
3.050000000000000000e+02,4.848838519532491231e-01
3.060000000000000000e+02,4.964819352517006457e-01
3.070000000000000000e+02,7.412145134937841995e-01
3.080000000000000000e+02,5.758811017717282432e-01
3.090000000000000000e+02,6.025118219461614855e-01
3.100000000000000000e+02,4.875252910341117962e-01
3.110000000000000000e+02,8.617884250771006283e-01
3.120000000000000000e+02,9.954784838288726068e-01
3.130000000000000000e+02,9.277250936648742119e-01
3.140000000000000000e+02,6.674106749627641832e-01
3.150000000000000000e+02,7.833982415367604091e-01
3.160000000000000000e+02,4.143979273252545448e-01
3.170000000000000000e+02,6.763826245277407834e-01
3.180000000000000000e+02,8.755037187822654055e-01
3.190000000000000000e+02,1.099216569686263689e+00
3.200000000000000000e+02,5.373156673201064937e-01
3.210000000000000000e+02,6.155953411982042489e-01
3.220000000000000000e+02,9.253188162231547054e-01
3.230000000000000000e+02,7.192877470907486082e-01
3.240000000000000000e+02,8.285262114777343090e-01
3.250000000000000000e+02,8.006249672386868133e-01
3.260000000000000000e+02,4.126116740084042611e-01
3.270000000000000000e+02,7.146213530701704952e-01
3.280000000000000000e+02,5.276977080556493060e-01
3.290000000000000000e+02,7.185003713822876170e-01
3.300000000000000000e+02,8.455622281225623205e-01
3.310000000000000000e+02,9.249036137157794490e-01
3.320000000000000000e+02,6.778696335721312582e-01
3.330000000000000000e+02,6.088942199273280620e-01
3.340000000000000000e+02,8.914637694124706302e-01
3.350000000000000000e+02,4.764755575559398437e-01
3.360000000000000000e+02,8.957188794867244619e-01
3.370000000000000000e+02,4.866055491231382479e-01
3.380000000000000000e+02,8.812036714957539596e-01
3.390000000000000000e+02,8.341403735489162363e-01
3.400000000000000000e+02,1.090685010142793177e+00
3.410000000000000000e+02,8.635475284136088225e-01
3.420000000000000000e+02,7.543433690483690723e-01
3.430000000000000000e+02,7.693705606514055217e-01
3.440000000000000000e+02,8.673960500767464721e-01
3.450000000000000000e+02,1.093523244276992656e+00
3.460000000000000000e+02,9.825010145157329067e-01
3.470000000000000000e+02,8.497901255935009779e-01
3.480000000000000000e+02,7.243086611005429276e-01
3.490000000000000000e+02,1.216018498285085236e+00
3.500000000000000000e+02,1.210302744064433611e+00
3.510000000000000000e+02,1.239671282532817553e+00
3.520000000000000000e+02,1.125462937048705703e+00
3.530000000000000000e+02,7.140365206555704392e-01
3.540000000000000000e+02,1.072584773280033987e+00
3.550000000000000000e+02,1.103929813630965651e+00
3.560000000000000000e+02,1.006281828974192161e+00
3.570000000000000000e+02,9.700265674674317662e-01
3.580000000000000000e+02,9.409577792727996659e-01
3.590000000000000000e+02,8.323636051738655395e-01
3.600000000000000000e+02,1.296153513257776169e+00
3.610000000000000000e+02,1.114934636947110480e+00
3.620000000000000000e+02,7.715556627441447768e-01
3.630000000000000000e+02,9.242378836526994323e-01
3.640000000000000000e+02,1.056318143868048676e+00
3.650000000000000000e+02,1.300148408630166896e+00
3.660000000000000000e+02,1.220568348337540465e+00
3.670000000000000000e+02,1.440621321983049929e+00
3.680000000000000000e+02,1.075024097026796577e+00
3.690000000000000000e+02,1.226385287427947057e+00
3.700000000000000000e+02,1.302317140119533034e+00
3.710000000000000000e+02,1.218364566848590957e+00
3.720000000000000000e+02,1.345781613018464773e+00
3.730000000000000000e+02,1.196482524863968777e+00
3.740000000000000000e+02,1.185252706619351448e+00
3.750000000000000000e+02,1.196992306081840374e+00
3.760000000000000000e+02,1.223489564442914457e+00
3.770000000000000000e+02,1.379876792940007313e+00
3.780000000000000000e+02,1.298531321163015617e+00
3.790000000000000000e+02,1.290597134854427397e+00
3.800000000000000000e+02,1.200862993305410020e+00
3.810000000000000000e+02,1.583245345620502897e+00
3.820000000000000000e+02,1.602685530342787823e+00
3.830000000000000000e+02,1.749434461721938394e+00
3.840000000000000000e+02,1.501367590088303228e+00
3.850000000000000000e+02,1.490849316558277460e+00
3.860000000000000000e+02,1.821834708418040405e+00
3.870000000000000000e+02,1.703317179092300737e+00
3.880000000000000000e+02,1.876748640939879698e+00
3.890000000000000000e+02,1.947524881781010686e+00
3.900000000000000000e+02,1.536566152412928155e+00
3.910000000000000000e+02,1.523059027966342960e+00
3.920000000000000000e+02,1.716632675299960331e+00
3.930000000000000000e+02,2.009214214688028743e+00
3.940000000000000000e+02,1.750771865317490850e+00
3.950000000000000000e+02,1.584524562918410595e+00
3.960000000000000000e+02,1.732883085641884424e+00
3.970000000000000000e+02,1.680243840380768683e+00
3.980000000000000000e+02,1.760154236833518571e+00
3.990000000000000000e+02,1.664018219255324338e+00
4.000000000000000000e+02,1.534812772743342491e+00
4.010000000000000000e+02,1.821961519193048273e+00
4.020000000000000000e+02,1.727664598328184198e+00
4.030000000000000000e+02,2.082895759034296912e+00
4.040000000000000000e+02,2.004637777704792789e+00
4.050000000000000000e+02,1.938885083915951713e+00
4.060000000000000000e+02,1.605587123768875468e+00
4.070000000000000000e+02,1.933629409902971386e+00
4.080000000000000000e+02,2.024902078192222010e+00
4.090000000000000000e+02,2.005929233066608308e+00
4.100000000000000000e+02,1.449504661632375235e+00
4.110000000000000000e+02,1.829800213694901201e+00
4.120000000000000000e+02,1.784910966075808014e+00
4.130000000000000000e+02,1.890513943503955963e+00
4.140000000000000000e+02,1.886746897342271634e+00
4.150000000000000000e+02,1.932300048605032572e+00
4.160000000000000000e+02,1.755239613482228567e+00
4.170000000000000000e+02,1.959241665717438075e+00
4.180000000000000000e+02,2.193150496360743329e+00
4.190000000000000000e+02,1.909918587016568692e+00
4.200000000000000000e+02,1.871309663242752164e+00
4.210000000000000000e+02,1.799429824474395145e+00
4.220000000000000000e+02,1.833919547178985088e+00
4.230000000000000000e+02,2.249404032142937826e+00
4.240000000000000000e+02,2.327402841952894263e+00
4.250000000000000000e+02,2.136109244958639852e+00
4.260000000000000000e+02,2.120327829578051659e+00
4.270000000000000000e+02,2.251499642407465807e+00
4.280000000000000000e+02,2.227452771350756588e+00
4.290000000000000000e+02,2.032010588732192424e+00
4.300000000000000000e+02,2.059800005446939419e+00
4.310000000000000000e+02,2.025133737986597904e+00
4.320000000000000000e+02,1.977259418502590682e+00
4.330000000000000000e+02,2.214496314124549059e+00
4.340000000000000000e+02,2.452439433659191703e+00
4.350000000000000000e+02,2.226759263968715263e+00
4.360000000000000000e+02,2.262576542878582675e+00
4.370000000000000000e+02,2.161860783042099499e+00
4.380000000000000000e+02,2.409123439720652460e+00
4.390000000000000000e+02,2.174550558601964667e+00
4.400000000000000000e+02,2.613205109061092823e+00
4.410000000000000000e+02,1.929637885502792471e+00
4.420000000000000000e+02,1.967996387044378626e+00
4.430000000000000000e+02,1.943681159856025742e+00
4.440000000000000000e+02,2.066029626628939297e+00
4.450000000000000000e+02,2.158080204464795315e+00
4.460000000000000000e+02,1.900605552014101196e+00
4.470000000000000000e+02,1.825422546310450533e+00
4.480000000000000000e+02,2.008530855112240054e+00
4.490000000000000000e+02,2.225068164085512556e+00
4.500000000000000000e+02,1.851405540020618856e+00
4.510000000000000000e+02,2.221044103080549892e+00
4.520000000000000000e+02,1.823082256195801998e+00
4.530000000000000000e+02,1.876211912682506089e+00
4.540000000000000000e+02,2.070941962033466588e+00
4.550000000000000000e+02,2.162267497265769833e+00
4.560000000000000000e+02,2.222756547225380075e+00
4.570000000000000000e+02,1.642303001302281684e+00
4.580000000000000000e+02,1.982442256582634954e+00
4.590000000000000000e+02,1.809545914220923812e+00
4.600000000000000000e+02,2.121975716835777348e+00
4.610000000000000000e+02,2.192192976724554931e+00
4.620000000000000000e+02,2.158438141220484496e+00
4.630000000000000000e+02,1.927078849835059726e+00
4.640000000000000000e+02,1.949479942885455008e+00
4.650000000000000000e+02,1.974113174211819643e+00
4.660000000000000000e+02,2.306414246376631283e+00
4.670000000000000000e+02,1.774671514122509119e+00
4.680000000000000000e+02,1.953193608413703819e+00
4.690000000000000000e+02,1.992239552431039229e+00
4.700000000000000000e+02,2.186816447308289835e+00
4.710000000000000000e+02,2.032329321190754712e+00
4.720000000000000000e+02,2.339957344187062915e+00
4.730000000000000000e+02,1.967037570426635407e+00
4.740000000000000000e+02,2.168074431545319314e+00
4.750000000000000000e+02,2.166632304021387068e+00
4.760000000000000000e+02,2.503607570254176018e+00
4.770000000000000000e+02,2.529280378873727475e+00
4.780000000000000000e+02,2.431778229724780527e+00
4.790000000000000000e+02,2.183462405466954248e+00
4.800000000000000000e+02,2.296528561345450026e+00
4.810000000000000000e+02,2.515480645358481926e+00
4.820000000000000000e+02,2.399759872033219832e+00
4.830000000000000000e+02,2.409792676960979207e+00
4.840000000000000000e+02,2.090370535366018689e+00
4.850000000000000000e+02,2.437133571419028311e+00
4.860000000000000000e+02,2.320138530484034067e+00
4.870000000000000000e+02,2.369271655426922862e+00
4.880000000000000000e+02,2.258953324160410503e+00
4.890000000000000000e+02,2.573388971109471512e+00
4.900000000000000000e+02,2.510316627582268367e+00
4.910000000000000000e+02,2.491870929979685290e+00
4.920000000000000000e+02,2.644045820232093558e+00
4.930000000000000000e+02,2.511087807566318553e+00
4.940000000000000000e+02,2.450993193255315283e+00
4.950000000000000000e+02,2.472742382981797160e+00
4.960000000000000000e+02,2.337559139709151523e+00
4.970000000000000000e+02,2.486391498357041208e+00
4.980000000000000000e+02,2.642007579639321424e+00
4.990000000000000000e+02,2.592336668864951399e+00
5.000000000000000000e+02,2.417611661788377386e+00
5.010000000000000000e+02,2.585181260563919725e+00
5.020000000000000000e+02,2.618137200587930646e+00
5.030000000000000000e+02,2.544715769646597181e+00
5.040000000000000000e+02,2.320007417753501500e+00
5.050000000000000000e+02,2.538444277820877559e+00
5.060000000000000000e+02,2.408817726166212925e+00
5.070000000000000000e+02,2.493105730815999177e+00
5.080000000000000000e+02,2.349796535117397056e+00
5.090000000000000000e+02,2.557523342429082192e+00
5.100000000000000000e+02,2.472589440299954422e+00
5.110000000000000000e+02,2.514060119037081265e+00
5.120000000000000000e+02,2.681506761692650453e+00
5.130000000000000000e+02,2.581442177819966322e+00
5.140000000000000000e+02,2.520992444504102092e+00
5.150000000000000000e+02,2.209040263517570324e+00
5.160000000000000000e+02,2.334165632193746287e+00
5.170000000000000000e+02,2.605616971355632305e+00
5.180000000000000000e+02,2.623968444695742974e+00
5.190000000000000000e+02,2.690779861826633645e+00
5.200000000000000000e+02,2.551130536229206491e+00
5.210000000000000000e+02,2.706068513758923544e+00
5.220000000000000000e+02,2.501689400231335014e+00
5.230000000000000000e+02,2.755052844103738963e+00
5.240000000000000000e+02,2.787231544404570105e+00
5.250000000000000000e+02,2.447736782046487480e+00
5.260000000000000000e+02,2.549000277513486346e+00
5.270000000000000000e+02,2.472995667400009534e+00
5.280000000000000000e+02,2.518072614285733035e+00
5.290000000000000000e+02,2.678171913537747084e+00
5.300000000000000000e+02,2.613002967149891553e+00
5.310000000000000000e+02,2.898805737786123604e+00
5.320000000000000000e+02,2.753840548411487621e+00
5.330000000000000000e+02,2.683211589146850429e+00
5.340000000000000000e+02,2.877782990688908527e+00
5.350000000000000000e+02,2.668267318464343507e+00
5.360000000000000000e+02,2.768072039524089423e+00
5.370000000000000000e+02,2.453976222768781135e+00
5.380000000000000000e+02,2.706670215505984078e+00
5.390000000000000000e+02,2.838802792431605049e+00
5.400000000000000000e+02,2.823972024906466149e+00
5.410000000000000000e+02,2.690857274021398293e+00
5.420000000000000000e+02,2.848147972501960723e+00
5.430000000000000000e+02,2.647921752776202453e+00
5.440000000000000000e+02,3.015930059066431301e+00
5.450000000000000000e+02,3.119830412528424191e+00
5.460000000000000000e+02,2.819654973796285713e+00
5.470000000000000000e+02,2.786208485465715867e+00
5.480000000000000000e+02,2.774106902869984737e+00
5.490000000000000000e+02,2.892171200000829501e+00
5.500000000000000000e+02,3.089215692546309899e+00
5.510000000000000000e+02,3.238535973097263820e+00
5.520000000000000000e+02,2.536417982703779828e+00
5.530000000000000000e+02,2.862012102967117499e+00
5.540000000000000000e+02,2.707025566876610778e+00
5.550000000000000000e+02,3.116853405725626303e+00
5.560000000000000000e+02,3.181933331041779223e+00
5.570000000000000000e+02,3.147505879453441846e+00
5.580000000000000000e+02,3.060740523572726079e+00
5.590000000000000000e+02,2.902310610177913475e+00
5.600000000000000000e+02,3.022015935248051566e+00
5.610000000000000000e+02,3.118820227563154912e+00
5.620000000000000000e+02,3.376024758722952601e+00
5.630000000000000000e+02,3.065058307678274030e+00
5.640000000000000000e+02,3.097379652485725554e+00
5.650000000000000000e+02,3.322687653494440951e+00
5.660000000000000000e+02,3.451381313200069467e+00
5.670000000000000000e+02,3.160633611069419757e+00
5.680000000000000000e+02,3.211383685835927260e+00
5.690000000000000000e+02,3.048774311412324689e+00
5.700000000000000000e+02,3.183597075236725527e+00
5.710000000000000000e+02,3.376231413656034963e+00
5.720000000000000000e+02,3.242432316594259234e+00
5.730000000000000000e+02,3.334757207814570190e+00
5.740000000000000000e+02,3.422497413341396122e+00
5.750000000000000000e+02,3.377098925347668867e+00
5.760000000000000000e+02,3.146622216049326681e+00
5.770000000000000000e+02,3.629653150418588048e+00
5.780000000000000000e+02,3.038153914484164275e+00
5.790000000000000000e+02,2.631160925345184420e+00
5.800000000000000000e+02,3.237977106894459389e+00
5.810000000000000000e+02,3.097011677280806730e+00
5.820000000000000000e+02,3.029686493807239422e+00
5.830000000000000000e+02,3.144090958056153795e+00
5.840000000000000000e+02,3.107575693780262327e+00
5.850000000000000000e+02,3.054147830697466759e+00
5.860000000000000000e+02,3.413964642473515276e+00
5.870000000000000000e+02,3.450080303387154768e+00
5.880000000000000000e+02,3.028461806207761065e+00
5.890000000000000000e+02,3.701578715482790383e+00
5.900000000000000000e+02,3.257757315310576107e+00
5.910000000000000000e+02,3.489280974524808787e+00
5.920000000000000000e+02,3.433738877234030262e+00
5.930000000000000000e+02,3.483602622447322439e+00
5.940000000000000000e+02,3.270542773951633730e+00
5.950000000000000000e+02,3.130608732888338519e+00
5.960000000000000000e+02,3.550331328020837507e+00
5.970000000000000000e+02,3.529210658517210053e+00
5.980000000000000000e+02,3.673364933416659817e+00
5.990000000000000000e+02,3.222082748528344531e+00
6.000000000000000000e+02,3.265945791696315936e+00
6.010000000000000000e+02,3.165489911730916539e+00
6.020000000000000000e+02,3.189311980194000640e+00
6.030000000000000000e+02,3.422724410566657216e+00
6.040000000000000000e+02,3.352115259448475548e+00
6.050000000000000000e+02,3.084004072127800367e+00
6.060000000000000000e+02,3.331892189850540031e+00
6.070000000000000000e+02,3.291829376074629998e+00
6.080000000000000000e+02,3.781514142505494558e+00
6.090000000000000000e+02,3.731595588086963122e+00
6.100000000000000000e+02,3.411036378579610062e+00
6.110000000000000000e+02,3.542077791094319750e+00
6.120000000000000000e+02,4.199424541324003002e+00
6.130000000000000000e+02,4.041054208872723486e+00
6.140000000000000000e+02,3.786805628231673548e+00
6.150000000000000000e+02,4.160613573742392823e+00
6.160000000000000000e+02,3.470551776822457413e+00
6.170000000000000000e+02,3.622229106650380004e+00
6.180000000000000000e+02,3.523626334770509239e+00
6.190000000000000000e+02,3.589927556426243616e+00
6.200000000000000000e+02,3.470851163488846591e+00
6.210000000000000000e+02,3.489489920806472245e+00
6.220000000000000000e+02,3.468504105233082502e+00
6.230000000000000000e+02,3.614077778857840428e+00
6.240000000000000000e+02,3.773493516175489226e+00
6.250000000000000000e+02,3.411175810678876097e+00
6.260000000000000000e+02,3.378609488408124584e+00
6.270000000000000000e+02,3.317768915279371011e+00
6.280000000000000000e+02,3.520940613304030631e+00
6.290000000000000000e+02,3.495310570474980505e+00
6.300000000000000000e+02,3.493759583925766687e+00
6.310000000000000000e+02,3.365758000074395184e+00
6.320000000000000000e+02,3.656120555720213439e+00
6.330000000000000000e+02,3.600318421976788752e+00
6.340000000000000000e+02,3.709669511498997707e+00
6.350000000000000000e+02,3.506053674404131293e+00
6.360000000000000000e+02,3.310079571322118053e+00
6.370000000000000000e+02,3.694583028176529282e+00
6.380000000000000000e+02,3.579304288974293868e+00
6.390000000000000000e+02,3.674987510509526434e+00
6.400000000000000000e+02,3.628588920590307687e+00
6.410000000000000000e+02,3.795295847597369487e+00
6.420000000000000000e+02,3.735313937675357909e+00
6.430000000000000000e+02,3.908767975820790053e+00
6.440000000000000000e+02,3.925664065187709273e+00
6.450000000000000000e+02,3.920040776486975354e+00
6.460000000000000000e+02,3.606709063203815901e+00
6.470000000000000000e+02,3.912364843420131244e+00
6.480000000000000000e+02,4.023112531806375181e+00
6.490000000000000000e+02,4.022917058873019869e+00
6.500000000000000000e+02,4.189521151414042244e+00
6.510000000000000000e+02,4.012114705424917105e+00
6.520000000000000000e+02,4.165928881333551104e+00
6.530000000000000000e+02,4.193419208117791008e+00
6.540000000000000000e+02,4.116257498727950548e+00
6.550000000000000000e+02,4.040068449267525175e+00
6.560000000000000000e+02,4.160282022735238172e+00
6.570000000000000000e+02,4.042195056608448134e+00
6.580000000000000000e+02,4.116757342342003412e+00
6.590000000000000000e+02,4.267334661668134466e+00
6.600000000000000000e+02,4.316642208053925955e+00
6.610000000000000000e+02,4.292059995828553021e+00
6.620000000000000000e+02,3.817919818027587286e+00
6.630000000000000000e+02,4.154736035070811795e+00
6.640000000000000000e+02,4.259949419695361783e+00
6.650000000000000000e+02,4.459153428371624095e+00
6.660000000000000000e+02,4.366410617972031005e+00
6.670000000000000000e+02,4.156789944090331090e+00
6.680000000000000000e+02,4.267624384421039530e+00
6.690000000000000000e+02,4.288665892972029603e+00
6.700000000000000000e+02,4.585538086744716857e+00
6.710000000000000000e+02,4.548388514785574266e+00
6.720000000000000000e+02,4.092496554618856308e+00
6.730000000000000000e+02,3.996603736254438211e+00
6.740000000000000000e+02,3.942765415598286083e+00
6.750000000000000000e+02,4.083042748370441899e+00
6.760000000000000000e+02,4.390672751705994692e+00
6.770000000000000000e+02,4.039954150815245448e+00
6.780000000000000000e+02,4.035912423154489836e+00
6.790000000000000000e+02,3.925426122978926902e+00
6.800000000000000000e+02,4.119626690404666114e+00
6.810000000000000000e+02,4.417098721393898586e+00
6.820000000000000000e+02,4.144848574798337459e+00
6.830000000000000000e+02,4.170662237639993997e+00
6.840000000000000000e+02,4.175959244002813264e+00
6.850000000000000000e+02,4.083940075016771587e+00
6.860000000000000000e+02,4.339037958061624067e+00
6.870000000000000000e+02,4.207645435609333795e+00
6.880000000000000000e+02,4.298358558061171841e+00
6.890000000000000000e+02,4.176371601115466348e+00
6.900000000000000000e+02,3.947509928532710433e+00
6.910000000000000000e+02,3.916174017179291589e+00
6.920000000000000000e+02,4.214455600445285555e+00
6.930000000000000000e+02,4.410644051943214627e+00
6.940000000000000000e+02,3.868245605284083233e+00
6.950000000000000000e+02,3.980240317473109357e+00
6.960000000000000000e+02,3.805162724798303309e+00
6.970000000000000000e+02,3.925678442718081307e+00
6.980000000000000000e+02,4.122276755442624285e+00
6.990000000000000000e+02,4.150769418286770929e+00
7.000000000000000000e+02,4.065223793586021372e+00
7.010000000000000000e+02,4.118526345121464871e+00
7.020000000000000000e+02,4.142155130293956766e+00
7.030000000000000000e+02,4.114736389400921013e+00
7.040000000000000000e+02,4.215763818719094225e+00
7.050000000000000000e+02,4.173539356796633903e+00
7.060000000000000000e+02,4.058499483631720750e+00
7.070000000000000000e+02,4.363542936577442077e+00
7.080000000000000000e+02,4.366606827723235718e+00
7.090000000000000000e+02,4.378827011894187216e+00
7.100000000000000000e+02,4.152399716068043034e+00
7.110000000000000000e+02,4.299395904152350845e+00
7.120000000000000000e+02,4.484592949606126311e+00
7.130000000000000000e+02,4.353404695455660445e+00
7.140000000000000000e+02,4.377264600665737859e+00
7.150000000000000000e+02,4.430531124657136388e+00
7.160000000000000000e+02,4.286832985053544931e+00
7.170000000000000000e+02,4.342728413755572170e+00
7.180000000000000000e+02,4.380423779264767781e+00
7.190000000000000000e+02,4.239868613294810906e+00
7.200000000000000000e+02,4.175749440423389025e+00
7.210000000000000000e+02,3.898952683902477290e+00
7.220000000000000000e+02,4.014364903973989485e+00
7.230000000000000000e+02,4.463203386684997831e+00
7.240000000000000000e+02,4.385717031734251314e+00
7.250000000000000000e+02,4.110880359592550271e+00
7.260000000000000000e+02,3.909971243212039038e+00
7.270000000000000000e+02,4.264203772497182854e+00
7.280000000000000000e+02,4.305081811545185211e+00
7.290000000000000000e+02,4.674280447188296606e+00
7.300000000000000000e+02,4.000112196836172807e+00
7.310000000000000000e+02,4.235557622304638947e+00
7.320000000000000000e+02,4.242624628518218088e+00
7.330000000000000000e+02,4.224787721304801735e+00
7.340000000000000000e+02,4.522107840771353082e+00
7.350000000000000000e+02,4.477071363482298061e+00
7.360000000000000000e+02,4.407559351301348904e+00
7.370000000000000000e+02,4.066129139332288034e+00
7.380000000000000000e+02,4.280673936804957336e+00
7.390000000000000000e+02,4.530696042455063299e+00
7.400000000000000000e+02,4.438099457278927851e+00
7.410000000000000000e+02,4.207650935929164504e+00
7.420000000000000000e+02,4.225121946599690759e+00
7.430000000000000000e+02,4.280933480656631929e+00
7.440000000000000000e+02,4.675159598965262120e+00
7.450000000000000000e+02,4.332737402791778436e+00
7.460000000000000000e+02,4.443532766431967040e+00
7.470000000000000000e+02,4.598764270920638886e+00
7.480000000000000000e+02,4.507095399582122575e+00
7.490000000000000000e+02,4.517451017135107882e+00
7.500000000000000000e+02,4.656140208235333589e+00
7.510000000000000000e+02,4.664295413056833262e+00
7.520000000000000000e+02,4.718155951797315950e+00
7.530000000000000000e+02,4.697602583881142380e+00
7.540000000000000000e+02,4.805051441084994934e+00
7.550000000000000000e+02,4.864921796815508515e+00
7.560000000000000000e+02,4.957525934675776291e+00
7.570000000000000000e+02,4.468345810413407726e+00
7.580000000000000000e+02,4.387782111356244741e+00
7.590000000000000000e+02,4.787852022053596279e+00
7.600000000000000000e+02,4.914074695155487227e+00
7.610000000000000000e+02,5.001786364185273115e+00
7.620000000000000000e+02,4.700584805364704799e+00
7.630000000000000000e+02,4.604400900986941103e+00
7.640000000000000000e+02,4.781478198241103428e+00
7.650000000000000000e+02,4.946413872657043242e+00
7.660000000000000000e+02,5.130162572720464276e+00
7.670000000000000000e+02,4.950355754576476031e+00
7.680000000000000000e+02,4.945893522637846651e+00
7.690000000000000000e+02,4.921755124951628702e+00
7.700000000000000000e+02,5.151974192091193672e+00
7.710000000000000000e+02,5.064061541768239749e+00
7.720000000000000000e+02,4.758178085550742509e+00
7.730000000000000000e+02,4.700201009878269609e+00
7.740000000000000000e+02,4.865370051124915385e+00
7.750000000000000000e+02,5.086195057150338705e+00
7.760000000000000000e+02,5.015156063535339825e+00
7.770000000000000000e+02,5.240275834366922680e+00
7.780000000000000000e+02,5.093364192217936903e+00
7.790000000000000000e+02,4.808241781486387367e+00
7.800000000000000000e+02,5.556198396291031294e+00
7.810000000000000000e+02,5.014457723546840384e+00
7.820000000000000000e+02,5.146832422557796605e+00
7.830000000000000000e+02,4.987908400941002185e+00
7.840000000000000000e+02,4.928764180679102047e+00
7.850000000000000000e+02,5.031373098446445979e+00
7.860000000000000000e+02,5.256009238888428747e+00
7.870000000000000000e+02,5.136763885749716430e+00
7.880000000000000000e+02,5.290353950267623340e+00
7.890000000000000000e+02,4.996003697967535295e+00
7.900000000000000000e+02,5.291819407647007090e+00
7.910000000000000000e+02,5.046500258189526633e+00
7.920000000000000000e+02,5.216876830877096083e+00
7.930000000000000000e+02,5.141920614649568400e+00
7.940000000000000000e+02,5.021078100066183048e+00
7.950000000000000000e+02,4.917594597598033523e+00
7.960000000000000000e+02,4.933799024409129430e+00
7.970000000000000000e+02,5.290506315301177764e+00
7.980000000000000000e+02,5.235824172090459250e+00
7.990000000000000000e+02,5.058915560570330427e+00
8.000000000000000000e+02,5.186792238247760700e+00
8.010000000000000000e+02,5.208726310343281263e+00
8.020000000000000000e+02,5.399012601183802218e+00
8.030000000000000000e+02,5.392028357673780192e+00
8.040000000000000000e+02,5.111472558713753500e+00
8.050000000000000000e+02,5.258377106062389394e+00
8.060000000000000000e+02,5.446393100724581160e+00
8.070000000000000000e+02,5.619336352514361366e+00
8.080000000000000000e+02,5.414551184280799845e+00
8.090000000000000000e+02,5.416600904628353419e+00
8.100000000000000000e+02,5.502994151540935519e+00
8.110000000000000000e+02,5.436731464328918406e+00
8.120000000000000000e+02,5.573461629458582145e+00
8.130000000000000000e+02,5.474849942041678297e+00
8.140000000000000000e+02,5.593674743335170341e+00
8.150000000000000000e+02,5.461323785389900820e+00
8.160000000000000000e+02,5.400004166109179771e+00
8.170000000000000000e+02,5.647424203264794329e+00
8.180000000000000000e+02,5.755192217964151702e+00
8.190000000000000000e+02,5.383302240657208415e+00
8.200000000000000000e+02,5.372766371984939227e+00
8.210000000000000000e+02,5.528045763118044853e+00
8.220000000000000000e+02,5.270459734855930556e+00
8.230000000000000000e+02,5.628147901935018460e+00
8.240000000000000000e+02,5.679823893282818226e+00
8.250000000000000000e+02,5.714366940561993680e+00
8.260000000000000000e+02,5.643476203534079971e+00
8.270000000000000000e+02,5.609313183486304588e+00
8.280000000000000000e+02,5.650027816892849053e+00
8.290000000000000000e+02,5.552285016649909366e+00
8.300000000000000000e+02,5.696793735468402176e+00
8.310000000000000000e+02,5.634816317360527904e+00
8.320000000000000000e+02,5.414885819135892397e+00
8.330000000000000000e+02,5.265838086073184598e+00
8.340000000000000000e+02,5.801699578681231984e+00
8.350000000000000000e+02,6.046085105329076725e+00
8.360000000000000000e+02,5.407613862414605954e+00
8.370000000000000000e+02,5.083398148064562250e+00
8.380000000000000000e+02,5.216966982450416346e+00
8.390000000000000000e+02,5.279563205588518215e+00
8.400000000000000000e+02,5.343654264077759564e+00
8.410000000000000000e+02,5.395993489648128971e+00
8.420000000000000000e+02,5.209427201213234326e+00
8.430000000000000000e+02,5.230036811189827439e+00
8.440000000000000000e+02,5.426361108192942595e+00
8.450000000000000000e+02,5.213915491297866467e+00
8.460000000000000000e+02,5.211163350503557723e+00
8.470000000000000000e+02,4.844347785371872384e+00
8.480000000000000000e+02,5.092976188508288260e+00
8.490000000000000000e+02,5.144273795960146778e+00
8.500000000000000000e+02,5.091114302498684907e+00
8.510000000000000000e+02,5.191054312078795085e+00
8.520000000000000000e+02,4.991731221332906365e+00
8.530000000000000000e+02,5.043871646419336052e+00
8.540000000000000000e+02,5.058622320414102980e+00
8.550000000000000000e+02,5.464368397054896853e+00
8.560000000000000000e+02,5.191217323632347558e+00
8.570000000000000000e+02,5.181604805840525962e+00
8.580000000000000000e+02,4.873487587847603386e+00
8.590000000000000000e+02,5.129098406411650046e+00
8.600000000000000000e+02,5.435002567799620543e+00
8.610000000000000000e+02,5.719534256328044464e+00
8.620000000000000000e+02,5.569047936938565257e+00
8.630000000000000000e+02,5.456947142026598030e+00
8.640000000000000000e+02,5.489738887642343634e+00
8.650000000000000000e+02,5.414008379179594321e+00
8.660000000000000000e+02,5.591641107215985507e+00
8.670000000000000000e+02,5.521724200104044300e+00
8.680000000000000000e+02,5.870605606480614469e+00
8.690000000000000000e+02,5.854964082747371457e+00
8.700000000000000000e+02,5.983766711975570196e+00
8.710000000000000000e+02,5.964190313502943930e+00
8.720000000000000000e+02,5.883300985561794150e+00
8.730000000000000000e+02,5.748324522631468980e+00
8.740000000000000000e+02,5.683347884043466358e+00
8.750000000000000000e+02,5.936004819604516314e+00
8.760000000000000000e+02,6.144735348623148852e+00
8.770000000000000000e+02,6.045631194214996285e+00
8.780000000000000000e+02,6.200747594859339351e+00
8.790000000000000000e+02,6.021123931922575778e+00
8.800000000000000000e+02,5.885340190804426719e+00
8.810000000000000000e+02,6.474154801614318444e+00
8.820000000000000000e+02,6.576498788914503457e+00
8.830000000000000000e+02,6.573821014213736547e+00
8.840000000000000000e+02,6.323851036341677556e+00
8.850000000000000000e+02,6.325671996225279869e+00
8.860000000000000000e+02,6.408634365512003050e+00
8.870000000000000000e+02,6.617410831955067074e+00
8.880000000000000000e+02,6.675922689253583897e+00
8.890000000000000000e+02,6.234245030782335384e+00
8.900000000000000000e+02,6.089643292255991547e+00
8.910000000000000000e+02,6.449373171146294048e+00
8.920000000000000000e+02,6.657624338254059637e+00
8.930000000000000000e+02,6.230801691105976481e+00
8.940000000000000000e+02,6.152477961746249946e+00
8.950000000000000000e+02,6.252811933807340239e+00
8.960000000000000000e+02,6.316543843590673113e+00
8.970000000000000000e+02,6.348166636201183266e+00
8.980000000000000000e+02,6.449043262101371354e+00
8.990000000000000000e+02,6.342024541774773816e+00
9.000000000000000000e+02,5.933660592095260533e+00
9.010000000000000000e+02,6.440914450393256274e+00
9.020000000000000000e+02,6.414359390505643965e+00
9.030000000000000000e+02,6.708353570660079868e+00
9.040000000000000000e+02,6.517075827849671654e+00
9.050000000000000000e+02,6.431350330661610215e+00
9.060000000000000000e+02,6.287343619922629578e+00
9.070000000000000000e+02,6.556602600328065300e+00
9.080000000000000000e+02,6.703698586420026473e+00
9.090000000000000000e+02,6.400266799200158729e+00
9.100000000000000000e+02,6.561367581696326390e+00
9.110000000000000000e+02,6.334722320335596457e+00
9.120000000000000000e+02,6.469252495816564696e+00
9.130000000000000000e+02,6.611749960768845469e+00
9.140000000000000000e+02,5.966736585048247221e+00
9.150000000000000000e+02,6.459033651518671704e+00
9.160000000000000000e+02,5.882009807591257911e+00
9.170000000000000000e+02,6.363350626831487666e+00
9.180000000000000000e+02,6.235018350991449410e+00
9.190000000000000000e+02,6.259773923710571175e+00
9.200000000000000000e+02,6.269401530042522097e+00
9.210000000000000000e+02,6.093640763962294038e+00
9.220000000000000000e+02,6.219517811757672376e+00
9.230000000000000000e+02,6.504899153627865971e+00
9.240000000000000000e+02,6.668012456219460482e+00
9.250000000000000000e+02,6.203167689499990090e+00
9.260000000000000000e+02,6.293104207996659483e+00
9.270000000000000000e+02,6.237938541375879886e+00
9.280000000000000000e+02,6.503244143703612146e+00
9.290000000000000000e+02,6.507418758085973920e+00
9.300000000000000000e+02,6.383458304900606173e+00
9.310000000000000000e+02,6.490005662141899556e+00
9.320000000000000000e+02,6.330785706751420605e+00
9.330000000000000000e+02,6.386309377331405024e+00
9.340000000000000000e+02,6.630870702854950061e+00
9.350000000000000000e+02,6.683254113480657566e+00
9.360000000000000000e+02,6.661551367408208968e+00
9.370000000000000000e+02,6.028974639588707163e+00
9.380000000000000000e+02,6.152032668560350359e+00
9.390000000000000000e+02,6.506678494667206714e+00
9.400000000000000000e+02,6.632990550839831023e+00
9.410000000000000000e+02,6.609138937874889486e+00
9.420000000000000000e+02,6.252653429779789995e+00
9.430000000000000000e+02,6.305501059818675813e+00
9.440000000000000000e+02,6.421640972784832258e+00
9.450000000000000000e+02,6.723184529528091424e+00
9.460000000000000000e+02,6.311463835919622234e+00
9.470000000000000000e+02,6.313827152900685746e+00
9.480000000000000000e+02,6.417774425033340613e+00
9.490000000000000000e+02,6.599553712218797052e+00
9.500000000000000000e+02,6.655849704305558667e+00
9.510000000000000000e+02,6.633062904018587780e+00
9.520000000000000000e+02,6.700423237377833630e+00
9.530000000000000000e+02,6.488768952498078058e+00
9.540000000000000000e+02,6.314978527586709411e+00
9.550000000000000000e+02,6.174695486796624166e+00
9.560000000000000000e+02,6.703892042375544591e+00
9.570000000000000000e+02,6.227024402427499439e+00
9.580000000000000000e+02,6.332280269625838010e+00
9.590000000000000000e+02,6.660930167093535026e+00
9.600000000000000000e+02,6.218130733221906681e+00
9.610000000000000000e+02,6.576890202456350032e+00
9.620000000000000000e+02,6.593723783524104043e+00
9.630000000000000000e+02,6.446666794102881681e+00
9.640000000000000000e+02,6.344667491422910643e+00
9.650000000000000000e+02,6.579373307483915134e+00
9.660000000000000000e+02,6.475993758543561185e+00
9.670000000000000000e+02,6.871720029994322410e+00
9.680000000000000000e+02,6.154758903358884758e+00
9.690000000000000000e+02,6.379536418929485642e+00
9.700000000000000000e+02,6.654912885075217055e+00
9.710000000000000000e+02,6.471980770663564364e+00
9.720000000000000000e+02,6.712039868194228376e+00
9.730000000000000000e+02,6.220509699417672067e+00
9.740000000000000000e+02,6.486434590322616600e+00
9.750000000000000000e+02,6.688918917319748303e+00
9.760000000000000000e+02,6.515059425079455124e+00
9.770000000000000000e+02,6.623524816190281328e+00
9.780000000000000000e+02,6.606499672140681234e+00
9.790000000000000000e+02,6.416096132016566145e+00
9.800000000000000000e+02,6.520450608175798024e+00
9.810000000000000000e+02,6.477235429610077588e+00
9.820000000000000000e+02,6.739201058815655010e+00
9.830000000000000000e+02,7.132621291523230767e+00
9.840000000000000000e+02,6.561132397161965280e+00
9.850000000000000000e+02,6.993628378218138764e+00
9.860000000000000000e+02,6.731504975658298306e+00
9.870000000000000000e+02,7.078009423129906885e+00
9.880000000000000000e+02,7.038849637474299925e+00
9.890000000000000000e+02,6.653524186532914442e+00
9.900000000000000000e+02,6.743109156978211338e+00
9.910000000000000000e+02,6.670807222002855141e+00
9.920000000000000000e+02,6.805032988798472182e+00
9.930000000000000000e+02,6.695866453545542996e+00
9.940000000000000000e+02,6.815003760743906014e+00
9.950000000000000000e+02,6.636685541439385716e+00
9.960000000000000000e+02,6.886113375399721015e+00
9.970000000000000000e+02,6.957732076194091952e+00
9.980000000000000000e+02,6.923027746366828161e+00
9.990000000000000000e+02,6.699526737449943425e+00
1.000000000000000000e+03,6.884176141341993294e+00
1.001000000000000000e+03,6.718886437877467976e+00
1.002000000000000000e+03,6.964499246415207345e+00
1.003000000000000000e+03,7.000008996076299006e+00
1.004000000000000000e+03,6.825682719867241843e+00
1.005000000000000000e+03,6.627096951976325201e+00
1.006000000000000000e+03,6.861086197385109386e+00
1.007000000000000000e+03,7.017557483413856545e+00
1.008000000000000000e+03,7.086725814746964502e+00
1.009000000000000000e+03,7.063410714038340643e+00
1.010000000000000000e+03,7.012962133397112829e+00
1.011000000000000000e+03,6.807408185734387551e+00
1.012000000000000000e+03,7.123519265867566119e+00
1.013000000000000000e+03,6.886853115888200705e+00
1.014000000000000000e+03,7.203455730212742658e+00
1.015000000000000000e+03,7.188297594274251523e+00
1.016000000000000000e+03,7.197083313680439076e+00
1.017000000000000000e+03,7.337734996029493750e+00
1.018000000000000000e+03,7.642814140645201704e+00
1.019000000000000000e+03,7.496772855079803399e+00
1.020000000000000000e+03,7.471545388873893856e+00
1.021000000000000000e+03,7.312481106218326588e+00
1.022000000000000000e+03,7.237495383654524161e+00
1.023000000000000000e+03,7.598783837510318051e+00
1.024000000000000000e+03,7.621514649909849837e+00
1.025000000000000000e+03,7.448481816873190553e+00
1.026000000000000000e+03,7.351054541018725352e+00
1.027000000000000000e+03,7.393246329071259559e+00
1.028000000000000000e+03,7.620284661295208650e+00
1.029000000000000000e+03,7.791142800076793051e+00
1.030000000000000000e+03,7.597009503939545993e+00
1.031000000000000000e+03,7.862305994937358378e+00
1.032000000000000000e+03,7.455292299130316103e+00
1.033000000000000000e+03,7.647280626302871198e+00
1.034000000000000000e+03,7.767839318336509535e+00
1.035000000000000000e+03,7.699109065749490277e+00
1.036000000000000000e+03,7.898824333817328736e+00
1.037000000000000000e+03,7.637024502146346094e+00
1.038000000000000000e+03,7.863185931514487415e+00
1.039000000000000000e+03,7.946245590045129426e+00
1.040000000000000000e+03,7.991790731411105853e+00
1.041000000000000000e+03,7.628070809570290933e+00
1.042000000000000000e+03,7.993280245188887356e+00
1.043000000000000000e+03,7.832556212986927946e+00
1.044000000000000000e+03,7.743958652564673528e+00
1.045000000000000000e+03,7.572378587672721650e+00
1.046000000000000000e+03,7.724589293735973250e+00
1.047000000000000000e+03,7.646553013628680340e+00
1.048000000000000000e+03,7.169042920056840629e+00
1.049000000000000000e+03,7.678664115684370906e+00
1.050000000000000000e+03,8.075607410793786300e+00
1.051000000000000000e+03,7.482151666780525012e+00
1.052000000000000000e+03,7.460548595009949047e+00
1.053000000000000000e+03,7.357352327018349847e+00
1.054000000000000000e+03,7.597598648142756872e+00
1.055000000000000000e+03,7.785139769094590712e+00
1.056000000000000000e+03,7.631711156178814903e+00
1.057000000000000000e+03,7.353749086081291964e+00
1.058000000000000000e+03,7.133457032795432085e+00
1.059000000000000000e+03,7.663400361872480637e+00
1.060000000000000000e+03,7.737689313920775191e+00
1.061000000000000000e+03,7.582948327540953493e+00
1.062000000000000000e+03,7.685251074366075130e+00
1.063000000000000000e+03,7.276288894412046737e+00
1.064000000000000000e+03,7.474416550543498516e+00
1.065000000000000000e+03,7.541127770334626668e+00
1.066000000000000000e+03,7.604647153285060135e+00
1.067000000000000000e+03,7.574727311099515248e+00
1.068000000000000000e+03,7.330466414014185972e+00
1.069000000000000000e+03,7.499860833505167079e+00
1.070000000000000000e+03,7.526397757564924795e+00
1.071000000000000000e+03,7.726466027417659532e+00
1.072000000000000000e+03,7.604991418217197818e+00
1.073000000000000000e+03,7.361064996277446149e+00
1.074000000000000000e+03,7.709232730473844164e+00
1.075000000000000000e+03,7.664631105497575092e+00
1.076000000000000000e+03,7.783419880537418400e+00
1.077000000000000000e+03,7.753916462712279412e+00
1.078000000000000000e+03,7.800003105314087470e+00
1.079000000000000000e+03,7.471241628866267526e+00
1.080000000000000000e+03,7.385612971034936081e+00
1.081000000000000000e+03,8.036450519859183572e+00
1.082000000000000000e+03,8.125546936239993911e+00
1.083000000000000000e+03,7.975835706313127105e+00
1.084000000000000000e+03,8.138815958938467432e+00
1.085000000000000000e+03,7.863956648553985573e+00
1.086000000000000000e+03,7.972016826112826138e+00
1.087000000000000000e+03,8.083276723356446425e+00
1.088000000000000000e+03,8.103871979384276614e+00
1.089000000000000000e+03,7.745024916750460342e+00
1.090000000000000000e+03,7.975868011833348703e+00
1.091000000000000000e+03,8.330937946252163329e+00
1.092000000000000000e+03,8.384983305571751089e+00
1.093000000000000000e+03,8.132205016630674521e+00
1.094000000000000000e+03,8.274737540630498600e+00
1.095000000000000000e+03,8.048177645913677125e+00
1.096000000000000000e+03,8.302053928926538262e+00
1.097000000000000000e+03,8.491353365895607297e+00
1.098000000000000000e+03,8.726353189938668820e+00
1.099000000000000000e+03,8.542055603591265367e+00
1.100000000000000000e+03,8.382804982993945941e+00
1.101000000000000000e+03,8.592579587147845643e+00
1.102000000000000000e+03,8.541096983244283791e+00
1.103000000000000000e+03,8.708731622256427940e+00
1.104000000000000000e+03,8.842351808597491925e+00
1.105000000000000000e+03,8.301677136759938236e+00
1.106000000000000000e+03,8.695122910391621218e+00
1.107000000000000000e+03,8.727486239701921278e+00
1.108000000000000000e+03,8.831619484401771913e+00
1.109000000000000000e+03,8.845938177074472719e+00
1.110000000000000000e+03,8.342415617517874082e+00
1.111000000000000000e+03,8.644561936757458653e+00
1.112000000000000000e+03,8.639834262786907360e+00
1.113000000000000000e+03,8.825044536093690439e+00
1.114000000000000000e+03,8.726527922436101647e+00
1.115000000000000000e+03,8.687828520313328085e+00
1.116000000000000000e+03,8.598419994848283565e+00
1.117000000000000000e+03,8.502212057369355591e+00
1.118000000000000000e+03,8.580502124838266909e+00
1.119000000000000000e+03,8.317870897905951466e+00
1.120000000000000000e+03,8.340631204030547252e+00
1.121000000000000000e+03,8.647410443393711788e+00
1.122000000000000000e+03,8.618589629555129861e+00
1.123000000000000000e+03,8.502023695301462070e+00
1.124000000000000000e+03,8.228413435650782759e+00
1.125000000000000000e+03,8.448909665847255113e+00
1.126000000000000000e+03,8.260410863990621522e+00
1.127000000000000000e+03,7.783016709781614750e+00
1.128000000000000000e+03,7.856063775958293860e+00
1.129000000000000000e+03,8.325589385228362005e+00
1.130000000000000000e+03,8.302882183598146781e+00
1.131000000000000000e+03,8.052102060494657820e+00
1.132000000000000000e+03,8.197482436458377819e+00
1.133000000000000000e+03,8.150746926498438683e+00
1.134000000000000000e+03,8.320879214893247777e+00
1.135000000000000000e+03,8.327609446890555489e+00
1.136000000000000000e+03,8.306176327869597031e+00
1.137000000000000000e+03,8.129552699808282767e+00
1.138000000000000000e+03,8.400945995032502722e+00
1.139000000000000000e+03,8.319137438990830802e+00
1.140000000000000000e+03,8.512944120447494711e+00
1.141000000000000000e+03,8.492965445672986391e+00
1.142000000000000000e+03,8.350129605916926323e+00
1.143000000000000000e+03,8.320808834446067337e+00
1.144000000000000000e+03,8.663754605455741498e+00
1.145000000000000000e+03,8.567990604792530718e+00
1.146000000000000000e+03,8.522977152372201104e+00
1.147000000000000000e+03,8.414412843572195655e+00
1.148000000000000000e+03,8.289114837028405347e+00
1.149000000000000000e+03,8.584038347010483960e+00
1.150000000000000000e+03,9.085216517876745002e+00
1.151000000000000000e+03,8.588911236151465900e+00
1.152000000000000000e+03,8.279414078978861724e+00
1.153000000000000000e+03,8.264242740910436424e+00
1.154000000000000000e+03,8.313887504551544794e+00
1.155000000000000000e+03,8.273931239263914605e+00
1.156000000000000000e+03,8.895392913258730161e+00
1.157000000000000000e+03,8.634939032873077736e+00
1.158000000000000000e+03,8.249308437828247520e+00
1.159000000000000000e+03,8.526663299601468182e+00
1.160000000000000000e+03,8.611484823064754934e+00
1.161000000000000000e+03,8.646315278155027428e+00
1.162000000000000000e+03,8.520699737703665733e+00
1.163000000000000000e+03,8.387703255676212777e+00
1.164000000000000000e+03,8.448123511602780411e+00
1.165000000000000000e+03,8.202502820423491769e+00
1.166000000000000000e+03,8.448700692218123365e+00
1.167000000000000000e+03,8.316390173567222988e+00
1.168000000000000000e+03,8.181047839000736843e+00
1.169000000000000000e+03,8.106703561051801898e+00
1.170000000000000000e+03,8.367864039589070657e+00
1.171000000000000000e+03,8.432730615452456391e+00
1.172000000000000000e+03,8.269482255525227643e+00
1.173000000000000000e+03,8.224513812353823283e+00
1.174000000000000000e+03,8.006896848269107636e+00
1.175000000000000000e+03,8.310934473409131940e+00
1.176000000000000000e+03,8.413427412596240274e+00
1.177000000000000000e+03,8.290245770197227415e+00
1.178000000000000000e+03,8.184437910984820874e+00
1.179000000000000000e+03,7.940347306424816232e+00
1.180000000000000000e+03,8.055307594837234575e+00
1.181000000000000000e+03,8.119861946377334050e+00
1.182000000000000000e+03,8.339861195371435443e+00
1.183000000000000000e+03,8.103577090102021430e+00
1.184000000000000000e+03,8.079049589065785852e+00
1.185000000000000000e+03,7.979969243574417170e+00
1.186000000000000000e+03,8.188613635101143373e+00
1.187000000000000000e+03,8.247242366627789423e+00
1.188000000000000000e+03,8.269714730856145835e+00
1.189000000000000000e+03,8.024421863936806787e+00
1.190000000000000000e+03,8.073737882680248390e+00
1.191000000000000000e+03,8.114039756517026802e+00
1.192000000000000000e+03,8.473396781014129076e+00
1.193000000000000000e+03,8.356836124042354541e+00
1.194000000000000000e+03,8.106609839957299002e+00
1.195000000000000000e+03,8.482063497957664566e+00
1.196000000000000000e+03,8.564209907342185346e+00
1.197000000000000000e+03,8.485070180200855461e+00
1.198000000000000000e+03,8.524337583473617030e+00
1.199000000000000000e+03,8.377320105771330461e+00
1.200000000000000000e+03,8.236558298394086819e+00
1.201000000000000000e+03,8.470597800303615088e+00
1.202000000000000000e+03,8.410584104933130689e+00
1.203000000000000000e+03,8.393317191160580393e+00
1.204000000000000000e+03,8.304035847424492189e+00
1.205000000000000000e+03,8.338723947787693547e+00
1.206000000000000000e+03,8.369544361932685916e+00
1.207000000000000000e+03,8.396682749663312961e+00
1.208000000000000000e+03,8.485437957875408443e+00
1.209000000000000000e+03,8.430234476127679955e+00
1.210000000000000000e+03,8.385924225514305164e+00
1.211000000000000000e+03,8.332686617532852225e+00
1.212000000000000000e+03,8.411850471082898295e+00
1.213000000000000000e+03,8.538013154100969615e+00
1.214000000000000000e+03,8.502660342021222561e+00
1.215000000000000000e+03,8.282715739768701013e+00
1.216000000000000000e+03,8.373541305756575071e+00
1.217000000000000000e+03,8.547525233161680447e+00
1.218000000000000000e+03,8.441260621474455661e+00
1.219000000000000000e+03,8.521871214844370712e+00
1.220000000000000000e+03,8.365057399818722317e+00
1.221000000000000000e+03,8.358675540621353761e+00
1.222000000000000000e+03,8.299813514081254340e+00
1.223000000000000000e+03,8.566241873472376867e+00
1.224000000000000000e+03,8.115276458575102936e+00
1.225000000000000000e+03,8.466652294854771554e+00
1.226000000000000000e+03,8.353153346545214575e+00
1.227000000000000000e+03,8.085249920800210433e+00
1.228000000000000000e+03,8.326669416665048118e+00
1.229000000000000000e+03,8.533549285030510134e+00
1.230000000000000000e+03,8.547146661311039395e+00
1.231000000000000000e+03,8.327196108608267977e+00
1.232000000000000000e+03,8.289378096541284435e+00
1.233000000000000000e+03,8.523020847772688313e+00
1.234000000000000000e+03,8.583725596600670471e+00
1.235000000000000000e+03,8.453391548929465316e+00
1.236000000000000000e+03,8.179056905039669090e+00
1.237000000000000000e+03,8.139691385118840827e+00
1.238000000000000000e+03,8.227376163382334795e+00
1.239000000000000000e+03,8.263981508649878904e+00
1.240000000000000000e+03,8.309658648953448079e+00
1.241000000000000000e+03,8.211691405341571937e+00
1.242000000000000000e+03,7.993363887422137992e+00
1.243000000000000000e+03,8.133032423809494205e+00
1.244000000000000000e+03,8.179089748320514275e+00
1.245000000000000000e+03,8.328888985906077735e+00
1.246000000000000000e+03,8.163882855734021504e+00
1.247000000000000000e+03,8.264232530022708190e+00
1.248000000000000000e+03,8.216485071810776475e+00
1.249000000000000000e+03,8.475635372125159606e+00
1.250000000000000000e+03,8.482770139938237364e+00
1.251000000000000000e+03,8.369411178659795780e+00
1.252000000000000000e+03,8.303477005082097406e+00
1.253000000000000000e+03,8.200226913627483682e+00
1.254000000000000000e+03,8.410736133256179414e+00
1.255000000000000000e+03,8.485579793504083312e+00
1.256000000000000000e+03,8.330177308540394066e+00
1.257000000000000000e+03,8.215402802200728161e+00
1.258000000000000000e+03,8.125015078478799779e+00
1.259000000000000000e+03,8.330114689280856410e+00
1.260000000000000000e+03,8.417101818522189305e+00
1.261000000000000000e+03,8.498532462671990473e+00
1.262000000000000000e+03,8.304124361341031602e+00
1.263000000000000000e+03,8.423370738426193327e+00
1.264000000000000000e+03,8.490752163385302254e+00
1.265000000000000000e+03,8.513625560977025941e+00
1.266000000000000000e+03,8.606862189559340237e+00
1.267000000000000000e+03,8.685049542998624972e+00
1.268000000000000000e+03,8.765830613029095275e+00
1.269000000000000000e+03,8.655193431734248932e+00
1.270000000000000000e+03,8.788395022681980251e+00
1.271000000000000000e+03,8.888700175194026443e+00
1.272000000000000000e+03,8.813696017485556311e+00
1.273000000000000000e+03,8.678417975844892496e+00
1.274000000000000000e+03,8.685231812880294555e+00
1.275000000000000000e+03,8.662227786551126130e+00
1.276000000000000000e+03,8.867623025338986054e+00
1.277000000000000000e+03,8.618798057707174110e+00
1.278000000000000000e+03,8.597093651510757439e+00
1.279000000000000000e+03,8.503011587635540991e+00
1.280000000000000000e+03,8.600874882441237546e+00
1.281000000000000000e+03,8.587830815110601534e+00
1.282000000000000000e+03,8.629694537772147456e+00
1.283000000000000000e+03,8.633873864678946575e+00
1.284000000000000000e+03,8.448090588227982423e+00
1.285000000000000000e+03,8.383485121341403001e+00
1.286000000000000000e+03,8.640892215120825171e+00
1.287000000000000000e+03,8.573823817716506923e+00
1.288000000000000000e+03,8.436713092647154966e+00
1.289000000000000000e+03,8.483446326905554002e+00
1.290000000000000000e+03,8.558208793539645143e+00
1.291000000000000000e+03,8.663440020853689916e+00
1.292000000000000000e+03,8.741774740158286150e+00
1.293000000000000000e+03,8.546956566047771986e+00
1.294000000000000000e+03,8.541405948455945918e+00
1.295000000000000000e+03,8.690036743688660081e+00
1.296000000000000000e+03,8.546512456623712950e+00
1.297000000000000000e+03,8.588868221430701055e+00
1.298000000000000000e+03,8.612288762028327938e+00
1.299000000000000000e+03,8.443397639588848591e+00
1.300000000000000000e+03,8.407656530623453861e+00
1.301000000000000000e+03,8.555694722763435678e+00
1.302000000000000000e+03,8.682791961384561219e+00
1.303000000000000000e+03,8.689186207529585815e+00
1.304000000000000000e+03,8.475838946397526996e+00
1.305000000000000000e+03,8.517078160363929840e+00
1.306000000000000000e+03,8.453091516442713171e+00
1.307000000000000000e+03,8.617681237137354344e+00
1.308000000000000000e+03,8.803860197900755580e+00
1.309000000000000000e+03,8.607049390240945286e+00
1.310000000000000000e+03,8.375130916615736609e+00
1.311000000000000000e+03,8.629097418959707610e+00
1.312000000000000000e+03,8.734148156601712287e+00
1.313000000000000000e+03,8.582666300071176479e+00
1.314000000000000000e+03,8.635888859928408934e+00
1.315000000000000000e+03,8.482396009680185145e+00
1.316000000000000000e+03,8.384270252131427625e+00
1.317000000000000000e+03,8.673021709786238986e+00
1.318000000000000000e+03,8.570901946601209076e+00
1.319000000000000000e+03,8.643949212152273631e+00
1.320000000000000000e+03,8.644179802899268239e+00
1.321000000000000000e+03,8.545307301560303159e+00
1.322000000000000000e+03,8.684008041483618712e+00
1.323000000000000000e+03,8.408180957376538700e+00
1.324000000000000000e+03,8.323029813410762756e+00
1.325000000000000000e+03,8.367723456534680082e+00
1.326000000000000000e+03,8.350322876820774454e+00
1.327000000000000000e+03,8.310670599935306768e+00
1.328000000000000000e+03,8.424835825415396329e+00
1.329000000000000000e+03,8.523070475309065586e+00
1.330000000000000000e+03,8.496068307250766338e+00
1.331000000000000000e+03,8.315835080415110880e+00
1.332000000000000000e+03,8.269262500761534795e+00
1.333000000000000000e+03,8.465424746107897747e+00
1.334000000000000000e+03,8.452203182237619572e+00
1.335000000000000000e+03,8.347597482055579832e+00
1.336000000000000000e+03,8.372505116928056879e+00
1.337000000000000000e+03,8.197897748722436262e+00
1.338000000000000000e+03,8.423379223955912209e+00
1.339000000000000000e+03,8.531957339768176496e+00
1.340000000000000000e+03,8.445826089396751613e+00
1.341000000000000000e+03,8.423372842034623886e+00
1.342000000000000000e+03,8.219624222915035361e+00
1.343000000000000000e+03,8.368709596251282079e+00
1.344000000000000000e+03,8.487534285964958514e+00
1.345000000000000000e+03,8.479106562870880381e+00
1.346000000000000000e+03,8.401544219568322092e+00
1.347000000000000000e+03,8.340180212662684056e+00
1.348000000000000000e+03,8.363211722744990695e+00
1.349000000000000000e+03,8.461874666596180816e+00
1.350000000000000000e+03,8.496467160468069935e+00
1.351000000000000000e+03,8.370518736191403519e+00
1.352000000000000000e+03,8.326429716866101671e+00
1.353000000000000000e+03,8.338239352244698921e+00
1.354000000000000000e+03,8.276304179865553223e+00
1.355000000000000000e+03,8.439412119908837440e+00
1.356000000000000000e+03,8.477222811028077842e+00
1.357000000000000000e+03,8.264354171408188066e+00
1.358000000000000000e+03,8.065259299365047596e+00
1.359000000000000000e+03,8.331607914301303097e+00
1.360000000000000000e+03,8.391367457293950949e+00
1.361000000000000000e+03,8.345315271197765838e+00
1.362000000000000000e+03,8.309429139570971401e+00
1.363000000000000000e+03,8.313775741368939265e+00
1.364000000000000000e+03,8.198033726932377974e+00
1.365000000000000000e+03,8.383261563265548943e+00
1.366000000000000000e+03,8.197235828359465515e+00
1.367000000000000000e+03,8.356688381505511742e+00
1.368000000000000000e+03,8.331861387558110010e+00
1.369000000000000000e+03,8.190839950885729692e+00
1.370000000000000000e+03,8.295652454045050916e+00
1.371000000000000000e+03,8.563573768513116136e+00
1.372000000000000000e+03,8.364586621917284859e+00
1.373000000000000000e+03,8.237519894018756617e+00
1.374000000000000000e+03,8.288906440379088636e+00
1.375000000000000000e+03,8.285499216891151875e+00
1.376000000000000000e+03,8.580267810954204322e+00
1.377000000000000000e+03,8.394328646792851956e+00
1.378000000000000000e+03,8.285715326436362105e+00
1.379000000000000000e+03,8.272800677363978394e+00
1.380000000000000000e+03,8.287410136987302778e+00
1.381000000000000000e+03,8.630887073753664041e+00
1.382000000000000000e+03,8.429347319762761970e+00
1.383000000000000000e+03,8.380510867925783813e+00
1.384000000000000000e+03,8.236931369587466634e+00
1.385000000000000000e+03,8.358289732305440367e+00
1.386000000000000000e+03,8.382086600999839376e+00
1.387000000000000000e+03,8.524698767306446712e+00
1.388000000000000000e+03,8.259634728920925539e+00
1.389000000000000000e+03,7.882876029044497024e+00
1.390000000000000000e+03,8.096472398193148123e+00
1.391000000000000000e+03,8.395350349034908177e+00
1.392000000000000000e+03,8.324502240821917809e+00
1.393000000000000000e+03,8.332860917873050610e+00
1.394000000000000000e+03,8.176191623652808715e+00
1.395000000000000000e+03,8.156399874245142456e+00
1.396000000000000000e+03,8.563739637403255500e+00
1.397000000000000000e+03,8.382543098598002729e+00
1.398000000000000000e+03,8.267901533479420806e+00
1.399000000000000000e+03,7.999801502362439365e+00
1.400000000000000000e+03,7.897197965154083121e+00
1.401000000000000000e+03,7.946121678885653239e+00
1.402000000000000000e+03,8.003747998892711379e+00
1.403000000000000000e+03,8.065287803234641117e+00
1.404000000000000000e+03,8.033448746937894569e+00
1.405000000000000000e+03,7.914259959961928104e+00
1.406000000000000000e+03,7.911571353045161459e+00
1.407000000000000000e+03,7.789360930085207357e+00
1.408000000000000000e+03,8.079282768325127151e+00
1.409000000000000000e+03,8.053974990020009272e+00
1.410000000000000000e+03,8.006108761124886897e+00
1.411000000000000000e+03,7.925013451670453790e+00
1.412000000000000000e+03,8.000278591683086304e+00
1.413000000000000000e+03,8.145537292033290910e+00
1.414000000000000000e+03,8.070353788705052267e+00
1.415000000000000000e+03,7.851144015277355948e+00
1.416000000000000000e+03,7.883939395161437602e+00
1.417000000000000000e+03,8.247824647809389731e+00
1.418000000000000000e+03,8.113862986811637867e+00
1.419000000000000000e+03,8.252247253925807158e+00
1.420000000000000000e+03,8.115710893817439597e+00
1.421000000000000000e+03,8.043805908917089909e+00
1.422000000000000000e+03,8.084771112972147122e+00
1.423000000000000000e+03,8.463424456960488840e+00
1.424000000000000000e+03,8.649485822500791343e+00
1.425000000000000000e+03,8.482502673178675678e+00
1.426000000000000000e+03,8.505899031538810107e+00
1.427000000000000000e+03,8.288566936247836026e+00
1.428000000000000000e+03,8.467271207650373555e+00
1.429000000000000000e+03,8.611237988356078787e+00
1.430000000000000000e+03,8.606978642543674951e+00
1.431000000000000000e+03,8.444732727527219041e+00
1.432000000000000000e+03,8.517337010273582365e+00
1.433000000000000000e+03,8.707923852061712822e+00
1.434000000000000000e+03,8.756995160901393405e+00
1.435000000000000000e+03,8.571714030029086828e+00
1.436000000000000000e+03,8.447144511846600423e+00
1.437000000000000000e+03,8.458981874807706802e+00
1.438000000000000000e+03,8.436804807917026139e+00
1.439000000000000000e+03,8.588681670274711522e+00
1.440000000000000000e+03,8.682269836873329538e+00
1.441000000000000000e+03,8.591911925632091496e+00
1.442000000000000000e+03,8.125294532782460166e+00
1.443000000000000000e+03,8.508433078639738412e+00
1.444000000000000000e+03,8.551857218608274636e+00
1.445000000000000000e+03,8.835580869272124716e+00
1.446000000000000000e+03,8.598767041627068508e+00
1.447000000000000000e+03,8.315304126243511007e+00
1.448000000000000000e+03,8.627211218610574051e+00
1.449000000000000000e+03,8.570173984849677851e+00
1.450000000000000000e+03,8.803857379669828731e+00
1.451000000000000000e+03,8.674191343347748884e+00
1.452000000000000000e+03,8.459672572574932659e+00
1.453000000000000000e+03,8.122557765116091844e+00
1.454000000000000000e+03,8.240108479112214113e+00
1.455000000000000000e+03,8.276021156548928559e+00
1.456000000000000000e+03,8.481568698238698190e+00
1.457000000000000000e+03,8.271764467574005408e+00
1.458000000000000000e+03,8.093155655061771370e+00
1.459000000000000000e+03,8.234955303429821072e+00
1.460000000000000000e+03,8.300261840267239677e+00
1.461000000000000000e+03,8.661320940065888152e+00
1.462000000000000000e+03,8.270054939559390306e+00
1.463000000000000000e+03,7.992376823695050980e+00
1.464000000000000000e+03,8.184611534382831621e+00
1.465000000000000000e+03,8.494835385751931867e+00
1.466000000000000000e+03,8.285823645322929920e+00
1.467000000000000000e+03,8.222397701091617606e+00
1.468000000000000000e+03,8.359988377429065309e+00
1.469000000000000000e+03,8.256028604693248951e+00
1.470000000000000000e+03,8.325527734645765676e+00
1.471000000000000000e+03,8.438643821334119721e+00
1.472000000000000000e+03,8.236773870048288870e+00
1.473000000000000000e+03,8.178146029536771167e+00
1.474000000000000000e+03,8.098771556436609842e+00
1.475000000000000000e+03,8.143255167653935089e+00
1.476000000000000000e+03,8.328676152031421864e+00
1.477000000000000000e+03,8.240372820459716863e+00
1.478000000000000000e+03,8.074906526434308063e+00
1.479000000000000000e+03,8.121260169658967243e+00
1.480000000000000000e+03,8.237138089177538092e+00
1.481000000000000000e+03,8.283736161775037132e+00
1.482000000000000000e+03,8.292222214496112187e+00
1.483000000000000000e+03,8.165385457768691069e+00
1.484000000000000000e+03,8.298646869389282088e+00
1.485000000000000000e+03,8.063748144052482303e+00
1.486000000000000000e+03,8.173568914342993708e+00
1.487000000000000000e+03,8.171477848800506649e+00
1.488000000000000000e+03,7.976457862804430476e+00
1.489000000000000000e+03,8.056012697088723584e+00
1.490000000000000000e+03,8.329347455677504897e+00
1.491000000000000000e+03,8.110574771999118582e+00
1.492000000000000000e+03,8.128488817382212517e+00
1.493000000000000000e+03,8.282839345781942697e+00
1.494000000000000000e+03,8.130924338958832820e+00
1.495000000000000000e+03,8.344580965289098984e+00
1.496000000000000000e+03,8.370751995692788938e+00
1.497000000000000000e+03,8.482293834140364197e+00
1.498000000000000000e+03,8.486958992073443397e+00
1.499000000000000000e+03,8.364553012666421594e+00
1.500000000000000000e+03,8.301832155149313053e+00
1.501000000000000000e+03,8.362752378684566779e+00
1.502000000000000000e+03,8.501175793956448956e+00
1.503000000000000000e+03,8.576509269961471560e+00
1.504000000000000000e+03,8.456772951093325830e+00
1.505000000000000000e+03,8.349136773459239436e+00
1.506000000000000000e+03,8.628487430960991134e+00
1.507000000000000000e+03,8.706751592418639163e+00
1.508000000000000000e+03,8.771515452850470851e+00
1.509000000000000000e+03,8.682941458111045563e+00
1.510000000000000000e+03,8.620083048067934683e+00
1.511000000000000000e+03,8.429404492032233520e+00
1.512000000000000000e+03,8.605022301392521555e+00
1.513000000000000000e+03,8.690160632504897009e+00
1.514000000000000000e+03,8.726923543223596980e+00
1.515000000000000000e+03,8.416267248793415590e+00
1.516000000000000000e+03,8.551723391339546509e+00
1.517000000000000000e+03,8.542779940584257048e+00
1.518000000000000000e+03,8.704125956447729351e+00
1.519000000000000000e+03,8.756767429998689067e+00
1.520000000000000000e+03,8.651268134959330780e+00
1.521000000000000000e+03,8.523488938567396644e+00
1.522000000000000000e+03,8.570101577630193646e+00
1.523000000000000000e+03,8.821593152815188077e+00
1.524000000000000000e+03,8.797092200009570817e+00
1.525000000000000000e+03,8.638367608108341145e+00
1.526000000000000000e+03,8.501695499100257791e+00
1.527000000000000000e+03,8.697140387276936835e+00
1.528000000000000000e+03,8.886033492951060708e+00
1.529000000000000000e+03,8.898505753845125099e+00
1.530000000000000000e+03,8.893299450799483807e+00
1.531000000000000000e+03,8.750564460626335972e+00
1.532000000000000000e+03,8.772894414080761649e+00
1.533000000000000000e+03,8.533458915797730526e+00
1.534000000000000000e+03,8.499293136822384298e+00
1.535000000000000000e+03,8.380663590682281949e+00
1.536000000000000000e+03,8.324061454249049419e+00
1.537000000000000000e+03,8.379447663338828178e+00
1.538000000000000000e+03,8.379516532944387919e+00
1.539000000000000000e+03,8.434876795196235122e+00
1.540000000000000000e+03,8.513804064774909364e+00
1.541000000000000000e+03,8.350855572617593481e+00
1.542000000000000000e+03,8.354175747998191071e+00
1.543000000000000000e+03,8.362160804547745130e+00
1.544000000000000000e+03,8.483846245428853905e+00
1.545000000000000000e+03,8.526149645320289849e+00
1.546000000000000000e+03,8.396916465612495273e+00
1.547000000000000000e+03,8.225287870026784631e+00
1.548000000000000000e+03,8.268335547649375172e+00
1.549000000000000000e+03,8.288522582570220010e+00
1.550000000000000000e+03,8.490737211534611362e+00
1.551000000000000000e+03,8.434177067394747596e+00
1.552000000000000000e+03,8.318960568142713896e+00
1.553000000000000000e+03,8.400746728077534087e+00
1.554000000000000000e+03,8.371867523517275700e+00
1.555000000000000000e+03,8.498635105584559923e+00
1.556000000000000000e+03,8.311133576340248297e+00
1.557000000000000000e+03,8.216621238254914417e+00
1.558000000000000000e+03,8.162337401642401957e+00
1.559000000000000000e+03,8.193780693474591814e+00
1.560000000000000000e+03,8.316457076760841005e+00
1.561000000000000000e+03,8.375543061849828774e+00
1.562000000000000000e+03,8.449758577659769898e+00
1.563000000000000000e+03,8.269435518122392637e+00
1.564000000000000000e+03,8.384593311057233933e+00
1.565000000000000000e+03,8.433236051235851960e+00
1.566000000000000000e+03,8.514922080625096257e+00
1.567000000000000000e+03,8.418960623751983618e+00
1.568000000000000000e+03,8.253028827573610116e+00
1.569000000000000000e+03,8.371030567972786329e+00
1.570000000000000000e+03,8.425068694788238943e+00
1.571000000000000000e+03,8.527725462939599765e+00
1.572000000000000000e+03,8.454690646856985126e+00
1.573000000000000000e+03,8.204794290432701587e+00
1.574000000000000000e+03,8.302792330398647280e+00
1.575000000000000000e+03,8.262803267502267346e+00
1.576000000000000000e+03,8.474123834742663064e+00
1.577000000000000000e+03,8.532024877441468647e+00
1.578000000000000000e+03,8.441126879375069336e+00
1.579000000000000000e+03,8.314875693859086425e+00
1.580000000000000000e+03,8.349931075074399800e+00
1.581000000000000000e+03,8.480076145379213060e+00
1.582000000000000000e+03,8.632708926374663250e+00
1.583000000000000000e+03,8.134098200600670125e+00
1.584000000000000000e+03,8.268037626346478319e+00
1.585000000000000000e+03,8.380750069177469896e+00
1.586000000000000000e+03,8.443991124653795310e+00
1.587000000000000000e+03,8.445605500634666640e+00
1.588000000000000000e+03,8.403442478574921992e+00
1.589000000000000000e+03,8.266989481981575238e+00
1.590000000000000000e+03,8.421692530902317841e+00
1.591000000000000000e+03,8.522530870554929194e+00
1.592000000000000000e+03,8.570272807206878340e+00
1.593000000000000000e+03,8.408003323283978148e+00
1.594000000000000000e+03,8.645807877723157731e+00
1.595000000000000000e+03,8.324705442640871311e+00
1.596000000000000000e+03,8.455228749493656437e+00
1.597000000000000000e+03,8.568678805208145732e+00
1.598000000000000000e+03,8.635667413409468196e+00
1.599000000000000000e+03,8.399595613310749442e+00
1.600000000000000000e+03,8.366085811790913596e+00
1.601000000000000000e+03,8.417773832538863132e+00
1.602000000000000000e+03,8.811426711777176735e+00
1.603000000000000000e+03,8.851205906911355115e+00
1.604000000000000000e+03,8.921521749919707034e+00
1.605000000000000000e+03,8.651759937291739533e+00
1.606000000000000000e+03,8.558896472141633183e+00
1.607000000000000000e+03,8.786676540705006033e+00
1.608000000000000000e+03,8.826934250901947721e+00
1.609000000000000000e+03,8.740833655856841133e+00
1.610000000000000000e+03,8.693539722501387956e+00
1.611000000000000000e+03,8.766793027061869026e+00
1.612000000000000000e+03,8.462509261353700296e+00
1.613000000000000000e+03,8.790410483528876995e+00
1.614000000000000000e+03,8.754570137890455683e+00
1.615000000000000000e+03,8.622398012010950907e+00
1.616000000000000000e+03,8.638144725690457548e+00
1.617000000000000000e+03,8.743614284019935567e+00
1.618000000000000000e+03,8.840389784956192543e+00
1.619000000000000000e+03,8.837435992849748345e+00
1.620000000000000000e+03,8.771918238118608713e+00
1.621000000000000000e+03,8.620777679051972342e+00
1.622000000000000000e+03,8.582514520542730452e+00
1.623000000000000000e+03,8.765498923247870167e+00
1.624000000000000000e+03,8.884062207178901716e+00
1.625000000000000000e+03,8.751465549566210811e+00
1.626000000000000000e+03,8.572785728538127259e+00
1.627000000000000000e+03,8.531218706932087059e+00
1.628000000000000000e+03,8.585140338157886575e+00
1.629000000000000000e+03,8.759575131770786172e+00
1.630000000000000000e+03,8.728722716629464529e+00
1.631000000000000000e+03,8.844832583169218054e+00
1.632000000000000000e+03,8.226565669597217578e+00
1.633000000000000000e+03,8.354174577500348420e+00
1.634000000000000000e+03,8.525251989837796529e+00
1.635000000000000000e+03,8.440287984988684045e+00
1.636000000000000000e+03,8.414886560578644037e+00
1.637000000000000000e+03,8.301808707332369863e+00
1.638000000000000000e+03,8.440474658922347828e+00
1.639000000000000000e+03,8.462825638713114884e+00
1.640000000000000000e+03,8.474717757350637370e+00
1.641000000000000000e+03,8.579454687567045212e+00
1.642000000000000000e+03,8.421943132747374605e+00
1.643000000000000000e+03,8.429363396688190235e+00
1.644000000000000000e+03,8.471698740730358779e+00
1.645000000000000000e+03,8.553521551474108975e+00
1.646000000000000000e+03,8.547269529560738377e+00
1.647000000000000000e+03,8.420403005101995575e+00
1.648000000000000000e+03,8.442854079265476486e+00
1.649000000000000000e+03,8.432282577055829620e+00
1.650000000000000000e+03,8.476031575121972139e+00
1.651000000000000000e+03,8.565252682162444842e+00
1.652000000000000000e+03,8.279938931585986595e+00
1.653000000000000000e+03,8.326787662640638743e+00
1.654000000000000000e+03,8.187302039468949744e+00
1.655000000000000000e+03,8.540581227882512394e+00
1.656000000000000000e+03,8.522731218334437031e+00
1.657000000000000000e+03,8.144737985251026657e+00
1.658000000000000000e+03,8.348641508935715549e+00
1.659000000000000000e+03,8.389168776239632308e+00
1.660000000000000000e+03,8.538300972725597404e+00
1.661000000000000000e+03,8.460446020552710777e+00
1.662000000000000000e+03,8.615130653038495012e+00
1.663000000000000000e+03,8.604118413736472348e+00
1.664000000000000000e+03,8.555316033676842125e+00
1.665000000000000000e+03,8.635050957489317724e+00
1.666000000000000000e+03,8.759046425650247159e+00
1.667000000000000000e+03,8.896069461195750705e+00
1.668000000000000000e+03,8.609220356117058159e+00
1.669000000000000000e+03,8.611904530010553671e+00
1.670000000000000000e+03,8.657909521369189676e+00
1.671000000000000000e+03,8.535187757770691164e+00
1.672000000000000000e+03,8.718813509881735868e+00
1.673000000000000000e+03,8.511937928793162911e+00
1.674000000000000000e+03,8.523878047199122676e+00
1.675000000000000000e+03,8.602227170806468592e+00
1.676000000000000000e+03,8.594860226340696130e+00
1.677000000000000000e+03,8.393746596635981660e+00
1.678000000000000000e+03,8.638505381947524597e+00
1.679000000000000000e+03,8.499211328632039653e+00
1.680000000000000000e+03,8.518805247675176773e+00
1.681000000000000000e+03,8.735141403450199959e+00
1.682000000000000000e+03,8.704530468225268436e+00
1.683000000000000000e+03,8.663734753361669760e+00
1.684000000000000000e+03,8.444969788529261834e+00
1.685000000000000000e+03,8.514319147169549851e+00
1.686000000000000000e+03,8.662141813726838890e+00
1.687000000000000000e+03,8.786958855436589388e+00
1.688000000000000000e+03,8.621509425085267964e+00
1.689000000000000000e+03,8.542247720533900690e+00
1.690000000000000000e+03,8.559488996523070270e+00
1.691000000000000000e+03,8.494294326951107976e+00
1.692000000000000000e+03,8.584345702917472565e+00
1.693000000000000000e+03,8.384987985340863759e+00
1.694000000000000000e+03,8.381695935138882447e+00
1.695000000000000000e+03,8.331826277542450754e+00
1.696000000000000000e+03,8.336151870670708064e+00
1.697000000000000000e+03,8.456698897003278148e+00
1.698000000000000000e+03,8.432274837380937527e+00
1.699000000000000000e+03,8.453401127123735037e+00
1.700000000000000000e+03,8.263290744339203187e+00
1.701000000000000000e+03,8.360806338402015925e+00
1.702000000000000000e+03,8.326640711821863050e+00
1.703000000000000000e+03,8.325058847599441592e+00
1.704000000000000000e+03,8.272350954993722638e+00
1.705000000000000000e+03,8.078902444084215873e+00
1.706000000000000000e+03,8.084301465996398761e+00
1.707000000000000000e+03,8.401674647110505489e+00
1.708000000000000000e+03,8.347242137949317353e+00
1.709000000000000000e+03,8.407823981999673180e+00
1.710000000000000000e+03,8.383678216778973180e+00
1.711000000000000000e+03,8.323008740277678896e+00
1.712000000000000000e+03,8.503804468370860903e+00
1.713000000000000000e+03,8.600733411409271056e+00
1.714000000000000000e+03,8.489000798466314279e+00
1.715000000000000000e+03,8.155991873415281646e+00
1.716000000000000000e+03,8.538612202505797555e+00
1.717000000000000000e+03,8.606148504439572022e+00
1.718000000000000000e+03,8.659680694449761518e+00
1.719000000000000000e+03,8.394227936259266443e+00
1.720000000000000000e+03,8.615169743521045476e+00
1.721000000000000000e+03,8.712129323120146651e+00
1.722000000000000000e+03,8.901561697343083779e+00
1.723000000000000000e+03,8.998418428697194216e+00
1.724000000000000000e+03,8.891949723460285782e+00
1.725000000000000000e+03,8.923848746066790127e+00
1.726000000000000000e+03,8.915535687529409614e+00
1.727000000000000000e+03,8.899398227957773244e+00
1.728000000000000000e+03,8.969782251325268518e+00
1.729000000000000000e+03,8.932271111243139217e+00
1.730000000000000000e+03,9.014075215831887533e+00
1.731000000000000000e+03,8.644453501229973469e+00
1.732000000000000000e+03,9.056726045362873734e+00
1.733000000000000000e+03,9.114756737857405255e+00
1.734000000000000000e+03,9.142093730922210781e+00
1.735000000000000000e+03,9.140589073362100692e+00
1.736000000000000000e+03,8.944442273799596776e+00
1.737000000000000000e+03,8.985931396114755998e+00
1.738000000000000000e+03,9.112887394693661491e+00
1.739000000000000000e+03,8.951601104224275574e+00
1.740000000000000000e+03,9.003634252877848354e+00
1.741000000000000000e+03,8.618477368308136377e+00
1.742000000000000000e+03,8.628019154422871040e+00
1.743000000000000000e+03,9.051553345072401058e+00
1.744000000000000000e+03,9.046400388373779577e+00
1.745000000000000000e+03,8.910732535220239114e+00
1.746000000000000000e+03,8.975780539691040616e+00
1.747000000000000000e+03,8.780558923622391987e+00
1.748000000000000000e+03,8.640864407245274492e+00
1.749000000000000000e+03,8.528896145913273941e+00
1.750000000000000000e+03,8.597522061217873102e+00
1.751000000000000000e+03,8.505401475706712233e+00
1.752000000000000000e+03,8.115575819939126134e+00
1.753000000000000000e+03,8.168522170642889435e+00
1.754000000000000000e+03,8.373073907921016357e+00
1.755000000000000000e+03,8.246241068614148517e+00
1.756000000000000000e+03,8.377427659665217519e+00
1.757000000000000000e+03,8.171865236117321629e+00
1.758000000000000000e+03,8.343399901013254905e+00
1.759000000000000000e+03,8.203901074643226821e+00
1.760000000000000000e+03,8.143281602882430192e+00
1.761000000000000000e+03,8.381094065554583139e+00
1.762000000000000000e+03,8.137593925412785367e+00
1.763000000000000000e+03,7.970761019129034786e+00
1.764000000000000000e+03,8.324398464142481302e+00
1.765000000000000000e+03,8.065079210617595251e+00
1.766000000000000000e+03,8.364114798589822541e+00
1.767000000000000000e+03,7.990628206760929331e+00
1.768000000000000000e+03,7.790348880371531948e+00
1.769000000000000000e+03,7.816790669875496533e+00
1.770000000000000000e+03,8.061669661446650537e+00
1.771000000000000000e+03,7.953800265156647953e+00
1.772000000000000000e+03,8.033867375947277623e+00
1.773000000000000000e+03,8.095234277944744150e+00
1.774000000000000000e+03,7.960762322485711806e+00
1.775000000000000000e+03,7.866000746456821346e+00
1.776000000000000000e+03,8.137995170310590609e+00
1.777000000000000000e+03,8.309863280632328042e+00
1.778000000000000000e+03,8.062222749557827584e+00
1.779000000000000000e+03,7.568194629048679900e+00
1.780000000000000000e+03,8.325247584857580208e+00
1.781000000000000000e+03,8.070924501683247598e+00
1.782000000000000000e+03,7.844436338893075344e+00
1.783000000000000000e+03,8.252989998972440233e+00
1.784000000000000000e+03,8.098608958230501642e+00
1.785000000000000000e+03,7.781676123292164959e+00
1.786000000000000000e+03,8.228474397412483654e+00
1.787000000000000000e+03,8.169693347830131458e+00
1.788000000000000000e+03,8.149692849555234986e+00
1.789000000000000000e+03,8.047986395183043484e+00
1.790000000000000000e+03,8.030496375464505121e+00
1.791000000000000000e+03,8.247813071291037801e+00
1.792000000000000000e+03,8.264298711167018752e+00
1.793000000000000000e+03,8.196441279261383883e+00
1.794000000000000000e+03,7.858174150588540741e+00
1.795000000000000000e+03,8.121508559914978775e+00
1.796000000000000000e+03,8.185451864011639600e+00
1.797000000000000000e+03,8.490281186705981753e+00
1.798000000000000000e+03,8.686006002547930649e+00
1.799000000000000000e+03,8.506330816954340790e+00
1.800000000000000000e+03,8.393860514659474248e+00
1.801000000000000000e+03,8.362674021599781682e+00
1.802000000000000000e+03,8.460935960729727867e+00
1.803000000000000000e+03,8.630629960922549415e+00
1.804000000000000000e+03,8.714811208728283631e+00
1.805000000000000000e+03,8.707732296669476568e+00
1.806000000000000000e+03,8.289464225596534064e+00
1.807000000000000000e+03,8.677342521445458701e+00
1.808000000000000000e+03,8.665924166183241795e+00
1.809000000000000000e+03,8.193764873582784602e+00
1.810000000000000000e+03,8.386944636902832428e+00
1.811000000000000000e+03,8.608169834128704068e+00
1.812000000000000000e+03,8.592717553755317539e+00
1.813000000000000000e+03,8.698638962457824420e+00
1.814000000000000000e+03,8.576701326058330466e+00
1.815000000000000000e+03,8.235497560438027165e+00
1.816000000000000000e+03,8.321867734271519268e+00
1.817000000000000000e+03,8.137929201505954779e+00
1.818000000000000000e+03,7.987377097453128627e+00
1.819000000000000000e+03,8.654464110427317891e+00
1.820000000000000000e+03,8.471485925649172799e+00
1.821000000000000000e+03,8.256539967819495729e+00
1.822000000000000000e+03,8.422557983685626581e+00
1.823000000000000000e+03,8.483798893631277593e+00
1.824000000000000000e+03,8.253812852625525665e+00
1.825000000000000000e+03,8.423772346507000464e+00
1.826000000000000000e+03,8.121744179359854598e+00
1.827000000000000000e+03,8.577093042135441436e+00
1.828000000000000000e+03,8.383928717779420836e+00
1.829000000000000000e+03,8.360323011576502594e+00
1.830000000000000000e+03,8.641214669846425167e+00
1.831000000000000000e+03,8.736457629743595632e+00
1.832000000000000000e+03,8.418307359911013421e+00
1.833000000000000000e+03,8.567302636013932826e+00
1.834000000000000000e+03,8.768036624442483884e+00
1.835000000000000000e+03,8.655101790143598706e+00
1.836000000000000000e+03,8.669544898755225049e+00
1.837000000000000000e+03,8.694893631583264337e+00
1.838000000000000000e+03,8.895897021084582690e+00
1.839000000000000000e+03,8.860996010940331402e+00
1.840000000000000000e+03,9.104364098356715118e+00
1.841000000000000000e+03,8.808993065563283764e+00
1.842000000000000000e+03,8.712126644664346387e+00
1.843000000000000000e+03,8.629780836858444104e+00
1.844000000000000000e+03,9.033614697455801590e+00
1.845000000000000000e+03,9.579264157584917783e+00
1.846000000000000000e+03,9.443280455758488401e+00
1.847000000000000000e+03,9.459285166542114709e+00
1.848000000000000000e+03,9.483859943385008151e+00
1.849000000000000000e+03,9.575982621839981945e+00
1.850000000000000000e+03,1.003168655358564543e+01
1.851000000000000000e+03,9.815383278516838672e+00
1.852000000000000000e+03,9.850644886109902743e+00
1.853000000000000000e+03,1.003462204813268244e+01
1.854000000000000000e+03,1.025619223953065173e+01
1.855000000000000000e+03,1.055553982059773332e+01
1.856000000000000000e+03,1.060021350422621467e+01
1.857000000000000000e+03,1.055602870233482804e+01
1.858000000000000000e+03,1.054326088258122240e+01
1.859000000000000000e+03,1.086353450881384219e+01
1.860000000000000000e+03,1.135428361816247289e+01
1.861000000000000000e+03,1.101419700115405220e+01
1.862000000000000000e+03,1.151295861684027777e+01
1.863000000000000000e+03,1.176010760616857631e+01
1.864000000000000000e+03,1.145305170922732962e+01
1.865000000000000000e+03,1.194989087507886083e+01
1.866000000000000000e+03,1.225459369047696789e+01
1.867000000000000000e+03,1.240324245096643629e+01
1.868000000000000000e+03,1.224918611637126098e+01
1.869000000000000000e+03,1.272075621092105457e+01
1.870000000000000000e+03,1.308416036273637673e+01
1.871000000000000000e+03,1.344481797822265534e+01
1.872000000000000000e+03,1.377555028148215577e+01
1.873000000000000000e+03,1.397443084068878605e+01
1.874000000000000000e+03,1.421485530567571942e+01
1.875000000000000000e+03,1.447814028669872677e+01
1.876000000000000000e+03,1.508972894896446526e+01
1.877000000000000000e+03,1.512662919796166783e+01
1.878000000000000000e+03,1.560438664740016534e+01
1.879000000000000000e+03,1.584344795398716776e+01
1.880000000000000000e+03,1.618363808516375002e+01
1.881000000000000000e+03,1.640580921431135764e+01
1.882000000000000000e+03,1.740252012299976414e+01
1.883000000000000000e+03,1.730105573454728329e+01
1.884000000000000000e+03,1.756112938506102239e+01
1.885000000000000000e+03,1.805564886189161555e+01
1.886000000000000000e+03,1.846544658355873025e+01
1.887000000000000000e+03,1.912259154007860218e+01
1.888000000000000000e+03,1.949628246945081500e+01
1.889000000000000000e+03,1.983524359035488871e+01
1.890000000000000000e+03,1.991338495289656763e+01
1.891000000000000000e+03,2.075321520999866820e+01
1.892000000000000000e+03,2.123772412195552306e+01
1.893000000000000000e+03,2.160252766291736037e+01
1.894000000000000000e+03,2.196219235655663482e+01
1.895000000000000000e+03,2.223832166174005565e+01
1.896000000000000000e+03,2.258193907445059878e+01
1.897000000000000000e+03,2.301636886601828991e+01
1.898000000000000000e+03,2.392067754609649199e+01
1.899000000000000000e+03,2.389221254281899220e+01
1.900000000000000000e+03,2.443729847896210572e+01
1.901000000000000000e+03,2.451693150438665825e+01
1.902000000000000000e+03,2.507175024546322106e+01
1.903000000000000000e+03,2.546762184626095049e+01
1.904000000000000000e+03,2.573151346732979050e+01
1.905000000000000000e+03,2.602492101660513057e+01
1.906000000000000000e+03,2.641121726320018226e+01
1.907000000000000000e+03,2.713170185043583515e+01
1.908000000000000000e+03,2.740222295034235600e+01
1.909000000000000000e+03,2.769024860034681268e+01
1.910000000000000000e+03,2.755538960977613883e+01
1.911000000000000000e+03,2.755849348357985917e+01
1.912000000000000000e+03,2.810205088340188340e+01
1.913000000000000000e+03,2.851419491168546116e+01
1.914000000000000000e+03,2.885995059032222443e+01
1.915000000000000000e+03,2.882426685668200506e+01
1.916000000000000000e+03,2.887929627220087525e+01
1.917000000000000000e+03,2.925735332679096601e+01
1.918000000000000000e+03,2.952870866475678469e+01
1.919000000000000000e+03,2.984867477023753679e+01
1.920000000000000000e+03,2.963438334969928434e+01
1.921000000000000000e+03,2.983742972868636301e+01
1.922000000000000000e+03,2.987942166162378044e+01
1.923000000000000000e+03,3.032859420173572218e+01
1.924000000000000000e+03,3.064382965379912349e+01
1.925000000000000000e+03,3.041577698525859219e+01
1.926000000000000000e+03,3.042977032131772575e+01
1.927000000000000000e+03,3.059555073110833234e+01
1.928000000000000000e+03,3.091057960756036849e+01
1.929000000000000000e+03,3.091742748857622303e+01
1.930000000000000000e+03,3.081796456829650666e+01
1.931000000000000000e+03,3.113085844961372928e+01
1.932000000000000000e+03,3.102287235834907619e+01
1.933000000000000000e+03,3.152262577914440556e+01
1.934000000000000000e+03,3.131178196150458248e+01
1.935000000000000000e+03,3.147639206861274275e+01
1.936000000000000000e+03,3.152447448313073508e+01
1.937000000000000000e+03,3.133787561451581638e+01
1.938000000000000000e+03,3.163457768829084671e+01
1.939000000000000000e+03,3.166686857661150967e+01
1.940000000000000000e+03,3.193660649430968235e+01
1.941000000000000000e+03,3.189898887396893556e+01
1.942000000000000000e+03,3.239774149895519884e+01
1.943000000000000000e+03,3.195573222415605130e+01
1.944000000000000000e+03,3.218031601826027810e+01
1.945000000000000000e+03,3.266611118499060495e+01
1.946000000000000000e+03,3.205550475334904803e+01
1.947000000000000000e+03,3.183441199508231279e+01
1.948000000000000000e+03,3.217579524220226972e+01
1.949000000000000000e+03,3.226367319241599319e+01
1.950000000000000000e+03,3.229183379422847366e+01
1.951000000000000000e+03,3.217832154413848400e+01
1.952000000000000000e+03,3.215852309382274399e+01
1.953000000000000000e+03,3.225569087850762884e+01
1.954000000000000000e+03,3.204575601447118061e+01
1.955000000000000000e+03,3.247321914315350710e+01
1.956000000000000000e+03,3.240530534468108215e+01
1.957000000000000000e+03,3.241523154201198054e+01
1.958000000000000000e+03,3.243713623507112942e+01
1.959000000000000000e+03,3.250849612294199176e+01
1.960000000000000000e+03,3.272342204902275142e+01
1.961000000000000000e+03,3.285116378954222682e+01
1.962000000000000000e+03,3.249402137337097685e+01
1.963000000000000000e+03,3.250809072771060926e+01
1.964000000000000000e+03,3.237256894655750727e+01
1.965000000000000000e+03,3.248764998312656616e+01
1.966000000000000000e+03,3.254255000887506810e+01
1.967000000000000000e+03,3.257244090146519255e+01
1.968000000000000000e+03,3.243895688351854290e+01
1.969000000000000000e+03,3.241226842288888577e+01
1.970000000000000000e+03,3.264145452141689674e+01
1.971000000000000000e+03,3.307361287953354179e+01
1.972000000000000000e+03,3.246743448868534898e+01
1.973000000000000000e+03,3.252747267733665382e+01
1.974000000000000000e+03,3.247684269165380044e+01
1.975000000000000000e+03,3.252292939948207362e+01
1.976000000000000000e+03,3.257560871865113228e+01
1.977000000000000000e+03,3.255892770937199998e+01
1.978000000000000000e+03,3.269602775676732875e+01
1.979000000000000000e+03,3.231008183436614445e+01
1.980000000000000000e+03,3.231463056818239465e+01
1.981000000000000000e+03,3.242768189357440178e+01
1.982000000000000000e+03,3.245723212566475979e+01
1.983000000000000000e+03,3.241205522774281889e+01
1.984000000000000000e+03,3.226934791117716372e+01
1.985000000000000000e+03,3.195118674991256214e+01
1.986000000000000000e+03,3.226585496654244167e+01
1.987000000000000000e+03,3.218786585905261433e+01
1.988000000000000000e+03,3.210667303397587347e+01
1.989000000000000000e+03,3.219062782802689782e+01
1.990000000000000000e+03,3.233111937610114239e+01
1.991000000000000000e+03,3.226285171528044771e+01
1.992000000000000000e+03,3.220973335776950819e+01
1.993000000000000000e+03,3.221682101555450117e+01
1.994000000000000000e+03,3.207261681538012965e+01
1.995000000000000000e+03,3.197718828229115218e+01
1.996000000000000000e+03,3.208153111051261419e+01
1.997000000000000000e+03,3.237210147949081573e+01
1.998000000000000000e+03,3.266220092973576072e+01
1.999000000000000000e+03,3.218942011833588879e+01
2.000000000000000000e+03,3.213470715958694512e+01
2.001000000000000000e+03,3.234672864106320844e+01
2.002000000000000000e+03,3.259965230959501525e+01
2.003000000000000000e+03,3.235609562675390549e+01
2.004000000000000000e+03,3.249838464320458797e+01
2.005000000000000000e+03,3.235051567759302316e+01
2.006000000000000000e+03,3.226878008924194319e+01
2.007000000000000000e+03,3.242814411006276742e+01
2.008000000000000000e+03,3.239468942855075539e+01
2.009000000000000000e+03,3.238108862269530164e+01
2.010000000000000000e+03,3.223501318177213193e+01
2.011000000000000000e+03,3.208243755313414880e+01
2.012000000000000000e+03,3.257864696703319396e+01
2.013000000000000000e+03,3.265226745604114456e+01
2.014000000000000000e+03,3.242327801701942036e+01
2.015000000000000000e+03,3.265504633944090074e+01
2.016000000000000000e+03,3.266371946721010744e+01
2.017000000000000000e+03,3.234999788876037030e+01
2.018000000000000000e+03,3.258704272201365626e+01
2.019000000000000000e+03,3.289282565539186720e+01
2.020000000000000000e+03,3.265435513060459272e+01
2.021000000000000000e+03,3.269772281229104749e+01
2.022000000000000000e+03,3.267070858341010364e+01
2.023000000000000000e+03,3.270546156841606944e+01
2.024000000000000000e+03,3.281599328928641768e+01
2.025000000000000000e+03,3.273795871833937099e+01
2.026000000000000000e+03,3.236510213492976362e+01
2.027000000000000000e+03,3.252732988263451830e+01
2.028000000000000000e+03,3.262403210172980295e+01
2.029000000000000000e+03,3.273351032040008590e+01
2.030000000000000000e+03,3.231581685482436939e+01
2.031000000000000000e+03,3.258512488849360267e+01
2.032000000000000000e+03,3.247098633529771661e+01
2.033000000000000000e+03,3.259253546644029598e+01
2.034000000000000000e+03,3.274011711546125269e+01
2.035000000000000000e+03,3.262826804717705897e+01
2.036000000000000000e+03,3.248902419656081264e+01
2.037000000000000000e+03,3.245845716323401575e+01
2.038000000000000000e+03,3.232295274425511167e+01
2.039000000000000000e+03,3.239279691271443795e+01
2.040000000000000000e+03,3.223056170394040265e+01
2.041000000000000000e+03,3.204556125143923140e+01
2.042000000000000000e+03,3.189398220088923352e+01
2.043000000000000000e+03,3.189393578240962768e+01
2.044000000000000000e+03,3.200326670083642000e+01
2.045000000000000000e+03,3.214168677870454616e+01
2.046000000000000000e+03,3.202957587562832487e+01
2.047000000000000000e+03,3.197372193810357288e+01
2.048000000000000000e+03,3.218502385308798353e+01
2.049000000000000000e+03,3.208900958763484823e+01
2.050000000000000000e+03,3.231515699296024735e+01
2.051000000000000000e+03,3.231399502286280523e+01
2.052000000000000000e+03,3.217304204510273280e+01
2.053000000000000000e+03,3.224815773378092842e+01
2.054000000000000000e+03,3.231883214603560361e+01
2.055000000000000000e+03,3.240563091986393829e+01
2.056000000000000000e+03,3.249263318815268065e+01
2.057000000000000000e+03,3.229288955960921470e+01
2.058000000000000000e+03,3.212969715710803342e+01
2.059000000000000000e+03,3.235796208776914540e+01
2.060000000000000000e+03,3.238062184646599917e+01
2.061000000000000000e+03,3.232026569801811178e+01
2.062000000000000000e+03,3.232270145612562118e+01
2.063000000000000000e+03,3.218153767119494546e+01
2.064000000000000000e+03,3.213616316607587464e+01
2.065000000000000000e+03,3.225912852170270639e+01
2.066000000000000000e+03,3.226098159538085497e+01
2.067000000000000000e+03,3.256139662701762916e+01
2.068000000000000000e+03,3.247296972104443569e+01
2.069000000000000000e+03,3.256080547983398077e+01
2.070000000000000000e+03,3.269492077888467207e+01
2.071000000000000000e+03,3.288217995896115298e+01
2.072000000000000000e+03,3.305822284037254377e+01
2.073000000000000000e+03,3.280851755617363352e+01
2.074000000000000000e+03,3.273025732100614249e+01
2.075000000000000000e+03,3.282706125098426497e+01
2.076000000000000000e+03,3.295433883799928765e+01
2.077000000000000000e+03,3.267903262203677883e+01
2.078000000000000000e+03,3.258386425628196292e+01
2.079000000000000000e+03,3.240518102976993475e+01
2.080000000000000000e+03,3.261433542206946612e+01
2.081000000000000000e+03,3.277130044027570932e+01
2.082000000000000000e+03,3.261920006913637593e+01
2.083000000000000000e+03,3.271781772744390082e+01
2.084000000000000000e+03,3.244431412304110296e+01
2.085000000000000000e+03,3.242045058247045830e+01
2.086000000000000000e+03,3.258424164534309853e+01
2.087000000000000000e+03,3.268871715333217054e+01
2.088000000000000000e+03,3.249318232267010131e+01
2.089000000000000000e+03,3.249666344246934102e+01
2.090000000000000000e+03,3.240879283195148730e+01
2.091000000000000000e+03,3.262311276048555442e+01
2.092000000000000000e+03,3.281303995201218271e+01
2.093000000000000000e+03,3.271246712157191894e+01
2.094000000000000000e+03,3.265094045960306346e+01
2.095000000000000000e+03,3.270913795399456347e+01
2.096000000000000000e+03,3.285406853836622787e+01
2.097000000000000000e+03,3.294407419111215773e+01
2.098000000000000000e+03,3.278653287318615384e+01
2.099000000000000000e+03,3.276985546192666732e+01
2.100000000000000000e+03,3.270416417539211551e+01
2.101000000000000000e+03,3.277827246758923962e+01
2.102000000000000000e+03,3.293053145392909897e+01
2.103000000000000000e+03,3.310731953577764131e+01
2.104000000000000000e+03,3.280129409846188082e+01
2.105000000000000000e+03,3.250508538235654044e+01
2.106000000000000000e+03,3.247485083521992522e+01
2.107000000000000000e+03,3.233569180506112417e+01
2.108000000000000000e+03,3.268690637566235324e+01
2.109000000000000000e+03,3.262758255599067070e+01
2.110000000000000000e+03,3.241694343156325431e+01
2.111000000000000000e+03,3.255892744952571860e+01
2.112000000000000000e+03,3.249756496611652778e+01
2.113000000000000000e+03,3.269727779789667466e+01
2.114000000000000000e+03,3.261156577653299848e+01
2.115000000000000000e+03,3.243367228763812449e+01
2.116000000000000000e+03,3.241805291705381364e+01
2.117000000000000000e+03,3.248932004845929811e+01
2.118000000000000000e+03,3.277318532474951240e+01
2.119000000000000000e+03,3.287926086183822605e+01
2.120000000000000000e+03,3.277440173479877217e+01
2.121000000000000000e+03,3.261439129971125794e+01
2.122000000000000000e+03,3.276137877289739464e+01
2.123000000000000000e+03,3.279967462357199537e+01
2.124000000000000000e+03,3.269869500102459625e+01
2.125000000000000000e+03,3.245438502167528583e+01
2.126000000000000000e+03,3.276937780861481997e+01
2.127000000000000000e+03,3.238139339909037773e+01
2.128000000000000000e+03,3.263977938349252383e+01
2.129000000000000000e+03,3.248674221488299452e+01
2.130000000000000000e+03,3.245411073487735365e+01
2.131000000000000000e+03,3.232026128571842349e+01
2.132000000000000000e+03,3.240309324471118657e+01
2.133000000000000000e+03,3.263552402201082003e+01
2.134000000000000000e+03,3.276029066252977628e+01
2.135000000000000000e+03,3.274357043886957541e+01
2.136000000000000000e+03,3.267582110746432988e+01
2.137000000000000000e+03,3.273423695198336247e+01
2.138000000000000000e+03,3.264799268017954148e+01
2.139000000000000000e+03,3.278890054433094292e+01
2.140000000000000000e+03,3.291305700210438090e+01
2.141000000000000000e+03,3.269118131583340414e+01
2.142000000000000000e+03,3.269056772025220425e+01
2.143000000000000000e+03,3.263262864046538425e+01
2.144000000000000000e+03,3.275498832033598973e+01
2.145000000000000000e+03,3.270498989193239225e+01
2.146000000000000000e+03,3.267397777622601751e+01
2.147000000000000000e+03,3.228371496789705475e+01
2.148000000000000000e+03,3.241781871197979825e+01
2.149000000000000000e+03,3.249357317362516540e+01
2.150000000000000000e+03,3.260137528612297331e+01
2.151000000000000000e+03,3.246341494214263435e+01
2.152000000000000000e+03,3.241364306367984938e+01
2.153000000000000000e+03,3.226694215956909062e+01
2.154000000000000000e+03,3.245722975966746304e+01
2.155000000000000000e+03,3.248831676182204831e+01
2.156000000000000000e+03,3.261339597425449455e+01
2.157000000000000000e+03,3.244193979462452404e+01
2.158000000000000000e+03,3.230066895828443307e+01
2.159000000000000000e+03,3.245997361827004823e+01
2.160000000000000000e+03,3.235994939073552246e+01
2.161000000000000000e+03,3.252029206506063730e+01
2.162000000000000000e+03,3.216273698223047006e+01
2.163000000000000000e+03,3.198818572462138832e+01
2.164000000000000000e+03,3.216168130762350330e+01
2.165000000000000000e+03,3.231752291115324027e+01
2.166000000000000000e+03,3.230195375681253722e+01
2.167000000000000000e+03,3.216775444503407044e+01
2.168000000000000000e+03,3.212359159947497744e+01
2.169000000000000000e+03,3.216582281871347959e+01
2.170000000000000000e+03,3.212521576606098961e+01
2.171000000000000000e+03,3.220144718671896555e+01
2.172000000000000000e+03,3.231027011754763834e+01
2.173000000000000000e+03,3.209577273721566115e+01
2.174000000000000000e+03,3.198408934519162727e+01
2.175000000000000000e+03,3.211100066183170298e+01
2.176000000000000000e+03,3.224161225373040907e+01
2.177000000000000000e+03,3.197188140830515124e+01
2.178000000000000000e+03,3.207550331055325898e+01
2.179000000000000000e+03,3.216265150735344491e+01
2.180000000000000000e+03,3.212974523924249581e+01
2.181000000000000000e+03,3.218938702616699032e+01
2.182000000000000000e+03,3.224152075772715165e+01
2.183000000000000000e+03,3.214855403438946269e+01
2.184000000000000000e+03,3.198355912145885327e+01
2.185000000000000000e+03,3.205564586868212018e+01
2.186000000000000000e+03,3.212356673804615070e+01
2.187000000000000000e+03,3.226535503383701808e+01
2.188000000000000000e+03,3.214716750864605643e+01
2.189000000000000000e+03,3.196781366986939688e+01
2.190000000000000000e+03,3.200881020988097703e+01
2.191000000000000000e+03,3.239735454388939218e+01
2.192000000000000000e+03,3.241337548621963549e+01
2.193000000000000000e+03,3.213042423260768032e+01
2.194000000000000000e+03,3.228996602067482513e+01
2.195000000000000000e+03,3.241251918140707033e+01
2.196000000000000000e+03,3.229040854176294317e+01
2.197000000000000000e+03,3.261361999306354420e+01
2.198000000000000000e+03,3.286974883097895628e+01
2.199000000000000000e+03,3.252181262689634877e+01
2.200000000000000000e+03,3.234281025919951702e+01
2.201000000000000000e+03,3.236662151314524039e+01
2.202000000000000000e+03,3.263022867136673000e+01
2.203000000000000000e+03,3.258885474477622068e+01
2.204000000000000000e+03,3.250473630253565460e+01
2.205000000000000000e+03,3.236922088515395757e+01
2.206000000000000000e+03,3.244922144435723510e+01
2.207000000000000000e+03,3.248795640871075108e+01
2.208000000000000000e+03,3.253562963928602869e+01
2.209000000000000000e+03,3.259813334419607145e+01
2.210000000000000000e+03,3.228152637246357415e+01
2.211000000000000000e+03,3.241888219743687927e+01
2.212000000000000000e+03,3.250167300340780940e+01
2.213000000000000000e+03,3.250680816172191356e+01
2.214000000000000000e+03,3.249361508384424724e+01
2.215000000000000000e+03,3.255634264750096207e+01
2.216000000000000000e+03,3.206015340521349088e+01
2.217000000000000000e+03,3.234546362283785470e+01
2.218000000000000000e+03,3.244198482581660414e+01
2.219000000000000000e+03,3.243652398681007298e+01
2.220000000000000000e+03,3.222056245026870158e+01
2.221000000000000000e+03,3.227172456582080429e+01
2.222000000000000000e+03,3.226976790728962641e+01
2.223000000000000000e+03,3.239482491957934940e+01
2.224000000000000000e+03,3.260579463000789957e+01
2.225000000000000000e+03,3.201339310437296604e+01
2.226000000000000000e+03,3.187183804537556853e+01
2.227000000000000000e+03,3.192272709781448370e+01
2.228000000000000000e+03,3.203039694246609059e+01
2.229000000000000000e+03,3.210825485562705950e+01
2.230000000000000000e+03,3.209585008787924210e+01
2.231000000000000000e+03,3.187477864998459154e+01
2.232000000000000000e+03,3.189943029639906058e+01
2.233000000000000000e+03,3.192474763836206719e+01
2.234000000000000000e+03,3.206548510381011852e+01
2.235000000000000000e+03,3.196418406078713303e+01
2.236000000000000000e+03,3.203757370177875430e+01
2.237000000000000000e+03,3.188611974691121631e+01
2.238000000000000000e+03,3.188598923758518211e+01
2.239000000000000000e+03,3.196195321382506904e+01
2.240000000000000000e+03,3.195550940691309805e+01
2.241000000000000000e+03,3.192318498422419282e+01
2.242000000000000000e+03,3.183109413905495444e+01
2.243000000000000000e+03,3.186151869690283434e+01
2.244000000000000000e+03,3.202767456172087179e+01
2.245000000000000000e+03,3.193399627250999373e+01
2.246000000000000000e+03,3.189612131162533970e+01
2.247000000000000000e+03,3.181323827147485162e+01
2.248000000000000000e+03,3.191373563287298509e+01
2.249000000000000000e+03,3.180416381384378965e+01
2.250000000000000000e+03,3.193263734316445479e+01
2.251000000000000000e+03,3.179699422503055928e+01
2.252000000000000000e+03,3.173593347335633297e+01
2.253000000000000000e+03,3.165893480136100635e+01
2.254000000000000000e+03,3.183461043867586682e+01
2.255000000000000000e+03,3.177634172008849234e+01
2.256000000000000000e+03,3.175988386417468945e+01
2.257000000000000000e+03,3.170828861184125103e+01
2.258000000000000000e+03,3.160824010230096803e+01
2.259000000000000000e+03,3.173964136193345453e+01
2.260000000000000000e+03,3.179462397823983721e+01
2.261000000000000000e+03,3.175816529680497169e+01
2.262000000000000000e+03,3.162668125952178499e+01
2.263000000000000000e+03,3.140702170565317175e+01
2.264000000000000000e+03,3.144556767422849575e+01
2.265000000000000000e+03,3.153745196158289943e+01
2.266000000000000000e+03,3.176661878031256236e+01
2.267000000000000000e+03,3.181549738045814379e+01
2.268000000000000000e+03,3.166849184561261410e+01
2.269000000000000000e+03,3.164417004534126576e+01
2.270000000000000000e+03,3.171284484874407639e+01
2.271000000000000000e+03,3.182414383400577762e+01
2.272000000000000000e+03,3.174087759632203287e+01
2.273000000000000000e+03,3.162059110472337053e+01
2.274000000000000000e+03,3.137018743938316234e+01
2.275000000000000000e+03,3.166885026246083257e+01
2.276000000000000000e+03,3.178842808923412022e+01
2.277000000000000000e+03,3.172680766133520436e+01
2.278000000000000000e+03,3.160960878218361003e+01
2.279000000000000000e+03,3.149162888624014656e+01
2.280000000000000000e+03,3.155323252396818390e+01
2.281000000000000000e+03,3.174366500432359928e+01
2.282000000000000000e+03,3.160481078150217371e+01
2.283000000000000000e+03,3.148192006096712703e+01
2.284000000000000000e+03,3.149494798318675848e+01
2.285000000000000000e+03,3.146181857075216470e+01
2.286000000000000000e+03,3.152791044962398104e+01
2.287000000000000000e+03,3.163813235679192459e+01
2.288000000000000000e+03,3.122737236985832254e+01
2.289000000000000000e+03,3.144019717223632782e+01
2.290000000000000000e+03,3.160401649408208868e+01
2.291000000000000000e+03,3.130916395558666565e+01
2.292000000000000000e+03,3.177103417627813897e+01
2.293000000000000000e+03,3.147489515125511517e+01
2.294000000000000000e+03,3.143452419192485436e+01
2.295000000000000000e+03,3.154842786843002500e+01
2.296000000000000000e+03,3.131627611894465346e+01
2.297000000000000000e+03,3.120981672144578312e+01
2.298000000000000000e+03,3.139323286301396010e+01
2.299000000000000000e+03,3.111141985057208359e+01
2.300000000000000000e+03,3.110459380630172888e+01
2.301000000000000000e+03,3.122090225624602056e+01
2.302000000000000000e+03,3.119500255907193065e+01
2.303000000000000000e+03,3.150631620551174450e+01
2.304000000000000000e+03,3.156742684946006605e+01
2.305000000000000000e+03,3.120973791919714557e+01
2.306000000000000000e+03,3.128440313456432165e+01
2.307000000000000000e+03,3.117477031929144715e+01
2.308000000000000000e+03,3.132158318413417675e+01
2.309000000000000000e+03,3.119932835572249985e+01
2.310000000000000000e+03,3.108531576143813169e+01
2.311000000000000000e+03,3.101176735327352674e+01
2.312000000000000000e+03,3.116995919763890655e+01
2.313000000000000000e+03,3.110464260588629770e+01
2.314000000000000000e+03,3.120845166429480599e+01
2.315000000000000000e+03,3.083298086612987277e+01
2.316000000000000000e+03,3.089313368626500278e+01
2.317000000000000000e+03,3.084689739631009431e+01
2.318000000000000000e+03,3.102422596780050412e+01
2.319000000000000000e+03,3.096019060192682915e+01
2.320000000000000000e+03,3.095767403724768485e+01
2.321000000000000000e+03,3.080604893489063301e+01
2.322000000000000000e+03,3.084627013916970029e+01
2.323000000000000000e+03,3.092942725803354520e+01
2.324000000000000000e+03,3.118067463238330106e+01
2.325000000000000000e+03,3.089727924993628605e+01
2.326000000000000000e+03,3.077930873746624485e+01
2.327000000000000000e+03,3.075834333097172646e+01
2.328000000000000000e+03,3.079104362868183031e+01
2.329000000000000000e+03,3.099325560127644863e+01
2.330000000000000000e+03,3.085944835948567189e+01
2.331000000000000000e+03,3.080682762351898418e+01
2.332000000000000000e+03,3.074380759463202750e+01
2.333000000000000000e+03,3.068997764693148511e+01
2.334000000000000000e+03,3.119783092461700136e+01
2.335000000000000000e+03,3.093432771669382575e+01
2.336000000000000000e+03,3.046472191447882949e+01
2.337000000000000000e+03,3.076172533887080718e+01
2.338000000000000000e+03,3.078131443975159698e+01
2.339000000000000000e+03,3.079926603156492959e+01
2.340000000000000000e+03,3.098117268903564892e+01
2.341000000000000000e+03,3.078072485273228764e+01
2.342000000000000000e+03,3.054341894819742720e+01
2.343000000000000000e+03,3.062905995705911266e+01
2.344000000000000000e+03,3.094327991873049299e+01
2.345000000000000000e+03,3.085967725478852941e+01
2.346000000000000000e+03,3.103314747587124955e+01
2.347000000000000000e+03,3.072458601357495667e+01
2.348000000000000000e+03,3.075259103077495837e+01
2.349000000000000000e+03,3.087227588391363042e+01
2.350000000000000000e+03,3.096052232445159547e+01
2.351000000000000000e+03,3.089325620883868240e+01
2.352000000000000000e+03,3.076811262039786499e+01
2.353000000000000000e+03,3.076613268684680236e+01
2.354000000000000000e+03,3.075543996514769063e+01
2.355000000000000000e+03,3.090831911620583483e+01
2.356000000000000000e+03,3.087645379592598616e+01
2.357000000000000000e+03,3.098528709292968486e+01
2.358000000000000000e+03,3.064025400991619819e+01
2.359000000000000000e+03,3.073752104950500552e+01
2.360000000000000000e+03,3.083390412205110209e+01
2.361000000000000000e+03,3.084102921860839075e+01
2.362000000000000000e+03,3.072663254934641941e+01
2.363000000000000000e+03,3.073766916321090648e+01
2.364000000000000000e+03,3.059264920831972745e+01
2.365000000000000000e+03,3.109032250717475065e+01
2.366000000000000000e+03,3.094256412148890334e+01
2.367000000000000000e+03,3.064348833443628095e+01
2.368000000000000000e+03,3.075280689339384210e+01
2.369000000000000000e+03,3.058261283262247332e+01
2.370000000000000000e+03,3.101310618725367974e+01
2.371000000000000000e+03,3.099880864795839486e+01
2.372000000000000000e+03,3.091484246847054962e+01
2.373000000000000000e+03,3.055964371429826443e+01
2.374000000000000000e+03,3.053050094931616343e+01
2.375000000000000000e+03,3.063426127237780960e+01
2.376000000000000000e+03,3.072991144212806347e+01
2.377000000000000000e+03,3.100822870812248055e+01
2.378000000000000000e+03,3.043639323602742408e+01
2.379000000000000000e+03,3.051452971391905677e+01
2.380000000000000000e+03,3.057356403847033377e+01
2.381000000000000000e+03,3.080049130415127934e+01
2.382000000000000000e+03,3.070847694717836163e+01
2.383000000000000000e+03,3.068444045828742972e+01
2.384000000000000000e+03,3.049102572963040458e+01
2.385000000000000000e+03,3.047847177652316475e+01
2.386000000000000000e+03,3.066909974157660557e+01
2.387000000000000000e+03,3.075280972113173661e+01
2.388000000000000000e+03,3.073237767471735538e+01
2.389000000000000000e+03,3.060475547669524232e+01
2.390000000000000000e+03,3.050821628915968375e+01
2.391000000000000000e+03,3.059928364699483083e+01
2.392000000000000000e+03,3.084191071942635176e+01
2.393000000000000000e+03,3.069515113767500480e+01
2.394000000000000000e+03,3.052490194392388645e+01
2.395000000000000000e+03,3.058879860248972804e+01
2.396000000000000000e+03,3.059313447131201613e+01
2.397000000000000000e+03,3.074783662865597478e+01
2.398000000000000000e+03,3.067074819517973339e+01
2.399000000000000000e+03,3.053576922016322825e+01
2.400000000000000000e+03,3.052434055856274853e+01
2.401000000000000000e+03,3.047623728989373859e+01
2.402000000000000000e+03,3.053655941848054312e+01
2.403000000000000000e+03,3.061226950547239412e+01
2.404000000000000000e+03,3.053683701936429884e+01
2.405000000000000000e+03,3.047208484505946657e+01
2.406000000000000000e+03,3.048384858989767920e+01
2.407000000000000000e+03,3.056331844821535171e+01
2.408000000000000000e+03,3.073669822536750473e+01
2.409000000000000000e+03,3.052378340842453497e+01
2.410000000000000000e+03,3.044447781283114196e+01
2.411000000000000000e+03,3.068346565363161105e+01
2.412000000000000000e+03,3.059846714628790210e+01
2.413000000000000000e+03,3.071086922663430130e+01
2.414000000000000000e+03,3.068920487451527634e+01
2.415000000000000000e+03,3.038004641006932616e+01
2.416000000000000000e+03,3.046236864002701950e+01
2.417000000000000000e+03,3.041630842717192706e+01
2.418000000000000000e+03,3.060144791972490808e+01
2.419000000000000000e+03,3.068856882069470871e+01
2.420000000000000000e+03,3.053295029639392411e+01
2.421000000000000000e+03,3.068463383455669913e+01
2.422000000000000000e+03,3.045803083781202858e+01
2.423000000000000000e+03,3.058274857742533825e+01
2.424000000000000000e+03,3.067873610692422304e+01
2.425000000000000000e+03,3.058082245776583363e+01
2.426000000000000000e+03,3.050615069683194847e+01
2.427000000000000000e+03,3.048658852551777088e+01
2.428000000000000000e+03,3.036420279878928596e+01
2.429000000000000000e+03,3.061023003637336259e+01
2.430000000000000000e+03,3.051771229917233796e+01
2.431000000000000000e+03,3.040623657166551652e+01
2.432000000000000000e+03,3.018927618191391460e+01
2.433000000000000000e+03,3.033683415435120168e+01
2.434000000000000000e+03,3.050470016034219611e+01
2.435000000000000000e+03,3.077740302655251270e+01
2.436000000000000000e+03,3.065541114974237757e+01
2.437000000000000000e+03,3.058926156056638845e+01
2.438000000000000000e+03,3.065044098083487256e+01
2.439000000000000000e+03,3.070284702553627909e+01
2.440000000000000000e+03,3.102578473265300119e+01
2.441000000000000000e+03,3.074888059665910589e+01
2.442000000000000000e+03,3.069470656617157900e+01
2.443000000000000000e+03,3.061062139360803869e+01
2.444000000000000000e+03,3.072868564847505723e+01
2.445000000000000000e+03,3.070664716508422742e+01
2.446000000000000000e+03,3.040492470127386682e+01
2.447000000000000000e+03,3.060677989255058762e+01
2.448000000000000000e+03,3.048740218314347317e+01
2.449000000000000000e+03,3.049386970212628256e+01
2.450000000000000000e+03,3.057689549139077911e+01
2.451000000000000000e+03,3.086927600556747464e+01
2.452000000000000000e+03,3.064023590579652634e+01
2.453000000000000000e+03,3.056331416622327524e+01
2.454000000000000000e+03,3.063575399751686135e+01
2.455000000000000000e+03,3.077912633966697697e+01
2.456000000000000000e+03,3.077990254850338658e+01
2.457000000000000000e+03,3.066347126928432232e+01
2.458000000000000000e+03,3.058905350611607687e+01
2.459000000000000000e+03,3.047276627472396271e+01
2.460000000000000000e+03,3.073844022147510202e+01
2.461000000000000000e+03,3.080260465149213545e+01
2.462000000000000000e+03,3.070232092983586725e+01
2.463000000000000000e+03,3.054957993147464634e+01
2.464000000000000000e+03,3.066762136309647246e+01
2.465000000000000000e+03,3.054453887520717004e+01
2.466000000000000000e+03,3.057734833098627902e+01
2.467000000000000000e+03,3.051766081499276240e+01
2.468000000000000000e+03,3.034668078403244351e+01
2.469000000000000000e+03,3.009452944639897609e+01
2.470000000000000000e+03,3.035843830067885207e+01
2.471000000000000000e+03,3.058371977208467385e+01
2.472000000000000000e+03,3.048118662438266213e+01
2.473000000000000000e+03,3.038741760295650707e+01
2.474000000000000000e+03,3.027151217194246158e+01
2.475000000000000000e+03,3.048933855167525309e+01
2.476000000000000000e+03,3.046391919645895996e+01
2.477000000000000000e+03,3.053274579340357420e+01
2.478000000000000000e+03,3.039162513358834516e+01
2.479000000000000000e+03,3.044812184073764172e+01
2.480000000000000000e+03,3.059315575226416684e+01
2.481000000000000000e+03,3.059431272423985604e+01
2.482000000000000000e+03,3.051685323287997420e+01
2.483000000000000000e+03,3.015018881446435373e+01
2.484000000000000000e+03,3.038870462575281195e+01
2.485000000000000000e+03,3.018728110107042539e+01
2.486000000000000000e+03,3.030862887880623902e+01
2.487000000000000000e+03,3.040631368603107276e+01
2.488000000000000000e+03,3.033119800558980117e+01
2.489000000000000000e+03,2.993740184284853001e+01
2.490000000000000000e+03,3.020345912447059433e+01
2.491000000000000000e+03,3.030751046814975780e+01
2.492000000000000000e+03,3.040091434517807301e+01
2.493000000000000000e+03,3.038135117008392427e+01
2.494000000000000000e+03,3.020333698359034358e+01
2.495000000000000000e+03,3.029024840667460694e+01
2.496000000000000000e+03,3.049457181820867646e+01
2.497000000000000000e+03,3.042393417490570329e+01
2.498000000000000000e+03,3.049103359600445273e+01
2.499000000000000000e+03,3.028464640730688728e+01
2.500000000000000000e+03,3.006113083936889296e+01
2.501000000000000000e+03,3.039154071756673403e+01
2.502000000000000000e+03,3.029224316599618305e+01
2.503000000000000000e+03,3.043704902066186690e+01
2.504000000000000000e+03,3.033206809308835616e+01
2.505000000000000000e+03,3.024059508939304308e+01
2.506000000000000000e+03,3.035015505713069217e+01
2.507000000000000000e+03,3.041830405118239256e+01
2.508000000000000000e+03,3.017967134645655847e+01
2.509000000000000000e+03,3.021113251423329515e+01
2.510000000000000000e+03,3.007144976090556199e+01
2.511000000000000000e+03,3.006812711609535782e+01
2.512000000000000000e+03,3.022054496033738857e+01
2.513000000000000000e+03,3.002870455592871579e+01
2.514000000000000000e+03,3.000272890314143126e+01
2.515000000000000000e+03,3.022578451808380606e+01
2.516000000000000000e+03,3.024152962390978416e+01
2.517000000000000000e+03,3.023023098354402904e+01
2.518000000000000000e+03,3.042360111852205051e+01
2.519000000000000000e+03,3.044109283784209552e+01
2.520000000000000000e+03,3.015083578102682438e+01
2.521000000000000000e+03,3.044390316767553273e+01
2.522000000000000000e+03,3.016782444485119541e+01
2.523000000000000000e+03,3.041986580637812310e+01
2.524000000000000000e+03,3.026835173032928239e+01
2.525000000000000000e+03,3.024732718776265017e+01
2.526000000000000000e+03,3.014607941768927546e+01
2.527000000000000000e+03,3.014229147006039611e+01
2.528000000000000000e+03,3.014042938632839608e+01
2.529000000000000000e+03,3.021968291185502764e+01
2.530000000000000000e+03,3.028777101936680793e+01
2.531000000000000000e+03,3.008002978461843213e+01
2.532000000000000000e+03,3.009672888930055024e+01
2.533000000000000000e+03,3.015667499874469470e+01
2.534000000000000000e+03,3.017282070400248273e+01
2.535000000000000000e+03,3.014739356563207195e+01
2.536000000000000000e+03,3.027836552591254105e+01
2.537000000000000000e+03,3.022234432720378905e+01
2.538000000000000000e+03,3.028292168746719781e+01
2.539000000000000000e+03,3.047531795784744446e+01
2.540000000000000000e+03,3.036110587402518846e+01
2.541000000000000000e+03,3.004523049568131299e+01
2.542000000000000000e+03,3.019634421879110775e+01
2.543000000000000000e+03,3.033503025828841615e+01
2.544000000000000000e+03,3.047312392828550642e+01
2.545000000000000000e+03,3.036062766702465510e+01
2.546000000000000000e+03,3.035567013267385761e+01
2.547000000000000000e+03,3.026794938133955526e+01
2.548000000000000000e+03,3.058602017457081246e+01
2.549000000000000000e+03,3.039110025747634936e+01
2.550000000000000000e+03,3.030951901253051162e+01
2.551000000000000000e+03,3.023181265419709973e+01
2.552000000000000000e+03,3.031795816798141274e+01
2.553000000000000000e+03,3.021402702615693059e+01
2.554000000000000000e+03,3.018738397307070898e+01
2.555000000000000000e+03,3.049374541149915174e+01
2.556000000000000000e+03,3.039223222293223969e+01
2.557000000000000000e+03,3.027330025936276670e+01
2.558000000000000000e+03,3.031240437176253977e+01
2.559000000000000000e+03,3.041018805395295033e+01
2.560000000000000000e+03,3.039674282527415272e+01
2.561000000000000000e+03,3.021098258085631727e+01
2.562000000000000000e+03,3.020975127196550858e+01
2.563000000000000000e+03,3.011383284303834884e+01
2.564000000000000000e+03,3.006698637158977405e+01
2.565000000000000000e+03,3.010330129986808601e+01
2.566000000000000000e+03,3.023605000603652471e+01
2.567000000000000000e+03,3.017099665378930951e+01
2.568000000000000000e+03,2.998867254341640276e+01
2.569000000000000000e+03,3.004453170513307469e+01
2.570000000000000000e+03,2.993354066505425592e+01
2.571000000000000000e+03,3.034262462982857755e+01
2.572000000000000000e+03,3.015600927387880859e+01
2.573000000000000000e+03,3.002909001316019300e+01
2.574000000000000000e+03,2.995540216470806172e+01
2.575000000000000000e+03,3.006115834778529816e+01
2.576000000000000000e+03,3.022877947285439504e+01
2.577000000000000000e+03,3.025221980938174937e+01
2.578000000000000000e+03,3.005456879175726925e+01
2.579000000000000000e+03,3.024607673681531139e+01
2.580000000000000000e+03,3.011757776715966273e+01
2.581000000000000000e+03,3.021831804560333978e+01
2.582000000000000000e+03,3.024929324838141298e+01
2.583000000000000000e+03,3.012303618903922242e+01
2.584000000000000000e+03,2.998732990091373196e+01
2.585000000000000000e+03,3.006844154741024511e+01
2.586000000000000000e+03,3.007835360785364287e+01
2.587000000000000000e+03,3.035261408536199923e+01
2.588000000000000000e+03,2.997920822283264286e+01
2.589000000000000000e+03,3.006824903196133647e+01
2.590000000000000000e+03,3.002054469319417507e+01
2.591000000000000000e+03,3.062749547302443887e+01
2.592000000000000000e+03,3.050907066801386591e+01
2.593000000000000000e+03,3.053440746487834190e+01
2.594000000000000000e+03,3.037288744745029945e+01
2.595000000000000000e+03,3.042520473006697657e+01
2.596000000000000000e+03,3.041770363846360326e+01
2.597000000000000000e+03,3.048898543655327842e+01
2.598000000000000000e+03,3.046909876479616486e+01
2.599000000000000000e+03,3.048895396531312585e+01
2.600000000000000000e+03,3.036597338652485334e+01
2.601000000000000000e+03,3.086302330126903115e+01
2.602000000000000000e+03,3.087316900769299011e+01
2.603000000000000000e+03,3.055291848753878270e+01
2.604000000000000000e+03,3.055455098926103830e+01
2.605000000000000000e+03,3.045091337908168327e+01
2.606000000000000000e+03,3.052258735808369394e+01
2.607000000000000000e+03,3.061191384590922127e+01
2.608000000000000000e+03,3.063218084798901586e+01
2.609000000000000000e+03,3.056446114599075869e+01
2.610000000000000000e+03,3.029305154861460281e+01
2.611000000000000000e+03,3.031788929974791813e+01
2.612000000000000000e+03,3.057438933873995168e+01
2.613000000000000000e+03,3.088472861341199049e+01
2.614000000000000000e+03,3.049682630163756514e+01
2.615000000000000000e+03,3.045603358090352231e+01
2.616000000000000000e+03,3.038914942924148122e+01
2.617000000000000000e+03,3.046414683491708075e+01
2.618000000000000000e+03,3.055134135896328829e+01
2.619000000000000000e+03,3.057649430442732097e+01
2.620000000000000000e+03,3.054136488079925371e+01
2.621000000000000000e+03,3.032691331550218194e+01
2.622000000000000000e+03,3.048819879172699743e+01
2.623000000000000000e+03,3.049402519386879717e+01
2.624000000000000000e+03,3.055521034041591477e+01
2.625000000000000000e+03,3.023672814498345573e+01
2.626000000000000000e+03,3.030983010790228604e+01
2.627000000000000000e+03,3.068115800288576622e+01
2.628000000000000000e+03,3.059540402860791986e+01
2.629000000000000000e+03,3.060757014302107493e+01
2.630000000000000000e+03,3.035398665820624586e+01
2.631000000000000000e+03,3.010469756158856924e+01
2.632000000000000000e+03,2.992292868160176411e+01
2.633000000000000000e+03,3.015858606792791363e+01
2.634000000000000000e+03,3.040337138879359458e+01
2.635000000000000000e+03,3.025899045229051865e+01
2.636000000000000000e+03,3.024284136906290854e+01
2.637000000000000000e+03,3.023928763096309424e+01
2.638000000000000000e+03,3.020037768395711453e+01
2.639000000000000000e+03,3.041822390102096563e+01
2.640000000000000000e+03,3.046416307293040049e+01
2.641000000000000000e+03,3.040036004311123818e+01
2.642000000000000000e+03,3.024397599938831860e+01
2.643000000000000000e+03,3.019700872611752018e+01
2.644000000000000000e+03,3.028486092975113664e+01
2.645000000000000000e+03,3.018476590150117644e+01
2.646000000000000000e+03,3.012839732347758925e+01
2.647000000000000000e+03,3.003872420414632316e+01
2.648000000000000000e+03,2.993158083898212851e+01
2.649000000000000000e+03,3.015065485559417624e+01
2.650000000000000000e+03,3.022906285521751713e+01
2.651000000000000000e+03,3.042783333066986984e+01
2.652000000000000000e+03,3.000983707277365653e+01
2.653000000000000000e+03,3.003332975916356418e+01
2.654000000000000000e+03,3.006645199762601450e+01
2.655000000000000000e+03,3.011688565212743640e+01
2.656000000000000000e+03,3.007237523597754603e+01
2.657000000000000000e+03,3.016496442954015222e+01
2.658000000000000000e+03,2.994791759980626011e+01
2.659000000000000000e+03,2.977509551326209802e+01
2.660000000000000000e+03,3.019389052070883039e+01
2.661000000000000000e+03,3.025271410762474389e+01
2.662000000000000000e+03,3.024861022620745743e+01
2.663000000000000000e+03,2.984404867629253388e+01
2.664000000000000000e+03,2.991564035758790396e+01
2.665000000000000000e+03,2.983944910534744821e+01
2.666000000000000000e+03,3.012797037929005839e+01
2.667000000000000000e+03,3.001036115866345710e+01
2.668000000000000000e+03,2.983874335101685560e+01
2.669000000000000000e+03,3.002583839658190357e+01
2.670000000000000000e+03,3.000066751405535825e+01
2.671000000000000000e+03,3.020527444017035990e+01
2.672000000000000000e+03,2.969892255680451854e+01
2.673000000000000000e+03,2.966149632626610355e+01
2.674000000000000000e+03,2.972721116063766900e+01
2.675000000000000000e+03,2.979632308807122953e+01
2.676000000000000000e+03,3.009201975176689103e+01
2.677000000000000000e+03,3.005745938691072183e+01
2.678000000000000000e+03,3.005664766143069855e+01
2.679000000000000000e+03,2.983834879890940073e+01
2.680000000000000000e+03,2.987282480827576592e+01
2.681000000000000000e+03,2.988478941194497196e+01
2.682000000000000000e+03,2.993609744698152042e+01
2.683000000000000000e+03,2.990409172387924741e+01
2.684000000000000000e+03,2.987598343363397291e+01
2.685000000000000000e+03,3.011623774708777290e+01
2.686000000000000000e+03,3.000051752128597116e+01
2.687000000000000000e+03,3.006866674373134529e+01
2.688000000000000000e+03,2.966467880416046299e+01
2.689000000000000000e+03,2.958178760774469040e+01
2.690000000000000000e+03,2.958035352322449896e+01
2.691000000000000000e+03,2.961228470853959038e+01
2.692000000000000000e+03,2.990776016648767666e+01
2.693000000000000000e+03,3.012595261089732901e+01
2.694000000000000000e+03,3.016040125287502605e+01
2.695000000000000000e+03,3.009119065577127827e+01
2.696000000000000000e+03,3.005665004140061924e+01
2.697000000000000000e+03,3.007849392817867695e+01
2.698000000000000000e+03,3.034330061139564449e+01
2.699000000000000000e+03,3.015707570126171078e+01
2.700000000000000000e+03,3.000897398762887391e+01
2.701000000000000000e+03,3.009374822782973169e+01
2.702000000000000000e+03,3.039245915629887662e+01
2.703000000000000000e+03,3.037156910602298154e+01
2.704000000000000000e+03,3.033833499974012327e+01
2.705000000000000000e+03,3.019768968536311604e+01
2.706000000000000000e+03,3.024977328705524116e+01
2.707000000000000000e+03,3.060681179398594409e+01
2.708000000000000000e+03,3.045495609026821526e+01
2.709000000000000000e+03,3.028276959797666379e+01
2.710000000000000000e+03,3.031049973083782589e+01
2.711000000000000000e+03,3.008664328694562684e+01
2.712000000000000000e+03,3.031415418274238149e+01
2.713000000000000000e+03,3.050479947035953288e+01
2.714000000000000000e+03,3.020225982845770218e+01
2.715000000000000000e+03,3.021685678231552075e+01
2.716000000000000000e+03,3.023699888479326248e+01
2.717000000000000000e+03,3.022800204620018860e+01
2.718000000000000000e+03,3.035637469068000627e+01
2.719000000000000000e+03,3.042168476670842736e+01
2.720000000000000000e+03,3.028019435283169614e+01
2.721000000000000000e+03,3.022981022963858067e+01
2.722000000000000000e+03,3.010727224959726911e+01
2.723000000000000000e+03,3.020608757636981423e+01
2.724000000000000000e+03,3.030360295241536406e+01
2.725000000000000000e+03,3.014707687273705261e+01
2.726000000000000000e+03,3.012513807283392353e+01
2.727000000000000000e+03,3.023695425740834608e+01
2.728000000000000000e+03,3.019464943778136501e+01
2.729000000000000000e+03,3.028560124665682807e+01
2.730000000000000000e+03,3.022685987322994094e+01
2.731000000000000000e+03,3.008966949793930468e+01
2.732000000000000000e+03,2.998358322935462539e+01
2.733000000000000000e+03,3.015523986056856387e+01
2.734000000000000000e+03,3.037837105393234793e+01
2.735000000000000000e+03,3.042629005218702787e+01
2.736000000000000000e+03,3.001893616654302832e+01
2.737000000000000000e+03,3.002533898940085422e+01
2.738000000000000000e+03,3.013213220976888707e+01
2.739000000000000000e+03,3.016724591563233204e+01
2.740000000000000000e+03,3.030058613859430494e+01
2.741000000000000000e+03,3.027676411091070463e+01
2.742000000000000000e+03,3.021385896413865879e+01
2.743000000000000000e+03,3.027391774293364080e+01
2.744000000000000000e+03,3.030746268905097907e+01
2.745000000000000000e+03,3.039828970132086994e+01
2.746000000000000000e+03,3.029279294909908415e+01
2.747000000000000000e+03,3.022876573139499001e+01
2.748000000000000000e+03,3.031068013352730262e+01
2.749000000000000000e+03,3.065133614701281672e+01
2.750000000000000000e+03,3.046718920406471298e+01
2.751000000000000000e+03,3.066300521176696137e+01
2.752000000000000000e+03,3.066898277539504036e+01
2.753000000000000000e+03,3.066782254851859690e+01
2.754000000000000000e+03,3.081771856026104217e+01
2.755000000000000000e+03,3.071957423395629405e+01
2.756000000000000000e+03,3.091653886453940103e+01
2.757000000000000000e+03,3.072716419403234767e+01
2.758000000000000000e+03,3.069509505469112298e+01
2.759000000000000000e+03,3.097876618655516623e+01
2.760000000000000000e+03,3.084983767013817513e+01
2.761000000000000000e+03,3.076289038404812715e+01
2.762000000000000000e+03,3.080495977386260975e+01
2.763000000000000000e+03,3.070189744334765081e+01
2.764000000000000000e+03,3.086405106636811269e+01
2.765000000000000000e+03,3.092315478075555291e+01
2.766000000000000000e+03,3.104937534445651437e+01
2.767000000000000000e+03,3.103415821821975840e+01
2.768000000000000000e+03,3.090758886787851267e+01
2.769000000000000000e+03,3.088540933996496207e+01
2.770000000000000000e+03,3.089020079064152569e+01
2.771000000000000000e+03,3.100655255155067280e+01
2.772000000000000000e+03,3.102094367974234856e+01
2.773000000000000000e+03,3.092992532431915009e+01
2.774000000000000000e+03,3.082098896293279822e+01
2.775000000000000000e+03,3.093594378113711230e+01
2.776000000000000000e+03,3.116726369428832655e+01
2.777000000000000000e+03,3.101002777223801132e+01
2.778000000000000000e+03,3.105230883373785034e+01
2.779000000000000000e+03,3.045615553650096885e+01
2.780000000000000000e+03,3.058034387772062956e+01
2.781000000000000000e+03,3.065882667187862509e+01
2.782000000000000000e+03,3.075467976682300986e+01
2.783000000000000000e+03,3.065045808158015461e+01
2.784000000000000000e+03,3.053327034676799911e+01
2.785000000000000000e+03,3.080732612298884376e+01
2.786000000000000000e+03,3.061472709032163664e+01
2.787000000000000000e+03,3.073619929862988442e+01
2.788000000000000000e+03,3.048588668792325862e+01
2.789000000000000000e+03,3.060973495010480860e+01
2.790000000000000000e+03,3.043605288083513827e+01
2.791000000000000000e+03,3.055469415192311544e+01
2.792000000000000000e+03,3.076819475193822484e+01
2.793000000000000000e+03,3.069079386083048178e+01
2.794000000000000000e+03,3.028066052797674246e+01
2.795000000000000000e+03,3.029012247175841210e+01
2.796000000000000000e+03,3.038362470613866861e+01
2.797000000000000000e+03,3.044565954173902611e+01
2.798000000000000000e+03,3.022020055420713902e+01
2.799000000000000000e+03,3.041893045249757321e+01
2.800000000000000000e+03,3.023225211144038127e+01
2.801000000000000000e+03,3.036752970794526263e+01
2.802000000000000000e+03,3.055265430550511851e+01
2.803000000000000000e+03,3.042413010683011976e+01
2.804000000000000000e+03,3.038607108212803354e+01
2.805000000000000000e+03,3.035314253665847417e+01
2.806000000000000000e+03,3.044120895950744199e+01
2.807000000000000000e+03,3.050105877912974606e+01
2.808000000000000000e+03,3.051511155505592043e+01
2.809000000000000000e+03,3.059224139594754277e+01
2.810000000000000000e+03,3.035627555829649893e+01
2.811000000000000000e+03,3.029645672374675058e+01
2.812000000000000000e+03,3.044525889114839856e+01
2.813000000000000000e+03,3.053936200761621578e+01
2.814000000000000000e+03,3.041798526451313123e+01
2.815000000000000000e+03,3.047628417322223626e+01
2.816000000000000000e+03,3.032038781154806628e+01
2.817000000000000000e+03,3.055096256924012366e+01
2.818000000000000000e+03,3.039462436093129583e+01
2.819000000000000000e+03,3.065817355831818958e+01
