0.000000000000000000e+00,1.177661089602018429e-01
1.000000000000000000e+00,-2.705618403556686591e-01
2.000000000000000000e+00,-7.897806244797350717e-02
3.000000000000000000e+00,-2.666168558658736643e-02
4.000000000000000000e+00,2.405388934697734460e-01
5.000000000000000000e+00,5.035241547322878708e-02
6.000000000000000000e+00,8.847242969138011115e-02
7.000000000000000000e+00,-3.503593699419610408e-02
8.000000000000000000e+00,-1.402146522684781793e-01
9.000000000000000000e+00,7.715826742944255356e-02
1.000000000000000000e+01,3.048163784481012772e-01
1.100000000000000000e+01,1.883104886323784810e-01
1.200000000000000000e+01,9.397132456759799135e-03
1.300000000000000000e+01,3.140609782695340246e-02
1.400000000000000000e+01,1.136727583606317177e-01
1.500000000000000000e+01,3.449063021811385465e-02
1.600000000000000000e+01,1.541041060054223477e-01
1.700000000000000000e+01,3.175594885919916927e-02
1.800000000000000000e+01,1.136160494936745424e-01
1.900000000000000000e+01,3.775240910556911661e-02
2.000000000000000000e+01,2.444698112390347455e-01
2.100000000000000000e+01,4.810694911358473491e-02
2.200000000000000000e+01,-7.964611444796554363e-02
2.300000000000000000e+01,-1.176768810392528342e-02
2.400000000000000000e+01,9.021336555037642868e-02
2.500000000000000000e+01,6.129371870186556270e-02
2.600000000000000000e+01,2.409003723479907488e-01
2.700000000000000000e+01,2.537842467476237457e-02
2.800000000000000000e+01,-7.719544686644777554e-02
2.900000000000000000e+01,-9.394389837873831639e-02
3.000000000000000000e+01,2.670530232889236633e-01
3.100000000000000000e+01,3.969072160072448230e-01
3.200000000000000000e+01,1.844542498140543385e-01
3.300000000000000000e+01,-1.237454582286201532e-02
3.400000000000000000e+01,1.142283545929313193e-01
3.500000000000000000e+01,2.192265338708006273e-02
3.600000000000000000e+01,2.142279487033594276e-01
3.700000000000000000e+01,2.998075942539765726e-01
3.800000000000000000e+01,1.843565091516695675e-01
3.900000000000000000e+01,9.213121555712809607e-02
4.000000000000000000e+01,1.271642167303291271e-01
4.100000000000000000e+01,1.918177267954375986e-01
4.200000000000000000e+01,1.403129238916286659e-01
4.300000000000000000e+01,-2.112264123859386444e-01
4.400000000000000000e+01,9.094119860178306869e-02
4.500000000000000000e+01,2.061828465072648719e-02
4.600000000000000000e+01,1.606440270592545128e-01
4.700000000000000000e+01,1.582707687944285291e-01
4.800000000000000000e+01,1.887517140727749121e-01
4.900000000000000000e+01,1.223496016287757698e-01
5.000000000000000000e+01,-3.369429717096031340e-02
5.100000000000000000e+01,1.301656316013840853e-01
5.200000000000000000e+01,9.613827121424212141e-02
5.300000000000000000e+01,2.291026560170446869e-01
5.400000000000000000e+01,6.933147253408759869e-02
5.500000000000000000e+01,-1.999289245420846628e-01
5.600000000000000000e+01,2.361093623560364951e-01
5.700000000000000000e+01,1.675555626038001122e-01
5.800000000000000000e+01,-2.565133021914736688e-02
5.900000000000000000e+01,1.073104077254425082e-01
6.000000000000000000e+01,-3.104981511995058563e-01
6.100000000000000000e+01,-2.303489911099264598e-01
6.200000000000000000e+01,-3.343313603106711218e-01
6.300000000000000000e+01,-9.233180078868558072e-02
6.400000000000000000e+01,-2.324331040688416006e-01
6.500000000000000000e+01,-4.060574250010769992e-01
6.600000000000000000e+01,-5.657584880020202212e-01
6.700000000000000000e+01,-3.956748128985266844e-01
6.800000000000000000e+01,-1.982528477548357870e-01
6.900000000000000000e+01,-1.749753357863939318e-01
7.000000000000000000e+01,-5.379048115224700499e-01
7.100000000000000000e+01,-5.953943773221885838e-01
7.200000000000000000e+01,-2.626453988169905607e-01
7.300000000000000000e+01,-6.874692661643525549e-01
7.400000000000000000e+01,-6.258835946149231555e-01
7.500000000000000000e+01,-6.155513079036256663e-01
7.600000000000000000e+01,-7.473557662894219078e-01
7.700000000000000000e+01,-4.632749212809446071e-01
7.800000000000000000e+01,-3.585788228707763037e-01
7.900000000000000000e+01,-4.044335698330054907e-01
8.000000000000000000e+01,-6.830041252601493085e-01
8.100000000000000000e+01,-5.972589248780223459e-01
8.200000000000000000e+01,-4.823275141367032726e-01
8.300000000000000000e+01,-8.511523011028535035e-02
8.400000000000000000e+01,-2.277917506316445850e-01
8.500000000000000000e+01,-2.973375160965907038e-01
8.600000000000000000e+01,-5.702226142056934233e-01
8.700000000000000000e+01,-8.108560163704533474e-01
8.800000000000000000e+01,-2.845626531726449526e-01
8.900000000000000000e+01,-1.295507687463796631e-01
9.000000000000000000e+01,1.075485773621684960e-01
9.100000000000000000e+01,-2.067932504632303270e-01
9.200000000000000000e+01,-2.420776105670988110e-01
9.300000000000000000e+01,-2.663991815338990210e-01
9.400000000000000000e+01,-1.344369006391094024e-01
9.500000000000000000e+01,-1.506118418677968307e-01
9.600000000000000000e+01,-2.191724329478949851e-01
9.700000000000000000e+01,-4.727211000413914649e-02
9.800000000000000000e+01,-2.471737420648583983e-01
9.900000000000000000e+01,1.421240107499917027e-01
1.000000000000000000e+02,3.631982696860287102e-02
1.010000000000000000e+02,6.633623691630004954e-03
1.020000000000000000e+02,-1.094277273508846571e-01
1.030000000000000000e+02,7.405449200512201346e-02
1.040000000000000000e+02,1.318564385449175203e-01
1.050000000000000000e+02,1.073461009281950762e-01
1.060000000000000000e+02,-1.831094193266691317e-01
1.070000000000000000e+02,-6.781774726924116869e-02
1.080000000000000000e+02,-2.165505770461562812e-02
1.090000000000000000e+02,9.607050463485627967e-02
1.100000000000000000e+02,2.460180450615954972e-01
1.110000000000000000e+02,8.863771163051679947e-02
1.120000000000000000e+02,2.599631141180222538e-02
1.130000000000000000e+02,4.368446471155243427e-02
1.140000000000000000e+02,4.055038807138889451e-02
1.150000000000000000e+02,2.461885837378570696e-01
1.160000000000000000e+02,1.603364034425763807e-01
1.170000000000000000e+02,2.891233618356682522e-02
1.180000000000000000e+02,-2.671662010295733358e-02
1.190000000000000000e+02,3.034070563062692127e-02
1.200000000000000000e+02,2.518423251004825447e-01
1.210000000000000000e+02,2.105120644318062562e-01
1.220000000000000000e+02,2.458433402330488238e-01
1.230000000000000000e+02,-4.078914642524911205e-03
1.240000000000000000e+02,1.042756004542637061e-01
1.250000000000000000e+02,1.729586807813289773e-01
1.260000000000000000e+02,1.136845664738080353e-01
1.270000000000000000e+02,-2.107872081869473779e-01
1.280000000000000000e+02,-1.384144383818954882e-01
1.290000000000000000e+02,5.860303402766559727e-02
1.300000000000000000e+02,5.012661296040609588e-02
1.310000000000000000e+02,1.216876569226693489e-01
1.320000000000000000e+02,2.733195509379740540e-03
1.330000000000000000e+02,-2.501486718399534848e-01
1.340000000000000000e+02,1.471262212593056617e-01
1.350000000000000000e+02,5.736052012613317846e-02
1.360000000000000000e+02,9.464441783601025560e-02
1.370000000000000000e+02,2.667003216202853411e-01
1.380000000000000000e+02,1.018146045103078684e-01
1.390000000000000000e+02,-1.201014323419596630e-01
1.400000000000000000e+02,-1.067726611875813858e-01
1.410000000000000000e+02,8.834993723357410789e-02
1.420000000000000000e+02,8.191451063244091502e-02
1.430000000000000000e+02,1.430618965988156473e-02
1.440000000000000000e+02,-2.328373935619441892e-01
1.450000000000000000e+02,-9.133204344106213290e-02
1.460000000000000000e+02,1.093677199824228119e-01
1.470000000000000000e+02,7.034043819159112310e-02
1.480000000000000000e+02,1.455514581681708643e-02
1.490000000000000000e+02,-1.018418185794020270e-01
1.500000000000000000e+02,1.787543432369093355e-01
1.510000000000000000e+02,5.410510447951867585e-02
1.520000000000000000e+02,7.997676301360669149e-02
1.530000000000000000e+02,3.782589298690918200e-01
1.540000000000000000e+02,2.366015303972436867e-01
1.550000000000000000e+02,2.364859901220574823e-01
1.560000000000000000e+02,2.985761215991740158e-01
1.570000000000000000e+02,3.327129162783531990e-01
1.580000000000000000e+02,2.630056769901022440e-01
1.590000000000000000e+02,2.110340819374992294e-01
1.600000000000000000e+02,2.258788580669164048e-01
1.610000000000000000e+02,3.413498049430714887e-01
1.620000000000000000e+02,2.263533466156200935e-01
1.630000000000000000e+02,4.464373016690512674e-01
1.640000000000000000e+02,2.095824971760157640e-01
1.650000000000000000e+02,1.433563960527044490e-01
1.660000000000000000e+02,1.463247982613327391e-01
1.670000000000000000e+02,3.237850106464505995e-01
1.680000000000000000e+02,3.512763482432642026e-01
1.690000000000000000e+02,2.396062296425918725e-01
1.700000000000000000e+02,1.217127489630626114e-01
1.710000000000000000e+02,2.830804213487629339e-01
1.720000000000000000e+02,4.388685573159171183e-01
1.730000000000000000e+02,4.262901662315826679e-01
1.740000000000000000e+02,3.882814628154290792e-01
1.750000000000000000e+02,2.683403868268853243e-01
1.760000000000000000e+02,-4.170024558066248721e-02
1.770000000000000000e+02,3.413581080852620131e-01
1.780000000000000000e+02,3.382519120817277791e-01
1.790000000000000000e+02,4.413370223429275430e-01
1.800000000000000000e+02,1.976103104828910717e-01
1.810000000000000000e+02,2.436115562637581056e-01
1.820000000000000000e+02,4.274767545215292230e-01
1.830000000000000000e+02,1.109473690100889476e-01
1.840000000000000000e+02,1.136310769373259227e-01
1.850000000000000000e+02,-3.039396471406258585e-02
1.860000000000000000e+02,-4.246136491214927422e-03
1.870000000000000000e+02,-8.751524580130853881e-02
1.880000000000000000e+02,4.850684630004874209e-02
1.890000000000000000e+02,1.636895077496290374e-01
1.900000000000000000e+02,3.496674634840348656e-02
1.910000000000000000e+02,7.763802461332125482e-03
1.920000000000000000e+02,-1.126133920241227382e-01
1.930000000000000000e+02,-1.223209599153274180e-01
1.940000000000000000e+02,6.975100249244460537e-02
1.950000000000000000e+02,-1.656942494238798635e-01
1.960000000000000000e+02,5.038313751948327035e-02
1.970000000000000000e+02,-8.654750413633302553e-02
1.980000000000000000e+02,-2.613290461645466703e-02
1.990000000000000000e+02,9.015863167840472425e-02
2.000000000000000000e+02,8.976293806196916636e-02
2.010000000000000000e+02,-3.473263569677689094e-02
2.020000000000000000e+02,-1.475039364718955526e-01
2.030000000000000000e+02,-1.039561825645586718e-01
2.040000000000000000e+02,2.186710728534657644e-01
2.050000000000000000e+02,2.137270041770306661e-01
2.060000000000000000e+02,4.269939917932594198e-02
2.070000000000000000e+02,1.837677087330994996e-01
2.080000000000000000e+02,-9.136488798624262109e-03
2.090000000000000000e+02,3.708148306127081323e-02
2.100000000000000000e+02,1.560594407991167387e-01
2.110000000000000000e+02,1.103554215281508655e-01
2.120000000000000000e+02,-5.690913419421962660e-02
2.130000000000000000e+02,-1.292130047380372626e-01
2.140000000000000000e+02,7.449802728915325134e-02
2.150000000000000000e+02,-1.479732755336594374e-01
2.160000000000000000e+02,-3.030730094020456927e-02
2.170000000000000000e+02,-7.196109481773325933e-02
2.180000000000000000e+02,-1.503146823541357535e-01
2.190000000000000000e+02,3.050549770879502215e-02
2.200000000000000000e+02,5.686291078858193154e-02
2.210000000000000000e+02,2.194579754891515244e-02
2.220000000000000000e+02,3.650371840446807459e-02
2.230000000000000000e+02,1.339381257978851381e-02
2.240000000000000000e+02,-1.205181659529442340e-01
2.250000000000000000e+02,5.323463236706227342e-02
2.260000000000000000e+02,1.563439916745203440e-01
2.270000000000000000e+02,4.225553883437074831e-02
2.280000000000000000e+02,-1.885604931746755197e-02
2.290000000000000000e+02,-1.181706520884054645e-01
2.300000000000000000e+02,6.310080085478692036e-02
2.310000000000000000e+02,5.958077535043915934e-02
2.320000000000000000e+02,7.203436861900219812e-02
2.330000000000000000e+02,-1.325394684140988044e-01
2.340000000000000000e+02,-7.611070310734535660e-02
2.350000000000000000e+02,-9.105744340542666626e-02
2.360000000000000000e+02,-3.928894835009397180e-03
2.370000000000000000e+02,9.711916985126677060e-02
2.380000000000000000e+02,1.065857320819308812e-01
2.390000000000000000e+02,-4.333746398852363763e-02
2.400000000000000000e+02,-1.266508682528523777e-01
2.410000000000000000e+02,-1.558735881970752524e-01
2.420000000000000000e+02,-2.979064894535596308e-01
2.430000000000000000e+02,-3.452378397429878287e-01
2.440000000000000000e+02,-1.926775073846347386e-01
2.450000000000000000e+02,-1.712657186091897099e-01
2.460000000000000000e+02,-1.395872391041979299e-01
2.470000000000000000e+02,-8.272340209803914490e-01
2.480000000000000000e+02,-2.698196363289253608e-01
2.490000000000000000e+02,-9.173489892560796055e-02
2.500000000000000000e+02,-2.192401721465932207e-01
2.510000000000000000e+02,-6.368362857981813008e-03
2.520000000000000000e+02,2.203671646410823304e-01
2.530000000000000000e+02,2.234655135163276241e-01
2.540000000000000000e+02,-2.785297715179828604e-01
2.550000000000000000e+02,-3.349189267538050796e-01
2.560000000000000000e+02,8.342940887925665017e-02
2.570000000000000000e+02,1.159082473861251517e-01
2.580000000000000000e+02,7.035834607533028584e-02
2.590000000000000000e+02,-1.077095641114221847e-01
2.600000000000000000e+02,9.218144084022794615e-02
2.610000000000000000e+02,3.228608039261600671e-01
2.620000000000000000e+02,1.200697448577314752e-01
2.630000000000000000e+02,1.759201858342453739e-01
2.640000000000000000e+02,-2.479601998037880839e-02
2.650000000000000000e+02,1.154912851414952313e-01
2.660000000000000000e+02,-1.322420511428275269e-01
2.670000000000000000e+02,1.101391445249634837e-01
2.680000000000000000e+02,-8.697884023976795720e-02
2.690000000000000000e+02,8.735587135983988172e-02
2.700000000000000000e+02,6.922526763845213149e-02
2.710000000000000000e+02,-9.789730606793986545e-02
2.720000000000000000e+02,2.391497973926929310e-01
2.730000000000000000e+02,2.916645459155537967e-01
2.740000000000000000e+02,-3.201640213853074179e-02
2.750000000000000000e+02,-5.469963371987146550e-02
2.760000000000000000e+02,-3.520293246063247450e-01
2.770000000000000000e+02,2.208256749176134570e-01
2.780000000000000000e+02,5.120801895991641262e-01
2.790000000000000000e+02,-6.961940354116932794e-02
2.800000000000000000e+02,-1.950030126448842605e-01
2.810000000000000000e+02,-1.317356642976212633e-01
2.820000000000000000e+02,-1.865265386924807312e-01
2.830000000000000000e+02,-2.622480081460204504e-02
2.840000000000000000e+02,-4.301544408834503952e-02
2.850000000000000000e+02,-2.487091505104124523e-01
2.860000000000000000e+02,-1.803247538090476942e-01
2.870000000000000000e+02,-2.494608343649724891e-01
2.880000000000000000e+02,1.078657139999213144e-01
2.890000000000000000e+02,-3.283324039104343339e-02
2.900000000000000000e+02,-6.186228857606576592e-02
2.910000000000000000e+02,-2.901202493763885837e-01
2.920000000000000000e+02,-7.935390450408072449e-02
2.930000000000000000e+02,-5.438037494990699550e-02
2.940000000000000000e+02,-1.061606514128299594e-01
2.950000000000000000e+02,3.377261994588277583e-01
2.960000000000000000e+02,-4.435284350042056900e-02
2.970000000000000000e+02,-1.711900939136812294e-03
2.980000000000000000e+02,3.679616986228877451e-01
2.990000000000000000e+02,6.903250310321983330e-01
3.000000000000000000e+02,4.331470556917349501e-01
3.010000000000000000e+02,-5.901373045765712089e-03
3.020000000000000000e+02,1.889734396163315344e-01
3.030000000000000000e+02,1.339802394099537386e-01
3.040000000000000000e+02,5.790648375944951187e-01
3.050000000000000000e+02,1.840426086226696345e-01
3.060000000000000000e+02,1.371244157621042681e-01
3.070000000000000000e+02,3.524404870191955030e-03
3.080000000000000000e+02,-1.965649530132808631e-01
3.090000000000000000e+02,-2.866326830734061692e-02
3.100000000000000000e+02,1.148539632003700711e-01
3.110000000000000000e+02,1.866321026029698904e-01
3.120000000000000000e+02,-4.142406280301503263e-01
3.130000000000000000e+02,8.294262691807346988e-02
3.140000000000000000e+02,1.896650445716709099e-01
3.150000000000000000e+02,2.118084598285986386e-01
3.160000000000000000e+02,2.735830640246266210e-01
3.170000000000000000e+02,-2.436061751419031640e-02
3.180000000000000000e+02,-9.465293489510182012e-02
3.190000000000000000e+02,9.142355360287529598e-02
3.200000000000000000e+02,2.711697891231021895e-01
3.210000000000000000e+02,1.170200804035048392e-01
3.220000000000000000e+02,-8.124346971238485815e-02
3.230000000000000000e+02,1.961720750823742199e-01
3.240000000000000000e+02,1.248569680072682264e-01
3.250000000000000000e+02,6.061528240941894963e-02
3.260000000000000000e+02,4.195763124068385697e-02
3.270000000000000000e+02,1.112986160969033217e-01
3.280000000000000000e+02,-1.355586455493247300e-01
3.290000000000000000e+02,4.861293245911217642e-02
3.300000000000000000e+02,-2.288261225124985920e-01
3.310000000000000000e+02,3.366780764285349226e-01
3.320000000000000000e+02,2.396213689873960828e-01
3.330000000000000000e+02,-4.526639876978362231e-01
3.340000000000000000e+02,1.322588854924841573e-02
3.350000000000000000e+02,2.647891504763792425e-01
3.360000000000000000e+02,4.573431526923646961e-01
3.370000000000000000e+02,3.483210283310586020e-01
3.380000000000000000e+02,6.717458919152843877e-02
3.390000000000000000e+02,1.137269790459266849e-01
3.400000000000000000e+02,1.402551458691004838e-01
3.410000000000000000e+02,-1.722230565738477881e-02
3.420000000000000000e+02,2.436799456791832741e-01
3.430000000000000000e+02,1.934168106755115302e-01
3.440000000000000000e+02,3.393436130460920908e-02
3.450000000000000000e+02,-1.774286393655616911e-01
3.460000000000000000e+02,2.203796273800047167e-01
3.470000000000000000e+02,3.006317940591645144e-01
3.480000000000000000e+02,4.838432829752263853e-01
3.490000000000000000e+02,3.161706459813847792e-01
3.500000000000000000e+02,3.490801726658143145e-01
3.510000000000000000e+02,6.899026811234405532e-01
3.520000000000000000e+02,3.182152361169799937e-01
3.530000000000000000e+02,5.049557249810283643e-01
3.540000000000000000e+02,2.335980565765967687e-01
3.550000000000000000e+02,2.441508048831189659e-01
3.560000000000000000e+02,3.160278700475442348e-01
3.570000000000000000e+02,5.205434599628347980e-01
3.580000000000000000e+02,3.308998674927084993e-01
3.590000000000000000e+02,4.860226128048794059e-01
3.600000000000000000e+02,2.443602251507771550e-01
3.610000000000000000e+02,4.342266938130414644e-01
3.620000000000000000e+02,6.246351206018470048e-01
3.630000000000000000e+02,5.587141210664384738e-01
3.640000000000000000e+02,7.295447090024029246e-02
3.650000000000000000e+02,2.375437294516862530e-01
3.660000000000000000e+02,2.161962218160903004e-01
3.670000000000000000e+02,3.869667140075497280e-01
3.680000000000000000e+02,6.649768457170646130e-01
3.690000000000000000e+02,4.987647506025167932e-01
3.700000000000000000e+02,2.962598406021382802e-01
3.710000000000000000e+02,4.957920490933304114e-01
3.720000000000000000e+02,6.960068030370716308e-01
3.730000000000000000e+02,8.795577822153215486e-01
3.740000000000000000e+02,5.590186091072406604e-01
3.750000000000000000e+02,5.054211351000242880e-01
3.760000000000000000e+02,2.387648235952578579e-01
3.770000000000000000e+02,7.458181407340355729e-02
3.780000000000000000e+02,1.576343295469072314e-01
3.790000000000000000e+02,3.159251271479821543e-01
3.800000000000000000e+02,2.348774387854649093e-02
3.810000000000000000e+02,-1.501636268983160272e-01
3.820000000000000000e+02,-3.224076816729473660e-02
3.830000000000000000e+02,3.171707642627618062e-01
3.840000000000000000e+02,2.470378596043873165e-01
3.850000000000000000e+02,-2.448732193048544503e-02
3.860000000000000000e+02,-3.092998378811058213e-01
3.870000000000000000e+02,-2.620826137139302126e-01
3.880000000000000000e+02,6.161550221699998997e-02
3.890000000000000000e+02,1.179599669352587865e-01
3.900000000000000000e+02,-1.686555283694972651e-01
3.910000000000000000e+02,-6.486536795195332883e-02
3.920000000000000000e+02,-6.300773244033289200e-02
3.930000000000000000e+02,2.531491203527594380e-02
3.940000000000000000e+02,2.426161559711966786e-01
3.950000000000000000e+02,-1.669630099499783138e-02
3.960000000000000000e+02,1.865873192472770059e-01
3.970000000000000000e+02,3.478873881112439781e-01
3.980000000000000000e+02,-5.692124233992472693e-01
3.990000000000000000e+02,-2.041444461331104188e-01
4.000000000000000000e+02,-6.453568069548035191e-02
4.010000000000000000e+02,3.392566995624315962e-02
4.020000000000000000e+02,-1.823179706881565276e-01
4.030000000000000000e+02,-5.464730210647442687e-01
4.040000000000000000e+02,9.872846101989304901e-02
4.050000000000000000e+02,-8.760242915342528192e-02
4.060000000000000000e+02,-2.167452596996983782e-01
4.070000000000000000e+02,-2.419466219527898754e-01
4.080000000000000000e+02,1.821138946533399361e-01
4.090000000000000000e+02,2.042803278395863842e-01
4.100000000000000000e+02,-5.575357254542974428e-02
4.110000000000000000e+02,-1.780736510244965154e-01
4.120000000000000000e+02,1.453267802969178679e-01
4.130000000000000000e+02,-2.594045101387291163e-01
4.140000000000000000e+02,1.251765498621895678e-01
4.150000000000000000e+02,1.562466763521095370e-01
4.160000000000000000e+02,2.012896765749292438e-01
4.170000000000000000e+02,8.392300014815180786e-02
4.180000000000000000e+02,-3.644845575690615347e-02
4.190000000000000000e+02,1.312594386498932564e-01
4.200000000000000000e+02,3.729456070693004666e-01
4.210000000000000000e+02,-1.289382382785450587e-01
4.220000000000000000e+02,-2.332800883203180464e-01
4.230000000000000000e+02,-2.270913076068775127e-01
4.240000000000000000e+02,-3.725685603665929158e-02
4.250000000000000000e+02,-1.761423333943957226e-01
4.260000000000000000e+02,2.290148274491743408e-01
4.270000000000000000e+02,-6.894488767677983687e-02
4.280000000000000000e+02,-1.184844941520181716e-01
4.290000000000000000e+02,-3.501743717519578136e-01
4.300000000000000000e+02,-2.227504066939139937e-02
4.310000000000000000e+02,-1.151308471261482669e-01
4.320000000000000000e+02,-2.019271864800979976e-01
4.330000000000000000e+02,-4.671443351616714756e-01
4.340000000000000000e+02,-1.466314636757367063e-01
4.350000000000000000e+02,1.510576795109652704e-02
4.360000000000000000e+02,1.023201044682264804e-02
4.370000000000000000e+02,-1.646013969166516544e-01
4.380000000000000000e+02,-2.759666904659880959e-01
4.390000000000000000e+02,-1.001599364618500076e-01
4.400000000000000000e+02,-2.193589613739237443e-01
4.410000000000000000e+02,1.352244117434997506e-02
4.420000000000000000e+02,-1.206414718853816015e-01
4.430000000000000000e+02,-7.750820115847617542e-02
4.440000000000000000e+02,-1.093077308777201107e-01
4.450000000000000000e+02,1.202667019573553375e-01
4.460000000000000000e+02,-1.770104459191279012e-01
4.470000000000000000e+02,-4.871216180662069073e-02
4.480000000000000000e+02,5.058160906963227177e-02
4.490000000000000000e+02,-3.740971675108201167e-01
4.500000000000000000e+02,-3.516515428195713389e-01
4.510000000000000000e+02,-4.132193556515095789e-02
4.520000000000000000e+02,5.628799801589867702e-02
4.530000000000000000e+02,1.599000716798454347e-02
4.540000000000000000e+02,8.913716850908033618e-02
4.550000000000000000e+02,1.500784925426313504e-04
4.560000000000000000e+02,7.609866640765967916e-02
4.570000000000000000e+02,3.254580695011115576e-01
4.580000000000000000e+02,5.245828629778660768e-02
4.590000000000000000e+02,1.067358335185071422e-01
4.600000000000000000e+02,2.012560362523795332e-01
4.610000000000000000e+02,-1.369612962452383120e-01
4.620000000000000000e+02,4.614433649123386161e-01
4.630000000000000000e+02,7.806676927582448799e-01
4.640000000000000000e+02,4.237775884822345684e-01
4.650000000000000000e+02,1.552578608883757594e-01
4.660000000000000000e+02,5.751534373056780280e-01
4.670000000000000000e+02,-6.297245358379412183e-02
4.680000000000000000e+02,5.480604724225610624e-01
4.690000000000000000e+02,4.342071896784701623e-01
4.700000000000000000e+02,1.430827093602106415e-01
4.710000000000000000e+02,1.392423230784596566e-01
4.720000000000000000e+02,-6.990949360123167866e-02
4.730000000000000000e+02,2.854262609094406211e-01
4.740000000000000000e+02,3.145786332926690521e-01
4.750000000000000000e+02,-1.320369233242536244e-01
4.760000000000000000e+02,-1.732406289820587475e-01
4.770000000000000000e+02,9.110372079001737011e-02
4.780000000000000000e+02,5.075046654647886735e-01
4.790000000000000000e+02,5.195647012615189908e-01
4.800000000000000000e+02,4.854458109173813707e-01
4.810000000000000000e+02,1.128616513089515799e-01
4.820000000000000000e+02,2.186037861114235037e-01
4.830000000000000000e+02,1.083030677257353025e+00
4.840000000000000000e+02,3.516186763833266671e-01
4.850000000000000000e+02,3.385224901989419832e-01
4.860000000000000000e+02,1.081090970207874979e-01
4.870000000000000000e+02,2.764022348692363185e-01
4.880000000000000000e+02,3.541293990588010310e-01
4.890000000000000000e+02,4.977922360256958889e-01
4.900000000000000000e+02,3.274919587514087960e-01
4.910000000000000000e+02,8.336819442189172258e-02
4.920000000000000000e+02,4.543281283573752383e-01
4.930000000000000000e+02,4.352041899458687357e-01
4.940000000000000000e+02,4.167449910088778520e-01
4.950000000000000000e+02,3.643397043652569778e-01
4.960000000000000000e+02,3.300257437346630907e-01
4.970000000000000000e+02,-2.304705900361170290e-02
4.980000000000000000e+02,2.258052121089639819e-01
4.990000000000000000e+02,6.957583975426618883e-01
5.000000000000000000e+02,2.710443951406890095e-01
5.010000000000000000e+02,2.954278061473246120e-01
5.020000000000000000e+02,-5.248053890901599461e-02
5.030000000000000000e+02,-1.051510223160696811e-01
5.040000000000000000e+02,-3.738486702722452204e-01
5.050000000000000000e+02,-1.596760639170511642e-01
5.060000000000000000e+02,-9.456244717442688352e-02
5.070000000000000000e+02,-2.853605194694003311e-01
5.080000000000000000e+02,-1.889192184964866850e-01
5.090000000000000000e+02,7.714852469403593593e-02
5.100000000000000000e+02,3.601032911561515004e-02
5.110000000000000000e+02,2.735485087608181820e-02
5.120000000000000000e+02,1.357805189552768188e-01
5.130000000000000000e+02,1.861024513497759325e-01
5.140000000000000000e+02,2.430576777309700065e-01
5.150000000000000000e+02,-2.068596293251340479e-01
5.160000000000000000e+02,1.212111999207234059e-02
5.170000000000000000e+02,-5.172917393627214644e-02
5.180000000000000000e+02,7.691344326665877640e-04
5.190000000000000000e+02,-1.025853910004510261e-01
5.200000000000000000e+02,1.510238992388583945e-01
5.210000000000000000e+02,2.473793091151285373e-01
5.220000000000000000e+02,3.071324950090050798e-01
5.230000000000000000e+02,-1.389603580376859437e-01
5.240000000000000000e+02,-1.539604402142756567e-01
5.250000000000000000e+02,2.164094568802857610e-01
5.260000000000000000e+02,3.900696161149067587e-01
5.270000000000000000e+02,4.835388159970163136e-01
5.280000000000000000e+02,5.716304542115284437e-02
5.290000000000000000e+02,3.805808361163883768e-01
5.300000000000000000e+02,1.752720067638753321e-01
5.310000000000000000e+02,4.512259339013993120e-01
5.320000000000000000e+02,2.402044967138949882e-01
5.330000000000000000e+02,5.401217580736553114e-02
5.340000000000000000e+02,2.113020810787504811e-01
5.350000000000000000e+02,3.766865199943452147e-01
5.360000000000000000e+02,3.686926287359602039e-01
5.370000000000000000e+02,3.213600729191887773e-01
5.380000000000000000e+02,1.474628037223367771e-01
5.390000000000000000e+02,2.984710486677781827e-01
5.400000000000000000e+02,1.188820059707922372e-01
5.410000000000000000e+02,6.761474929650479471e-02
5.420000000000000000e+02,7.744344766262095670e-03
5.430000000000000000e+02,-8.278560055630848624e-02
5.440000000000000000e+02,1.474901666306490666e-01
5.450000000000000000e+02,-9.642417905832825764e-02
5.460000000000000000e+02,1.904601361984590291e-01
5.470000000000000000e+02,4.441216539624562309e-02
5.480000000000000000e+02,4.064430975126759327e-01
5.490000000000000000e+02,-3.707629923671446059e-02
5.500000000000000000e+02,1.626518041979972962e-01
5.510000000000000000e+02,1.405307332179220325e-01
5.520000000000000000e+02,1.455067869417406845e-01
5.530000000000000000e+02,1.234399629940975962e-01
5.540000000000000000e+02,4.538665946942410656e-03
5.550000000000000000e+02,1.161679349470994271e-01
5.560000000000000000e+02,9.214485989690979206e-02
5.570000000000000000e+02,3.058529277916263167e-01
5.580000000000000000e+02,3.300137336905706320e-02
5.590000000000000000e+02,1.595495793008985808e-01
5.600000000000000000e+02,-3.275790562585428889e-02
5.610000000000000000e+02,1.149001725121168160e-02
5.620000000000000000e+02,3.929386772690895979e-01
5.630000000000000000e+02,2.892644177080047063e-01
5.640000000000000000e+02,4.115727018643889346e-01
5.650000000000000000e+02,2.381508503885234607e-01
5.660000000000000000e+02,3.452342492532246010e-01
5.670000000000000000e+02,2.488051350708626597e-01
5.680000000000000000e+02,3.591218798134297452e-01
5.690000000000000000e+02,3.350351276410640233e-01
5.700000000000000000e+02,1.878435915451893701e-01
5.710000000000000000e+02,-5.950196824303598253e-02
5.720000000000000000e+02,2.064135147900496847e-01
5.730000000000000000e+02,4.106912546160996769e-01
5.740000000000000000e+02,2.958395852228158374e-01
5.750000000000000000e+02,3.006572191476288847e-01
5.760000000000000000e+02,3.398288207741314570e-01
5.770000000000000000e+02,5.516618286792700498e-01
5.780000000000000000e+02,3.659997736828818349e-01
5.790000000000000000e+02,5.112217493840757188e-01
5.800000000000000000e+02,5.110391404695611151e-01
5.810000000000000000e+02,2.268738860310061667e-01
5.820000000000000000e+02,1.827567681482297202e-01
5.830000000000000000e+02,4.909200010218182086e-01
5.840000000000000000e+02,3.503506150415812703e-01
5.850000000000000000e+02,4.841353422964125852e-01
5.860000000000000000e+02,3.109338408178810020e-01
5.870000000000000000e+02,3.435977749041660978e-01
5.880000000000000000e+02,3.587973286495013681e-01
5.890000000000000000e+02,8.159165741530463034e-01
5.900000000000000000e+02,5.001164216377146365e-01
5.910000000000000000e+02,1.736621702976332560e-01
5.920000000000000000e+02,-7.188874302059557186e-02
5.930000000000000000e+02,8.135267558190881765e-01
5.940000000000000000e+02,5.431649230577458853e-01
5.950000000000000000e+02,4.640529743265245921e-01
5.960000000000000000e+02,3.250699049342063440e-01
5.970000000000000000e+02,1.558218887892852955e-01
5.980000000000000000e+02,1.856184490477581495e-01
5.990000000000000000e+02,4.548371782988033796e-01
6.000000000000000000e+02,5.440292315531189971e-01
6.010000000000000000e+02,6.333074440831241991e-02
6.020000000000000000e+02,1.827135570234482975e-01
6.030000000000000000e+02,3.535473333207825863e-01
6.040000000000000000e+02,2.193502832813090109e-01
6.050000000000000000e+02,4.535271287821064923e-01
6.060000000000000000e+02,3.766768286756742579e-01
6.070000000000000000e+02,2.366350955637493980e-01
6.080000000000000000e+02,5.124869042589755286e-03
6.090000000000000000e+02,4.847596087787743313e-01
6.100000000000000000e+02,5.375297008526547238e-01
6.110000000000000000e+02,2.115562712915287080e-01
6.120000000000000000e+02,2.261784128709926067e-01
6.130000000000000000e+02,1.277665308892400875e-01
6.140000000000000000e+02,6.469693486142418237e-01
6.150000000000000000e+02,4.381920529291511990e-01
6.160000000000000000e+02,6.823917390017609774e-01
6.170000000000000000e+02,3.203459384890251505e-01
6.180000000000000000e+02,3.588693521398313990e-01
6.190000000000000000e+02,6.137104884006833183e-01
6.200000000000000000e+02,4.889391385482085850e-01
6.210000000000000000e+02,3.761786934092942181e-01
6.220000000000000000e+02,7.808194525486585880e-01
6.230000000000000000e+02,5.317169366190740432e-01
6.240000000000000000e+02,5.657121290137820946e-01
6.250000000000000000e+02,5.517511170681046462e-01
6.260000000000000000e+02,7.049310194159894571e-01
6.270000000000000000e+02,4.566624852801851597e-01
6.280000000000000000e+02,4.201854930539621336e-01
6.290000000000000000e+02,1.923475243705498050e-01
6.300000000000000000e+02,4.201734219033074202e-01
6.310000000000000000e+02,5.728033096746821817e-01
6.320000000000000000e+02,4.789482037205106124e-01
6.330000000000000000e+02,3.115043277243729758e-01
6.340000000000000000e+02,5.091266358031107386e-02
6.350000000000000000e+02,3.932338557998832362e-01
6.360000000000000000e+02,5.585109300570006985e-01
6.370000000000000000e+02,3.344767127849124222e-01
6.380000000000000000e+02,5.312670912048845784e-01
6.390000000000000000e+02,7.105254586491848157e-01
6.400000000000000000e+02,3.047939775723164102e-01
6.410000000000000000e+02,3.604891244928685179e-01
6.420000000000000000e+02,7.166157442693368296e-01
6.430000000000000000e+02,4.203197521062170816e-01
6.440000000000000000e+02,-8.868932859080823350e-02
6.450000000000000000e+02,3.596286131828078103e-01
6.460000000000000000e+02,2.494198258416303882e-01
6.470000000000000000e+02,5.534049210802527430e-01
6.480000000000000000e+02,1.565855828773765057e-01
6.490000000000000000e+02,3.316655526220914640e-01
6.500000000000000000e+02,3.722994656729242124e-01
6.510000000000000000e+02,3.699190396834015071e-01
6.520000000000000000e+02,3.134031905350891933e-01
6.530000000000000000e+02,-2.180109715513458002e-01
6.540000000000000000e+02,-1.812194095414143835e-01
6.550000000000000000e+02,9.564202506056423969e-02
6.560000000000000000e+02,2.105798402568445915e-01
6.570000000000000000e+02,1.011289826442884204e-02
6.580000000000000000e+02,-1.915504712826688466e-02
6.590000000000000000e+02,1.569126100911027444e-01
6.600000000000000000e+02,1.035548787748242217e-01
6.610000000000000000e+02,4.683562290375286458e-02
6.620000000000000000e+02,1.688366708099953706e-01
6.630000000000000000e+02,2.729817026515821143e-01
6.640000000000000000e+02,6.867803340963074543e-02
6.650000000000000000e+02,2.502611595707337350e-02
6.660000000000000000e+02,-2.712453885823266214e-02
6.670000000000000000e+02,2.209911579199473619e-01
6.680000000000000000e+02,1.981912353337109411e-01
6.690000000000000000e+02,2.326302894021168022e-01
6.700000000000000000e+02,2.656223027506561807e-01
6.710000000000000000e+02,3.963773598857649461e-01
6.720000000000000000e+02,2.556315229516847309e-01
6.730000000000000000e+02,2.964729497249508627e-01
6.740000000000000000e+02,5.057195033437127396e-01
6.750000000000000000e+02,1.903334483797125831e-01
6.760000000000000000e+02,4.834444944860114002e-01
6.770000000000000000e+02,2.071146900447998485e-01
6.780000000000000000e+02,5.830867445568281848e-01
6.790000000000000000e+02,5.277239413777333743e-01
6.800000000000000000e+02,2.769882453839808689e-01
6.810000000000000000e+02,3.005133384610800817e-01
6.820000000000000000e+02,3.266774969129174755e-01
6.830000000000000000e+02,1.764284886167623023e-01
6.840000000000000000e+02,2.467555106595298864e-01
6.850000000000000000e+02,1.615987428718377861e-01
6.860000000000000000e+02,-1.333503296336764898e-01
6.870000000000000000e+02,-2.835396678312715468e-01
6.880000000000000000e+02,3.485008870142254911e-01
6.890000000000000000e+02,1.672225430091769938e-01
6.900000000000000000e+02,1.442966714861650956e-01
6.910000000000000000e+02,1.852355798837646561e-01
6.920000000000000000e+02,3.245919134079683355e-02
6.930000000000000000e+02,2.980504762227745297e-01
6.940000000000000000e+02,1.701696046816645880e-01
6.950000000000000000e+02,2.022066880151132673e-01
6.960000000000000000e+02,-1.348940098036529867e-01
6.970000000000000000e+02,4.908814977298975313e-02
6.980000000000000000e+02,6.601675648693727805e-02
6.990000000000000000e+02,5.483783111036109048e-01
7.000000000000000000e+02,1.544698907749681993e-01
7.010000000000000000e+02,-2.257708895082861933e-01
7.020000000000000000e+02,-4.559508391695499263e-04
7.030000000000000000e+02,3.042728871165583659e-01
7.040000000000000000e+02,1.081653094238706481e-01
7.050000000000000000e+02,3.187726209328172744e-01
7.060000000000000000e+02,4.733953735193072720e-01
7.070000000000000000e+02,1.002160116119379940e-01
7.080000000000000000e+02,1.219213401610239611e-01
7.090000000000000000e+02,2.704079165597362833e-01
7.100000000000000000e+02,2.203016595830943058e-01
7.110000000000000000e+02,4.962231034521540352e-01
7.120000000000000000e+02,3.905046669436863516e-01
7.130000000000000000e+02,4.974221189269842913e-01
7.140000000000000000e+02,7.838448543358759180e-01
7.150000000000000000e+02,7.156370865535165438e-01
7.160000000000000000e+02,6.808262975346608403e-01
7.170000000000000000e+02,7.539414345160270203e-01
7.180000000000000000e+02,4.753285215847152800e-01
7.190000000000000000e+02,4.866692587944412285e-01
7.200000000000000000e+02,8.387147991318276707e-01
7.210000000000000000e+02,8.952389437273612360e-01
7.220000000000000000e+02,5.231203830912050101e-01
7.230000000000000000e+02,3.410636298721669846e-01
7.240000000000000000e+02,6.123457691369691425e-01
7.250000000000000000e+02,6.704462281641399013e-01
7.260000000000000000e+02,9.583879324768054264e-01
7.270000000000000000e+02,1.367883528085344302e+00
7.280000000000000000e+02,7.062089640079596276e-01
7.290000000000000000e+02,6.305803635736251245e-01
7.300000000000000000e+02,8.665082643665238393e-01
7.310000000000000000e+02,7.776685306446309287e-01
7.320000000000000000e+02,7.395364000093229695e-01
7.330000000000000000e+02,5.700380411490943988e-01
7.340000000000000000e+02,4.738675687681039861e-01
7.350000000000000000e+02,6.612189766296991955e-01
7.360000000000000000e+02,7.006919053841023093e-01
7.370000000000000000e+02,7.416272762723563616e-01
7.380000000000000000e+02,4.700965431972492503e-01
7.390000000000000000e+02,3.669004606371641941e-01
7.400000000000000000e+02,6.084303680983966789e-01
7.410000000000000000e+02,6.126501316320880353e-01
7.420000000000000000e+02,7.023976694714797464e-01
7.430000000000000000e+02,5.820469016680132057e-01
7.440000000000000000e+02,5.406086297894150405e-01
7.450000000000000000e+02,9.854352881068895176e-02
7.460000000000000000e+02,8.069604233137392946e-01
7.470000000000000000e+02,5.655603811863862962e-01
7.480000000000000000e+02,4.266648819876346366e-01
7.490000000000000000e+02,4.784561200263258707e-01
7.500000000000000000e+02,3.498406624416232624e-01
7.510000000000000000e+02,4.983362100856534305e-01
7.520000000000000000e+02,5.282466822919409388e-01
7.530000000000000000e+02,4.508211145487517335e-01
7.540000000000000000e+02,4.235051390553208339e-01
7.550000000000000000e+02,5.670423992173780903e-01
7.560000000000000000e+02,5.376411706681112346e-01
7.570000000000000000e+02,1.226061587738842551e-01
7.580000000000000000e+02,7.128878062294571327e-01
7.590000000000000000e+02,5.258845222650637696e-01
7.600000000000000000e+02,2.272952713807547542e-01
7.610000000000000000e+02,1.540170149804815924e-01
7.620000000000000000e+02,1.338153827110719618e-01
7.630000000000000000e+02,2.360813475532806960e-01
7.640000000000000000e+02,8.441396305578480197e-02
7.650000000000000000e+02,1.365374387851271409e-01
7.660000000000000000e+02,-9.199899980034764724e-02
7.670000000000000000e+02,1.268445946301427485e-02
7.680000000000000000e+02,-3.581199761440306828e-02
7.690000000000000000e+02,1.858113543301617709e-01
7.700000000000000000e+02,1.249332448751914737e-01
7.710000000000000000e+02,-1.715650312252220422e-02
7.720000000000000000e+02,2.021243134475090297e-01
7.730000000000000000e+02,2.897916249927304788e-01
7.740000000000000000e+02,3.501438979901040360e-01
7.750000000000000000e+02,2.629936045080577545e-01
7.760000000000000000e+02,-2.836240278104240620e-02
7.770000000000000000e+02,-2.701986974497389005e-02
7.780000000000000000e+02,-2.425713517105425598e-01
7.790000000000000000e+02,-1.154997615802717537e-01
7.800000000000000000e+02,-8.921754774212364847e-03
7.810000000000000000e+02,-9.655821185032298359e-02
7.820000000000000000e+02,9.378514895671456741e-02
7.830000000000000000e+02,9.791112709800335601e-02
7.840000000000000000e+02,-1.654218323536426061e-01
7.850000000000000000e+02,7.628193069948967231e-02
7.860000000000000000e+02,3.998981430508075641e-01
7.870000000000000000e+02,4.505474822604553509e-02
7.880000000000000000e+02,2.865993625948836665e-01
7.890000000000000000e+02,3.227230985178011768e-01
7.900000000000000000e+02,-2.144603358319386865e-01
7.910000000000000000e+02,3.079965355403445626e-01
7.920000000000000000e+02,4.130338108677935050e-01
7.930000000000000000e+02,1.887565121586042838e-01
7.940000000000000000e+02,4.003138153579325897e-01
7.950000000000000000e+02,5.342980719219081465e-01
7.960000000000000000e+02,1.802042203698762668e-01
7.970000000000000000e+02,2.205041917796293216e-01
7.980000000000000000e+02,4.642410177258342596e-01
7.990000000000000000e+02,3.758137683143728536e-01
8.000000000000000000e+02,4.646865080493777223e-01
8.010000000000000000e+02,3.634463768997105437e-01
8.020000000000000000e+02,2.586830724914923052e-01
8.030000000000000000e+02,3.307552362221127251e-01
8.040000000000000000e+02,3.076633036147763955e-01
8.050000000000000000e+02,3.418780344079583311e-01
8.060000000000000000e+02,2.775630836764059750e-01
8.070000000000000000e+02,1.160779540367596341e-01
8.080000000000000000e+02,3.809593369598321955e-01
8.090000000000000000e+02,6.043737337729440107e-01
8.100000000000000000e+02,7.082579150888564934e-01
8.110000000000000000e+02,4.366258809119539785e-01
8.120000000000000000e+02,5.592787889989023764e-01
8.130000000000000000e+02,4.766149848180407655e-01
8.140000000000000000e+02,1.473491356361078253e-01
8.150000000000000000e+02,1.672322231478251819e-01
8.160000000000000000e+02,2.635095222406947935e-01
8.170000000000000000e+02,2.164421207484943654e-01
8.180000000000000000e+02,1.261939084233380803e-01
8.190000000000000000e+02,2.095295326940272151e-01
8.200000000000000000e+02,3.938477334277603603e-01
8.210000000000000000e+02,6.508632646050030446e-02
8.220000000000000000e+02,4.397864427726495551e-01
8.230000000000000000e+02,8.189868423791046848e-04
8.240000000000000000e+02,1.871725205031426198e-01
8.250000000000000000e+02,1.944162830529659047e-01
8.260000000000000000e+02,3.825092740715814177e-01
8.270000000000000000e+02,4.327599729916998816e-01
8.280000000000000000e+02,5.362254533999368800e-01
8.290000000000000000e+02,5.120964645122989545e-01
8.300000000000000000e+02,3.702314934719005413e-01
8.310000000000000000e+02,4.126206656977785547e-01
8.320000000000000000e+02,3.345717787635288376e-01
8.330000000000000000e+02,5.986132636874230695e-01
8.340000000000000000e+02,2.372043705075961573e-01
8.350000000000000000e+02,4.139711704936491765e-01
8.360000000000000000e+02,5.874704261458392196e-01
8.370000000000000000e+02,4.291383890140829660e-01
8.380000000000000000e+02,2.500726901027297000e-01
8.390000000000000000e+02,1.229431019652461876e-01
8.400000000000000000e+02,2.020056854897848420e-01
8.410000000000000000e+02,4.642831569788454793e-01
8.420000000000000000e+02,4.046453726256138417e-01
8.430000000000000000e+02,5.301240015878816436e-01
8.440000000000000000e+02,3.175373427552202199e-01
8.450000000000000000e+02,6.210160674614713106e-01
8.460000000000000000e+02,5.451129447409914786e-01
8.470000000000000000e+02,8.444395739781349608e-01
8.480000000000000000e+02,5.913587112249448774e-01
8.490000000000000000e+02,7.529558673241082412e-02
8.500000000000000000e+02,4.636380539324376771e-01
8.510000000000000000e+02,4.488459370476037269e-01
8.520000000000000000e+02,8.073915581014152743e-01
8.530000000000000000e+02,7.377499577195444358e-01
8.540000000000000000e+02,3.820915754273158105e-01
8.550000000000000000e+02,1.566226093757676630e-01
8.560000000000000000e+02,4.270462475108507960e-01
8.570000000000000000e+02,4.105698225431050341e-01
8.580000000000000000e+02,4.407324301902176278e-01
8.590000000000000000e+02,5.216528355152805219e-01
8.600000000000000000e+02,2.561654313011106354e-01
8.610000000000000000e+02,-3.482021663248374699e-02
8.620000000000000000e+02,6.292162417310982470e-01
8.630000000000000000e+02,5.461189809526308947e-01
8.640000000000000000e+02,4.687095755195591629e-01
8.650000000000000000e+02,4.678768319808537246e-01
8.660000000000000000e+02,5.882178822893595616e-01
8.670000000000000000e+02,6.020887756187114359e-01
8.680000000000000000e+02,7.406331371922201257e-01
8.690000000000000000e+02,4.342242028244359675e-01
8.700000000000000000e+02,3.252748914197715058e-01
8.710000000000000000e+02,5.415845901074546331e-01
8.720000000000000000e+02,6.778902835601028354e-01
8.730000000000000000e+02,6.756400692062984881e-01
8.740000000000000000e+02,6.473433346094892293e-01
8.750000000000000000e+02,4.556093599491350399e-01
8.760000000000000000e+02,7.065699154022221373e-01
8.770000000000000000e+02,7.469732801779586095e-01
8.780000000000000000e+02,5.126253586946732943e-01
8.790000000000000000e+02,8.958687409489047848e-01
8.800000000000000000e+02,1.083581877603855936e+00
8.810000000000000000e+02,8.297913871179372070e-01
8.820000000000000000e+02,1.309223042565710982e+00
8.830000000000000000e+02,1.403220801709718080e+00
8.840000000000000000e+02,1.325834166372166001e+00
8.850000000000000000e+02,1.128106586871214567e+00
8.860000000000000000e+02,9.343797145225833933e-01
8.870000000000000000e+02,9.761140045090199724e-01
8.880000000000000000e+02,1.054170432182016670e+00
8.890000000000000000e+02,1.214793422437398407e+00
8.900000000000000000e+02,1.072232489968339753e+00
8.910000000000000000e+02,8.997404938909077110e-01
8.920000000000000000e+02,1.019661935146295884e+00
8.930000000000000000e+02,8.506796866933461487e-01
8.940000000000000000e+02,1.230044101610328733e+00
8.950000000000000000e+02,1.353438839480196387e+00
8.960000000000000000e+02,1.037703943161639719e+00
8.970000000000000000e+02,1.140030818161185566e+00
8.980000000000000000e+02,1.047856868520695928e+00
8.990000000000000000e+02,1.010047580550681223e+00
9.000000000000000000e+02,1.301054482731696105e+00
9.010000000000000000e+02,6.251983251803467923e-01
9.020000000000000000e+02,1.059923991754073924e+00
9.030000000000000000e+02,1.314395652952419669e+00
9.040000000000000000e+02,8.656508767065160814e-01
9.050000000000000000e+02,8.972401366720512694e-01
9.060000000000000000e+02,8.002805484650539203e-01
9.070000000000000000e+02,9.068652475962255544e-01
9.080000000000000000e+02,6.161942609543764604e-01
9.090000000000000000e+02,9.334141105048543441e-01
9.100000000000000000e+02,5.253916581258054608e-01
9.110000000000000000e+02,2.634692518195906885e-01
9.120000000000000000e+02,4.482478053980455401e-01
9.130000000000000000e+02,3.228814808375909395e-01
9.140000000000000000e+02,5.382426822748149764e-01
9.150000000000000000e+02,7.351061960533710193e-01
9.160000000000000000e+02,4.477233205019238715e-01
9.170000000000000000e+02,6.277021799816766556e-01
9.180000000000000000e+02,3.485738449399876093e-01
9.190000000000000000e+02,6.625210476647830360e-01
9.200000000000000000e+02,6.729230609800611607e-01
9.210000000000000000e+02,4.996902843068085076e-01
9.220000000000000000e+02,4.950546329416090074e-01
9.230000000000000000e+02,5.221242737227846931e-01
9.240000000000000000e+02,5.160022074341881204e-01
9.250000000000000000e+02,5.907411410992091660e-01
9.260000000000000000e+02,6.724010356285868850e-01
9.270000000000000000e+02,5.044306487890548585e-01
9.280000000000000000e+02,7.161693932368948801e-01
9.290000000000000000e+02,4.549784345363671600e-01
9.300000000000000000e+02,8.746425954690005833e-01
9.310000000000000000e+02,8.974713141327256283e-01
9.320000000000000000e+02,4.111601786530919012e-01
9.330000000000000000e+02,5.966664877000141809e-01
9.340000000000000000e+02,5.289431256811431004e-01
9.350000000000000000e+02,7.308647547633425612e-01
9.360000000000000000e+02,6.118701039387570706e-01
9.370000000000000000e+02,6.908335473499637169e-01
9.380000000000000000e+02,4.753999719461033391e-01
9.390000000000000000e+02,4.024385527677465380e-01
9.400000000000000000e+02,6.848241184594362485e-01
9.410000000000000000e+02,6.950016043863512794e-01
9.420000000000000000e+02,7.205726500351249397e-01
9.430000000000000000e+02,5.422240690629649418e-01
9.440000000000000000e+02,5.554355415131668749e-01
9.450000000000000000e+02,6.047460092621381733e-01
9.460000000000000000e+02,6.738466119448032199e-01
9.470000000000000000e+02,5.098361917893081685e-01
9.480000000000000000e+02,5.605739247782454138e-01
9.490000000000000000e+02,4.219253677539436254e-01
9.500000000000000000e+02,4.983539121299930819e-01
9.510000000000000000e+02,7.214206158869423957e-01
9.520000000000000000e+02,9.313337247757138559e-01
9.530000000000000000e+02,7.341179346235576775e-01
9.540000000000000000e+02,1.948268863394893025e-01
9.550000000000000000e+02,2.270076975110784656e-01
9.560000000000000000e+02,3.163987619181735655e-01
9.570000000000000000e+02,3.572021413402369228e-01
9.580000000000000000e+02,5.770156564635737784e-01
9.590000000000000000e+02,-1.087686043702916494e-01
9.600000000000000000e+02,1.839800097479028784e-01
9.610000000000000000e+02,1.255125681494951018e-01
9.620000000000000000e+02,4.347406878910632377e-01
9.630000000000000000e+02,3.955029264970705283e-01
9.640000000000000000e+02,3.967949110980016902e-01
9.650000000000000000e+02,3.543332647894184562e-02
9.660000000000000000e+02,3.579087666296357217e-02
9.670000000000000000e+02,2.739444699545653394e-01
9.680000000000000000e+02,5.616963579231141201e-01
9.690000000000000000e+02,1.517470097335395229e-01
9.700000000000000000e+02,-8.603288506376635669e-02
9.710000000000000000e+02,1.079386766008744447e-01
9.720000000000000000e+02,2.098312095765369201e-01
9.730000000000000000e+02,1.594337626127230456e-01
9.740000000000000000e+02,3.940423358619004057e-01
9.750000000000000000e+02,1.131066084718729547e-01
9.760000000000000000e+02,-1.802288103723137802e-01
9.770000000000000000e+02,-1.370109142613543107e-02
9.780000000000000000e+02,1.477409181707259322e-02
9.790000000000000000e+02,2.100828540869413008e-01
9.800000000000000000e+02,-2.692453892923332703e-02
9.810000000000000000e+02,2.154913865759229552e-01
9.820000000000000000e+02,-2.565034614653874390e-02
9.830000000000000000e+02,3.425486552198211965e-02
9.840000000000000000e+02,6.339244295710626531e-01
9.850000000000000000e+02,4.305965138040274143e-01
9.860000000000000000e+02,6.670566518612369711e-01
9.870000000000000000e+02,4.103815083908899375e-01
9.880000000000000000e+02,3.649193649765860581e-01
9.890000000000000000e+02,1.157441681446259807e+00
9.900000000000000000e+02,7.955997620430730333e-01
9.910000000000000000e+02,5.646377660090972084e-01
9.920000000000000000e+02,6.853519333675911485e-01
9.930000000000000000e+02,6.202951984707679722e-01
9.940000000000000000e+02,1.062462706124881251e+00
9.950000000000000000e+02,9.242511053100564977e-01
9.960000000000000000e+02,7.473640947334232454e-01
9.970000000000000000e+02,7.040603095072102136e-01
9.980000000000000000e+02,7.925803644329181274e-01
9.990000000000000000e+02,9.921550318397955870e-01
1.000000000000000000e+03,7.322882515824555849e-01
1.001000000000000000e+03,1.123396823428354674e+00
1.002000000000000000e+03,1.041276913543143445e+00
1.003000000000000000e+03,9.402198986913175016e-01
1.004000000000000000e+03,1.373140024323776576e+00
1.005000000000000000e+03,8.954786501188375381e-01
1.006000000000000000e+03,9.449020535349161865e-01
1.007000000000000000e+03,7.743519697782048627e-01
1.008000000000000000e+03,9.807743441998545419e-01
1.009000000000000000e+03,1.075759096184672137e+00
1.010000000000000000e+03,8.979798896007933351e-01
1.011000000000000000e+03,1.004109307423889375e+00
1.012000000000000000e+03,8.529436370790670630e-01
1.013000000000000000e+03,7.978331391246133997e-01
1.014000000000000000e+03,1.092780592454363431e+00
1.015000000000000000e+03,9.231517183131057180e-01
1.016000000000000000e+03,9.208106530793784827e-01
1.017000000000000000e+03,1.047270145112349837e+00
1.018000000000000000e+03,6.179772804528379515e-01
1.019000000000000000e+03,9.949207924097009936e-01
1.020000000000000000e+03,9.436723113314573474e-01
1.021000000000000000e+03,9.788467855627814851e-01
1.022000000000000000e+03,9.355418854132143691e-01
1.023000000000000000e+03,7.925831831396294991e-01
1.024000000000000000e+03,1.125993290515272971e+00
1.025000000000000000e+03,1.118977697707862484e+00
1.026000000000000000e+03,8.717761822433325314e-01
1.027000000000000000e+03,9.557005782147556250e-01
1.028000000000000000e+03,4.692233851302481384e-01
1.029000000000000000e+03,7.894360573366879796e-01
1.030000000000000000e+03,9.528018064078228599e-01
1.031000000000000000e+03,8.230398665807734382e-01
1.032000000000000000e+03,6.707442585214080655e-01
1.033000000000000000e+03,5.230553404049552713e-01
1.034000000000000000e+03,5.936373671354476800e-01
1.035000000000000000e+03,1.245339826990450094e+00
1.036000000000000000e+03,8.069396410662976749e-01
1.037000000000000000e+03,9.362798138908539070e-01
1.038000000000000000e+03,6.093167086255658615e-01
1.039000000000000000e+03,2.428587559871087098e-01
1.040000000000000000e+03,7.287273283071088459e-01
1.041000000000000000e+03,8.982148293777656445e-01
1.042000000000000000e+03,7.400066260365028015e-01
1.043000000000000000e+03,8.572290649874981794e-01
1.044000000000000000e+03,9.238783127208338719e-01
1.045000000000000000e+03,3.427200061259244590e-01
1.046000000000000000e+03,7.046599361120393645e-01
1.047000000000000000e+03,6.671722933418561263e-01
1.048000000000000000e+03,7.290343610100074034e-01
1.049000000000000000e+03,8.802832475608441953e-01
1.050000000000000000e+03,6.825234983746264472e-01
1.051000000000000000e+03,1.035283174347559898e+00
1.052000000000000000e+03,9.022888986369621556e-01
1.053000000000000000e+03,7.561104406094898422e-01
1.054000000000000000e+03,4.629659530302903114e-01
1.055000000000000000e+03,8.071803767528953344e-01
1.056000000000000000e+03,9.305353308239195931e-01
1.057000000000000000e+03,7.274978319183348363e-01
1.058000000000000000e+03,5.155786139341609342e-01
1.059000000000000000e+03,6.890283547157024513e-01
1.060000000000000000e+03,5.276632999947737934e-01
1.061000000000000000e+03,8.096705686402828617e-01
1.062000000000000000e+03,8.329356695425174095e-01
1.063000000000000000e+03,7.593480039489125533e-01
1.064000000000000000e+03,7.179154398467975096e-01
1.065000000000000000e+03,6.823410962752690656e-01
1.066000000000000000e+03,7.841198102614832521e-01
1.067000000000000000e+03,6.125313866092919612e-01
1.068000000000000000e+03,8.890510448703915491e-01
1.069000000000000000e+03,6.472046494357828195e-01
1.070000000000000000e+03,8.516182646536419876e-01
1.071000000000000000e+03,5.538332264630585478e-01
1.072000000000000000e+03,8.282080182216108311e-01
1.073000000000000000e+03,7.953184535589471471e-01
1.074000000000000000e+03,8.886278780945188194e-01
1.075000000000000000e+03,6.429139043873536297e-01
1.076000000000000000e+03,8.848654476401817126e-01
1.077000000000000000e+03,9.315460008643319245e-01
1.078000000000000000e+03,5.396786537561052421e-01
1.079000000000000000e+03,8.599755161023230343e-01
1.080000000000000000e+03,5.924421686126237763e-01
1.081000000000000000e+03,4.959147870204982933e-01
1.082000000000000000e+03,6.589544238581566127e-01
1.083000000000000000e+03,1.098364390133119262e+00
1.084000000000000000e+03,9.521849328446289062e-01
1.085000000000000000e+03,7.933017531037959147e-01
1.086000000000000000e+03,8.329718133820294135e-01
1.087000000000000000e+03,6.029608170899106723e-01
1.088000000000000000e+03,6.889445692509286179e-01
1.089000000000000000e+03,8.130617119713802188e-01
1.090000000000000000e+03,1.009834737445004071e+00
1.091000000000000000e+03,8.023514853489072118e-01
1.092000000000000000e+03,1.013300042077238450e+00
1.093000000000000000e+03,1.186845551983470859e+00
1.094000000000000000e+03,1.073248102469916754e+00
1.095000000000000000e+03,9.256017359420996016e-01
1.096000000000000000e+03,1.020005327298330045e+00
1.097000000000000000e+03,5.897297024562607737e-01
1.098000000000000000e+03,5.623929144133228419e-01
1.099000000000000000e+03,8.583897890826748256e-01
1.100000000000000000e+03,1.183251125752946109e+00
1.101000000000000000e+03,8.765282746934361935e-01
1.102000000000000000e+03,9.254295884106259473e-01
1.103000000000000000e+03,5.663720735744028900e-01
1.104000000000000000e+03,8.832134606259131049e-01
1.105000000000000000e+03,8.367258303064712965e-01
1.106000000000000000e+03,8.576033225594230647e-01
1.107000000000000000e+03,5.169124238524682724e-01
1.108000000000000000e+03,8.738805875176006710e-01
1.109000000000000000e+03,1.128078263854844332e+00
1.110000000000000000e+03,1.062228894438419946e+00
1.111000000000000000e+03,1.075810156054471722e+00
1.112000000000000000e+03,1.013471942901133405e+00
1.113000000000000000e+03,1.075546450839039547e+00
1.114000000000000000e+03,8.308492425998948994e-01
1.115000000000000000e+03,7.030267834817159889e-01
1.116000000000000000e+03,6.490453953365864503e-01
1.117000000000000000e+03,8.337105880235246014e-01
1.118000000000000000e+03,8.123663267107306130e-01
1.119000000000000000e+03,7.636791175373742746e-01
1.120000000000000000e+03,1.033423478911474902e+00
1.121000000000000000e+03,9.514251452984325841e-01
1.122000000000000000e+03,8.445007354429844293e-01
1.123000000000000000e+03,4.988897929149067600e-01
1.124000000000000000e+03,7.183502171204700915e-01
1.125000000000000000e+03,8.784119578220754843e-01
1.126000000000000000e+03,8.391051631491561746e-01
1.127000000000000000e+03,7.838977885183128214e-01
1.128000000000000000e+03,8.456966459416052073e-01
1.129000000000000000e+03,6.484401104309573949e-01
1.130000000000000000e+03,7.877847655962632034e-01
1.131000000000000000e+03,7.468935748354312842e-01
1.132000000000000000e+03,8.373830840507763273e-01
1.133000000000000000e+03,6.528355140078920815e-01
1.134000000000000000e+03,8.098203300464416055e-01
1.135000000000000000e+03,7.453593387478070209e-01
1.136000000000000000e+03,1.113170915248085091e+00
1.137000000000000000e+03,7.772707101531222129e-01
1.138000000000000000e+03,8.318484436111533986e-01
1.139000000000000000e+03,8.022069789770145398e-01
1.140000000000000000e+03,8.597599329109589794e-01
1.141000000000000000e+03,9.384443452447623901e-01
1.142000000000000000e+03,8.025295335549396114e-01
1.143000000000000000e+03,5.991734788891930341e-01
1.144000000000000000e+03,7.219168663633503957e-01
1.145000000000000000e+03,6.694020992649035717e-01
1.146000000000000000e+03,9.457446262267780179e-01
1.147000000000000000e+03,9.547545852702920000e-01
1.148000000000000000e+03,9.315521760128168127e-01
1.149000000000000000e+03,6.490633894787669611e-01
1.150000000000000000e+03,8.004614082703953581e-01
1.151000000000000000e+03,1.241274348251451443e+00
1.152000000000000000e+03,1.231690025741039030e+00
1.153000000000000000e+03,1.137274386755300126e+00
1.154000000000000000e+03,1.091550383583739681e+00
1.155000000000000000e+03,9.716677299237006515e-01
1.156000000000000000e+03,8.563459694674919742e-01
1.157000000000000000e+03,1.147614333243661466e+00
1.158000000000000000e+03,1.221029269227077663e+00
1.159000000000000000e+03,1.069809588918946508e+00
1.160000000000000000e+03,1.010986257345351191e+00
1.161000000000000000e+03,9.485708648249809860e-01
1.162000000000000000e+03,1.228592341449138203e+00
1.163000000000000000e+03,1.233281606506813066e+00
1.164000000000000000e+03,1.116830534310335743e+00
1.165000000000000000e+03,1.123318906976434217e+00
1.166000000000000000e+03,9.392094010566255369e-01
1.167000000000000000e+03,1.169741885700759099e+00
1.168000000000000000e+03,1.303749126179865936e+00
1.169000000000000000e+03,1.144445242655574013e+00
1.170000000000000000e+03,1.308734814465446483e+00
1.171000000000000000e+03,1.051390564481216039e+00
1.172000000000000000e+03,1.059920692994459568e+00
1.173000000000000000e+03,1.221932421661855894e+00
1.174000000000000000e+03,1.174077229884712636e+00
1.175000000000000000e+03,1.121357111205956159e+00
1.176000000000000000e+03,1.037416320978276296e+00
1.177000000000000000e+03,1.088543575661648388e+00
1.178000000000000000e+03,1.204978950678985417e+00
1.179000000000000000e+03,1.232869207640409748e+00
1.180000000000000000e+03,1.118297878241498067e+00
1.181000000000000000e+03,6.694218765480535183e-01
1.182000000000000000e+03,8.642400158031550150e-01
1.183000000000000000e+03,8.635669172318088949e-01
1.184000000000000000e+03,9.472985026504761041e-01
1.185000000000000000e+03,8.306250240622714553e-01
1.186000000000000000e+03,9.567838744003211993e-01
1.187000000000000000e+03,8.213566378011842861e-01
1.188000000000000000e+03,1.056436943968440900e+00
1.189000000000000000e+03,1.323549406610160073e+00
1.190000000000000000e+03,1.075302435384506206e+00
1.191000000000000000e+03,9.173100711779271776e-01
1.192000000000000000e+03,9.354803140065137690e-01
1.193000000000000000e+03,8.735998349407095853e-01
1.194000000000000000e+03,1.127837784150232503e+00
1.195000000000000000e+03,1.126786252538835020e+00
1.196000000000000000e+03,9.021333161485770580e-01
1.197000000000000000e+03,8.609372985935996869e-01
1.198000000000000000e+03,9.810995463735588951e-01
1.199000000000000000e+03,1.092204637364540210e+00
1.200000000000000000e+03,1.023273885770266567e+00
1.201000000000000000e+03,1.009572092281516564e+00
1.202000000000000000e+03,8.916455964918112986e-01
1.203000000000000000e+03,1.001562183365894310e+00
1.204000000000000000e+03,1.002963614160010009e+00
1.205000000000000000e+03,1.155708211629310256e+00
1.206000000000000000e+03,1.041390987964734949e+00
1.207000000000000000e+03,9.374099117839453932e-01
1.208000000000000000e+03,9.236081600402017422e-01
1.209000000000000000e+03,9.593753264868811748e-01
1.210000000000000000e+03,9.033148053678143885e-01
1.211000000000000000e+03,8.763422724776548378e-01
1.212000000000000000e+03,8.171696584797121243e-01
1.213000000000000000e+03,7.236805749136470123e-01
1.214000000000000000e+03,7.853997712400522246e-01
1.215000000000000000e+03,1.005591554587605962e+00
1.216000000000000000e+03,6.627651781679171350e-01
1.217000000000000000e+03,6.723883943803850016e-01
1.218000000000000000e+03,4.418805492642643995e-01
1.219000000000000000e+03,5.995251193129536027e-01
1.220000000000000000e+03,6.112920648670914225e-01
1.221000000000000000e+03,6.414539417711628833e-01
1.222000000000000000e+03,6.208081920743870885e-01
1.223000000000000000e+03,4.810673347879106942e-01
1.224000000000000000e+03,4.945640852617499417e-01
1.225000000000000000e+03,6.112806804071431177e-01
1.226000000000000000e+03,7.348023952689726190e-01
1.227000000000000000e+03,6.004826720109621707e-01
1.228000000000000000e+03,7.976252944090693742e-01
1.229000000000000000e+03,5.197999966059743127e-01
1.230000000000000000e+03,1.018544844706218644e+00
1.231000000000000000e+03,5.072487429161012251e-01
1.232000000000000000e+03,5.437498977089945118e-01
1.233000000000000000e+03,4.063470666299783818e-01
1.234000000000000000e+03,5.589364366705082965e-01
1.235000000000000000e+03,5.799384436037937629e-01
1.236000000000000000e+03,6.753871352740854483e-01
1.237000000000000000e+03,6.850306288109182518e-01
1.238000000000000000e+03,4.983133477838128655e-01
1.239000000000000000e+03,6.897280470047779666e-01
1.240000000000000000e+03,9.089335214439041577e-01
1.241000000000000000e+03,9.333487657997279197e-01
1.242000000000000000e+03,9.849321346307317038e-01
1.243000000000000000e+03,9.124907923405676247e-01
1.244000000000000000e+03,7.708325355782480459e-01
1.245000000000000000e+03,7.299395236681336385e-01
1.246000000000000000e+03,8.767311781496307521e-01
1.247000000000000000e+03,1.411772489752584514e+00
1.248000000000000000e+03,1.271755183049787075e+00
1.249000000000000000e+03,1.186989972767081403e+00
1.250000000000000000e+03,1.107185994782020177e+00
1.251000000000000000e+03,1.279510663118236913e+00
1.252000000000000000e+03,1.346460618422937294e+00
1.253000000000000000e+03,1.290317200439309087e+00
1.254000000000000000e+03,1.236962895639369009e+00
1.255000000000000000e+03,1.164863762324486629e+00
1.256000000000000000e+03,1.283996035527672275e+00
1.257000000000000000e+03,1.398521291422569979e+00
1.258000000000000000e+03,1.348461015505211247e+00
1.259000000000000000e+03,1.162335047017583944e+00
1.260000000000000000e+03,1.259057000421511363e+00
1.261000000000000000e+03,1.206754832181283321e+00
1.262000000000000000e+03,1.273906716185440935e+00
1.263000000000000000e+03,1.524870826378299959e+00
1.264000000000000000e+03,1.144603040088506329e+00
1.265000000000000000e+03,1.075752198023873563e+00
1.266000000000000000e+03,1.038455610925914430e+00
1.267000000000000000e+03,1.189080287746358433e+00
1.268000000000000000e+03,1.309618786791290512e+00
1.269000000000000000e+03,1.093067783052413811e+00
1.270000000000000000e+03,9.770395528761995907e-01
1.271000000000000000e+03,1.099073849944563586e+00
1.272000000000000000e+03,1.397529585171051192e+00
1.273000000000000000e+03,1.264345962480867502e+00
1.274000000000000000e+03,1.502128302321298792e+00
1.275000000000000000e+03,1.351904277763692930e+00
1.276000000000000000e+03,1.418621057881678471e+00
1.277000000000000000e+03,7.301614533751987768e-01
1.278000000000000000e+03,1.211799730937619834e+00
1.279000000000000000e+03,1.069539632226781389e+00
1.280000000000000000e+03,1.079005388285781741e+00
1.281000000000000000e+03,9.278271370335352541e-01
1.282000000000000000e+03,1.010892484815821835e+00
1.283000000000000000e+03,9.486315153237915299e-01
1.284000000000000000e+03,1.130212227402322966e+00
1.285000000000000000e+03,1.017028216832200682e+00
1.286000000000000000e+03,1.048567542271199748e+00
1.287000000000000000e+03,9.999202521501142638e-01
1.288000000000000000e+03,1.160921786750568785e+00
1.289000000000000000e+03,1.105421391258948560e+00
1.290000000000000000e+03,1.099028227801568836e+00
1.291000000000000000e+03,1.064272169785453359e+00
1.292000000000000000e+03,9.489895446995144646e-01
1.293000000000000000e+03,1.175182033372073498e+00
1.294000000000000000e+03,1.197079341574389222e+00
1.295000000000000000e+03,1.135758838483347022e+00
1.296000000000000000e+03,1.061979935295706223e+00
1.297000000000000000e+03,1.064428896842857242e+00
1.298000000000000000e+03,9.911599038841560905e-01
1.299000000000000000e+03,9.610200704715567976e-01
1.300000000000000000e+03,1.002813545190899713e+00
1.301000000000000000e+03,1.093439221529684868e+00
1.302000000000000000e+03,5.056730612830990790e-01
1.303000000000000000e+03,6.538747025566915561e-01
1.304000000000000000e+03,6.955618078379268709e-01
1.305000000000000000e+03,9.533464106026954266e-01
1.306000000000000000e+03,8.142753265577602484e-01
1.307000000000000000e+03,6.513783267007631217e-01
1.308000000000000000e+03,6.283951865151169436e-01
1.309000000000000000e+03,5.731854967362404185e-01
1.310000000000000000e+03,8.410994003649878703e-01
1.311000000000000000e+03,9.744256936470399033e-01
1.312000000000000000e+03,8.301342582746980003e-01
1.313000000000000000e+03,4.063024805270673556e-01
1.314000000000000000e+03,7.284699029391170644e-01
1.315000000000000000e+03,8.287275175904802449e-01
1.316000000000000000e+03,8.004003172343134853e-01
1.317000000000000000e+03,8.534259432849693461e-01
1.318000000000000000e+03,6.372168390353440959e-01
1.319000000000000000e+03,6.876517762596778827e-01
1.320000000000000000e+03,9.094505806894774835e-01
1.321000000000000000e+03,7.514205644850311394e-01
1.322000000000000000e+03,8.529926539185861412e-01
1.323000000000000000e+03,5.527117454086267756e-01
1.324000000000000000e+03,6.077091295948657823e-01
1.325000000000000000e+03,6.936374507845524118e-01
1.326000000000000000e+03,8.561817861480409686e-01
1.327000000000000000e+03,6.294661634459506327e-01
1.328000000000000000e+03,7.629028683890083373e-01
1.329000000000000000e+03,7.486748166589153319e-01
1.330000000000000000e+03,8.106544707492077118e-01
1.331000000000000000e+03,7.085474220145728808e-01
1.332000000000000000e+03,9.278552272573331594e-01
1.333000000000000000e+03,6.242634354304279487e-01
1.334000000000000000e+03,6.248458666113583249e-01
1.335000000000000000e+03,9.098227937661986786e-01
1.336000000000000000e+03,1.023475560531797335e+00
1.337000000000000000e+03,9.625916493748338798e-01
1.338000000000000000e+03,6.816218291108934180e-01
1.339000000000000000e+03,7.309092286698412044e-01
1.340000000000000000e+03,7.354560293476856137e-01
1.341000000000000000e+03,6.654221329853866607e-01
1.342000000000000000e+03,1.064086462993949711e+00
1.343000000000000000e+03,9.135465595554358442e-01
1.344000000000000000e+03,1.023278168068969762e+00
1.345000000000000000e+03,8.653270985410628224e-01
1.346000000000000000e+03,8.892970775947300899e-01
1.347000000000000000e+03,1.112175480761282698e+00
1.348000000000000000e+03,9.041512466944707782e-01
1.349000000000000000e+03,7.541734634574115415e-01
1.350000000000000000e+03,9.051663722246167110e-01
1.351000000000000000e+03,8.475408248333919925e-01
1.352000000000000000e+03,9.494833635242574399e-01
1.353000000000000000e+03,9.484821336662900837e-01
1.354000000000000000e+03,8.543686366710662172e-01
1.355000000000000000e+03,8.043474030408368503e-01
1.356000000000000000e+03,8.037537172245990957e-01
1.357000000000000000e+03,9.830450523771737670e-01
1.358000000000000000e+03,1.081932495237416747e+00
1.359000000000000000e+03,8.453888923327633753e-01
1.360000000000000000e+03,7.775153936850329739e-01
1.361000000000000000e+03,1.228653725151376497e+00
1.362000000000000000e+03,1.042212931993445224e+00
1.363000000000000000e+03,9.661724818904375844e-01
1.364000000000000000e+03,8.486855450829737801e-01
1.365000000000000000e+03,9.039876654342303697e-01
1.366000000000000000e+03,8.443458034838388082e-01
1.367000000000000000e+03,9.607486180191970870e-01
1.368000000000000000e+03,9.883957429819091312e-01
1.369000000000000000e+03,1.271214898634498658e+00
1.370000000000000000e+03,8.225588264003449446e-01
1.371000000000000000e+03,9.353777075954485820e-01
1.372000000000000000e+03,8.909478401452061158e-01
1.373000000000000000e+03,8.646444615982183945e-01
1.374000000000000000e+03,9.075139664542697382e-01
1.375000000000000000e+03,9.334324476658626413e-01
1.376000000000000000e+03,7.652434024677114976e-01
1.377000000000000000e+03,7.323963970997412476e-01
1.378000000000000000e+03,8.536530087128957334e-01
1.379000000000000000e+03,8.213810279224500466e-01
1.380000000000000000e+03,6.526097193432113253e-01
1.381000000000000000e+03,7.145921344121234364e-01
1.382000000000000000e+03,7.720767571012921993e-01
1.383000000000000000e+03,8.792681185231950858e-01
1.384000000000000000e+03,8.971350517679550496e-01
1.385000000000000000e+03,8.254645307732770831e-01
1.386000000000000000e+03,4.354281528739808449e-01
1.387000000000000000e+03,9.491429320189883612e-01
1.388000000000000000e+03,1.000996285062357938e+00
1.389000000000000000e+03,1.042799414046219564e+00
1.390000000000000000e+03,9.382839700137909356e-01
1.391000000000000000e+03,1.028313152135313269e+00
1.392000000000000000e+03,9.020247321867409518e-01
1.393000000000000000e+03,8.469371122981405042e-01
1.394000000000000000e+03,9.346566828617274281e-01
1.395000000000000000e+03,9.971127509633026520e-01
1.396000000000000000e+03,1.120115091324585421e+00
1.397000000000000000e+03,9.362978342504908458e-01
1.398000000000000000e+03,7.799073195097598887e-01
1.399000000000000000e+03,1.090711474971273409e+00
1.400000000000000000e+03,1.062331089721239241e+00
1.401000000000000000e+03,7.702176401389220217e-01
1.402000000000000000e+03,8.205734882679937003e-01
1.403000000000000000e+03,8.359750622543866694e-01
1.404000000000000000e+03,9.514077840694004085e-01
1.405000000000000000e+03,6.795010043844583736e-01
1.406000000000000000e+03,9.408700490984308606e-01
1.407000000000000000e+03,1.179726546017119793e+00
1.408000000000000000e+03,6.487045324011313507e-01
1.409000000000000000e+03,1.131111866412481959e+00
1.410000000000000000e+03,1.237895624337861822e+00
1.411000000000000000e+03,1.223437309443057508e+00
1.412000000000000000e+03,7.420824966262175026e-01
1.413000000000000000e+03,1.106468099645255831e+00
1.414000000000000000e+03,1.141497816844258217e+00
1.415000000000000000e+03,1.304124581246648207e+00
1.416000000000000000e+03,1.232042122414751972e+00
1.417000000000000000e+03,1.022212205366445303e+00
1.418000000000000000e+03,9.506432842582818177e-01
1.419000000000000000e+03,1.001682001672737909e+00
1.420000000000000000e+03,1.149750819040396443e+00
1.421000000000000000e+03,1.128777250556316947e+00
1.422000000000000000e+03,1.221204859446587632e+00
1.423000000000000000e+03,9.464124716006693250e-01
1.424000000000000000e+03,8.660475143452475155e-01
1.425000000000000000e+03,1.153909557418467235e+00
1.426000000000000000e+03,1.110986249766663603e+00
1.427000000000000000e+03,9.806338629657326278e-01
1.428000000000000000e+03,9.458878241126125186e-01
1.429000000000000000e+03,8.399387252087695543e-01
1.430000000000000000e+03,1.177935488027934907e+00
1.431000000000000000e+03,1.177679978288072249e+00
1.432000000000000000e+03,1.170224447026511072e+00
1.433000000000000000e+03,1.015064203049744984e+00
1.434000000000000000e+03,8.638147862377076880e-01
1.435000000000000000e+03,9.763209198681919165e-01
1.436000000000000000e+03,1.150230310713330262e+00
1.437000000000000000e+03,1.124849790143575889e+00
1.438000000000000000e+03,1.043083572893460875e+00
1.439000000000000000e+03,6.175506374706165591e-01
1.440000000000000000e+03,7.833929849600905770e-01
1.441000000000000000e+03,9.211228417085582931e-01
1.442000000000000000e+03,9.170044928144327478e-01
1.443000000000000000e+03,9.647090782439134982e-01
1.444000000000000000e+03,9.117253830734338704e-01
1.445000000000000000e+03,9.655167130501050021e-01
1.446000000000000000e+03,9.601236913730399891e-01
1.447000000000000000e+03,1.015988579103936917e+00
1.448000000000000000e+03,9.859846716335717298e-01
1.449000000000000000e+03,8.405883717054830617e-01
1.450000000000000000e+03,9.757768750428312821e-01
1.451000000000000000e+03,9.670033709675960321e-01
1.452000000000000000e+03,9.519253349690851573e-01
1.453000000000000000e+03,1.045249492702040373e+00
1.454000000000000000e+03,9.415498151107248859e-01
1.455000000000000000e+03,9.784916697774883598e-01
1.456000000000000000e+03,9.626518743004026657e-01
1.457000000000000000e+03,8.555212857618965661e-01
1.458000000000000000e+03,1.085426865684783637e+00
1.459000000000000000e+03,1.039376065432591201e+00
1.460000000000000000e+03,4.546028743665120886e-01
1.461000000000000000e+03,6.950865648526092233e-01
1.462000000000000000e+03,8.772527109311567539e-01
1.463000000000000000e+03,8.803527943205551320e-01
1.464000000000000000e+03,7.705551186033130495e-01
1.465000000000000000e+03,5.170058057561219833e-01
1.466000000000000000e+03,6.936395867782183533e-01
1.467000000000000000e+03,4.117533616133710050e-01
1.468000000000000000e+03,7.473518855124996474e-01
1.469000000000000000e+03,7.753947498711364350e-01
1.470000000000000000e+03,8.585358720497302532e-01
1.471000000000000000e+03,7.557977553693948636e-01
1.472000000000000000e+03,8.199636237222478474e-01
1.473000000000000000e+03,8.787394636699392692e-01
1.474000000000000000e+03,1.168899380967153512e+00
1.475000000000000000e+03,6.535531480133769389e-01
1.476000000000000000e+03,5.825507370591802569e-01
1.477000000000000000e+03,6.481000489760699868e-01
1.478000000000000000e+03,8.293165715381265457e-01
1.479000000000000000e+03,6.569511283548703506e-01
1.480000000000000000e+03,6.940402569388071097e-01
1.481000000000000000e+03,3.800599930490760059e-01
1.482000000000000000e+03,9.604666616827435277e-01
1.483000000000000000e+03,8.090786799033271581e-01
1.484000000000000000e+03,7.543255169332738763e-01
1.485000000000000000e+03,6.018851227393815506e-01
1.486000000000000000e+03,5.537319742040386350e-01
1.487000000000000000e+03,5.884662297030498479e-01
1.488000000000000000e+03,6.041621269979418063e-01
1.489000000000000000e+03,5.715981282988871204e-01
1.490000000000000000e+03,9.039775697699532486e-01
1.491000000000000000e+03,6.771647919422716377e-01
1.492000000000000000e+03,1.007520642915296305e+00
1.493000000000000000e+03,1.152787632967315012e+00
1.494000000000000000e+03,1.209654638438145469e+00
1.495000000000000000e+03,1.090582639723705061e+00
1.496000000000000000e+03,9.073750157078974699e-01
1.497000000000000000e+03,1.100619975134857320e+00
1.498000000000000000e+03,1.392267283986391435e+00
1.499000000000000000e+03,1.184726557612719944e+00
1.500000000000000000e+03,1.142313106658805699e+00
1.501000000000000000e+03,1.120134634430235643e+00
1.502000000000000000e+03,9.131280663056313696e-01
1.503000000000000000e+03,9.360179730998976488e-01
1.504000000000000000e+03,1.162805160341570332e+00
1.505000000000000000e+03,1.138721810117076183e+00
1.506000000000000000e+03,1.132805961850150478e+00
1.507000000000000000e+03,9.418221133972546344e-01
1.508000000000000000e+03,1.190424760358552714e+00
1.509000000000000000e+03,1.340732458425526241e+00
1.510000000000000000e+03,1.398294857605204555e+00
1.511000000000000000e+03,1.450106313749180753e+00
1.512000000000000000e+03,1.069106531087213874e+00
1.513000000000000000e+03,1.132609591761188472e+00
1.514000000000000000e+03,1.299061877384651620e+00
1.515000000000000000e+03,1.161735902283387745e+00
1.516000000000000000e+03,1.292529527649652010e+00
1.517000000000000000e+03,1.352962004815941865e+00
1.518000000000000000e+03,1.066012846954045301e+00
1.519000000000000000e+03,1.163427088837194479e+00
1.520000000000000000e+03,1.350233873152043129e+00
1.521000000000000000e+03,1.341981695360736859e+00
1.522000000000000000e+03,9.498232810909917889e-01
1.523000000000000000e+03,1.093638035491386828e+00
1.524000000000000000e+03,8.900141725787319436e-01
1.525000000000000000e+03,1.015401248405838563e+00
1.526000000000000000e+03,9.580796367173866068e-01
1.527000000000000000e+03,9.028136264918225073e-01
1.528000000000000000e+03,6.791125321513404867e-01
1.529000000000000000e+03,8.279574366933982743e-01
1.530000000000000000e+03,9.382934130323864474e-01
1.531000000000000000e+03,1.164789050397910808e+00
1.532000000000000000e+03,9.207987111516505729e-01
1.533000000000000000e+03,9.357261351490274714e-01
1.534000000000000000e+03,8.732631147024685347e-01
1.535000000000000000e+03,7.685767042124723725e-01
1.536000000000000000e+03,7.462541238451222414e-01
1.537000000000000000e+03,7.341180677345937600e-01
1.538000000000000000e+03,4.003114853801972295e-01
1.539000000000000000e+03,2.673457690309197776e-01
1.540000000000000000e+03,-1.715646817533444946e-03
1.541000000000000000e+03,-4.753763057322057950e-02
1.542000000000000000e+03,8.674833903895662335e-02
1.543000000000000000e+03,-1.568496066909905728e-01
1.544000000000000000e+03,-1.022741014785666369e-01
1.545000000000000000e+03,-1.303083828128233090e-01
1.546000000000000000e+03,5.768315795777545496e-02
1.547000000000000000e+03,3.328035828494535497e-02
1.548000000000000000e+03,3.652971471899014722e-01
1.549000000000000000e+03,-8.920979033844755879e-02
1.550000000000000000e+03,-9.675231191537114750e-02
1.551000000000000000e+03,1.255927769237330516e-03
1.552000000000000000e+03,7.656983774337544624e-02
1.553000000000000000e+03,7.509388838978181546e-02
1.554000000000000000e+03,7.150884997720940994e-02
1.555000000000000000e+03,-3.019292597422769120e-01
1.556000000000000000e+03,-2.062614428936929700e-01
1.557000000000000000e+03,-6.534759597547634691e-02
1.558000000000000000e+03,-2.579824952968803320e-01
1.559000000000000000e+03,-2.689520199125247091e-01
1.560000000000000000e+03,-3.897707787545857672e-01
1.561000000000000000e+03,-3.988463224719185352e-01
1.562000000000000000e+03,-1.677699791420003139e-01
1.563000000000000000e+03,-3.479351466267326387e-01
1.564000000000000000e+03,-2.668975495832753841e-01
1.565000000000000000e+03,-2.527682308181630200e-01
1.566000000000000000e+03,-1.552348093557857078e-01
1.567000000000000000e+03,-2.270085817968640063e-01
1.568000000000000000e+03,3.486881713857817866e-01
1.569000000000000000e+03,4.378633965234491887e-01
1.570000000000000000e+03,1.987221153571329668e-01
1.571000000000000000e+03,5.495852961048861562e-01
1.572000000000000000e+03,6.231832662937628609e-01
1.573000000000000000e+03,8.757808704339897776e-01
1.574000000000000000e+03,8.003551373430510818e-01
1.575000000000000000e+03,7.573693715215155109e-01
1.576000000000000000e+03,5.084502148080329853e-01
1.577000000000000000e+03,8.448592246149695395e-01
1.578000000000000000e+03,7.735490101421680365e-01
1.579000000000000000e+03,7.602216907088950038e-01
1.580000000000000000e+03,6.414982165552640669e-01
1.581000000000000000e+03,5.625371421357141521e-01
1.582000000000000000e+03,5.855944389454099674e-01
1.583000000000000000e+03,7.682364864410713423e-01
1.584000000000000000e+03,6.819796544871883359e-01
1.585000000000000000e+03,7.197540566595774791e-01
1.586000000000000000e+03,9.221329590893432293e-01
1.587000000000000000e+03,7.592313209240850735e-01
1.588000000000000000e+03,9.942385516849434612e-01
1.589000000000000000e+03,1.089086048168647514e+00
1.590000000000000000e+03,1.070886225781910284e+00
1.591000000000000000e+03,9.676394185257222169e-01
1.592000000000000000e+03,7.872729992281626288e-01
1.593000000000000000e+03,9.332778435198816336e-01
1.594000000000000000e+03,1.181040017567036138e+00
1.595000000000000000e+03,1.227083430542105003e+00
1.596000000000000000e+03,1.323467878866523950e+00
1.597000000000000000e+03,1.029800455541184601e+00
1.598000000000000000e+03,9.613593221192033855e-01
1.599000000000000000e+03,1.169856578962963134e+00
1.600000000000000000e+03,1.293483726062906181e+00
1.601000000000000000e+03,6.924881371193003510e-01
1.602000000000000000e+03,7.832467213759858327e-01
1.603000000000000000e+03,8.520498747911184889e-01
1.604000000000000000e+03,9.057187621546188838e-01
1.605000000000000000e+03,1.100096376179881208e+00
1.606000000000000000e+03,1.600298825152537630e+00
1.607000000000000000e+03,1.184687045506617631e+00
1.608000000000000000e+03,1.129089781650423285e+00
1.609000000000000000e+03,1.275430420722911462e+00
1.610000000000000000e+03,1.235864846000424899e+00
1.611000000000000000e+03,1.272016098327833022e+00
1.612000000000000000e+03,1.153498399255370455e+00
1.613000000000000000e+03,1.117995241120859795e+00
1.614000000000000000e+03,1.235031414843408504e+00
1.615000000000000000e+03,1.238920422239522923e+00
1.616000000000000000e+03,1.232368828224556401e+00
1.617000000000000000e+03,1.263108415661934103e+00
1.618000000000000000e+03,1.197432669772655611e+00
1.619000000000000000e+03,1.075750495847993315e+00
1.620000000000000000e+03,1.284776555598493353e+00
1.621000000000000000e+03,1.203177132593924892e+00
1.622000000000000000e+03,1.298231430618626669e+00
1.623000000000000000e+03,1.110943358362887823e+00
1.624000000000000000e+03,1.376422733178202185e+00
1.625000000000000000e+03,1.346603856220377926e+00
1.626000000000000000e+03,1.344008637218038205e+00
1.627000000000000000e+03,1.120991871647847082e+00
1.628000000000000000e+03,1.082162183666469657e+00
1.629000000000000000e+03,1.072755715132554188e+00
1.630000000000000000e+03,1.288370102854762722e+00
1.631000000000000000e+03,1.265820192423289692e+00
1.632000000000000000e+03,1.176922368938328356e+00
1.633000000000000000e+03,1.145328927808333175e+00
1.634000000000000000e+03,1.049542562425110681e+00
1.635000000000000000e+03,1.466711371778039563e+00
1.636000000000000000e+03,8.427940907552722294e-01
1.637000000000000000e+03,9.411779805073924310e-01
1.638000000000000000e+03,7.646548999094221477e-01
1.639000000000000000e+03,6.778021823268327584e-01
1.640000000000000000e+03,7.936075599666704283e-01
1.641000000000000000e+03,9.162214173414674478e-01
1.642000000000000000e+03,9.577498501921321017e-01
1.643000000000000000e+03,6.850970199372536928e-01
1.644000000000000000e+03,8.037197035117319421e-01
1.645000000000000000e+03,7.177318078309926630e-01
1.646000000000000000e+03,8.006875353284930164e-01
1.647000000000000000e+03,8.459802258161011057e-01
1.648000000000000000e+03,7.149335852064789831e-01
1.649000000000000000e+03,6.664930187493738334e-01
1.650000000000000000e+03,7.392906582259889392e-01
1.651000000000000000e+03,7.712480353143325029e-01
1.652000000000000000e+03,1.071931289891574046e+00
1.653000000000000000e+03,7.667503082820813498e-01
1.654000000000000000e+03,6.968664919687643788e-01
1.655000000000000000e+03,5.943458649860732246e-01
1.656000000000000000e+03,7.581314942314993921e-01
1.657000000000000000e+03,8.632972427512295432e-01
1.658000000000000000e+03,9.327527219598572561e-01
1.659000000000000000e+03,5.103217373529921330e-01
1.660000000000000000e+03,6.042145777216290092e-01
1.661000000000000000e+03,6.520582111695395477e-01
1.662000000000000000e+03,6.663347777272550232e-01
1.663000000000000000e+03,7.745915156860611051e-01
1.664000000000000000e+03,6.231950123318990009e-01
1.665000000000000000e+03,4.790123019405229110e-01
1.666000000000000000e+03,5.494491735336443083e-01
1.667000000000000000e+03,6.510353703372517842e-01
1.668000000000000000e+03,8.517407283475391111e-01
1.669000000000000000e+03,6.495234808571044294e-01
1.670000000000000000e+03,6.544753879090190463e-01
1.671000000000000000e+03,5.731690037627265033e-01
1.672000000000000000e+03,7.646643754477122634e-01
1.673000000000000000e+03,8.375877288203213977e-01
1.674000000000000000e+03,7.411755646882405291e-01
1.675000000000000000e+03,2.434128522727068700e-01
1.676000000000000000e+03,4.562073931199502885e-01
1.677000000000000000e+03,7.632401766328632542e-01
1.678000000000000000e+03,6.967583196929683087e-01
1.679000000000000000e+03,9.146484785267109396e-01
1.680000000000000000e+03,7.204810240609444971e-01
1.681000000000000000e+03,5.422256596620352864e-01
1.682000000000000000e+03,5.688258412842748246e-01
1.683000000000000000e+03,8.085174345856331879e-01
1.684000000000000000e+03,7.909527449152885525e-01
1.685000000000000000e+03,7.291666150651257006e-01
1.686000000000000000e+03,7.483864226159396837e-01
1.687000000000000000e+03,5.428977365489492390e-01
1.688000000000000000e+03,5.784785827296464733e-01
1.689000000000000000e+03,9.227171728079460733e-01
1.690000000000000000e+03,8.158380610983283487e-01
1.691000000000000000e+03,8.073742994813190021e-01
1.692000000000000000e+03,6.194769476517801854e-01
1.693000000000000000e+03,7.667962430923188633e-01
1.694000000000000000e+03,8.282458986223777408e-01
1.695000000000000000e+03,8.284033384767640618e-01
1.696000000000000000e+03,6.807507106916702577e-01
1.697000000000000000e+03,7.052775529252820474e-01
1.698000000000000000e+03,7.199367673113237220e-01
1.699000000000000000e+03,9.293067790607648648e-01
1.700000000000000000e+03,8.037561858015036531e-01
1.701000000000000000e+03,8.143302678750052870e-01
1.702000000000000000e+03,7.761110758496280182e-01
1.703000000000000000e+03,7.169499602915264669e-01
1.704000000000000000e+03,1.162906520403092836e+00
1.705000000000000000e+03,1.148477178905413565e+00
1.706000000000000000e+03,1.059343865807584439e+00
1.707000000000000000e+03,8.189510112182263324e-01
1.708000000000000000e+03,8.848260977377903069e-01
1.709000000000000000e+03,9.696147881208213581e-01
1.710000000000000000e+03,1.186742627731676603e+00
1.711000000000000000e+03,9.477985426034231109e-01
1.712000000000000000e+03,9.856376027298168196e-01
1.713000000000000000e+03,9.366985450002522917e-01
1.714000000000000000e+03,9.225271228087642550e-01
1.715000000000000000e+03,1.117666841349185036e+00
1.716000000000000000e+03,1.020108819824694368e+00
1.717000000000000000e+03,8.200476000218078765e-01
1.718000000000000000e+03,7.996055806929102117e-01
1.719000000000000000e+03,6.686693375492283042e-01
1.720000000000000000e+03,6.595244286318646676e-01
1.721000000000000000e+03,6.081360963669324438e-01
1.722000000000000000e+03,5.705089466595951730e-01
1.723000000000000000e+03,7.083339646529644984e-01
1.724000000000000000e+03,6.578892700800667015e-01
1.725000000000000000e+03,4.712968327588933359e-01
1.726000000000000000e+03,7.377876367029008176e-01
1.727000000000000000e+03,5.968411390285306428e-01
1.728000000000000000e+03,5.247707315190464072e-01
1.729000000000000000e+03,4.468302875024326992e-01
1.730000000000000000e+03,7.582786967863497374e-01
1.731000000000000000e+03,7.677631946609630997e-01
1.732000000000000000e+03,7.561607102482896803e-01
1.733000000000000000e+03,3.363392384072134700e-01
1.734000000000000000e+03,2.155682863558442131e-01
1.735000000000000000e+03,5.696219052662674365e-01
1.736000000000000000e+03,5.432385702232629399e-01
1.737000000000000000e+03,5.699325310023728441e-01
1.738000000000000000e+03,2.619462541458080773e-01
1.739000000000000000e+03,3.399767955491164173e-01
1.740000000000000000e+03,5.248259837612987422e-01
1.741000000000000000e+03,4.569633386945922693e-01
1.742000000000000000e+03,6.226538497532958516e-01
1.743000000000000000e+03,4.934765296210099628e-01
1.744000000000000000e+03,1.996084452001507248e-01
1.745000000000000000e+03,5.794380564356638175e-01
1.746000000000000000e+03,7.016983993064920266e-01
1.747000000000000000e+03,8.548252524321549028e-01
1.748000000000000000e+03,1.772658439029465849e-01
1.749000000000000000e+03,7.507697288040733330e-01
1.750000000000000000e+03,1.263147953896307740e+00
1.751000000000000000e+03,1.036942724114627179e+00
1.752000000000000000e+03,1.086053961418657510e+00
1.753000000000000000e+03,8.697559913828352141e-01
1.754000000000000000e+03,1.070709052162337027e+00
1.755000000000000000e+03,1.019772875268265100e+00
1.756000000000000000e+03,8.193456873820719188e-01
1.757000000000000000e+03,1.584230928804835514e+00
1.758000000000000000e+03,1.336044295924966985e+00
1.759000000000000000e+03,1.248054113657938613e+00
1.760000000000000000e+03,1.201295230123938351e+00
1.761000000000000000e+03,1.025744078184568586e+00
1.762000000000000000e+03,1.103832696054830143e+00
1.763000000000000000e+03,1.352001845955107528e+00
1.764000000000000000e+03,1.197181682092693711e+00
1.765000000000000000e+03,1.245813999474427725e+00
1.766000000000000000e+03,1.104469087134929417e+00
1.767000000000000000e+03,1.104558369693011910e+00
1.768000000000000000e+03,1.580002424784632931e+00
1.769000000000000000e+03,1.152680902215438064e+00
1.770000000000000000e+03,1.118089639539149083e+00
1.771000000000000000e+03,1.476155496216591700e+00
1.772000000000000000e+03,1.175958121547766577e+00
1.773000000000000000e+03,1.511153890873124350e+00
1.774000000000000000e+03,1.272476212446379540e+00
1.775000000000000000e+03,1.178788853232646039e+00
1.776000000000000000e+03,1.056893584623667781e+00
1.777000000000000000e+03,9.336028998530278011e-01
1.778000000000000000e+03,1.010213657250191854e+00
1.779000000000000000e+03,1.139602191729096825e+00
1.780000000000000000e+03,9.620403999841018461e-01
1.781000000000000000e+03,6.596337591194140204e-01
1.782000000000000000e+03,7.680904874562523021e-01
1.783000000000000000e+03,7.832433599446492201e-01
1.784000000000000000e+03,9.709635563903196154e-01
1.785000000000000000e+03,7.598240280044693540e-01
1.786000000000000000e+03,3.166434874030510382e-01
1.787000000000000000e+03,2.349270232952757886e-01
1.788000000000000000e+03,3.728535963253646335e-01
1.789000000000000000e+03,4.389500840871692899e-01
1.790000000000000000e+03,7.382583561278787121e-01
1.791000000000000000e+03,6.531913036706423759e-01
1.792000000000000000e+03,4.888076709116822016e-01
1.793000000000000000e+03,7.110834659400300239e-01
1.794000000000000000e+03,6.748532318696279786e-01
1.795000000000000000e+03,5.319885036844632653e-01
1.796000000000000000e+03,5.037895635633699021e-01
1.797000000000000000e+03,3.123877819600027195e-01
1.798000000000000000e+03,6.316659249124241260e-01
1.799000000000000000e+03,8.191648639487121297e-01
1.800000000000000000e+03,7.271952545409976487e-01
1.801000000000000000e+03,5.950195561789012322e-01
1.802000000000000000e+03,5.410380243856924842e-01
1.803000000000000000e+03,7.914021123096575128e-01
1.804000000000000000e+03,5.723193256421026387e-01
1.805000000000000000e+03,1.041542146793685175e+00
1.806000000000000000e+03,6.638393350453603015e-01
1.807000000000000000e+03,8.714117027325319897e-01
1.808000000000000000e+03,7.633828600934204900e-01
1.809000000000000000e+03,5.812240659299460210e-01
1.810000000000000000e+03,9.545935598869371708e-01
1.811000000000000000e+03,6.048251019032124809e-01
1.812000000000000000e+03,8.106855898375818770e-01
1.813000000000000000e+03,6.474942543310991949e-01
1.814000000000000000e+03,7.455284034269914484e-01
1.815000000000000000e+03,7.569340317964545761e-01
1.816000000000000000e+03,1.088250877374501435e+00
1.817000000000000000e+03,8.821636022200997074e-01
1.818000000000000000e+03,6.709287827023344697e-01
1.819000000000000000e+03,9.753833916856921027e-01
1.820000000000000000e+03,8.000860980368311726e-01
1.821000000000000000e+03,7.990816806467675448e-01
1.822000000000000000e+03,9.782161104234573523e-01
1.823000000000000000e+03,7.571351819810985262e-01
1.824000000000000000e+03,8.636560734823955920e-01
1.825000000000000000e+03,1.107695016288184675e+00
1.826000000000000000e+03,1.022080146311242332e+00
1.827000000000000000e+03,7.753806110463803414e-01
1.828000000000000000e+03,8.747614978672912933e-01
1.829000000000000000e+03,8.793665856304805351e-01
1.830000000000000000e+03,8.555484439451445100e-01
1.831000000000000000e+03,8.464018469951068990e-01
1.832000000000000000e+03,7.480282100384721966e-01
1.833000000000000000e+03,6.937509738327649611e-01
1.834000000000000000e+03,7.874099128308882367e-01
1.835000000000000000e+03,1.024184823177106685e+00
1.836000000000000000e+03,1.299073434273410932e+00
1.837000000000000000e+03,8.250736283583268715e-01
1.838000000000000000e+03,4.906480081272755478e-01
1.839000000000000000e+03,3.587013395887008183e-01
1.840000000000000000e+03,6.274229407720420815e-01
1.841000000000000000e+03,5.222409257857040243e-01
1.842000000000000000e+03,5.186831410926412422e-01
1.843000000000000000e+03,6.949999782814800797e-01
1.844000000000000000e+03,6.176762524791129527e-01
1.845000000000000000e+03,1.025450632890165803e-01
1.846000000000000000e+03,7.816561777127818411e-01
1.847000000000000000e+03,7.856136751958372466e-01
1.848000000000000000e+03,7.678323739961266936e-01
1.849000000000000000e+03,4.619919964374415988e-01
1.850000000000000000e+03,5.073713950674200168e-01
1.851000000000000000e+03,6.682048853492933427e-01
1.852000000000000000e+03,4.646787794914762904e-01
1.853000000000000000e+03,6.801671446237003149e-01
1.854000000000000000e+03,3.039449411896244513e-01
1.855000000000000000e+03,7.223099799526532250e-01
1.856000000000000000e+03,6.864932816539172089e-01
1.857000000000000000e+03,6.263448480005345820e-01
1.858000000000000000e+03,7.814974756068983064e-01
1.859000000000000000e+03,6.200787290496168058e-01
1.860000000000000000e+03,4.564780966440670218e-01
1.861000000000000000e+03,8.811551990878249141e-01
1.862000000000000000e+03,6.698882271745933981e-01
1.863000000000000000e+03,8.746120145736590024e-01
1.864000000000000000e+03,8.087050197356090431e-01
1.865000000000000000e+03,4.690813872799606266e-01
1.866000000000000000e+03,8.997341786127021068e-01
1.867000000000000000e+03,1.081250062622952424e+00
1.868000000000000000e+03,7.417009891267062338e-01
1.869000000000000000e+03,9.012202853074208209e-01
1.870000000000000000e+03,4.345583070778599177e-01
1.871000000000000000e+03,8.373163485689005814e-01
1.872000000000000000e+03,1.239932746308521461e+00
1.873000000000000000e+03,1.257599060479635433e+00
1.874000000000000000e+03,9.753155213557851422e-01
1.875000000000000000e+03,7.974357854711947580e-01
1.876000000000000000e+03,1.331075965799783267e+00
1.877000000000000000e+03,1.300562260298992356e+00
1.878000000000000000e+03,1.718767873785240319e+00
1.879000000000000000e+03,1.575020318270703656e+00
1.880000000000000000e+03,1.614124205734340567e+00
1.881000000000000000e+03,1.626794481319004060e+00
1.882000000000000000e+03,1.605773080379930828e+00
1.883000000000000000e+03,1.537667018965151788e+00
1.884000000000000000e+03,1.587285965276505673e+00
1.885000000000000000e+03,1.613850995907019081e+00
1.886000000000000000e+03,1.481270824964016741e+00
1.887000000000000000e+03,1.493765528278580001e+00
1.888000000000000000e+03,1.850033312430140020e+00
1.889000000000000000e+03,1.787130834404149438e+00
1.890000000000000000e+03,1.903453120885224337e+00
1.891000000000000000e+03,1.738131669276411717e+00
1.892000000000000000e+03,1.907786983783724022e+00
1.893000000000000000e+03,1.653993103438427648e+00
1.894000000000000000e+03,2.074611933774241024e+00
1.895000000000000000e+03,2.252641442295280516e+00
1.896000000000000000e+03,2.007110546454118793e+00
1.897000000000000000e+03,1.761590010028958542e+00
1.898000000000000000e+03,2.052897006815678882e+00
1.899000000000000000e+03,2.133632109555203993e+00
1.900000000000000000e+03,1.984421158735597324e+00
1.901000000000000000e+03,2.072498279239158858e+00
1.902000000000000000e+03,1.921263348816829364e+00
1.903000000000000000e+03,2.166950272550152601e+00
1.904000000000000000e+03,2.070834249581485320e+00
1.905000000000000000e+03,2.500729742255135335e+00
1.906000000000000000e+03,2.183692944475250641e+00
1.907000000000000000e+03,2.509530190948496386e+00
1.908000000000000000e+03,2.092958400894782134e+00
1.909000000000000000e+03,2.494446514104903478e+00
1.910000000000000000e+03,2.504148315557629623e+00
1.911000000000000000e+03,2.435340068711106642e+00
1.912000000000000000e+03,2.397895734325206085e+00
1.913000000000000000e+03,2.568411295964140972e+00
1.914000000000000000e+03,2.521813623545546168e+00
1.915000000000000000e+03,2.900403853411219313e+00
1.916000000000000000e+03,2.385349536216435418e+00
1.917000000000000000e+03,2.605977702177400435e+00
1.918000000000000000e+03,2.567207487385877229e+00
1.919000000000000000e+03,2.149211261303747733e+00
1.920000000000000000e+03,3.046501879564917026e+00
1.921000000000000000e+03,3.019733475482025753e+00
1.922000000000000000e+03,2.663127957659258360e+00
1.923000000000000000e+03,2.728981575448945041e+00
1.924000000000000000e+03,2.677282015845591001e+00
1.925000000000000000e+03,2.628192114003190749e+00
1.926000000000000000e+03,2.802942272177895600e+00
1.927000000000000000e+03,2.976594950868766798e+00
1.928000000000000000e+03,2.994221854251108983e+00
1.929000000000000000e+03,2.800833064285878748e+00
1.930000000000000000e+03,3.107266534027432137e+00
1.931000000000000000e+03,2.821657356119272375e+00
1.932000000000000000e+03,2.870700342897851254e+00
1.933000000000000000e+03,2.882271987939264868e+00
1.934000000000000000e+03,2.823529207395725660e+00
1.935000000000000000e+03,3.034550246392786921e+00
1.936000000000000000e+03,3.018720282029684121e+00
1.937000000000000000e+03,3.150565624320905034e+00
1.938000000000000000e+03,3.053486395737473824e+00
1.939000000000000000e+03,2.718086652673276316e+00
1.940000000000000000e+03,3.162010510561724885e+00
1.941000000000000000e+03,3.000303225659183060e+00
1.942000000000000000e+03,3.054857508698510582e+00
1.943000000000000000e+03,3.191136532475222332e+00
1.944000000000000000e+03,3.177879266649077383e+00
1.945000000000000000e+03,3.002827953018312179e+00
1.946000000000000000e+03,3.315672617303052849e+00
1.947000000000000000e+03,3.348482461702598556e+00
1.948000000000000000e+03,3.256209963096087012e+00
1.949000000000000000e+03,3.343874821552357712e+00
1.950000000000000000e+03,2.413201206099759411e+00
1.951000000000000000e+03,2.592364986467819765e+00
1.952000000000000000e+03,2.963718432989848495e+00
1.953000000000000000e+03,2.924525591494872234e+00
1.954000000000000000e+03,2.550615824376596841e+00
1.955000000000000000e+03,2.626183094812602370e+00
1.956000000000000000e+03,2.581048522859200833e+00
1.957000000000000000e+03,2.766366310499716263e+00
1.958000000000000000e+03,2.959137628086839999e+00
1.959000000000000000e+03,2.780103305714793471e+00
1.960000000000000000e+03,2.707692150661865860e+00
1.961000000000000000e+03,2.712573806135103016e+00
1.962000000000000000e+03,2.979799845509388589e+00
1.963000000000000000e+03,3.205063250311587453e+00
1.964000000000000000e+03,3.015024033647851098e+00
1.965000000000000000e+03,2.947841067665050385e+00
1.966000000000000000e+03,2.861587229875707461e+00
1.967000000000000000e+03,3.309384911657768491e+00
1.968000000000000000e+03,3.377105506026378379e+00
1.969000000000000000e+03,2.864443359100939723e+00
1.970000000000000000e+03,2.999155537888716694e+00
1.971000000000000000e+03,2.776533440847473333e+00
1.972000000000000000e+03,2.819055973914674329e+00
1.973000000000000000e+03,3.028834751819753812e+00
1.974000000000000000e+03,3.357493290804030028e+00
1.975000000000000000e+03,3.130346315993500106e+00
1.976000000000000000e+03,2.942498679310541210e+00
1.977000000000000000e+03,3.360594894419783429e+00
1.978000000000000000e+03,3.089651103509355679e+00
1.979000000000000000e+03,3.299495205281667509e+00
1.980000000000000000e+03,2.773388206431318892e+00
1.981000000000000000e+03,2.871825663124761174e+00
1.982000000000000000e+03,2.974950322592108787e+00
1.983000000000000000e+03,3.082726988773693666e+00
1.984000000000000000e+03,2.943443777660808891e+00
1.985000000000000000e+03,3.116326319094276265e+00
1.986000000000000000e+03,2.873727022344446436e+00
1.987000000000000000e+03,2.844055079245480400e+00
1.988000000000000000e+03,3.106792831602582350e+00
1.989000000000000000e+03,2.986799143552030245e+00
1.990000000000000000e+03,3.030599107675997494e+00
1.991000000000000000e+03,2.985322851212140360e+00
1.992000000000000000e+03,2.665134133314624787e+00
1.993000000000000000e+03,2.945732105787953525e+00
1.994000000000000000e+03,2.825308698212553704e+00
1.995000000000000000e+03,2.823757824197911770e+00
1.996000000000000000e+03,2.481247239877282240e+00
1.997000000000000000e+03,2.612297692505550550e+00
1.998000000000000000e+03,2.875232682762546954e+00
1.999000000000000000e+03,3.058136877438983436e+00
2.000000000000000000e+03,2.563242516001637661e+00
2.001000000000000000e+03,2.751911893988389757e+00
2.002000000000000000e+03,2.477569867531168590e+00
2.003000000000000000e+03,2.830240742589245961e+00
2.004000000000000000e+03,3.054521151925099431e+00
2.005000000000000000e+03,2.872849387904104823e+00
2.006000000000000000e+03,2.539035956081775236e+00
2.007000000000000000e+03,2.799214917575874040e+00
2.008000000000000000e+03,2.627606698158399201e+00
2.009000000000000000e+03,2.905974930006046897e+00
2.010000000000000000e+03,2.816243070689939731e+00
2.011000000000000000e+03,2.546995006412194229e+00
2.012000000000000000e+03,2.823293886461124558e+00
2.013000000000000000e+03,2.509322223015844067e+00
2.014000000000000000e+03,2.737603410980294250e+00
2.015000000000000000e+03,2.971569205824489579e+00
2.016000000000000000e+03,2.986149957739625993e+00
2.017000000000000000e+03,2.554377454815762505e+00
2.018000000000000000e+03,2.760362152649831646e+00
2.019000000000000000e+03,2.786507041681316466e+00
2.020000000000000000e+03,3.008563626275966740e+00
2.021000000000000000e+03,3.191180370441783598e+00
2.022000000000000000e+03,2.870966403924937183e+00
2.023000000000000000e+03,2.990373720662919066e+00
2.024000000000000000e+03,2.817679395534079312e+00
2.025000000000000000e+03,2.991469024439445512e+00
2.026000000000000000e+03,2.926720435426811928e+00
2.027000000000000000e+03,3.127279036167795567e+00
2.028000000000000000e+03,2.708623728377964834e+00
2.029000000000000000e+03,2.737882401128689303e+00
2.030000000000000000e+03,3.136468317905922287e+00
2.031000000000000000e+03,3.001965524048529677e+00
2.032000000000000000e+03,3.040965847905315655e+00
2.033000000000000000e+03,2.560644289233981574e+00
2.034000000000000000e+03,2.921136621351279050e+00
2.035000000000000000e+03,2.882171578653154764e+00
2.036000000000000000e+03,2.992357690796874969e+00
2.037000000000000000e+03,2.963959386071922442e+00
2.038000000000000000e+03,2.681752977464221921e+00
2.039000000000000000e+03,2.834256447568077597e+00
2.040000000000000000e+03,2.869070893444909842e+00
2.041000000000000000e+03,2.799165794088534387e+00
2.042000000000000000e+03,3.265574800295294011e+00
2.043000000000000000e+03,3.096198978147107539e+00
2.044000000000000000e+03,3.033849862490196170e+00
2.045000000000000000e+03,3.141752080539708114e+00
2.046000000000000000e+03,3.097721510946353618e+00
2.047000000000000000e+03,3.318649659169711441e+00
2.048000000000000000e+03,2.787602524207662746e+00
2.049000000000000000e+03,3.028202315605299066e+00
2.050000000000000000e+03,3.042736663537028541e+00
2.051000000000000000e+03,3.088236224323240631e+00
2.052000000000000000e+03,3.210258061061560309e+00
2.053000000000000000e+03,3.292257557225250597e+00
2.054000000000000000e+03,2.918066892303390336e+00
2.055000000000000000e+03,2.943133307255437092e+00
2.056000000000000000e+03,3.116355026564706421e+00
2.057000000000000000e+03,3.041251389242737080e+00
2.058000000000000000e+03,3.145798737127998290e+00
2.059000000000000000e+03,2.989226349545724748e+00
2.060000000000000000e+03,3.017080896598060225e+00
2.061000000000000000e+03,2.911786909253337274e+00
2.062000000000000000e+03,3.295776271243084921e+00
2.063000000000000000e+03,3.077722524370073653e+00
2.064000000000000000e+03,3.098151541412192511e+00
2.065000000000000000e+03,2.987507282766773464e+00
2.066000000000000000e+03,3.092869550516470500e+00
2.067000000000000000e+03,3.153600028327446569e+00
2.068000000000000000e+03,3.262763972199998364e+00
2.069000000000000000e+03,2.898742481827717654e+00
2.070000000000000000e+03,3.148921991375933427e+00
2.071000000000000000e+03,3.051039227301154622e+00
2.072000000000000000e+03,2.839557128499023975e+00
2.073000000000000000e+03,2.796490528678464482e+00
2.074000000000000000e+03,2.847324426519095120e+00
2.075000000000000000e+03,2.685553584039498176e+00
2.076000000000000000e+03,2.737392994493971887e+00
2.077000000000000000e+03,3.180350644358619583e+00
2.078000000000000000e+03,2.836490356101619259e+00
2.079000000000000000e+03,2.874726264994534208e+00
2.080000000000000000e+03,2.871843837563877955e+00
2.081000000000000000e+03,2.645548502567188098e+00
2.082000000000000000e+03,2.678936428045985529e+00
2.083000000000000000e+03,2.840711437846743515e+00
2.084000000000000000e+03,2.824571078575038641e+00
2.085000000000000000e+03,2.783242041633699593e+00
2.086000000000000000e+03,2.672632660968800700e+00
2.087000000000000000e+03,2.736112591696126639e+00
2.088000000000000000e+03,2.958863353759987103e+00
2.089000000000000000e+03,2.876892302288686754e+00
2.090000000000000000e+03,2.840319350632350304e+00
2.091000000000000000e+03,2.792424531797387033e+00
2.092000000000000000e+03,2.748992942191849753e+00
2.093000000000000000e+03,2.747023667984310524e+00
2.094000000000000000e+03,2.946446521278120567e+00
2.095000000000000000e+03,2.835930747989046097e+00
2.096000000000000000e+03,2.621326195210733179e+00
2.097000000000000000e+03,2.634211820680634197e+00
2.098000000000000000e+03,2.779391973572006069e+00
2.099000000000000000e+03,2.777431605514658841e+00
2.100000000000000000e+03,2.764450201954388842e+00
2.101000000000000000e+03,2.642470946938189957e+00
2.102000000000000000e+03,2.677932087414596207e+00
2.103000000000000000e+03,2.652077576543505177e+00
2.104000000000000000e+03,2.845142224383550911e+00
2.105000000000000000e+03,2.982590155429801104e+00
2.106000000000000000e+03,2.758076003786767760e+00
2.107000000000000000e+03,2.693465895098850815e+00
2.108000000000000000e+03,2.713427715848997668e+00
2.109000000000000000e+03,2.771522243089485027e+00
2.110000000000000000e+03,2.766733698376930395e+00
2.111000000000000000e+03,2.805900288524064479e+00
2.112000000000000000e+03,2.717160230827513345e+00
2.113000000000000000e+03,2.730576726169808843e+00
2.114000000000000000e+03,2.714939112246973707e+00
2.115000000000000000e+03,2.889004649130299196e+00
2.116000000000000000e+03,2.768073152604511034e+00
2.117000000000000000e+03,2.766577892577620545e+00
2.118000000000000000e+03,2.599458616404787925e+00
2.119000000000000000e+03,2.657228348360674008e+00
2.120000000000000000e+03,2.769423920034942199e+00
2.121000000000000000e+03,2.835994733252912958e+00
2.122000000000000000e+03,3.030050653648324488e+00
2.123000000000000000e+03,2.697738531165996267e+00
2.124000000000000000e+03,2.630594904190519667e+00
2.125000000000000000e+03,2.741981119664048450e+00
2.126000000000000000e+03,2.467506074806443905e+00
2.127000000000000000e+03,2.679116483134162063e+00
2.128000000000000000e+03,2.406338725888617969e+00
2.129000000000000000e+03,2.548770892639980357e+00
2.130000000000000000e+03,2.363502321720152288e+00
2.131000000000000000e+03,2.602339040432247064e+00
2.132000000000000000e+03,2.792507840030704624e+00
2.133000000000000000e+03,2.493424687667101125e+00
2.134000000000000000e+03,2.560846161781351604e+00
2.135000000000000000e+03,2.650179209741230668e+00
2.136000000000000000e+03,2.541648070876388221e+00
2.137000000000000000e+03,2.731409131780954791e+00
2.138000000000000000e+03,2.766493962250141436e+00
2.139000000000000000e+03,2.546915355607232812e+00
2.140000000000000000e+03,2.589940965676427620e+00
2.141000000000000000e+03,2.813439156595416879e+00
2.142000000000000000e+03,2.714543386868120578e+00
2.143000000000000000e+03,2.698194198223593077e+00
2.144000000000000000e+03,2.561897995725364474e+00
2.145000000000000000e+03,2.652409640609209251e+00
2.146000000000000000e+03,2.794264096635755479e+00
2.147000000000000000e+03,2.633574400420413575e+00
2.148000000000000000e+03,2.610241110130478326e+00
2.149000000000000000e+03,2.611100976818166775e+00
2.150000000000000000e+03,2.509959057794064918e+00
2.151000000000000000e+03,2.451034990646610456e+00
2.152000000000000000e+03,2.772652167458195649e+00
2.153000000000000000e+03,2.354139828069619078e+00
2.154000000000000000e+03,2.741504874609007825e+00
2.155000000000000000e+03,2.607238338518167442e+00
2.156000000000000000e+03,2.797333222619987847e+00
2.157000000000000000e+03,2.872049502558462031e+00
2.158000000000000000e+03,2.710927856071009501e+00
2.159000000000000000e+03,2.513265459948859526e+00
2.160000000000000000e+03,2.284424282878471324e+00
2.161000000000000000e+03,2.476742632537154876e+00
2.162000000000000000e+03,2.461980137660516377e+00
2.163000000000000000e+03,2.435376092313341179e+00
2.164000000000000000e+03,2.434430747187370958e+00
2.165000000000000000e+03,2.326098602648485780e+00
2.166000000000000000e+03,2.424825479079639745e+00
2.167000000000000000e+03,2.552552243147081956e+00
2.168000000000000000e+03,2.566627248751750301e+00
2.169000000000000000e+03,2.705482834644962420e+00
2.170000000000000000e+03,2.402150306747969921e+00
2.171000000000000000e+03,2.316809318364577930e+00
2.172000000000000000e+03,2.512927013461595305e+00
2.173000000000000000e+03,2.615126500418571975e+00
2.174000000000000000e+03,2.447450274972839956e+00
2.175000000000000000e+03,2.427460767149320020e+00
2.176000000000000000e+03,2.385817300007194053e+00
2.177000000000000000e+03,2.547416432149173016e+00
2.178000000000000000e+03,2.688345459503558299e+00
2.179000000000000000e+03,2.616871290517555515e+00
2.180000000000000000e+03,2.538106613775903408e+00
2.181000000000000000e+03,2.583350226851989451e+00
2.182000000000000000e+03,2.577528128098799609e+00
2.183000000000000000e+03,2.682013857217399710e+00
2.184000000000000000e+03,2.644642917885508204e+00
2.185000000000000000e+03,2.393620173999105649e+00
2.186000000000000000e+03,2.181766651671344537e+00
2.187000000000000000e+03,2.449313655824148395e+00
2.188000000000000000e+03,2.802909974725615427e+00
2.189000000000000000e+03,3.014336044840551398e+00
2.190000000000000000e+03,2.743178713609957242e+00
2.191000000000000000e+03,2.828479717021003648e+00
2.192000000000000000e+03,2.670977377545455944e+00
2.193000000000000000e+03,2.779237370999443346e+00
2.194000000000000000e+03,3.034263765198300877e+00
2.195000000000000000e+03,2.845201646326239509e+00
2.196000000000000000e+03,2.665613941655095243e+00
2.197000000000000000e+03,2.567645996068727676e+00
2.198000000000000000e+03,2.785041821518329908e+00
2.199000000000000000e+03,2.820760013105477970e+00
2.200000000000000000e+03,2.852156242424911170e+00
2.201000000000000000e+03,2.727473212910926037e+00
2.202000000000000000e+03,2.542911509142369741e+00
2.203000000000000000e+03,2.732609050879625912e+00
2.204000000000000000e+03,2.759218627751089947e+00
2.205000000000000000e+03,2.709955423405399966e+00
2.206000000000000000e+03,2.752206733516500581e+00
2.207000000000000000e+03,2.863842811644998321e+00
2.208000000000000000e+03,2.304840072785059757e+00
2.209000000000000000e+03,2.966675511140454802e+00
2.210000000000000000e+03,3.037220498648073974e+00
2.211000000000000000e+03,2.625512451141838177e+00
2.212000000000000000e+03,2.565452651369946047e+00
2.213000000000000000e+03,2.425607398378722301e+00
2.214000000000000000e+03,2.640436376421612330e+00
2.215000000000000000e+03,2.775082813687614003e+00
2.216000000000000000e+03,2.689350858092192542e+00
2.217000000000000000e+03,2.588978939906132481e+00
2.218000000000000000e+03,2.496721514351357030e+00
2.219000000000000000e+03,2.728271343006706040e+00
2.220000000000000000e+03,2.695952834719043789e+00
2.221000000000000000e+03,2.506522638701014216e+00
2.222000000000000000e+03,2.535958327342263452e+00
2.223000000000000000e+03,2.527601613743490905e+00
2.224000000000000000e+03,2.293554464960541051e+00
2.225000000000000000e+03,2.651717895728499030e+00
2.226000000000000000e+03,2.568747936260596276e+00
2.227000000000000000e+03,2.692269785147335615e+00
2.228000000000000000e+03,2.613684264941070090e+00
2.229000000000000000e+03,2.399322595652215284e+00
2.230000000000000000e+03,2.541063933248138618e+00
2.231000000000000000e+03,2.760041730948047611e+00
2.232000000000000000e+03,2.424176038797638100e+00
2.233000000000000000e+03,2.372275553473784715e+00
2.234000000000000000e+03,2.325630442983865009e+00
2.235000000000000000e+03,2.492713043014629815e+00
2.236000000000000000e+03,2.568830599954168736e+00
2.237000000000000000e+03,2.332557130729627559e+00
2.238000000000000000e+03,2.234893022516383887e+00
2.239000000000000000e+03,2.429464019810805286e+00
2.240000000000000000e+03,2.277367428491758883e+00
2.241000000000000000e+03,2.261626463989228952e+00
2.242000000000000000e+03,2.439192904523824978e+00
2.243000000000000000e+03,2.349246071350424625e+00
2.244000000000000000e+03,2.324246050087945381e+00
2.245000000000000000e+03,2.509247995506219464e+00
2.246000000000000000e+03,2.493083192745741972e+00
2.247000000000000000e+03,2.520955482344196419e+00
2.248000000000000000e+03,2.336573470144201359e+00
2.249000000000000000e+03,2.300183139314595948e+00
2.250000000000000000e+03,2.178723507820803817e+00
2.251000000000000000e+03,2.635380603324557036e+00
2.252000000000000000e+03,2.609474257566730238e+00
2.253000000000000000e+03,2.658173311912926273e+00
2.254000000000000000e+03,2.347943539361288412e+00
2.255000000000000000e+03,2.432636028408329931e+00
2.256000000000000000e+03,2.461683065833802697e+00
2.257000000000000000e+03,2.541135044106631380e+00
2.258000000000000000e+03,2.562894396074531400e+00
2.259000000000000000e+03,2.450126760094055722e+00
2.260000000000000000e+03,2.393193658049408423e+00
2.261000000000000000e+03,2.677246038711877940e+00
2.262000000000000000e+03,2.773215923837837771e+00
2.263000000000000000e+03,2.744621500869286912e+00
2.264000000000000000e+03,2.666829413508540192e+00
2.265000000000000000e+03,2.713934208665344627e+00
2.266000000000000000e+03,2.837464451717521374e+00
2.267000000000000000e+03,2.801618506097489192e+00
2.268000000000000000e+03,2.762112071991192241e+00
2.269000000000000000e+03,2.800054523589816213e+00
2.270000000000000000e+03,2.602150617033580637e+00
2.271000000000000000e+03,2.870941422772268492e+00
2.272000000000000000e+03,2.846587965359848926e+00
2.273000000000000000e+03,2.980534749442724340e+00
2.274000000000000000e+03,2.927991628647172107e+00
2.275000000000000000e+03,2.698128589207421602e+00
2.276000000000000000e+03,2.680276211744719639e+00
2.277000000000000000e+03,2.711759852380668523e+00
2.278000000000000000e+03,2.950407627824783940e+00
2.279000000000000000e+03,2.959884616483367203e+00
2.280000000000000000e+03,2.609178304206183796e+00
2.281000000000000000e+03,2.596975123764850846e+00
2.282000000000000000e+03,2.578091623503635077e+00
2.283000000000000000e+03,2.684404655542638629e+00
2.284000000000000000e+03,2.544056334222240423e+00
2.285000000000000000e+03,2.698335703386768980e+00
2.286000000000000000e+03,2.647692475403271573e+00
2.287000000000000000e+03,2.505316913539588963e+00
2.288000000000000000e+03,2.655053445235132425e+00
2.289000000000000000e+03,3.086697389886720266e+00
2.290000000000000000e+03,2.567076670211268841e+00
2.291000000000000000e+03,2.758746185291113040e+00
2.292000000000000000e+03,2.882544482842324118e+00
2.293000000000000000e+03,2.845623048552293977e+00
2.294000000000000000e+03,2.526977593618147999e+00
2.295000000000000000e+03,2.583210811260884920e+00
2.296000000000000000e+03,2.491920154939415433e+00
2.297000000000000000e+03,2.436728508352122624e+00
2.298000000000000000e+03,2.267893643318528163e+00
2.299000000000000000e+03,2.388050533029498101e+00
2.300000000000000000e+03,2.719848006581193633e+00
2.301000000000000000e+03,2.468126106520051710e+00
2.302000000000000000e+03,2.319174607130390697e+00
2.303000000000000000e+03,2.370623477149981895e+00
2.304000000000000000e+03,2.521715375921577795e+00
2.305000000000000000e+03,2.412652637109424347e+00
2.306000000000000000e+03,2.401009072132077371e+00
2.307000000000000000e+03,2.307011524422834636e+00
2.308000000000000000e+03,2.319903476666644426e+00
2.309000000000000000e+03,2.334543337008229802e+00
2.310000000000000000e+03,2.554781900277018902e+00
2.311000000000000000e+03,2.493659766445805115e+00
2.312000000000000000e+03,2.363744261646854916e+00
2.313000000000000000e+03,2.082412950819826136e+00
2.314000000000000000e+03,2.368794227277845277e+00
2.315000000000000000e+03,2.439957105478385735e+00
2.316000000000000000e+03,2.515869189115143012e+00
2.317000000000000000e+03,2.241477286950924963e+00
2.318000000000000000e+03,2.443112132672638381e+00
2.319000000000000000e+03,2.403624780362859426e+00
2.320000000000000000e+03,2.590167767836899060e+00
2.321000000000000000e+03,2.257727020998724132e+00
2.322000000000000000e+03,1.988367974424233076e+00
2.323000000000000000e+03,1.866234495354144540e+00
2.324000000000000000e+03,2.045200125011379377e+00
2.325000000000000000e+03,2.233101830732195037e+00
2.326000000000000000e+03,2.249050478848625190e+00
2.327000000000000000e+03,2.178599565699388396e+00
2.328000000000000000e+03,2.093950953371591872e+00
2.329000000000000000e+03,2.443454275222491479e+00
2.330000000000000000e+03,2.245135894585202241e+00
2.331000000000000000e+03,2.042399639896189445e+00
2.332000000000000000e+03,2.090601534333999201e+00
2.333000000000000000e+03,1.790307752926777463e+00
2.334000000000000000e+03,1.354231841193551666e+00
2.335000000000000000e+03,1.812072259151278564e+00
2.336000000000000000e+03,1.984321729326571360e+00
2.337000000000000000e+03,1.908488702206515120e+00
2.338000000000000000e+03,1.674169333088604494e+00
2.339000000000000000e+03,1.487032140735026653e+00
2.340000000000000000e+03,1.629768601108980919e+00
2.341000000000000000e+03,1.587365945990210525e+00
2.342000000000000000e+03,2.000142647406355945e+00
2.343000000000000000e+03,1.622002502353603548e+00
2.344000000000000000e+03,1.493559610894035439e+00
2.345000000000000000e+03,1.507692777881139090e+00
2.346000000000000000e+03,1.709869173473945070e+00
2.347000000000000000e+03,1.626638451932145069e+00
2.348000000000000000e+03,1.485178898583945584e+00
2.349000000000000000e+03,1.487687651667932487e+00
2.350000000000000000e+03,1.522840882216479619e+00
2.351000000000000000e+03,1.687391717018142279e+00
2.352000000000000000e+03,1.820032138770673935e+00
2.353000000000000000e+03,1.446664512659577850e+00
2.354000000000000000e+03,1.629504794748411145e+00
2.355000000000000000e+03,1.564186226878244712e+00
2.356000000000000000e+03,1.549305383059444319e+00
2.357000000000000000e+03,1.261609017446956305e+00
2.358000000000000000e+03,1.676563446145368230e+00
2.359000000000000000e+03,1.447749788472024512e+00
2.360000000000000000e+03,1.567843943943581175e+00
2.361000000000000000e+03,1.862168661764560973e+00
2.362000000000000000e+03,1.704197211255167543e+00
2.363000000000000000e+03,1.964250481343428056e+00
2.364000000000000000e+03,1.974719354773292412e+00
2.365000000000000000e+03,1.606234499404589178e+00
2.366000000000000000e+03,1.756642387715371179e+00
2.367000000000000000e+03,1.757280310723126959e+00
2.368000000000000000e+03,2.339496544870388384e+00
2.369000000000000000e+03,2.040489154836688801e+00
2.370000000000000000e+03,2.123176655380859312e+00
2.371000000000000000e+03,1.839152737841666996e+00
2.372000000000000000e+03,1.901632167629966563e+00
2.373000000000000000e+03,2.305006074953561246e+00
2.374000000000000000e+03,2.027495610072938437e+00
2.375000000000000000e+03,1.887242805602823648e+00
2.376000000000000000e+03,1.937522453221070862e+00
2.377000000000000000e+03,1.955553510903955461e+00
2.378000000000000000e+03,1.727026287477682720e+00
2.379000000000000000e+03,1.847517466162830191e+00
2.380000000000000000e+03,1.709203680247960433e+00
2.381000000000000000e+03,1.687341323922192382e+00
2.382000000000000000e+03,1.743912212674065598e+00
2.383000000000000000e+03,1.904284396941381852e+00
2.384000000000000000e+03,2.060020477081387025e+00
2.385000000000000000e+03,2.096874711083524634e+00
2.386000000000000000e+03,1.711296303403950780e+00
2.387000000000000000e+03,1.775525047679288981e+00
2.388000000000000000e+03,1.994899257224489686e+00
2.389000000000000000e+03,1.896643482292286187e+00
2.390000000000000000e+03,1.904522189153703193e+00
2.391000000000000000e+03,1.806630744040590208e+00
2.392000000000000000e+03,1.804772868495318372e+00
2.393000000000000000e+03,1.955070584800022049e+00
2.394000000000000000e+03,2.238829054878671343e+00
2.395000000000000000e+03,1.991864676682958857e+00
2.396000000000000000e+03,1.826444009020383286e+00
2.397000000000000000e+03,1.770495533830334978e+00
2.398000000000000000e+03,1.909165594991962367e+00
2.399000000000000000e+03,1.858249363263959175e+00
2.400000000000000000e+03,1.829184430333768319e+00
2.401000000000000000e+03,1.956163794317053339e+00
2.402000000000000000e+03,1.674040888826338502e+00
2.403000000000000000e+03,1.857328172010539014e+00
2.404000000000000000e+03,1.971893574315664699e+00
2.405000000000000000e+03,2.004058274745533552e+00
2.406000000000000000e+03,1.947033414901665926e+00
2.407000000000000000e+03,1.574006743746544590e+00
2.408000000000000000e+03,1.962277577101934067e+00
2.409000000000000000e+03,2.192120977095227907e+00
2.410000000000000000e+03,2.352702823916891450e+00
2.411000000000000000e+03,2.318110080510145998e+00
2.412000000000000000e+03,2.268469796988532128e+00
2.413000000000000000e+03,1.834046382795820440e+00
2.414000000000000000e+03,1.838315071997540073e+00
2.415000000000000000e+03,1.752946139771654810e+00
2.416000000000000000e+03,1.991342598886788329e+00
2.417000000000000000e+03,1.985509089617168543e+00
2.418000000000000000e+03,1.825261822868870398e+00
2.419000000000000000e+03,1.951279767590635483e+00
2.420000000000000000e+03,1.922256641891004314e+00
2.421000000000000000e+03,1.911504277865188950e+00
2.422000000000000000e+03,1.947224990486200902e+00
2.423000000000000000e+03,1.316714442122396855e+00
2.424000000000000000e+03,1.721166050455136709e+00
2.425000000000000000e+03,1.813813606465049411e+00
2.426000000000000000e+03,1.710695638884235370e+00
2.427000000000000000e+03,1.620351526701000688e+00
2.428000000000000000e+03,1.590573685052215858e+00
2.429000000000000000e+03,1.674197654800602564e+00
2.430000000000000000e+03,1.648456144066076989e+00
2.431000000000000000e+03,1.641530886658686406e+00
2.432000000000000000e+03,1.701958066124283020e+00
2.433000000000000000e+03,1.594316730946069072e+00
2.434000000000000000e+03,1.569040939304315208e+00
2.435000000000000000e+03,1.786562234769752733e+00
2.436000000000000000e+03,1.644507399513180035e+00
2.437000000000000000e+03,1.622553487832361974e+00
2.438000000000000000e+03,1.762200956287457876e+00
2.439000000000000000e+03,1.503523851893749486e+00
2.440000000000000000e+03,1.735928237442217581e+00
2.441000000000000000e+03,1.661170119728126560e+00
2.442000000000000000e+03,1.717888639412766372e+00
2.443000000000000000e+03,1.599601161391723814e+00
2.444000000000000000e+03,1.586943821396533005e+00
2.445000000000000000e+03,1.494743295959533702e+00
2.446000000000000000e+03,1.703101029249623588e+00
2.447000000000000000e+03,1.677536872013504654e+00
2.448000000000000000e+03,1.673227801950790461e+00
2.449000000000000000e+03,1.373229114209593815e+00
2.450000000000000000e+03,1.793976064570328877e+00
2.451000000000000000e+03,1.623751691149007081e+00
2.452000000000000000e+03,1.843020934391822241e+00
2.453000000000000000e+03,1.742383201579039254e+00
2.454000000000000000e+03,1.671118356227403012e+00
2.455000000000000000e+03,1.488261651606844094e+00
2.456000000000000000e+03,2.063886719535245273e+00
2.457000000000000000e+03,2.176223417169058649e+00
2.458000000000000000e+03,2.043353994056059442e+00
2.459000000000000000e+03,1.980136531863108118e+00
2.460000000000000000e+03,1.889125681246119237e+00
2.461000000000000000e+03,1.914397507590652969e+00
2.462000000000000000e+03,2.345346211481157184e+00
2.463000000000000000e+03,2.712538676113544600e+00
2.464000000000000000e+03,2.552616516173207728e+00
2.465000000000000000e+03,2.424554335055537635e+00
2.466000000000000000e+03,2.501462396806369171e+00
2.467000000000000000e+03,2.611156556277254737e+00
2.468000000000000000e+03,2.799518083952763359e+00
2.469000000000000000e+03,2.921691155669373874e+00
2.470000000000000000e+03,2.746168385293171088e+00
2.471000000000000000e+03,2.697076198958251680e+00
2.472000000000000000e+03,2.931092631835223727e+00
2.473000000000000000e+03,2.997950462238714753e+00
2.474000000000000000e+03,2.965810449462019882e+00
2.475000000000000000e+03,2.831605844808673833e+00
2.476000000000000000e+03,3.151642251552922769e+00
2.477000000000000000e+03,3.068945182295280460e+00
2.478000000000000000e+03,3.085889385628420190e+00
2.479000000000000000e+03,3.050094419558285974e+00
2.480000000000000000e+03,2.647101139347375565e+00
2.481000000000000000e+03,2.518213581875789586e+00
2.482000000000000000e+03,2.632433239843271711e+00
2.483000000000000000e+03,3.316180484143261165e+00
2.484000000000000000e+03,3.009003265827360885e+00
2.485000000000000000e+03,2.907424259427251023e+00
2.486000000000000000e+03,2.795320313265162060e+00
2.487000000000000000e+03,2.951282255447015945e+00
2.488000000000000000e+03,2.801776468372416673e+00
2.489000000000000000e+03,2.880374987415720067e+00
2.490000000000000000e+03,2.833768104887036454e+00
2.491000000000000000e+03,2.782798113734356260e+00
2.492000000000000000e+03,2.401916563345524835e+00
2.493000000000000000e+03,2.337993960005617655e+00
2.494000000000000000e+03,2.367278670881279190e+00
2.495000000000000000e+03,2.213671890992018110e+00
2.496000000000000000e+03,2.178420094677801178e+00
2.497000000000000000e+03,2.177759443296494624e+00
2.498000000000000000e+03,1.926606857572188858e+00
2.499000000000000000e+03,1.995751421100567358e+00
2.500000000000000000e+03,1.815857495623453000e+00
2.501000000000000000e+03,1.860350112691133706e+00
2.502000000000000000e+03,2.070350048109986130e+00
2.503000000000000000e+03,1.770445769026328442e+00
2.504000000000000000e+03,1.955815464404222492e+00
2.505000000000000000e+03,2.009511260002546873e+00
2.506000000000000000e+03,1.912596072460667651e+00
2.507000000000000000e+03,1.812621828504855204e+00
2.508000000000000000e+03,2.156539222114938426e+00
2.509000000000000000e+03,2.320865023619007594e+00
2.510000000000000000e+03,2.016119687132976512e+00
2.511000000000000000e+03,2.297184064204120357e+00
2.512000000000000000e+03,1.824956106474146189e+00
2.513000000000000000e+03,1.661287852196906334e+00
2.514000000000000000e+03,1.799362161849199504e+00
2.515000000000000000e+03,1.864822492802205245e+00
2.516000000000000000e+03,2.003366741514021943e+00
2.517000000000000000e+03,1.926603648997068152e+00
2.518000000000000000e+03,1.581405274643149728e+00
2.519000000000000000e+03,1.429936397296515116e+00
2.520000000000000000e+03,1.653732618463151116e+00
2.521000000000000000e+03,1.472259474925587286e+00
2.522000000000000000e+03,1.478659997962204375e+00
2.523000000000000000e+03,1.303192563870280596e+00
2.524000000000000000e+03,1.391277707703000077e+00
2.525000000000000000e+03,1.557139383089541917e+00
2.526000000000000000e+03,1.645446773358637760e+00
2.527000000000000000e+03,1.204132629041081204e+00
2.528000000000000000e+03,1.644995596019615647e+00
2.529000000000000000e+03,1.513452095058615221e+00
2.530000000000000000e+03,1.503281024162250734e+00
2.531000000000000000e+03,1.569071746137278289e+00
2.532000000000000000e+03,1.556124294160094790e+00
2.533000000000000000e+03,1.306539719667180632e+00
2.534000000000000000e+03,1.517600730833810418e+00
2.535000000000000000e+03,1.447707491765569676e+00
2.536000000000000000e+03,1.423880858798751925e+00
2.537000000000000000e+03,1.434518565702765036e+00
2.538000000000000000e+03,1.498878727676546729e+00
2.539000000000000000e+03,1.430865424820619847e+00
2.540000000000000000e+03,1.508367655114603911e+00
2.541000000000000000e+03,1.538614796114136984e+00
2.542000000000000000e+03,1.619813887328754642e+00
2.543000000000000000e+03,1.442693939788033175e+00
2.544000000000000000e+03,1.398220222828942649e+00
2.545000000000000000e+03,1.597949979020747868e+00
2.546000000000000000e+03,1.520845530720588146e+00
2.547000000000000000e+03,1.294828944947498561e+00
2.548000000000000000e+03,2.027957518916819524e+00
2.549000000000000000e+03,1.880112257936671583e+00
2.550000000000000000e+03,1.629060542500889497e+00
2.551000000000000000e+03,1.626250351485444501e+00
2.552000000000000000e+03,1.675814056012666420e+00
2.553000000000000000e+03,1.734133332724661525e+00
2.554000000000000000e+03,1.470624323828054969e+00
2.555000000000000000e+03,1.607424549310926043e+00
2.556000000000000000e+03,1.756431445357658161e+00
2.557000000000000000e+03,1.724667746807240443e+00
2.558000000000000000e+03,1.683075852225655256e+00
2.559000000000000000e+03,1.689570934459514895e+00
2.560000000000000000e+03,1.622198934538785497e+00
2.561000000000000000e+03,1.604326466891361047e+00
2.562000000000000000e+03,1.642391731020827583e+00
2.563000000000000000e+03,1.728408543846506218e+00
2.564000000000000000e+03,1.834755403669538598e+00
2.565000000000000000e+03,1.645342183174535622e+00
2.566000000000000000e+03,1.762571888422140187e+00
2.567000000000000000e+03,1.797796560840258184e+00
2.568000000000000000e+03,1.439960418765872774e+00
2.569000000000000000e+03,1.311715570597802305e+00
2.570000000000000000e+03,1.004562240973858600e+00
2.571000000000000000e+03,1.335055015533173517e+00
2.572000000000000000e+03,1.254119637176312807e+00
2.573000000000000000e+03,1.411404009565403683e+00
2.574000000000000000e+03,1.370373865130846802e+00
2.575000000000000000e+03,1.336672314459390609e+00
2.576000000000000000e+03,1.267691894131376618e+00
2.577000000000000000e+03,1.304359600044950218e+00
2.578000000000000000e+03,1.507080998577194242e+00
2.579000000000000000e+03,1.598100959330885251e+00
2.580000000000000000e+03,1.537119703065269016e+00
2.581000000000000000e+03,1.520525611323652049e+00
2.582000000000000000e+03,1.708566967330892750e+00
2.583000000000000000e+03,1.661121710692525122e+00
2.584000000000000000e+03,1.701857697383129198e+00
2.585000000000000000e+03,1.513313297889384623e+00
2.586000000000000000e+03,1.898453136575479094e+00
2.587000000000000000e+03,1.556900744391086944e+00
2.588000000000000000e+03,1.620711648781324010e+00
2.589000000000000000e+03,1.793269818118137904e+00
2.590000000000000000e+03,1.673154327458427071e+00
2.591000000000000000e+03,1.589649873173010652e+00
2.592000000000000000e+03,1.544116133929716694e+00
2.593000000000000000e+03,1.629587546603975090e+00
2.594000000000000000e+03,1.554164787530365022e+00
2.595000000000000000e+03,1.643321628145137936e+00
2.596000000000000000e+03,1.577596153928752187e+00
2.597000000000000000e+03,1.772796555849201372e+00
2.598000000000000000e+03,1.905246614128857097e+00
2.599000000000000000e+03,2.015118627854362021e+00
2.600000000000000000e+03,1.955270592458056678e+00
2.601000000000000000e+03,1.559036399522714778e+00
2.602000000000000000e+03,1.828008087816565652e+00
2.603000000000000000e+03,1.844791711142121260e+00
2.604000000000000000e+03,1.993133179721737536e+00
2.605000000000000000e+03,1.926636757599710315e+00
2.606000000000000000e+03,1.893220674958731475e+00
2.607000000000000000e+03,1.876652363298944692e+00
2.608000000000000000e+03,1.814475560083441241e+00
2.609000000000000000e+03,1.866188401509483841e+00
2.610000000000000000e+03,1.996331828997457203e+00
2.611000000000000000e+03,1.762209925443012137e+00
2.612000000000000000e+03,1.846483334883764593e+00
2.613000000000000000e+03,1.768093314674685779e+00
2.614000000000000000e+03,1.935888420114671327e+00
2.615000000000000000e+03,1.921879628592668032e+00
2.616000000000000000e+03,1.992326580652334256e+00
2.617000000000000000e+03,1.768211753010200171e+00
2.618000000000000000e+03,1.666970282115454838e+00
2.619000000000000000e+03,1.829742539644799049e+00
2.620000000000000000e+03,1.876604138416797740e+00
2.621000000000000000e+03,1.920808192384523050e+00
2.622000000000000000e+03,1.820988191422488134e+00
2.623000000000000000e+03,2.010266083228279044e+00
2.624000000000000000e+03,1.532215012886389838e+00
2.625000000000000000e+03,1.682079594346626683e+00
2.626000000000000000e+03,1.818402216196254750e+00
2.627000000000000000e+03,1.624961945796225216e+00
2.628000000000000000e+03,1.548186001547249724e+00
2.629000000000000000e+03,1.398726564823256302e+00
2.630000000000000000e+03,1.530789164203321118e+00
2.631000000000000000e+03,1.514496351157731180e+00
2.632000000000000000e+03,1.331501040266318547e+00
2.633000000000000000e+03,1.242971077246841416e+00
2.634000000000000000e+03,1.397790566362878462e+00
2.635000000000000000e+03,1.593088431218143919e+00
2.636000000000000000e+03,1.563352777974272412e+00
2.637000000000000000e+03,1.458917024492550674e+00
2.638000000000000000e+03,1.434100527638787703e+00
2.639000000000000000e+03,1.147929277562117045e+00
2.640000000000000000e+03,1.521198273321545447e+00
2.641000000000000000e+03,1.556177667787189467e+00
2.642000000000000000e+03,1.738457835908137072e+00
2.643000000000000000e+03,1.476285705838886297e+00
2.644000000000000000e+03,1.367780330161049607e+00
2.645000000000000000e+03,1.592364125472635727e+00
2.646000000000000000e+03,1.686972300558830407e+00
2.647000000000000000e+03,1.574626068831413539e+00
2.648000000000000000e+03,1.540955501703058506e+00
2.649000000000000000e+03,1.470574706860002578e+00
2.650000000000000000e+03,1.431055392965841833e+00
2.651000000000000000e+03,1.511045145723162619e+00
2.652000000000000000e+03,1.577353482252553230e+00
2.653000000000000000e+03,1.578106781309694284e+00
2.654000000000000000e+03,1.739840821552895544e+00
2.655000000000000000e+03,1.463948095912095848e+00
2.656000000000000000e+03,1.872355133187608933e+00
2.657000000000000000e+03,1.961404319696602894e+00
2.658000000000000000e+03,2.231145186996699614e+00
2.659000000000000000e+03,1.797258552048763836e+00
2.660000000000000000e+03,2.120114103232235259e+00
2.661000000000000000e+03,2.006526460376570231e+00
2.662000000000000000e+03,2.148220102919904839e+00
2.663000000000000000e+03,2.291955586549919488e+00
2.664000000000000000e+03,2.305717158150446089e+00
2.665000000000000000e+03,1.849400768626050962e+00
2.666000000000000000e+03,2.074543445432467603e+00
2.667000000000000000e+03,1.997284066247065226e+00
2.668000000000000000e+03,2.012518273450710105e+00
2.669000000000000000e+03,1.878268236492991239e+00
2.670000000000000000e+03,1.793673904675999964e+00
2.671000000000000000e+03,1.800364306514507629e+00
2.672000000000000000e+03,1.950507470934170318e+00
2.673000000000000000e+03,2.055108598577611634e+00
2.674000000000000000e+03,2.159834112034635378e+00
2.675000000000000000e+03,2.170260273514911020e+00
2.676000000000000000e+03,2.120825699444330859e+00
2.677000000000000000e+03,2.419335349449223571e+00
2.678000000000000000e+03,2.327431130749709975e+00
2.679000000000000000e+03,2.219656666299945513e+00
2.680000000000000000e+03,2.112746674935733981e+00
2.681000000000000000e+03,2.155078707475078126e+00
2.682000000000000000e+03,2.122070941798785526e+00
2.683000000000000000e+03,2.220943634767298835e+00
2.684000000000000000e+03,2.167242014815845774e+00
2.685000000000000000e+03,2.314439684444962619e+00
2.686000000000000000e+03,2.241714186041592782e+00
2.687000000000000000e+03,2.092218988053212936e+00
2.688000000000000000e+03,2.201998722736367320e+00
2.689000000000000000e+03,2.309728372640221572e+00
2.690000000000000000e+03,2.372709113958742844e+00
2.691000000000000000e+03,2.174783787814246860e+00
2.692000000000000000e+03,2.001732433247436216e+00
2.693000000000000000e+03,2.327266101795164577e+00
2.694000000000000000e+03,2.257812988463270720e+00
2.695000000000000000e+03,2.399682715470089267e+00
2.696000000000000000e+03,2.117059905371422968e+00
2.697000000000000000e+03,2.114530474869494636e+00
2.698000000000000000e+03,2.187392869838675313e+00
2.699000000000000000e+03,2.189008413323482838e+00
2.700000000000000000e+03,2.410932440223099160e+00
2.701000000000000000e+03,1.883548760193280547e+00
2.702000000000000000e+03,2.039893015709990376e+00
2.703000000000000000e+03,1.627537283991559613e+00
2.704000000000000000e+03,1.758937113827977461e+00
2.705000000000000000e+03,1.703447180074693756e+00
2.706000000000000000e+03,1.778695670320180833e+00
2.707000000000000000e+03,1.499241442446544337e+00
2.708000000000000000e+03,1.424086957166125877e+00
2.709000000000000000e+03,1.575128936590844742e+00
2.710000000000000000e+03,1.635641612657977362e+00
2.711000000000000000e+03,1.525955917048191779e+00
2.712000000000000000e+03,1.533531894882227409e+00
2.713000000000000000e+03,1.477643865618696761e+00
2.714000000000000000e+03,1.507631364047801625e+00
2.715000000000000000e+03,1.783200001453682848e+00
2.716000000000000000e+03,1.546738413315538629e+00
2.717000000000000000e+03,1.589983354131791593e+00
2.718000000000000000e+03,1.489326318169954089e+00
2.719000000000000000e+03,1.628511703207491834e+00
2.720000000000000000e+03,1.434853730636481028e+00
2.721000000000000000e+03,1.647862764468218444e+00
2.722000000000000000e+03,1.546219278688511611e+00
2.723000000000000000e+03,1.520603100054107149e+00
2.724000000000000000e+03,1.826380541684725411e+00
2.725000000000000000e+03,1.109644089315311000e+00
2.726000000000000000e+03,1.638156144536513814e+00
2.727000000000000000e+03,1.775656764267245613e+00
2.728000000000000000e+03,1.535945619064950307e+00
2.729000000000000000e+03,1.475091010976386174e+00
2.730000000000000000e+03,1.708342084134656380e+00
2.731000000000000000e+03,1.664368631055382686e+00
2.732000000000000000e+03,1.818777682348327041e+00
2.733000000000000000e+03,1.667412223868018240e+00
2.734000000000000000e+03,1.717073749408270178e+00
2.735000000000000000e+03,1.880244917303502961e+00
2.736000000000000000e+03,1.878666472040748658e+00
2.737000000000000000e+03,1.755654534568189984e+00
2.738000000000000000e+03,1.999809209996795234e+00
2.739000000000000000e+03,1.762615342823013798e+00
2.740000000000000000e+03,1.898996222429920389e+00
2.741000000000000000e+03,1.762592911885682456e+00
2.742000000000000000e+03,2.017537403136377971e+00
2.743000000000000000e+03,1.975933706651014088e+00
2.744000000000000000e+03,1.809795878589276263e+00
2.745000000000000000e+03,1.831015216397809064e+00
2.746000000000000000e+03,2.153232175666818460e+00
2.747000000000000000e+03,2.188691482633242646e+00
2.748000000000000000e+03,1.955230426756632500e+00
2.749000000000000000e+03,1.801360878304040458e+00
2.750000000000000000e+03,1.918593705122525250e+00
2.751000000000000000e+03,1.825768113830452677e+00
2.752000000000000000e+03,1.966961356394310911e+00
2.753000000000000000e+03,1.970038565810052322e+00
2.754000000000000000e+03,1.810824172446153790e+00
2.755000000000000000e+03,1.585674557272998886e+00
2.756000000000000000e+03,1.933316534715361135e+00
2.757000000000000000e+03,2.052187181880516409e+00
2.758000000000000000e+03,1.927773081490639306e+00
2.759000000000000000e+03,1.873572776532126394e+00
2.760000000000000000e+03,1.786817489029390194e+00
2.761000000000000000e+03,1.889744907473296598e+00
2.762000000000000000e+03,1.934033830283594657e+00
2.763000000000000000e+03,1.981900315309736094e+00
2.764000000000000000e+03,1.856620016651200356e+00
2.765000000000000000e+03,1.757252919701885796e+00
2.766000000000000000e+03,1.875886067970075288e+00
2.767000000000000000e+03,1.961651217056321395e+00
2.768000000000000000e+03,1.940557899443769552e+00
2.769000000000000000e+03,1.942444418041736176e+00
2.770000000000000000e+03,1.925111839100412947e+00
2.771000000000000000e+03,1.840397542527760777e+00
2.772000000000000000e+03,1.951913371059772029e+00
2.773000000000000000e+03,1.951215897503935315e+00
2.774000000000000000e+03,1.958970171201103838e+00
2.775000000000000000e+03,1.888867157840267152e+00
2.776000000000000000e+03,1.709459148061026834e+00
2.777000000000000000e+03,2.066632615597298273e+00
2.778000000000000000e+03,2.027479478457486550e+00
2.779000000000000000e+03,2.036564656736345569e+00
2.780000000000000000e+03,1.976642430815575446e+00
2.781000000000000000e+03,1.778702163869717356e+00
2.782000000000000000e+03,2.148547821736153107e+00
2.783000000000000000e+03,2.276870599976899001e+00
2.784000000000000000e+03,2.223984147878207640e+00
2.785000000000000000e+03,2.245948777470658797e+00
2.786000000000000000e+03,2.050202160454800637e+00
2.787000000000000000e+03,2.100384770412238034e+00
2.788000000000000000e+03,2.397081950437239151e+00
2.789000000000000000e+03,2.437205330478715126e+00
2.790000000000000000e+03,2.246445936580301339e+00
2.791000000000000000e+03,2.226425045977926231e+00
2.792000000000000000e+03,2.326799261643338390e+00
2.793000000000000000e+03,2.164033219389440710e+00
2.794000000000000000e+03,2.249156095128804544e+00
2.795000000000000000e+03,2.378925312803368719e+00
2.796000000000000000e+03,2.223593941284492725e+00
2.797000000000000000e+03,2.203125188959639935e+00
2.798000000000000000e+03,2.240504321973545654e+00
2.799000000000000000e+03,2.363568637594890109e+00
2.800000000000000000e+03,2.450688706867182987e+00
2.801000000000000000e+03,2.150364373821068931e+00
2.802000000000000000e+03,2.086584519174238039e+00
2.803000000000000000e+03,2.216541565363270294e+00
2.804000000000000000e+03,2.588691192169934485e+00
2.805000000000000000e+03,2.277250214552010377e+00
2.806000000000000000e+03,1.950972975046407543e+00
2.807000000000000000e+03,2.000694503276668534e+00
2.808000000000000000e+03,2.217820096936909735e+00
2.809000000000000000e+03,2.216261204743276370e+00
2.810000000000000000e+03,2.460181152024880191e+00
2.811000000000000000e+03,2.095760188822243464e+00
2.812000000000000000e+03,1.916904701836940728e+00
2.813000000000000000e+03,1.819607294298027256e+00
2.814000000000000000e+03,1.865986173547293792e+00
2.815000000000000000e+03,2.026297640374266962e+00
2.816000000000000000e+03,1.963122121037075507e+00
2.817000000000000000e+03,1.779387921147994600e+00
2.818000000000000000e+03,1.809354752511291631e+00
2.819000000000000000e+03,1.718712497911187409e+00
