0.000000000000000000e+00,6.376049930693356016e-02
1.000000000000000000e+00,1.239791910521740870e-01
2.000000000000000000e+00,-4.404502734683960613e-02
3.000000000000000000e+00,-1.552523362476256330e-01
4.000000000000000000e+00,4.717351806220115157e-02
5.000000000000000000e+00,6.855772859306435985e-02
6.000000000000000000e+00,1.051300481628821698e-01
7.000000000000000000e+00,-9.978442799988683498e-02
8.000000000000000000e+00,3.150487823515212005e-02
9.000000000000000000e+00,6.771249614596117072e-02
1.000000000000000000e+01,8.401168828188353144e-02
1.100000000000000000e+01,-2.026491507577807966e-02
1.200000000000000000e+01,-9.832616455432716465e-03
1.300000000000000000e+01,-3.292945236064948045e-02
1.400000000000000000e+01,1.097677986103601372e-01
1.500000000000000000e+01,-6.651727619476156816e-02
1.600000000000000000e+01,-7.210196950945393923e-02
1.700000000000000000e+01,6.812179338714804966e-02
1.800000000000000000e+01,1.674771878219524779e-01
1.900000000000000000e+01,4.352971642883626813e-02
2.000000000000000000e+01,-3.513049141568830303e-02
2.100000000000000000e+01,-3.087603028174271125e-02
2.200000000000000000e+01,5.911429577343894903e-02
2.300000000000000000e+01,6.688986595862186912e-02
2.400000000000000000e+01,-1.017039863039592186e-02
2.500000000000000000e+01,-1.185617636946964017e-02
2.600000000000000000e+01,2.651014541592956741e-02
2.700000000000000000e+01,1.027233479620424939e-01
2.800000000000000000e+01,1.475065399811404110e-01
2.900000000000000000e+01,7.073580722106505986e-04
3.000000000000000000e+01,5.658647580984113579e-02
3.100000000000000000e+01,1.699666978491638225e-01
3.200000000000000000e+01,-1.981928518542453999e-01
3.300000000000000000e+01,-3.862379782055092581e-01
3.400000000000000000e+01,-2.667900017813096825e-01
3.500000000000000000e+01,-9.689021509004948352e-02
3.600000000000000000e+01,-1.701629611087593363e-03
3.700000000000000000e+01,-2.067230676191473826e-01
3.800000000000000000e+01,-3.458954304405525426e-01
3.900000000000000000e+01,5.931169967752350503e-03
4.000000000000000000e+01,-1.173200453938582494e-01
4.100000000000000000e+01,-7.455340749482661233e-02
4.200000000000000000e+01,-1.292821371456683022e-01
4.300000000000000000e+01,2.167764481920389508e-02
4.400000000000000000e+01,2.311170402166398685e-01
4.500000000000000000e+01,1.211122682727336364e-02
4.600000000000000000e+01,-8.030446498383661535e-02
4.700000000000000000e+01,-7.881939833281945140e-02
4.800000000000000000e+01,1.679091183778993468e-01
4.900000000000000000e+01,1.047884668618156573e-01
5.000000000000000000e+01,4.629504504273247723e-02
5.100000000000000000e+01,-1.459690702793821904e-01
5.200000000000000000e+01,5.723134615808063430e-02
5.300000000000000000e+01,8.912204127376133211e-02
5.400000000000000000e+01,3.825818247318769905e-02
5.500000000000000000e+01,-1.562018658213533417e-01
5.600000000000000000e+01,-1.222736931477526878e-01
5.700000000000000000e+01,1.406475686317461005e-01
5.800000000000000000e+01,-4.499198536150503247e-02
5.900000000000000000e+01,-4.104655888219940763e-02
6.000000000000000000e+01,-5.045890337796649083e-03
6.100000000000000000e+01,2.692998452274136256e-01
6.200000000000000000e+01,5.353120574275984644e-01
6.300000000000000000e+01,8.820676926574516630e-02
6.400000000000000000e+01,-1.128013351177583334e-01
6.500000000000000000e+01,1.179204124924915775e-01
6.600000000000000000e+01,1.942336073022139509e-01
6.700000000000000000e+01,1.297016278192516803e-01
6.800000000000000000e+01,8.760455504157700635e-02
6.900000000000000000e+01,8.293140055726454241e-02
7.000000000000000000e+01,1.900652794566999038e-01
7.100000000000000000e+01,5.863253118205105641e-02
7.200000000000000000e+01,3.032381633074809901e-02
7.300000000000000000e+01,-8.663106150083216273e-02
7.400000000000000000e+01,8.706308061710782420e-02
7.500000000000000000e+01,-6.511734274086165841e-02
7.600000000000000000e+01,-1.827670485355226693e-01
7.700000000000000000e+01,-2.207796177673312654e-01
7.800000000000000000e+01,-1.391002238574172989e-01
7.900000000000000000e+01,7.911011333012529789e-03
8.000000000000000000e+01,-2.515858924909704641e-01
8.100000000000000000e+01,-3.082184770077713853e-01
8.200000000000000000e+01,-3.968967829939321068e-02
8.300000000000000000e+01,-1.857162059084574435e-02
8.400000000000000000e+01,-4.266905123437250702e-02
8.500000000000000000e+01,-1.413695860108427349e-01
8.600000000000000000e+01,-1.720618344437333802e-01
8.700000000000000000e+01,-2.889309709344561883e-03
8.800000000000000000e+01,1.047115020521313389e-01
8.900000000000000000e+01,-9.566470058774492746e-02
9.000000000000000000e+01,-1.417890857835029383e-01
9.100000000000000000e+01,-2.032793677581240521e-02
9.200000000000000000e+01,3.762606856399325350e-02
9.300000000000000000e+01,-6.683046659281677293e-02
9.400000000000000000e+01,-1.407317364361783396e-01
9.500000000000000000e+01,-1.202483038260434289e-01
9.600000000000000000e+01,7.842157919489688156e-02
9.700000000000000000e+01,3.860271855574942679e-03
9.800000000000000000e+01,-1.240472976852364517e-01
9.900000000000000000e+01,-1.540838177742835102e-01
1.000000000000000000e+02,7.104164534565676759e-02
1.010000000000000000e+02,9.841336345331117008e-02
1.020000000000000000e+02,-9.195788062078827374e-02
1.030000000000000000e+02,-6.636094632263542237e-02
1.040000000000000000e+02,-1.749233783062870973e-01
1.050000000000000000e+02,2.694683257673302079e-01
1.060000000000000000e+02,1.330924292305146750e-01
1.070000000000000000e+02,1.165215351505009822e-01
1.080000000000000000e+02,6.811495253067917366e-02
1.090000000000000000e+02,2.669000546932776552e-01
1.100000000000000000e+02,2.618017590529684302e-01
1.110000000000000000e+02,2.388240799299316541e-01
1.120000000000000000e+02,-2.633749634967105790e-02
1.130000000000000000e+02,1.451720870163283605e-01
1.140000000000000000e+02,9.339704738382531568e-02
1.150000000000000000e+02,9.987060882142795304e-02
1.160000000000000000e+02,-2.688327423615854972e-02
1.170000000000000000e+02,9.380235401463554723e-02
1.180000000000000000e+02,1.914408557435551272e-01
1.190000000000000000e+02,1.159190565017141628e-02
1.200000000000000000e+02,-2.212874573034617764e-02
1.210000000000000000e+02,-8.199576872788674753e-02
1.220000000000000000e+02,1.530445659125146407e-01
1.230000000000000000e+02,1.599759908590091262e-01
1.240000000000000000e+02,-3.845223731920680010e-02
1.250000000000000000e+02,-5.718268538734652684e-02
1.260000000000000000e+02,3.072413539136658045e-01
1.270000000000000000e+02,2.291683360768392852e-01
1.280000000000000000e+02,7.159129079865217404e-02
1.290000000000000000e+02,1.580284481565806254e-01
1.300000000000000000e+02,3.182860089743272392e-02
1.310000000000000000e+02,1.413740213256069744e-01
1.320000000000000000e+02,9.906573271855298457e-02
1.330000000000000000e+02,-4.041922090176622295e-02
1.340000000000000000e+02,1.694607978446233815e-02
1.350000000000000000e+02,1.760183217775972975e-01
1.360000000000000000e+02,1.922522071261512644e-01
1.370000000000000000e+02,8.047812613026300577e-02
1.380000000000000000e+02,-1.828840998565132436e-01
1.390000000000000000e+02,1.871851682084646473e-03
1.400000000000000000e+02,1.750479635852612847e-01
1.410000000000000000e+02,-1.994907225621900260e-03
1.420000000000000000e+02,-6.727385589367129715e-02
1.430000000000000000e+02,4.573902384758651504e-03
1.440000000000000000e+02,3.956685987677094340e-02
1.450000000000000000e+02,2.123495152966895644e-03
1.460000000000000000e+02,-8.779101378746424766e-02
1.470000000000000000e+02,6.331935238348629369e-02
1.480000000000000000e+02,8.248158736545682657e-02
1.490000000000000000e+02,6.554873284611217876e-02
1.500000000000000000e+02,5.148436165667782949e-02
1.510000000000000000e+02,-1.285372131682119279e-01
1.520000000000000000e+02,-1.364695358485430721e-02
1.530000000000000000e+02,-5.889655776984831226e-04
1.540000000000000000e+02,6.229305378775557706e-02
1.550000000000000000e+02,-9.892375813231511772e-02
1.560000000000000000e+02,7.705774233500585491e-03
1.570000000000000000e+02,4.267099475779322776e-02
1.580000000000000000e+02,4.616759245707521830e-03
1.590000000000000000e+02,-1.279786988255669500e-01
1.600000000000000000e+02,2.120039530115034460e-02
1.610000000000000000e+02,1.044539546933677676e-01
1.620000000000000000e+02,-1.950894482127091822e-01
1.630000000000000000e+02,-4.199008860076296201e-02
1.640000000000000000e+02,-2.011844499244687667e-01
1.650000000000000000e+02,-3.434477663524979074e-02
1.660000000000000000e+02,1.315683182680358332e-01
1.670000000000000000e+02,-7.547079389086912282e-02
1.680000000000000000e+02,-7.263142291014090812e-02
1.690000000000000000e+02,-9.426359516264510782e-03
1.700000000000000000e+02,1.537272151932717323e-01
1.710000000000000000e+02,8.859958764965339406e-02
1.720000000000000000e+02,-1.140384459883466151e-01
1.730000000000000000e+02,-9.863133926430238396e-02
1.740000000000000000e+02,-4.512131939893336552e-02
1.750000000000000000e+02,1.781055640074521440e-01
1.760000000000000000e+02,-2.489061916816657505e-01
1.770000000000000000e+02,-6.408874831129268701e-02
1.780000000000000000e+02,1.249420259603590926e-02
1.790000000000000000e+02,1.012810102873222956e-01
1.800000000000000000e+02,-1.009096814823574467e-01
1.810000000000000000e+02,-3.205715844560261263e-02
1.820000000000000000e+02,-3.696270173252590163e-02
1.830000000000000000e+02,2.447772549118668040e-02
1.840000000000000000e+02,3.194864959445148367e-02
1.850000000000000000e+02,-1.193702133377977648e-01
1.860000000000000000e+02,-1.060763042618197843e-01
1.870000000000000000e+02,-1.039438860940531534e-02
1.880000000000000000e+02,-1.364536855634412849e-02
1.890000000000000000e+02,1.126421527746196416e-03
1.900000000000000000e+02,-1.171681422881442058e-01
1.910000000000000000e+02,-4.518871714551786489e-02
1.920000000000000000e+02,7.874638800236988256e-02
1.930000000000000000e+02,1.189453776305445937e-01
1.940000000000000000e+02,-5.873985484875378360e-02
1.950000000000000000e+02,-3.873930518486010804e-02
1.960000000000000000e+02,9.565008930702263712e-02
1.970000000000000000e+02,2.551909289311622420e-01
1.980000000000000000e+02,-9.375507293997224767e-02
1.990000000000000000e+02,-8.444670319248752388e-02
2.000000000000000000e+02,9.766577796423600577e-02
2.010000000000000000e+02,-1.149097294566028132e-01
2.020000000000000000e+02,5.153155384335454670e-02
2.030000000000000000e+02,-3.681508748374148071e-02
2.040000000000000000e+02,9.060073234996027236e-02
2.050000000000000000e+02,1.315712954461812634e-01
2.060000000000000000e+02,6.309813732756971993e-02
2.070000000000000000e+02,-6.014058860227583514e-02
2.080000000000000000e+02,-6.483111385331430387e-02
2.090000000000000000e+02,1.432776747167736064e-01
2.100000000000000000e+02,8.621952076701744350e-02
2.110000000000000000e+02,-6.081912562071249695e-02
2.120000000000000000e+02,-5.502513218138091466e-03
2.130000000000000000e+02,-3.644850853453326933e-03
2.140000000000000000e+02,1.328017923911885556e-01
2.150000000000000000e+02,-5.532676866999142185e-02
2.160000000000000000e+02,-1.434206147385525543e-01
2.170000000000000000e+02,-2.513653215862131016e-02
2.180000000000000000e+02,6.562281849405418588e-02
2.190000000000000000e+02,-7.148818889337372334e-03
2.200000000000000000e+02,-2.623344856620113408e-02
2.210000000000000000e+02,-1.624905172024916633e-02
2.220000000000000000e+02,9.028491304289204544e-02
2.230000000000000000e+02,-1.472293860922779807e-02
2.240000000000000000e+02,-6.750622882708672001e-02
2.250000000000000000e+02,-1.025321299871982256e-01
2.260000000000000000e+02,-5.230549635830056276e-03
2.270000000000000000e+02,1.022508738348179985e-01
2.280000000000000000e+02,-1.679886036387521209e-01
2.290000000000000000e+02,-2.806967832001252550e-01
2.300000000000000000e+02,-1.401698485988453480e-01
2.310000000000000000e+02,-1.038812944770601959e-01
2.320000000000000000e+02,-2.295190714121877473e-01
2.330000000000000000e+02,-2.603167585808343065e-01
2.340000000000000000e+02,-2.049047905589330143e-01
2.350000000000000000e+02,-7.928321074710817373e-02
2.360000000000000000e+02,-8.853401435044155887e-02
2.370000000000000000e+02,-1.810904063053926649e-01
2.380000000000000000e+02,-3.461192264658183859e-01
2.390000000000000000e+02,-2.170873708733186414e-01
2.400000000000000000e+02,-1.422537125190648233e-01
2.410000000000000000e+02,-1.572469700481574084e-01
2.420000000000000000e+02,-5.261709579243645241e-01
2.430000000000000000e+02,-5.531547487410637398e-01
2.440000000000000000e+02,-2.220139857881161805e-01
2.450000000000000000e+02,-2.431749420067644274e-01
2.460000000000000000e+02,-1.512287238241332155e-01
2.470000000000000000e+02,-3.769530457793173195e-01
2.480000000000000000e+02,-2.879744559511796531e-01
2.490000000000000000e+02,-1.132682338317210075e-01
2.500000000000000000e+02,-1.906794927721539579e-01
2.510000000000000000e+02,-3.581613379752172088e-01
2.520000000000000000e+02,-2.365505556358777350e-01
2.530000000000000000e+02,-5.242704385371228792e-02
2.540000000000000000e+02,-4.663513249185889942e-01
2.550000000000000000e+02,-2.655536425704740355e-01
2.560000000000000000e+02,-3.253254680438298352e-01
2.570000000000000000e+02,-1.368530612690526671e-01
2.580000000000000000e+02,-6.976131984613388737e-02
2.590000000000000000e+02,-3.467997193103091180e-01
2.600000000000000000e+02,-2.758479006012442003e-01
2.610000000000000000e+02,6.856462342114748310e-02
2.620000000000000000e+02,-1.303498847359949586e-01
2.630000000000000000e+02,-8.046197165403287666e-02
2.640000000000000000e+02,1.189207983753604730e-01
2.650000000000000000e+02,-6.596374323086021119e-02
2.660000000000000000e+02,-1.850266667800026799e-02
2.670000000000000000e+02,-1.215159384403706327e-01
2.680000000000000000e+02,-3.424733582000821230e-01
2.690000000000000000e+02,-2.285620538210257902e-01
2.700000000000000000e+02,-2.748676894520604708e-02
2.710000000000000000e+02,-1.980884274096710862e-01
2.720000000000000000e+02,-3.423713939622696767e-02
2.730000000000000000e+02,2.114915979663796464e-02
2.740000000000000000e+02,1.423830323265203313e-01
2.750000000000000000e+02,-6.149531877436337224e-02
2.760000000000000000e+02,8.247100378037594548e-03
2.770000000000000000e+02,-1.638207005311571041e-01
2.780000000000000000e+02,7.133710775785183367e-02
2.790000000000000000e+02,1.855101913200153940e-01
2.800000000000000000e+02,-2.296298985327357468e-03
2.810000000000000000e+02,-6.028883412506237660e-02
2.820000000000000000e+02,-7.437977370010276368e-02
2.830000000000000000e+02,1.605150255846133078e-01
2.840000000000000000e+02,1.751292769501522351e-01
2.850000000000000000e+02,-1.395842551513856722e-02
2.860000000000000000e+02,-3.368675789492688727e-02
2.870000000000000000e+02,2.561033789713128561e-01
2.880000000000000000e+02,2.848689954191299112e-01
2.890000000000000000e+02,-4.366996709760245787e-02
2.900000000000000000e+02,-1.021903603980229003e-01
2.910000000000000000e+02,-2.021392929518034745e-02
2.920000000000000000e+02,2.324358843534997388e-02
2.930000000000000000e+02,-6.052791691303005539e-02
2.940000000000000000e+02,-6.814331803647490082e-02
2.950000000000000000e+02,3.154186403087543000e-02
2.960000000000000000e+02,3.835046197025400172e-01
2.970000000000000000e+02,7.884719052799221695e-03
2.980000000000000000e+02,-2.174491330682807866e-01
2.990000000000000000e+02,-1.416381935951751547e-01
3.000000000000000000e+02,5.671799109876088374e-02
3.010000000000000000e+02,2.016013167461880307e-01
3.020000000000000000e+02,2.805078549405417565e-01
3.030000000000000000e+02,2.787730190189949275e-02
3.040000000000000000e+02,2.968645856867498378e-01
3.050000000000000000e+02,1.724605647937093589e-01
3.060000000000000000e+02,8.546899364303821300e-02
3.070000000000000000e+02,-2.037043110102194632e-01
3.080000000000000000e+02,-2.864479653700073569e-02
3.090000000000000000e+02,-1.832718920693185427e-03
3.100000000000000000e+02,1.847420239270058107e-01
3.110000000000000000e+02,1.055322487190642200e-02
3.120000000000000000e+02,1.135082259324520296e-02
3.130000000000000000e+02,2.075635594094948355e-01
3.140000000000000000e+02,2.333462008161154289e-01
3.150000000000000000e+02,-9.678996314741597495e-02
3.160000000000000000e+02,1.405530571439136678e-01
3.170000000000000000e+02,3.301696340681936626e-02
3.180000000000000000e+02,-2.149004293488161396e-02
3.190000000000000000e+02,7.109217745043579229e-02
3.200000000000000000e+02,7.711237682870786259e-02
3.210000000000000000e+02,-5.891541228906416183e-02
3.220000000000000000e+02,1.256100003339947202e-01
3.230000000000000000e+02,1.133925783699135936e-01
3.240000000000000000e+02,1.762697440086526124e-01
3.250000000000000000e+02,1.180414948450497770e-02
3.260000000000000000e+02,-3.477615765361963263e-02
3.270000000000000000e+02,1.566967529671342008e-01
3.280000000000000000e+02,3.418529033497351433e-02
3.290000000000000000e+02,-1.419430567979637903e-01
3.300000000000000000e+02,1.347889952017798654e-02
3.310000000000000000e+02,-5.953373430786137316e-03
3.320000000000000000e+02,2.590679539737282544e-02
3.330000000000000000e+02,1.014130974629155746e-01
3.340000000000000000e+02,-1.132346116573911265e-01
3.350000000000000000e+02,2.017555343108610177e-01
3.360000000000000000e+02,1.947865401528864893e-01
3.370000000000000000e+02,-7.529932629349855855e-02
3.380000000000000000e+02,-2.511855319653182317e-01
3.390000000000000000e+02,-1.049673630017884801e-01
3.400000000000000000e+02,1.798227938763093947e-01
3.410000000000000000e+02,-8.785021185814985423e-02
3.420000000000000000e+02,-5.115617916719970848e-02
3.430000000000000000e+02,9.021944567777698265e-02
3.440000000000000000e+02,2.012214701735663969e-01
3.450000000000000000e+02,5.259269027933816121e-02
3.460000000000000000e+02,-2.733628149084237347e-01
3.470000000000000000e+02,-9.310484436183215362e-03
3.480000000000000000e+02,8.294634838577508162e-02
3.490000000000000000e+02,2.645738024238837860e-01
3.500000000000000000e+02,-6.723493290621811169e-02
3.510000000000000000e+02,-1.361402632624753306e-01
3.520000000000000000e+02,1.492282053440340261e-01
3.530000000000000000e+02,5.799813581479269509e-01
3.540000000000000000e+02,2.809075684305240017e-01
3.550000000000000000e+02,2.351936470447537064e-01
3.560000000000000000e+02,3.493493990556397755e-01
3.570000000000000000e+02,5.259080866977440261e-01
3.580000000000000000e+02,3.745514178102377079e-01
3.590000000000000000e+02,1.502161370561798381e-01
3.600000000000000000e+02,2.120403035968750627e-01
3.610000000000000000e+02,4.322025314781109406e-01
3.620000000000000000e+02,4.955839029516744265e-01
3.630000000000000000e+02,3.360634449276285185e-01
3.640000000000000000e+02,3.209923665760462397e-01
3.650000000000000000e+02,3.521782021553381270e-01
3.660000000000000000e+02,5.680553374792038923e-01
3.670000000000000000e+02,3.862567737319893557e-01
3.680000000000000000e+02,7.856029488040638942e-02
3.690000000000000000e+02,9.555743650370307485e-02
3.700000000000000000e+02,5.790757951422577099e-01
3.710000000000000000e+02,3.443698112469769645e-01
3.720000000000000000e+02,8.788013984854214922e-02
3.730000000000000000e+02,2.065971552202585104e-01
3.740000000000000000e+02,2.507747011613718491e-01
3.750000000000000000e+02,3.246947810512204047e-01
3.760000000000000000e+02,3.018778090501680333e-01
3.770000000000000000e+02,1.205982525475260414e-02
3.780000000000000000e+02,1.794431837912487948e-01
3.790000000000000000e+02,3.309405232453987433e-01
3.800000000000000000e+02,1.881234792141840972e-01
3.810000000000000000e+02,3.199974352381320108e-01
3.820000000000000000e+02,9.008055525760549909e-02
3.830000000000000000e+02,9.323471889322440531e-02
3.840000000000000000e+02,1.138248055384759594e-01
3.850000000000000000e+02,-8.912335455457910671e-02
3.860000000000000000e+02,-6.293038197913268517e-02
3.870000000000000000e+02,7.236938759356609241e-02
3.880000000000000000e+02,1.681558590587263757e-01
3.890000000000000000e+02,3.325207515168618344e-02
3.900000000000000000e+02,2.089557952556597709e-02
3.910000000000000000e+02,5.453516601077673664e-02
3.920000000000000000e+02,2.108281307909778968e-01
3.930000000000000000e+02,8.363021964310402012e-02
3.940000000000000000e+02,-1.102983326670911313e-01
3.950000000000000000e+02,-1.830686569259870611e-02
3.960000000000000000e+02,1.360866430326949095e-01
3.970000000000000000e+02,-1.435893498156927406e-02
3.980000000000000000e+02,-1.642946802369329440e-01
3.990000000000000000e+02,-1.051239010296084742e-01
4.000000000000000000e+02,1.567650881200207680e-01
4.010000000000000000e+02,1.156351595196318804e-01
4.020000000000000000e+02,3.189230337621750122e-01
4.030000000000000000e+02,-1.680756525022521763e-01
4.040000000000000000e+02,5.336627059533703005e-02
4.050000000000000000e+02,2.427338363168542457e-01
4.060000000000000000e+02,3.792582663721613123e-01
4.070000000000000000e+02,-1.425325508654193551e-01
4.080000000000000000e+02,2.085890232204246908e-01
4.090000000000000000e+02,2.040158740365183854e-01
4.100000000000000000e+02,3.371942258743578780e-01
4.110000000000000000e+02,1.848905978634576841e-01
4.120000000000000000e+02,9.259287551298155117e-02
4.130000000000000000e+02,2.419498564143234831e-01
4.140000000000000000e+02,3.364247139779281137e-01
4.150000000000000000e+02,3.094715685798833382e-01
4.160000000000000000e+02,2.173663571849072940e-02
4.170000000000000000e+02,1.027028669642504055e-01
4.180000000000000000e+02,2.913552179323875557e-01
4.190000000000000000e+02,3.128145179721996683e-01
4.200000000000000000e+02,-1.573020059042283536e-01
4.210000000000000000e+02,2.637102640350420801e-02
4.220000000000000000e+02,2.005383218156680247e-01
4.230000000000000000e+02,2.952395389326408215e-01
4.240000000000000000e+02,2.718120506954200266e-01
4.250000000000000000e+02,-2.991039997937697259e-02
4.260000000000000000e+02,2.113359666771898460e-01
4.270000000000000000e+02,1.857485730038923033e-01
4.280000000000000000e+02,1.864732830533539221e-01
4.290000000000000000e+02,1.358357244746357939e-01
4.300000000000000000e+02,2.653324171598754888e-01
4.310000000000000000e+02,2.786314002216037089e-01
4.320000000000000000e+02,1.796919656575038035e-02
4.330000000000000000e+02,5.084395500107229127e-02
4.340000000000000000e+02,1.238289831490821391e-02
4.350000000000000000e+02,1.077450194475895878e-01
4.360000000000000000e+02,2.675407670387587311e-01
4.370000000000000000e+02,1.824230385083961681e-01
4.380000000000000000e+02,6.998021189384269480e-02
4.390000000000000000e+02,1.506560153174580363e-01
4.400000000000000000e+02,3.159750174684860524e-01
4.410000000000000000e+02,4.553705013971500182e-01
4.420000000000000000e+02,5.913484530736173861e-01
4.430000000000000000e+02,4.173116095073227116e-01
4.440000000000000000e+02,3.817811536022940322e-01
4.450000000000000000e+02,2.201485700592204497e-01
4.460000000000000000e+02,4.451952896857366282e-01
4.470000000000000000e+02,2.743170223263708962e-01
4.480000000000000000e+02,3.445338339310675124e-01
4.490000000000000000e+02,3.940148766652389334e-01
4.500000000000000000e+02,1.506621520766049938e-01
4.510000000000000000e+02,4.016428417888402436e-01
4.520000000000000000e+02,6.572489338564246886e-01
4.530000000000000000e+02,4.788475022744019816e-01
4.540000000000000000e+02,4.624363789569212457e-01
4.550000000000000000e+02,1.888480257990221289e-01
4.560000000000000000e+02,4.016782027783510900e-01
4.570000000000000000e+02,4.909087926820335790e-01
4.580000000000000000e+02,4.530532314582353393e-01
4.590000000000000000e+02,4.877424907580009128e-01
4.600000000000000000e+02,2.751852180643203361e-01
4.610000000000000000e+02,6.556375979317793368e-01
4.620000000000000000e+02,6.364068949983822110e-01
4.630000000000000000e+02,3.562597795246006394e-01
4.640000000000000000e+02,3.305329568525338657e-01
4.650000000000000000e+02,3.255399713016146612e-01
4.660000000000000000e+02,5.942805159593740338e-01
4.670000000000000000e+02,3.653431583651493564e-01
4.680000000000000000e+02,3.554562755917577421e-01
4.690000000000000000e+02,3.177479145917027070e-01
4.700000000000000000e+02,2.850772772079193107e-01
4.710000000000000000e+02,2.988872093637237048e-01
4.720000000000000000e+02,3.256791337568296085e-02
4.730000000000000000e+02,3.125166561586162350e-02
4.740000000000000000e+02,5.940022085682580277e-01
4.750000000000000000e+02,4.387014117431159432e-01
4.760000000000000000e+02,2.818960616234172933e-01
4.770000000000000000e+02,5.375866884445658078e-01
4.780000000000000000e+02,2.540921180341214614e-01
4.790000000000000000e+02,5.737565112381284305e-01
4.800000000000000000e+02,4.168658799597227960e-01
4.810000000000000000e+02,3.337138890902263677e-01
4.820000000000000000e+02,2.560726249644074137e-01
4.830000000000000000e+02,6.438338798247843497e-01
4.840000000000000000e+02,5.381892326319820397e-01
4.850000000000000000e+02,6.206815049817864249e-01
4.860000000000000000e+02,4.319432142499378680e-01
4.870000000000000000e+02,5.019456290948668409e-01
4.880000000000000000e+02,5.983413979047140785e-01
4.890000000000000000e+02,4.907616099524308440e-01
4.900000000000000000e+02,2.572461475506080397e-01
4.910000000000000000e+02,3.509089566144638073e-01
4.920000000000000000e+02,5.575378253608843648e-01
4.930000000000000000e+02,4.344451225893157242e-01
4.940000000000000000e+02,4.829925765526775217e-01
4.950000000000000000e+02,4.028176830546705833e-01
4.960000000000000000e+02,5.660069940660102938e-01
4.970000000000000000e+02,6.234846479755989934e-01
4.980000000000000000e+02,2.563165900069127034e-01
4.990000000000000000e+02,3.192593171508634753e-01
5.000000000000000000e+02,7.129044930075242315e-01
5.010000000000000000e+02,5.992056054174523805e-01
5.020000000000000000e+02,4.444819126614562577e-01
5.030000000000000000e+02,2.154497024761045654e-01
5.040000000000000000e+02,2.572434762293738242e-01
5.050000000000000000e+02,2.965706843094196854e-01
5.060000000000000000e+02,3.970532942016071765e-01
5.070000000000000000e+02,3.928276343689698913e-01
5.080000000000000000e+02,1.803967324713085796e-01
5.090000000000000000e+02,3.335372610768153057e-01
5.100000000000000000e+02,4.745441131356414877e-01
5.110000000000000000e+02,1.366456438276966168e-01
5.120000000000000000e+02,1.788096121593833188e-01
5.130000000000000000e+02,4.399992241832765827e-01
5.140000000000000000e+02,2.921950204126758099e-01
5.150000000000000000e+02,3.055081775102215860e-02
5.160000000000000000e+02,2.835345713542469226e-01
5.170000000000000000e+02,6.225634696904283616e-02
5.180000000000000000e+02,3.182093942704892764e-01
5.190000000000000000e+02,3.916962166895545661e-01
5.200000000000000000e+02,4.314585352763967707e-01
5.210000000000000000e+02,1.449060894700759661e-01
5.220000000000000000e+02,3.471906592344674580e-01
5.230000000000000000e+02,3.654103424598809102e-01
5.240000000000000000e+02,7.686479334919169015e-02
5.250000000000000000e+02,7.598882767380404912e-02
5.260000000000000000e+02,3.168075591227230148e-01
5.270000000000000000e+02,3.063261441774349225e-01
5.280000000000000000e+02,2.008614651910752835e-01
5.290000000000000000e+02,2.604962523324642065e-01
5.300000000000000000e+02,4.395297127674067106e-01
5.310000000000000000e+02,2.903498970573469284e-01
5.320000000000000000e+02,4.033342112901596721e-01
5.330000000000000000e+02,2.454641828061660258e-01
5.340000000000000000e+02,2.057160778793994116e-01
5.350000000000000000e+02,4.248692477081656427e-01
5.360000000000000000e+02,4.226983528208045904e-01
5.370000000000000000e+02,1.769068789343260228e-01
5.380000000000000000e+02,2.016781691753324612e-01
5.390000000000000000e+02,4.621608795507705647e-01
5.400000000000000000e+02,2.245298589725783778e-01
5.410000000000000000e+02,1.243859079434188608e-01
5.420000000000000000e+02,4.298223543986625650e-01
5.430000000000000000e+02,3.881670257464357454e-01
5.440000000000000000e+02,4.177715492454379675e-01
5.450000000000000000e+02,3.619110907292286683e-01
5.460000000000000000e+02,2.720975041725269827e-01
5.470000000000000000e+02,3.024455419905276443e-01
5.480000000000000000e+02,1.952571545324263136e-01
5.490000000000000000e+02,2.916340470999348455e-01
5.500000000000000000e+02,1.178715869880977152e-01
5.510000000000000000e+02,1.844725959867072884e-01
5.520000000000000000e+02,2.704710687951966674e-01
5.530000000000000000e+02,3.767651063501833431e-01
5.540000000000000000e+02,2.146323254524295510e-01
5.550000000000000000e+02,3.254671099133489287e-01
5.560000000000000000e+02,2.584837632498259152e-01
5.570000000000000000e+02,4.532873373068533884e-01
5.580000000000000000e+02,2.793636114228920664e-01
5.590000000000000000e+02,3.710761028739331668e-01
5.600000000000000000e+02,3.840075784477484100e-02
5.610000000000000000e+02,4.456127004969679395e-01
5.620000000000000000e+02,4.060689289888318454e-01
5.630000000000000000e+02,2.831824917852789336e-01
5.640000000000000000e+02,4.314445084596824076e-01
5.650000000000000000e+02,3.994858435163489152e-01
5.660000000000000000e+02,6.628204656242402404e-01
5.670000000000000000e+02,5.084900186781242670e-01
5.680000000000000000e+02,3.068583509031312384e-01
5.690000000000000000e+02,3.237041978299747824e-01
5.700000000000000000e+02,4.102034126493667721e-01
5.710000000000000000e+02,5.033470759759934854e-01
5.720000000000000000e+02,3.355667099991092028e-01
5.730000000000000000e+02,3.786576818552552237e-01
5.740000000000000000e+02,7.292508570865309236e-01
5.750000000000000000e+02,7.098484329510672541e-01
5.760000000000000000e+02,5.669089222430729880e-01
5.770000000000000000e+02,3.206140172491065976e-01
5.780000000000000000e+02,4.785153021485673008e-01
5.790000000000000000e+02,6.260504246260016892e-01
5.800000000000000000e+02,6.082424549828594484e-01
5.810000000000000000e+02,2.696994782544673841e-01
5.820000000000000000e+02,5.411107102984855644e-01
5.830000000000000000e+02,7.212694338991358922e-01
5.840000000000000000e+02,6.180242476596933265e-01
5.850000000000000000e+02,4.290432951582061616e-01
5.860000000000000000e+02,4.030808138581498667e-01
5.870000000000000000e+02,4.836552403947615986e-01
5.880000000000000000e+02,5.516409000953997888e-01
5.890000000000000000e+02,5.444636226234530474e-01
5.900000000000000000e+02,5.741160795201839528e-01
5.910000000000000000e+02,3.992906214628901829e-01
5.920000000000000000e+02,8.681199117721564162e-01
5.930000000000000000e+02,4.255614601750058457e-01
5.940000000000000000e+02,3.678690295971633328e-01
5.950000000000000000e+02,4.571053458767540545e-01
5.960000000000000000e+02,4.781116080052655315e-01
5.970000000000000000e+02,5.018967087973700281e-01
5.980000000000000000e+02,3.127770598114345546e-01
5.990000000000000000e+02,1.831660915548093405e-01
6.000000000000000000e+02,2.212677628538501362e-01
6.010000000000000000e+02,4.337023898838506253e-01
6.020000000000000000e+02,2.101174973478049102e-01
6.030000000000000000e+02,2.551593663723306649e-01
6.040000000000000000e+02,2.920238755883034498e-01
6.050000000000000000e+02,5.337659563677219499e-01
6.060000000000000000e+02,2.388752178460994691e-01
6.070000000000000000e+02,1.019001777618893656e-01
6.080000000000000000e+02,3.842150689853133239e-01
6.090000000000000000e+02,4.465452488255501895e-01
6.100000000000000000e+02,4.405555614641853968e-01
6.110000000000000000e+02,1.731525671832599977e-01
6.120000000000000000e+02,1.208958166544716467e-01
6.130000000000000000e+02,2.013994775692567463e-01
6.140000000000000000e+02,3.237609474962122591e-01
6.150000000000000000e+02,1.392828091867112650e-01
6.160000000000000000e+02,3.074671076429707495e-01
6.170000000000000000e+02,8.533446151783491418e-02
6.180000000000000000e+02,3.345611471955987626e-01
6.190000000000000000e+02,2.150683854450358701e-01
6.200000000000000000e+02,-4.199858250856576547e-02
6.210000000000000000e+02,1.792987237604094508e-01
6.220000000000000000e+02,3.045797868963251998e-01
6.230000000000000000e+02,-8.259011054677220520e-02
6.240000000000000000e+02,-1.811776870108744719e-01
6.250000000000000000e+02,1.491905095463552378e-01
6.260000000000000000e+02,9.080393143811069101e-02
6.270000000000000000e+02,2.517502083140740199e-01
6.280000000000000000e+02,3.364227354283597093e-02
6.290000000000000000e+02,1.216811196086395319e-02
6.300000000000000000e+02,-6.231336731130660000e-03
6.310000000000000000e+02,1.214875179291809715e-01
6.320000000000000000e+02,-2.415900502935871552e-01
6.330000000000000000e+02,1.522528055993832286e-01
6.340000000000000000e+02,-6.902135778595014370e-02
6.350000000000000000e+02,1.848010446136944263e-01
6.360000000000000000e+02,2.057161646880435180e-01
6.370000000000000000e+02,3.139534389793927627e-01
6.380000000000000000e+02,-2.009556725777004171e-01
6.390000000000000000e+02,1.360434578388364513e-01
6.400000000000000000e+02,2.397199607252652742e-01
6.410000000000000000e+02,2.033510807457404590e-01
6.420000000000000000e+02,1.268852602734401869e-01
6.430000000000000000e+02,2.140307220257922360e-01
6.440000000000000000e+02,-7.359388292316315638e-02
6.450000000000000000e+02,3.317953769607192571e-01
6.460000000000000000e+02,4.205953232542258835e-01
6.470000000000000000e+02,2.463681229938765871e-01
6.480000000000000000e+02,4.921664703967393306e-01
6.490000000000000000e+02,4.583125698894744415e-01
6.500000000000000000e+02,3.257150650283353599e-01
6.510000000000000000e+02,3.763649140161184903e-01
6.520000000000000000e+02,4.015876637513507985e-01
6.530000000000000000e+02,8.260732229038486585e-01
6.540000000000000000e+02,9.569475203485406922e-01
6.550000000000000000e+02,5.071058971027314621e-01
6.560000000000000000e+02,4.459239094249329849e-01
6.570000000000000000e+02,7.027112837067261975e-01
6.580000000000000000e+02,4.055788828346391650e-01
6.590000000000000000e+02,3.950707128130767631e-01
6.600000000000000000e+02,4.764420282312673560e-01
6.610000000000000000e+02,3.798777468550786907e-01
6.620000000000000000e+02,6.501735035382468775e-01
6.630000000000000000e+02,5.049667683522637285e-01
6.640000000000000000e+02,4.835766771268440456e-01
6.650000000000000000e+02,6.766504366951405780e-01
6.660000000000000000e+02,5.329377865329653075e-01
6.670000000000000000e+02,1.398603697147467739e-01
6.680000000000000000e+02,3.838639931605299926e-01
6.690000000000000000e+02,5.297496554847742622e-01
6.700000000000000000e+02,5.916955240016469331e-01
6.710000000000000000e+02,4.544989178861063572e-01
6.720000000000000000e+02,4.462512580415318730e-01
6.730000000000000000e+02,2.790942874418244068e-01
6.740000000000000000e+02,5.770347226393625073e-01
6.750000000000000000e+02,7.041605182746675240e-01
6.760000000000000000e+02,4.667842301329562793e-01
6.770000000000000000e+02,5.092827689325469809e-01
6.780000000000000000e+02,2.328330067364511591e-01
6.790000000000000000e+02,5.145331395887308146e-01
6.800000000000000000e+02,4.047491376646080719e-01
6.810000000000000000e+02,4.569815213591175151e-01
6.820000000000000000e+02,1.826863160347103887e-01
6.830000000000000000e+02,4.853759039241629658e-01
6.840000000000000000e+02,4.525328124144407660e-01
6.850000000000000000e+02,-3.497568255678276672e-02
6.860000000000000000e+02,5.326646823125932850e-02
6.870000000000000000e+02,-2.056279953525283477e-02
6.880000000000000000e+02,1.899810477861423041e-01
6.890000000000000000e+02,-1.024037368660873915e-02
6.900000000000000000e+02,7.178965861980576846e-02
6.910000000000000000e+02,3.466878329508025214e-01
6.920000000000000000e+02,2.949263637852392872e-01
6.930000000000000000e+02,1.667768455790320792e-01
6.940000000000000000e+02,2.835695300689300424e-01
6.950000000000000000e+02,3.699484343950393272e-02
6.960000000000000000e+02,4.679164236668881260e-01
6.970000000000000000e+02,4.085647688154022683e-01
6.980000000000000000e+02,4.196752222156076018e-01
6.990000000000000000e+02,1.062148787703536545e-01
7.000000000000000000e+02,3.770656516501252886e-01
7.010000000000000000e+02,4.024753281329351839e-01
7.020000000000000000e+02,4.322127013593586309e-01
7.030000000000000000e+02,3.629265465971850402e-01
7.040000000000000000e+02,1.355848910287934250e-01
7.050000000000000000e+02,2.741255421398172132e-01
7.060000000000000000e+02,2.547493378892257132e-01
7.070000000000000000e+02,-1.091091178639627818e-01
7.080000000000000000e+02,3.906077447571841832e-01
7.090000000000000000e+02,4.890702105644670894e-01
7.100000000000000000e+02,2.487019130090782904e-01
7.110000000000000000e+02,3.446000304895986410e-01
7.120000000000000000e+02,2.099223739642250841e-01
7.130000000000000000e+02,4.333879715571553604e-01
7.140000000000000000e+02,6.329190815783122259e-01
7.150000000000000000e+02,3.549591011850795619e-01
7.160000000000000000e+02,3.027635902605357865e-01
7.170000000000000000e+02,2.415070985168036310e-01
7.180000000000000000e+02,4.450909870957620029e-01
7.190000000000000000e+02,4.412490523469244086e-01
7.200000000000000000e+02,2.655416349185327762e-01
7.210000000000000000e+02,3.103649104385103885e-01
7.220000000000000000e+02,5.351351764498818442e-01
7.230000000000000000e+02,3.810657740489851175e-01
7.240000000000000000e+02,3.554970150948097429e-01
7.250000000000000000e+02,1.870512530792166617e-01
7.260000000000000000e+02,5.130368325141341224e-01
7.270000000000000000e+02,5.059068409091377339e-01
7.280000000000000000e+02,4.206052818298621765e-01
7.290000000000000000e+02,2.070929894560682993e-01
7.300000000000000000e+02,4.153249407257761927e-01
7.310000000000000000e+02,7.814360898665037025e-01
7.320000000000000000e+02,6.065295232652658797e-01
7.330000000000000000e+02,3.957031791518764718e-01
7.340000000000000000e+02,3.637618450219690658e-01
7.350000000000000000e+02,3.498893884796607234e-01
7.360000000000000000e+02,3.416703935866765018e-01
7.370000000000000000e+02,4.541321875308225176e-01
7.380000000000000000e+02,3.252621754083591665e-01
7.390000000000000000e+02,4.604306376997318595e-01
7.400000000000000000e+02,5.325102451043191021e-01
7.410000000000000000e+02,4.712424053077951536e-01
7.420000000000000000e+02,6.113289732123712295e-01
7.430000000000000000e+02,3.749171998585247301e-01
7.440000000000000000e+02,6.725971989517438576e-01
7.450000000000000000e+02,5.156559256319283024e-01
7.460000000000000000e+02,5.102946769238286828e-01
7.470000000000000000e+02,3.186530614358473179e-01
7.480000000000000000e+02,6.520749222690112035e-01
7.490000000000000000e+02,6.775677560643041941e-01
7.500000000000000000e+02,8.070750840746636623e-01
7.510000000000000000e+02,5.485785766107982298e-01
7.520000000000000000e+02,3.906363243964392495e-01
7.530000000000000000e+02,6.287582886738229959e-01
7.540000000000000000e+02,5.623621270864032073e-01
7.550000000000000000e+02,4.001039289344839878e-01
7.560000000000000000e+02,5.568078342990955276e-01
7.570000000000000000e+02,6.253143914707071094e-01
7.580000000000000000e+02,4.800965360028499607e-01
7.590000000000000000e+02,2.672444210356129113e-01
7.600000000000000000e+02,4.846424863021288609e-01
7.610000000000000000e+02,3.824124565537273535e-01
7.620000000000000000e+02,5.322441491399168001e-01
7.630000000000000000e+02,1.651250835408103468e-01
7.640000000000000000e+02,3.356021689678339026e-01
7.650000000000000000e+02,3.535206309850667528e-01
7.660000000000000000e+02,4.906593411551164463e-01
7.670000000000000000e+02,2.085357810652099519e-01
7.680000000000000000e+02,1.713912728354278769e-01
7.690000000000000000e+02,2.171303846824309547e-01
7.700000000000000000e+02,5.317153282033534323e-01
7.710000000000000000e+02,5.514440326064919962e-01
7.720000000000000000e+02,5.054423764518323203e-01
7.730000000000000000e+02,3.821362161234465593e-01
7.740000000000000000e+02,5.012428495301793907e-01
7.750000000000000000e+02,6.323777128693498506e-01
7.760000000000000000e+02,4.703678885650269814e-01
7.770000000000000000e+02,6.632205686154297730e-01
7.780000000000000000e+02,4.857142082155762042e-01
7.790000000000000000e+02,6.562756536718215017e-01
7.800000000000000000e+02,4.852166311976824908e-01
7.810000000000000000e+02,4.575604128251127278e-01
7.820000000000000000e+02,3.028986001327793609e-01
7.830000000000000000e+02,5.646611189984742651e-01
7.840000000000000000e+02,6.005100097936872938e-01
7.850000000000000000e+02,4.729508358712036231e-01
7.860000000000000000e+02,3.178181598904234462e-01
7.870000000000000000e+02,4.289335494710540542e-01
7.880000000000000000e+02,4.751535435666169871e-01
7.890000000000000000e+02,4.749695853086138841e-02
7.900000000000000000e+02,1.930328289443837830e-01
7.910000000000000000e+02,3.202323306512234735e-01
7.920000000000000000e+02,5.927409031083732405e-01
7.930000000000000000e+02,1.939108458274587110e-01
7.940000000000000000e+02,2.273120135705153366e-01
7.950000000000000000e+02,2.809761769237479334e-01
7.960000000000000000e+02,2.890519241390518967e-01
7.970000000000000000e+02,3.055137572715017624e-01
7.980000000000000000e+02,1.288073505791477724e-01
7.990000000000000000e+02,2.811604537246759072e-02
8.000000000000000000e+02,2.328753760364851155e-01
8.010000000000000000e+02,1.776128489160548884e-01
8.020000000000000000e+02,3.423476770015307924e-01
8.030000000000000000e+02,2.925431038182760846e-01
8.040000000000000000e+02,4.036929327475340390e-01
8.050000000000000000e+02,4.717653287434948606e-01
8.060000000000000000e+02,2.878423865949003013e-01
8.070000000000000000e+02,3.823244828822723873e-01
8.080000000000000000e+02,2.308423177155404238e-01
8.090000000000000000e+02,7.120649932011414718e-01
8.100000000000000000e+02,3.223013497289712870e-01
8.110000000000000000e+02,2.412650782475713185e-01
8.120000000000000000e+02,2.386596728457441308e-01
8.130000000000000000e+02,1.792597459568933127e-01
8.140000000000000000e+02,2.876042470703069620e-01
8.150000000000000000e+02,4.305556996779713597e-01
8.160000000000000000e+02,3.075216731802510317e-01
8.170000000000000000e+02,2.307075537580506874e-01
8.180000000000000000e+02,6.373410783588733253e-01
8.190000000000000000e+02,4.812008044452690814e-01
8.200000000000000000e+02,3.847800994486060833e-01
8.210000000000000000e+02,7.533999294560457249e-01
8.220000000000000000e+02,7.953962088524750840e-01
8.230000000000000000e+02,5.320292297643302026e-01
8.240000000000000000e+02,4.492851275024782320e-01
8.250000000000000000e+02,4.938240491182302461e-01
8.260000000000000000e+02,4.437324602400951612e-01
8.270000000000000000e+02,6.326302984997579371e-01
8.280000000000000000e+02,5.814472278532065719e-01
8.290000000000000000e+02,4.765511168217027582e-01
8.300000000000000000e+02,5.705903019085200034e-01
8.310000000000000000e+02,5.602233829307187163e-01
8.320000000000000000e+02,5.478930648907806011e-01
8.330000000000000000e+02,3.381401771730513373e-01
8.340000000000000000e+02,5.498097955937600867e-01
8.350000000000000000e+02,4.876117367183677720e-01
8.360000000000000000e+02,4.768343910547193087e-01
8.370000000000000000e+02,5.671419094176499698e-01
8.380000000000000000e+02,5.274286514359834976e-01
8.390000000000000000e+02,7.996837436561816670e-01
8.400000000000000000e+02,5.716465537451248524e-01
8.410000000000000000e+02,5.456071236986338446e-01
8.420000000000000000e+02,4.783295655375634503e-01
8.430000000000000000e+02,4.535844745745797879e-01
8.440000000000000000e+02,4.515172131414625922e-01
8.450000000000000000e+02,6.892837863231319195e-01
8.460000000000000000e+02,4.112398546317633796e-01
8.470000000000000000e+02,5.389066187262132601e-01
8.480000000000000000e+02,5.419967715630762406e-01
8.490000000000000000e+02,7.527915920195482613e-01
8.500000000000000000e+02,5.176949026543284926e-01
8.510000000000000000e+02,5.348144532987069155e-01
8.520000000000000000e+02,5.381226251742021738e-01
8.530000000000000000e+02,5.441952922807434812e-01
8.540000000000000000e+02,6.716986657270525019e-01
8.550000000000000000e+02,4.187647486874150893e-01
8.560000000000000000e+02,4.114435133719906990e-01
8.570000000000000000e+02,4.469185362637476122e-01
8.580000000000000000e+02,6.619871002932607995e-01
8.590000000000000000e+02,8.331899434801119941e-01
8.600000000000000000e+02,5.323488943058962697e-01
8.610000000000000000e+02,7.523714338194968931e-01
8.620000000000000000e+02,6.257844338469722434e-01
8.630000000000000000e+02,6.596750104428888983e-01
8.640000000000000000e+02,7.215319485288341772e-01
8.650000000000000000e+02,6.691234969917212450e-01
8.660000000000000000e+02,7.519436653063240605e-01
8.670000000000000000e+02,4.774625690634496378e-01
8.680000000000000000e+02,3.173803016479415096e-01
8.690000000000000000e+02,7.056766570446474374e-01
8.700000000000000000e+02,6.521184890240764309e-01
8.710000000000000000e+02,6.338801853572841871e-01
8.720000000000000000e+02,6.436846101584160484e-01
8.730000000000000000e+02,6.637112034629293333e-01
8.740000000000000000e+02,8.666920292335550391e-01
8.750000000000000000e+02,6.433166602524588162e-01
8.760000000000000000e+02,5.852575388609358997e-01
8.770000000000000000e+02,5.442724354548054144e-01
8.780000000000000000e+02,5.979031584339205008e-01
8.790000000000000000e+02,6.558807435775593220e-01
8.800000000000000000e+02,6.414338185294466976e-01
8.810000000000000000e+02,8.548676304380372626e-01
8.820000000000000000e+02,4.258173625135575624e-01
8.830000000000000000e+02,6.832245358862215623e-01
8.840000000000000000e+02,7.140932942738679179e-01
8.850000000000000000e+02,6.074225268678529188e-01
8.860000000000000000e+02,8.564993415913765284e-01
8.870000000000000000e+02,9.345187981641980279e-01
8.880000000000000000e+02,1.001150535656640805e+00
8.890000000000000000e+02,5.578097415279070770e-01
8.900000000000000000e+02,7.106281830857302806e-01
8.910000000000000000e+02,6.584407385541282132e-01
8.920000000000000000e+02,6.892373183824377358e-01
8.930000000000000000e+02,9.597422885819734129e-01
8.940000000000000000e+02,7.016745260844321486e-01
8.950000000000000000e+02,6.029628622948314254e-01
8.960000000000000000e+02,7.994281738121878922e-01
8.970000000000000000e+02,6.565999658593087984e-01
8.980000000000000000e+02,5.134181451371644389e-01
8.990000000000000000e+02,6.248056559906167706e-01
9.000000000000000000e+02,7.097093543055803533e-01
9.010000000000000000e+02,9.619751097884047253e-01
9.020000000000000000e+02,7.846623033677611048e-01
9.030000000000000000e+02,8.864660190721033173e-01
9.040000000000000000e+02,7.503307207555202085e-01
9.050000000000000000e+02,6.493469894845880219e-01
9.060000000000000000e+02,7.144057377486405791e-01
9.070000000000000000e+02,5.438947219970144964e-01
9.080000000000000000e+02,7.327980442178592124e-01
9.090000000000000000e+02,6.815379369736357384e-01
9.100000000000000000e+02,7.505751947812457914e-01
9.110000000000000000e+02,4.769882590719426441e-01
9.120000000000000000e+02,5.891310106035040350e-01
9.130000000000000000e+02,9.595559659632827421e-01
9.140000000000000000e+02,7.622357444342677812e-01
9.150000000000000000e+02,4.657143447300815531e-01
9.160000000000000000e+02,3.735617412416492034e-01
9.170000000000000000e+02,5.236523216268187397e-01
9.180000000000000000e+02,6.149022271678070695e-01
9.190000000000000000e+02,5.368003139365762344e-01
9.200000000000000000e+02,3.876111789180638478e-01
9.210000000000000000e+02,4.546422139112926697e-01
9.220000000000000000e+02,3.069109006164846276e-01
9.230000000000000000e+02,6.007577653724152089e-01
9.240000000000000000e+02,4.926801246547587443e-01
9.250000000000000000e+02,3.458861597826142775e-01
9.260000000000000000e+02,5.682426633644128700e-01
9.270000000000000000e+02,6.675334059793752717e-01
9.280000000000000000e+02,4.226081800285595991e-01
9.290000000000000000e+02,4.638349814931805870e-01
9.300000000000000000e+02,5.299380911922758619e-01
9.310000000000000000e+02,7.233389012239085369e-01
9.320000000000000000e+02,6.140600349123604973e-01
9.330000000000000000e+02,3.791551952796577973e-01
9.340000000000000000e+02,4.388014855256031632e-01
9.350000000000000000e+02,7.162861939894928920e-01
9.360000000000000000e+02,7.050279281772040552e-01
9.370000000000000000e+02,5.175867610464737201e-01
9.380000000000000000e+02,2.718093228837401565e-01
9.390000000000000000e+02,6.820188849468902248e-01
9.400000000000000000e+02,6.157213267011790725e-01
9.410000000000000000e+02,5.254219559343870083e-01
9.420000000000000000e+02,3.919792891819426361e-02
9.430000000000000000e+02,5.242373860951753395e-01
9.440000000000000000e+02,6.685462237362418403e-01
9.450000000000000000e+02,5.671782478656546278e-01
9.460000000000000000e+02,5.845431912674616814e-01
9.470000000000000000e+02,6.956355609740364487e-01
9.480000000000000000e+02,6.436184335592292083e-01
9.490000000000000000e+02,8.031595594617003675e-01
9.500000000000000000e+02,4.935984109633623218e-01
9.510000000000000000e+02,5.556879220684034504e-01
9.520000000000000000e+02,7.164120582278103999e-01
9.530000000000000000e+02,8.302936510327398878e-01
9.540000000000000000e+02,7.676442798085012509e-01
9.550000000000000000e+02,3.419669056939523277e-01
9.560000000000000000e+02,6.600233951165722646e-01
9.570000000000000000e+02,6.829766695378042263e-01
9.580000000000000000e+02,4.679016248881360251e-01
9.590000000000000000e+02,5.783071581599503741e-01
9.600000000000000000e+02,5.171399175069972820e-01
9.610000000000000000e+02,5.741625880139349380e-01
9.620000000000000000e+02,3.935845518722181913e-01
9.630000000000000000e+02,3.565448351957326567e-01
9.640000000000000000e+02,2.711061269042623900e-01
9.650000000000000000e+02,3.346786048085004239e-01
9.660000000000000000e+02,4.020470555321147277e-01
9.670000000000000000e+02,4.127780868016636129e-01
9.680000000000000000e+02,2.984585360968486922e-01
9.690000000000000000e+02,3.478572316465440295e-01
9.700000000000000000e+02,2.236198147596565600e-01
9.710000000000000000e+02,4.160372709316725315e-01
9.720000000000000000e+02,3.240949456824941954e-01
9.730000000000000000e+02,7.306979380429917681e-02
9.740000000000000000e+02,4.109877367299997752e-01
9.750000000000000000e+02,6.805589654210367767e-01
9.760000000000000000e+02,2.639548785474654657e-01
9.770000000000000000e+02,1.775949006393616469e-01
9.780000000000000000e+02,2.096161197010716071e-01
9.790000000000000000e+02,5.150201283959815468e-01
9.800000000000000000e+02,2.656782825906910950e-01
9.810000000000000000e+02,1.991343229469431930e-01
9.820000000000000000e+02,-1.173340060162014926e-02
9.830000000000000000e+02,4.351184043586920347e-01
9.840000000000000000e+02,3.190260333799461168e-01
9.850000000000000000e+02,1.598432960709003925e-01
9.860000000000000000e+02,4.719345061586134871e-01
9.870000000000000000e+02,6.097627898028088467e-01
9.880000000000000000e+02,5.698681644796540491e-01
9.890000000000000000e+02,4.846873414259330604e-01
9.900000000000000000e+02,3.846056866924704165e-01
9.910000000000000000e+02,6.758171453826268271e-01
9.920000000000000000e+02,7.164182160449226178e-01
9.930000000000000000e+02,5.924543218154241231e-01
9.940000000000000000e+02,6.213363232781117240e-01
9.950000000000000000e+02,6.725593428295382203e-01
9.960000000000000000e+02,9.529366459414712054e-01
9.970000000000000000e+02,1.069714700287061282e+00
9.980000000000000000e+02,1.025741416990567201e+00
9.990000000000000000e+02,1.111854990867817916e+00
1.000000000000000000e+03,1.183209858251142998e+00
1.001000000000000000e+03,1.186550623952299155e+00
1.002000000000000000e+03,9.811526751820176528e-01
1.003000000000000000e+03,1.090395042971110451e+00
1.004000000000000000e+03,1.149024726893531412e+00
1.005000000000000000e+03,1.207464728596447934e+00
1.006000000000000000e+03,1.125687680143840463e+00
1.007000000000000000e+03,9.375093466786851293e-01
1.008000000000000000e+03,1.125689746804843239e+00
1.009000000000000000e+03,1.162107889845396702e+00
1.010000000000000000e+03,1.350166789957177649e+00
1.011000000000000000e+03,9.209713171245607066e-01
1.012000000000000000e+03,1.048637496388321377e+00
1.013000000000000000e+03,9.386420549141655245e-01
1.014000000000000000e+03,1.173808122510315410e+00
1.015000000000000000e+03,1.154386716143723124e+00
1.016000000000000000e+03,1.058809719847283670e+00
1.017000000000000000e+03,1.098014324553092891e+00
1.018000000000000000e+03,9.405569037350558492e-01
1.019000000000000000e+03,8.381527477148635885e-01
1.020000000000000000e+03,7.738183847617102762e-01
1.021000000000000000e+03,6.812078991178479592e-01
1.022000000000000000e+03,9.520532311296584504e-01
1.023000000000000000e+03,9.390738775836008356e-01
1.024000000000000000e+03,8.549734707100675735e-01
1.025000000000000000e+03,6.772614741508345970e-01
1.026000000000000000e+03,3.730342640565061929e-01
1.027000000000000000e+03,6.179608294042322481e-01
1.028000000000000000e+03,6.013332677583193009e-01
1.029000000000000000e+03,2.180470630725069858e-01
1.030000000000000000e+03,4.568895777020903770e-01
1.031000000000000000e+03,5.573951875357153751e-01
1.032000000000000000e+03,3.685974315846101135e-01
1.033000000000000000e+03,6.829653381479641183e-01
1.034000000000000000e+03,6.617964592336080809e-01
1.035000000000000000e+03,7.640022627846717596e-01
1.036000000000000000e+03,4.942515018788121162e-01
1.037000000000000000e+03,2.527454064865714556e-01
1.038000000000000000e+03,2.686382623566836991e-01
1.039000000000000000e+03,6.524478504240440735e-01
1.040000000000000000e+03,5.884664231919003452e-01
1.041000000000000000e+03,3.770719347248991382e-01
1.042000000000000000e+03,2.771185906116851450e-01
1.043000000000000000e+03,6.115411168799604891e-01
1.044000000000000000e+03,5.025814904268359751e-01
1.045000000000000000e+03,5.305783214334123254e-01
1.046000000000000000e+03,3.314025982376255786e-01
1.047000000000000000e+03,3.807031564915365762e-01
1.048000000000000000e+03,5.366368767654909888e-01
1.049000000000000000e+03,6.985451158996125454e-01
1.050000000000000000e+03,4.808448719688743211e-01
1.051000000000000000e+03,4.920183750697130765e-01
1.052000000000000000e+03,3.544358424345210312e-01
1.053000000000000000e+03,6.940566503883562888e-01
1.054000000000000000e+03,4.454467608607786677e-01
1.055000000000000000e+03,5.296623601487504551e-01
1.056000000000000000e+03,4.697182155143308502e-01
1.057000000000000000e+03,8.553437011224527264e-01
1.058000000000000000e+03,7.888168845734724322e-01
1.059000000000000000e+03,7.162430164834439061e-01
1.060000000000000000e+03,9.356539882691128351e-01
1.061000000000000000e+03,9.045790670864906069e-01
1.062000000000000000e+03,9.933775977103920241e-01
1.063000000000000000e+03,1.599751544799859204e-01
1.064000000000000000e+03,5.797896300312602724e-01
1.065000000000000000e+03,5.556268530206647238e-01
1.066000000000000000e+03,8.918043906358592565e-01
1.067000000000000000e+03,9.211436232914316236e-01
1.068000000000000000e+03,5.018841971436750482e-01
1.069000000000000000e+03,7.335463601299198055e-01
1.070000000000000000e+03,7.234733957298159490e-01
1.071000000000000000e+03,1.027859776354350663e+00
1.072000000000000000e+03,8.431453767864067750e-01
1.073000000000000000e+03,7.019974167167867263e-01
1.074000000000000000e+03,1.004226970209358250e+00
1.075000000000000000e+03,8.830156997494384985e-01
1.076000000000000000e+03,1.098092505732578106e+00
1.077000000000000000e+03,6.164535636515249273e-01
1.078000000000000000e+03,9.650886899232499205e-01
1.079000000000000000e+03,1.073108292928218743e+00
1.080000000000000000e+03,9.445896315264123988e-01
1.081000000000000000e+03,7.398195645285975397e-01
1.082000000000000000e+03,7.165882270823052957e-01
1.083000000000000000e+03,8.867202182953581868e-01
1.084000000000000000e+03,8.088184212194782230e-01
1.085000000000000000e+03,6.298077691579428983e-01
1.086000000000000000e+03,7.368031651774007429e-01
1.087000000000000000e+03,7.586631176014085876e-01
1.088000000000000000e+03,1.082157857522947797e+00
1.089000000000000000e+03,4.410609698014104074e-01
1.090000000000000000e+03,4.665931591323363437e-01
1.091000000000000000e+03,7.071044224665590239e-01
1.092000000000000000e+03,6.510058824349044260e-01
1.093000000000000000e+03,5.124076136649896585e-01
1.094000000000000000e+03,3.799899070229644238e-01
1.095000000000000000e+03,6.161352776727827552e-01
1.096000000000000000e+03,5.891120499829991530e-01
1.097000000000000000e+03,7.122060979759641253e-01
1.098000000000000000e+03,4.492046345787370498e-01
1.099000000000000000e+03,6.026261060277505743e-01
1.100000000000000000e+03,5.720996924799069960e-01
1.101000000000000000e+03,5.083178801953222026e-01
1.102000000000000000e+03,6.337354471567725467e-01
1.103000000000000000e+03,3.985309811988401174e-01
1.104000000000000000e+03,6.273578634606999938e-01
1.105000000000000000e+03,6.334482819285204291e-01
1.106000000000000000e+03,8.016926598661909820e-01
1.107000000000000000e+03,5.808210180348968299e-01
1.108000000000000000e+03,3.330911523922125417e-01
1.109000000000000000e+03,8.332133594507806773e-01
1.110000000000000000e+03,3.375206813854744192e-01
1.111000000000000000e+03,5.937686475074397396e-01
1.112000000000000000e+03,4.911335709403051863e-01
1.113000000000000000e+03,6.695540866673462821e-01
1.114000000000000000e+03,6.531833314678189284e-01
1.115000000000000000e+03,5.306020659930145156e-01
1.116000000000000000e+03,3.822564366890421894e-01
1.117000000000000000e+03,4.970000268774679153e-01
1.118000000000000000e+03,1.101855358988165667e+00
1.119000000000000000e+03,7.750740133905027474e-01
1.120000000000000000e+03,6.251776990572217585e-01
1.121000000000000000e+03,6.445340966447623554e-01
1.122000000000000000e+03,8.839973576380989462e-01
1.123000000000000000e+03,6.477782335459690843e-01
1.124000000000000000e+03,6.958468379317037655e-01
1.125000000000000000e+03,7.558631761711113173e-01
1.126000000000000000e+03,6.960270420791370150e-01
1.127000000000000000e+03,8.549203260425770612e-01
1.128000000000000000e+03,6.103638852192846409e-01
1.129000000000000000e+03,6.166853439416225546e-01
1.130000000000000000e+03,4.588707873215723820e-01
1.131000000000000000e+03,7.415919674683528751e-01
1.132000000000000000e+03,7.238345758656485884e-01
1.133000000000000000e+03,3.589259240819115959e-01
1.134000000000000000e+03,6.617097095369752768e-01
1.135000000000000000e+03,8.592774762291923718e-01
1.136000000000000000e+03,1.147217401942769666e+00
1.137000000000000000e+03,8.249437047395018485e-01
1.138000000000000000e+03,1.030197481890317679e+00
1.139000000000000000e+03,9.713379133189268266e-01
1.140000000000000000e+03,1.009022269651986159e+00
1.141000000000000000e+03,9.086145618622876174e-01
1.142000000000000000e+03,7.440074454003204885e-01
1.143000000000000000e+03,9.701340051039248902e-01
1.144000000000000000e+03,1.175057247976679431e+00
1.145000000000000000e+03,9.367084328754313738e-01
1.146000000000000000e+03,8.010914556766737249e-01
1.147000000000000000e+03,7.689172753121238379e-01
1.148000000000000000e+03,1.080379799762939186e+00
1.149000000000000000e+03,9.662475251359592399e-01
1.150000000000000000e+03,8.134989036449271627e-01
1.151000000000000000e+03,7.208467801848775780e-01
1.152000000000000000e+03,1.010304720293070613e+00
1.153000000000000000e+03,1.059843903062361647e+00
1.154000000000000000e+03,6.994691301370269398e-01
1.155000000000000000e+03,8.386051008189764344e-01
1.156000000000000000e+03,8.578073594303200489e-01
1.157000000000000000e+03,8.609598453151751096e-01
1.158000000000000000e+03,8.257598595310066125e-01
1.159000000000000000e+03,8.000754274824487533e-01
1.160000000000000000e+03,5.271007822894205885e-01
1.161000000000000000e+03,6.754621602801053060e-01
1.162000000000000000e+03,7.729373311648570777e-01
1.163000000000000000e+03,7.730394230246986353e-01
1.164000000000000000e+03,3.773202615641898516e-01
1.165000000000000000e+03,5.549128409640545767e-01
1.166000000000000000e+03,5.503037772688459395e-01
1.167000000000000000e+03,4.590310932275021294e-01
1.168000000000000000e+03,3.816856327411393135e-01
1.169000000000000000e+03,5.787040755450387763e-01
1.170000000000000000e+03,5.896270620508958782e-01
1.171000000000000000e+03,5.248796592425208907e-01
1.172000000000000000e+03,5.990575433906040193e-01
1.173000000000000000e+03,5.370955624307658383e-01
1.174000000000000000e+03,8.427918576580457621e-01
1.175000000000000000e+03,7.033154307304366748e-01
1.176000000000000000e+03,5.856503851141501293e-01
1.177000000000000000e+03,6.374085267721147918e-01
1.178000000000000000e+03,7.056597934407851103e-01
1.179000000000000000e+03,8.243937932690190706e-01
1.180000000000000000e+03,6.633456704904557855e-01
1.181000000000000000e+03,7.785513728030680758e-01
1.182000000000000000e+03,7.403548370871467776e-01
1.183000000000000000e+03,9.725437401343246524e-01
1.184000000000000000e+03,8.202046649106107257e-01
1.185000000000000000e+03,6.015388098693756902e-01
1.186000000000000000e+03,6.482784170625018882e-01
1.187000000000000000e+03,8.349544666981992824e-01
1.188000000000000000e+03,8.222499304055204128e-01
1.189000000000000000e+03,7.545731509672451987e-01
1.190000000000000000e+03,8.917907625914524017e-01
1.191000000000000000e+03,1.025334794408552908e+00
1.192000000000000000e+03,1.077417250265004789e+00
1.193000000000000000e+03,1.079030957924250078e+00
1.194000000000000000e+03,9.799297935903740209e-01
1.195000000000000000e+03,1.052492800734345035e+00
1.196000000000000000e+03,1.101508443673622883e+00
1.197000000000000000e+03,1.078409532275392824e+00
1.198000000000000000e+03,9.321825042413116602e-01
1.199000000000000000e+03,1.032455515226810228e+00
1.200000000000000000e+03,1.054152157146373003e+00
1.201000000000000000e+03,1.245075004753222636e+00
1.202000000000000000e+03,7.384061882704968660e-01
1.203000000000000000e+03,6.710557751867446408e-01
1.204000000000000000e+03,7.870797568839434932e-01
1.205000000000000000e+03,9.577235773950646402e-01
1.206000000000000000e+03,9.201393939694444413e-01
1.207000000000000000e+03,7.084946310990445362e-01
1.208000000000000000e+03,7.897827434987879647e-01
1.209000000000000000e+03,7.832807404675288243e-01
1.210000000000000000e+03,7.986365443854930302e-01
1.211000000000000000e+03,7.318345280115170493e-01
1.212000000000000000e+03,6.790990868937973879e-01
1.213000000000000000e+03,8.707305379359167041e-01
1.214000000000000000e+03,9.034156291378908632e-01
1.215000000000000000e+03,7.469356587319663232e-01
1.216000000000000000e+03,9.013807234907806887e-01
1.217000000000000000e+03,8.389691302630177816e-01
1.218000000000000000e+03,8.984427577208229376e-01
1.219000000000000000e+03,6.074392647277236934e-01
1.220000000000000000e+03,6.584349964656894816e-01
1.221000000000000000e+03,6.261012268964998295e-01
1.222000000000000000e+03,9.427225582077312094e-01
1.223000000000000000e+03,8.475530460170197511e-01
1.224000000000000000e+03,7.524665209857723802e-01
1.225000000000000000e+03,6.739646070101565911e-01
1.226000000000000000e+03,7.197784460810523477e-01
1.227000000000000000e+03,8.657381330222958526e-01
1.228000000000000000e+03,8.319777846840185065e-01
1.229000000000000000e+03,7.200138878478530291e-01
1.230000000000000000e+03,9.086092719544288654e-01
1.231000000000000000e+03,8.512227268696785920e-01
1.232000000000000000e+03,6.692145414952691551e-01
1.233000000000000000e+03,6.135531382188937899e-01
1.234000000000000000e+03,6.460932403800800916e-01
1.235000000000000000e+03,7.371801034479202874e-01
1.236000000000000000e+03,7.567334592118887260e-01
1.237000000000000000e+03,6.839375491764182469e-01
1.238000000000000000e+03,5.431980272801312237e-01
1.239000000000000000e+03,7.200404941261522307e-01
1.240000000000000000e+03,8.669039797314016527e-01
1.241000000000000000e+03,6.960425913872817505e-01
1.242000000000000000e+03,6.829882882034284952e-01
1.243000000000000000e+03,7.296880469444021466e-01
1.244000000000000000e+03,6.549795750103371006e-01
1.245000000000000000e+03,7.686156450252622507e-01
1.246000000000000000e+03,5.756737778548212114e-01
1.247000000000000000e+03,5.910473991772334790e-01
1.248000000000000000e+03,7.548983309826359234e-01
1.249000000000000000e+03,8.100317886732946171e-01
1.250000000000000000e+03,6.636254536917294278e-01
1.251000000000000000e+03,5.521213348997489057e-01
1.252000000000000000e+03,5.740385342848228767e-01
1.253000000000000000e+03,2.282804150644062724e-01
1.254000000000000000e+03,5.032517322702956264e-01
1.255000000000000000e+03,2.600650100452056024e-01
1.256000000000000000e+03,4.131414646894540077e-01
1.257000000000000000e+03,5.469133720920483777e-01
1.258000000000000000e+03,4.281824728523029311e-01
1.259000000000000000e+03,5.634562155217768264e-01
1.260000000000000000e+03,5.391282582472658458e-01
1.261000000000000000e+03,8.160557514430226700e-01
1.262000000000000000e+03,6.488698829902017629e-01
1.263000000000000000e+03,7.553699938460813890e-01
1.264000000000000000e+03,5.805118888150140322e-01
1.265000000000000000e+03,7.393152833084055686e-01
1.266000000000000000e+03,7.537371230408724809e-01
1.267000000000000000e+03,6.541346915286043728e-01
1.268000000000000000e+03,6.939742089139722125e-01
1.269000000000000000e+03,7.359410211621779663e-01
1.270000000000000000e+03,7.722188940114316225e-01
1.271000000000000000e+03,7.628387900822686252e-01
1.272000000000000000e+03,5.636117892125431794e-01
1.273000000000000000e+03,8.958854155925448648e-01
1.274000000000000000e+03,7.409071983543524809e-01
1.275000000000000000e+03,7.645144907659904288e-01
1.276000000000000000e+03,6.139037062920500443e-01
1.277000000000000000e+03,8.609202697483858691e-01
1.278000000000000000e+03,9.083780518752108124e-01
1.279000000000000000e+03,7.910523931823515431e-01
1.280000000000000000e+03,6.012726447009665298e-01
1.281000000000000000e+03,6.850822393175667324e-01
1.282000000000000000e+03,7.989123437745567768e-01
1.283000000000000000e+03,1.078005341099726788e+00
1.284000000000000000e+03,1.078866618287854795e+00
1.285000000000000000e+03,8.728582881312431097e-01
1.286000000000000000e+03,7.725746584991933785e-01
1.287000000000000000e+03,1.012628784870343912e+00
1.288000000000000000e+03,8.515375870560714100e-01
1.289000000000000000e+03,7.405509651876917010e-01
1.290000000000000000e+03,5.326037921858542967e-01
1.291000000000000000e+03,5.009549978869272113e-01
1.292000000000000000e+03,5.789295779272058962e-01
1.293000000000000000e+03,5.485573833400096966e-01
1.294000000000000000e+03,5.230507766292813443e-01
1.295000000000000000e+03,5.732162202918296146e-01
1.296000000000000000e+03,7.860911815407027881e-01
1.297000000000000000e+03,6.254943182426238035e-01
1.298000000000000000e+03,7.394175807641782949e-01
1.299000000000000000e+03,5.347916888068718899e-01
1.300000000000000000e+03,7.178868786323182594e-01
1.301000000000000000e+03,7.175741643131259284e-01
1.302000000000000000e+03,6.036075346486222681e-01
1.303000000000000000e+03,5.118100425890708127e-01
1.304000000000000000e+03,6.827861229241747321e-01
1.305000000000000000e+03,7.673330120422965361e-01
1.306000000000000000e+03,8.667897813386566952e-01
1.307000000000000000e+03,3.914383785440035401e-01
1.308000000000000000e+03,5.676146553139989059e-01
1.309000000000000000e+03,6.592474131700634121e-01
1.310000000000000000e+03,6.628156475181856688e-01
1.311000000000000000e+03,5.486473950796999510e-01
1.312000000000000000e+03,4.526108849183468896e-01
1.313000000000000000e+03,5.958537472588230077e-01
1.314000000000000000e+03,6.515138788198286957e-01
1.315000000000000000e+03,5.558652629790943323e-01
1.316000000000000000e+03,5.694474879428735870e-01
1.317000000000000000e+03,6.300333826216009125e-01
1.318000000000000000e+03,7.217301057392297992e-01
1.319000000000000000e+03,6.289292590478439138e-01
1.320000000000000000e+03,7.011522705990080873e-01
1.321000000000000000e+03,8.430043591363396427e-01
1.322000000000000000e+03,9.834969247990026364e-01
1.323000000000000000e+03,8.828390060482724788e-01
1.324000000000000000e+03,8.394307087179523341e-01
1.325000000000000000e+03,6.870022486717933807e-01
1.326000000000000000e+03,9.107243170314310854e-01
1.327000000000000000e+03,1.003481930130895483e+00
1.328000000000000000e+03,7.989674185733599554e-01
1.329000000000000000e+03,8.204333626507785970e-01
1.330000000000000000e+03,9.172351581423778821e-01
1.331000000000000000e+03,9.300707172491959884e-01
1.332000000000000000e+03,8.596001673789385178e-01
1.333000000000000000e+03,7.775169676732509583e-01
1.334000000000000000e+03,8.080915409480085021e-01
1.335000000000000000e+03,9.958923088898912201e-01
1.336000000000000000e+03,9.242814557779704954e-01
1.337000000000000000e+03,8.562443162624930881e-01
1.338000000000000000e+03,7.743629657270624245e-01
1.339000000000000000e+03,9.766644119911561672e-01
1.340000000000000000e+03,9.083982077477430472e-01
1.341000000000000000e+03,1.001861676077692387e+00
1.342000000000000000e+03,7.507772343978369456e-01
1.343000000000000000e+03,8.651688382246522924e-01
1.344000000000000000e+03,9.374568996160025369e-01
1.345000000000000000e+03,1.024931561879582231e+00
1.346000000000000000e+03,6.577074306640640078e-01
1.347000000000000000e+03,6.789012670512813985e-01
1.348000000000000000e+03,8.534297484228804409e-01
1.349000000000000000e+03,8.357475407996680650e-01
1.350000000000000000e+03,7.080229039132173163e-01
1.351000000000000000e+03,7.161692468953858581e-01
1.352000000000000000e+03,8.583329978477810540e-01
1.353000000000000000e+03,8.979263578914713495e-01
1.354000000000000000e+03,7.649303311792590154e-01
1.355000000000000000e+03,7.037753750932298491e-01
1.356000000000000000e+03,7.757265832791193638e-01
1.357000000000000000e+03,8.894764543810282920e-01
1.358000000000000000e+03,7.431551568546221898e-01
1.359000000000000000e+03,7.516482636141098572e-01
1.360000000000000000e+03,8.269404888557591038e-01
1.361000000000000000e+03,9.940878166107175451e-01
1.362000000000000000e+03,9.199153160747899349e-01
1.363000000000000000e+03,8.307030446893652886e-01
1.364000000000000000e+03,6.846203390255696242e-01
1.365000000000000000e+03,8.567286075102261700e-01
1.366000000000000000e+03,7.594287399712938980e-01
1.367000000000000000e+03,7.824869435487490366e-01
1.368000000000000000e+03,7.126696555155523916e-01
1.369000000000000000e+03,8.411646006654741603e-01
1.370000000000000000e+03,9.149069188654700424e-01
1.371000000000000000e+03,7.999667116593137672e-01
1.372000000000000000e+03,8.205811814854414576e-01
1.373000000000000000e+03,7.798663832727944500e-01
1.374000000000000000e+03,8.604825336568520111e-01
1.375000000000000000e+03,8.912112112967700561e-01
1.376000000000000000e+03,6.478842090244703034e-01
1.377000000000000000e+03,7.504836466190876187e-01
1.378000000000000000e+03,8.983879440978677078e-01
1.379000000000000000e+03,8.851234195282505768e-01
1.380000000000000000e+03,9.014395466493813069e-01
1.381000000000000000e+03,6.271450918447385448e-01
1.382000000000000000e+03,6.664262693594257270e-01
1.383000000000000000e+03,8.898645979579840049e-01
1.384000000000000000e+03,8.653284964627930842e-01
1.385000000000000000e+03,7.558053678446002843e-01
1.386000000000000000e+03,6.066263695449869431e-01
1.387000000000000000e+03,8.430662383297157225e-01
1.388000000000000000e+03,8.814401690188903293e-01
1.389000000000000000e+03,7.775897587610618444e-01
1.390000000000000000e+03,8.220129530329582934e-01
1.391000000000000000e+03,8.458785033242319784e-01
1.392000000000000000e+03,8.927814461488041697e-01
1.393000000000000000e+03,7.812660846109207302e-01
1.394000000000000000e+03,7.297358886488781726e-01
1.395000000000000000e+03,8.309262465554047017e-01
1.396000000000000000e+03,8.851443031453533061e-01
1.397000000000000000e+03,8.667372443590651843e-01
1.398000000000000000e+03,6.559280947748746815e-01
1.399000000000000000e+03,6.861854940807007308e-01
1.400000000000000000e+03,9.027102771947762561e-01
1.401000000000000000e+03,8.667567559291264878e-01
1.402000000000000000e+03,7.388555000224344971e-01
1.403000000000000000e+03,8.498591401125925593e-01
1.404000000000000000e+03,8.251968623614547305e-01
1.405000000000000000e+03,9.005034500972585176e-01
1.406000000000000000e+03,7.528526384105360680e-01
1.407000000000000000e+03,7.175742327915584085e-01
1.408000000000000000e+03,7.453140651132192929e-01
1.409000000000000000e+03,8.900897788922138565e-01
1.410000000000000000e+03,1.007980688688429938e+00
1.411000000000000000e+03,7.951973291531689858e-01
1.412000000000000000e+03,6.879612280712155137e-01
1.413000000000000000e+03,6.933982817164541235e-01
1.414000000000000000e+03,9.129090775113161138e-01
1.415000000000000000e+03,6.483685220574360031e-01
1.416000000000000000e+03,1.030900466774723911e+00
1.417000000000000000e+03,8.435787037240913833e-01
1.418000000000000000e+03,8.630594261668909084e-01
1.419000000000000000e+03,8.882618104583976937e-01
1.420000000000000000e+03,7.658818320309841443e-01
1.421000000000000000e+03,8.115272389451124724e-01
1.422000000000000000e+03,9.200854171172357931e-01
1.423000000000000000e+03,1.018985949352607223e+00
1.424000000000000000e+03,9.154543762620562797e-01
1.425000000000000000e+03,9.455791562445878817e-01
1.426000000000000000e+03,8.245365271521980510e-01
1.427000000000000000e+03,1.068018283570353333e+00
1.428000000000000000e+03,9.246034468755280900e-01
1.429000000000000000e+03,9.005663255056454153e-01
1.430000000000000000e+03,1.049774139612013713e+00
1.431000000000000000e+03,1.027217218383795538e+00
1.432000000000000000e+03,1.004650977918916555e+00
1.433000000000000000e+03,1.103799469976419978e+00
1.434000000000000000e+03,9.710498293016165405e-01
1.435000000000000000e+03,1.013652587618599554e+00
1.436000000000000000e+03,1.118432905703643065e+00
1.437000000000000000e+03,9.932028328462781941e-01
1.438000000000000000e+03,1.149407438923294666e+00
1.439000000000000000e+03,9.612510033201984161e-01
1.440000000000000000e+03,9.728644450114262154e-01
1.441000000000000000e+03,9.064998438867191144e-01
1.442000000000000000e+03,8.078412623982399454e-01
1.443000000000000000e+03,9.799604861380925014e-01
1.444000000000000000e+03,1.025824271965928514e+00
1.445000000000000000e+03,8.862479373362951440e-01
1.446000000000000000e+03,8.842913423761492586e-01
1.447000000000000000e+03,8.159299580679711950e-01
1.448000000000000000e+03,9.755232268041198473e-01
1.449000000000000000e+03,1.059514668605471721e+00
1.450000000000000000e+03,8.411181100007162348e-01
1.451000000000000000e+03,7.899423105057390426e-01
1.452000000000000000e+03,9.632734107298661641e-01
1.453000000000000000e+03,9.726691185042672938e-01
1.454000000000000000e+03,4.605281794103426307e-01
1.455000000000000000e+03,9.398810900368059773e-01
1.456000000000000000e+03,8.463069566476781880e-01
1.457000000000000000e+03,9.337301189988365113e-01
1.458000000000000000e+03,7.828843270273204702e-01
1.459000000000000000e+03,7.153934360568290352e-01
1.460000000000000000e+03,6.316401230011247092e-01
1.461000000000000000e+03,8.297759265705986209e-01
1.462000000000000000e+03,7.968177143577144239e-01
1.463000000000000000e+03,7.785800374328396556e-01
1.464000000000000000e+03,7.620477686169674358e-01
1.465000000000000000e+03,8.440420182827895745e-01
1.466000000000000000e+03,9.390332335364478533e-01
1.467000000000000000e+03,8.062598163644544291e-01
1.468000000000000000e+03,7.039487120003899978e-01
1.469000000000000000e+03,8.387956083449767952e-01
1.470000000000000000e+03,9.693217222214240980e-01
1.471000000000000000e+03,9.547833014332999246e-01
1.472000000000000000e+03,7.866264487925805904e-01
1.473000000000000000e+03,8.317852143650854568e-01
1.474000000000000000e+03,9.227118109387608680e-01
1.475000000000000000e+03,1.058815144285384591e+00
1.476000000000000000e+03,8.981914399950108319e-01
1.477000000000000000e+03,8.875079878503314701e-01
1.478000000000000000e+03,9.166680961658572047e-01
1.479000000000000000e+03,9.571753358727632666e-01
1.480000000000000000e+03,8.862385768363501004e-01
1.481000000000000000e+03,6.841469522010859006e-01
1.482000000000000000e+03,7.686836105256251717e-01
1.483000000000000000e+03,1.049926418080569634e+00
1.484000000000000000e+03,7.303014542740625670e-01
1.485000000000000000e+03,5.615346410746315797e-01
1.486000000000000000e+03,7.792325967039410717e-01
1.487000000000000000e+03,9.832233987232549266e-01
1.488000000000000000e+03,9.404564599436031624e-01
1.489000000000000000e+03,7.632086112015739054e-01
1.490000000000000000e+03,8.142723126370798870e-01
1.491000000000000000e+03,8.499191156189848106e-01
1.492000000000000000e+03,1.062601546552536691e+00
1.493000000000000000e+03,1.023333969340706195e+00
1.494000000000000000e+03,6.322933812981144097e-01
1.495000000000000000e+03,8.145019215801911905e-01
1.496000000000000000e+03,9.922696914520405809e-01
1.497000000000000000e+03,8.880380406774587287e-01
1.498000000000000000e+03,8.644927189592144234e-01
1.499000000000000000e+03,7.369477814257006099e-01
1.500000000000000000e+03,8.778186219361678866e-01
1.501000000000000000e+03,9.068291899085431096e-01
1.502000000000000000e+03,7.709386456085243200e-01
1.503000000000000000e+03,7.305995949823951285e-01
1.504000000000000000e+03,7.685688934709369313e-01
1.505000000000000000e+03,9.963471845221985035e-01
1.506000000000000000e+03,8.018227964151793952e-01
1.507000000000000000e+03,7.241252237777376921e-01
1.508000000000000000e+03,7.226357109863642547e-01
1.509000000000000000e+03,9.694636951477267894e-01
1.510000000000000000e+03,9.310618809538235841e-01
1.511000000000000000e+03,7.448566113517132159e-01
1.512000000000000000e+03,7.200239053709471815e-01
1.513000000000000000e+03,8.814763144052991661e-01
1.514000000000000000e+03,9.295736888561070277e-01
1.515000000000000000e+03,8.040717935795960170e-01
1.516000000000000000e+03,7.342819101171477181e-01
1.517000000000000000e+03,8.416364624290835206e-01
1.518000000000000000e+03,8.872075880430979611e-01
1.519000000000000000e+03,8.150989170000718653e-01
1.520000000000000000e+03,7.473096684306141935e-01
1.521000000000000000e+03,7.762117957157486092e-01
1.522000000000000000e+03,8.657239415188263676e-01
1.523000000000000000e+03,8.744088881519178624e-01
1.524000000000000000e+03,7.124468724967613076e-01
1.525000000000000000e+03,8.193478098089409523e-01
1.526000000000000000e+03,8.395916751095072739e-01
1.527000000000000000e+03,8.614385339484668114e-01
1.528000000000000000e+03,7.546499046630453789e-01
1.529000000000000000e+03,1.015924390711336001e+00
1.530000000000000000e+03,1.104529319185948211e+00
1.531000000000000000e+03,1.019427154108648814e+00
1.532000000000000000e+03,9.038777879898212131e-01
1.533000000000000000e+03,8.659401772984105516e-01
1.534000000000000000e+03,8.215076154123448493e-01
1.535000000000000000e+03,1.044618027232318891e+00
1.536000000000000000e+03,1.033888835180017729e+00
1.537000000000000000e+03,1.030156389733533295e+00
1.538000000000000000e+03,8.934972022681604287e-01
1.539000000000000000e+03,9.392661382527323077e-01
1.540000000000000000e+03,9.939276710910402990e-01
1.541000000000000000e+03,9.116198384090155038e-01
1.542000000000000000e+03,7.715438616776955083e-01
1.543000000000000000e+03,9.005028230033274017e-01
1.544000000000000000e+03,1.054111865292673977e+00
1.545000000000000000e+03,9.649112005311144546e-01
1.546000000000000000e+03,6.613641328545909470e-01
1.547000000000000000e+03,8.674327616400299146e-01
1.548000000000000000e+03,8.950299204591349866e-01
1.549000000000000000e+03,9.283995020549771215e-01
1.550000000000000000e+03,8.721615761956746926e-01
1.551000000000000000e+03,8.692097391700253084e-01
1.552000000000000000e+03,9.204330382473870920e-01
1.553000000000000000e+03,9.368081996591772764e-01
1.554000000000000000e+03,8.282983231067482244e-01
1.555000000000000000e+03,8.081550349305632874e-01
1.556000000000000000e+03,9.268048612587675983e-01
1.557000000000000000e+03,9.297071570811696883e-01
1.558000000000000000e+03,1.142689949223497425e+00
1.559000000000000000e+03,6.937984559607341950e-01
1.560000000000000000e+03,7.239534929031183896e-01
1.561000000000000000e+03,8.309548829187981545e-01
1.562000000000000000e+03,8.397932673429231443e-01
1.563000000000000000e+03,7.852254739110390291e-01
1.564000000000000000e+03,6.882153554878536195e-01
1.565000000000000000e+03,8.646188027632885076e-01
1.566000000000000000e+03,9.729821920739509800e-01
1.567000000000000000e+03,8.215287682904294231e-01
1.568000000000000000e+03,6.438490958110685281e-01
1.569000000000000000e+03,7.058597066099343564e-01
1.570000000000000000e+03,8.719817244630744257e-01
1.571000000000000000e+03,7.933683402524756012e-01
1.572000000000000000e+03,6.934839386125213334e-01
1.573000000000000000e+03,7.094309720657157037e-01
1.574000000000000000e+03,8.914983729369880816e-01
1.575000000000000000e+03,9.072591886443180931e-01
1.576000000000000000e+03,8.202022827410364592e-01
1.577000000000000000e+03,7.504664075251972211e-01
1.578000000000000000e+03,8.610502312101719902e-01
1.579000000000000000e+03,9.413423117718361377e-01
1.580000000000000000e+03,8.512319519346964736e-01
1.581000000000000000e+03,7.386150940706102119e-01
1.582000000000000000e+03,7.991462653318039955e-01
1.583000000000000000e+03,8.973122928207355464e-01
1.584000000000000000e+03,1.081491692861933362e+00
1.585000000000000000e+03,8.242005853486693567e-01
1.586000000000000000e+03,9.348557573182147973e-01
1.587000000000000000e+03,1.037339391685353940e+00
1.588000000000000000e+03,1.080422869748604020e+00
1.589000000000000000e+03,9.127869486391786413e-01
1.590000000000000000e+03,7.864856630905734391e-01
1.591000000000000000e+03,8.837540524392908381e-01
1.592000000000000000e+03,1.076341465483208637e+00
1.593000000000000000e+03,9.435899048387541566e-01
1.594000000000000000e+03,8.135665744392703846e-01
1.595000000000000000e+03,9.368373690539022469e-01
1.596000000000000000e+03,8.367067419446008181e-01
1.597000000000000000e+03,1.032915748534127154e+00
1.598000000000000000e+03,1.023976769460417158e+00
1.599000000000000000e+03,8.476960909769948316e-01
1.600000000000000000e+03,9.707281115597954368e-01
1.601000000000000000e+03,8.609673871011738200e-01
1.602000000000000000e+03,8.669522756414167475e-01
1.603000000000000000e+03,8.698750625487503552e-01
1.604000000000000000e+03,9.280209462741562110e-01
1.605000000000000000e+03,9.981039625563358220e-01
1.606000000000000000e+03,7.514039729565492598e-01
1.607000000000000000e+03,6.456756471326751123e-01
1.608000000000000000e+03,7.323999363641829907e-01
1.609000000000000000e+03,8.101161228551939653e-01
1.610000000000000000e+03,8.227300246971281927e-01
1.611000000000000000e+03,6.611614579062977670e-01
1.612000000000000000e+03,6.769696505735970371e-01
1.613000000000000000e+03,6.862535621160968935e-01
1.614000000000000000e+03,6.732637125524091326e-01
1.615000000000000000e+03,5.153128794740714502e-01
1.616000000000000000e+03,5.029075996115558445e-01
1.617000000000000000e+03,5.187695076202994970e-01
1.618000000000000000e+03,6.852437800976926008e-01
1.619000000000000000e+03,6.569225284201577475e-01
1.620000000000000000e+03,4.939710785846341823e-01
1.621000000000000000e+03,5.395764765907361538e-01
1.622000000000000000e+03,6.953407206387572925e-01
1.623000000000000000e+03,7.227722256487397745e-01
1.624000000000000000e+03,5.371699849364558466e-01
1.625000000000000000e+03,4.333179221553203897e-01
1.626000000000000000e+03,6.456519094243698964e-01
1.627000000000000000e+03,4.426594176709014450e-01
1.628000000000000000e+03,3.004453711933064985e-01
1.629000000000000000e+03,5.024425642611816123e-01
1.630000000000000000e+03,6.764122043629111625e-01
1.631000000000000000e+03,7.691449885097597639e-01
1.632000000000000000e+03,6.988484781690283976e-01
1.633000000000000000e+03,5.790202007300652154e-01
1.634000000000000000e+03,7.233299828862194136e-01
1.635000000000000000e+03,8.732181080394894046e-01
1.636000000000000000e+03,8.599002499554569967e-01
1.637000000000000000e+03,6.786635978205745046e-01
1.638000000000000000e+03,6.738259314477648143e-01
1.639000000000000000e+03,8.262271040693913715e-01
1.640000000000000000e+03,9.054488368404710608e-01
1.641000000000000000e+03,8.121919359432139274e-01
1.642000000000000000e+03,7.922210226162803570e-01
1.643000000000000000e+03,8.266268100284386300e-01
1.644000000000000000e+03,8.483301935038880526e-01
1.645000000000000000e+03,7.767382864540142151e-01
1.646000000000000000e+03,7.273950915494138414e-01
1.647000000000000000e+03,6.848142353255294301e-01
1.648000000000000000e+03,1.013463925292747758e+00
1.649000000000000000e+03,8.071595622811997828e-01
1.650000000000000000e+03,8.625647400408087417e-01
1.651000000000000000e+03,6.519537581145651295e-01
1.652000000000000000e+03,8.175814069770130921e-01
1.653000000000000000e+03,8.545914881607392655e-01
1.654000000000000000e+03,7.119934158350670339e-01
1.655000000000000000e+03,7.178497062960444985e-01
1.656000000000000000e+03,7.092825079541477118e-01
1.657000000000000000e+03,8.433251783631406928e-01
1.658000000000000000e+03,6.365983480507160230e-01
1.659000000000000000e+03,6.190929666571270973e-01
1.660000000000000000e+03,5.467933250187213545e-01
1.661000000000000000e+03,8.485025896867692818e-01
1.662000000000000000e+03,7.771702822533130828e-01
1.663000000000000000e+03,6.913440323483143191e-01
1.664000000000000000e+03,6.027581225373688234e-01
1.665000000000000000e+03,8.169597462222719653e-01
1.666000000000000000e+03,8.254197092580713990e-01
1.667000000000000000e+03,6.729701296724404092e-01
1.668000000000000000e+03,7.100134441893634074e-01
1.669000000000000000e+03,6.327598714967089810e-01
1.670000000000000000e+03,7.689470101451274520e-01
1.671000000000000000e+03,7.488973522615960388e-01
1.672000000000000000e+03,5.971264144902617144e-01
1.673000000000000000e+03,7.226000415634081797e-01
1.674000000000000000e+03,8.072357809482452184e-01
1.675000000000000000e+03,1.038713109593343509e+00
1.676000000000000000e+03,6.626595734362888956e-01
1.677000000000000000e+03,6.933651881629088187e-01
1.678000000000000000e+03,7.239801974827858588e-01
1.679000000000000000e+03,9.248926722881525286e-01
1.680000000000000000e+03,6.877491134859499144e-01
1.681000000000000000e+03,6.303373095187504438e-01
1.682000000000000000e+03,5.788980858209721303e-01
1.683000000000000000e+03,7.834192694102622978e-01
1.684000000000000000e+03,8.053031677496591545e-01
1.685000000000000000e+03,6.340277227474413468e-01
1.686000000000000000e+03,6.301101001454793016e-01
1.687000000000000000e+03,8.105991354866139975e-01
1.688000000000000000e+03,8.264086403638815082e-01
1.689000000000000000e+03,4.349434757960126130e-01
1.690000000000000000e+03,5.447198373246717740e-01
1.691000000000000000e+03,5.167564589827929877e-01
1.692000000000000000e+03,7.877273420873690535e-01
1.693000000000000000e+03,8.173366067772799282e-01
1.694000000000000000e+03,7.082558452323232112e-01
1.695000000000000000e+03,6.738124367405158299e-01
1.696000000000000000e+03,7.665141345266751616e-01
1.697000000000000000e+03,6.465932471951624239e-01
1.698000000000000000e+03,5.795962952061618489e-01
1.699000000000000000e+03,6.339177000850815258e-01
1.700000000000000000e+03,8.106461466288985562e-01
1.701000000000000000e+03,7.718243822228064710e-01
1.702000000000000000e+03,6.305560850147736707e-01
1.703000000000000000e+03,4.638675358286220574e-01
1.704000000000000000e+03,6.236848713340349404e-01
1.705000000000000000e+03,8.652010236504691365e-01
1.706000000000000000e+03,6.606854387553323660e-01
1.707000000000000000e+03,5.941403491312868823e-01
1.708000000000000000e+03,5.885912237737555008e-01
1.709000000000000000e+03,5.063326057917977296e-01
1.710000000000000000e+03,7.933336419288935515e-01
1.711000000000000000e+03,6.964514004380265577e-01
1.712000000000000000e+03,6.425671521475528891e-01
1.713000000000000000e+03,7.961338840180012255e-01
1.714000000000000000e+03,8.475320876246433821e-01
1.715000000000000000e+03,7.956988824762304402e-01
1.716000000000000000e+03,5.599608976382913772e-01
1.717000000000000000e+03,6.484831348643963489e-01
1.718000000000000000e+03,1.034101150123679647e+00
1.719000000000000000e+03,7.568240278435002244e-01
1.720000000000000000e+03,6.288730860756273078e-01
1.721000000000000000e+03,7.222592824421564250e-01
1.722000000000000000e+03,9.060562457475599407e-01
1.723000000000000000e+03,9.090866722825878821e-01
1.724000000000000000e+03,6.337006470938866265e-01
1.725000000000000000e+03,8.322257581381877767e-01
1.726000000000000000e+03,9.926315799921265892e-01
1.727000000000000000e+03,9.308458603263697340e-01
1.728000000000000000e+03,7.629051731694517224e-01
1.729000000000000000e+03,5.757792213775855261e-01
1.730000000000000000e+03,8.539067300654589188e-01
1.731000000000000000e+03,9.775580772714987932e-01
1.732000000000000000e+03,7.057472678233770447e-01
1.733000000000000000e+03,7.314549989355804138e-01
1.734000000000000000e+03,7.434152389916046655e-01
1.735000000000000000e+03,9.680430052690258691e-01
1.736000000000000000e+03,9.176878161086846619e-01
1.737000000000000000e+03,8.068101370213629497e-01
1.738000000000000000e+03,7.379550921381184958e-01
1.739000000000000000e+03,1.086019369183752525e+00
1.740000000000000000e+03,1.119730320828504544e+00
1.741000000000000000e+03,1.066630210017927016e+00
1.742000000000000000e+03,1.096497225911883922e+00
1.743000000000000000e+03,1.072290182158455396e+00
1.744000000000000000e+03,1.334657183892915988e+00
1.745000000000000000e+03,1.087929523120074737e+00
1.746000000000000000e+03,9.184632975738417082e-01
1.747000000000000000e+03,7.135259669217594025e-01
1.748000000000000000e+03,1.035795217766618537e+00
1.749000000000000000e+03,1.122550242323542946e+00
1.750000000000000000e+03,8.905071484283930694e-01
1.751000000000000000e+03,1.031910943031493666e+00
1.752000000000000000e+03,1.051511525423427296e+00
1.753000000000000000e+03,1.109025907614286099e+00
1.754000000000000000e+03,8.221877919402253987e-01
1.755000000000000000e+03,9.046406367191888176e-01
1.756000000000000000e+03,8.562882218134848511e-01
1.757000000000000000e+03,1.268551615130562471e+00
1.758000000000000000e+03,1.047190984180101925e+00
1.759000000000000000e+03,1.144460362208209014e+00
1.760000000000000000e+03,9.423683939045788271e-01
1.761000000000000000e+03,1.142677344264380501e+00
1.762000000000000000e+03,8.870137125396202471e-01
1.763000000000000000e+03,1.007852350933556407e+00
1.764000000000000000e+03,9.411825995849598669e-01
1.765000000000000000e+03,1.112074443970178184e+00
1.766000000000000000e+03,1.214302314261524129e+00
1.767000000000000000e+03,8.724412565783781215e-01
1.768000000000000000e+03,1.034624302513383443e+00
1.769000000000000000e+03,5.620542499382809032e-01
1.770000000000000000e+03,9.103295087382639039e-01
1.771000000000000000e+03,7.474111832587774229e-01
1.772000000000000000e+03,6.692397454212437591e-01
1.773000000000000000e+03,5.675884756819798982e-01
1.774000000000000000e+03,9.974100148885242101e-01
1.775000000000000000e+03,6.417119797014647631e-01
1.776000000000000000e+03,5.914045339449044425e-01
1.777000000000000000e+03,6.355917361544674016e-01
1.778000000000000000e+03,6.657003263963804374e-01
1.779000000000000000e+03,8.952423845681696246e-01
1.780000000000000000e+03,8.735986703905118667e-01
1.781000000000000000e+03,7.242693549122214414e-01
1.782000000000000000e+03,6.828533368865871145e-01
1.783000000000000000e+03,7.196730831236282100e-01
1.784000000000000000e+03,8.920262650622998724e-01
1.785000000000000000e+03,6.901289250745036297e-01
1.786000000000000000e+03,8.301767384610707623e-01
1.787000000000000000e+03,7.973478531879030218e-01
1.788000000000000000e+03,9.593385927119273404e-01
1.789000000000000000e+03,8.367760972976170386e-01
1.790000000000000000e+03,6.540195460140750816e-01
1.791000000000000000e+03,7.582479911797244121e-01
1.792000000000000000e+03,9.450015871661944233e-01
1.793000000000000000e+03,6.171937994620371182e-01
1.794000000000000000e+03,7.361293463325038200e-01
1.795000000000000000e+03,8.960674681424296573e-01
1.796000000000000000e+03,5.314596640410671480e-01
1.797000000000000000e+03,7.482833151528432980e-01
1.798000000000000000e+03,8.043826321881656360e-01
1.799000000000000000e+03,6.987628060774466743e-01
1.800000000000000000e+03,9.396168676507352657e-01
1.801000000000000000e+03,9.347100048177934273e-01
1.802000000000000000e+03,8.783352527085162009e-01
1.803000000000000000e+03,7.682930970577811491e-01
1.804000000000000000e+03,8.564319120302519295e-01
1.805000000000000000e+03,9.539404070509773792e-01
1.806000000000000000e+03,8.435759654698253840e-01
1.807000000000000000e+03,6.737216665564241813e-01
1.808000000000000000e+03,7.332542225444477202e-01
1.809000000000000000e+03,7.468145846716341962e-01
1.810000000000000000e+03,8.458337937974372833e-01
1.811000000000000000e+03,7.040299121180626507e-01
1.812000000000000000e+03,7.778920130587350101e-01
1.813000000000000000e+03,8.541143704879190501e-01
1.814000000000000000e+03,8.384656197504538611e-01
1.815000000000000000e+03,7.623930656247159821e-01
1.816000000000000000e+03,9.029474305691610470e-01
1.817000000000000000e+03,9.862925918576809226e-01
1.818000000000000000e+03,1.012288040546420520e+00
1.819000000000000000e+03,8.150727123144638764e-01
1.820000000000000000e+03,6.892930606728818743e-01
1.821000000000000000e+03,5.370933838220953715e-01
1.822000000000000000e+03,7.733021509487926215e-01
1.823000000000000000e+03,8.092421693364527657e-01
1.824000000000000000e+03,8.125181221679963484e-01
1.825000000000000000e+03,6.793721654687135958e-01
1.826000000000000000e+03,8.284869205412758175e-01
1.827000000000000000e+03,8.074807550790148447e-01
1.828000000000000000e+03,8.096207270989042026e-01
1.829000000000000000e+03,6.699459808998690091e-01
1.830000000000000000e+03,6.816619473237370830e-01
1.831000000000000000e+03,7.299883566994667117e-01
1.832000000000000000e+03,8.601775474102375529e-01
1.833000000000000000e+03,5.884850376496376656e-01
1.834000000000000000e+03,6.173909186132384708e-01
1.835000000000000000e+03,7.007754717134212497e-01
1.836000000000000000e+03,7.876197400961082451e-01
1.837000000000000000e+03,5.360226277286311847e-01
1.838000000000000000e+03,6.468728912438903578e-01
1.839000000000000000e+03,7.980181473834258021e-01
1.840000000000000000e+03,8.594985930484239089e-01
1.841000000000000000e+03,9.490496234696063071e-01
1.842000000000000000e+03,6.258217097134701756e-01
1.843000000000000000e+03,7.748178500028711779e-01
1.844000000000000000e+03,8.460935238109557055e-01
1.845000000000000000e+03,9.746250577244764957e-01
1.846000000000000000e+03,7.275780383436228904e-01
1.847000000000000000e+03,9.159675569992113964e-01
1.848000000000000000e+03,9.375453350563638377e-01
1.849000000000000000e+03,1.246509312674988434e+00
1.850000000000000000e+03,9.083172246249135995e-01
1.851000000000000000e+03,8.364537192318477477e-01
1.852000000000000000e+03,9.627123191006755620e-01
1.853000000000000000e+03,7.528539408488216234e-01
1.854000000000000000e+03,8.334962267936059099e-01
1.855000000000000000e+03,6.416454594548058887e-01
1.856000000000000000e+03,8.541589648697953674e-01
1.857000000000000000e+03,6.318353187687930639e-01
1.858000000000000000e+03,6.931614259368847897e-01
1.859000000000000000e+03,8.746696309742487685e-01
1.860000000000000000e+03,1.192173199485029311e+00
1.861000000000000000e+03,1.020537137710371134e+00
1.862000000000000000e+03,7.638033394818953825e-01
1.863000000000000000e+03,8.877391802068386184e-01
1.864000000000000000e+03,7.721979213726621882e-01
1.865000000000000000e+03,1.103712170865454256e+00
1.866000000000000000e+03,9.192744728579573810e-01
1.867000000000000000e+03,1.021965058305241092e+00
1.868000000000000000e+03,7.917409339615952835e-01
1.869000000000000000e+03,6.945664053067476251e-01
1.870000000000000000e+03,1.188872900748643380e+00
1.871000000000000000e+03,9.077303420127980083e-01
1.872000000000000000e+03,9.958463415755551829e-01
1.873000000000000000e+03,9.376486612205527926e-01
1.874000000000000000e+03,8.810438852473545523e-01
1.875000000000000000e+03,9.216920365933225501e-01
1.876000000000000000e+03,7.996899786462399184e-01
1.877000000000000000e+03,5.909907005228978161e-01
1.878000000000000000e+03,1.020506504165528572e+00
1.879000000000000000e+03,1.071434049979616665e+00
1.880000000000000000e+03,1.023444970499277851e+00
1.881000000000000000e+03,6.480992430821990169e-01
1.882000000000000000e+03,8.879750541840991662e-01
1.883000000000000000e+03,1.375377273857747218e+00
1.884000000000000000e+03,1.298590181617694572e+00
1.885000000000000000e+03,1.088132303951514057e+00
1.886000000000000000e+03,1.047535713432764082e+00
1.887000000000000000e+03,1.304589396504329590e+00
1.888000000000000000e+03,1.394659995889648396e+00
1.889000000000000000e+03,1.397068258384286610e+00
1.890000000000000000e+03,1.169505999989907341e+00
1.891000000000000000e+03,1.240605035881581886e+00
1.892000000000000000e+03,1.326466580234223702e+00
1.893000000000000000e+03,1.168244859311137640e+00
1.894000000000000000e+03,1.171195290086082696e+00
1.895000000000000000e+03,1.495286298034549377e+00
1.896000000000000000e+03,1.541012781185800318e+00
1.897000000000000000e+03,1.300614004030344661e+00
1.898000000000000000e+03,1.471986921350302957e+00
1.899000000000000000e+03,1.288662279097414487e+00
1.900000000000000000e+03,1.543495044337973798e+00
1.901000000000000000e+03,1.580089966201983165e+00
1.902000000000000000e+03,1.529431423887800623e+00
1.903000000000000000e+03,1.478835473937798684e+00
1.904000000000000000e+03,1.275510831521963651e+00
1.905000000000000000e+03,1.739353853836768327e+00
1.906000000000000000e+03,1.609479146532921900e+00
1.907000000000000000e+03,1.473912735340302538e+00
1.908000000000000000e+03,1.551983846722301719e+00
1.909000000000000000e+03,1.542252617335380993e+00
1.910000000000000000e+03,1.680586017517892383e+00
1.911000000000000000e+03,1.564826874280749180e+00
1.912000000000000000e+03,1.412595040385064449e+00
1.913000000000000000e+03,1.743153067820013336e+00
1.914000000000000000e+03,1.764917894284120825e+00
1.915000000000000000e+03,1.597208834619200823e+00
1.916000000000000000e+03,1.304472912569838439e+00
1.917000000000000000e+03,1.262526790743466965e+00
1.918000000000000000e+03,1.623658139484677410e+00
1.919000000000000000e+03,1.557376779355861718e+00
1.920000000000000000e+03,1.236196463019658687e+00
1.921000000000000000e+03,1.367348608288985856e+00
1.922000000000000000e+03,1.590385417226831910e+00
1.923000000000000000e+03,1.690833520280031088e+00
1.924000000000000000e+03,1.535022038890886398e+00
1.925000000000000000e+03,1.476816809899207161e+00
1.926000000000000000e+03,1.460532358927044916e+00
1.927000000000000000e+03,1.361149336059066961e+00
1.928000000000000000e+03,1.548174842286935693e+00
1.929000000000000000e+03,1.574533194371985578e+00
1.930000000000000000e+03,1.494071208476436929e+00
1.931000000000000000e+03,1.701641755932185696e+00
1.932000000000000000e+03,1.404211713431333663e+00
1.933000000000000000e+03,1.199403510219310132e+00
1.934000000000000000e+03,1.478620745664078306e+00
1.935000000000000000e+03,1.606781703505773429e+00
1.936000000000000000e+03,1.590172564052692694e+00
1.937000000000000000e+03,1.574241949106435445e+00
1.938000000000000000e+03,1.449308284384304368e+00
1.939000000000000000e+03,1.508885195422956293e+00
1.940000000000000000e+03,1.647943109024626596e+00
1.941000000000000000e+03,1.667957734299315264e+00
1.942000000000000000e+03,1.384997179987513594e+00
1.943000000000000000e+03,1.232769660115832444e+00
1.944000000000000000e+03,1.718087735994199727e+00
1.945000000000000000e+03,1.596801338376163004e+00
1.946000000000000000e+03,1.928875403997733606e+00
1.947000000000000000e+03,1.975114336073201748e+00
1.948000000000000000e+03,2.175131130075209640e+00
1.949000000000000000e+03,1.978503801376381155e+00
1.950000000000000000e+03,1.993340806618542294e+00
1.951000000000000000e+03,1.732924787516837872e+00
1.952000000000000000e+03,1.911479182598792459e+00
1.953000000000000000e+03,2.031884548620115805e+00
1.954000000000000000e+03,1.963430488266820095e+00
1.955000000000000000e+03,1.823343536855507985e+00
1.956000000000000000e+03,1.722142130849973585e+00
1.957000000000000000e+03,1.843706440238060296e+00
1.958000000000000000e+03,1.938577948458268807e+00
1.959000000000000000e+03,1.827266235684019247e+00
1.960000000000000000e+03,1.809290423062182906e+00
1.961000000000000000e+03,2.177761951053886591e+00
1.962000000000000000e+03,1.941721494388602087e+00
1.963000000000000000e+03,1.805850605511790219e+00
1.964000000000000000e+03,1.908725377510620103e+00
1.965000000000000000e+03,2.274002619020347726e+00
1.966000000000000000e+03,2.048932295660534475e+00
1.967000000000000000e+03,1.675032439527106565e+00
1.968000000000000000e+03,1.865973705716869047e+00
1.969000000000000000e+03,1.725519721276586260e+00
1.970000000000000000e+03,1.990935045107178780e+00
1.971000000000000000e+03,1.890099739001844359e+00
1.972000000000000000e+03,2.030110015139448887e+00
1.973000000000000000e+03,1.862545375716334828e+00
1.974000000000000000e+03,1.833838102949501891e+00
1.975000000000000000e+03,1.971709033246047182e+00
1.976000000000000000e+03,2.020148163462274216e+00
1.977000000000000000e+03,1.753888605796543931e+00
1.978000000000000000e+03,1.725453347221852285e+00
1.979000000000000000e+03,2.047432442326089674e+00
1.980000000000000000e+03,1.946527046343872858e+00
1.981000000000000000e+03,1.802121052831569203e+00
1.982000000000000000e+03,2.034442537700221987e+00
1.983000000000000000e+03,2.133191923751231123e+00
1.984000000000000000e+03,1.881592490946239149e+00
1.985000000000000000e+03,1.841322440270937166e+00
1.986000000000000000e+03,1.724898176022538143e+00
1.987000000000000000e+03,2.194012368311196504e+00
1.988000000000000000e+03,1.954421420399001796e+00
1.989000000000000000e+03,1.863397602138912701e+00
1.990000000000000000e+03,1.986801306931483158e+00
1.991000000000000000e+03,2.103581864241338195e+00
1.992000000000000000e+03,1.685560655644132932e+00
1.993000000000000000e+03,1.860446997976094474e+00
1.994000000000000000e+03,1.704541233809232725e+00
1.995000000000000000e+03,1.572099803642691640e+00
1.996000000000000000e+03,1.893080730543903689e+00
1.997000000000000000e+03,1.897849731858781919e+00
1.998000000000000000e+03,1.841497379024497505e+00
1.999000000000000000e+03,1.951415466337570681e+00
2.000000000000000000e+03,2.021486259901349669e+00
2.001000000000000000e+03,2.119981714061091260e+00
2.002000000000000000e+03,1.883870466225192830e+00
2.003000000000000000e+03,1.650368213295664965e+00
2.004000000000000000e+03,1.614951356482267064e+00
2.005000000000000000e+03,1.803285778427587083e+00
2.006000000000000000e+03,1.954697171729858240e+00
2.007000000000000000e+03,1.882407099285723362e+00
2.008000000000000000e+03,1.719895593637613240e+00
2.009000000000000000e+03,2.126055942801051923e+00
2.010000000000000000e+03,1.765570310061694403e+00
2.011000000000000000e+03,1.879430991550417707e+00
2.012000000000000000e+03,1.736575029381956403e+00
2.013000000000000000e+03,1.798736360303834880e+00
2.014000000000000000e+03,1.977499184495553841e+00
2.015000000000000000e+03,1.817889336328160299e+00
2.016000000000000000e+03,1.637228932971984241e+00
2.017000000000000000e+03,2.022986927473430896e+00
2.018000000000000000e+03,1.883243783778985714e+00
2.019000000000000000e+03,1.930598498284535669e+00
2.020000000000000000e+03,1.658502649702057408e+00
2.021000000000000000e+03,1.650189967495615528e+00
2.022000000000000000e+03,1.990172219815109500e+00
2.023000000000000000e+03,2.002336155263534589e+00
2.024000000000000000e+03,1.837025715562277561e+00
2.025000000000000000e+03,1.672641217412350167e+00
2.026000000000000000e+03,2.372860537786233071e+00
2.027000000000000000e+03,2.215197073452937371e+00
2.028000000000000000e+03,2.147246433628275053e+00
2.029000000000000000e+03,2.105287707267364361e+00
2.030000000000000000e+03,2.107654380335624023e+00
2.031000000000000000e+03,2.319054909601405257e+00
2.032000000000000000e+03,2.096813523308754146e+00
2.033000000000000000e+03,2.070322462789591533e+00
2.034000000000000000e+03,1.988775613114485807e+00
2.035000000000000000e+03,2.050496994996365618e+00
2.036000000000000000e+03,2.090768746326048255e+00
2.037000000000000000e+03,2.092879138218729729e+00
2.038000000000000000e+03,2.076575470375699783e+00
2.039000000000000000e+03,2.427969639236710719e+00
2.040000000000000000e+03,2.275529007608092513e+00
2.041000000000000000e+03,2.207027409676902252e+00
2.042000000000000000e+03,2.247187485189359180e+00
2.043000000000000000e+03,1.820121615825077477e+00
2.044000000000000000e+03,2.337765334349389157e+00
2.045000000000000000e+03,2.139770669909770717e+00
2.046000000000000000e+03,2.128947509290879836e+00
2.047000000000000000e+03,2.068992487818580361e+00
2.048000000000000000e+03,2.236807595210692501e+00
2.049000000000000000e+03,2.320004451280596847e+00
2.050000000000000000e+03,1.993452099838112446e+00
2.051000000000000000e+03,1.933080497182393387e+00
2.052000000000000000e+03,2.320051546179989987e+00
2.053000000000000000e+03,2.186912718759587815e+00
2.054000000000000000e+03,2.047580600104713877e+00
2.055000000000000000e+03,1.984902516014010576e+00
2.056000000000000000e+03,1.943741659863152726e+00
2.057000000000000000e+03,1.992543225679892949e+00
2.058000000000000000e+03,1.600579529453907135e+00
2.059000000000000000e+03,1.854471202179445388e+00
2.060000000000000000e+03,1.857464370514684937e+00
2.061000000000000000e+03,1.985245667077221832e+00
2.062000000000000000e+03,2.001836302129305967e+00
2.063000000000000000e+03,1.865709055929756666e+00
2.064000000000000000e+03,1.879587061788350555e+00
2.065000000000000000e+03,1.830316602353670774e+00
2.066000000000000000e+03,2.000266733097514571e+00
2.067000000000000000e+03,1.837736690288754415e+00
2.068000000000000000e+03,1.665516981159576027e+00
2.069000000000000000e+03,1.829853115669687336e+00
2.070000000000000000e+03,2.018719498037141680e+00
2.071000000000000000e+03,1.898795013808626031e+00
2.072000000000000000e+03,1.764015552887961080e+00
2.073000000000000000e+03,1.830633207514646976e+00
2.074000000000000000e+03,1.985922810920363490e+00
2.075000000000000000e+03,1.947086818844097067e+00
2.076000000000000000e+03,1.724069588620671389e+00
2.077000000000000000e+03,1.801290531301929621e+00
2.078000000000000000e+03,1.837577338372480273e+00
2.079000000000000000e+03,2.016526878848598159e+00
2.080000000000000000e+03,1.630924131697916390e+00
2.081000000000000000e+03,1.601717963838594994e+00
2.082000000000000000e+03,1.688945074149415637e+00
2.083000000000000000e+03,1.757983161837177066e+00
2.084000000000000000e+03,1.526438272556352560e+00
2.085000000000000000e+03,1.585405280472571787e+00
2.086000000000000000e+03,1.730853847345235730e+00
2.087000000000000000e+03,1.847110770930074697e+00
2.088000000000000000e+03,1.792168853927688987e+00
2.089000000000000000e+03,1.640544549670277519e+00
2.090000000000000000e+03,1.502817517120104807e+00
2.091000000000000000e+03,1.693810378831128061e+00
2.092000000000000000e+03,1.776135420843972357e+00
2.093000000000000000e+03,1.621657505698522961e+00
2.094000000000000000e+03,1.384811611891581640e+00
2.095000000000000000e+03,1.377387065224992657e+00
2.096000000000000000e+03,1.622506588133679539e+00
2.097000000000000000e+03,1.545943122547968285e+00
2.098000000000000000e+03,1.200905615082724864e+00
2.099000000000000000e+03,1.349366723377849242e+00
2.100000000000000000e+03,1.487233716174046982e+00
2.101000000000000000e+03,1.231040161540384092e+00
2.102000000000000000e+03,1.347497118881917810e+00
2.103000000000000000e+03,1.351334895315692952e+00
2.104000000000000000e+03,1.266729524333370938e+00
2.105000000000000000e+03,1.491649278157612279e+00
2.106000000000000000e+03,1.468987750316809837e+00
2.107000000000000000e+03,1.327109520870629833e+00
2.108000000000000000e+03,1.252228145458778030e+00
2.109000000000000000e+03,1.350239764963751199e+00
2.110000000000000000e+03,1.347908925767330679e+00
2.111000000000000000e+03,1.393163694957115784e+00
2.112000000000000000e+03,1.333583422355009152e+00
2.113000000000000000e+03,1.470682763089991463e+00
2.114000000000000000e+03,1.501161576494336236e+00
2.115000000000000000e+03,1.368993908233080203e+00
2.116000000000000000e+03,1.374074664857816597e+00
2.117000000000000000e+03,1.459763461126896589e+00
2.118000000000000000e+03,1.725691491594185001e+00
2.119000000000000000e+03,1.216294570464329983e+00
2.120000000000000000e+03,1.343901685095186371e+00
2.121000000000000000e+03,1.500219753950496893e+00
2.122000000000000000e+03,1.273306041292529223e+00
2.123000000000000000e+03,1.881003908756025300e+00
2.124000000000000000e+03,1.642761679954283682e+00
2.125000000000000000e+03,1.506325193269560270e+00
2.126000000000000000e+03,1.672394202322570189e+00
2.127000000000000000e+03,1.694826246583231333e+00
2.128000000000000000e+03,1.481714579900392348e+00
2.129000000000000000e+03,1.420571032368094233e+00
2.130000000000000000e+03,1.473345375682552527e+00
2.131000000000000000e+03,1.637590694511104283e+00
2.132000000000000000e+03,1.371869817738227582e+00
2.133000000000000000e+03,1.471231976181359924e+00
2.134000000000000000e+03,1.450215944911444677e+00
2.135000000000000000e+03,1.614971636405461375e+00
2.136000000000000000e+03,1.889487332076642101e+00
2.137000000000000000e+03,1.523831889993603861e+00
2.138000000000000000e+03,1.654123968619172658e+00
2.139000000000000000e+03,1.591280225310579333e+00
2.140000000000000000e+03,1.784746791709139080e+00
2.141000000000000000e+03,1.708074702126145539e+00
2.142000000000000000e+03,1.543103602481426195e+00
2.143000000000000000e+03,1.705668543744194965e+00
2.144000000000000000e+03,1.755033238570790743e+00
2.145000000000000000e+03,1.741274750809419514e+00
2.146000000000000000e+03,1.612097689012807811e+00
2.147000000000000000e+03,1.580683945151550862e+00
2.148000000000000000e+03,1.733504715091859438e+00
2.149000000000000000e+03,1.777955875565329080e+00
2.150000000000000000e+03,1.377615949142510621e+00
2.151000000000000000e+03,1.110380356220115328e+00
2.152000000000000000e+03,1.453900755120944854e+00
2.153000000000000000e+03,1.716652447732760045e+00
2.154000000000000000e+03,1.335017089081971253e+00
2.155000000000000000e+03,1.536167963156303884e+00
2.156000000000000000e+03,1.651010555687041581e+00
2.157000000000000000e+03,1.688873242659781670e+00
2.158000000000000000e+03,1.672864021621684127e+00
2.159000000000000000e+03,1.397046503665619888e+00
2.160000000000000000e+03,1.253211206632409702e+00
2.161000000000000000e+03,1.647950948228107393e+00
2.162000000000000000e+03,1.674574522060030768e+00
2.163000000000000000e+03,1.536905361518418278e+00
2.164000000000000000e+03,1.375615584474740194e+00
2.165000000000000000e+03,1.570351683237271700e+00
2.166000000000000000e+03,1.610648100555943429e+00
2.167000000000000000e+03,1.581115497593506447e+00
2.168000000000000000e+03,1.476680914929128896e+00
2.169000000000000000e+03,1.506066724576981875e+00
2.170000000000000000e+03,1.572647147599037787e+00
2.171000000000000000e+03,1.624300778683211766e+00
2.172000000000000000e+03,1.478934677109813078e+00
2.173000000000000000e+03,1.460740508329767540e+00
2.174000000000000000e+03,1.759449389000471431e+00
2.175000000000000000e+03,1.293949957012355600e+00
2.176000000000000000e+03,1.445420449232081017e+00
2.177000000000000000e+03,1.523351461473794632e+00
2.178000000000000000e+03,1.558516422699585791e+00
2.179000000000000000e+03,1.516698797082210115e+00
2.180000000000000000e+03,1.760752070501986566e+00
2.181000000000000000e+03,1.665527362585308202e+00
2.182000000000000000e+03,1.333727280154101136e+00
2.183000000000000000e+03,1.702224445651426166e+00
2.184000000000000000e+03,1.609747974734494269e+00
2.185000000000000000e+03,1.459940852232743724e+00
2.186000000000000000e+03,1.435249916424876204e+00
2.187000000000000000e+03,1.634168474735467225e+00
2.188000000000000000e+03,1.643179061496344184e+00
2.189000000000000000e+03,1.468927274710323694e+00
2.190000000000000000e+03,1.550366721698418493e+00
2.191000000000000000e+03,1.623557880341660153e+00
2.192000000000000000e+03,1.638899395912696066e+00
2.193000000000000000e+03,1.541909884457046465e+00
2.194000000000000000e+03,1.434031034594603682e+00
2.195000000000000000e+03,1.458462832669907838e+00
2.196000000000000000e+03,1.636869857015448293e+00
2.197000000000000000e+03,1.517744672961868879e+00
2.198000000000000000e+03,1.492953507843231220e+00
2.199000000000000000e+03,1.436483098207976150e+00
2.200000000000000000e+03,1.543939339619377238e+00
2.201000000000000000e+03,1.592796782714214876e+00
2.202000000000000000e+03,1.396063676816401422e+00
2.203000000000000000e+03,1.376141882761731328e+00
2.204000000000000000e+03,1.424537942421194803e+00
2.205000000000000000e+03,1.579963411524132999e+00
2.206000000000000000e+03,1.575836480069789269e+00
2.207000000000000000e+03,1.388758084386325420e+00
2.208000000000000000e+03,1.398321456895587289e+00
2.209000000000000000e+03,1.727030398634223030e+00
2.210000000000000000e+03,1.701390544976584263e+00
2.211000000000000000e+03,1.391256832792654885e+00
2.212000000000000000e+03,1.666911711577355959e+00
2.213000000000000000e+03,1.849536959746060472e+00
2.214000000000000000e+03,1.810391170068250011e+00
2.215000000000000000e+03,1.782998273613645157e+00
2.216000000000000000e+03,1.556567508091120322e+00
2.217000000000000000e+03,1.810312988625181641e+00
2.218000000000000000e+03,1.855628166526399614e+00
2.219000000000000000e+03,1.856575505426033779e+00
2.220000000000000000e+03,1.692286309016895363e+00
2.221000000000000000e+03,1.799355081261069245e+00
2.222000000000000000e+03,1.875889317388744537e+00
2.223000000000000000e+03,1.931800490074364829e+00
2.224000000000000000e+03,1.624037687167694255e+00
2.225000000000000000e+03,1.670383988790194785e+00
2.226000000000000000e+03,1.825225500968168380e+00
2.227000000000000000e+03,1.819142839064394668e+00
2.228000000000000000e+03,1.677622449246337633e+00
2.229000000000000000e+03,1.750434755313581059e+00
2.230000000000000000e+03,1.723342668017038282e+00
2.231000000000000000e+03,1.931175339674065849e+00
2.232000000000000000e+03,1.882890137678614684e+00
2.233000000000000000e+03,1.524800416619387144e+00
2.234000000000000000e+03,1.764715268723446417e+00
2.235000000000000000e+03,1.837250367861455791e+00
2.236000000000000000e+03,1.918559642689259270e+00
2.237000000000000000e+03,1.771921303450979535e+00
2.238000000000000000e+03,1.961370985587324256e+00
2.239000000000000000e+03,1.619608293291649792e+00
2.240000000000000000e+03,1.616210501049322623e+00
2.241000000000000000e+03,1.647181407133011977e+00
2.242000000000000000e+03,1.531626054028885964e+00
2.243000000000000000e+03,1.563743654013318940e+00
2.244000000000000000e+03,1.685837201483172620e+00
2.245000000000000000e+03,1.538074804536749385e+00
2.246000000000000000e+03,1.518437426586644934e+00
2.247000000000000000e+03,1.511698549993998997e+00
2.248000000000000000e+03,1.726100944911654222e+00
2.249000000000000000e+03,1.563743112455463269e+00
2.250000000000000000e+03,1.481196559876107655e+00
2.251000000000000000e+03,1.487136637610254830e+00
2.252000000000000000e+03,1.537064539792814211e+00
2.253000000000000000e+03,1.667732490894545894e+00
2.254000000000000000e+03,1.502453297279768618e+00
2.255000000000000000e+03,1.442903309942635381e+00
2.256000000000000000e+03,1.501798693162774478e+00
2.257000000000000000e+03,1.529327497505022171e+00
2.258000000000000000e+03,1.485917873611415141e+00
2.259000000000000000e+03,1.352832960307252419e+00
2.260000000000000000e+03,1.243660488722460711e+00
2.261000000000000000e+03,1.704900442887469447e+00
2.262000000000000000e+03,1.564898886838854697e+00
2.263000000000000000e+03,1.616530216774332729e+00
2.264000000000000000e+03,1.373768625347075334e+00
2.265000000000000000e+03,1.348982970939875070e+00
2.266000000000000000e+03,1.606937766449580307e+00
2.267000000000000000e+03,1.362183217678376357e+00
2.268000000000000000e+03,1.368328597173596783e+00
2.269000000000000000e+03,1.475245100137877241e+00
2.270000000000000000e+03,1.621566394007131429e+00
2.271000000000000000e+03,1.464837158339446166e+00
2.272000000000000000e+03,1.401750891390230569e+00
2.273000000000000000e+03,1.380752308464193279e+00
2.274000000000000000e+03,1.447432706350228804e+00
2.275000000000000000e+03,1.563846624691235698e+00
2.276000000000000000e+03,1.568807201511575045e+00
2.277000000000000000e+03,1.458326316026685054e+00
2.278000000000000000e+03,1.528046432305004476e+00
2.279000000000000000e+03,1.648390889953792904e+00
2.280000000000000000e+03,1.556308198658506114e+00
2.281000000000000000e+03,1.490259736907969312e+00
2.282000000000000000e+03,1.574254764167347664e+00
2.283000000000000000e+03,1.526273815485498675e+00
2.284000000000000000e+03,1.569476692597552958e+00
2.285000000000000000e+03,1.506792664894938572e+00
2.286000000000000000e+03,1.646307207878370926e+00
2.287000000000000000e+03,1.589515041102120163e+00
2.288000000000000000e+03,1.585544594230230642e+00
2.289000000000000000e+03,1.393577700203056269e+00
2.290000000000000000e+03,1.465556575314276300e+00
2.291000000000000000e+03,1.473704578808286092e+00
2.292000000000000000e+03,1.585882527590139146e+00
2.293000000000000000e+03,1.435768859687548415e+00
2.294000000000000000e+03,1.354883430150495505e+00
2.295000000000000000e+03,1.423903058321696058e+00
2.296000000000000000e+03,1.600300862615348096e+00
2.297000000000000000e+03,1.518536838047052973e+00
2.298000000000000000e+03,1.282427860319216517e+00
2.299000000000000000e+03,1.423331927182124090e+00
2.300000000000000000e+03,1.567606015125644348e+00
2.301000000000000000e+03,1.481850837690766642e+00
2.302000000000000000e+03,1.362601012058569649e+00
2.303000000000000000e+03,1.328003233508721737e+00
2.304000000000000000e+03,1.578004588885106196e+00
2.305000000000000000e+03,1.559311561588882400e+00
2.306000000000000000e+03,9.180923374852585361e-01
2.307000000000000000e+03,1.084647823669464106e+00
2.308000000000000000e+03,1.231675336943142351e+00
2.309000000000000000e+03,1.243891041492424465e+00
2.310000000000000000e+03,1.263941119022809811e+00
2.311000000000000000e+03,1.415917927119542563e+00
2.312000000000000000e+03,1.123971144366926467e+00
2.313000000000000000e+03,1.118872274550576584e+00
2.314000000000000000e+03,1.244817241780477923e+00
2.315000000000000000e+03,1.026960444333266054e+00
2.316000000000000000e+03,1.001854713956866760e+00
2.317000000000000000e+03,1.128545077885382275e+00
2.318000000000000000e+03,1.015971144611716781e+00
2.319000000000000000e+03,1.185098648368080543e+00
2.320000000000000000e+03,1.081025603380010081e+00
2.321000000000000000e+03,1.132575635069645870e+00
2.322000000000000000e+03,1.302684281602008332e+00
2.323000000000000000e+03,1.363729939192935170e+00
2.324000000000000000e+03,8.030226698627831450e-01
2.325000000000000000e+03,1.035038077578344540e+00
2.326000000000000000e+03,1.140545015417910646e+00
2.327000000000000000e+03,1.184551787876733320e+00
2.328000000000000000e+03,1.081829078516137521e+00
2.329000000000000000e+03,1.136437571059834672e+00
2.330000000000000000e+03,1.081458461783417757e+00
2.331000000000000000e+03,1.218034025653150332e+00
2.332000000000000000e+03,1.081039709036935470e+00
2.333000000000000000e+03,1.034626400491885700e+00
2.334000000000000000e+03,9.161778726302454157e-01
2.335000000000000000e+03,8.366040726914807379e-01
2.336000000000000000e+03,1.182977258704767998e+00
2.337000000000000000e+03,1.081270402967226429e+00
2.338000000000000000e+03,9.902475206855313461e-01
2.339000000000000000e+03,1.216358054706605074e+00
2.340000000000000000e+03,1.243764064985743545e+00
2.341000000000000000e+03,1.263950156255979396e+00
2.342000000000000000e+03,1.048004932796336774e+00
2.343000000000000000e+03,1.288242039207485590e+00
2.344000000000000000e+03,1.262319868622186370e+00
2.345000000000000000e+03,1.163291664866213049e+00
2.346000000000000000e+03,9.847465549490609371e-01
2.347000000000000000e+03,9.701151511150731821e-01
2.348000000000000000e+03,1.242845288255585823e+00
2.349000000000000000e+03,1.121481623754783996e+00
2.350000000000000000e+03,1.020287893861608453e+00
2.351000000000000000e+03,9.523559937549388454e-01
2.352000000000000000e+03,1.162574267492943569e+00
2.353000000000000000e+03,1.209292329175988723e+00
2.354000000000000000e+03,1.069796753755167362e+00
2.355000000000000000e+03,1.065570280028979022e+00
2.356000000000000000e+03,1.043611616083740534e+00
2.357000000000000000e+03,1.323168042274065259e+00
2.358000000000000000e+03,1.224527413755101879e+00
2.359000000000000000e+03,1.134948608944658766e+00
2.360000000000000000e+03,1.135053549567970999e+00
2.361000000000000000e+03,9.188113910648204596e-01
2.362000000000000000e+03,9.465526738861812506e-01
2.363000000000000000e+03,1.010369985454216080e+00
2.364000000000000000e+03,1.304454205864598038e+00
2.365000000000000000e+03,1.310712566543663860e+00
2.366000000000000000e+03,1.409591233477407668e+00
2.367000000000000000e+03,1.191755923345476642e+00
2.368000000000000000e+03,1.139448369392949578e+00
2.369000000000000000e+03,1.401091389246532204e+00
2.370000000000000000e+03,1.427921865838785331e+00
2.371000000000000000e+03,1.351417587130883780e+00
2.372000000000000000e+03,1.184419942726341768e+00
2.373000000000000000e+03,1.250800431977865834e+00
2.374000000000000000e+03,1.413350020039498167e+00
2.375000000000000000e+03,1.372022559032342270e+00
2.376000000000000000e+03,1.307628370967429676e+00
2.377000000000000000e+03,1.081313373878763917e+00
2.378000000000000000e+03,1.346831680346374904e+00
2.379000000000000000e+03,1.485759044843610877e+00
2.380000000000000000e+03,1.300819261779657676e+00
2.381000000000000000e+03,1.214458044661334224e+00
2.382000000000000000e+03,1.212315838550517277e+00
2.383000000000000000e+03,1.277909321512164409e+00
2.384000000000000000e+03,1.365872267026492670e+00
2.385000000000000000e+03,1.357803090484757114e+00
2.386000000000000000e+03,1.137208405300562220e+00
2.387000000000000000e+03,1.217919163588557341e+00
2.388000000000000000e+03,1.227878553057174082e+00
2.389000000000000000e+03,1.124373860511729939e+00
2.390000000000000000e+03,1.085677547010764465e+00
2.391000000000000000e+03,1.259827238349316758e+00
2.392000000000000000e+03,1.258600096185022776e+00
2.393000000000000000e+03,1.327541334429118924e+00
2.394000000000000000e+03,9.121003949216339723e-01
2.395000000000000000e+03,9.357495696217480452e-01
2.396000000000000000e+03,1.126384960435981242e+00
2.397000000000000000e+03,1.034411547437791734e+00
2.398000000000000000e+03,9.182069461256213705e-01
2.399000000000000000e+03,1.075056835992679982e+00
2.400000000000000000e+03,1.068973992667916262e+00
2.401000000000000000e+03,1.097221564901438295e+00
2.402000000000000000e+03,1.028532402059295192e+00
2.403000000000000000e+03,9.341797892204461995e-01
2.404000000000000000e+03,1.028245916012096473e+00
2.405000000000000000e+03,1.067060155894709261e+00
2.406000000000000000e+03,9.685087610734114394e-01
2.407000000000000000e+03,8.416629239033199816e-01
2.408000000000000000e+03,9.314868449914784909e-01
2.409000000000000000e+03,1.000451862372776946e+00
2.410000000000000000e+03,1.022056073761218320e+00
2.411000000000000000e+03,8.933520432595024596e-01
2.412000000000000000e+03,8.712234065575097386e-01
2.413000000000000000e+03,1.028982040130842046e+00
2.414000000000000000e+03,1.015396902687279557e+00
2.415000000000000000e+03,9.561163955364707645e-01
2.416000000000000000e+03,8.564942289306757273e-01
2.417000000000000000e+03,1.006934273144297398e+00
2.418000000000000000e+03,1.096609818903129252e+00
2.419000000000000000e+03,9.547399509461139688e-01
2.420000000000000000e+03,9.009318164155969422e-01
2.421000000000000000e+03,9.634150254410711600e-01
2.422000000000000000e+03,9.662195617559276029e-01
2.423000000000000000e+03,9.917937074559678434e-01
2.424000000000000000e+03,7.045379979144802407e-01
2.425000000000000000e+03,8.211631762397474388e-01
2.426000000000000000e+03,9.090777912953659223e-01
2.427000000000000000e+03,9.550776005538909041e-01
2.428000000000000000e+03,8.842178753465392838e-01
2.429000000000000000e+03,9.049555655251743103e-01
2.430000000000000000e+03,9.049911436442971135e-01
2.431000000000000000e+03,9.961745544885395320e-01
2.432000000000000000e+03,1.020008177393902482e+00
2.433000000000000000e+03,7.812489677559601997e-01
2.434000000000000000e+03,7.847031305546572355e-01
2.435000000000000000e+03,8.099548537554421834e-01
2.436000000000000000e+03,8.689624344144677437e-01
2.437000000000000000e+03,5.762180613187546374e-01
2.438000000000000000e+03,6.674158119252742161e-01
2.439000000000000000e+03,8.391625821219277359e-01
2.440000000000000000e+03,8.701094210960003128e-01
2.441000000000000000e+03,6.772671245600068168e-01
2.442000000000000000e+03,4.293637839564134473e-01
2.443000000000000000e+03,7.445036171356236299e-01
2.444000000000000000e+03,8.593545116366145820e-01
2.445000000000000000e+03,6.269518798877702359e-01
2.446000000000000000e+03,5.457231508201603187e-01
2.447000000000000000e+03,5.402982806889999878e-01
2.448000000000000000e+03,6.765488227237903551e-01
2.449000000000000000e+03,8.379737230376331780e-01
2.450000000000000000e+03,6.529445936931379535e-01
2.451000000000000000e+03,3.235901731756485322e-01
2.452000000000000000e+03,6.602111714865590564e-01
2.453000000000000000e+03,7.895101978007414978e-01
2.454000000000000000e+03,3.774796668279961076e-01
2.455000000000000000e+03,5.500380989292215084e-01
2.456000000000000000e+03,3.417983320479575093e-01
2.457000000000000000e+03,8.246447294926946281e-01
2.458000000000000000e+03,6.814880695320009174e-01
2.459000000000000000e+03,5.867206557035100634e-01
2.460000000000000000e+03,6.703815124750627241e-01
2.461000000000000000e+03,7.810366984164500703e-01
2.462000000000000000e+03,8.951293931129626902e-01
2.463000000000000000e+03,5.596723696970915540e-01
2.464000000000000000e+03,6.980944191762066264e-01
2.465000000000000000e+03,8.759298618421358373e-01
2.466000000000000000e+03,9.102520219485303876e-01
2.467000000000000000e+03,8.519339836115418230e-01
2.468000000000000000e+03,5.076828264363456578e-01
2.469000000000000000e+03,8.524897347586493090e-01
2.470000000000000000e+03,9.674343440117043613e-01
2.471000000000000000e+03,8.708327072037975736e-01
2.472000000000000000e+03,7.671145499409204316e-01
2.473000000000000000e+03,8.907304680460792490e-01
2.474000000000000000e+03,1.069659163685455772e+00
2.475000000000000000e+03,9.856637543962037951e-01
2.476000000000000000e+03,9.297235903212643926e-01
2.477000000000000000e+03,7.919062258326183823e-01
2.478000000000000000e+03,1.007937947648574584e+00
2.479000000000000000e+03,1.040007174332608475e+00
2.480000000000000000e+03,8.308695328362259991e-01
2.481000000000000000e+03,8.487778279464698317e-01
2.482000000000000000e+03,9.164063167174574254e-01
2.483000000000000000e+03,1.007672466821554202e+00
2.484000000000000000e+03,9.936443348955911192e-01
2.485000000000000000e+03,6.954641914080396115e-01
2.486000000000000000e+03,9.123102214708295188e-01
2.487000000000000000e+03,1.016592500195798499e+00
2.488000000000000000e+03,1.238112785403312710e+00
2.489000000000000000e+03,8.736527690852532446e-01
2.490000000000000000e+03,8.468224897653146011e-01
2.491000000000000000e+03,8.692089162475012953e-01
2.492000000000000000e+03,1.099036086772248177e+00
2.493000000000000000e+03,8.608864478472997295e-01
2.494000000000000000e+03,7.923328543140895075e-01
2.495000000000000000e+03,9.020824710823466264e-01
2.496000000000000000e+03,9.403939802946532645e-01
2.497000000000000000e+03,9.161472015181473250e-01
2.498000000000000000e+03,8.649803458022954361e-01
2.499000000000000000e+03,8.598289816393668294e-01
2.500000000000000000e+03,1.157527516538268131e+00
2.501000000000000000e+03,9.458115118635755936e-01
2.502000000000000000e+03,8.107063761425850057e-01
2.503000000000000000e+03,8.621582201953637004e-01
2.504000000000000000e+03,1.037245139719080278e+00
2.505000000000000000e+03,1.122227777739698507e+00
2.506000000000000000e+03,9.015369636131927988e-01
2.507000000000000000e+03,8.119331347085609885e-01
2.508000000000000000e+03,7.692697245630069069e-01
2.509000000000000000e+03,9.843827655857970704e-01
2.510000000000000000e+03,9.046780050336625800e-01
2.511000000000000000e+03,8.274911474323568550e-01
2.512000000000000000e+03,8.768586100450280751e-01
2.513000000000000000e+03,1.063992765282776309e+00
2.514000000000000000e+03,1.045638249397775388e+00
2.515000000000000000e+03,7.804693375761486696e-01
2.516000000000000000e+03,8.516736273805110002e-01
2.517000000000000000e+03,8.767827117653932412e-01
2.518000000000000000e+03,1.161242810020531424e+00
2.519000000000000000e+03,8.303622297310320199e-01
2.520000000000000000e+03,6.412579850819793981e-01
2.521000000000000000e+03,6.606074757263975528e-01
2.522000000000000000e+03,9.162091714921740682e-01
2.523000000000000000e+03,8.327105576845539314e-01
2.524000000000000000e+03,6.508662869444323817e-01
2.525000000000000000e+03,7.132926694328525219e-01
2.526000000000000000e+03,8.674713530781077431e-01
2.527000000000000000e+03,7.690093404138695909e-01
2.528000000000000000e+03,6.521370917312869775e-01
2.529000000000000000e+03,7.366964448277144584e-01
2.530000000000000000e+03,5.854104751019754138e-01
2.531000000000000000e+03,8.372813131940934905e-01
2.532000000000000000e+03,8.496886261527956119e-01
2.533000000000000000e+03,8.710100105407714288e-01
2.534000000000000000e+03,7.889246904934286153e-01
2.535000000000000000e+03,8.567160479630857584e-01
2.536000000000000000e+03,7.868741800428240563e-01
2.537000000000000000e+03,7.718529924340787884e-01
2.538000000000000000e+03,6.382357865421581788e-01
2.539000000000000000e+03,8.079200861022722835e-01
2.540000000000000000e+03,7.959865559160385073e-01
2.541000000000000000e+03,9.479765031990261548e-01
2.542000000000000000e+03,5.186840459945749604e-01
2.543000000000000000e+03,7.973718511755220062e-01
2.544000000000000000e+03,8.504601470758331727e-01
2.545000000000000000e+03,6.910597441551493691e-01
2.546000000000000000e+03,5.115706738206737825e-01
2.547000000000000000e+03,7.242248279894603069e-01
2.548000000000000000e+03,8.962690721657307069e-01
2.549000000000000000e+03,1.014237631097937964e+00
2.550000000000000000e+03,7.979183534121361276e-01
2.551000000000000000e+03,8.397286628640322492e-01
2.552000000000000000e+03,9.628347370384597870e-01
2.553000000000000000e+03,1.047611472377792063e+00
2.554000000000000000e+03,8.835571622501173783e-01
2.555000000000000000e+03,8.742972237035749883e-01
2.556000000000000000e+03,9.003176643567486481e-01
2.557000000000000000e+03,9.673042145090885446e-01
2.558000000000000000e+03,9.108674938219244455e-01
2.559000000000000000e+03,6.893939389817613783e-01
2.560000000000000000e+03,8.313176866987735947e-01
2.561000000000000000e+03,1.018284292439956218e+00
2.562000000000000000e+03,1.032721747698633674e+00
2.563000000000000000e+03,7.983183209842553696e-01
2.564000000000000000e+03,7.513502284901915074e-01
2.565000000000000000e+03,9.941285027676164399e-01
2.566000000000000000e+03,9.897252301378884898e-01
2.567000000000000000e+03,1.067660381485351584e+00
2.568000000000000000e+03,9.631997535271811239e-01
2.569000000000000000e+03,1.171276455803429872e+00
2.570000000000000000e+03,1.265493453392151135e+00
2.571000000000000000e+03,1.190850273614736166e+00
2.572000000000000000e+03,1.058896577512114412e+00
2.573000000000000000e+03,1.115891104143521551e+00
2.574000000000000000e+03,1.140721457505156078e+00
2.575000000000000000e+03,1.157229580597953111e+00
2.576000000000000000e+03,9.441556541305679007e-01
2.577000000000000000e+03,1.046773879728164491e+00
2.578000000000000000e+03,1.124432897044910673e+00
2.579000000000000000e+03,1.061362545053725848e+00
2.580000000000000000e+03,1.207679826399248313e+00
2.581000000000000000e+03,1.072237463693892501e+00
2.582000000000000000e+03,1.025414694804914983e+00
2.583000000000000000e+03,1.188585043078375536e+00
2.584000000000000000e+03,1.181165868893092386e+00
2.585000000000000000e+03,1.040448867398747090e+00
2.586000000000000000e+03,1.104360279996399408e+00
2.587000000000000000e+03,1.253594268716461624e+00
2.588000000000000000e+03,1.220707288995979134e+00
2.589000000000000000e+03,1.057123468936587818e+00
2.590000000000000000e+03,9.644131208164462565e-01
2.591000000000000000e+03,1.119444633113775955e+00
2.592000000000000000e+03,1.271845420884592848e+00
2.593000000000000000e+03,1.095483834973268955e+00
2.594000000000000000e+03,1.032780223837080458e+00
2.595000000000000000e+03,1.083666447105618102e+00
2.596000000000000000e+03,1.266811897987006219e+00
2.597000000000000000e+03,1.010481669508705993e+00
2.598000000000000000e+03,7.390267826858428757e-01
2.599000000000000000e+03,7.274741372017845542e-01
2.600000000000000000e+03,8.641727579236559986e-01
2.601000000000000000e+03,7.291159064910300858e-01
2.602000000000000000e+03,7.423122004805944307e-01
2.603000000000000000e+03,6.344198367968294505e-01
2.604000000000000000e+03,7.506671797642666677e-01
2.605000000000000000e+03,9.990137743130890202e-01
2.606000000000000000e+03,7.987227583455183133e-01
2.607000000000000000e+03,4.655578602338005245e-01
2.608000000000000000e+03,8.401983242534586394e-01
2.609000000000000000e+03,8.339349893342002940e-01
2.610000000000000000e+03,8.339474490887991420e-01
2.611000000000000000e+03,6.713511105574778703e-01
2.612000000000000000e+03,7.009463954672986441e-01
2.613000000000000000e+03,8.431183364394184698e-01
2.614000000000000000e+03,8.914864787004935787e-01
2.615000000000000000e+03,7.207284179160634574e-01
2.616000000000000000e+03,6.142888888913499157e-01
2.617000000000000000e+03,7.192885684533698587e-01
2.618000000000000000e+03,8.823739928466688420e-01
2.619000000000000000e+03,7.580042888379818766e-01
2.620000000000000000e+03,6.937156915325871642e-01
2.621000000000000000e+03,8.117755855842730961e-01
2.622000000000000000e+03,8.327113676233387496e-01
2.623000000000000000e+03,7.420315111173634293e-01
2.624000000000000000e+03,7.193635504711526352e-01
2.625000000000000000e+03,6.485739656787682383e-01
2.626000000000000000e+03,7.529268143936722613e-01
2.627000000000000000e+03,8.927281040982978366e-01
2.628000000000000000e+03,6.536553847838307840e-01
2.629000000000000000e+03,8.209283457105472914e-01
2.630000000000000000e+03,9.857954770479340212e-01
2.631000000000000000e+03,8.354498990197273267e-01
2.632000000000000000e+03,9.574401917259056649e-01
2.633000000000000000e+03,8.308357510939995416e-01
2.634000000000000000e+03,8.025195388419190667e-01
2.635000000000000000e+03,9.194813732151962959e-01
2.636000000000000000e+03,8.991619471196097280e-01
2.637000000000000000e+03,7.364107273368654116e-01
2.638000000000000000e+03,8.350203984047421812e-01
2.639000000000000000e+03,9.004119545649427181e-01
2.640000000000000000e+03,9.353445340634306548e-01
2.641000000000000000e+03,8.280258448146603500e-01
2.642000000000000000e+03,7.855549147459452985e-01
2.643000000000000000e+03,1.047014294682524715e+00
2.644000000000000000e+03,9.871149907609203522e-01
2.645000000000000000e+03,8.556635810290880162e-01
2.646000000000000000e+03,7.533842200216778195e-01
2.647000000000000000e+03,9.138705769776740429e-01
2.648000000000000000e+03,9.596981880505588425e-01
2.649000000000000000e+03,8.797871433042697698e-01
2.650000000000000000e+03,8.455604001794293501e-01
2.651000000000000000e+03,8.387353405229283076e-01
2.652000000000000000e+03,8.832362557018493820e-01
2.653000000000000000e+03,1.028216730677550483e+00
2.654000000000000000e+03,9.009906622836505452e-01
2.655000000000000000e+03,8.704935889128945226e-01
2.656000000000000000e+03,9.276363235046058975e-01
2.657000000000000000e+03,1.064994111519381725e+00
2.658000000000000000e+03,9.846415081133903513e-01
2.659000000000000000e+03,8.672845266618857130e-01
2.660000000000000000e+03,9.139392507209714855e-01
2.661000000000000000e+03,1.041055536364906775e+00
2.662000000000000000e+03,9.874619929807459950e-01
2.663000000000000000e+03,9.653355364791259552e-01
2.664000000000000000e+03,8.890857282626921654e-01
2.665000000000000000e+03,1.039331597168009491e+00
2.666000000000000000e+03,1.091002064351392686e+00
2.667000000000000000e+03,9.664079663751565796e-01
2.668000000000000000e+03,9.566014386577058604e-01
2.669000000000000000e+03,1.138671360199012383e+00
2.670000000000000000e+03,1.083642867014020350e+00
2.671000000000000000e+03,9.573847437201624677e-01
2.672000000000000000e+03,8.166981023585072608e-01
2.673000000000000000e+03,9.584812852231767710e-01
2.674000000000000000e+03,1.050050660585493789e+00
2.675000000000000000e+03,1.139721720592370868e+00
2.676000000000000000e+03,9.836258491024945094e-01
2.677000000000000000e+03,8.770923265014012316e-01
2.678000000000000000e+03,8.609720154066927700e-01
2.679000000000000000e+03,1.256669691964586999e+00
2.680000000000000000e+03,9.497492447445579078e-01
2.681000000000000000e+03,1.050478383229798141e+00
2.682000000000000000e+03,1.075193081779507231e+00
2.683000000000000000e+03,1.243242534638996144e+00
2.684000000000000000e+03,1.283732730930881694e+00
2.685000000000000000e+03,1.012601484836104238e+00
2.686000000000000000e+03,1.196416947503537109e+00
2.687000000000000000e+03,1.088019286306492583e+00
2.688000000000000000e+03,1.355113929250514770e+00
2.689000000000000000e+03,1.207188539104687264e+00
2.690000000000000000e+03,1.069261214821343398e+00
2.691000000000000000e+03,1.192801693820388031e+00
2.692000000000000000e+03,1.322465410723104196e+00
2.693000000000000000e+03,1.257597391929108355e+00
2.694000000000000000e+03,1.105901716699768444e+00
2.695000000000000000e+03,1.186850915704636522e+00
2.696000000000000000e+03,1.269254452635062425e+00
2.697000000000000000e+03,1.316437617958432948e+00
2.698000000000000000e+03,1.071338773835204927e+00
2.699000000000000000e+03,1.068800040029896259e+00
2.700000000000000000e+03,1.204049255326808066e+00
2.701000000000000000e+03,1.351812640615492889e+00
2.702000000000000000e+03,1.200918958673224068e+00
2.703000000000000000e+03,1.003415937827192073e+00
2.704000000000000000e+03,1.290084035392808692e+00
2.705000000000000000e+03,1.268751009976814004e+00
2.706000000000000000e+03,1.218596822556115233e+00
2.707000000000000000e+03,1.206503637088699676e+00
2.708000000000000000e+03,1.140148697703841307e+00
2.709000000000000000e+03,1.249946914317283664e+00
2.710000000000000000e+03,1.353228632934067033e+00
2.711000000000000000e+03,7.222789868450150141e-01
2.712000000000000000e+03,8.230774859001330768e-01
2.713000000000000000e+03,9.453752063305342901e-01
2.714000000000000000e+03,1.083910970445419730e+00
2.715000000000000000e+03,6.325032251874681544e-01
2.716000000000000000e+03,5.728289563502882986e-01
2.717000000000000000e+03,6.327467484057441860e-01
2.718000000000000000e+03,7.870820397882648534e-01
2.719000000000000000e+03,6.633181928062068522e-01
2.720000000000000000e+03,5.979954772620408310e-01
2.721000000000000000e+03,6.423653533419664274e-01
2.722000000000000000e+03,8.260151332650711442e-01
2.723000000000000000e+03,8.419792328596538145e-01
2.724000000000000000e+03,6.962584858998993598e-01
2.725000000000000000e+03,5.761279697224983565e-01
2.726000000000000000e+03,7.682397687841802103e-01
2.727000000000000000e+03,8.388478710448459275e-01
2.728000000000000000e+03,6.373603351747788581e-01
2.729000000000000000e+03,5.325193582883162025e-01
2.730000000000000000e+03,6.187671705426419644e-01
2.731000000000000000e+03,8.844674662140084020e-01
2.732000000000000000e+03,7.394352728474193892e-01
2.733000000000000000e+03,6.130515426941706147e-01
2.734000000000000000e+03,7.220839736982774815e-01
2.735000000000000000e+03,8.180716222814279348e-01
2.736000000000000000e+03,7.017958095261384033e-01
2.737000000000000000e+03,5.540095068114657684e-01
2.738000000000000000e+03,7.493492966316106507e-01
2.739000000000000000e+03,7.246452777075337304e-01
2.740000000000000000e+03,7.472386065380017817e-01
2.741000000000000000e+03,9.128422666751001557e-01
2.742000000000000000e+03,8.493013201942011259e-01
2.743000000000000000e+03,9.419436566702457103e-01
2.744000000000000000e+03,9.001217470627119743e-01
2.745000000000000000e+03,7.093266739232193530e-01
2.746000000000000000e+03,6.437521961108023660e-01
2.747000000000000000e+03,6.269811622037241294e-01
2.748000000000000000e+03,8.378199136126235347e-01
2.749000000000000000e+03,8.850774196451191012e-01
2.750000000000000000e+03,7.015536258730171726e-01
2.751000000000000000e+03,7.424306180775716024e-01
2.752000000000000000e+03,1.053356304442857549e+00
2.753000000000000000e+03,8.894168044970277576e-01
2.754000000000000000e+03,7.204054243691392356e-01
2.755000000000000000e+03,4.222466505847726204e-01
2.756000000000000000e+03,5.557535722335738004e-01
2.757000000000000000e+03,6.167272206046336969e-01
2.758000000000000000e+03,6.223028811269371019e-01
2.759000000000000000e+03,4.902698025285443517e-01
2.760000000000000000e+03,5.116621100236746766e-01
2.761000000000000000e+03,6.495528651223839711e-01
2.762000000000000000e+03,6.427480614769340850e-01
2.763000000000000000e+03,5.390386430950102614e-01
2.764000000000000000e+03,2.288708287710867761e-01
2.765000000000000000e+03,6.335500519626579008e-01
2.766000000000000000e+03,5.803428123404967831e-01
2.767000000000000000e+03,5.386861951996081421e-01
2.768000000000000000e+03,5.124031495192321595e-01
2.769000000000000000e+03,5.241478433828585803e-01
2.770000000000000000e+03,6.632569967217258888e-01
2.771000000000000000e+03,5.655033970982299429e-01
2.772000000000000000e+03,5.010420432414081082e-01
2.773000000000000000e+03,5.383175345949693380e-01
2.774000000000000000e+03,8.206353544671379785e-01
2.775000000000000000e+03,8.404410571550641196e-01
2.776000000000000000e+03,6.690777365874849281e-01
2.777000000000000000e+03,7.060366151288596237e-01
2.778000000000000000e+03,7.210514320517378284e-01
2.779000000000000000e+03,9.530035657979575303e-01
2.780000000000000000e+03,6.349210844281539812e-01
2.781000000000000000e+03,6.902731863327031814e-01
2.782000000000000000e+03,6.872157236853331241e-01
2.783000000000000000e+03,9.144206265286722868e-01
2.784000000000000000e+03,1.039488104988983252e+00
2.785000000000000000e+03,8.581179405748060596e-01
2.786000000000000000e+03,9.325518255213216534e-01
2.787000000000000000e+03,1.096034874603084130e+00
2.788000000000000000e+03,1.100136287598773688e+00
2.789000000000000000e+03,1.113330131898914388e+00
2.790000000000000000e+03,9.886342321125802801e-01
2.791000000000000000e+03,1.037435298557886965e+00
2.792000000000000000e+03,1.167554053766600708e+00
2.793000000000000000e+03,1.091894481835101960e+00
2.794000000000000000e+03,9.633133383329889332e-01
2.795000000000000000e+03,1.010331848593207793e+00
2.796000000000000000e+03,1.081517085910549181e+00
2.797000000000000000e+03,8.795783278446175357e-01
2.798000000000000000e+03,9.094374041179970058e-01
2.799000000000000000e+03,9.673047361474090833e-01
2.800000000000000000e+03,1.081721013653433205e+00
2.801000000000000000e+03,1.062201381496889363e+00
2.802000000000000000e+03,1.047690306469960086e+00
2.803000000000000000e+03,9.083566450363017575e-01
2.804000000000000000e+03,1.010317590919942221e+00
2.805000000000000000e+03,1.077782875507682592e+00
2.806000000000000000e+03,9.811380321504754587e-01
2.807000000000000000e+03,9.374853933153268759e-01
2.808000000000000000e+03,9.835118800502675729e-01
2.809000000000000000e+03,1.122090604272779402e+00
2.810000000000000000e+03,1.104792975591966098e+00
2.811000000000000000e+03,9.448247446358791768e-01
2.812000000000000000e+03,9.780927288096442629e-01
2.813000000000000000e+03,8.063340569557614357e-01
2.814000000000000000e+03,1.009612691482351554e+00
2.815000000000000000e+03,8.830501889217546863e-01
2.816000000000000000e+03,8.278810024345902852e-01
2.817000000000000000e+03,8.666681837845853220e-01
2.818000000000000000e+03,9.163219216918986332e-01
2.819000000000000000e+03,9.110104625739280371e-01
