0.000000000000000000e+00,-2.885487519654564292e-01
1.000000000000000000e+00,9.998334861995221423e-02
2.000000000000000000e+00,3.510964293637575118e-02
3.000000000000000000e+00,-7.413390541820802371e-02
4.000000000000000000e+00,-8.969066447806789411e-02
5.000000000000000000e+00,-9.930140526323752437e-02
6.000000000000000000e+00,9.565371821780718764e-02
7.000000000000000000e+00,6.232573052686564419e-02
8.000000000000000000e+00,2.726944099784875952e-01
9.000000000000000000e+00,-9.896623840665937089e-02
1.000000000000000000e+01,-2.309734961276248971e-02
1.100000000000000000e+01,1.052435104356425066e-01
1.200000000000000000e+01,9.478937978710599843e-02
1.300000000000000000e+01,-3.402916180499807042e-01
1.400000000000000000e+01,-8.720586895905910185e-02
1.500000000000000000e+01,-4.068456523035849509e-02
1.600000000000000000e+01,7.159349341511223042e-02
1.700000000000000000e+01,1.077368099167474724e-01
1.800000000000000000e+01,2.206923571068714757e-02
1.900000000000000000e+01,-7.714675565932288537e-02
2.000000000000000000e+01,-6.452686633776610892e-02
2.100000000000000000e+01,4.398050725510004727e-02
2.200000000000000000e+01,1.112490746672699371e-01
2.300000000000000000e+01,5.226812365109183983e-02
2.400000000000000000e+01,-5.842511618057297240e-02
2.500000000000000000e+01,-8.094196396089356482e-02
2.600000000000000000e+01,1.317326683677225163e-02
2.700000000000000000e+01,2.529352483257553685e-01
2.800000000000000000e+01,1.265045405707501680e-01
2.900000000000000000e+01,3.233534146638572526e-03
3.000000000000000000e+01,-5.221594479071814399e-02
3.100000000000000000e+01,7.797319139218111816e-02
3.200000000000000000e+01,1.256572111826771421e-01
3.300000000000000000e+01,1.341924861012751546e-01
3.400000000000000000e+01,3.311385212339672257e-02
3.500000000000000000e+01,-4.984047663337040635e-02
3.600000000000000000e+01,-9.836892989177475899e-03
3.700000000000000000e+01,1.025700384371946994e-01
3.800000000000000000e+01,1.453259574929832154e-01
3.900000000000000000e+01,6.439803322067971791e-02
4.000000000000000000e+01,-7.521040444711180051e-02
4.100000000000000000e+01,-2.070816857467307481e-01
4.200000000000000000e+01,6.273943494351755246e-02
4.300000000000000000e+01,1.355307508813114459e-01
4.400000000000000000e+01,8.267532540035968380e-02
4.500000000000000000e+01,-2.903075026170175155e-02
4.600000000000000000e+01,1.228055683089164657e-01
4.700000000000000000e+01,4.528880448484543519e-01
4.800000000000000000e+01,6.098466818673402567e-01
4.900000000000000000e+01,9.071825047985717649e-01
5.000000000000000000e+01,4.800990610535650349e-01
5.100000000000000000e+01,4.186187204705086318e-01
5.200000000000000000e+01,4.551670374607566516e-01
5.300000000000000000e+01,8.017855502979147619e-01
5.400000000000000000e+01,8.311235332170421319e-01
5.500000000000000000e+01,5.105028351542129084e-01
5.600000000000000000e+01,4.229483508726538110e-01
5.700000000000000000e+01,4.562763385635951741e-01
5.800000000000000000e+01,6.922040085897314121e-01
5.900000000000000000e+01,5.814612183141598667e-01
6.000000000000000000e+01,5.055923295202632284e-01
6.100000000000000000e+01,4.005341444896406422e-01
6.200000000000000000e+01,3.990540385430138004e-01
6.300000000000000000e+01,5.030224968945792297e-01
6.400000000000000000e+01,5.810492872891785954e-01
6.500000000000000000e+01,5.345279835604779262e-01
6.600000000000000000e+01,4.222499249150080680e-01
6.700000000000000000e+01,1.482485433523459128e-01
6.800000000000000000e+01,3.880381716308098916e-01
6.900000000000000000e+01,4.872541630008202507e-01
7.000000000000000000e+01,4.746342736792639183e-01
7.100000000000000000e+01,3.661269000863974776e-01
7.200000000000000000e+01,2.988583326742273449e-01
7.300000000000000000e+01,3.578392836904046304e-01
7.400000000000000000e+01,4.685325235220698659e-01
7.500000000000000000e+01,3.540506083410062121e-01
7.600000000000000000e+01,5.277547862528183531e-01
7.700000000000000000e+01,7.044689072835983445e-01
7.800000000000000000e+01,1.611959568451484248e-01
7.900000000000000000e+01,2.725310195785927148e-01
8.000000000000000000e+01,3.279804985159492370e-01
8.100000000000000000e+01,2.574700650433315863e-01
8.200000000000000000e+01,1.501073425425539232e-01
8.300000000000000000e+01,-3.563422613010952533e-02
8.400000000000000000e+01,2.426507016018338292e-01
8.500000000000000000e+01,3.256050303586015549e-01
8.600000000000000000e+01,2.856014467144085134e-01
8.700000000000000000e+01,1.731945152880357552e-01
8.800000000000000000e+01,1.304385962322478221e-01
8.900000000000000000e+01,4.475083157211693918e-01
9.000000000000000000e+01,5.498473466218405381e-01
9.100000000000000000e+01,4.206875069361091235e-01
9.200000000000000000e+01,4.378184755757121849e-01
9.300000000000000000e+01,3.650271596379183747e-01
9.400000000000000000e+01,4.178825851188708862e-01
9.500000000000000000e+01,5.295886607809311419e-01
9.600000000000000000e+01,5.589767335704936002e-01
9.700000000000000000e+01,4.047359283920555217e-01
9.800000000000000000e+01,4.569422195480123960e-01
9.900000000000000000e+01,4.765512889261328544e-01
1.000000000000000000e+02,4.136255885165964763e-01
1.010000000000000000e+02,6.481701809448437990e-01
1.020000000000000000e+02,5.832964752612685988e-01
1.030000000000000000e+02,6.938196753349364920e-01
1.040000000000000000e+02,1.019366433813723161e+00
1.050000000000000000e+02,1.086596760450046384e+00
1.060000000000000000e+02,5.515622618626769835e-01
1.070000000000000000e+02,5.182342741717373968e-01
1.080000000000000000e+02,4.061420887689607406e-01
1.090000000000000000e+02,3.569423052382105221e-01
1.100000000000000000e+02,4.328111940321066609e-01
1.110000000000000000e+02,5.378693790627279148e-01
1.120000000000000000e+02,5.393494850093585313e-01
1.130000000000000000e+02,4.353810266577932131e-01
1.140000000000000000e+02,4.383621309871489347e-01
1.150000000000000000e+02,3.264677013966936214e-01
1.160000000000000000e+02,5.161535986373619878e-01
1.170000000000000000e+02,5.522969151389987008e-01
1.180000000000000000e+02,7.505922192699538975e-01
1.190000000000000000e+02,2.204265773001154449e-01
1.200000000000000000e+02,1.438914436678650488e-01
1.210000000000000000e+02,2.523988172607309899e-01
1.220000000000000000e+02,3.196673846729028989e-01
1.230000000000000000e+02,2.606864336567262797e-01
1.240000000000000000e+02,1.499931938250609331e-01
1.250000000000000000e+02,1.274763460447380925e-01
1.260000000000000000e+02,2.215915768424020216e-01
1.270000000000000000e+02,3.134006790991367142e-01
1.280000000000000000e+02,2.868798177027568341e-01
1.290000000000000000e+02,1.755447549693128773e-01
1.300000000000000000e+02,1.200952760319543844e-01
1.310000000000000000e+02,1.906057095045715910e-01
1.320000000000000000e+02,1.615975335960591897e-01
1.330000000000000000e+02,8.673695849569679206e-02
1.340000000000000000e+02,3.280857757557557597e-01
1.350000000000000000e+02,-9.729600423894960159e-02
1.360000000000000000e+02,-5.729242059475866955e-02
1.370000000000000000e+02,5.511451083161408859e-02
1.380000000000000000e+02,3.642244489031544186e-01
1.390000000000000000e+02,1.694250561510334332e-02
1.400000000000000000e+02,-1.377247624766560485e-01
1.410000000000000000e+02,-7.981562095825478487e-02
1.420000000000000000e+02,-2.019178840178433854e-01
1.430000000000000000e+02,2.005216438876764873e-01
1.440000000000000000e+02,4.656823621740026342e-02
1.450000000000000000e+02,1.364356344846961999e-01
1.460000000000000000e+02,-9.452591223422536493e-02
1.470000000000000000e+02,-4.456778872010836584e-03
1.480000000000000000e+02,9.124461277687836991e-02
1.490000000000000000e+02,7.163554339876018751e-02
1.500000000000000000e+02,-3.850300803689402779e-02
1.510000000000000000e+02,-1.987708955335507621e-01
1.520000000000000000e+02,-8.990836338150455520e-02
1.530000000000000000e+02,1.638963454993930535e-01
1.540000000000000000e+02,1.794531045592575591e-01
1.550000000000000000e+02,8.166320614494400332e-02
1.560000000000000000e+02,-1.155857219239213446e-01
1.570000000000000000e+02,2.743670955432021136e-02
1.580000000000000000e+02,1.395288949570967496e-01
1.590000000000000000e+02,1.887286784878475787e-01
1.600000000000000000e+02,1.128597896939519674e-01
1.610000000000000000e+02,7.801604663330505285e-03
1.620000000000000000e+02,6.321498716699167075e-03
1.630000000000000000e+02,1.102899570682642216e-01
1.640000000000000000e+02,1.883167474628657245e-01
1.650000000000000000e+02,1.417954437341677199e-01
1.660000000000000000e+02,2.951738508869655025e-02
1.670000000000000000e+02,-6.625931412940835874e-03
1.680000000000000000e+02,7.904164279311573504e-02
1.690000000000000000e+02,1.782576341631281758e-01
1.700000000000000000e+02,1.656377448415755071e-01
1.710000000000000000e+02,5.713037124870973954e-02
1.720000000000000000e+02,-9.896795388015418304e-02
1.730000000000000000e+02,4.884275485271333955e-02
1.740000000000000000e+02,3.061248921156043412e-01
1.750000000000000000e+02,1.152960206150163980e-01
1.760000000000000000e+02,1.004053738638912979e-01
1.770000000000000000e+02,-3.871490589696338636e-03
1.780000000000000000e+02,2.264937080668294467e-02
1.790000000000000000e+02,1.339844335401267905e-01
1.800000000000000000e+02,1.894339124774858663e-01
1.810000000000000000e+02,1.189234790048691592e-01
1.820000000000000000e+02,-9.918040418179659146e-02
1.830000000000000000e+02,-1.358479505599557990e-03
1.840000000000000000e+02,9.972015447227730589e-02
1.850000000000000000e+02,1.826744832290470022e-01
1.860000000000000000e+02,1.426708995848566808e-01
1.870000000000000000e+02,3.026396815848394345e-02
1.880000000000000000e+02,-1.249195089730639752e-02
1.890000000000000000e+02,6.843597337499361666e-02
1.900000000000000000e+02,1.707750042756666364e-01
1.910000000000000000e+02,1.651940999483526573e-01
1.920000000000000000e+02,5.874613322954283512e-02
1.930000000000000000e+02,-1.404518270825316772e-02
1.940000000000000000e+02,3.881024277269675554e-02
1.950000000000000000e+02,1.505163184347584338e-01
1.960000000000000000e+02,1.799043912243231125e-01
1.970000000000000000e+02,8.983525786210896924e-02
1.980000000000000000e+02,-5.866133786780580728e-03
1.990000000000000000e+02,1.374293559133694942e-02
2.000000000000000000e+02,1.238814870269910329e-01
2.010000000000000000e+02,1.853618276100498230e-01
2.020000000000000000e+02,1.204881219264756220e-01
2.030000000000000000e+02,1.124457357189281859e-02
2.040000000000000000e+02,-4.312185487972353126e-03
2.050000000000000000e+02,9.347771292634088347e-02
2.060000000000000000e+02,1.810321972079036446e-01
2.070000000000000000e+02,1.477042095169657232e-01
2.080000000000000000e+02,4.449663797565711620e-02
2.090000000000000000e+02,-4.703145555094326996e-03
2.100000000000000000e+02,7.116574323879805430e-02
2.110000000000000000e+02,1.762239282694225140e-01
2.120000000000000000e+02,-1.687824283971567363e-01
2.130000000000000000e+02,-1.164290312560783969e-02
2.140000000000000000e+02,1.462167182342257177e-01
2.150000000000000000e+02,-1.614540462125498843e-01
2.160000000000000000e+02,6.912966885396105987e-02
2.170000000000000000e+02,1.052729853555968154e-01
2.180000000000000000e+02,1.960541114953501252e-02
2.190000000000000000e+02,-7.961058022047340366e-02
2.200000000000000000e+02,-6.699069089891637740e-02
2.210000000000000000e+02,4.151668269394820365e-02
2.220000000000000000e+02,1.087852501061185168e-01
2.230000000000000000e+02,4.980429908994041255e-02
2.240000000000000000e+02,-6.088894074172257476e-02
2.250000000000000000e+02,-8.340578852204454108e-02
2.260000000000000000e+02,1.070944227561930993e-02
2.270000000000000000e+02,3.124043523503391637e-02
2.280000000000000000e+02,7.599768313597120295e-02
2.290000000000000000e+02,-3.533737959747043633e-02
2.300000000000000000e+02,-9.078685853482985901e-02
2.310000000000000000e+02,-2.027642506221391527e-02
2.320000000000000000e+02,8.708629743856614869e-02
2.330000000000000000e+02,9.562157235716385595e-02
2.340000000000000000e+02,-5.457061620716928407e-03
2.350000000000000000e+02,-8.841139037748210749e-02
2.360000000000000000e+02,-4.840780673329174444e-02
2.370000000000000000e+02,-1.574568260726172675e-01
2.380000000000000000e+02,9.787042988740406180e-02
2.390000000000000000e+02,1.694250561509889896e-02
2.400000000000000000e+02,-8.539652528557026279e-02
2.410000000000000000e+02,-7.981562095825206482e-02
2.420000000000000000e+02,2.663234576055688307e-02
2.430000000000000000e+02,9.942366169835065159e-02
2.440000000000000000e+02,4.656823621739878544e-02
2.450000000000000000e+02,-6.513783944466043641e-02
2.460000000000000000e+02,-9.452591223422389388e-02
2.470000000000000000e+02,-4.456778872009172117e-03
2.480000000000000000e+02,3.765544024333168371e-01
2.490000000000000000e+02,7.163554339875902177e-02
2.500000000000000000e+02,-3.850300803689293838e-02
2.510000000000000000e+02,-9.998334861995222811e-02
2.520000000000000000e+02,-3.510964293637863082e-02
2.530000000000000000e+02,7.413390541820814861e-02
2.540000000000000000e+02,8.969066447806889331e-02
2.550000000000000000e+02,-8.099233936248425095e-03
2.560000000000000000e+02,-9.565371821780677131e-02
2.570000000000000000e+02,-6.232573052686864179e-02
2.580000000000000000e+02,4.976645487591026262e-02
2.590000000000000000e+02,9.896623840665981497e-02
2.600000000000000000e+02,2.309734961276241338e-02
2.610000000000000000e+02,-8.196083541785838256e-02
2.620000000000000000e+02,-8.344094136448627907e-02
2.630000000000000000e+02,2.052751698707792546e-02
2.640000000000000000e+02,9.855430738167758609e-02
2.650000000000000000e+02,5.203300365297836017e-02
2.660000000000000000e+02,-6.024505499249043633e-02
2.670000000000000000e+02,-9.638837149412832206e-02
2.680000000000000000e+02,-1.072079728807054204e-02
2.690000000000000000e+02,8.849519408194234105e-02
2.700000000000000000e+02,3.679457099919634655e-01
2.710000000000000000e+02,2.594383363990998559e-01
2.720000000000000000e+02,1.921697689869262260e-01
2.730000000000000000e+02,2.511507200031012910e-01
2.740000000000000000e+02,3.618439598347690245e-01
2.750000000000000000e+02,3.843608076150907271e-01
2.760000000000000000e+02,2.902455768174232453e-01
2.770000000000000000e+02,1.984364745606920777e-01
2.780000000000000000e+02,2.249573359570710696e-01
2.790000000000000000e+02,3.362923986905173024e-01
2.800000000000000000e+02,3.917418776278749903e-01
2.810000000000000000e+02,3.212314441552566180e-01
2.820000000000000000e+02,2.138687216544808423e-01
2.830000000000000000e+02,2.053334467358821080e-01
2.840000000000000000e+02,3.064120807137583613e-01
2.850000000000000000e+02,3.123417636688896604e-01
2.860000000000000000e+02,1.894624566483563421e-01
2.870000000000000000e+02,7.705552522198597099e-02
2.880000000000000000e+02,3.429960616619501246e-02
2.890000000000000000e+02,3.103635736340905060e-01
2.900000000000000000e+02,2.175665613391700448e-01
2.910000000000000000e+02,2.119856570118527073e-01
2.920000000000000000e+02,4.333411035544203482e-01
2.930000000000000000e+02,3.274637435524771489e-02
2.940000000000000000e+02,8.560179983619675692e-02
2.950000000000000000e+02,1.973078754982607597e-01
2.960000000000000000e+02,5.534037553443118540e-01
2.970000000000000000e+02,2.809442012700615887e-01
2.980000000000000000e+02,-2.829079551116552294e-01
2.990000000000000000e+02,-1.925508979989494496e-01
3.000000000000000000e+02,-1.213973611410833486e-01
3.010000000000000000e+02,-5.991702055802608506e-02
3.020000000000000000e+02,-1.247907262416018404e-01
3.030000000000000000e+02,-2.340342745961841997e-01
3.040000000000000000e+02,-2.353532534806146437e-02
3.050000000000000000e+02,2.291099998387702841e-01
3.060000000000000000e+02,1.618090573478122018e-01
3.070000000000000000e+02,6.756033001812816741e-02
3.080000000000000000e+02,1.638888425409915084e-02
3.090000000000000000e+02,1.622078689348404046e-01
3.100000000000000000e+02,2.380767577287341563e-01
3.110000000000000000e+02,3.431349427593596291e-01
3.120000000000000000e+02,3.446150487059880252e-01
3.130000000000000000e+02,2.406465903544253160e-01
3.140000000000000000e+02,1.626197999598218980e-01
3.150000000000000000e+02,2.173039619784515597e-01
3.160000000000000000e+02,4.813195315119704887e-01
3.170000000000000000e+02,2.156946572722229227e-01
3.180000000000000000e+02,4.317952738075465646e-01
3.190000000000000000e+02,3.325792824375375378e-01
3.200000000000000000e+02,3.451991717590932041e-01
3.210000000000000000e+02,4.537065453519574243e-01
3.220000000000000000e+02,5.209751127641288893e-01
3.230000000000000000e+02,4.619941617479518259e-01
3.240000000000000000e+02,3.513009219162886998e-01
3.250000000000000000e+02,3.287840741359653873e-01
3.260000000000000000e+02,4.228993049336284837e-01
3.270000000000000000e+02,5.147084071903639257e-01
3.280000000000000000e+02,4.881875457939824914e-01
3.290000000000000000e+02,7.143652690577397824e-01
3.300000000000000000e+02,3.371698628460578773e-01
3.310000000000000000e+02,3.919134375957953331e-01
3.320000000000000000e+02,4.992761600965758273e-01
3.330000000000000000e+02,4.945897662479250556e-01
3.340000000000000000e+02,1.806770927293098183e-01
3.350000000000000000e+02,9.772276397254374414e-02
3.360000000000000000e+02,1.377263476167328859e-01
3.370000000000000000e+02,2.501332790431079478e-01
3.380000000000000000e+02,2.643247841960141287e-01
3.390000000000000000e+02,1.694250561510006123e-02
3.400000000000000000e+02,-8.539652528556965216e-02
3.410000000000000000e+02,-7.981562095825277259e-02
3.420000000000000000e+02,2.663234576055574510e-02
3.430000000000000000e+02,9.942366169835051282e-02
3.440000000000000000e+02,4.656823621739983321e-02
3.450000000000000000e+02,-6.513783944465953435e-02
3.460000000000000000e+02,-9.452591223422428246e-02
3.470000000000000000e+02,1.171480085211729950e-03
3.480000000000000000e+02,9.124461277687972993e-02
3.490000000000000000e+02,7.163554339875984056e-02
3.500000000000000000e+02,-3.850300803689185591e-02
3.510000000000000000e+02,-9.998334861995224199e-02
3.520000000000000000e+02,-3.510964293637973410e-02
3.530000000000000000e+02,7.413390541820734370e-02
3.540000000000000000e+02,8.969066447806940678e-02
3.550000000000000000e+02,-8.099233936247254156e-03
3.560000000000000000e+02,-9.565371821780643824e-02
3.570000000000000000e+02,-6.232573052686956466e-02
3.580000000000000000e+02,4.976645487590924261e-02
3.590000000000000000e+02,9.896623840665999539e-02
3.600000000000000000e+02,2.309734961276355483e-02
3.610000000000000000e+02,-8.196083541785770255e-02
3.620000000000000000e+02,-8.344094136448693133e-02
3.630000000000000000e+02,2.052751698707677708e-02
3.640000000000000000e+02,9.855430738167739180e-02
3.650000000000000000e+02,5.203300365297935937e-02
3.660000000000000000e+02,-6.024505499248949264e-02
3.670000000000000000e+02,-2.580697183843784770e-01
3.680000000000000000e+02,-1.072079728807171124e-02
3.690000000000000000e+02,1.604363273018704072e-01
3.700000000000000000e+02,7.587530476038727156e-02
3.710000000000000000e+02,-3.263206883247597029e-02
3.720000000000000000e+02,-9.990063624465067571e-02
3.730000000000000000e+02,-4.091968522847674178e-02
3.740000000000000000e+02,6.977355460319123459e-02
3.750000000000000000e+02,9.229040238351420011e-02
3.760000000000000000e+02,-1.824828414152509506e-03
3.770000000000000000e+02,-9.363393067088444932e-02
3.780000000000000000e+02,-6.711306927450673421e-02
3.790000000000000000e+02,4.422199345893929046e-02
3.800000000000000000e+02,1.860425725967601029e-01
3.810000000000000000e+02,1.155321391241427437e-01
3.820000000000000000e+02,8.169416623366593244e-03
3.830000000000000000e+02,-3.658582952334593630e-04
3.840000000000000000e+02,1.007127756826422388e-01
3.850000000000000000e+02,1.836671044394109220e-01
3.860000000000000000e+02,1.436635207952207394e-01
3.870000000000000000e+02,3.125658936885035433e-02
3.880000000000000000e+02,3.222777872248093756e-01
3.890000000000000000e+02,3.092985723020525435e-01
3.900000000000000000e+02,4.116376032027267984e-01
3.910000000000000000e+02,4.060566988754108486e-01
3.920000000000000000e+02,2.996087321566035522e-01
3.930000000000000000e+02,2.268174162188052179e-01
3.940000000000000000e+02,2.796728416997530942e-01
3.950000000000000000e+02,3.913789173618172357e-01
3.960000000000000000e+02,4.207669901513813593e-01
3.970000000000000000e+02,3.306978567891640797e-01
3.980000000000000000e+02,2.349964651402776661e-01
3.990000000000000000e+02,2.084668701674206592e-01
4.000000000000000000e+02,6.810575532157578937e-01
4.010000000000000000e+02,4.262244265371082919e-01
4.020000000000000000e+02,3.613507208535335913e-01
4.030000000000000000e+02,2.521071724989509266e-01
4.040000000000000000e+02,2.365504134390875590e-01
4.050000000000000000e+02,3.343403118533997964e-01
4.060000000000000000e+02,4.218947961349613918e-01
4.070000000000000000e+02,3.885668084440238035e-01
4.080000000000000000e+02,2.764746230412497008e-01
4.090000000000000000e+02,3.071756873787686581e-01
4.100000000000000000e+02,2.167726281039271119e-01
4.110000000000000000e+02,3.218308131345529732e-01
4.120000000000000000e+02,3.233109190811828126e-01
4.130000000000000000e+02,2.193424607296205753e-01
4.140000000000000000e+02,1.413156703350162136e-01
4.150000000000000000e+02,4.177553780868795141e-02
4.160000000000000000e+02,2.146723627249543243e-01
4.170000000000000000e+02,3.362583492108235372e-01
4.180000000000000000e+02,7.062087702712940840e-02
4.190000000000000000e+02,-8.849519408194018999e-02
4.200000000000000000e+02,-7.587530476038950589e-02
4.210000000000000000e+02,3.263206883247809359e-02
4.220000000000000000e+02,9.990063624465052305e-02
4.230000000000000000e+02,4.091968522847468093e-02
4.240000000000000000e+02,-6.977355460318877822e-02
4.250000000000000000e+02,-9.229040238351332581e-02
4.260000000000000000e+02,1.824828414149079524e-03
4.270000000000000000e+02,9.363393067088325583e-02
4.280000000000000000e+02,6.711306927450506887e-02
4.290000000000000000e+02,-4.422199345893620959e-02
4.300000000000000000e+02,-9.967147239629838007e-02
4.310000000000000000e+02,-2.916103892367860259e-02
4.320000000000000000e+02,-1.662141364215339312e-01
4.330000000000000000e+02,8.673695849569713900e-02
4.340000000000000000e+02,-1.434167548217685564e-02
4.350000000000000000e+02,-9.729600423894813055e-02
4.360000000000000000e+02,-5.729242059475689319e-02
4.370000000000000000e+02,5.511451083161351960e-02
4.380000000000000000e+02,6.871709380877391582e-02
4.390000000000000000e+02,2.502427681583695995e-01
4.400000000000000000e+02,1.479037372576907927e-01
4.410000000000000000e+02,1.534846415850092960e-01
4.420000000000000000e+02,2.599326083038173696e-01
4.430000000000000000e+02,3.327239242416131781e-01
4.440000000000000000e+02,-5.396893466085880831e-02
4.450000000000000000e+02,2.221295777634442192e-01
4.460000000000000000e+02,1.387743503090381192e-01
4.470000000000000000e+02,-8.254624417422776195e-02
4.480000000000000000e+02,3.245448753201397030e-01
4.490000000000000000e+02,5.054906624328597831e-01
4.500000000000000000e+02,1.947972545063667571e-01
4.510000000000000000e+02,1.333169139233105205e-01
4.520000000000000000e+02,1.981906196068819459e-01
4.530000000000000000e+02,3.074341679614654987e-01
4.540000000000000000e+02,2.434018107720095636e-01
4.550000000000000000e+02,8.904408740218494600e-02
4.560000000000000000e+02,1.489603120624960475e-03
4.570000000000000000e+02,3.481759081156055036e-02
4.580000000000000000e+02,1.469097762143343200e-01
4.590000000000000000e+02,1.961095597450903671e-01
4.600000000000000000e+02,1.202406709511957272e-01
4.610000000000000000e+02,-3.257873598400506943e-01
4.620000000000000000e+02,1.370237997394033180e-02
4.630000000000000000e+02,1.176708383255011259e-01
4.640000000000000000e+02,9.285846472057546208e-02
4.650000000000000000e+02,1.491763249914114242e-01
4.660000000000000000e+02,3.063797699096664773e-01
4.670000000000000000e+02,-3.193105260839805837e-01
4.680000000000000000e+02,-1.468777384928989793e-01
4.690000000000000000e+02,-4.766174712289050763e-02
4.700000000000000000e+02,-6.028163644444371749e-02
4.710000000000000000e+02,5.867671402127941360e-02
4.720000000000000000e+02,-2.360575774494821089e-01
4.730000000000000000e+02,-1.770766264333043516e-01
4.740000000000000000e+02,-6.638338660164135041e-02
4.750000000000000000e+02,-4.386653882131709425e-02
4.760000000000000000e+02,-2.082802113198431448e-01
4.770000000000000000e+02,-2.297908718757137869e-01
4.780000000000000000e+02,-2.032700104793351281e-01
4.790000000000000000e+02,-9.193494774589350271e-02
4.800000000000000000e+02,-3.648546880853353880e-02
4.810000000000000000e+02,-1.069959022811444171e-01
4.820000000000000000e+02,-2.143586247819299351e-01
4.830000000000000000e+02,-3.386194861414736357e-01
4.840000000000000000e+02,-3.480145481953352271e-01
4.850000000000000000e+02,-1.842958220199722441e-02
4.860000000000000000e+02,-5.843316584618152287e-02
4.870000000000000000e+02,-1.708400972725612754e-01
4.880000000000000000e+02,-2.135960163283499580e-01
4.890000000000000000e+02,-1.326680920560504851e-01
4.900000000000000000e+02,7.996271213324340765e-02
4.910000000000000000e+02,-3.590996548268690636e-02
4.920000000000000000e+02,-1.423579322015026682e-01
4.930000000000000000e+02,-3.821910623218439107e-01
4.940000000000000000e+02,-3.293356368408971724e-01
4.950000000000000000e+02,-3.300324161384382005e-01
4.960000000000000000e+02,-3.115518561646399842e-01
4.970000000000000000e+02,-3.907134767110850282e-01
4.980000000000000000e+02,-4.864148683599720524e-01
4.990000000000000000e+02,-4.668057989818572562e-01
5.000000000000000000e+02,-3.566672475462066005e-01
5.010000000000000000e+02,-2.951869069631419817e-01
5.020000000000000000e+02,-3.600606126467155166e-01
5.030000000000000000e+02,-4.693041610012984588e-01
5.040000000000000000e+02,-4.848609200611656567e-01
5.050000000000000000e+02,-1.319106054577077747e-01
5.060000000000000000e+02,-4.435612117613801919e-02
5.070000000000000000e+02,-7.768410886707605156e-02
5.080000000000000000e+02,-3.692518990845274351e-01
5.090000000000000000e+02,-2.389760778006054243e-01
5.100000000000000000e+02,-1.631071890067072316e-01
5.110000000000000000e+02,-5.804900397608642182e-02
5.120000000000000000e+02,-2.176244365812524673e-01
5.130000000000000000e+02,-4.481176994007113334e-02
5.140000000000000000e+02,-1.228385603346754951e-01
5.150000000000000000e+02,5.185709702831656220e-02
5.160000000000000000e+02,1.641351556737853656e-01
5.170000000000000000e+02,2.002784721754248820e-01
5.180000000000000000e+02,1.146108979693712671e-01
5.190000000000000000e+02,2.898954449745815287e-01
5.200000000000000000e+02,2.801479592090846960e-02
5.210000000000000000e+02,1.365221695137719959e-01
5.220000000000000000e+02,-9.483681290687198673e-02
5.230000000000000000e+02,3.118516000923233222e-01
5.240000000000000000e+02,-1.255159798528525938e-01
5.250000000000000000e+02,4.898761275319652997e-01
5.260000000000000000e+02,3.851595982375912719e-01
5.270000000000000000e+02,4.769687004943261588e-01
5.280000000000000000e+02,4.504478390979534952e-01
5.290000000000000000e+02,3.391127763645030990e-01
5.300000000000000000e+02,2.836632974271453556e-01
5.310000000000000000e+02,3.541737308997582323e-01
5.320000000000000000e+02,4.615364534005358399e-01
5.330000000000000000e+02,4.700717283191382379e-01
5.340000000000000000e+02,2.114576868276462074e-01
5.350000000000000000e+02,3.232434796907642793e-01
5.360000000000000000e+02,7.088193303953135849e-02
5.370000000000000000e+02,1.832888644659016741e-01
5.380000000000000000e+02,2.260447835216974899e-01
5.390000000000000000e+02,1.451168592493962683e-01
5.400000000000000000e+02,4.277782834872545514e-02
5.410000000000000000e+02,4.835873267603627013e-02
5.420000000000000000e+02,1.330970236483974833e-01
5.430000000000000000e+02,2.949784361995884119e-01
5.440000000000000000e+02,2.829837047869905864e-01
5.450000000000000000e+02,-6.513783944465774411e-02
5.460000000000000000e+02,-9.452591223422690536e-02
5.470000000000000000e+02,-2.336369594506017833e-01
5.480000000000000000e+02,9.124461277687877236e-02
5.490000000000000000e+02,7.163554339876147814e-02
5.500000000000000000e+02,-3.850300803688969098e-02
5.510000000000000000e+02,-9.998334861995239464e-02
5.520000000000000000e+02,-3.510964293637660466e-02
5.530000000000000000e+02,7.413390541820577551e-02
5.540000000000000000e+02,8.969066447807044762e-02
5.550000000000000000e+02,1.609520614980239905e-01
5.560000000000000000e+02,-4.199094285090642087e-01
5.570000000000000000e+02,-6.232573052686695564e-02
5.580000000000000000e+02,4.976645487590720257e-02
5.590000000000000000e+02,9.896623840666032845e-02
5.600000000000000000e+02,2.432074067505095860e-01
5.610000000000000000e+02,-8.196083541785963156e-02
5.620000000000000000e+02,-8.344094136448822197e-02
5.630000000000000000e+02,2.052751698707447336e-02
5.640000000000000000e+02,9.855430738167700322e-02
5.650000000000000000e+02,5.203300365298622193e-02
5.660000000000000000e+02,-6.024505499249215718e-02
5.670000000000000000e+02,-9.638837149412926575e-02
5.680000000000000000e+02,-1.879770733348019862e-02
5.690000000000000000e+02,-1.053245001862934266e-01
5.700000000000000000e+02,7.587530476039250349e-02
5.710000000000000000e+02,-3.263206883247912055e-02
5.720000000000000000e+02,-9.990063624465057857e-02
5.730000000000000000e+02,-4.091968522847888590e-02
5.740000000000000000e+02,6.977355460318547531e-02
5.750000000000000000e+02,3.642803807531500571e-01
5.760000000000000000e+02,-1.824828414150157872e-03
5.770000000000000000e+02,-9.363393067088363053e-02
5.780000000000000000e+02,-6.241713495188733890e-02
5.790000000000000000e+02,4.422199345893208094e-02
5.800000000000000000e+02,9.967147239629783884e-02
5.810000000000000000e+02,2.916103892368300879e-02
5.820000000000000000e+02,-7.820168357709392226e-02
5.830000000000000000e+02,-8.673695849569944272e-02
5.840000000000000000e+02,1.434167548217229506e-02
5.850000000000000000e+02,9.729600423894969874e-02
5.860000000000000000e+02,5.729242059476066795e-02
5.870000000000000000e+02,-5.511451083160967546e-02
5.880000000000000000e+02,-9.787042988740549121e-02
5.890000000000000000e+02,-1.694250561510015490e-02
5.900000000000000000e+02,8.539652528556959665e-02
5.910000000000000000e+02,7.981562095825625591e-02
5.920000000000000000e+02,-2.663234576055017663e-02
5.930000000000000000e+02,-9.942366169834988832e-02
5.940000000000000000e+02,-4.656823621739991648e-02
5.950000000000000000e+02,6.513783944465946496e-02
5.960000000000000000e+02,-1.639291700168629129e-01
5.970000000000000000e+02,4.456778872016123154e-03
5.980000000000000000e+02,-9.124461277687503924e-02
5.990000000000000000e+02,-7.163554339875990995e-02
6.000000000000000000e+02,3.850300803689177265e-02
6.010000000000000000e+02,-4.408020662294674652e-02
6.020000000000000000e+02,3.510964293638514644e-02
6.030000000000000000e+02,-7.413390541820728818e-02
6.040000000000000000e+02,-8.969066447806944842e-02
6.050000000000000000e+02,8.099233936241489670e-03
6.060000000000000000e+02,2.895822304852259110e-01
6.070000000000000000e+02,6.232573052687408188e-02
6.080000000000000000e+02,-1.528147965185747692e-01
6.090000000000000000e+02,-9.896623840666000926e-02
6.100000000000000000e+02,-2.309734961276918228e-02
6.110000000000000000e+02,2.697683246334122709e-01
6.120000000000000000e+02,2.712484305800511031e-01
6.130000000000000000e+02,1.672799722284811774e-01
6.140000000000000000e+02,8.925318183388049331e-02
6.150000000000000000e+02,1.099809607016474511e-01
6.160000000000000000e+02,3.614680932071907549e-01
6.170000000000000000e+02,2.841958607096865541e-01
6.180000000000000000e+02,1.985282865036296918e-01
6.190000000000000000e+02,9.931229513361877759e-02
6.200000000000000000e+02,1.119321844551668388e-01
6.210000000000000000e+02,2.204395580480283667e-01
6.220000000000000000e+02,2.877081254602085192e-01
6.230000000000000000e+02,2.287271744440347032e-01
6.240000000000000000e+02,1.180339346123707722e-01
6.250000000000000000e+02,9.551708683204145067e-02
6.260000000000000000e+02,1.896323176296989266e-01
6.270000000000000000e+02,5.244202142869638372e-01
6.280000000000000000e+02,2.549205584900646748e-01
6.290000000000000000e+02,1.435854957566237711e-01
6.300000000000000000e+02,8.813601681925929687e-02
6.310000000000000000e+02,1.586464502918770170e-01
6.320000000000000000e+02,2.660091727926532368e-01
6.330000000000000000e+02,2.745444477112561898e-01
6.340000000000000000e+02,3.433677955154704753e-01
6.350000000000000000e+02,9.051148497661028192e-02
6.360000000000000000e+02,1.305150686207990351e-01
6.370000000000000000e+02,5.127132073974607351e-01
6.380000000000000000e+02,3.610048707752345765e-01
6.390000000000000000e+02,4.745412021809582992e-01
6.400000000000000000e+02,5.395425258283730319e-01
6.410000000000000000e+02,1.899755863920363774e-01
6.420000000000000000e+02,4.089036272027035679e-02
6.430000000000000000e+02,3.692148690486414253e-01
6.440000000000000000e+02,3.163594435676992389e-01
6.450000000000000000e+02,-6.011641878965523489e-03
6.460000000000000000e+02,-1.214510204547960825e-01
6.470000000000000000e+02,-4.926157437465245037e-03
6.480000000000000000e+02,-1.783926484755294084e-01
6.490000000000000000e+02,-1.980017178536390976e-01
6.500000000000000000e+02,-1.265775540181755809e-01
6.510000000000000000e+02,-3.696206098723576750e-01
6.520000000000000000e+02,-3.047469041887883590e-01
6.530000000000000000e+02,-1.955033558342041677e-01
6.540000000000000000e+02,-1.799465967743369144e-01
6.550000000000000000e+02,-2.777364951886490685e-01
6.560000000000000000e+02,-3.652909794702107193e-01
6.570000000000000000e+02,-3.319629917792776830e-01
6.580000000000000000e+02,-2.198708063765041076e-01
6.590000000000000000e+02,-1.706710228457456735e-01
6.600000000000000000e+02,-2.465399116396383705e-01
6.610000000000000000e+02,-3.515980966702610955e-01
6.620000000000000000e+02,-3.530782026168973742e-01
6.630000000000000000e+02,-2.491097442653375793e-01
6.640000000000000000e+02,-1.710829538707276110e-01
6.650000000000000000e+02,-2.176042575994230066e-01
6.660000000000000000e+02,-4.148352635535316191e-01
6.670000000000000000e+02,-6.358168400968277068e-01
6.680000000000000000e+02,-5.501492658907661815e-01
6.690000000000000000e+02,-4.249441339091449277e-01
6.700000000000000000e+02,-6.777215130257722153e-01
6.710000000000000000e+02,-7.862288866186344372e-01
6.720000000000000000e+02,-8.534974540308121194e-01
6.730000000000000000e+02,-7.945165030146366103e-01
6.740000000000000000e+02,-9.062709116101578255e-01
6.750000000000000000e+02,-6.207568741504998489e-01
6.760000000000000000e+02,-4.587053306294431865e-01
6.770000000000000000e+02,-3.252374964025882553e-01
6.780000000000000000e+02,-2.812814184579703336e-01
6.790000000000000000e+02,-1.699463557245290690e-01
6.800000000000000000e+02,1.695633815918141385e-01
6.810000000000000000e+02,-1.850073102597756258e-01
6.820000000000000000e+02,-6.055824256123391036e-01
6.830000000000000000e+02,-6.141177005309395032e-01
6.840000000000000000e+02,-5.130390665530655259e-01
6.850000000000000000e+02,-4.300847377962942475e-01
6.860000000000000000e+02,-4.700883214404760757e-01
6.870000000000000000e+02,-5.824952528668557727e-01
6.880000000000000000e+02,-6.252511719226468978e-01
6.890000000000000000e+02,-5.443232476503492290e-01
6.900000000000000000e+02,-4.419842167496763063e-01
6.910000000000000000e+02,-4.475651210769819865e-01
6.920000000000000000e+02,-5.540130877957968325e-01
6.930000000000000000e+02,-6.258580306629002443e-01
6.940000000000000000e+02,-6.395975711138877084e-01
6.950000000000000000e+02,-2.259431816956295191e-01
6.960000000000000000e+02,-4.328548298010176376e-01
6.970000000000000000e+02,-5.229239631632307539e-01
6.980000000000000000e+02,-6.156828214569278757e-01
6.990000000000000000e+02,-3.573957387908637262e-01
7.000000000000000000e+02,-2.747093848148917106e-01
7.010000000000000000e+02,-2.132290442318248713e-01
7.020000000000000000e+02,-2.781027499153962412e-01
7.030000000000000000e+02,-3.873462982699798496e-01
7.040000000000000000e+02,-4.029030573298496565e-01
7.050000000000000000e+02,-3.051131589155425261e-01
7.060000000000000000e+02,-2.175586746339711053e-01
7.070000000000000000e+02,-2.508866623249065841e-01
7.080000000000000000e+02,-3.629788477276803538e-01
7.090000000000000000e+02,-4.121786312584381218e-01
7.100000000000000000e+02,-3.363097424645419276e-01
7.110000000000000000e+02,-4.744761145544007519e-02
7.120000000000000000e+02,8.344094136449076160e-02
7.130000000000000000e+02,-2.052751698706996308e-02
7.140000000000000000e+02,3.059480717861690069e-03
7.150000000000000000e+02,4.958078444655745348e-02
7.160000000000000000e+02,2.386623198756939734e-01
7.170000000000000000e+02,4.023140248995979995e-01
7.180000000000000000e+02,3.843080858547591738e-01
7.190000000000000000e+02,2.174304593235316108e-01
7.200000000000000000e+02,5.648125197603819370e-01
7.210000000000000000e+02,6.733198933532447139e-01
7.220000000000000000e+02,7.405884607654202867e-01
7.230000000000000000e+02,6.816075097492531043e-01
7.240000000000000000e+02,5.709142699175796531e-01
7.250000000000000000e+02,3.467876479484184316e-01
7.260000000000000000e+02,6.425126529349154403e-01
7.270000000000000000e+02,7.343217551916518815e-01
7.280000000000000000e+02,7.078008937952817714e-01
7.290000000000000000e+02,3.855581433289436699e-01
7.300000000000000000e+02,5.410163521244717444e-01
7.310000000000000000e+02,6.115267855970825117e-01
7.320000000000000000e+02,7.188895080978610075e-01
7.330000000000000000e+02,8.784679041991234616e-01
7.340000000000000000e+02,6.263461490385909824e-01
7.350000000000000000e+02,5.433918202818213139e-01
7.360000000000000000e+02,5.833954039260055291e-01
7.370000000000000000e+02,6.958023353523757892e-01
7.380000000000000000e+02,7.385582544081741307e-01
7.390000000000000000e+02,6.576303301358745745e-01
7.400000000000000000e+02,5.552912992352028176e-01
7.410000000000000000e+02,5.518105517385583081e-01
7.420000000000000000e+02,6.673201702813156277e-01
7.430000000000000000e+02,9.710166373691158093e-01
7.440000000000000000e+02,5.856422726386361077e-01
7.450000000000000000e+02,6.794386504547302863e-01
7.460000000000000000e+02,2.402362588810747490e-01
7.470000000000000000e+02,1.632182001789430070e-01
7.480000000000000000e+02,4.260067838921802186e-01
7.490000000000000000e+02,2.454116205562443809e-01
7.500000000000000000e+02,-3.850300803688751911e-02
7.510000000000000000e+02,-9.998334861995243628e-02
7.520000000000000000e+02,-3.510964293637881123e-02
7.530000000000000000e+02,7.413390541820419344e-02
7.540000000000000000e+02,8.969066447807148845e-02
7.550000000000000000e+02,-8.099233936236899592e-03
7.560000000000000000e+02,2.407897751869944591e-01
7.570000000000000000e+02,-6.232573052686879445e-02
7.580000000000000000e+02,4.976645487590516947e-02
7.590000000000000000e+02,9.896623840666066152e-02
7.600000000000000000e+02,2.309734961277366133e-02
7.610000000000000000e+02,-8.196083541785176285e-02
7.620000000000000000e+02,-8.344094136448952648e-02
7.630000000000000000e+02,2.052751698707216965e-02
7.640000000000000000e+02,9.855430738167660076e-02
7.650000000000000000e+02,5.203300365298823421e-02
7.660000000000000000e+02,-6.024505499249027674e-02
7.670000000000000000e+02,-9.638837149412989025e-02
7.680000000000000000e+02,-1.072079728807638806e-02
7.690000000000000000e+02,8.849519408193695647e-02
7.700000000000000000e+02,7.587530476039403005e-02
7.710000000000000000e+02,6.697133949963296473e-02
7.720000000000000000e+02,-3.660133144189750554e-01
7.730000000000000000e+02,-4.091968522848103001e-02
7.740000000000000000e+02,2.717869480125223447e-01
7.750000000000000000e+02,9.229040238351381154e-02
7.760000000000000000e+02,-1.824828414147806237e-03
7.770000000000000000e+02,4.791084443516968605e-02
7.780000000000000000e+02,-6.711306927451021753e-02
7.790000000000000000e+02,4.422199345892997152e-02
7.800000000000000000e+02,9.967147239629803313e-02
7.810000000000000000e+02,2.916103892368525699e-02
7.820000000000000000e+02,-7.820168357709245122e-02
7.830000000000000000e+02,-8.673695849570060845e-02
7.840000000000000000e+02,8.251731884419066798e-02
7.850000000000000000e+02,1.654716476009698567e-01
7.860000000000000000e+02,1.254680639567832823e-01
7.870000000000000000e+02,3.415613929575834762e-01
7.880000000000000000e+02,-2.969478652538526386e-02
7.890000000000000000e+02,5.123313774691822670e-02
7.900000000000000000e+02,1.535721686475890746e-01
7.910000000000000000e+02,1.479912643202783706e-01
7.920000000000000000e+02,4.154329760147279504e-02
7.930000000000000000e+02,-3.124801833632895320e-02
7.940000000000000000e+02,1.580285256368739455e-01
7.950000000000000000e+02,2.697346012989336184e-01
7.960000000000000000e+02,2.991226740885029045e-01
7.970000000000000000e+02,2.090535407262943957e-01
7.980000000000000000e+02,3.604838331377996363e-02
7.990000000000000000e+02,1.329612184555143961e-01
8.000000000000000000e+02,2.847893820388360808e-01
8.010000000000000000e+02,3.462697226218988678e-01
8.020000000000000000e+02,2.813960169383338261e-01
8.030000000000000000e+02,1.721524685837407809e-01
8.040000000000000000e+02,1.565957095238759700e-01
8.050000000000000000e+02,2.543856079381856539e-01
8.060000000000000000e+02,3.419400922197505244e-01
8.070000000000000000e+02,1.733472196619378902e-01
8.080000000000000000e+02,2.253971938934861141e-01
8.090000000000000000e+02,1.205525072840163414e-02
8.100000000000000000e+02,8.792413952229052865e-02
8.110000000000000000e+02,1.929823245529150300e-01
8.120000000000000000e+02,1.944624304995565267e-01
8.130000000000000000e+02,2.553596194420486576e-01
8.140000000000000000e+02,-1.556811072347674685e-01
8.150000000000000000e+02,-9.187157879945007100e-03
8.160000000000000000e+02,1.030909007655242959e-01
8.170000000000000000e+02,1.392342172671705569e-01
8.180000000000000000e+02,5.356664306111544316e-02
8.190000000000000000e+02,-3.738748833497938517e-01
8.200000000000000000e+02,-1.154503749391856404e-01
8.210000000000000000e+02,-2.527476204353875655e-01
8.220000000000000000e+02,-1.854790530232052759e-01
8.230000000000000000e+02,-5.261016569989095393e-01
8.240000000000000000e+02,-4.915743623632964909e-01
8.250000000000000000e+02,-5.140912101436283521e-01
8.260000000000000000e+02,-4.199759793459724166e-01
8.270000000000000000e+02,-3.281668770892274822e-01
8.280000000000000000e+02,-3.546877384856025328e-01
8.290000000000000000e+02,-1.415191803610373888e-01
8.300000000000000000e+02,-5.631618923040804248e-01
8.310000000000000000e+02,-4.926514588314647169e-01
8.320000000000000000e+02,-3.852887363306877200e-01
8.330000000000000000e+02,-2.342404267468453372e-01
8.340000000000000000e+02,-4.778320953899538037e-01
8.350000000000000000e+02,-5.607864241467286348e-01
8.360000000000000000e+02,-4.405347376189687747e-01
8.370000000000000000e+02,-4.048385398538679736e-01
8.380000000000000000e+02,-2.303551051534916128e-01
8.390000000000000000e+02,-3.112830294257856734e-01
8.400000000000000000e+02,-4.136220603264607609e-01
8.410000000000000000e+02,-6.813533871637041939e-01
8.420000000000000000e+02,-3.015931892803470626e-01
8.430000000000000000e+02,-2.288018733425472573e-01
8.440000000000000000e+02,-2.816572988234870567e-01
8.450000000000000000e+02,-2.072509775298079782e-01
8.460000000000000000e+02,-4.227514472751233154e-01
8.470000000000000000e+02,-3.326823139129133633e-01
8.480000000000000000e+02,-1.516721507454079354e-01
8.490000000000000000e+02,7.163554339876790356e-02
8.500000000000000000e+02,-3.850300803689167550e-02
8.510000000000000000e+02,-3.749756105015962793e-01
8.520000000000000000e+02,-3.101019048180291837e-01
8.530000000000000000e+02,-2.008583564634443541e-01
8.540000000000000000e+02,-5.176405943498606499e-01
8.550000000000000000e+02,-6.154304927641764955e-01
8.560000000000000000e+02,-7.029849770457399227e-01
8.570000000000000000e+02,-6.696569893548093289e-01
8.580000000000000000e+02,-5.575648039520457733e-01
8.590000000000000000e+02,-5.083650204212735169e-01
8.600000000000000000e+02,-5.842339092151437319e-01
8.610000000000000000e+02,-5.168903536595264026e-01
8.620000000000000000e+02,-6.907722001924284649e-01
8.630000000000000000e+02,-5.868037418408807993e-01
8.640000000000000000e+02,-5.087769514462596732e-01
8.650000000000000000e+02,-5.552982551749313656e-01
8.660000000000000000e+02,-6.675763138204109381e-01
8.670000000000000000e+02,-7.037196303220668581e-01
8.680000000000000000e+02,-6.180520561160296467e-01
8.690000000000000000e+02,-5.188360647460014130e-01
8.700000000000000000e+02,-5.314559540675292126e-01
8.710000000000000000e+02,-3.224859202987105378e-01
8.720000000000000000e+02,-7.072318950725853259e-01
8.730000000000000000e+02,-6.482509440564327985e-01
8.740000000000000000e+02,-5.375577042247562387e-01
8.750000000000000000e+02,-5.150408564444100001e-01
8.760000000000000000e+02,-6.091560872420647144e-01
8.770000000000000000e+02,-7.009651894988155885e-01
8.780000000000000000e+02,-6.744443281024589121e-01
8.790000000000000000e+02,-5.631092653690112915e-01
8.800000000000000000e+02,-5.133113263740645138e-01
8.810000000000000000e+02,-3.031779580225885118e-01
8.820000000000000000e+02,-4.105406805233793865e-01
8.830000000000000000e+02,-4.136312882545341019e-01
8.840000000000000000e+02,1.434167548216318082e-02
8.850000000000000000e+02,9.729600423894757544e-02
8.860000000000000000e+02,1.656174040303559081e-01
8.870000000000000000e+02,-5.511451083160198716e-02
8.880000000000000000e+02,-9.787042988740971006e-02
8.890000000000000000e+02,-1.694250561512043729e-02
8.900000000000000000e+02,8.539652528556480882e-02
8.910000000000000000e+02,7.981562095826866265e-02
8.920000000000000000e+02,-2.663234576054129485e-02
8.930000000000000000e+02,-9.942366169834769563e-02
8.940000000000000000e+02,-4.656823621741812413e-02
8.950000000000000000e+02,6.513783944465247056e-02
8.960000000000000000e+02,9.452591223423287281e-02
8.970000000000000000e+02,4.456778872025325862e-03
8.980000000000000000e+02,-9.124461277686662930e-02
8.990000000000000000e+02,-7.163554339877425958e-02
9.000000000000000000e+02,2.455177529378899104e-01
9.010000000000000000e+02,-1.518616407167572291e-01
9.020000000000000000e+02,-3.295857353985180010e-02
9.030000000000000000e+02,-2.356683867891800482e-02
9.040000000000000000e+02,-9.641575424071804901e-03
9.050000000000000000e+02,-1.635621292739967703e-01
9.060000000000000000e+02,3.361966321009035585e-01
9.070000000000000000e+02,1.644304947543351325e-01
9.080000000000000000e+02,2.746639860220009832e-02
9.090000000000000000e+02,-1.639887654312661147e-01
9.100000000000000000e+02,-8.574660984688523002e-02
9.110000000000000000e+02,1.891123520133141112e-01
9.120000000000000000e+02,5.536067356472761380e-01
9.130000000000000000e+02,-2.152174153002701373e-01
9.140000000000000000e+02,-6.322664079953047023e-02
9.150000000000000000e+02,1.751336261040161574e-02
9.160000000000000000e+02,3.421612236957960462e-01
9.170000000000000000e+02,-9.468276966681571372e-02
9.180000000000000000e+02,2.102030946393034228e-01
9.190000000000000000e+02,-6.172806476236587098e-02
9.200000000000000000e+02,2.957605536336643803e-01
9.210000000000000000e+02,-2.293004699509912370e-01
9.220000000000000000e+02,9.819393581263993753e-02
9.230000000000000000e+02,-1.788947254467584402e-01
9.240000000000000000e+02,-1.954907763645861163e-01
9.250000000000000000e+02,-3.364449442736764384e-01
9.260000000000000000e+02,-1.139637852162594389e-01
9.270000000000000000e+02,-6.752497496932971521e-02
9.280000000000000000e+02,3.196059908435335273e-01
9.290000000000000000e+02,-2.867553263773097716e-01
9.300000000000000000e+02,-5.552839297840234112e-02
9.310000000000000000e+02,-1.259555479258961386e-02
9.320000000000000000e+02,8.762229495149610747e-02
9.330000000000000000e+02,7.641759361646550952e-02
9.340000000000000000e+02,-5.135505155195703164e-01
9.350000000000000000e+02,-3.424435944251085218e-01
9.360000000000000000e+02,3.175392541757446341e-02
9.370000000000000000e+02,-1.140574749036141894e-01
9.380000000000000000e+02,2.552116484814076491e-02
9.390000000000000000e+02,2.871428692488866424e-02
9.400000000000000000e+02,-7.895686463319805115e-02
9.410000000000000000e+02,3.623656226860799690e-02
9.420000000000000000e+02,-1.229364729766688202e-03
9.430000000000000000e+02,2.621718083100086361e-01
9.440000000000000000e+02,-3.617726019306741203e-01
9.450000000000000000e+02,-9.948062423387796227e-02
9.460000000000000000e+02,5.767220480252802095e-02
9.470000000000000000e+02,-1.680564176436450674e-01
9.480000000000000000e+02,-3.503579224993465246e-02
9.490000000000000000e+02,-1.302100153759866707e-01
9.500000000000000000e+02,-3.093672061535229223e-01
9.510000000000000000e+02,-7.794449545913892385e-03
9.520000000000000000e+02,-1.624104870908630316e-01
9.530000000000000000e+02,9.034132066003679185e-02
9.540000000000000000e+02,2.332071080821281339e-01
9.550000000000000000e+02,2.204600424009195078e-02
9.560000000000000000e+02,1.410247010600189088e-01
9.570000000000000000e+02,8.410866672183170412e-02
9.580000000000000000e+02,4.540489759520613400e-02
9.590000000000000000e+02,1.015409316250394378e-02
9.600000000000000000e+02,-1.528187550405762651e-01
9.610000000000000000e+02,5.317586745370238288e-02
9.620000000000000000e+02,2.519008293366660767e-01
9.630000000000000000e+02,2.734872560884263337e-02
9.640000000000000000e+02,7.212752102681635469e-02
9.650000000000000000e+02,-1.369048365346336726e-01
9.660000000000000000e+02,-1.696756984566769599e-01
9.670000000000000000e+02,-2.364162722363819524e-01
9.680000000000000000e+02,-1.133050573694745489e-01
9.690000000000000000e+02,1.825295057921932362e-01
9.700000000000000000e+02,3.058266630748399106e-01
9.710000000000000000e+02,-1.999143758351733247e-01
9.720000000000000000e+02,9.391440095229447449e-02
9.730000000000000000e+02,6.115763757785003252e-02
9.740000000000000000e+02,-4.580172469108317185e-02
9.750000000000000000e+02,1.606404657116971418e-02
9.760000000000000000e+02,-1.420471283303046395e-01
9.770000000000000000e+02,-1.259025145113348010e-01
9.780000000000000000e+02,2.494883410329596374e-01
9.790000000000000000e+02,1.770459253538395616e-01
9.800000000000000000e+02,-1.757039436499185647e-01
9.810000000000000000e+02,2.556689064748859375e-01
9.820000000000000000e+02,-1.405212258697856043e-01
9.830000000000000000e+02,-3.028768496351467165e-01
9.840000000000000000e+02,1.668258983338736373e-02
9.850000000000000000e+02,3.885319717519580135e-02
9.860000000000000000e+02,7.593056314758186987e-02
9.870000000000000000e+02,-1.371481614622926393e-01
9.880000000000000000e+02,-3.408394260009732779e-01
9.890000000000000000e+02,5.754215145869403386e-02
9.900000000000000000e+02,2.356803061789595755e-01
9.910000000000000000e+02,1.062961717152202112e-01
9.920000000000000000e+02,-6.082154754790842360e-02
9.930000000000000000e+02,-1.680682338433967526e-01
9.940000000000000000e+02,9.379538593014341563e-02
9.950000000000000000e+02,-1.235727700563308273e-01
9.960000000000000000e+02,2.328659360578756443e-01
9.970000000000000000e+02,2.510097038059662666e-01
9.980000000000000000e+02,5.113332526504627690e-02
9.990000000000000000e+02,-1.671093206181318569e-01
1.000000000000000000e+03,2.889250667404577588e-01
1.001000000000000000e+03,1.745552304823522471e-01
1.002000000000000000e+03,5.452014103398928890e-01
1.003000000000000000e+03,7.298566690971306503e-01
1.004000000000000000e+03,4.577490729212572718e-01
1.005000000000000000e+03,5.315048995153036637e-01
1.006000000000000000e+03,4.731371091485788716e-01
1.007000000000000000e+03,4.565200631977711643e-01
1.008000000000000000e+03,4.635866157739667592e-01
1.009000000000000000e+03,2.470779295672625164e-01
1.010000000000000000e+03,4.173099925492691487e-01
1.011000000000000000e+03,6.154026995719511506e-01
1.012000000000000000e+03,6.930924228393996467e-01
1.013000000000000000e+03,6.875488511926978186e-01
1.014000000000000000e+03,4.127925530636414875e-01
1.015000000000000000e+03,8.395344642223028231e-01
1.016000000000000000e+03,1.132105058529832453e+00
1.017000000000000000e+03,1.207581297596977077e+00
1.018000000000000000e+03,1.172325264736953088e+00
1.019000000000000000e+03,1.120808759036109326e+00
1.020000000000000000e+03,1.477881578290305864e+00
1.021000000000000000e+03,1.615414842401940776e+00
1.022000000000000000e+03,2.005370440550362066e+00
1.023000000000000000e+03,1.665828199988772740e+00
1.024000000000000000e+03,2.414524611196545045e+00
1.025000000000000000e+03,2.353073949074573346e+00
1.026000000000000000e+03,2.208909739123345428e+00
1.027000000000000000e+03,3.122319253758747415e+00
1.028000000000000000e+03,3.259107476895801270e+00
1.029000000000000000e+03,3.515544315127057562e+00
1.030000000000000000e+03,3.512151612575899584e+00
1.031000000000000000e+03,3.934649339457011230e+00
1.032000000000000000e+03,3.951307922287529806e+00
1.033000000000000000e+03,4.476830017852118537e+00
1.034000000000000000e+03,4.793617779123780842e+00
1.035000000000000000e+03,4.727878106973106398e+00
1.036000000000000000e+03,5.567129202382883335e+00
1.037000000000000000e+03,5.892153923382403846e+00
1.038000000000000000e+03,6.291362333776595150e+00
1.039000000000000000e+03,7.250319348639609807e+00
1.040000000000000000e+03,7.930150584194923802e+00
1.041000000000000000e+03,8.059447607212975484e+00
1.042000000000000000e+03,8.809356231024588979e+00
1.043000000000000000e+03,9.622732008016381400e+00
1.044000000000000000e+03,1.004252148961134239e+01
1.045000000000000000e+03,1.027931682187910312e+01
1.046000000000000000e+03,1.110541269571115386e+01
1.047000000000000000e+03,1.168305553460533552e+01
1.048000000000000000e+03,1.245534322829038487e+01
1.049000000000000000e+03,1.296989679576505772e+01
1.050000000000000000e+03,1.355428112229870408e+01
1.051000000000000000e+03,1.408572650870416076e+01
1.052000000000000000e+03,1.475941568406448923e+01
1.053000000000000000e+03,1.576245658821156326e+01
1.054000000000000000e+03,1.646577540115550420e+01
1.055000000000000000e+03,1.688104967370157894e+01
1.056000000000000000e+03,1.728309785075712313e+01
1.057000000000000000e+03,1.797765206453579978e+01
1.058000000000000000e+03,1.865816225636986303e+01
1.059000000000000000e+03,1.968975778903527285e+01
1.060000000000000000e+03,1.947044637487105945e+01
1.061000000000000000e+03,2.030520411591220409e+01
1.062000000000000000e+03,2.081109113340099981e+01
1.063000000000000000e+03,2.145794021308439170e+01
1.064000000000000000e+03,2.184364171522655340e+01
1.065000000000000000e+03,2.269220885402710408e+01
1.066000000000000000e+03,2.251256104101839739e+01
1.067000000000000000e+03,2.298954691089698699e+01
1.068000000000000000e+03,2.376525508971525014e+01
1.069000000000000000e+03,2.401816866405717121e+01
1.070000000000000000e+03,2.433991058308857092e+01
1.071000000000000000e+03,2.461526477641120181e+01
1.072000000000000000e+03,2.440666654323862517e+01
1.073000000000000000e+03,2.466157179541400879e+01
1.074000000000000000e+03,2.519193259458899448e+01
1.075000000000000000e+03,2.555316649014176988e+01
1.076000000000000000e+03,2.547442217541323117e+01
1.077000000000000000e+03,2.570443206997432739e+01
1.078000000000000000e+03,2.603719737757184660e+01
1.079000000000000000e+03,2.635453310849051078e+01
1.080000000000000000e+03,2.614485557891923406e+01
1.081000000000000000e+03,2.627627829046850394e+01
1.082000000000000000e+03,2.631415897862120801e+01
1.083000000000000000e+03,2.675763954617756823e+01
1.084000000000000000e+03,2.646285978298731933e+01
1.085000000000000000e+03,2.709325174595916863e+01
1.086000000000000000e+03,2.715385937572608199e+01
1.087000000000000000e+03,2.690663430307153092e+01
1.088000000000000000e+03,2.713058605405890233e+01
1.089000000000000000e+03,2.755447369411241709e+01
1.090000000000000000e+03,2.731938569427150298e+01
1.091000000000000000e+03,2.715555654975349853e+01
1.092000000000000000e+03,2.756983174464798481e+01
1.093000000000000000e+03,2.763131803443629053e+01
1.094000000000000000e+03,2.742280417673512360e+01
1.095000000000000000e+03,2.804346885107662501e+01
1.096000000000000000e+03,2.782935069454738652e+01
1.097000000000000000e+03,2.785525067126744503e+01
1.098000000000000000e+03,2.749763386584642078e+01
1.099000000000000000e+03,2.772808995403963195e+01
1.100000000000000000e+03,2.773179497458908926e+01
1.101000000000000000e+03,2.792614528959641618e+01
1.102000000000000000e+03,2.779124079610975429e+01
1.103000000000000000e+03,2.790459196664108177e+01
1.104000000000000000e+03,2.767645121686864229e+01
1.105000000000000000e+03,2.798728822175859321e+01
1.106000000000000000e+03,2.786922595561036786e+01
1.107000000000000000e+03,2.812130333795111525e+01
1.108000000000000000e+03,2.826747283083408391e+01
1.109000000000000000e+03,2.804332593477117541e+01
1.110000000000000000e+03,2.808043237362517885e+01
1.111000000000000000e+03,2.831221539004049248e+01
1.112000000000000000e+03,2.808760046319052250e+01
1.113000000000000000e+03,2.824127177579737946e+01
1.114000000000000000e+03,2.790185897869611864e+01
1.115000000000000000e+03,2.830132975072940837e+01
1.116000000000000000e+03,2.831550022615756035e+01
1.117000000000000000e+03,2.840771058073007893e+01
1.118000000000000000e+03,2.839360525023689164e+01
1.119000000000000000e+03,2.807268091852247593e+01
1.120000000000000000e+03,2.794655816197318288e+01
1.121000000000000000e+03,2.833922662186825647e+01
1.122000000000000000e+03,2.852903900314588981e+01
1.123000000000000000e+03,2.829261862548899487e+01
1.124000000000000000e+03,2.793074004615072070e+01
1.125000000000000000e+03,2.789437375349711346e+01
1.126000000000000000e+03,2.842862331760111871e+01
1.127000000000000000e+03,2.838301060851535240e+01
1.128000000000000000e+03,2.839486926161319502e+01
1.129000000000000000e+03,2.816133529825369664e+01
1.130000000000000000e+03,2.818903562336977231e+01
1.131000000000000000e+03,2.812056547126143968e+01
1.132000000000000000e+03,2.821639359891863208e+01
1.133000000000000000e+03,2.825501267793445237e+01
1.134000000000000000e+03,2.828404883371500134e+01
1.135000000000000000e+03,2.837791690440324999e+01
1.136000000000000000e+03,2.815260471304068446e+01
1.137000000000000000e+03,2.804280053773159054e+01
1.138000000000000000e+03,2.845616921370178432e+01
1.139000000000000000e+03,2.794789732864463261e+01
1.140000000000000000e+03,2.818846243105218008e+01
1.141000000000000000e+03,2.791794632444288027e+01
1.142000000000000000e+03,2.827495993011935838e+01
1.143000000000000000e+03,2.804853867203075168e+01
1.144000000000000000e+03,2.829114012044042781e+01
1.145000000000000000e+03,2.815301249575286846e+01
1.146000000000000000e+03,2.842729191786057541e+01
1.147000000000000000e+03,2.841474932646947948e+01
1.148000000000000000e+03,2.820567459231885721e+01
1.149000000000000000e+03,2.847618406951397674e+01
1.150000000000000000e+03,2.842335575426593053e+01
1.151000000000000000e+03,2.817651416369278294e+01
1.152000000000000000e+03,2.839790289235673981e+01
1.153000000000000000e+03,2.841767576608509671e+01
1.154000000000000000e+03,2.839591219223185092e+01
1.155000000000000000e+03,2.858642907115840615e+01
1.156000000000000000e+03,2.786053690029282848e+01
1.157000000000000000e+03,2.830649187464189254e+01
1.158000000000000000e+03,2.848873168703223513e+01
1.159000000000000000e+03,2.820231487232458178e+01
1.160000000000000000e+03,2.829780683719178924e+01
1.161000000000000000e+03,2.857170741754081789e+01
1.162000000000000000e+03,2.837693219018115087e+01
1.163000000000000000e+03,2.867351611529030819e+01
1.164000000000000000e+03,2.841412984342958126e+01
1.165000000000000000e+03,2.847750750028618683e+01
1.166000000000000000e+03,2.893498503247591813e+01
1.167000000000000000e+03,2.856901499108325737e+01
1.168000000000000000e+03,2.856696865145262620e+01
1.169000000000000000e+03,2.851666945299567502e+01
1.170000000000000000e+03,2.869103503669904143e+01
1.171000000000000000e+03,2.843016084613737959e+01
1.172000000000000000e+03,2.836060749608330767e+01
1.173000000000000000e+03,2.869938743616378929e+01
1.174000000000000000e+03,2.832077899455207159e+01
1.175000000000000000e+03,2.845003060465658606e+01
1.176000000000000000e+03,2.805349432622702821e+01
1.177000000000000000e+03,2.833136146994278448e+01
1.178000000000000000e+03,2.795770076757663958e+01
1.179000000000000000e+03,2.823868989558524589e+01
1.180000000000000000e+03,2.855921970259367271e+01
1.181000000000000000e+03,2.827088905868944479e+01
1.182000000000000000e+03,2.795405606721032399e+01
1.183000000000000000e+03,2.780825655054370671e+01
1.184000000000000000e+03,2.817727803839171941e+01
1.185000000000000000e+03,2.786653466471856078e+01
1.186000000000000000e+03,2.840706159852390655e+01
1.187000000000000000e+03,2.815462895125103060e+01
1.188000000000000000e+03,2.802536044073940857e+01
1.189000000000000000e+03,2.822624917517156007e+01
1.190000000000000000e+03,2.817082682129085214e+01
1.191000000000000000e+03,2.812341904892925371e+01
1.192000000000000000e+03,2.775962281016074229e+01
1.193000000000000000e+03,2.817792898480225361e+01
1.194000000000000000e+03,2.787827419510454519e+01
1.195000000000000000e+03,2.812344619768477472e+01
1.196000000000000000e+03,2.826213087458761919e+01
1.197000000000000000e+03,2.815425014024446071e+01
1.198000000000000000e+03,2.811983567915197924e+01
1.199000000000000000e+03,2.798817411220753471e+01
1.200000000000000000e+03,2.840489056198322615e+01
1.201000000000000000e+03,2.800262402779649662e+01
1.202000000000000000e+03,2.816165929091251030e+01
1.203000000000000000e+03,2.815454204773115876e+01
1.204000000000000000e+03,2.791330825083599620e+01
1.205000000000000000e+03,2.815210414255592397e+01
1.206000000000000000e+03,2.825036179525007896e+01
1.207000000000000000e+03,2.822024664271890870e+01
1.208000000000000000e+03,2.820379962632089388e+01
1.209000000000000000e+03,2.819837937146757767e+01
1.210000000000000000e+03,2.795080323959169633e+01
1.211000000000000000e+03,2.818784757249944661e+01
1.212000000000000000e+03,2.817988130776764777e+01
1.213000000000000000e+03,2.817955825407625525e+01
1.214000000000000000e+03,2.806062814018493867e+01
1.215000000000000000e+03,2.800026346635733887e+01
1.216000000000000000e+03,2.818775141989217659e+01
1.217000000000000000e+03,2.836580373113314124e+01
1.218000000000000000e+03,2.787105491252754064e+01
1.219000000000000000e+03,2.789877804434193109e+01
1.220000000000000000e+03,2.801771386877545922e+01
1.221000000000000000e+03,2.808424802218004501e+01
1.222000000000000000e+03,2.781693389984292963e+01
1.223000000000000000e+03,2.826197236877737851e+01
1.224000000000000000e+03,2.775865974355261656e+01
1.225000000000000000e+03,2.792757831337097230e+01
1.226000000000000000e+03,2.813622420052104900e+01
1.227000000000000000e+03,2.834165773139263322e+01
1.228000000000000000e+03,2.812316589461035576e+01
1.229000000000000000e+03,2.822585366304537402e+01
1.230000000000000000e+03,2.833896120883326120e+01
1.231000000000000000e+03,2.809377873556976013e+01
1.232000000000000000e+03,2.807764713864512984e+01
1.233000000000000000e+03,2.823717848675235231e+01
1.234000000000000000e+03,2.791360436233479447e+01
1.235000000000000000e+03,2.776723539638127036e+01
1.236000000000000000e+03,2.794497930091255355e+01
1.237000000000000000e+03,2.801498190668948141e+01
1.238000000000000000e+03,2.856182614894382965e+01
1.239000000000000000e+03,2.814413515188535797e+01
1.240000000000000000e+03,2.776458347758085665e+01
1.241000000000000000e+03,2.810880160542713924e+01
1.242000000000000000e+03,2.820127595019072331e+01
1.243000000000000000e+03,2.804572613690676164e+01
1.244000000000000000e+03,2.813368646198043876e+01
1.245000000000000000e+03,2.815974748753517432e+01
1.246000000000000000e+03,2.808705508835509690e+01
1.247000000000000000e+03,2.821759511447359259e+01
1.248000000000000000e+03,2.815823661270846046e+01
1.249000000000000000e+03,2.805438367365683661e+01
1.250000000000000000e+03,2.830463354529047493e+01
1.251000000000000000e+03,2.829876735768732843e+01
1.252000000000000000e+03,2.810942632426731436e+01
1.253000000000000000e+03,2.831559058281913011e+01
1.254000000000000000e+03,2.838938996860393615e+01
1.255000000000000000e+03,2.852186994830872280e+01
1.256000000000000000e+03,2.838601573899631703e+01
1.257000000000000000e+03,2.810663419442650479e+01
1.258000000000000000e+03,2.841901093887493701e+01
1.259000000000000000e+03,2.828697251402752499e+01
1.260000000000000000e+03,2.823776006561279672e+01
1.261000000000000000e+03,2.836433351014397530e+01
1.262000000000000000e+03,2.817826176413071337e+01
1.263000000000000000e+03,2.879222579721535524e+01
1.264000000000000000e+03,2.792193681980287323e+01
1.265000000000000000e+03,2.779381705958576987e+01
1.266000000000000000e+03,2.769775771787419316e+01
1.267000000000000000e+03,2.809708965987044493e+01
1.268000000000000000e+03,2.822063032336637889e+01
1.269000000000000000e+03,2.809037678649432834e+01
1.270000000000000000e+03,2.786242222264695556e+01
1.271000000000000000e+03,2.772075373512138441e+01
1.272000000000000000e+03,2.775891914751076683e+01
1.273000000000000000e+03,2.812985519173175675e+01
1.274000000000000000e+03,2.795698061860521477e+01
1.275000000000000000e+03,2.791521842729101976e+01
1.276000000000000000e+03,2.781925973295893684e+01
1.277000000000000000e+03,2.783817658802613693e+01
1.278000000000000000e+03,2.785579742561343863e+01
1.279000000000000000e+03,2.777477806896364498e+01
1.280000000000000000e+03,2.814187860811430042e+01
1.281000000000000000e+03,2.795097698533083630e+01
1.282000000000000000e+03,2.762374761070774198e+01
1.283000000000000000e+03,2.763623005637826324e+01
1.284000000000000000e+03,2.809759876135770185e+01
1.285000000000000000e+03,2.773161582726508811e+01
1.286000000000000000e+03,2.783195592419361830e+01
1.287000000000000000e+03,2.772134020453714953e+01
1.288000000000000000e+03,2.765472033006057373e+01
1.289000000000000000e+03,2.773714346447934176e+01
1.290000000000000000e+03,2.776284866027771159e+01
1.291000000000000000e+03,2.791970791931791140e+01
1.292000000000000000e+03,2.786448198530987597e+01
1.293000000000000000e+03,2.732208728410619614e+01
1.294000000000000000e+03,2.840539414766229953e+01
1.295000000000000000e+03,2.862955001328007043e+01
1.296000000000000000e+03,2.844268686613509800e+01
1.297000000000000000e+03,2.855040067949775917e+01
1.298000000000000000e+03,2.864753280392251256e+01
1.299000000000000000e+03,2.829602307866750621e+01
1.300000000000000000e+03,2.851033235660510456e+01
1.301000000000000000e+03,2.853988827463444267e+01
1.302000000000000000e+03,2.851047717277803173e+01
1.303000000000000000e+03,2.837614188324805653e+01
1.304000000000000000e+03,2.877494667071030676e+01
1.305000000000000000e+03,2.879653866263557305e+01
1.306000000000000000e+03,2.865739019272497146e+01
1.307000000000000000e+03,2.910244186077004258e+01
1.308000000000000000e+03,2.873140554530340651e+01
1.309000000000000000e+03,2.856266043269573984e+01
1.310000000000000000e+03,2.865210935573526640e+01
1.311000000000000000e+03,2.948824108400510724e+01
1.312000000000000000e+03,2.919523169081016434e+01
1.313000000000000000e+03,2.896976959228548409e+01
1.314000000000000000e+03,2.906086309200659201e+01
1.315000000000000000e+03,2.902562081422695783e+01
1.316000000000000000e+03,2.963389867411748568e+01
1.317000000000000000e+03,2.959124523442393695e+01
1.318000000000000000e+03,2.965259149029640540e+01
1.319000000000000000e+03,2.970298066956804206e+01
1.320000000000000000e+03,2.949438640224672170e+01
1.321000000000000000e+03,3.013621054442171499e+01
1.322000000000000000e+03,3.030414818449926884e+01
1.323000000000000000e+03,3.038379879135161588e+01
1.324000000000000000e+03,3.062130260038045293e+01
1.325000000000000000e+03,3.076545506554097997e+01
1.326000000000000000e+03,3.102080195484242964e+01
1.327000000000000000e+03,3.139526427771611239e+01
1.328000000000000000e+03,3.185844419860660892e+01
1.329000000000000000e+03,3.193461597811474206e+01
1.330000000000000000e+03,3.210560703506754265e+01
1.331000000000000000e+03,3.258746927528994775e+01
1.332000000000000000e+03,3.258571449868080094e+01
1.333000000000000000e+03,3.364235059644484949e+01
1.334000000000000000e+03,3.402801136900514223e+01
1.335000000000000000e+03,3.423275993859283517e+01
1.336000000000000000e+03,3.460074944721245771e+01
1.337000000000000000e+03,3.545727680127706094e+01
1.338000000000000000e+03,3.582193453010740569e+01
1.339000000000000000e+03,3.636977662529244526e+01
1.340000000000000000e+03,3.663910658941087206e+01
1.341000000000000000e+03,3.698059621582088852e+01
1.342000000000000000e+03,3.774990615128161409e+01
1.343000000000000000e+03,3.865683225642947463e+01
1.344000000000000000e+03,3.902173540383342498e+01
1.345000000000000000e+03,3.956678568899815929e+01
1.346000000000000000e+03,3.997766066070446556e+01
1.347000000000000000e+03,4.081779415509516440e+01
1.348000000000000000e+03,4.153898146879186015e+01
1.349000000000000000e+03,4.215678509748902059e+01
1.350000000000000000e+03,4.273548122285833983e+01
1.351000000000000000e+03,4.336147317840358539e+01
1.352000000000000000e+03,4.429235389224235320e+01
1.353000000000000000e+03,4.481957515033489159e+01
1.354000000000000000e+03,4.554849343539380158e+01
1.355000000000000000e+03,4.579851265545304528e+01
1.356000000000000000e+03,4.647129646210809284e+01
1.357000000000000000e+03,4.694446422447723677e+01
1.358000000000000000e+03,4.777089789434059952e+01
1.359000000000000000e+03,4.843652524951963301e+01
1.360000000000000000e+03,4.876208668840286720e+01
1.361000000000000000e+03,4.923081097166429032e+01
1.362000000000000000e+03,4.944964752511015149e+01
1.363000000000000000e+03,5.022293148675057495e+01
1.364000000000000000e+03,5.083489225711048931e+01
1.365000000000000000e+03,5.145209294301617575e+01
1.366000000000000000e+03,5.134814940274934258e+01
1.367000000000000000e+03,5.208697050181906008e+01
1.368000000000000000e+03,5.247071659135946931e+01
1.369000000000000000e+03,5.328031888531535998e+01
1.370000000000000000e+03,5.344872761126219274e+01
1.371000000000000000e+03,5.361802573140389683e+01
1.372000000000000000e+03,5.386796939767715031e+01
1.373000000000000000e+03,5.418780789946173826e+01
1.374000000000000000e+03,5.420853054259205095e+01
1.375000000000000000e+03,5.463616419732720431e+01
1.376000000000000000e+03,5.498117479135250818e+01
1.377000000000000000e+03,5.479845767382219179e+01
1.378000000000000000e+03,5.547910021219790622e+01
1.379000000000000000e+03,5.572225127467777384e+01
1.380000000000000000e+03,5.563230015776765214e+01
1.381000000000000000e+03,5.559702517846975667e+01
1.382000000000000000e+03,5.587757819553078065e+01
1.383000000000000000e+03,5.587486104964846589e+01
1.384000000000000000e+03,5.614605560758426606e+01
1.385000000000000000e+03,5.656937472374556819e+01
1.386000000000000000e+03,5.659719747558968095e+01
1.387000000000000000e+03,5.645883425719183890e+01
1.388000000000000000e+03,5.643470635314167083e+01
1.389000000000000000e+03,5.650543228418591468e+01
1.390000000000000000e+03,5.653196576673327911e+01
1.391000000000000000e+03,5.655104996895602198e+01
1.392000000000000000e+03,5.680738039705776998e+01
1.393000000000000000e+03,5.668331012439977457e+01
1.394000000000000000e+03,5.664049828631505790e+01
1.395000000000000000e+03,5.663539960146957242e+01
1.396000000000000000e+03,5.670735067494813819e+01
1.397000000000000000e+03,5.658108179367714285e+01
1.398000000000000000e+03,5.652538458862157000e+01
1.399000000000000000e+03,5.695402687210729908e+01
1.400000000000000000e+03,5.681706607955175770e+01
1.401000000000000000e+03,5.721106330359236836e+01
1.402000000000000000e+03,5.680407939853689214e+01
1.403000000000000000e+03,5.683764817888273058e+01
1.404000000000000000e+03,5.700339487861349141e+01
1.405000000000000000e+03,5.676545429993971226e+01
1.406000000000000000e+03,5.713539325264961377e+01
1.407000000000000000e+03,5.695379340708630878e+01
1.408000000000000000e+03,5.689052407721283799e+01
1.409000000000000000e+03,5.680641401351535080e+01
1.410000000000000000e+03,5.661441941999639482e+01
1.411000000000000000e+03,5.719108582591549350e+01
1.412000000000000000e+03,5.698752809888370052e+01
1.413000000000000000e+03,5.744500204775866337e+01
1.414000000000000000e+03,5.693377154517261118e+01
1.415000000000000000e+03,5.695299082363092680e+01
1.416000000000000000e+03,5.673357547096851761e+01
1.417000000000000000e+03,5.688531087500310690e+01
1.418000000000000000e+03,5.694588635421241207e+01
1.419000000000000000e+03,5.697387906892252118e+01
1.420000000000000000e+03,5.691320549165022413e+01
1.421000000000000000e+03,5.728803699828817031e+01
1.422000000000000000e+03,5.723149025650806720e+01
1.423000000000000000e+03,5.707534759473747243e+01
1.424000000000000000e+03,5.738192924691048802e+01
1.425000000000000000e+03,5.739513988864408134e+01
1.426000000000000000e+03,5.678051577855755028e+01
1.427000000000000000e+03,5.705858530587047284e+01
1.428000000000000000e+03,5.708250444689735303e+01
1.429000000000000000e+03,5.680876913786391214e+01
1.430000000000000000e+03,5.662105268504915045e+01
1.431000000000000000e+03,5.657255026385886509e+01
1.432000000000000000e+03,5.650296037399503746e+01
1.433000000000000000e+03,5.672712277626705202e+01
1.434000000000000000e+03,5.687093269841361831e+01
1.435000000000000000e+03,5.669794764983893032e+01
1.436000000000000000e+03,5.692234720262615610e+01
1.437000000000000000e+03,5.710683068037367605e+01
1.438000000000000000e+03,5.683907401665332770e+01
1.439000000000000000e+03,5.692005266955404608e+01
1.440000000000000000e+03,5.664036892644820398e+01
1.441000000000000000e+03,5.676145582298953229e+01
1.442000000000000000e+03,5.712048907600407688e+01
1.443000000000000000e+03,5.707428580990448097e+01
1.444000000000000000e+03,5.692295411689221396e+01
1.445000000000000000e+03,5.697531526101082022e+01
1.446000000000000000e+03,5.680634887821957335e+01
1.447000000000000000e+03,5.688131045695789112e+01
1.448000000000000000e+03,5.689255027165746981e+01
1.449000000000000000e+03,5.687499333270550039e+01
1.450000000000000000e+03,5.682336128239013817e+01
1.451000000000000000e+03,5.689526954153501492e+01
1.452000000000000000e+03,5.675716631830310632e+01
1.453000000000000000e+03,5.710551233614419431e+01
1.454000000000000000e+03,5.674614782594564844e+01
1.455000000000000000e+03,5.665642831282242753e+01
1.456000000000000000e+03,5.675041822124363478e+01
1.457000000000000000e+03,5.690285029282222240e+01
1.458000000000000000e+03,5.702500511556481655e+01
1.459000000000000000e+03,5.689363207127905753e+01
1.460000000000000000e+03,5.722346463345493106e+01
1.461000000000000000e+03,5.711532249266901573e+01
1.462000000000000000e+03,5.724314906295402494e+01
1.463000000000000000e+03,5.705930669229218211e+01
1.464000000000000000e+03,5.733540581606381892e+01
1.465000000000000000e+03,5.720823787838274654e+01
1.466000000000000000e+03,5.698187340637349507e+01
1.467000000000000000e+03,5.734996195352140091e+01
1.468000000000000000e+03,5.729220559714809013e+01
1.469000000000000000e+03,5.719680441003544757e+01
1.470000000000000000e+03,5.736925170661617557e+01
1.471000000000000000e+03,5.713389375108014434e+01
1.472000000000000000e+03,5.697111324181595648e+01
1.473000000000000000e+03,5.742605488388586821e+01
1.474000000000000000e+03,5.755610250186547461e+01
1.475000000000000000e+03,5.719444801871933493e+01
1.476000000000000000e+03,5.731484105114280680e+01
1.477000000000000000e+03,5.706366103940659684e+01
1.478000000000000000e+03,5.734919910500710216e+01
1.479000000000000000e+03,5.766977591572769768e+01
1.480000000000000000e+03,5.746306971926718887e+01
1.481000000000000000e+03,5.759207522762542908e+01
1.482000000000000000e+03,5.718209256301053500e+01
1.483000000000000000e+03,5.751464911908006883e+01
1.484000000000000000e+03,5.755560431207124594e+01
1.485000000000000000e+03,5.727146047394305839e+01
1.486000000000000000e+03,5.742382295712303630e+01
1.487000000000000000e+03,5.737486044925738327e+01
1.488000000000000000e+03,5.762147711962411023e+01
1.489000000000000000e+03,5.746935149762636996e+01
1.490000000000000000e+03,5.759905872909433810e+01
1.491000000000000000e+03,5.761253457196209382e+01
1.492000000000000000e+03,5.740194518567370352e+01
1.493000000000000000e+03,5.733237364186885543e+01
1.494000000000000000e+03,5.716929021194304283e+01
1.495000000000000000e+03,5.777487974455150521e+01
1.496000000000000000e+03,5.748841440817101756e+01
1.497000000000000000e+03,5.743005023608625947e+01
1.498000000000000000e+03,5.743316137508891472e+01
1.499000000000000000e+03,5.762046483479056747e+01
1.500000000000000000e+03,5.698582200746905357e+01
1.501000000000000000e+03,5.730731437058038580e+01
1.502000000000000000e+03,5.751241221499503098e+01
1.503000000000000000e+03,5.653234155667671956e+01
1.504000000000000000e+03,5.710604718560531268e+01
1.505000000000000000e+03,5.700555423715177028e+01
1.506000000000000000e+03,5.696235188261994153e+01
1.507000000000000000e+03,5.722209896871382284e+01
1.508000000000000000e+03,5.723943131282590713e+01
1.509000000000000000e+03,5.674084830162475157e+01
1.510000000000000000e+03,5.692948822525370645e+01
1.511000000000000000e+03,5.687962455185378730e+01
1.512000000000000000e+03,5.709848071433960826e+01
1.513000000000000000e+03,5.701522089282395456e+01
1.514000000000000000e+03,5.677790537744634491e+01
1.515000000000000000e+03,5.683054803920640552e+01
1.516000000000000000e+03,5.695382063373210002e+01
1.517000000000000000e+03,5.705089359657404913e+01
1.518000000000000000e+03,5.693371253332904303e+01
1.519000000000000000e+03,5.693490108142147932e+01
1.520000000000000000e+03,5.704275525369267541e+01
1.521000000000000000e+03,5.748247370937993139e+01
1.522000000000000000e+03,5.706785789335364711e+01
1.523000000000000000e+03,5.716199688562088710e+01
1.524000000000000000e+03,5.710620682081636801e+01
1.525000000000000000e+03,5.708353845846850305e+01
1.526000000000000000e+03,5.687420972443848655e+01
1.527000000000000000e+03,5.737694629631156573e+01
1.528000000000000000e+03,5.732254000908358904e+01
1.529000000000000000e+03,5.698382602924530005e+01
1.530000000000000000e+03,5.720055196400197417e+01
1.531000000000000000e+03,5.690998111326116771e+01
1.532000000000000000e+03,5.746197617075370090e+01
1.533000000000000000e+03,5.733240694036150842e+01
1.534000000000000000e+03,5.725004870651950029e+01
1.535000000000000000e+03,5.728406654224614414e+01
1.536000000000000000e+03,5.736074057034338836e+01
1.537000000000000000e+03,5.722548427187849995e+01
1.538000000000000000e+03,5.719716659630961431e+01
1.539000000000000000e+03,5.729619852149607340e+01
1.540000000000000000e+03,5.703965833249265671e+01
1.541000000000000000e+03,5.721022907527874679e+01
1.542000000000000000e+03,5.702272407350287153e+01
1.543000000000000000e+03,5.728760096430347204e+01
1.544000000000000000e+03,5.745686258392384360e+01
1.545000000000000000e+03,5.738239361501791080e+01
1.546000000000000000e+03,5.723977902211580471e+01
1.547000000000000000e+03,5.703447289397963260e+01
1.548000000000000000e+03,5.717801820355570186e+01
1.549000000000000000e+03,5.742511685704108970e+01
1.550000000000000000e+03,5.703156380678639437e+01
1.551000000000000000e+03,5.719675417525532168e+01
1.552000000000000000e+03,5.724568002518927301e+01
1.553000000000000000e+03,5.713081225563221466e+01
1.554000000000000000e+03,5.736600901979994660e+01
1.555000000000000000e+03,5.693032787759419477e+01
1.556000000000000000e+03,5.705006278313783241e+01
1.557000000000000000e+03,5.706973144741535720e+01
1.558000000000000000e+03,5.720264054018483080e+01
1.559000000000000000e+03,5.704906483285925844e+01
1.560000000000000000e+03,5.728179608491603148e+01
1.561000000000000000e+03,5.707689180549075303e+01
1.562000000000000000e+03,5.665461241586237406e+01
1.563000000000000000e+03,5.702335603981208578e+01
1.564000000000000000e+03,5.697232884403982212e+01
1.565000000000000000e+03,5.672004876520140471e+01
1.566000000000000000e+03,5.666018497013256905e+01
1.567000000000000000e+03,5.668935907785427730e+01
1.568000000000000000e+03,5.664978980619031290e+01
1.569000000000000000e+03,5.657475294570216562e+01
1.570000000000000000e+03,5.694764892589696359e+01
1.571000000000000000e+03,5.636273664947766804e+01
1.572000000000000000e+03,5.701395830331320269e+01
1.573000000000000000e+03,5.672735789732981715e+01
1.574000000000000000e+03,5.669349121740479092e+01
1.575000000000000000e+03,5.679810734250715853e+01
1.576000000000000000e+03,5.647788325148222555e+01
1.577000000000000000e+03,5.653937013201032613e+01
1.578000000000000000e+03,5.645311931099394087e+01
1.579000000000000000e+03,5.677737262336437141e+01
1.580000000000000000e+03,5.678918321437832617e+01
1.581000000000000000e+03,5.690316673170677575e+01
1.582000000000000000e+03,5.666122224658806772e+01
1.583000000000000000e+03,5.670251902615327566e+01
1.584000000000000000e+03,5.673045552548399684e+01
1.585000000000000000e+03,5.702192958445209570e+01
1.586000000000000000e+03,5.673366282535922522e+01
1.587000000000000000e+03,5.693586714412476368e+01
1.588000000000000000e+03,5.671352363535256558e+01
1.589000000000000000e+03,5.663985545614208661e+01
1.590000000000000000e+03,5.667096788554037801e+01
1.591000000000000000e+03,5.690058136193043481e+01
1.592000000000000000e+03,5.680264761293324227e+01
1.593000000000000000e+03,5.672066432765771538e+01
1.594000000000000000e+03,5.714877236212629441e+01
1.595000000000000000e+03,5.732590191217288833e+01
1.596000000000000000e+03,5.708933698639278020e+01
1.597000000000000000e+03,5.742340789157835701e+01
1.598000000000000000e+03,5.720214425737183461e+01
1.599000000000000000e+03,5.713947469499785115e+01
1.600000000000000000e+03,5.738522857771720709e+01
1.601000000000000000e+03,5.719619423652562062e+01
1.602000000000000000e+03,5.761379888004549343e+01
1.603000000000000000e+03,5.699765481529969691e+01
1.604000000000000000e+03,5.745891586086343494e+01
1.605000000000000000e+03,5.745389036644402125e+01
1.606000000000000000e+03,5.751215552734790748e+01
1.607000000000000000e+03,5.743003189837492783e+01
1.608000000000000000e+03,5.752154223906289587e+01
1.609000000000000000e+03,5.756754405103401240e+01
1.610000000000000000e+03,5.782944407744435011e+01
1.611000000000000000e+03,5.769762411916843803e+01
1.612000000000000000e+03,5.761372754327392443e+01
1.613000000000000000e+03,5.760574822463906486e+01
1.614000000000000000e+03,5.744013328994257250e+01
1.615000000000000000e+03,5.791767458768703136e+01
1.616000000000000000e+03,5.810833001682154730e+01
1.617000000000000000e+03,5.799395438988489815e+01
1.618000000000000000e+03,5.828567018590101156e+01
1.619000000000000000e+03,5.822398709124158955e+01
1.620000000000000000e+03,5.854387206875275496e+01
1.621000000000000000e+03,5.863624721357312808e+01
1.622000000000000000e+03,5.918857757474738435e+01
1.623000000000000000e+03,5.890362966309847081e+01
1.624000000000000000e+03,5.918690753205506638e+01
1.625000000000000000e+03,5.923218108905808066e+01
1.626000000000000000e+03,5.978319298815505078e+01
1.627000000000000000e+03,5.975556280513848861e+01
1.628000000000000000e+03,6.042263883004716263e+01
1.629000000000000000e+03,6.036792297122783424e+01
1.630000000000000000e+03,6.084697356016850733e+01
1.631000000000000000e+03,6.073899061448132386e+01
1.632000000000000000e+03,6.153920281767717171e+01
1.633000000000000000e+03,6.189562557958721811e+01
1.634000000000000000e+03,6.213705014950020455e+01
1.635000000000000000e+03,6.225913768287811934e+01
1.636000000000000000e+03,6.281069546396700076e+01
1.637000000000000000e+03,6.338195756440363482e+01
1.638000000000000000e+03,6.380190423718747894e+01
1.639000000000000000e+03,6.405995148038998366e+01
1.640000000000000000e+03,6.464632305733705664e+01
1.641000000000000000e+03,6.526912392224117809e+01
1.642000000000000000e+03,6.585671060247311459e+01
1.643000000000000000e+03,6.661173420172279691e+01
1.644000000000000000e+03,6.736690397907435113e+01
1.645000000000000000e+03,6.770133850103088946e+01
1.646000000000000000e+03,6.845948926105684507e+01
1.647000000000000000e+03,6.889549684621516690e+01
1.648000000000000000e+03,6.952231368675136025e+01
1.649000000000000000e+03,7.005245648555171556e+01
1.650000000000000000e+03,7.060371581165087207e+01
1.651000000000000000e+03,7.133396594790377776e+01
1.652000000000000000e+03,7.232154899157367822e+01
1.653000000000000000e+03,7.265673048284412516e+01
1.654000000000000000e+03,7.372479913001045304e+01
1.655000000000000000e+03,7.394367005594918396e+01
1.656000000000000000e+03,7.448180881264022446e+01
1.657000000000000000e+03,7.495690568721508384e+01
1.658000000000000000e+03,7.553987191908777277e+01
1.659000000000000000e+03,7.630597165175052510e+01
1.660000000000000000e+03,7.691605394284378860e+01
1.661000000000000000e+03,7.706562250229821132e+01
1.662000000000000000e+03,7.736023282324765660e+01
1.663000000000000000e+03,7.800737272544795076e+01
1.664000000000000000e+03,7.813498961248951957e+01
1.665000000000000000e+03,7.903564177631312759e+01
1.666000000000000000e+03,7.885334166605328221e+01
1.667000000000000000e+03,7.916977442585003644e+01
1.668000000000000000e+03,7.959700434263814373e+01
1.669000000000000000e+03,8.019268540279911406e+01
1.670000000000000000e+03,8.060015049578467483e+01
1.671000000000000000e+03,8.076508786882075697e+01
1.672000000000000000e+03,8.099366219072075523e+01
1.673000000000000000e+03,8.094546369286479148e+01
1.674000000000000000e+03,8.143920999473094469e+01
1.675000000000000000e+03,8.199567755630812371e+01
1.676000000000000000e+03,8.174920015171299781e+01
1.677000000000000000e+03,8.213285927389520680e+01
1.678000000000000000e+03,8.237961617854804786e+01
1.679000000000000000e+03,8.264085383379929795e+01
1.680000000000000000e+03,8.284532955100054608e+01
1.681000000000000000e+03,8.290323456541656810e+01
1.682000000000000000e+03,8.245999810497477256e+01
1.683000000000000000e+03,8.238875697840261125e+01
1.684000000000000000e+03,8.282634165275496230e+01
1.685000000000000000e+03,8.274198287408158592e+01
1.686000000000000000e+03,8.301882400667629724e+01
1.687000000000000000e+03,8.265103049428620352e+01
1.688000000000000000e+03,8.296887878705840080e+01
1.689000000000000000e+03,8.340378953910627047e+01
1.690000000000000000e+03,8.310576629098846979e+01
1.691000000000000000e+03,8.356729314309218637e+01
1.692000000000000000e+03,8.341451430745372875e+01
1.693000000000000000e+03,8.327338382952045492e+01
1.694000000000000000e+03,8.354881984413808027e+01
1.695000000000000000e+03,8.370041135421118383e+01
1.696000000000000000e+03,8.412851412140430796e+01
1.697000000000000000e+03,8.362777267044664598e+01
1.698000000000000000e+03,8.400766391499949748e+01
1.699000000000000000e+03,8.384884382406090708e+01
1.700000000000000000e+03,8.420300886329967227e+01
1.701000000000000000e+03,8.420180657919593159e+01
1.702000000000000000e+03,8.402033826438479025e+01
1.703000000000000000e+03,8.405742182224057046e+01
1.704000000000000000e+03,8.391417905532389909e+01
1.705000000000000000e+03,8.399549148072776461e+01
1.706000000000000000e+03,8.428532497048949779e+01
1.707000000000000000e+03,8.410778255111328860e+01
1.708000000000000000e+03,8.396236206441005834e+01
1.709000000000000000e+03,8.363406714425038047e+01
1.710000000000000000e+03,8.431323193024711316e+01
1.711000000000000000e+03,8.403666752408796015e+01
1.712000000000000000e+03,8.418864064244255019e+01
1.713000000000000000e+03,8.393825661480428835e+01
1.714000000000000000e+03,8.381521294069581529e+01
1.715000000000000000e+03,8.401988308438517095e+01
1.716000000000000000e+03,8.428126831391753626e+01
1.717000000000000000e+03,8.394396947721233460e+01
1.718000000000000000e+03,8.393343943372182991e+01
1.719000000000000000e+03,8.408039602955892633e+01
1.720000000000000000e+03,8.385053410578872501e+01
1.721000000000000000e+03,8.388340925548315852e+01
1.722000000000000000e+03,8.417561990277468453e+01
1.723000000000000000e+03,8.419081996317818550e+01
1.724000000000000000e+03,8.397938398928150150e+01
1.725000000000000000e+03,8.400329711974937652e+01
1.726000000000000000e+03,8.402022535820184146e+01
1.727000000000000000e+03,8.409444073397509101e+01
1.728000000000000000e+03,8.422367441806414945e+01
1.729000000000000000e+03,8.426272046379266101e+01
1.730000000000000000e+03,8.386012760724911175e+01
1.731000000000000000e+03,8.409096632962585716e+01
1.732000000000000000e+03,8.420791170618628030e+01
1.733000000000000000e+03,8.394706907384831140e+01
1.734000000000000000e+03,8.426354483248549343e+01
1.735000000000000000e+03,8.396200500430536806e+01
1.736000000000000000e+03,8.391881430033750178e+01
1.737000000000000000e+03,8.470493904950593844e+01
1.738000000000000000e+03,8.454034433592889286e+01
1.739000000000000000e+03,8.433604074248539462e+01
1.740000000000000000e+03,8.415795839512087184e+01
1.741000000000000000e+03,8.434359890953713546e+01
1.742000000000000000e+03,8.431015134912237841e+01
1.743000000000000000e+03,8.458995653619342647e+01
1.744000000000000000e+03,8.450585913826526507e+01
1.745000000000000000e+03,8.409192992568375757e+01
1.746000000000000000e+03,8.418069156528743235e+01
1.747000000000000000e+03,8.417467528987432956e+01
1.748000000000000000e+03,8.436577772995700286e+01
1.749000000000000000e+03,8.457575936672098749e+01
1.750000000000000000e+03,8.436172827895161674e+01
1.751000000000000000e+03,8.428102852305403303e+01
1.752000000000000000e+03,8.391729008344044871e+01
1.753000000000000000e+03,8.458750168219604859e+01
1.754000000000000000e+03,8.412020189991588381e+01
1.755000000000000000e+03,8.415832624793418404e+01
1.756000000000000000e+03,8.411132027951506984e+01
1.757000000000000000e+03,8.399214353627468199e+01
1.758000000000000000e+03,8.423488640404565331e+01
1.759000000000000000e+03,8.413934588805688009e+01
1.760000000000000000e+03,8.437693146152568602e+01
1.761000000000000000e+03,8.436017275001313465e+01
1.762000000000000000e+03,8.407190264863469054e+01
1.763000000000000000e+03,8.409934114014001239e+01
1.764000000000000000e+03,8.464921657155665002e+01
1.765000000000000000e+03,8.449148834798891983e+01
1.766000000000000000e+03,8.401811948531018004e+01
1.767000000000000000e+03,8.422714990911498489e+01
1.768000000000000000e+03,8.455336926310654633e+01
1.769000000000000000e+03,8.439421858513796337e+01
1.770000000000000000e+03,8.430021813383552853e+01
1.771000000000000000e+03,8.404514560616776464e+01
1.772000000000000000e+03,8.391967632615875061e+01
1.773000000000000000e+03,8.429253501292002682e+01
1.774000000000000000e+03,8.415327425489574864e+01
1.775000000000000000e+03,8.442605731256510637e+01
1.776000000000000000e+03,8.434900326334297915e+01
1.777000000000000000e+03,8.418716187159017750e+01
1.778000000000000000e+03,8.404533608718409710e+01
1.779000000000000000e+03,8.431887582188690544e+01
1.780000000000000000e+03,8.457328189925604534e+01
1.781000000000000000e+03,8.425258011459328600e+01
1.782000000000000000e+03,8.414651220140140708e+01
1.783000000000000000e+03,8.413010679602176367e+01
1.784000000000000000e+03,8.429515448037342651e+01
1.785000000000000000e+03,8.445309969565771269e+01
1.786000000000000000e+03,8.446010070575839279e+01
1.787000000000000000e+03,8.437610780470831173e+01
1.788000000000000000e+03,8.417348163247827131e+01
1.789000000000000000e+03,8.416565978119949420e+01
1.790000000000000000e+03,8.433307478825035730e+01
1.791000000000000000e+03,8.457881691890034404e+01
1.792000000000000000e+03,8.444790904832797196e+01
1.793000000000000000e+03,8.419656751961338159e+01
1.794000000000000000e+03,8.434402874559617658e+01
1.795000000000000000e+03,8.433804352345256916e+01
1.796000000000000000e+03,8.438722902660367708e+01
1.797000000000000000e+03,8.474529120000718763e+01
1.798000000000000000e+03,8.412893561009994414e+01
1.799000000000000000e+03,8.442030527481189495e+01
1.800000000000000000e+03,8.410878713451066346e+01
1.801000000000000000e+03,8.433085763286095471e+01
1.802000000000000000e+03,8.440001111853868565e+01
1.803000000000000000e+03,8.441349570723888007e+01
1.804000000000000000e+03,8.425609054464152337e+01
1.805000000000000000e+03,8.440004406095798117e+01
1.806000000000000000e+03,8.430204920495403087e+01
1.807000000000000000e+03,8.473123008439523574e+01
1.808000000000000000e+03,8.447760719337043156e+01
1.809000000000000000e+03,8.438196354045335568e+01
1.810000000000000000e+03,8.396830936130047007e+01
1.811000000000000000e+03,8.433042020655680915e+01
1.812000000000000000e+03,8.441032458653018011e+01
1.813000000000000000e+03,8.429533394697321569e+01
1.814000000000000000e+03,8.461795235900491718e+01
1.815000000000000000e+03,8.462805390816994588e+01
1.816000000000000000e+03,8.501752926112415309e+01
1.817000000000000000e+03,8.444688954373627610e+01
1.818000000000000000e+03,8.486067985980049855e+01
1.819000000000000000e+03,8.437362776033180012e+01
1.820000000000000000e+03,8.438796279626514263e+01
1.821000000000000000e+03,8.446288621886850478e+01
1.822000000000000000e+03,8.473152365865648505e+01
1.823000000000000000e+03,8.453630898829904083e+01
1.824000000000000000e+03,8.474129024828097556e+01
1.825000000000000000e+03,8.417030916488245396e+01
1.826000000000000000e+03,8.478891618680903264e+01
1.827000000000000000e+03,8.462623357966205617e+01
1.828000000000000000e+03,8.489672492090865319e+01
1.829000000000000000e+03,8.428496251492839519e+01
1.830000000000000000e+03,8.418173195593431046e+01
1.831000000000000000e+03,8.445051831934206632e+01
1.832000000000000000e+03,8.437514108955497250e+01
1.833000000000000000e+03,8.465084438258564603e+01
1.834000000000000000e+03,8.439883279982161923e+01
1.835000000000000000e+03,8.436195379491955748e+01
1.836000000000000000e+03,8.444443398829621117e+01
1.837000000000000000e+03,8.446107356925718079e+01
1.838000000000000000e+03,8.468554004711842254e+01
1.839000000000000000e+03,8.460347141152998063e+01
1.840000000000000000e+03,8.392103545680232912e+01
1.841000000000000000e+03,8.434229640176144471e+01
1.842000000000000000e+03,8.427021055318920162e+01
1.843000000000000000e+03,8.432134473944444153e+01
1.844000000000000000e+03,8.413678807151714523e+01
1.845000000000000000e+03,8.384862712601484702e+01
1.846000000000000000e+03,8.357101278984751502e+01
1.847000000000000000e+03,8.416954399051820701e+01
1.848000000000000000e+03,8.397030075056969167e+01
1.849000000000000000e+03,8.375581573944735680e+01
1.850000000000000000e+03,8.420402442030709267e+01
1.851000000000000000e+03,8.377653912094496036e+01
1.852000000000000000e+03,8.394802486111176165e+01
1.853000000000000000e+03,8.405729256378936043e+01
1.854000000000000000e+03,8.408574624523662067e+01
1.855000000000000000e+03,8.402325195566122318e+01
1.856000000000000000e+03,8.416507080377836303e+01
1.857000000000000000e+03,8.421887494361654092e+01
1.858000000000000000e+03,8.448083060503482500e+01
1.859000000000000000e+03,8.415460073563460242e+01
1.860000000000000000e+03,8.419036496499367672e+01
1.861000000000000000e+03,8.412680489179241761e+01
1.862000000000000000e+03,8.396781600443125626e+01
1.863000000000000000e+03,8.451786169080629918e+01
1.864000000000000000e+03,8.449143824177716056e+01
1.865000000000000000e+03,8.433801974956379865e+01
1.866000000000000000e+03,8.444592966228216824e+01
1.867000000000000000e+03,8.433549205640422031e+01
1.868000000000000000e+03,8.433577239139918902e+01
1.869000000000000000e+03,8.442117700084045850e+01
1.870000000000000000e+03,8.444509775076514302e+01
1.871000000000000000e+03,8.423919197817488680e+01
1.872000000000000000e+03,8.407531020973858915e+01
1.873000000000000000e+03,8.417090844024842511e+01
1.874000000000000000e+03,8.446396979067012012e+01
1.875000000000000000e+03,8.465541438376052952e+01
1.876000000000000000e+03,8.416922595937519702e+01
1.877000000000000000e+03,8.423875567683153065e+01
1.878000000000000000e+03,8.435783374031156256e+01
1.879000000000000000e+03,8.436093950170207734e+01
1.880000000000000000e+03,8.451184066693279817e+01
1.881000000000000000e+03,8.405882906133982146e+01
1.882000000000000000e+03,8.428484834861316699e+01
1.883000000000000000e+03,8.408480945706605780e+01
1.884000000000000000e+03,8.418358118013026115e+01
1.885000000000000000e+03,8.422461574491838121e+01
1.886000000000000000e+03,8.398226004335961647e+01
1.887000000000000000e+03,8.409153018178331251e+01
1.888000000000000000e+03,8.393151503221156418e+01
1.889000000000000000e+03,8.433883588913248275e+01
1.890000000000000000e+03,8.417851492590550322e+01
1.891000000000000000e+03,8.458834372913472066e+01
1.892000000000000000e+03,8.406908279039376453e+01
1.893000000000000000e+03,8.397286567339486396e+01
1.894000000000000000e+03,8.423483188059023519e+01
1.895000000000000000e+03,8.430209152488500024e+01
1.896000000000000000e+03,8.402599265562514574e+01
1.897000000000000000e+03,8.458081024363065126e+01
1.898000000000000000e+03,8.437846533788277270e+01
1.899000000000000000e+03,8.411633756903853509e+01
1.900000000000000000e+03,8.427875827617987170e+01
1.901000000000000000e+03,8.445563520664114776e+01
1.902000000000000000e+03,8.464395467874552992e+01
1.903000000000000000e+03,8.424067540458437975e+01
1.904000000000000000e+03,8.451141084646157253e+01
1.905000000000000000e+03,8.430214571326519035e+01
1.906000000000000000e+03,8.484854875093805049e+01
1.907000000000000000e+03,8.489771070159139299e+01
1.908000000000000000e+03,8.465895430588990678e+01
1.909000000000000000e+03,8.480882988911334053e+01
1.910000000000000000e+03,8.488541132587633342e+01
1.911000000000000000e+03,8.490286520726307629e+01
1.912000000000000000e+03,8.539237902072962072e+01
1.913000000000000000e+03,8.527927864387368118e+01
1.914000000000000000e+03,8.533496095233162748e+01
1.915000000000000000e+03,8.557987289162527134e+01
1.916000000000000000e+03,8.564475578369885511e+01
1.917000000000000000e+03,8.599883002593362846e+01
1.918000000000000000e+03,8.577212785163143849e+01
1.919000000000000000e+03,8.610812555165733784e+01
1.920000000000000000e+03,8.613299385615789561e+01
1.921000000000000000e+03,8.626436287337170938e+01
1.922000000000000000e+03,8.648732635321786688e+01
1.923000000000000000e+03,8.648331294116435686e+01
1.924000000000000000e+03,8.674237154298386088e+01
1.925000000000000000e+03,8.685167074036175450e+01
1.926000000000000000e+03,8.718704809953446500e+01
1.927000000000000000e+03,8.770138955176348361e+01
1.928000000000000000e+03,8.784996889682570043e+01
1.929000000000000000e+03,8.776370533868070822e+01
1.930000000000000000e+03,8.762434111057591224e+01
1.931000000000000000e+03,8.802388928508365495e+01
1.932000000000000000e+03,8.897665040336116249e+01
1.933000000000000000e+03,8.899976276080180071e+01
1.934000000000000000e+03,8.960558146664489243e+01
1.935000000000000000e+03,8.963632477825667877e+01
1.936000000000000000e+03,9.031938078654670221e+01
1.937000000000000000e+03,9.094313818361295887e+01
1.938000000000000000e+03,9.135431689197837102e+01
1.939000000000000000e+03,9.176756165104313823e+01
1.940000000000000000e+03,9.201439376308714202e+01
1.941000000000000000e+03,9.250410067804627090e+01
1.942000000000000000e+03,9.319024762808331275e+01
1.943000000000000000e+03,9.397135438421007336e+01
1.944000000000000000e+03,9.457474407411406503e+01
1.945000000000000000e+03,9.493393276629930710e+01
1.946000000000000000e+03,9.583983474352970688e+01
1.947000000000000000e+03,9.610702251367622750e+01
1.948000000000000000e+03,9.699764361063876095e+01
1.949000000000000000e+03,9.753421199627040039e+01
1.950000000000000000e+03,9.818537142555422292e+01
1.951000000000000000e+03,9.877562122249972276e+01
1.952000000000000000e+03,9.933952727335204713e+01
1.953000000000000000e+03,1.000020097554980367e+02
1.954000000000000000e+03,1.008016254423541653e+02
1.955000000000000000e+03,1.016376491207456070e+02
1.956000000000000000e+03,1.015590998639401192e+02
1.957000000000000000e+03,1.024432186221211936e+02
1.958000000000000000e+03,1.025790902974899126e+02
1.959000000000000000e+03,1.040613206475287029e+02
1.960000000000000000e+03,1.045075848676883936e+02
1.961000000000000000e+03,1.049980378737591025e+02
1.962000000000000000e+03,1.057470596187389305e+02
1.963000000000000000e+03,1.059961673321696480e+02
1.964000000000000000e+03,1.068405425030748148e+02
1.965000000000000000e+03,1.069036047322445171e+02
1.966000000000000000e+03,1.071839328038988839e+02
1.967000000000000000e+03,1.075655059549733465e+02
1.968000000000000000e+03,1.081224968750058366e+02
1.969000000000000000e+03,1.085951628564570655e+02
1.970000000000000000e+03,1.087435799769562834e+02
1.971000000000000000e+03,1.088311132449107248e+02
1.972000000000000000e+03,1.091041884229665158e+02
1.973000000000000000e+03,1.094480593868073157e+02
1.974000000000000000e+03,1.104225507991227886e+02
1.975000000000000000e+03,1.102437530335677849e+02
1.976000000000000000e+03,1.102422842800451406e+02
1.977000000000000000e+03,1.104573330691344921e+02
1.978000000000000000e+03,1.104926523015490289e+02
1.979000000000000000e+03,1.111134604655180738e+02
1.980000000000000000e+03,1.110240351824386522e+02
1.981000000000000000e+03,1.112475251825706835e+02
1.982000000000000000e+03,1.112801677980248911e+02
1.983000000000000000e+03,1.113283966071337119e+02
1.984000000000000000e+03,1.115398129311026878e+02
1.985000000000000000e+03,1.122225780491323235e+02
1.986000000000000000e+03,1.117556127173102425e+02
1.987000000000000000e+03,1.113670201089957175e+02
1.988000000000000000e+03,1.120016567343622000e+02
1.989000000000000000e+03,1.119944305566872202e+02
1.990000000000000000e+03,1.124218946380642024e+02
1.991000000000000000e+03,1.124471249180634942e+02
1.992000000000000000e+03,1.124506027111641799e+02
1.993000000000000000e+03,1.120219689964726655e+02
1.994000000000000000e+03,1.124270497425748658e+02
1.995000000000000000e+03,1.124672104256017633e+02
1.996000000000000000e+03,1.122746105094683031e+02
1.997000000000000000e+03,1.125557106962313867e+02
1.998000000000000000e+03,1.125119120121808862e+02
1.999000000000000000e+03,1.129694092415451934e+02
2.000000000000000000e+03,1.127863115240118077e+02
2.001000000000000000e+03,1.126200493517057737e+02
2.002000000000000000e+03,1.126909547854190379e+02
2.003000000000000000e+03,1.123535416199854637e+02
2.004000000000000000e+03,1.124881902035417340e+02
2.005000000000000000e+03,1.127057856745017119e+02
2.006000000000000000e+03,1.129588201307465738e+02
2.007000000000000000e+03,1.131710460960484141e+02
2.008000000000000000e+03,1.129419090282033977e+02
2.009000000000000000e+03,1.129737233738664628e+02
2.010000000000000000e+03,1.130768544884661537e+02
2.011000000000000000e+03,1.132296682279488209e+02
2.012000000000000000e+03,1.133007214691475610e+02
2.013000000000000000e+03,1.132137875367163673e+02
2.014000000000000000e+03,1.130174869011098195e+02
2.015000000000000000e+03,1.131119329791091985e+02
2.016000000000000000e+03,1.130434927157679681e+02
2.017000000000000000e+03,1.131881092799000896e+02
2.018000000000000000e+03,1.133705526282863190e+02
2.019000000000000000e+03,1.130667809856208521e+02
2.020000000000000000e+03,1.130279024385006323e+02
2.021000000000000000e+03,1.130923607914288453e+02
2.022000000000000000e+03,1.131529960163625219e+02
2.023000000000000000e+03,1.132285557632044259e+02
2.024000000000000000e+03,1.129987443371700238e+02
2.025000000000000000e+03,1.128899993432470268e+02
2.026000000000000000e+03,1.132776104866932059e+02
2.027000000000000000e+03,1.131357145076232058e+02
2.028000000000000000e+03,1.132209278708434823e+02
2.029000000000000000e+03,1.130651094657916786e+02
2.030000000000000000e+03,1.131843630279989270e+02
2.031000000000000000e+03,1.130980909611327547e+02
2.032000000000000000e+03,1.133245649608146692e+02
2.033000000000000000e+03,1.132540441266127402e+02
2.034000000000000000e+03,1.131497578737012617e+02
2.035000000000000000e+03,1.130780577577885424e+02
2.036000000000000000e+03,1.130688579019716542e+02
2.037000000000000000e+03,1.130027491862656035e+02
2.038000000000000000e+03,1.125904847082110507e+02
2.039000000000000000e+03,1.128772849097325661e+02
2.040000000000000000e+03,1.127480957019810006e+02
2.041000000000000000e+03,1.129830369144389124e+02
2.042000000000000000e+03,1.130173989621417405e+02
2.043000000000000000e+03,1.129201273610707119e+02
2.044000000000000000e+03,1.129289441669045857e+02
2.045000000000000000e+03,1.127718952592420010e+02
2.046000000000000000e+03,1.130504853326912951e+02
2.047000000000000000e+03,1.128294628640083488e+02
2.048000000000000000e+03,1.130118463614990958e+02
2.049000000000000000e+03,1.130754602489477776e+02
2.050000000000000000e+03,1.130184385323033212e+02
2.051000000000000000e+03,1.127605369880695179e+02
2.052000000000000000e+03,1.128128800198857391e+02
2.053000000000000000e+03,1.129737765305019366e+02
2.054000000000000000e+03,1.129064509177802620e+02
2.055000000000000000e+03,1.129882354616309641e+02
2.056000000000000000e+03,1.128964555094421343e+02
2.057000000000000000e+03,1.127409351276802170e+02
2.058000000000000000e+03,1.127403690217148551e+02
2.059000000000000000e+03,1.131238657226955553e+02
2.060000000000000000e+03,1.130495786234210982e+02
2.061000000000000000e+03,1.127349993636467929e+02
2.062000000000000000e+03,1.128538952822034105e+02
2.063000000000000000e+03,1.128748081601671203e+02
2.064000000000000000e+03,1.125375451662934552e+02
2.065000000000000000e+03,1.128609563777914531e+02
2.066000000000000000e+03,1.129597886249088816e+02
2.067000000000000000e+03,1.127500261900552516e+02
2.068000000000000000e+03,1.126607732285756924e+02
2.069000000000000000e+03,1.131226156718061873e+02
2.070000000000000000e+03,1.130175733942527785e+02
2.071000000000000000e+03,1.128921961654689596e+02
2.072000000000000000e+03,1.123751044441506082e+02
2.073000000000000000e+03,1.129879317818728879e+02
2.074000000000000000e+03,1.132021373682559044e+02
2.075000000000000000e+03,1.130658046112947233e+02
2.076000000000000000e+03,1.129729132809987533e+02
2.077000000000000000e+03,1.127961368047176762e+02
2.078000000000000000e+03,1.126771746607379470e+02
2.079000000000000000e+03,1.132941937016189797e+02
2.080000000000000000e+03,1.130511988495134545e+02
2.081000000000000000e+03,1.130570030570272877e+02
2.082000000000000000e+03,1.127265308859101651e+02
2.083000000000000000e+03,1.128633492853040963e+02
2.084000000000000000e+03,1.131467455286388173e+02
2.085000000000000000e+03,1.130330736574152866e+02
2.086000000000000000e+03,1.128609752498886820e+02
2.087000000000000000e+03,1.130116181574865095e+02
2.088000000000000000e+03,1.130973952690956708e+02
2.089000000000000000e+03,1.131322066290913284e+02
2.090000000000000000e+03,1.131895398979217475e+02
2.091000000000000000e+03,1.132225899084091623e+02
2.092000000000000000e+03,1.129535703200929362e+02
2.093000000000000000e+03,1.129768900649687424e+02
2.094000000000000000e+03,1.131557753933080761e+02
2.095000000000000000e+03,1.131217819370795894e+02
2.096000000000000000e+03,1.130742827211276165e+02
2.097000000000000000e+03,1.127978993805468946e+02
2.098000000000000000e+03,1.129887051012520374e+02
2.099000000000000000e+03,1.128343550843211034e+02
2.100000000000000000e+03,1.134693847076121358e+02
2.101000000000000000e+03,1.134318084535370730e+02
2.102000000000000000e+03,1.133873727376662970e+02
2.103000000000000000e+03,1.131616617550564854e+02
2.104000000000000000e+03,1.129141524895732971e+02
2.105000000000000000e+03,1.131612487181020867e+02
2.106000000000000000e+03,1.135329650457816797e+02
2.107000000000000000e+03,1.132261306260543847e+02
2.108000000000000000e+03,1.132288556184853832e+02
2.109000000000000000e+03,1.129687597975118507e+02
2.110000000000000000e+03,1.132482878453418351e+02
2.111000000000000000e+03,1.132571414672618744e+02
2.112000000000000000e+03,1.128126319556352826e+02
2.113000000000000000e+03,1.123766188313305463e+02
2.114000000000000000e+03,1.130513301495261231e+02
2.115000000000000000e+03,1.131684004139310247e+02
2.116000000000000000e+03,1.133308326140302995e+02
2.117000000000000000e+03,1.129624555895878046e+02
2.118000000000000000e+03,1.131040357046460230e+02
2.119000000000000000e+03,1.130238925504519756e+02
2.120000000000000000e+03,1.126782468261241519e+02
2.121000000000000000e+03,1.132134704482508027e+02
2.122000000000000000e+03,1.134768770664506974e+02
2.123000000000000000e+03,1.132953926929984476e+02
2.124000000000000000e+03,1.128299011228627506e+02
2.125000000000000000e+03,1.131744697657404259e+02
2.126000000000000000e+03,1.132453037995991707e+02
2.127000000000000000e+03,1.132489209477446934e+02
2.128000000000000000e+03,1.131565931650325894e+02
2.129000000000000000e+03,1.131516371380348716e+02
2.130000000000000000e+03,1.131629527147623691e+02
2.131000000000000000e+03,1.129074540771549238e+02
2.132000000000000000e+03,1.130743756488190428e+02
2.133000000000000000e+03,1.128306392206151259e+02
2.134000000000000000e+03,1.132113912747580997e+02
2.135000000000000000e+03,1.131868133682545903e+02
2.136000000000000000e+03,1.131051693605829911e+02
2.137000000000000000e+03,1.131603889763286759e+02
2.138000000000000000e+03,1.132712256082233040e+02
2.139000000000000000e+03,1.131606163868756738e+02
2.140000000000000000e+03,1.128671941181865890e+02
2.141000000000000000e+03,1.130152002179448800e+02
2.142000000000000000e+03,1.135343080751980409e+02
2.143000000000000000e+03,1.133280806959782154e+02
2.144000000000000000e+03,1.132889876274259109e+02
2.145000000000000000e+03,1.132684124867364233e+02
2.146000000000000000e+03,1.133708230708106015e+02
2.147000000000000000e+03,1.133458546334395720e+02
2.148000000000000000e+03,1.131607628769855012e+02
2.149000000000000000e+03,1.134793349358216688e+02
2.150000000000000000e+03,1.133018639782895605e+02
2.151000000000000000e+03,1.133347520954558831e+02
2.152000000000000000e+03,1.132280977867569476e+02
2.153000000000000000e+03,1.132220176641160805e+02
2.154000000000000000e+03,1.138389457046451270e+02
2.155000000000000000e+03,1.135884303926293200e+02
2.156000000000000000e+03,1.131568041951534695e+02
2.157000000000000000e+03,1.134743148190112123e+02
2.158000000000000000e+03,1.136585374717444097e+02
2.159000000000000000e+03,1.136381106466263020e+02
2.160000000000000000e+03,1.134344170236465601e+02
2.161000000000000000e+03,1.134734913643275007e+02
2.162000000000000000e+03,1.131308370891163406e+02
2.163000000000000000e+03,1.137946314292990593e+02
2.164000000000000000e+03,1.130661215968448943e+02
2.165000000000000000e+03,1.132360045744662926e+02
2.166000000000000000e+03,1.129022666390814038e+02
2.167000000000000000e+03,1.130326605143909688e+02
2.168000000000000000e+03,1.132222515574379287e+02
2.169000000000000000e+03,1.132375728080220370e+02
2.170000000000000000e+03,1.134862182135864259e+02
2.171000000000000000e+03,1.131227175247382917e+02
2.172000000000000000e+03,1.130029477551937589e+02
2.173000000000000000e+03,1.131920160011799794e+02
2.174000000000000000e+03,1.132457532922561114e+02
2.175000000000000000e+03,1.131016809922991797e+02
2.176000000000000000e+03,1.131296191203002479e+02
2.177000000000000000e+03,1.127626992514773576e+02
2.178000000000000000e+03,1.132632411404396464e+02
2.179000000000000000e+03,1.131102449252381632e+02
2.180000000000000000e+03,1.131344171601426467e+02
2.181000000000000000e+03,1.132035542282676630e+02
2.182000000000000000e+03,1.128824105360412062e+02
2.183000000000000000e+03,1.127887496841827755e+02
2.184000000000000000e+03,1.126555107067384824e+02
2.185000000000000000e+03,1.134960208206112640e+02
2.186000000000000000e+03,1.131737551395498684e+02
2.187000000000000000e+03,1.127430403924877993e+02
2.188000000000000000e+03,1.127031194427406291e+02
2.189000000000000000e+03,1.129954986721827908e+02
2.190000000000000000e+03,1.129111930792236507e+02
2.191000000000000000e+03,1.132378962628699526e+02
2.192000000000000000e+03,1.128850946683898115e+02
2.193000000000000000e+03,1.128873506210664459e+02
2.194000000000000000e+03,1.128456375972661050e+02
2.195000000000000000e+03,1.131275403347446513e+02
2.196000000000000000e+03,1.134405060227503697e+02
2.197000000000000000e+03,1.132472039341964063e+02
2.198000000000000000e+03,1.134034734526454145e+02
2.199000000000000000e+03,1.132841926216066071e+02
2.200000000000000000e+03,1.134676734455843672e+02
2.201000000000000000e+03,1.134534110448559119e+02
2.202000000000000000e+03,1.135537548159321943e+02
2.203000000000000000e+03,1.134975637341544257e+02
2.204000000000000000e+03,1.131298608554348277e+02
2.205000000000000000e+03,1.133722451506563829e+02
2.206000000000000000e+03,1.134860608127873149e+02
2.207000000000000000e+03,1.139212352418792165e+02
2.208000000000000000e+03,1.135227789002948526e+02
2.209000000000000000e+03,1.133381461250487376e+02
2.210000000000000000e+03,1.136372892468677520e+02
2.211000000000000000e+03,1.137768307277401476e+02
2.212000000000000000e+03,1.136842440382216779e+02
2.213000000000000000e+03,1.138411595687336444e+02
2.214000000000000000e+03,1.138139496415923020e+02
2.215000000000000000e+03,1.140355690244134763e+02
2.216000000000000000e+03,1.145942401550690590e+02
2.217000000000000000e+03,1.147578542442966523e+02
2.218000000000000000e+03,1.147402872326622258e+02
2.219000000000000000e+03,1.145355868620201534e+02
2.220000000000000000e+03,1.149163593814588467e+02
2.221000000000000000e+03,1.149135057462765985e+02
2.222000000000000000e+03,1.153986471648594261e+02
2.223000000000000000e+03,1.154006592279935290e+02
2.224000000000000000e+03,1.156708395875875652e+02
2.225000000000000000e+03,1.156534786190167665e+02
2.226000000000000000e+03,1.157819138598818398e+02
2.227000000000000000e+03,1.157948970035176188e+02
2.228000000000000000e+03,1.163050451861721371e+02
2.229000000000000000e+03,1.163432218657462585e+02
2.230000000000000000e+03,1.164620925949357684e+02
2.231000000000000000e+03,1.171818473413926256e+02
2.232000000000000000e+03,1.174711112225767380e+02
2.233000000000000000e+03,1.179014133959636723e+02
2.234000000000000000e+03,1.183054373697713118e+02
2.235000000000000000e+03,1.187573457042287686e+02
2.236000000000000000e+03,1.191521284052827383e+02
2.237000000000000000e+03,1.196377853537574083e+02
2.238000000000000000e+03,1.202200932511657925e+02
2.239000000000000000e+03,1.206566850095819774e+02
2.240000000000000000e+03,1.210978345664534146e+02
2.241000000000000000e+03,1.216588444751575366e+02
2.242000000000000000e+03,1.223039392250320674e+02
2.243000000000000000e+03,1.230190055609590729e+02
2.244000000000000000e+03,1.235325139727730743e+02
2.245000000000000000e+03,1.240464086500101786e+02
2.246000000000000000e+03,1.243482719334918016e+02
2.247000000000000000e+03,1.251316646337009644e+02
2.248000000000000000e+03,1.258955876136002274e+02
2.249000000000000000e+03,1.267448169622761043e+02
2.250000000000000000e+03,1.271286823509964279e+02
2.251000000000000000e+03,1.275364947424488662e+02
2.252000000000000000e+03,1.285134441907457017e+02
2.253000000000000000e+03,1.292850756518148501e+02
2.254000000000000000e+03,1.295692644681769536e+02
2.255000000000000000e+03,1.302197191100042915e+02
2.256000000000000000e+03,1.308355656363138451e+02
2.257000000000000000e+03,1.314214211187783690e+02
2.258000000000000000e+03,1.320658850975851237e+02
2.259000000000000000e+03,1.324547152985548450e+02
2.260000000000000000e+03,1.330364498746374124e+02
2.261000000000000000e+03,1.336644428080796274e+02
2.262000000000000000e+03,1.340306269710839615e+02
2.263000000000000000e+03,1.350237858367095214e+02
2.264000000000000000e+03,1.355512033731247072e+02
2.265000000000000000e+03,1.356040021560924913e+02
2.266000000000000000e+03,1.362171409607503847e+02
2.267000000000000000e+03,1.362302052701593595e+02
2.268000000000000000e+03,1.366834536466018335e+02
2.269000000000000000e+03,1.366914266284836117e+02
2.270000000000000000e+03,1.374246145205661094e+02
2.271000000000000000e+03,1.377201763108196531e+02
2.272000000000000000e+03,1.378542714798230122e+02
2.273000000000000000e+03,1.380828356946109636e+02
2.274000000000000000e+03,1.384912180839353368e+02
2.275000000000000000e+03,1.389062254790654833e+02
2.276000000000000000e+03,1.388747595698102657e+02
2.277000000000000000e+03,1.390255971083169584e+02
2.278000000000000000e+03,1.393304567309345146e+02
2.279000000000000000e+03,1.400870233760744838e+02
2.280000000000000000e+03,1.402420057538480194e+02
2.281000000000000000e+03,1.401759944852039723e+02
2.282000000000000000e+03,1.400493787982380809e+02
2.283000000000000000e+03,1.402723100515033821e+02
2.284000000000000000e+03,1.405204639146737406e+02
2.285000000000000000e+03,1.405665927218522597e+02
2.286000000000000000e+03,1.408427043804707068e+02
2.287000000000000000e+03,1.407058184147379905e+02
2.288000000000000000e+03,1.409571888094991721e+02
2.289000000000000000e+03,1.404169807486405261e+02
2.290000000000000000e+03,1.409287876911052990e+02
2.291000000000000000e+03,1.409550362165715285e+02
2.292000000000000000e+03,1.410900667029503950e+02
2.293000000000000000e+03,1.410231469497055059e+02
2.294000000000000000e+03,1.412065713510017417e+02
2.295000000000000000e+03,1.412631100182285877e+02
2.296000000000000000e+03,1.411640198023586663e+02
2.297000000000000000e+03,1.413392618925861655e+02
2.298000000000000000e+03,1.411774766474772207e+02
2.299000000000000000e+03,1.410727444049331041e+02
2.300000000000000000e+03,1.414049151421062618e+02
2.301000000000000000e+03,1.415344983882050087e+02
2.302000000000000000e+03,1.413414683330767332e+02
2.303000000000000000e+03,1.414773373862792027e+02
2.304000000000000000e+03,1.414411042686436133e+02
2.305000000000000000e+03,1.415228962378056394e+02
2.306000000000000000e+03,1.417919462796320147e+02
2.307000000000000000e+03,1.416020196581247887e+02
2.308000000000000000e+03,1.414225154125101938e+02
2.309000000000000000e+03,1.414833595478330324e+02
2.310000000000000000e+03,1.417407444254243956e+02
2.311000000000000000e+03,1.421336032191285028e+02
2.312000000000000000e+03,1.416525031991937169e+02
2.313000000000000000e+03,1.417464262065473406e+02
2.314000000000000000e+03,1.415457033234044388e+02
2.315000000000000000e+03,1.416119856875473033e+02
2.316000000000000000e+03,1.417423543046645307e+02
2.317000000000000000e+03,1.418849840968823628e+02
2.318000000000000000e+03,1.417334746822857028e+02
2.319000000000000000e+03,1.417608782538822254e+02
2.320000000000000000e+03,1.415525455070615521e+02
2.321000000000000000e+03,1.416602478815229915e+02
2.322000000000000000e+03,1.421739582520537226e+02
2.323000000000000000e+03,1.419265498741928582e+02
2.324000000000000000e+03,1.418250812192308956e+02
2.325000000000000000e+03,1.420404117925149876e+02
2.326000000000000000e+03,1.418883823782314550e+02
2.327000000000000000e+03,1.419646100504926665e+02
2.328000000000000000e+03,1.418061153599747399e+02
2.329000000000000000e+03,1.417518620482978520e+02
2.330000000000000000e+03,1.417642041269400863e+02
2.331000000000000000e+03,1.418090448483519594e+02
2.332000000000000000e+03,1.417240148097215240e+02
2.333000000000000000e+03,1.418473879264674622e+02
2.334000000000000000e+03,1.416763830521789203e+02
2.335000000000000000e+03,1.413743029594760117e+02
2.336000000000000000e+03,1.414783242877456360e+02
2.337000000000000000e+03,1.420264418817700118e+02
2.338000000000000000e+03,1.420230185079804528e+02
2.339000000000000000e+03,1.418662413008606222e+02
2.340000000000000000e+03,1.415190581734690625e+02
2.341000000000000000e+03,1.417675445994906909e+02
2.342000000000000000e+03,1.415883193232502606e+02
2.343000000000000000e+03,1.418491501000791857e+02
2.344000000000000000e+03,1.419220254208181018e+02
2.345000000000000000e+03,1.418429547958020009e+02
2.346000000000000000e+03,1.413702265353723817e+02
2.347000000000000000e+03,1.418439221591000887e+02
2.348000000000000000e+03,1.418984349631389250e+02
2.349000000000000000e+03,1.418915497182101717e+02
2.350000000000000000e+03,1.419454725966359661e+02
2.351000000000000000e+03,1.415624364723129247e+02
2.352000000000000000e+03,1.419583086258672893e+02
2.353000000000000000e+03,1.418092827301659327e+02
2.354000000000000000e+03,1.417299385308324986e+02
2.355000000000000000e+03,1.418945904414786128e+02
2.356000000000000000e+03,1.417528165768306394e+02
2.357000000000000000e+03,1.412000674974807453e+02
2.358000000000000000e+03,1.421092806399233837e+02
2.359000000000000000e+03,1.416749964498644374e+02
2.360000000000000000e+03,1.417414669764876294e+02
2.361000000000000000e+03,1.415564785701453161e+02
2.362000000000000000e+03,1.418087451566272534e+02
2.363000000000000000e+03,1.422025480630483401e+02
2.364000000000000000e+03,1.420625361908317643e+02
2.365000000000000000e+03,1.423653695692946428e+02
2.366000000000000000e+03,1.418182688078458398e+02
2.367000000000000000e+03,1.420219650110534531e+02
2.368000000000000000e+03,1.419394986921719237e+02
2.369000000000000000e+03,1.423227192391373137e+02
2.370000000000000000e+03,1.421367884945744038e+02
2.371000000000000000e+03,1.420325599780928201e+02
2.372000000000000000e+03,1.418528591275286033e+02
2.373000000000000000e+03,1.418725892775551358e+02
2.374000000000000000e+03,1.422946452056804958e+02
2.375000000000000000e+03,1.418991799025710634e+02
2.376000000000000000e+03,1.423921209605641707e+02
2.377000000000000000e+03,1.424837702961743275e+02
2.378000000000000000e+03,1.422329848660162099e+02
2.379000000000000000e+03,1.425242078619432391e+02
2.380000000000000000e+03,1.425470513317833081e+02
2.381000000000000000e+03,1.424638042240013931e+02
2.382000000000000000e+03,1.423953243358449470e+02
2.383000000000000000e+03,1.423542786624519749e+02
2.384000000000000000e+03,1.424714396265699179e+02
2.385000000000000000e+03,1.426890388677415160e+02
2.386000000000000000e+03,1.425037313872500988e+02
2.387000000000000000e+03,1.424155014814218703e+02
2.388000000000000000e+03,1.426076919746284943e+02
2.389000000000000000e+03,1.423807343861996628e+02
2.390000000000000000e+03,1.425840927671833356e+02
2.391000000000000000e+03,1.426259560063037952e+02
2.392000000000000000e+03,1.424801274367799522e+02
2.393000000000000000e+03,1.423465661721891138e+02
2.394000000000000000e+03,1.422698254373268014e+02
2.395000000000000000e+03,1.422611286572922324e+02
2.396000000000000000e+03,1.421812712368594589e+02
2.397000000000000000e+03,1.421655815588598841e+02
2.398000000000000000e+03,1.418901294442453604e+02
2.399000000000000000e+03,1.426684162445498032e+02
2.400000000000000000e+03,1.419265643398015015e+02
2.401000000000000000e+03,1.424187658326902408e+02
2.402000000000000000e+03,1.419886960878169475e+02
2.403000000000000000e+03,1.418103746591338847e+02
2.404000000000000000e+03,1.420443084734225181e+02
2.405000000000000000e+03,1.425439937272453221e+02
2.406000000000000000e+03,1.418191421020221696e+02
2.407000000000000000e+03,1.417753533546163283e+02
2.408000000000000000e+03,1.416189262805879707e+02
2.409000000000000000e+03,1.418415280927854099e+02
2.410000000000000000e+03,1.419596719129256428e+02
2.411000000000000000e+03,1.420855021379173593e+02
2.412000000000000000e+03,1.415537350447935978e+02
2.413000000000000000e+03,1.415175906944146789e+02
2.414000000000000000e+03,1.415386544172354490e+02
2.415000000000000000e+03,1.416420948833971636e+02
2.416000000000000000e+03,1.418561330436043875e+02
2.417000000000000000e+03,1.416783740421188895e+02
2.418000000000000000e+03,1.415659802639970337e+02
2.419000000000000000e+03,1.415387846087151047e+02
2.420000000000000000e+03,1.417186925838327056e+02
2.421000000000000000e+03,1.417793259579161429e+02
2.422000000000000000e+03,1.420149273184636058e+02
2.423000000000000000e+03,1.415934851387322340e+02
2.424000000000000000e+03,1.416909596218801255e+02
2.425000000000000000e+03,1.416869020101104581e+02
2.426000000000000000e+03,1.416723463282020816e+02
2.427000000000000000e+03,1.417558953899472840e+02
2.428000000000000000e+03,1.417276990441559121e+02
2.429000000000000000e+03,1.417262244900736050e+02
2.430000000000000000e+03,1.416960957405321722e+02
2.431000000000000000e+03,1.416292281296300928e+02
2.432000000000000000e+03,1.419436228280611374e+02
2.433000000000000000e+03,1.418236352601503256e+02
2.434000000000000000e+03,1.418807281524662187e+02
2.435000000000000000e+03,1.414443096874664718e+02
2.436000000000000000e+03,1.418875440545550646e+02
2.437000000000000000e+03,1.415558246712081427e+02
2.438000000000000000e+03,1.416864139517893193e+02
2.439000000000000000e+03,1.414480215461607884e+02
2.440000000000000000e+03,1.417257191017302205e+02
2.441000000000000000e+03,1.415318293081309378e+02
2.442000000000000000e+03,1.416036584005223062e+02
2.443000000000000000e+03,1.416534920602643410e+02
2.444000000000000000e+03,1.419807336754969640e+02
2.445000000000000000e+03,1.414748773903139352e+02
2.446000000000000000e+03,1.418479860722692081e+02
2.447000000000000000e+03,1.418258266336851818e+02
2.448000000000000000e+03,1.416490664965709527e+02
2.449000000000000000e+03,1.415150130209571557e+02
2.450000000000000000e+03,1.420616234626584742e+02
2.451000000000000000e+03,1.417199063401319563e+02
2.452000000000000000e+03,1.416760951397463657e+02
2.453000000000000000e+03,1.417287854096369983e+02
2.454000000000000000e+03,1.417562675338281508e+02
2.455000000000000000e+03,1.416907871142060742e+02
2.456000000000000000e+03,1.417778742580152880e+02
2.457000000000000000e+03,1.417204368250170887e+02
2.458000000000000000e+03,1.415261397749987680e+02
2.459000000000000000e+03,1.419134429796384893e+02
2.460000000000000000e+03,1.416646014228306569e+02
2.461000000000000000e+03,1.414481145489306186e+02
2.462000000000000000e+03,1.414877318085765978e+02
2.463000000000000000e+03,1.417897865191488052e+02
2.464000000000000000e+03,1.415366785980974669e+02
2.465000000000000000e+03,1.415052971760193543e+02
2.466000000000000000e+03,1.414689726969360493e+02
2.467000000000000000e+03,1.416450352367209291e+02
2.468000000000000000e+03,1.416987989817289986e+02
2.469000000000000000e+03,1.418038930420269423e+02
2.470000000000000000e+03,1.417497112682702891e+02
2.471000000000000000e+03,1.416464446334177012e+02
2.472000000000000000e+03,1.412442056259407934e+02
2.473000000000000000e+03,1.417295592683777272e+02
2.474000000000000000e+03,1.417649701102278641e+02
2.475000000000000000e+03,1.416932515896915561e+02
2.476000000000000000e+03,1.418662947699857284e+02
2.477000000000000000e+03,1.415913051155519327e+02
2.478000000000000000e+03,1.416617171710400385e+02
2.479000000000000000e+03,1.414416885325144619e+02
2.480000000000000000e+03,1.419092546170375613e+02
2.481000000000000000e+03,1.417111148748132621e+02
2.482000000000000000e+03,1.413571804950756530e+02
2.483000000000000000e+03,1.416843816070017397e+02
2.484000000000000000e+03,1.416322598154532955e+02
2.485000000000000000e+03,1.420576371325061302e+02
2.486000000000000000e+03,1.417714957289807671e+02
2.487000000000000000e+03,1.416558105179345262e+02
2.488000000000000000e+03,1.414202414929526697e+02
2.489000000000000000e+03,1.415626585922005631e+02
2.490000000000000000e+03,1.422541809011553084e+02
2.491000000000000000e+03,1.417373422932163862e+02
2.492000000000000000e+03,1.417793057373537522e+02
2.493000000000000000e+03,1.414750388015777389e+02
2.494000000000000000e+03,1.417833166387223969e+02
2.495000000000000000e+03,1.418474714861380335e+02
2.496000000000000000e+03,1.415756067977684438e+02
2.497000000000000000e+03,1.414588129458507240e+02
2.498000000000000000e+03,1.413899353330628799e+02
2.499000000000000000e+03,1.412680636718149287e+02
2.500000000000000000e+03,1.415533037713518922e+02
2.501000000000000000e+03,1.415495153656672471e+02
2.502000000000000000e+03,1.417939674785747570e+02
2.503000000000000000e+03,1.414123437979333175e+02
2.504000000000000000e+03,1.413056180158462212e+02
2.505000000000000000e+03,1.414157169117936803e+02
2.506000000000000000e+03,1.414089229823602238e+02
2.507000000000000000e+03,1.411320464174167171e+02
2.508000000000000000e+03,1.412308275742562387e+02
2.509000000000000000e+03,1.411909305417016469e+02
2.510000000000000000e+03,1.407178725276669695e+02
2.511000000000000000e+03,1.411217555507887766e+02
2.512000000000000000e+03,1.409755132023796875e+02
2.513000000000000000e+03,1.409133003662201133e+02
2.514000000000000000e+03,1.406816629531039098e+02
2.515000000000000000e+03,1.406652788589798320e+02
2.516000000000000000e+03,1.405882386594663274e+02
2.517000000000000000e+03,1.404176207085037333e+02
2.518000000000000000e+03,1.399360540534073891e+02
2.519000000000000000e+03,1.398411298795122946e+02
2.520000000000000000e+03,1.397470549237921205e+02
2.521000000000000000e+03,1.398754714531232253e+02
2.522000000000000000e+03,1.398078735663204100e+02
2.523000000000000000e+03,1.392675772865081569e+02
2.524000000000000000e+03,1.389190306652015181e+02
2.525000000000000000e+03,1.388885030648569625e+02
2.526000000000000000e+03,1.389241366987378399e+02
2.527000000000000000e+03,1.385722748743825434e+02
2.528000000000000000e+03,1.379039219024935790e+02
2.529000000000000000e+03,1.377390384391937346e+02
2.530000000000000000e+03,1.377020916252089933e+02
2.531000000000000000e+03,1.371015218811098464e+02
2.532000000000000000e+03,1.367576304236380054e+02
2.533000000000000000e+03,1.368297831654030858e+02
2.534000000000000000e+03,1.363203179259343187e+02
2.535000000000000000e+03,1.357262337858284695e+02
2.536000000000000000e+03,1.353612091917392206e+02
2.537000000000000000e+03,1.352602377801129307e+02
2.538000000000000000e+03,1.345158029792783054e+02
2.539000000000000000e+03,1.337916609093594786e+02
2.540000000000000000e+03,1.333925444802925426e+02
2.541000000000000000e+03,1.329740189864486126e+02
2.542000000000000000e+03,1.323307995149797023e+02
2.543000000000000000e+03,1.319983472691255599e+02
2.544000000000000000e+03,1.315060419036912265e+02
2.545000000000000000e+03,1.305673919133778327e+02
2.546000000000000000e+03,1.298740971369787758e+02
2.547000000000000000e+03,1.292734550939506448e+02
2.548000000000000000e+03,1.285491833908869239e+02
2.549000000000000000e+03,1.281746988369968108e+02
2.550000000000000000e+03,1.273318438495164884e+02
2.551000000000000000e+03,1.265527925657004573e+02
2.552000000000000000e+03,1.263704180588077719e+02
2.553000000000000000e+03,1.254980421176738332e+02
2.554000000000000000e+03,1.247321449311236989e+02
2.555000000000000000e+03,1.245136997512455821e+02
2.556000000000000000e+03,1.237932433075433636e+02
2.557000000000000000e+03,1.230856507518728051e+02
2.558000000000000000e+03,1.226535747256715894e+02
2.559000000000000000e+03,1.222900165453172008e+02
2.560000000000000000e+03,1.215948338020634338e+02
2.561000000000000000e+03,1.209350135067225978e+02
2.562000000000000000e+03,1.202056060750515343e+02
2.563000000000000000e+03,1.199745498683469265e+02
2.564000000000000000e+03,1.195894674432779823e+02
2.565000000000000000e+03,1.193180021216730609e+02
2.566000000000000000e+03,1.183553254479962362e+02
2.567000000000000000e+03,1.174885279873698067e+02
2.568000000000000000e+03,1.175590972954726965e+02
2.569000000000000000e+03,1.174881302573968611e+02
2.570000000000000000e+03,1.169676097130689243e+02
2.571000000000000000e+03,1.168023890155316309e+02
2.572000000000000000e+03,1.160489055884561793e+02
2.573000000000000000e+03,1.162414142442127201e+02
2.574000000000000000e+03,1.157986383518060762e+02
2.575000000000000000e+03,1.158125395672826272e+02
2.576000000000000000e+03,1.152269788371100532e+02
2.577000000000000000e+03,1.152779184827148811e+02
2.578000000000000000e+03,1.150590604922806079e+02
2.579000000000000000e+03,1.147964789299704051e+02
2.580000000000000000e+03,1.146933818264824936e+02
2.581000000000000000e+03,1.144006734198207482e+02
2.582000000000000000e+03,1.143618411148026581e+02
2.583000000000000000e+03,1.140391151387392625e+02
2.584000000000000000e+03,1.140941934352109683e+02
2.585000000000000000e+03,1.139953765659124514e+02
2.586000000000000000e+03,1.141691695298712546e+02
2.587000000000000000e+03,1.140009213458648958e+02
2.588000000000000000e+03,1.135699610403128332e+02
2.589000000000000000e+03,1.138062728973862505e+02
2.590000000000000000e+03,1.137759643074194997e+02
2.591000000000000000e+03,1.136814777866012207e+02
2.592000000000000000e+03,1.132822852498857742e+02
2.593000000000000000e+03,1.134282718356853792e+02
2.594000000000000000e+03,1.132803541448171813e+02
2.595000000000000000e+03,1.128751686843399398e+02
2.596000000000000000e+03,1.139038273080098094e+02
2.597000000000000000e+03,1.136061403856636787e+02
2.598000000000000000e+03,1.131976100984909266e+02
2.599000000000000000e+03,1.133840818675474367e+02
2.600000000000000000e+03,1.135924049088904866e+02
2.601000000000000000e+03,1.136214866154138434e+02
2.602000000000000000e+03,1.132153836479630229e+02
2.603000000000000000e+03,1.128666500354430298e+02
2.604000000000000000e+03,1.127469999512028096e+02
2.605000000000000000e+03,1.132508122866887419e+02
2.606000000000000000e+03,1.132971209270724557e+02
2.607000000000000000e+03,1.129435526806191064e+02
2.608000000000000000e+03,1.130100076809197702e+02
2.609000000000000000e+03,1.128274430920047138e+02
2.610000000000000000e+03,1.131247063937569379e+02
2.611000000000000000e+03,1.129883205365114520e+02
2.612000000000000000e+03,1.127515693613721766e+02
2.613000000000000000e+03,1.129627240656980121e+02
2.614000000000000000e+03,1.125913235222344326e+02
2.615000000000000000e+03,1.129032760426672581e+02
2.616000000000000000e+03,1.130114306564409077e+02
2.617000000000000000e+03,1.132178148669325850e+02
2.618000000000000000e+03,1.129630144801761986e+02
2.619000000000000000e+03,1.126281875390754550e+02
2.620000000000000000e+03,1.128290503624067895e+02
2.621000000000000000e+03,1.130975293395366208e+02
2.622000000000000000e+03,1.132570176529274733e+02
2.623000000000000000e+03,1.128776597216884028e+02
2.624000000000000000e+03,1.128641128734126653e+02
2.625000000000000000e+03,1.129300328731841745e+02
2.626000000000000000e+03,1.129219675945733314e+02
2.627000000000000000e+03,1.129755379125728467e+02
2.628000000000000000e+03,1.130527950062073046e+02
2.629000000000000000e+03,1.128531399142944593e+02
2.630000000000000000e+03,1.129371464751518062e+02
2.631000000000000000e+03,1.128593104666668836e+02
2.632000000000000000e+03,1.126571782496744305e+02
2.633000000000000000e+03,1.131683597111463655e+02
2.634000000000000000e+03,1.132381902953718225e+02
2.635000000000000000e+03,1.131763825985600533e+02
2.636000000000000000e+03,1.132180503111898986e+02
2.637000000000000000e+03,1.131096804983174309e+02
2.638000000000000000e+03,1.133008170524797436e+02
2.639000000000000000e+03,1.129672213766180846e+02
2.640000000000000000e+03,1.132087368178211051e+02
2.641000000000000000e+03,1.133703540404741830e+02
2.642000000000000000e+03,1.131467229927119860e+02
2.643000000000000000e+03,1.133701137252652273e+02
2.644000000000000000e+03,1.133907579206030789e+02
2.645000000000000000e+03,1.129725200416518192e+02
2.646000000000000000e+03,1.130606339994480578e+02
2.647000000000000000e+03,1.132115757232781448e+02
2.648000000000000000e+03,1.133004868059674664e+02
2.649000000000000000e+03,1.133132555159092050e+02
2.650000000000000000e+03,1.131821409763642379e+02
2.651000000000000000e+03,1.128703418276984252e+02
2.652000000000000000e+03,1.129942976374516377e+02
2.653000000000000000e+03,1.131564652429181592e+02
2.654000000000000000e+03,1.132089399927488245e+02
2.655000000000000000e+03,1.131627499359302647e+02
2.656000000000000000e+03,1.130333395682291950e+02
2.657000000000000000e+03,1.130514917868710825e+02
2.658000000000000000e+03,1.133090207537182295e+02
2.659000000000000000e+03,1.134474468872545003e+02
2.660000000000000000e+03,1.135091030172744837e+02
2.661000000000000000e+03,1.132457975775853072e+02
2.662000000000000000e+03,1.132428842842867738e+02
2.663000000000000000e+03,1.134345753486209247e+02
2.664000000000000000e+03,1.133310123714057909e+02
2.665000000000000000e+03,1.134110584136286519e+02
2.666000000000000000e+03,1.131381873880743854e+02
2.667000000000000000e+03,1.134271966532061953e+02
2.668000000000000000e+03,1.130107075666967518e+02
2.669000000000000000e+03,1.133102078433573752e+02
2.670000000000000000e+03,1.134102900682998865e+02
2.671000000000000000e+03,1.132127108355435183e+02
2.672000000000000000e+03,1.130690484442283719e+02
2.673000000000000000e+03,1.132477525295294782e+02
2.674000000000000000e+03,1.128509432214512884e+02
2.675000000000000000e+03,1.128753395397940977e+02
2.676000000000000000e+03,1.130711074769009770e+02
2.677000000000000000e+03,1.129013449240699742e+02
2.678000000000000000e+03,1.128728754140896768e+02
2.679000000000000000e+03,1.128233456259809913e+02
2.680000000000000000e+03,1.134033217896529777e+02
2.681000000000000000e+03,1.128408739238645353e+02
2.682000000000000000e+03,1.132179471812231668e+02
2.683000000000000000e+03,1.131516233386052477e+02
2.684000000000000000e+03,1.130718703272390542e+02
2.685000000000000000e+03,1.132461030750294526e+02
2.686000000000000000e+03,1.132641674469084023e+02
2.687000000000000000e+03,1.130240717615576784e+02
2.688000000000000000e+03,1.130129014787133315e+02
2.689000000000000000e+03,1.131495771126302827e+02
2.690000000000000000e+03,1.133863416324759896e+02
2.691000000000000000e+03,1.131103933745065717e+02
2.692000000000000000e+03,1.133530421368498367e+02
2.693000000000000000e+03,1.130414517609385143e+02
2.694000000000000000e+03,1.131736041718500871e+02
2.695000000000000000e+03,1.132785002645812824e+02
2.696000000000000000e+03,1.133938962657735772e+02
2.697000000000000000e+03,1.129687654860999544e+02
2.698000000000000000e+03,1.130770099926072021e+02
2.699000000000000000e+03,1.135247037538201482e+02
2.700000000000000000e+03,1.128085289597741792e+02
2.701000000000000000e+03,1.131931659669830026e+02
2.702000000000000000e+03,1.134722679704960626e+02
2.703000000000000000e+03,1.127957769077297314e+02
2.704000000000000000e+03,1.135614440492727226e+02
2.705000000000000000e+03,1.133202692463740675e+02
2.706000000000000000e+03,1.135769061970779887e+02
2.707000000000000000e+03,1.133236830069774612e+02
2.708000000000000000e+03,1.131546785592146023e+02
2.709000000000000000e+03,1.133069079731875490e+02
2.710000000000000000e+03,1.135534710712728952e+02
2.711000000000000000e+03,1.130331752472354054e+02
2.712000000000000000e+03,1.133449403332253667e+02
2.713000000000000000e+03,1.132155818098007956e+02
2.714000000000000000e+03,1.126682871155225030e+02
2.715000000000000000e+03,1.133203301442961930e+02
2.716000000000000000e+03,1.134150374124285037e+02
2.717000000000000000e+03,1.131601445253557898e+02
2.718000000000000000e+03,1.128076975106086337e+02
2.719000000000000000e+03,1.131520856519203875e+02
2.720000000000000000e+03,1.134424948397120403e+02
2.721000000000000000e+03,1.131202876086766338e+02
2.722000000000000000e+03,1.132920558455791706e+02
2.723000000000000000e+03,1.130790165019230784e+02
2.724000000000000000e+03,1.132667185650341253e+02
2.725000000000000000e+03,1.131436007339417245e+02
2.726000000000000000e+03,1.132894906951565730e+02
2.727000000000000000e+03,1.131883065025723027e+02
2.728000000000000000e+03,1.131402903702598906e+02
2.729000000000000000e+03,1.131684747013318031e+02
2.730000000000000000e+03,1.131343219535576878e+02
2.731000000000000000e+03,1.134035391204393477e+02
2.732000000000000000e+03,1.133225596231909122e+02
2.733000000000000000e+03,1.133589165967417642e+02
2.734000000000000000e+03,1.128351151239024688e+02
2.735000000000000000e+03,1.128545710584637192e+02
2.736000000000000000e+03,1.130311628019542951e+02
2.737000000000000000e+03,1.131287708262430698e+02
2.738000000000000000e+03,1.132787397261756723e+02
2.739000000000000000e+03,1.135390234994019778e+02
2.740000000000000000e+03,1.133245923198319076e+02
2.741000000000000000e+03,1.136080011040177311e+02
2.742000000000000000e+03,1.135520341709085130e+02
2.743000000000000000e+03,1.135565752232771075e+02
2.744000000000000000e+03,1.134634714044436237e+02
2.745000000000000000e+03,1.132251227844982395e+02
2.746000000000000000e+03,1.129704947067171332e+02
2.747000000000000000e+03,1.132344552605664489e+02
2.748000000000000000e+03,1.134265690077350257e+02
2.749000000000000000e+03,1.134681519710527198e+02
2.750000000000000000e+03,1.132947038232433243e+02
2.751000000000000000e+03,1.131116990266355202e+02
2.752000000000000000e+03,1.128294322200598714e+02
2.753000000000000000e+03,1.128304608044571751e+02
2.754000000000000000e+03,1.132312520553609261e+02
2.755000000000000000e+03,1.128796600510058568e+02
2.756000000000000000e+03,1.127550856275355216e+02
2.757000000000000000e+03,1.131296389747550251e+02
2.758000000000000000e+03,1.134046056863249277e+02
2.759000000000000000e+03,1.129570471850612847e+02
2.760000000000000000e+03,1.131444990960690262e+02
2.761000000000000000e+03,1.129066906369718737e+02
2.762000000000000000e+03,1.129686791339993732e+02
2.763000000000000000e+03,1.130405328587987697e+02
2.764000000000000000e+03,1.130138579360989866e+02
2.765000000000000000e+03,1.132421583806931835e+02
2.766000000000000000e+03,1.132484716494839603e+02
2.767000000000000000e+03,1.134707126215183592e+02
2.768000000000000000e+03,1.132605175960991062e+02
2.769000000000000000e+03,1.131765139744601782e+02
2.770000000000000000e+03,1.130350823597486567e+02
2.771000000000000000e+03,1.129773751821342955e+02
2.772000000000000000e+03,1.129813693993457520e+02
2.773000000000000000e+03,1.128851261126280150e+02
2.774000000000000000e+03,1.129403861611889965e+02
2.775000000000000000e+03,1.131896511200396560e+02
2.776000000000000000e+03,1.131591489722083566e+02
2.777000000000000000e+03,1.129699471309794063e+02
2.778000000000000000e+03,1.128607343077070340e+02
2.779000000000000000e+03,1.130185835396741822e+02
2.780000000000000000e+03,1.131050937878194844e+02
2.781000000000000000e+03,1.127025539603847619e+02
2.782000000000000000e+03,1.131594473621262154e+02
2.783000000000000000e+03,1.131511120584731174e+02
2.784000000000000000e+03,1.129700679396738963e+02
2.785000000000000000e+03,1.131281105598119865e+02
2.786000000000000000e+03,1.131265168778405013e+02
2.787000000000000000e+03,1.132675916043713755e+02
2.788000000000000000e+03,1.128672069052896347e+02
2.789000000000000000e+03,1.131537605464269944e+02
2.790000000000000000e+03,1.131759387575837366e+02
2.791000000000000000e+03,1.134619964697064063e+02
2.792000000000000000e+03,1.129570246269392442e+02
2.793000000000000000e+03,1.129040319978986702e+02
2.794000000000000000e+03,1.131604430291136083e+02
2.795000000000000000e+03,1.131698475072285390e+02
2.796000000000000000e+03,1.127838898617570749e+02
2.797000000000000000e+03,1.130192906299157443e+02
2.798000000000000000e+03,1.129628914271464168e+02
2.799000000000000000e+03,1.126278881397869327e+02
2.800000000000000000e+03,1.129312321647267794e+02
2.801000000000000000e+03,1.129753084621612800e+02
2.802000000000000000e+03,1.127989591921535037e+02
2.803000000000000000e+03,1.127213957704089040e+02
2.804000000000000000e+03,1.127003100072258945e+02
2.805000000000000000e+03,1.127189454632628127e+02
2.806000000000000000e+03,1.127368520318373157e+02
2.807000000000000000e+03,1.128732956369938165e+02
2.808000000000000000e+03,1.124551480134062729e+02
2.809000000000000000e+03,1.123184017774737953e+02
2.810000000000000000e+03,1.124058066762258363e+02
2.811000000000000000e+03,1.124184666994728730e+02
2.812000000000000000e+03,1.121623298602552836e+02
2.813000000000000000e+03,1.122330668640774292e+02
2.814000000000000000e+03,1.119081742459882776e+02
2.815000000000000000e+03,1.121631105094273835e+02
2.816000000000000000e+03,1.121646746590365211e+02
2.817000000000000000e+03,1.118291510379192886e+02
2.818000000000000000e+03,1.117044398763519553e+02
2.819000000000000000e+03,1.112502289714288253e+02
2.820000000000000000e+03,1.112441051763590423e+02
2.821000000000000000e+03,1.111514168649253946e+02
2.822000000000000000e+03,1.109439822852873334e+02
2.823000000000000000e+03,1.106750026493444778e+02
2.824000000000000000e+03,1.107378822370697407e+02
2.825000000000000000e+03,1.101864212542947712e+02
2.826000000000000000e+03,1.102698775859236378e+02
2.827000000000000000e+03,1.099462141662261132e+02
2.828000000000000000e+03,1.096655593424073487e+02
2.829000000000000000e+03,1.092678464885222809e+02
2.830000000000000000e+03,1.089773562882004398e+02
2.831000000000000000e+03,1.088901374492365761e+02
2.832000000000000000e+03,1.088448713082290880e+02
2.833000000000000000e+03,1.081458984390564382e+02
2.834000000000000000e+03,1.075832116101994416e+02
2.835000000000000000e+03,1.067967523831317607e+02
2.836000000000000000e+03,1.068025124111663047e+02
2.837000000000000000e+03,1.062818154616184501e+02
2.838000000000000000e+03,1.058948437296948129e+02
2.839000000000000000e+03,1.051445379054781455e+02
2.840000000000000000e+03,1.044583640393107942e+02
2.841000000000000000e+03,1.037098315770140005e+02
2.842000000000000000e+03,1.034909269642069773e+02
2.843000000000000000e+03,1.031095978864831295e+02
2.844000000000000000e+03,1.022950854890003285e+02
2.845000000000000000e+03,1.016008489987677734e+02
2.846000000000000000e+03,1.010049258933814258e+02
2.847000000000000000e+03,1.003422220994919201e+02
2.848000000000000000e+03,9.979876996098427355e+01
2.849000000000000000e+03,9.898108848029322360e+01
2.850000000000000000e+03,9.838926849320874624e+01
2.851000000000000000e+03,9.761078960149629324e+01
2.852000000000000000e+03,9.708444036814958622e+01
2.853000000000000000e+03,9.662653450714498149e+01
2.854000000000000000e+03,9.561373982721229936e+01
2.855000000000000000e+03,9.517552826218343398e+01
2.856000000000000000e+03,9.430657157751220154e+01
2.857000000000000000e+03,9.368561606574454004e+01
2.858000000000000000e+03,9.339305090924817421e+01
2.859000000000000000e+03,9.320889455725755113e+01
2.860000000000000000e+03,9.234209126264600798e+01
2.861000000000000000e+03,9.159851886895613404e+01
2.862000000000000000e+03,9.100617829034858630e+01
2.863000000000000000e+03,9.049931499766087484e+01
2.864000000000000000e+03,9.025880993615213299e+01
2.865000000000000000e+03,8.975323099821497408e+01
2.866000000000000000e+03,8.909882375778065011e+01
2.867000000000000000e+03,8.872230771693553208e+01
2.868000000000000000e+03,8.859765937438915273e+01
2.869000000000000000e+03,8.817866478106370209e+01
2.870000000000000000e+03,8.790994235883431429e+01
2.871000000000000000e+03,8.742777617403990575e+01
2.872000000000000000e+03,8.702674728800782589e+01
2.873000000000000000e+03,8.688926825027084533e+01
2.874000000000000000e+03,8.652025713342329993e+01
2.875000000000000000e+03,8.659647893726736356e+01
2.876000000000000000e+03,8.619232449457352629e+01
2.877000000000000000e+03,8.590163837219519394e+01
2.878000000000000000e+03,8.567895819862424389e+01
2.879000000000000000e+03,8.524430693422493732e+01
2.880000000000000000e+03,8.581841470403314531e+01
2.881000000000000000e+03,8.545192273298619057e+01
2.882000000000000000e+03,8.537112138455887589e+01
2.883000000000000000e+03,8.484121209754547976e+01
2.884000000000000000e+03,8.497564814788937326e+01
2.885000000000000000e+03,8.458870433318111282e+01
2.886000000000000000e+03,8.450183089715784490e+01
2.887000000000000000e+03,8.448870587510407404e+01
2.888000000000000000e+03,8.425464934794415228e+01
2.889000000000000000e+03,8.422804210502079059e+01
2.890000000000000000e+03,8.459364074155972446e+01
2.891000000000000000e+03,8.415175841749974950e+01
2.892000000000000000e+03,8.437705769774896680e+01
2.893000000000000000e+03,8.404952281328557717e+01
2.894000000000000000e+03,8.443202721825036861e+01
2.895000000000000000e+03,8.450577550805060412e+01
2.896000000000000000e+03,8.410069287460737542e+01
2.897000000000000000e+03,8.408523784068489704e+01
2.898000000000000000e+03,8.390991417301860622e+01
2.899000000000000000e+03,8.360903371629044045e+01
2.900000000000000000e+03,8.401448630764350867e+01
2.901000000000000000e+03,8.434303713907441136e+01
2.902000000000000000e+03,8.370883878720430005e+01
2.903000000000000000e+03,8.378699604194706296e+01
2.904000000000000000e+03,8.409651501215692804e+01
2.905000000000000000e+03,8.404071482878225652e+01
2.906000000000000000e+03,8.419147371008759251e+01
2.907000000000000000e+03,8.405214827132421362e+01
2.908000000000000000e+03,8.411059807632251761e+01
2.909000000000000000e+03,8.410763863083226966e+01
2.910000000000000000e+03,8.382665220466887490e+01
2.911000000000000000e+03,8.426990036744574297e+01
2.912000000000000000e+03,8.409377206277980576e+01
2.913000000000000000e+03,8.395904451092538068e+01
2.914000000000000000e+03,8.341968101356519583e+01
2.915000000000000000e+03,8.415029079946580737e+01
2.916000000000000000e+03,8.403978240370862807e+01
2.917000000000000000e+03,8.439043408339595942e+01
2.918000000000000000e+03,8.420771227194359199e+01
2.919000000000000000e+03,8.435344392550155135e+01
2.920000000000000000e+03,8.374440627496595368e+01
2.921000000000000000e+03,8.404310307348386289e+01
2.922000000000000000e+03,8.389881377113167105e+01
2.923000000000000000e+03,8.432186140637334404e+01
2.924000000000000000e+03,8.399195676313759407e+01
2.925000000000000000e+03,8.367281600879366010e+01
2.926000000000000000e+03,8.396053277910890245e+01
2.927000000000000000e+03,8.370152791089640232e+01
2.928000000000000000e+03,8.390364070531175855e+01
2.929000000000000000e+03,8.369995113784086982e+01
2.930000000000000000e+03,8.366086579113972732e+01
2.931000000000000000e+03,8.382738203527182463e+01
2.932000000000000000e+03,8.393635145070906844e+01
2.933000000000000000e+03,8.368442928200865083e+01
2.934000000000000000e+03,8.340884882416044377e+01
2.935000000000000000e+03,8.338692363030132526e+01
2.936000000000000000e+03,8.339240229389780268e+01
2.937000000000000000e+03,8.338866670622044808e+01
2.938000000000000000e+03,8.361250993615607285e+01
2.939000000000000000e+03,8.332902509435518823e+01
2.940000000000000000e+03,8.321584808751912021e+01
2.941000000000000000e+03,8.334418836794799290e+01
2.942000000000000000e+03,8.336005871160698177e+01
2.943000000000000000e+03,8.344173282693867577e+01
2.944000000000000000e+03,8.344386522978169296e+01
2.945000000000000000e+03,8.324760967224113983e+01
2.946000000000000000e+03,8.312857958256857671e+01
2.947000000000000000e+03,8.337553682655989462e+01
2.948000000000000000e+03,8.343265021913951784e+01
2.949000000000000000e+03,8.303559354934115788e+01
2.950000000000000000e+03,8.312300596688646692e+01
2.951000000000000000e+03,8.295978094727105656e+01
2.952000000000000000e+03,8.301640943282714602e+01
2.953000000000000000e+03,8.320959897216462764e+01
2.954000000000000000e+03,8.320209263117740761e+01
2.955000000000000000e+03,8.294962656857410366e+01
2.956000000000000000e+03,8.314782492639713496e+01
2.957000000000000000e+03,8.316701944179791894e+01
2.958000000000000000e+03,8.368625950482345388e+01
2.959000000000000000e+03,8.371013676647675084e+01
2.960000000000000000e+03,8.332105069028749256e+01
2.961000000000000000e+03,8.341347554172241985e+01
2.962000000000000000e+03,8.329870333693192208e+01
2.963000000000000000e+03,8.337031999570903906e+01
2.964000000000000000e+03,8.330657406591490144e+01
2.965000000000000000e+03,8.328360750149168723e+01
2.966000000000000000e+03,8.338517950665446676e+01
2.967000000000000000e+03,8.310790870345398673e+01
2.968000000000000000e+03,8.345916806122851028e+01
2.969000000000000000e+03,8.366693332706439890e+01
2.970000000000000000e+03,8.377369253294956764e+01
2.971000000000000000e+03,8.336834947717848365e+01
2.972000000000000000e+03,8.345631813948475042e+01
2.973000000000000000e+03,8.364180355639415154e+01
2.974000000000000000e+03,8.377749514315280521e+01
2.975000000000000000e+03,8.363553948383311365e+01
2.976000000000000000e+03,8.325202066431275227e+01
2.977000000000000000e+03,8.329971185352898999e+01
2.978000000000000000e+03,8.305973078851322100e+01
2.979000000000000000e+03,8.353283130134272483e+01
2.980000000000000000e+03,8.382155559405597955e+01
2.981000000000000000e+03,8.384194427875829092e+01
2.982000000000000000e+03,8.337728443348355256e+01
2.983000000000000000e+03,8.366344656815212488e+01
2.984000000000000000e+03,8.382735872665332977e+01
2.985000000000000000e+03,8.376520080303394877e+01
2.986000000000000000e+03,8.379879900206738341e+01
2.987000000000000000e+03,8.410151256437011114e+01
2.988000000000000000e+03,8.387408517000467612e+01
2.989000000000000000e+03,8.376957605617452884e+01
2.990000000000000000e+03,8.409766372211738883e+01
2.991000000000000000e+03,8.410676416552755086e+01
2.992000000000000000e+03,8.383230776762530922e+01
2.993000000000000000e+03,8.370623983472457041e+01
2.994000000000000000e+03,8.399497461143333510e+01
2.995000000000000000e+03,8.389715085648413151e+01
2.996000000000000000e+03,8.377573656464950602e+01
2.997000000000000000e+03,8.400823291667367698e+01
2.998000000000000000e+03,8.387003792791834655e+01
2.999000000000000000e+03,8.386900990405800371e+01
3.000000000000000000e+03,8.388346636839973769e+01
3.001000000000000000e+03,8.408353168605312078e+01
3.002000000000000000e+03,8.376235270747544348e+01
3.003000000000000000e+03,8.389718881507009485e+01
3.004000000000000000e+03,8.383305274847808164e+01
3.005000000000000000e+03,8.379232970451812434e+01
3.006000000000000000e+03,8.396102791200344484e+01
3.007000000000000000e+03,8.404374749558682822e+01
3.008000000000000000e+03,8.390276651917491790e+01
3.009000000000000000e+03,8.330906592785918008e+01
3.010000000000000000e+03,8.401610248086912236e+01
3.011000000000000000e+03,8.401972566361898487e+01
3.012000000000000000e+03,8.398935139950900464e+01
3.013000000000000000e+03,8.378371372101317149e+01
3.014000000000000000e+03,8.388130402605658276e+01
3.015000000000000000e+03,8.374492952814391344e+01
3.016000000000000000e+03,8.373393991876658049e+01
3.017000000000000000e+03,8.371854920680509338e+01
3.018000000000000000e+03,8.339611993500662379e+01
3.019000000000000000e+03,8.360271142168626568e+01
3.020000000000000000e+03,8.325069457754150903e+01
3.021000000000000000e+03,8.343586957747042732e+01
3.022000000000000000e+03,8.397579624496255235e+01
3.023000000000000000e+03,8.370004542072985032e+01
3.024000000000000000e+03,8.365547521388552354e+01
3.025000000000000000e+03,8.400197585267640932e+01
3.026000000000000000e+03,8.372675619427232618e+01
3.027000000000000000e+03,8.377332467422063189e+01
3.028000000000000000e+03,8.396501824480760945e+01
3.029000000000000000e+03,8.397904870647528242e+01
3.030000000000000000e+03,8.369377411440012793e+01
3.031000000000000000e+03,8.386613388728444818e+01
3.032000000000000000e+03,8.412989870582761398e+01
3.033000000000000000e+03,8.378312483401556676e+01
3.034000000000000000e+03,8.385751375673218888e+01
3.035000000000000000e+03,8.385911484514055303e+01
3.036000000000000000e+03,8.400658937442993590e+01
3.037000000000000000e+03,8.385207586477601183e+01
3.038000000000000000e+03,8.364988778978815276e+01
3.039000000000000000e+03,8.378776247199576233e+01
3.040000000000000000e+03,8.342972256019132260e+01
3.041000000000000000e+03,8.384539096366380306e+01
3.042000000000000000e+03,8.366406954256564177e+01
3.043000000000000000e+03,8.370117357549847270e+01
3.044000000000000000e+03,8.401847133494042907e+01
3.045000000000000000e+03,8.393139487636494778e+01
3.046000000000000000e+03,8.354622344930486122e+01
3.047000000000000000e+03,8.369114361334534635e+01
3.048000000000000000e+03,8.402162905096771794e+01
3.049000000000000000e+03,8.394824368863493191e+01
3.050000000000000000e+03,8.337678168094643638e+01
3.051000000000000000e+03,8.398847760459541689e+01
3.052000000000000000e+03,8.375569994385800499e+01
3.053000000000000000e+03,8.340162984132722102e+01
3.054000000000000000e+03,8.337434223681178480e+01
3.055000000000000000e+03,8.370886653879229300e+01
3.056000000000000000e+03,8.332484845809850071e+01
3.057000000000000000e+03,8.362387380657317237e+01
3.058000000000000000e+03,8.379520917233338650e+01
3.059000000000000000e+03,8.343750309600839898e+01
3.060000000000000000e+03,8.360782696864859531e+01
3.061000000000000000e+03,8.346520752594953763e+01
3.062000000000000000e+03,8.352618667820199505e+01
3.063000000000000000e+03,8.361722253928670057e+01
3.064000000000000000e+03,8.358931683040735550e+01
3.065000000000000000e+03,8.367717871144968456e+01
3.066000000000000000e+03,8.381089402874466998e+01
3.067000000000000000e+03,8.403276574340695504e+01
3.068000000000000000e+03,8.373016394039326826e+01
3.069000000000000000e+03,8.405844277927869257e+01
3.070000000000000000e+03,8.379889406471372126e+01
3.071000000000000000e+03,8.392986803129385009e+01
3.072000000000000000e+03,8.355379580725252708e+01
3.073000000000000000e+03,8.394271817562290039e+01
3.074000000000000000e+03,8.409755230520920577e+01
3.075000000000000000e+03,8.397041621636383013e+01
3.076000000000000000e+03,8.353297712488858906e+01
3.077000000000000000e+03,8.366490076030437706e+01
3.078000000000000000e+03,8.386773780040124393e+01
3.079000000000000000e+03,8.392558191672299017e+01
3.080000000000000000e+03,8.386134676091040774e+01
3.081000000000000000e+03,8.408252066862395679e+01
3.082000000000000000e+03,8.365502264003235666e+01
3.083000000000000000e+03,8.376239248028812767e+01
3.084000000000000000e+03,8.379136371123892957e+01
3.085000000000000000e+03,8.379377417184103649e+01
3.086000000000000000e+03,8.372808651956447079e+01
3.087000000000000000e+03,8.375073460829139549e+01
3.088000000000000000e+03,8.405121579535257581e+01
3.089000000000000000e+03,8.382763317193416697e+01
3.090000000000000000e+03,8.407611399153682896e+01
3.091000000000000000e+03,8.372257532048504913e+01
3.092000000000000000e+03,8.366292126601845780e+01
3.093000000000000000e+03,8.355794276749193727e+01
3.094000000000000000e+03,8.374671964962927007e+01
3.095000000000000000e+03,8.374332597044360682e+01
3.096000000000000000e+03,8.345324800687116351e+01
3.097000000000000000e+03,8.362719242869620473e+01
3.098000000000000000e+03,8.317060723950193335e+01
3.099000000000000000e+03,8.365829823412192923e+01
3.100000000000000000e+03,8.327927078127046912e+01
3.101000000000000000e+03,8.332832885605962758e+01
3.102000000000000000e+03,8.319726946612169627e+01
3.103000000000000000e+03,8.328560905119817903e+01
3.104000000000000000e+03,8.332823183504925169e+01
3.105000000000000000e+03,8.314718475333646097e+01
3.106000000000000000e+03,8.309385197043278026e+01
3.107000000000000000e+03,8.294006338207543649e+01
3.108000000000000000e+03,8.286280018311190076e+01
3.109000000000000000e+03,8.312876991135331650e+01
3.110000000000000000e+03,8.286471504593703230e+01
3.111000000000000000e+03,8.290125963443999524e+01
3.112000000000000000e+03,8.273023536153981183e+01
3.113000000000000000e+03,8.285787272444356688e+01
3.114000000000000000e+03,8.247097393574505020e+01
3.115000000000000000e+03,8.194099641441680149e+01
3.116000000000000000e+03,8.261149336415076050e+01
3.117000000000000000e+03,8.227130091794970213e+01
3.118000000000000000e+03,8.191929618741879437e+01
3.119000000000000000e+03,8.163603877038886480e+01
3.120000000000000000e+03,8.176008610299970769e+01
3.121000000000000000e+03,8.204937370385437134e+01
3.122000000000000000e+03,8.185783479934110574e+01
3.123000000000000000e+03,8.116297686182311111e+01
3.124000000000000000e+03,8.093751330284187873e+01
3.125000000000000000e+03,8.059559081213264164e+01
3.126000000000000000e+03,8.047331167406808561e+01
3.127000000000000000e+03,8.065332269552455102e+01
3.128000000000000000e+03,8.024574304588010421e+01
3.129000000000000000e+03,7.976084760859544076e+01
3.130000000000000000e+03,7.967059349405933233e+01
3.131000000000000000e+03,7.904142274876777208e+01
3.132000000000000000e+03,7.886930463972962002e+01
3.133000000000000000e+03,7.869611984310246555e+01
3.134000000000000000e+03,7.835735929946412170e+01
3.135000000000000000e+03,7.763927031153446023e+01
3.136000000000000000e+03,7.698717719794018421e+01
3.137000000000000000e+03,7.699707643477063357e+01
3.138000000000000000e+03,7.634543265301834936e+01
3.139000000000000000e+03,7.603363422542022931e+01
3.140000000000000000e+03,7.493390388515302902e+01
3.141000000000000000e+03,7.478802933886217374e+01
3.142000000000000000e+03,7.454283175646703796e+01
3.143000000000000000e+03,7.360215922790658283e+01
3.144000000000000000e+03,7.266549010046774981e+01
3.145000000000000000e+03,7.223611730296406108e+01
3.146000000000000000e+03,7.140036963594882025e+01
3.147000000000000000e+03,7.060753370043651955e+01
3.148000000000000000e+03,7.022768521968824018e+01
3.149000000000000000e+03,6.975100219769525722e+01
3.150000000000000000e+03,6.884974011545372719e+01
3.151000000000000000e+03,6.826656986244697123e+01
3.152000000000000000e+03,6.765338370993697481e+01
3.153000000000000000e+03,6.730087226822892887e+01
3.154000000000000000e+03,6.659897975955216509e+01
3.155000000000000000e+03,6.589692709189704090e+01
3.156000000000000000e+03,6.519418518366424564e+01
3.157000000000000000e+03,6.470161261648752316e+01
3.158000000000000000e+03,6.455293602331832403e+01
3.159000000000000000e+03,6.368295778126152129e+01
3.160000000000000000e+03,6.314049024695826517e+01
3.161000000000000000e+03,6.244424896879932163e+01
3.162000000000000000e+03,6.214475450870382645e+01
3.163000000000000000e+03,6.151052830400713844e+01
3.164000000000000000e+03,6.111729597248346835e+01
3.165000000000000000e+03,6.102562437188714739e+01
3.166000000000000000e+03,6.015470128583732645e+01
3.167000000000000000e+03,6.003707559495986601e+01
3.168000000000000000e+03,5.975300514572627719e+01
3.169000000000000000e+03,5.934682652167715133e+01
3.170000000000000000e+03,5.901084015519806769e+01
3.171000000000000000e+03,5.838170009827025098e+01
3.172000000000000000e+03,5.839365703728130086e+01
3.173000000000000000e+03,5.874364952491489333e+01
3.174000000000000000e+03,5.804307474069388917e+01
3.175000000000000000e+03,5.793949254474195953e+01
3.176000000000000000e+03,5.783991419268128453e+01
3.177000000000000000e+03,5.706267122777044420e+01
3.178000000000000000e+03,5.709205019437162321e+01
3.179000000000000000e+03,5.736802206553083039e+01
3.180000000000000000e+03,5.690624976515883304e+01
3.181000000000000000e+03,5.650209408023499691e+01
3.182000000000000000e+03,5.651236991817913946e+01
3.183000000000000000e+03,5.665385454171965307e+01
3.184000000000000000e+03,5.684488285702745713e+01
3.185000000000000000e+03,5.660885564293791816e+01
3.186000000000000000e+03,5.643113877732521644e+01
3.187000000000000000e+03,5.602301225794659700e+01
3.188000000000000000e+03,5.608455624548702190e+01
3.189000000000000000e+03,5.590792758999969436e+01
3.190000000000000000e+03,5.614958868510070999e+01
3.191000000000000000e+03,5.573142612708250709e+01
3.192000000000000000e+03,5.572489350133859887e+01
3.193000000000000000e+03,5.578383704180112801e+01
3.194000000000000000e+03,5.558292222137371397e+01
3.195000000000000000e+03,5.569830283030446338e+01
3.196000000000000000e+03,5.562622129000328641e+01
3.197000000000000000e+03,5.595967688302616239e+01
3.198000000000000000e+03,5.563321836132460163e+01
3.199000000000000000e+03,5.568235741269865713e+01
3.200000000000000000e+03,5.568698751525658963e+01
3.201000000000000000e+03,5.594592293893944657e+01
3.202000000000000000e+03,5.586236206715183528e+01
3.203000000000000000e+03,5.563668380252580903e+01
3.204000000000000000e+03,5.529136377727068208e+01
3.205000000000000000e+03,5.539557596175777832e+01
3.206000000000000000e+03,5.577169248347065889e+01
3.207000000000000000e+03,5.559763277883023846e+01
3.208000000000000000e+03,5.548782651959600543e+01
3.209000000000000000e+03,5.561663643730284434e+01
3.210000000000000000e+03,5.550809257045980871e+01
3.211000000000000000e+03,5.523583002990514501e+01
3.212000000000000000e+03,5.552912856086026494e+01
3.213000000000000000e+03,5.523427940687893312e+01
3.214000000000000000e+03,5.545879893299247243e+01
3.215000000000000000e+03,5.513180053382055945e+01
3.216000000000000000e+03,5.496237320241451130e+01
3.217000000000000000e+03,5.531438859166009792e+01
3.218000000000000000e+03,5.529455376943782596e+01
3.219000000000000000e+03,5.485621781080279646e+01
3.220000000000000000e+03,5.506696089558898422e+01
3.221000000000000000e+03,5.532837618509611843e+01
3.222000000000000000e+03,5.543785651322463792e+01
3.223000000000000000e+03,5.520908356422703633e+01
3.224000000000000000e+03,5.544560536429769826e+01
3.225000000000000000e+03,5.527380918781884844e+01
3.226000000000000000e+03,5.504838064619461591e+01
3.227000000000000000e+03,5.518144066555217364e+01
3.228000000000000000e+03,5.506302701395591015e+01
3.229000000000000000e+03,5.472651166276645540e+01
3.230000000000000000e+03,5.456240258233605545e+01
3.231000000000000000e+03,5.482447367064076360e+01
3.232000000000000000e+03,5.530575092705169737e+01
3.233000000000000000e+03,5.491413365609083286e+01
3.234000000000000000e+03,5.521886342683544058e+01
3.235000000000000000e+03,5.510212913589742811e+01
3.236000000000000000e+03,5.508065017387194473e+01
3.237000000000000000e+03,5.557517668789751752e+01
3.238000000000000000e+03,5.550019077147321411e+01
3.239000000000000000e+03,5.525646654766796217e+01
3.240000000000000000e+03,5.542693796702898368e+01
3.241000000000000000e+03,5.550865886425406615e+01
3.242000000000000000e+03,5.554888521443392335e+01
3.243000000000000000e+03,5.527314177155141550e+01
3.244000000000000000e+03,5.553885308260038300e+01
3.245000000000000000e+03,5.515718940005837823e+01
3.246000000000000000e+03,5.558083201455737310e+01
3.247000000000000000e+03,5.543370882767957397e+01
3.248000000000000000e+03,5.551001259221002471e+01
3.249000000000000000e+03,5.544984292634080703e+01
3.250000000000000000e+03,5.565007071967018959e+01
3.251000000000000000e+03,5.572589668525011319e+01
3.252000000000000000e+03,5.574020843651442902e+01
3.253000000000000000e+03,5.576897963079766640e+01
3.254000000000000000e+03,5.562659330308502348e+01
3.255000000000000000e+03,5.581252801250122531e+01
3.256000000000000000e+03,5.556757124517612567e+01
3.257000000000000000e+03,5.580205899134636383e+01
3.258000000000000000e+03,5.578409520805181643e+01
3.259000000000000000e+03,5.587238632164906704e+01
3.260000000000000000e+03,5.563864826669642838e+01
3.261000000000000000e+03,5.595401002480743813e+01
3.262000000000000000e+03,5.561850149086779282e+01
3.263000000000000000e+03,5.577294233130123047e+01
3.264000000000000000e+03,5.518831876851329810e+01
3.265000000000000000e+03,5.548662182390003750e+01
3.266000000000000000e+03,5.520118354178973874e+01
3.267000000000000000e+03,5.519369015936058531e+01
3.268000000000000000e+03,5.587732033560055100e+01
3.269000000000000000e+03,5.561453589710237821e+01
3.270000000000000000e+03,5.548907572831066659e+01
3.271000000000000000e+03,5.569846124926298359e+01
3.272000000000000000e+03,5.563953264392286968e+01
3.273000000000000000e+03,5.568785959631619420e+01
3.274000000000000000e+03,5.587337849383938959e+01
3.275000000000000000e+03,5.587206969811253998e+01
3.276000000000000000e+03,5.583377915175491069e+01
3.277000000000000000e+03,5.576054095202660221e+01
3.278000000000000000e+03,5.562927873510197685e+01
3.279000000000000000e+03,5.611019266101087766e+01
3.280000000000000000e+03,5.541057271670796069e+01
3.281000000000000000e+03,5.546414057765618111e+01
3.282000000000000000e+03,5.544674346538214849e+01
3.283000000000000000e+03,5.524808872917950708e+01
3.284000000000000000e+03,5.542921295603820653e+01
3.285000000000000000e+03,5.555765083521791325e+01
3.286000000000000000e+03,5.568923600030572629e+01
3.287000000000000000e+03,5.534832803692611947e+01
3.288000000000000000e+03,5.533996897365945244e+01
3.289000000000000000e+03,5.561438661610446132e+01
3.290000000000000000e+03,5.569359570728122577e+01
3.291000000000000000e+03,5.520702003604530717e+01
3.292000000000000000e+03,5.517309203202367485e+01
3.293000000000000000e+03,5.509123946929582161e+01
3.294000000000000000e+03,5.527023912994730637e+01
3.295000000000000000e+03,5.529018930077945981e+01
3.296000000000000000e+03,5.507609857822860988e+01
3.297000000000000000e+03,5.508866250118536811e+01
3.298000000000000000e+03,5.489580894477869322e+01
3.299000000000000000e+03,5.497103782837439212e+01
3.300000000000000000e+03,5.486347610492310878e+01
3.301000000000000000e+03,5.525454071199204975e+01
3.302000000000000000e+03,5.517742342192216398e+01
3.303000000000000000e+03,5.524505827208392361e+01
3.304000000000000000e+03,5.512299481284266989e+01
3.305000000000000000e+03,5.547683125292063977e+01
3.306000000000000000e+03,5.534471730124956679e+01
3.307000000000000000e+03,5.534517548681260735e+01
3.308000000000000000e+03,5.541191777800169405e+01
3.309000000000000000e+03,5.525822739888268131e+01
3.310000000000000000e+03,5.553104619984698331e+01
3.311000000000000000e+03,5.547835241609219992e+01
3.312000000000000000e+03,5.558044081392671387e+01
3.313000000000000000e+03,5.519022464631689218e+01
3.314000000000000000e+03,5.473399494265675713e+01
3.315000000000000000e+03,5.542984436748316313e+01
3.316000000000000000e+03,5.539321929858888183e+01
3.317000000000000000e+03,5.544239114745464292e+01
3.318000000000000000e+03,5.518618585218005990e+01
3.319000000000000000e+03,5.536177863311155534e+01
3.320000000000000000e+03,5.515563933168123611e+01
3.321000000000000000e+03,5.547645311127885748e+01
3.322000000000000000e+03,5.549221861494182662e+01
3.323000000000000000e+03,5.519962449834383023e+01
3.324000000000000000e+03,5.521718493941448003e+01
3.325000000000000000e+03,5.533273453104985151e+01
3.326000000000000000e+03,5.541136696875920364e+01
3.327000000000000000e+03,5.563546692023216877e+01
3.328000000000000000e+03,5.550159563255071049e+01
3.329000000000000000e+03,5.520072921777241248e+01
3.330000000000000000e+03,5.514299879234125967e+01
3.331000000000000000e+03,5.557908751260535496e+01
3.332000000000000000e+03,5.524970234930901825e+01
3.333000000000000000e+03,5.532495596662100468e+01
3.334000000000000000e+03,5.510373439354924585e+01
3.335000000000000000e+03,5.494165315587562759e+01
3.336000000000000000e+03,5.484883842184311931e+01
3.337000000000000000e+03,5.534095398304513935e+01
3.338000000000000000e+03,5.500191499649351812e+01
3.339000000000000000e+03,5.520491861571489522e+01
3.340000000000000000e+03,5.522828155736152667e+01
3.341000000000000000e+03,5.520938206245758550e+01
3.342000000000000000e+03,5.510937517219766590e+01
3.343000000000000000e+03,5.526926767724198442e+01
3.344000000000000000e+03,5.495598912571047379e+01
3.345000000000000000e+03,5.483814365688088799e+01
3.346000000000000000e+03,5.519657485710217770e+01
3.347000000000000000e+03,5.515621407559024192e+01
3.348000000000000000e+03,5.500423281261396369e+01
3.349000000000000000e+03,5.583814319295391471e+01
3.350000000000000000e+03,5.515076179689523173e+01
3.351000000000000000e+03,5.519148361721300944e+01
3.352000000000000000e+03,5.470669783783456808e+01
3.353000000000000000e+03,5.535715288216213992e+01
3.354000000000000000e+03,5.525702136076190385e+01
3.355000000000000000e+03,5.547408798690505449e+01
3.356000000000000000e+03,5.530050718075678873e+01
3.357000000000000000e+03,5.524007223553621060e+01
3.358000000000000000e+03,5.578325991221428382e+01
3.359000000000000000e+03,5.531323481167334677e+01
3.360000000000000000e+03,5.509909045467018984e+01
3.361000000000000000e+03,5.520011349952900304e+01
3.362000000000000000e+03,5.540537221750205532e+01
3.363000000000000000e+03,5.559831087714380971e+01
3.364000000000000000e+03,5.562357727850893241e+01
3.365000000000000000e+03,5.531970096162379491e+01
3.366000000000000000e+03,5.512661609469238755e+01
3.367000000000000000e+03,5.527680414628500216e+01
3.368000000000000000e+03,5.531129376415537990e+01
3.369000000000000000e+03,5.534689883692000478e+01
3.370000000000000000e+03,5.526452823820483928e+01
3.371000000000000000e+03,5.526849696174867432e+01
3.372000000000000000e+03,5.505562543752110827e+01
3.373000000000000000e+03,5.570710613540070710e+01
3.374000000000000000e+03,5.527247158677563732e+01
3.375000000000000000e+03,5.548093329270323437e+01
3.376000000000000000e+03,5.520002727856392966e+01
3.377000000000000000e+03,5.518258051103538264e+01
3.378000000000000000e+03,5.529212407383717931e+01
3.379000000000000000e+03,5.468760704363941016e+01
3.380000000000000000e+03,5.454038964472835715e+01
3.381000000000000000e+03,5.485851749562070978e+01
3.382000000000000000e+03,5.488262707310952493e+01
3.383000000000000000e+03,5.449682958804379496e+01
3.384000000000000000e+03,5.476799451873842628e+01
3.385000000000000000e+03,5.469164598226805651e+01
3.386000000000000000e+03,5.489526963101183554e+01
3.387000000000000000e+03,5.485815098788569344e+01
3.388000000000000000e+03,5.422273201197440784e+01
3.389000000000000000e+03,5.477500948588463814e+01
3.390000000000000000e+03,5.495507071448253100e+01
3.391000000000000000e+03,5.482940259545328843e+01
3.392000000000000000e+03,5.474708268110494203e+01
3.393000000000000000e+03,5.449668252745170349e+01
3.394000000000000000e+03,5.478516085601798125e+01
3.395000000000000000e+03,5.489231011053130516e+01
3.396000000000000000e+03,5.481057342075662575e+01
3.397000000000000000e+03,5.463292950114761481e+01
3.398000000000000000e+03,5.447575363997029996e+01
3.399000000000000000e+03,5.436001220494692632e+01
3.400000000000000000e+03,5.471755356177940399e+01
3.401000000000000000e+03,5.477286724546672048e+01
3.402000000000000000e+03,5.456479767540918147e+01
3.403000000000000000e+03,5.461422445783228596e+01
3.404000000000000000e+03,5.454885212431271668e+01
3.405000000000000000e+03,5.466009998541299097e+01
3.406000000000000000e+03,5.436772329344800170e+01
3.407000000000000000e+03,5.418843864976078351e+01
3.408000000000000000e+03,5.410101599777645731e+01
3.409000000000000000e+03,5.427634453606076193e+01
3.410000000000000000e+03,5.399086209187351670e+01
3.411000000000000000e+03,5.442513752332364874e+01
3.412000000000000000e+03,5.424447451715609247e+01
3.413000000000000000e+03,5.419964770342207316e+01
3.414000000000000000e+03,5.359008244252920861e+01
3.415000000000000000e+03,5.390081566404267477e+01
3.416000000000000000e+03,5.400920950183971314e+01
3.417000000000000000e+03,5.402261171605363899e+01
3.418000000000000000e+03,5.370494691739769166e+01
3.419000000000000000e+03,5.332886806057519635e+01
3.420000000000000000e+03,5.315288827182322251e+01
3.421000000000000000e+03,5.343824068190235721e+01
3.422000000000000000e+03,5.310015200438176208e+01
3.423000000000000000e+03,5.299961467515040425e+01
3.424000000000000000e+03,5.264359445763066248e+01
3.425000000000000000e+03,5.238117754345280019e+01
3.426000000000000000e+03,5.235030415519751301e+01
3.427000000000000000e+03,5.240439939002455816e+01
3.428000000000000000e+03,5.189578014607396739e+01
3.429000000000000000e+03,5.163529835666188461e+01
3.430000000000000000e+03,5.147415606597906645e+01
3.431000000000000000e+03,5.110342784557957430e+01
3.432000000000000000e+03,5.072886074640389609e+01
3.433000000000000000e+03,5.069643132573653332e+01
3.434000000000000000e+03,5.004621994387243689e+01
3.435000000000000000e+03,4.988424136246528917e+01
3.436000000000000000e+03,4.936029519060794968e+01
3.437000000000000000e+03,4.904674167434655629e+01
3.438000000000000000e+03,4.880940865381791838e+01
3.439000000000000000e+03,4.840658613197799554e+01
3.440000000000000000e+03,4.789193551336914823e+01
3.441000000000000000e+03,4.741707193823339139e+01
3.442000000000000000e+03,4.722853089664717885e+01
3.443000000000000000e+03,4.630598989529301690e+01
3.444000000000000000e+03,4.570942938361829277e+01
3.445000000000000000e+03,4.520111715999775726e+01
3.446000000000000000e+03,4.469275227932391203e+01
3.447000000000000000e+03,4.417630298317533999e+01
3.448000000000000000e+03,4.370853346355844593e+01
3.449000000000000000e+03,4.294949165240188904e+01
3.450000000000000000e+03,4.238518501896231783e+01
3.451000000000000000e+03,4.155314013777390159e+01
3.452000000000000000e+03,4.105144305933347937e+01
3.453000000000000000e+03,4.086691284407528713e+01
3.454000000000000000e+03,4.026461457839636182e+01
3.455000000000000000e+03,3.988232173864707875e+01
3.456000000000000000e+03,3.875713077286708597e+01
3.457000000000000000e+03,3.849253003542450102e+01
3.458000000000000000e+03,3.812387543508798160e+01
3.459000000000000000e+03,3.758817889800933187e+01
3.460000000000000000e+03,3.706947010033822920e+01
3.461000000000000000e+03,3.663969771210278026e+01
3.462000000000000000e+03,3.581958686723479701e+01
3.463000000000000000e+03,3.569186088148260438e+01
3.464000000000000000e+03,3.530890268532684928e+01
3.465000000000000000e+03,3.506759465967621026e+01
3.466000000000000000e+03,3.460188302649162040e+01
3.467000000000000000e+03,3.411433955457136591e+01
3.468000000000000000e+03,3.423307811623826069e+01
3.469000000000000000e+03,3.369049756451116906e+01
3.470000000000000000e+03,3.345385735588966725e+01
3.471000000000000000e+03,3.295489959128306623e+01
3.472000000000000000e+03,3.248826335190838677e+01
3.473000000000000000e+03,3.207041381817209924e+01
3.474000000000000000e+03,3.157312531127677957e+01
3.475000000000000000e+03,3.159754657664202782e+01
3.476000000000000000e+03,3.147738785480349577e+01
3.477000000000000000e+03,3.133742962148668809e+01
3.478000000000000000e+03,3.119536125852112107e+01
3.479000000000000000e+03,3.102751858322098499e+01
3.480000000000000000e+03,3.063523303010111221e+01
3.481000000000000000e+03,3.077490363320347555e+01
3.482000000000000000e+03,3.081027478966019828e+01
3.483000000000000000e+03,3.057892080023121650e+01
3.484000000000000000e+03,3.032037045744360881e+01
3.485000000000000000e+03,3.041181825869085742e+01
3.486000000000000000e+03,3.037015710460745410e+01
3.487000000000000000e+03,3.012295021336156964e+01
3.488000000000000000e+03,3.020820536758086661e+01
3.489000000000000000e+03,3.025506944631906592e+01
3.490000000000000000e+03,3.033127624920996368e+01
3.491000000000000000e+03,3.008647302937077939e+01
3.492000000000000000e+03,3.013398105980134645e+01
3.493000000000000000e+03,3.037073993698990293e+01
3.494000000000000000e+03,2.989234445977581345e+01
3.495000000000000000e+03,2.964040048566881680e+01
3.496000000000000000e+03,3.001148768095503172e+01
3.497000000000000000e+03,2.968046802727741351e+01
3.498000000000000000e+03,2.946017125234866540e+01
3.499000000000000000e+03,2.998972611908470043e+01
3.500000000000000000e+03,2.984234131097257858e+01
3.501000000000000000e+03,3.001624255641020511e+01
3.502000000000000000e+03,3.002240168738497417e+01
3.503000000000000000e+03,2.995943550533232269e+01
3.504000000000000000e+03,2.999570356581473618e+01
3.505000000000000000e+03,2.993150823485375156e+01
3.506000000000000000e+03,3.035929014559770067e+01
3.507000000000000000e+03,2.990885898948134525e+01
3.508000000000000000e+03,3.024466769198959071e+01
3.509000000000000000e+03,2.977984819466394484e+01
3.510000000000000000e+03,2.994122053173921216e+01
3.511000000000000000e+03,2.983882278790071041e+01
3.512000000000000000e+03,2.986112749138568034e+01
3.513000000000000000e+03,3.001459199111609877e+01
3.514000000000000000e+03,2.978386729208077099e+01
3.515000000000000000e+03,2.979786664422414333e+01
3.516000000000000000e+03,3.016268839765893262e+01
3.517000000000000000e+03,2.969165190718594971e+01
3.518000000000000000e+03,2.980934229536180879e+01
3.519000000000000000e+03,2.974797167972407763e+01
3.520000000000000000e+03,2.972788116874864883e+01
3.521000000000000000e+03,2.979931165421965034e+01
3.522000000000000000e+03,2.979657278816999622e+01
3.523000000000000000e+03,2.974484944017489951e+01
3.524000000000000000e+03,2.931648994737476244e+01
3.525000000000000000e+03,2.936874514068639996e+01
3.526000000000000000e+03,2.981221781377607272e+01
3.527000000000000000e+03,2.982970586622706932e+01
3.528000000000000000e+03,2.955998684324635306e+01
3.529000000000000000e+03,2.935110778978251744e+01
3.530000000000000000e+03,2.928241230127395767e+01
3.531000000000000000e+03,2.937239640728276768e+01
3.532000000000000000e+03,2.966191380067456507e+01
3.533000000000000000e+03,2.965029758351802514e+01
3.534000000000000000e+03,2.960927630064239224e+01
3.535000000000000000e+03,2.953689576168680020e+01
3.536000000000000000e+03,2.952164489806125758e+01
3.537000000000000000e+03,2.973812653512927184e+01
3.538000000000000000e+03,2.987066599850313153e+01
3.539000000000000000e+03,2.978811121887025593e+01
3.540000000000000000e+03,2.938042941166283484e+01
3.541000000000000000e+03,2.953056897140420389e+01
3.542000000000000000e+03,2.962588387491070208e+01
3.543000000000000000e+03,2.919341363901503428e+01
3.544000000000000000e+03,2.949182615588438594e+01
3.545000000000000000e+03,2.954092550310578957e+01
3.546000000000000000e+03,2.957934434029384008e+01
3.547000000000000000e+03,2.906823216995735493e+01
3.548000000000000000e+03,2.955428245352000616e+01
3.549000000000000000e+03,2.949072303731039923e+01
3.550000000000000000e+03,2.958635312800653949e+01
3.551000000000000000e+03,2.913528021082339947e+01
3.552000000000000000e+03,2.928244330298058529e+01
3.553000000000000000e+03,2.956119824095101833e+01
3.554000000000000000e+03,2.973888865884289245e+01
3.555000000000000000e+03,2.922823995133721198e+01
3.556000000000000000e+03,2.942077896573428930e+01
3.557000000000000000e+03,2.942335774337250953e+01
3.558000000000000000e+03,2.955242545443339708e+01
3.559000000000000000e+03,2.932532349894576740e+01
3.560000000000000000e+03,2.967375346838426964e+01
3.561000000000000000e+03,2.958722820717251878e+01
3.562000000000000000e+03,2.944336911939370438e+01
3.563000000000000000e+03,2.951873435374935895e+01
3.564000000000000000e+03,2.917904302293838370e+01
3.565000000000000000e+03,2.956372429426339821e+01
3.566000000000000000e+03,2.914812939128492175e+01
3.567000000000000000e+03,2.966548815595252009e+01
3.568000000000000000e+03,2.904445829382377653e+01
3.569000000000000000e+03,2.953902902680321674e+01
3.570000000000000000e+03,2.962938460457607448e+01
3.571000000000000000e+03,2.938303883961441798e+01
3.572000000000000000e+03,2.941343599693190924e+01
3.573000000000000000e+03,2.910707710960599570e+01
3.574000000000000000e+03,2.946281545327463292e+01
3.575000000000000000e+03,2.934396244244636165e+01
3.576000000000000000e+03,2.945602199458091874e+01
3.577000000000000000e+03,2.953217761348733106e+01
3.578000000000000000e+03,2.970680298183755141e+01
3.579000000000000000e+03,2.967061621003296068e+01
3.580000000000000000e+03,2.985332268970644876e+01
3.581000000000000000e+03,2.972653523806841491e+01
3.582000000000000000e+03,2.932909401326391574e+01
3.583000000000000000e+03,2.942718596424571231e+01
3.584000000000000000e+03,2.939792961936238314e+01
3.585000000000000000e+03,2.974050073714629150e+01
3.586000000000000000e+03,2.970122991340749863e+01
3.587000000000000000e+03,2.976102939460655605e+01
3.588000000000000000e+03,2.954335089565837080e+01
3.589000000000000000e+03,2.958452096522443497e+01
3.590000000000000000e+03,2.952829543916429600e+01
3.591000000000000000e+03,2.958184591049779399e+01
3.592000000000000000e+03,2.960513565888328813e+01
3.593000000000000000e+03,2.934179063632966944e+01
3.594000000000000000e+03,2.942526794696120263e+01
3.595000000000000000e+03,2.966119383364414830e+01
3.596000000000000000e+03,3.009656736714318370e+01
3.597000000000000000e+03,2.991703563855683967e+01
3.598000000000000000e+03,2.990069811485582818e+01
3.599000000000000000e+03,2.982184790950448772e+01
3.600000000000000000e+03,2.966387308414826762e+01
3.601000000000000000e+03,2.988389585559231421e+01
3.602000000000000000e+03,2.962145393553020867e+01
3.603000000000000000e+03,2.991598610664319224e+01
3.604000000000000000e+03,2.939445350190574757e+01
3.605000000000000000e+03,2.973349078427010284e+01
3.606000000000000000e+03,2.993969994982070304e+01
3.607000000000000000e+03,2.991793267510880838e+01
3.608000000000000000e+03,2.980539864567865038e+01
3.609000000000000000e+03,2.989178780286141190e+01
3.610000000000000000e+03,3.014838396971692092e+01
3.611000000000000000e+03,3.010320290362567164e+01
3.612000000000000000e+03,3.011197113449055252e+01
3.613000000000000000e+03,2.986445048097906607e+01
3.614000000000000000e+03,2.994164317905672945e+01
3.615000000000000000e+03,3.010604338983327821e+01
3.616000000000000000e+03,3.019775777579465981e+01
3.617000000000000000e+03,3.001558137847443675e+01
3.618000000000000000e+03,3.029928540796711545e+01
3.619000000000000000e+03,2.993643158889215172e+01
3.620000000000000000e+03,3.010980371657901600e+01
3.621000000000000000e+03,3.021516860728372222e+01
3.622000000000000000e+03,3.034589454971224853e+01
3.623000000000000000e+03,2.991136800099975801e+01
3.624000000000000000e+03,2.995578481103468960e+01
3.625000000000000000e+03,2.968248990037368529e+01
3.626000000000000000e+03,2.974995726938480090e+01
3.627000000000000000e+03,2.982064616337934737e+01
3.628000000000000000e+03,3.029270753866289212e+01
3.629000000000000000e+03,2.962363827736633226e+01
3.630000000000000000e+03,2.970601821423767674e+01
3.631000000000000000e+03,2.983183316863397394e+01
3.632000000000000000e+03,2.980100662446480797e+01
3.633000000000000000e+03,2.993629012931263844e+01
3.634000000000000000e+03,2.987488568636071662e+01
3.635000000000000000e+03,2.961446393852108017e+01
3.636000000000000000e+03,2.979558358992741773e+01
3.637000000000000000e+03,2.993541996609064881e+01
3.638000000000000000e+03,2.953010226159372564e+01
3.639000000000000000e+03,2.982616728372234505e+01
3.640000000000000000e+03,2.960579364721147755e+01
3.641000000000000000e+03,2.939588852977911770e+01
3.642000000000000000e+03,2.952546779153558276e+01
3.643000000000000000e+03,2.970262118265542028e+01
3.644000000000000000e+03,2.964845452110452939e+01
3.645000000000000000e+03,2.936879588177721701e+01
3.646000000000000000e+03,2.940401517128295339e+01
3.647000000000000000e+03,2.963073963328697147e+01
3.648000000000000000e+03,2.981876410178543324e+01
3.649000000000000000e+03,2.950503446796973961e+01
3.650000000000000000e+03,2.946331326492671465e+01
3.651000000000000000e+03,2.958169071868465494e+01
3.652000000000000000e+03,2.960954104579412061e+01
3.653000000000000000e+03,2.976477844916266591e+01
3.654000000000000000e+03,2.981284579677963720e+01
3.655000000000000000e+03,2.989082244874107630e+01
3.656000000000000000e+03,2.954227914682812184e+01
3.657000000000000000e+03,2.947126840945506032e+01
3.658000000000000000e+03,2.971395184057234218e+01
3.659000000000000000e+03,2.975457793556354602e+01
3.660000000000000000e+03,2.980958285736685198e+01
3.661000000000000000e+03,2.967883930157094241e+01
3.662000000000000000e+03,2.976463414757208881e+01
3.663000000000000000e+03,2.969103086994802609e+01
3.664000000000000000e+03,2.949350789113105265e+01
3.665000000000000000e+03,2.935314412186538036e+01
3.666000000000000000e+03,2.966722114588698744e+01
3.667000000000000000e+03,2.975130160821037251e+01
3.668000000000000000e+03,2.949009483120742559e+01
3.669000000000000000e+03,2.966947258473273763e+01
3.670000000000000000e+03,2.968159906430983952e+01
3.671000000000000000e+03,2.961500725388908606e+01
3.672000000000000000e+03,2.929766512208879803e+01
3.673000000000000000e+03,2.947025735502927191e+01
3.674000000000000000e+03,2.974020104210674376e+01
3.675000000000000000e+03,2.952875746218457209e+01
3.676000000000000000e+03,2.958721653189339307e+01
3.677000000000000000e+03,2.957078902004474941e+01
3.678000000000000000e+03,2.939898819426451482e+01
3.679000000000000000e+03,2.937582834149379352e+01
3.680000000000000000e+03,2.971128073443882300e+01
3.681000000000000000e+03,2.932942244367701079e+01
3.682000000000000000e+03,2.952112318474902253e+01
3.683000000000000000e+03,2.946253144560618864e+01
3.684000000000000000e+03,2.965505388496845285e+01
3.685000000000000000e+03,2.959411601012283199e+01
3.686000000000000000e+03,2.952323965619536494e+01
3.687000000000000000e+03,2.953729049512332949e+01
3.688000000000000000e+03,2.937785974328291516e+01
3.689000000000000000e+03,2.948535686972766356e+01
3.690000000000000000e+03,2.926979144086626405e+01
3.691000000000000000e+03,2.966179145922626859e+01
3.692000000000000000e+03,2.940393941291476665e+01
3.693000000000000000e+03,2.940110674924413559e+01
3.694000000000000000e+03,2.924031315445298063e+01
3.695000000000000000e+03,2.937634222699371023e+01
3.696000000000000000e+03,2.970207031440604695e+01
3.697000000000000000e+03,2.955909554833932873e+01
3.698000000000000000e+03,2.963205392459050458e+01
3.699000000000000000e+03,2.917682470037215836e+01
3.700000000000000000e+03,2.918219132942786231e+01
3.701000000000000000e+03,2.951105709505332086e+01
3.702000000000000000e+03,2.914485576558719870e+01
3.703000000000000000e+03,2.914237744548214337e+01
3.704000000000000000e+03,2.887260868486046306e+01
3.705000000000000000e+03,2.910803974442968922e+01
3.706000000000000000e+03,2.901578751911853615e+01
3.707000000000000000e+03,2.892943386444383336e+01
3.708000000000000000e+03,2.874709819341090622e+01
3.709000000000000000e+03,2.875769950672847131e+01
3.710000000000000000e+03,2.890139403521262906e+01
3.711000000000000000e+03,2.908143859175095969e+01
3.712000000000000000e+03,2.902432141880152372e+01
3.713000000000000000e+03,2.874468944222050482e+01
3.714000000000000000e+03,2.895546659332320871e+01
3.715000000000000000e+03,2.884365976207867277e+01
3.716000000000000000e+03,2.850018087735093886e+01
3.717000000000000000e+03,2.880380545573645890e+01
3.718000000000000000e+03,2.842511110580439393e+01
3.719000000000000000e+03,2.803406266269122327e+01
3.720000000000000000e+03,2.756245813371208442e+01
3.721000000000000000e+03,2.791810445974677890e+01
3.722000000000000000e+03,2.772295437090341963e+01
3.723000000000000000e+03,2.759586718307042119e+01
3.724000000000000000e+03,2.699733126932693139e+01
3.725000000000000000e+03,2.715081191916693371e+01
3.726000000000000000e+03,2.668090350057350690e+01
3.727000000000000000e+03,2.670831053144079448e+01
3.728000000000000000e+03,2.687719476722940826e+01
3.729000000000000000e+03,2.601417537090491550e+01
3.730000000000000000e+03,2.589438500803465359e+01
3.731000000000000000e+03,2.565271394651784931e+01
3.732000000000000000e+03,2.542611809196298722e+01
3.733000000000000000e+03,2.512864813510151407e+01
3.734000000000000000e+03,2.435313836834144041e+01
3.735000000000000000e+03,2.422849156348530997e+01
3.736000000000000000e+03,2.390061652113958601e+01
3.737000000000000000e+03,2.352416209048279683e+01
3.738000000000000000e+03,2.296899716071115805e+01
3.739000000000000000e+03,2.255125780109024092e+01
3.740000000000000000e+03,2.198583089505484622e+01
3.741000000000000000e+03,2.150175769705773376e+01
3.742000000000000000e+03,2.125971229183959821e+01
3.743000000000000000e+03,2.065938228952340694e+01
3.744000000000000000e+03,2.026847988879261564e+01
3.745000000000000000e+03,1.947713677356723849e+01
3.746000000000000000e+03,1.893231554535811867e+01
3.747000000000000000e+03,1.836480609688012322e+01
3.748000000000000000e+03,1.814366293324437507e+01
3.749000000000000000e+03,1.755192449495454454e+01
3.750000000000000000e+03,1.666511778103815899e+01
3.751000000000000000e+03,1.632616861176799361e+01
3.752000000000000000e+03,1.563146267715039883e+01
3.753000000000000000e+03,1.516100185804387834e+01
3.754000000000000000e+03,1.431172958522736849e+01
3.755000000000000000e+03,1.413197748397003117e+01
3.756000000000000000e+03,1.344883818952355448e+01
3.757000000000000000e+03,1.264068373099814835e+01
3.758000000000000000e+03,1.240610031388702694e+01
3.759000000000000000e+03,1.201842926751151808e+01
3.760000000000000000e+03,1.138140870938604898e+01
3.761000000000000000e+03,1.065023085405686487e+01
3.762000000000000000e+03,1.044171541623144783e+01
3.763000000000000000e+03,1.035165466793261047e+01
3.764000000000000000e+03,9.709354966097677675e+00
3.765000000000000000e+03,9.322308334032069155e+00
3.766000000000000000e+03,8.779607266105392327e+00
3.767000000000000000e+03,8.348654348968540972e+00
3.768000000000000000e+03,8.244908687106482503e+00
3.769000000000000000e+03,8.059365232682763391e+00
3.770000000000000000e+03,7.558984854715100177e+00
3.771000000000000000e+03,7.458625086762826761e+00
3.772000000000000000e+03,7.283471914341487441e+00
3.773000000000000000e+03,6.834951196814301078e+00
3.774000000000000000e+03,6.814544206538819537e+00
3.775000000000000000e+03,6.605059744687034495e+00
3.776000000000000000e+03,6.027845371536884933e+00
3.777000000000000000e+03,5.907390866965977594e+00
3.778000000000000000e+03,5.758515080760752802e+00
3.779000000000000000e+03,6.049136231484328441e+00
3.780000000000000000e+03,5.468329994404657057e+00
3.781000000000000000e+03,5.734574904244642113e+00
3.782000000000000000e+03,5.740642103562158205e+00
3.783000000000000000e+03,5.684777506270723535e+00
3.784000000000000000e+03,5.544518893520503866e+00
3.785000000000000000e+03,5.301508685688215650e+00
3.786000000000000000e+03,5.232781240214810836e+00
3.787000000000000000e+03,5.395759417102172328e+00
3.788000000000000000e+03,5.214823440612013528e+00
3.789000000000000000e+03,5.301136334575454079e+00
3.790000000000000000e+03,5.180202743069040494e+00
3.791000000000000000e+03,5.342510186503125702e+00
3.792000000000000000e+03,5.220879523425164592e+00
3.793000000000000000e+03,4.935921536678127275e+00
3.794000000000000000e+03,4.917929800950725294e+00
3.795000000000000000e+03,5.054413936047413181e+00
3.796000000000000000e+03,5.252264481006077901e+00
3.797000000000000000e+03,4.671521089979425057e+00
3.798000000000000000e+03,4.627717251002493981e+00
3.799000000000000000e+03,4.715862700635849336e+00
3.800000000000000000e+03,4.757237793395552750e+00
3.801000000000000000e+03,4.930630251949320808e+00
3.802000000000000000e+03,4.773436029304309436e+00
3.803000000000000000e+03,4.277304894014210213e+00
3.804000000000000000e+03,4.372076159903557802e+00
3.805000000000000000e+03,4.532531536561977603e+00
3.806000000000000000e+03,4.493126917078257065e+00
3.807000000000000000e+03,4.327362308209384167e+00
3.808000000000000000e+03,4.328417991695793887e+00
3.809000000000000000e+03,4.148537008971306506e+00
3.810000000000000000e+03,4.164639787758137146e+00
3.811000000000000000e+03,4.043556146573505927e+00
3.812000000000000000e+03,3.763206341075928663e+00
3.813000000000000000e+03,3.861130178243385114e+00
3.814000000000000000e+03,3.398575125273930020e+00
3.815000000000000000e+03,3.614800069424775053e+00
3.816000000000000000e+03,3.943067921136907739e+00
3.817000000000000000e+03,3.691198369756119035e+00
3.818000000000000000e+03,3.622876439641138369e+00
3.819000000000000000e+03,3.664035572367346560e+00
3.820000000000000000e+03,3.335822274857906500e+00
3.821000000000000000e+03,3.770271674170932563e+00
3.822000000000000000e+03,3.526894579725421863e+00
3.823000000000000000e+03,3.395232256091676781e+00
3.824000000000000000e+03,3.298313408696841087e+00
3.825000000000000000e+03,3.319141486012012088e+00
3.826000000000000000e+03,3.344295376345416848e+00
3.827000000000000000e+03,3.307772845238147852e+00
3.828000000000000000e+03,3.551525763927495305e+00
3.829000000000000000e+03,3.312747215112629373e+00
3.830000000000000000e+03,3.230136853524635754e+00
3.831000000000000000e+03,3.403643479579145037e+00
3.832000000000000000e+03,3.478646272981762877e+00
3.833000000000000000e+03,3.518528742573125534e+00
3.834000000000000000e+03,3.386686329466356060e+00
3.835000000000000000e+03,3.538692901227954213e+00
3.836000000000000000e+03,3.871724835486612282e+00
3.837000000000000000e+03,3.860676866958242304e+00
3.838000000000000000e+03,3.994486081321430238e+00
3.839000000000000000e+03,3.668360278846478195e+00
3.840000000000000000e+03,3.940866336661162261e+00
3.841000000000000000e+03,3.691819672271742014e+00
3.842000000000000000e+03,4.010610301161364077e+00
3.843000000000000000e+03,4.046848504609378949e+00
3.844000000000000000e+03,4.118318703331243391e+00
3.845000000000000000e+03,4.132295083498401134e+00
3.846000000000000000e+03,4.233067937515207824e+00
3.847000000000000000e+03,4.268068195395249731e+00
3.848000000000000000e+03,4.050025985621597435e+00
3.849000000000000000e+03,4.228935070511695926e+00
3.850000000000000000e+03,4.343864899306410621e+00
3.851000000000000000e+03,4.073221346871322979e+00
3.852000000000000000e+03,3.964042201891440076e+00
3.853000000000000000e+03,4.036233008464746419e+00
3.854000000000000000e+03,4.008134290944872724e+00
3.855000000000000000e+03,3.589237907485080203e+00
3.856000000000000000e+03,3.737494083669196776e+00
3.857000000000000000e+03,3.589779127637923839e+00
3.858000000000000000e+03,3.958489150334007167e+00
3.859000000000000000e+03,3.914162897039482392e+00
3.860000000000000000e+03,3.544410168586487941e+00
3.861000000000000000e+03,3.961977282745373419e+00
3.862000000000000000e+03,3.691388224846336108e+00
3.863000000000000000e+03,3.823127340965692955e+00
3.864000000000000000e+03,3.993311624860501841e+00
3.865000000000000000e+03,3.781833294700497117e+00
3.866000000000000000e+03,3.776478598638617346e+00
3.867000000000000000e+03,3.706545481796274188e+00
3.868000000000000000e+03,3.841152288752939459e+00
3.869000000000000000e+03,3.938563293426131207e+00
3.870000000000000000e+03,4.177134079667362165e+00
3.871000000000000000e+03,3.726649871794782243e+00
3.872000000000000000e+03,3.802029174313429127e+00
3.873000000000000000e+03,3.483516434250801819e+00
3.874000000000000000e+03,3.760589501272688651e+00
3.875000000000000000e+03,3.981232415626137833e+00
3.876000000000000000e+03,3.556688064565815210e+00
3.877000000000000000e+03,3.768681598883254491e+00
3.878000000000000000e+03,3.660659551015434943e+00
3.879000000000000000e+03,3.439401991682221382e+00
3.880000000000000000e+03,3.691710273066702186e+00
3.881000000000000000e+03,3.950521542230311045e+00
3.882000000000000000e+03,3.543519856463936524e+00
3.883000000000000000e+03,3.860172275507453232e+00
3.884000000000000000e+03,3.622464923928066849e+00
3.885000000000000000e+03,4.105276094786955987e+00
3.886000000000000000e+03,4.039914892267180591e+00
3.887000000000000000e+03,3.958070300884148462e+00
3.888000000000000000e+03,3.827731017654296686e+00
3.889000000000000000e+03,4.085144972054304269e+00
3.890000000000000000e+03,4.018880309129723827e+00
3.891000000000000000e+03,4.071891163086618803e+00
3.892000000000000000e+03,3.840274210428273438e+00
3.893000000000000000e+03,4.048496847411493960e+00
3.894000000000000000e+03,3.946019714345394558e+00
3.895000000000000000e+03,4.197191621189630517e+00
3.896000000000000000e+03,4.076591112289684737e+00
3.897000000000000000e+03,3.977227012340796897e+00
3.898000000000000000e+03,3.863124331001096312e+00
3.899000000000000000e+03,3.803751289164239768e+00
3.900000000000000000e+03,4.038503008036819608e+00
3.901000000000000000e+03,4.099983348619953283e+00
3.902000000000000000e+03,4.035109642936437702e+00
3.903000000000000000e+03,3.925866094581830001e+00
3.904000000000000000e+03,4.256880280962481500e+00
3.905000000000000000e+03,4.008099233936208705e+00
3.906000000000000000e+03,4.429540800040876469e+00
3.907000000000000000e+03,4.114878772966462428e+00
3.908000000000000000e+03,3.950233545124178569e+00
3.909000000000000000e+03,3.901033761593327043e+00
3.910000000000000000e+03,3.976902650387154292e+00
3.911000000000000000e+03,3.799112396795305102e+00
3.912000000000000000e+03,3.800592502742012435e+00
3.913000000000000000e+03,3.696624044390466768e+00
3.914000000000000000e+03,3.618597253995818885e+00
3.915000000000000000e+03,3.665118557724476034e+00
3.916000000000000000e+03,3.777396616369956384e+00
3.917000000000000000e+03,3.895905309620406154e+00
3.918000000000000000e+03,3.810237735414444327e+00
3.919000000000000000e+03,3.711021744044374682e+00
3.920000000000000000e+03,3.723641633365829762e+00
3.921000000000000000e+03,4.156850949311602150e+00
3.922000000000000000e+03,3.899417574370919848e+00
3.923000000000000000e+03,3.840436623354799739e+00
3.924000000000000000e+03,4.060801205444620088e+00
3.925000000000000000e+03,3.707226535742742524e+00
3.926000000000000000e+03,3.801341766540391465e+00
3.927000000000000000e+03,3.893150868797148778e+00
3.928000000000000000e+03,3.866630007400853497e+00
3.929000000000000000e+03,3.755294944667418644e+00
3.930000000000000000e+03,3.563449900784535718e+00
3.931000000000000000e+03,3.633960334257084757e+00
3.932000000000000000e+03,3.741323056757894339e+00
3.933000000000000000e+03,3.749858331676567236e+00
3.934000000000000000e+03,3.648779697698710134e+00
3.935000000000000000e+03,3.565825368941900830e+00
3.936000000000000000e+03,3.605828952586054736e+00
3.937000000000000000e+03,3.718235884012434322e+00
3.938000000000000000e+03,3.760991803068247652e+00
3.939000000000000000e+03,3.680063878796038690e+00
3.940000000000000000e+03,3.622057341730526403e+00
3.941000000000000000e+03,3.866154190845049854e+00
3.942000000000000000e+03,3.972602157563838610e+00
3.943000000000000000e+03,4.045393473501695425e+00
3.944000000000000000e+03,3.992538048020798591e+00
3.945000000000000000e+03,3.880831972358723903e+00
3.946000000000000000e+03,4.085017759173354079e+00
3.947000000000000000e+03,4.149063302306137402e+00
3.948000000000000000e+03,3.954849047831440423e+00
3.949000000000000000e+03,3.935239978453397569e+00
3.950000000000000000e+03,3.825101427017758127e+00
3.951000000000000000e+03,3.763621086434615126e+00
3.952000000000000000e+03,3.828494792118122714e+00
3.953000000000000000e+03,3.937738340472732190e+00
3.954000000000000000e+03,3.953295099532661894e+00
3.955000000000000000e+03,3.855505201118369474e+00
3.956000000000000000e+03,3.767950716836772962e+00
3.957000000000000000e+03,3.816260472290174732e+00
3.958000000000000000e+03,3.913370889930461338e+00
3.959000000000000000e+03,4.255234366046964034e+00
3.960000000000000000e+03,4.076721459273525916e+00
3.961000000000000000e+03,3.918039164582189482e+00
3.962000000000000000e+03,3.916559058635471047e+00
3.963000000000000000e+03,3.803905066184134043e+00
3.964000000000000000e+03,4.098554307381668593e+00
3.965000000000000000e+03,4.052033003653020771e+00
3.966000000000000000e+03,3.939754945007539533e+00
3.967000000000000000e+03,3.903611628505863074e+00
3.968000000000000000e+03,3.910262377334718931e+00
3.969000000000000000e+03,4.046341872673780315e+00
3.970000000000000000e+03,4.274297101913057340e+00
3.971000000000000000e+03,3.967367931167601558e+00
3.972000000000000000e+03,4.023611012811812770e+00
3.973000000000000000e+03,3.959080314771463716e+00
3.974000000000000000e+03,4.069773554603148824e+00
3.975000000000000000e+03,4.092290402383532921e+00
3.976000000000000000e+03,3.998175171585889753e+00
3.977000000000000000e+03,3.823172869725840251e+00
3.978000000000000000e+03,3.849693731122192819e+00
3.979000000000000000e+03,3.961028793855559282e+00
3.980000000000000000e+03,4.016478272793019499e+00
3.981000000000000000e+03,3.945967839320478898e+00
3.982000000000000000e+03,3.838605116819666208e+00
3.983000000000000000e+03,3.830069841900983540e+00
3.984000000000000000e+03,3.931148475878835757e+00
3.985000000000000000e+03,4.014102804635651722e+00
3.986000000000000000e+03,3.974099220991507142e+00
3.987000000000000000e+03,3.861692289565128444e+00
3.988000000000000000e+03,4.025568027401959625e+00
3.989000000000000000e+03,3.899864294781596907e+00
3.990000000000000000e+03,4.002203325682232915e+00
3.991000000000000000e+03,3.725428235294975909e+00
3.992000000000000000e+03,3.618980268576189374e+00
3.993000000000000000e+03,3.546188952638325009e+00
3.994000000000000000e+03,3.599044378119212517e+00
3.995000000000000000e+03,3.710750453781288538e+00
3.996000000000000000e+03,3.642896441154719778e+00
3.997000000000000000e+03,3.552827307792525424e+00
3.998000000000000000e+03,3.457125916143612976e+00
3.999000000000000000e+03,3.476734985521709120e+00
4.000000000000000000e+03,3.586873536957283726e+00
4.001000000000000000e+03,3.648353877540434720e+00
4.002000000000000000e+03,3.583480171856935570e+00
4.003000000000000000e+03,3.784376953448515213e+00
4.004000000000000000e+03,3.458679864442383955e+00
4.005000000000000000e+03,3.556469762856671046e+00
4.006000000000000000e+03,3.782961683595170488e+00
4.007000000000000000e+03,3.693889459050663238e+00
4.008000000000000000e+03,3.581797273647882474e+00
4.009000000000000000e+03,3.532597490117104666e+00
4.010000000000000000e+03,3.608466378910903494e+00
4.011000000000000000e+03,3.713524563941572598e+00
4.012000000000000000e+03,3.715004669888301247e+00
4.013000000000000000e+03,3.611036211536762686e+00
4.014000000000000000e+03,3.533009421142100148e+00
4.015000000000000000e+03,3.596075644618488276e+00
4.016000000000000000e+03,3.691808783516220327e+00
4.017000000000000000e+03,3.727952100017906556e+00
4.018000000000000000e+03,3.642284525811867457e+00
4.019000000000000000e+03,3.543068534441836004e+00
4.020000000000000000e+03,3.595319874187336229e+00
4.021000000000000000e+03,3.935389983416202941e+00
4.022000000000000000e+03,4.002658550828459560e+00
4.023000000000000000e+03,3.943677599812357659e+00
4.024000000000000000e+03,3.832984359980670774e+00
4.025000000000000000e+03,4.013642874307246089e+00
4.026000000000000000e+03,4.233641186519029986e+00
4.027000000000000000e+03,4.325450288775799734e+00
4.028000000000000000e+03,4.298929427379457380e+00
4.029000000000000000e+03,4.187594364646010980e+00
4.030000000000000000e+03,4.132144885708623150e+00
4.031000000000000000e+03,4.202655319181156202e+00
4.032000000000000000e+03,4.310018041681971113e+00
4.033000000000000000e+03,4.318553316600665326e+00
4.034000000000000000e+03,4.217474682622817106e+00
4.035000000000000000e+03,4.134520353865993592e+00
4.036000000000000000e+03,4.174523937510128846e+00
4.037000000000000000e+03,4.286930868936508432e+00
4.038000000000000000e+03,4.329686787992340413e+00
4.039000000000000000e+03,4.248758863720055956e+00
4.040000000000000000e+03,4.146419832819415063e+00
4.041000000000000000e+03,4.152000737146616771e+00
4.042000000000000000e+03,4.258448703865399310e+00
4.043000000000000000e+03,4.331240019803271224e+00
4.044000000000000000e+03,4.278384594322393042e+00
4.045000000000000000e+03,4.166678518660315689e+00
4.046000000000000000e+03,4.417928604178932517e+00
4.047000000000000000e+03,3.913842950583073410e+00
4.048000000000000000e+03,4.323060970881794418e+00
4.049000000000000000e+03,4.303451901503708044e+00
4.050000000000000000e+03,4.193313350068051726e+00
4.051000000000000000e+03,4.131833009484974895e+00
4.052000000000000000e+03,4.196706715168466495e+00
4.053000000000000000e+03,4.305950263523081745e+00
4.054000000000000000e+03,4.321507022583030988e+00
4.055000000000000000e+03,4.289661796468166699e+00
4.056000000000000000e+03,3.904346281782209438e+00
4.057000000000000000e+03,4.140522683435579054e+00
4.058000000000000000e+03,4.252614868838358930e+00
4.059000000000000000e+03,4.301814652369146508e+00
4.060000000000000000e+03,4.225945763575266412e+00
4.061000000000000000e+03,4.120887578544682128e+00
4.062000000000000000e+03,4.119407472597942821e+00
4.063000000000000000e+03,4.223375930949477386e+00
4.064000000000000000e+03,4.301402721344147473e+00
4.065000000000000000e+03,4.254881417615518302e+00
4.066000000000000000e+03,4.142603358970036176e+00
4.067000000000000000e+03,4.106460042468340177e+00
4.068000000000000000e+03,4.192127616674373058e+00
4.069000000000000000e+03,4.291343608044408953e+00
4.070000000000000000e+03,4.278723718722883262e+00
4.071000000000000000e+03,4.170216345130101310e+00
4.072000000000000000e+03,4.102947777717835365e+00
4.073000000000000000e+03,4.161928728733929717e+00
4.074000000000000000e+03,4.272621968565617934e+00
4.075000000000000000e+03,4.295138816346022459e+00
4.076000000000000000e+03,4.201023585548390393e+00
4.077000000000000000e+03,4.304509357364830535e+00
4.078000000000000000e+03,4.135735344687947013e+00
4.079000000000000000e+03,4.247070407421392524e+00
4.080000000000000000e+03,4.302519886358782131e+00
4.081000000000000000e+03,4.232009452886264178e+00
4.082000000000000000e+03,4.124646730385445714e+00
4.083000000000000000e+03,4.116111455466742619e+00
4.084000000000000000e+03,4.217190089444585510e+00
4.085000000000000000e+03,4.300144418201416130e+00
4.086000000000000000e+03,4.425152163029569152e+00
4.087000000000000000e+03,3.944885489168429515e+00
4.088000000000000000e+03,3.902129570112587320e+00
4.089000000000000000e+03,3.983057494384864672e+00
4.090000000000000000e+03,4.085396525285556635e+00
4.091000000000000000e+03,4.079815620958318512e+00
4.092000000000000000e+03,3.973367654239538638e+00
4.093000000000000000e+03,3.900576338301658730e+00
4.094000000000000000e+03,3.953431763782528474e+00
4.095000000000000000e+03,4.044281263804683668e+00
4.096000000000000000e+03,4.094525912234245446e+00
4.097000000000000000e+03,4.004456778872063083e+00
4.098000000000000000e+03,3.908755387223139532e+00
4.099000000000000000e+03,3.928364456601215249e+00
4.100000000000000000e+03,4.038503008036869346e+00
4.101000000000000000e+03,3.810975315126758023e+00
4.102000000000000000e+03,4.306866809700393262e+00
4.103000000000000000e+03,3.925866094581854870e+00
4.104000000000000000e+03,3.910309335521894525e+00
4.105000000000000000e+03,3.823383233761771915e+00
4.106000000000000000e+03,4.095653718217787898e+00
4.107000000000000000e+03,4.062325730526910483e+00
4.108000000000000000e+03,4.112882663960165885e+00
4.109000000000000000e+03,3.901033761593335036e+00
4.110000000000000000e+03,3.976902650387207583e+00
4.111000000000000000e+03,4.081960835417847377e+00
4.112000000000000000e+03,4.083440941364544052e+00
4.113000000000000000e+03,3.979472483013013484e+00
4.114000000000000000e+03,3.901445692618336292e+00
4.115000000000000000e+03,3.947966996346956137e+00
4.116000000000000000e+03,4.060245054992438263e+00
4.117000000000000000e+03,4.096388371494144032e+00
4.118000000000000000e+03,4.038704129437927115e+00
4.119000000000000000e+03,3.911504805918077476e+00
4.120000000000000000e+03,3.924124695239593397e+00
4.121000000000000000e+03,4.158088874809742208e+00
4.122000000000000000e+03,4.267718241056754458e+00
4.123000000000000000e+03,4.208737290040668988e+00
4.124000000000000000e+03,4.098044050208978994e+00
4.125000000000000000e+03,4.075527202428565587e+00
4.126000000000000000e+03,4.169642433226191436e+00
4.127000000000000000e+03,4.261451535482971842e+00
4.128000000000000000e+03,4.234930674086649915e+00
4.129000000000000000e+03,4.123595611353206181e+00
4.130000000000000000e+03,4.068146132415807692e+00
4.131000000000000000e+03,4.138656565888404693e+00
4.132000000000000000e+03,4.478355690595839711e+00
4.133000000000000000e+03,4.254554563307852533e+00
4.134000000000000000e+03,4.153475929330014083e+00
4.135000000000000000e+03,4.070521600573177246e+00
4.136000000000000000e+03,4.110525184217292960e+00
4.137000000000000000e+03,4.222932115643671658e+00
4.138000000000000000e+03,4.265688034699523179e+00
4.139000000000000000e+03,4.184760110427252044e+00
4.140000000000000000e+03,4.082421079526556085e+00
4.141000000000000000e+03,4.088001983853839505e+00
4.142000000000000000e+03,4.194449950572560759e+00
4.143000000000000000e+03,4.267241266510448661e+00
4.144000000000000000e+03,4.214385841029588242e+00
4.145000000000000000e+03,4.102679765367509113e+00
4.146000000000000000e+03,4.073291692577860168e+00
4.147000000000000000e+03,4.163360825940036314e+00
4.148000000000000000e+03,4.259062217588964749e+00
4.149000000000000000e+03,3.919790565096421098e+00
4.150000000000000000e+03,3.809652013660769221e+00
4.151000000000000000e+03,4.038148302347977392e+00
4.152000000000000000e+03,3.351147061864669485e+00
4.153000000000000000e+03,3.754471322303660763e+00
4.154000000000000000e+03,3.770028081363630434e+00
4.155000000000000000e+03,3.672238182949358443e+00
4.156000000000000000e+03,3.584683698667736174e+00
4.157000000000000000e+03,3.618011686358603374e+00
4.158000000000000000e+03,3.730103871761381917e+00
4.159000000000000000e+03,3.779303655292188147e+00
4.160000000000000000e+03,3.703434766498323150e+00
4.161000000000000000e+03,3.598376581467679358e+00
4.162000000000000000e+03,3.596896475521022207e+00
4.163000000000000000e+03,3.700864933872498597e+00
4.164000000000000000e+03,3.778891724267183783e+00
4.165000000000000000e+03,3.732370420538573264e+00
4.166000000000000000e+03,3.338223499612263279e+00
4.167000000000000000e+03,3.583949045391374710e+00
4.168000000000000000e+03,3.613662001568292315e+00
4.169000000000000000e+03,3.527179184710424131e+00
4.170000000000000000e+03,3.514559295388917981e+00
4.171000000000000000e+03,3.486284438918064943e+00
4.172000000000000000e+03,3.338783354383855873e+00
4.173000000000000000e+03,3.397764305399936013e+00
4.174000000000000000e+03,3.508457545231627783e+00
4.175000000000000000e+03,3.530974393012052737e+00
4.176000000000000000e+03,3.436859162214431773e+00
4.177000000000000000e+03,3.345050059957644706e+00
4.178000000000000000e+03,3.298574857265818672e+00
4.179000000000000000e+03,3.802568567201878302e+00
4.180000000000000000e+03,3.640898198917157824e+00
4.181000000000000000e+03,3.787507612666696666e+00
4.182000000000000000e+03,3.680144890165902627e+00
4.183000000000000000e+03,3.812898689187573353e+00
4.184000000000000000e+03,3.772688249225069512e+00
4.185000000000000000e+03,3.855642577981913455e+00
4.186000000000000000e+03,3.815638994337807510e+00
4.187000000000000000e+03,3.703232062911428812e+00
4.188000000000000000e+03,3.548972026543530500e+00
4.189000000000000000e+03,3.741404068127831106e+00
4.190000000000000000e+03,3.843743099028531951e+00
4.191000000000000000e+03,3.838162194701259189e+00
4.192000000000000000e+03,3.731714227982453114e+00
4.193000000000000000e+03,3.658922912044644704e+00
4.194000000000000000e+03,3.895817162746779694e+00
4.195000000000000000e+03,3.823484413187577147e+00
4.196000000000000000e+03,3.852872485977234973e+00
4.197000000000000000e+03,3.762803352615065045e+00
4.198000000000000000e+03,3.391747861684687226e+00
4.199000000000000000e+03,3.928364456601202814e+00
