0.000000000000000000e+00,7.522228925686302858e-02
1.000000000000000000e+00,3.350702046672301981e-03
2.000000000000000000e+00,-3.106608818805061539e-02
3.000000000000000000e+00,3.677720781662294214e-02
4.000000000000000000e+00,2.463587631103866804e-02
5.000000000000000000e+00,2.956344696025800522e-02
6.000000000000000000e+00,-1.023592001017086667e-02
7.000000000000000000e+00,-2.775733700847398122e-01
8.000000000000000000e+00,1.262002344435718404e-01
9.000000000000000000e+00,1.223592264267759494e-01
1.000000000000000000e+01,-1.390813431934632693e-01
1.100000000000000000e+01,-5.922568088986872314e-02
1.200000000000000000e+01,-2.613893632715498516e-02
1.300000000000000000e+01,1.265247573827044669e-01
1.400000000000000000e+01,1.198932891810280538e-01
1.500000000000000000e+01,-1.905669472772071604e-02
1.600000000000000000e+01,-4.727826384552219485e-02
1.700000000000000000e+01,3.112607637867829680e-01
1.800000000000000000e+01,2.293939121053034935e-01
1.900000000000000000e+01,2.520188302071484920e-01
2.000000000000000000e+01,7.355419885969076421e-02
2.100000000000000000e+01,1.864131861085426278e-01
2.200000000000000000e+01,2.594500029562522014e-01
2.300000000000000000e+01,2.672724002686714950e-01
2.400000000000000000e+01,4.635750929146921218e-01
2.500000000000000000e+01,3.000671093685377544e-01
2.600000000000000000e+01,1.326849988782868306e-01
2.700000000000000000e+01,3.306088228008373653e-01
2.800000000000000000e+01,1.146998255653860210e-01
2.900000000000000000e+01,2.089412692110279024e-01
3.000000000000000000e+01,3.390692541229356483e-01
3.100000000000000000e+01,3.337587319765226157e-01
3.200000000000000000e+01,1.858751868731679802e-01
3.300000000000000000e+01,2.301296312685249812e-01
3.400000000000000000e+01,2.045599934145111709e-01
3.500000000000000000e+01,3.675274245771664172e-01
3.600000000000000000e+01,2.597379239164533948e-01
3.700000000000000000e+01,1.565822255232565130e-01
3.800000000000000000e+01,9.431627645029530549e-02
3.900000000000000000e+01,2.908798516645925702e-01
4.000000000000000000e+01,6.740695435899217713e-01
4.100000000000000000e+01,2.760704525867307413e-01
4.200000000000000000e+01,5.789895700545254903e-02
4.300000000000000000e+01,2.530742332377896586e-01
4.400000000000000000e+01,4.300504233472048909e-01
4.500000000000000000e+01,1.950372014966308132e-01
4.600000000000000000e+01,1.263747853087739959e-01
4.700000000000000000e+01,2.908233727313820349e-01
4.800000000000000000e+01,3.187407931208995349e-01
4.900000000000000000e+01,2.546633666576632593e-01
5.000000000000000000e+01,5.834852544902635607e-02
5.100000000000000000e+01,4.927631469298374145e-02
5.200000000000000000e+01,2.912038785278941999e-01
5.300000000000000000e+01,2.595689316676449976e-01
5.400000000000000000e+01,1.536505899146378140e-01
5.500000000000000000e+01,1.262393480273028556e-01
5.600000000000000000e+01,3.934321532671534727e-01
5.700000000000000000e+01,4.225721478771309880e-01
5.800000000000000000e+01,3.132782422668929923e-01
5.900000000000000000e+01,3.316454611106809947e-01
6.000000000000000000e+01,5.817177019220647061e-02
6.100000000000000000e+01,4.164936498931089415e-01
6.200000000000000000e+01,3.654596184241244994e-01
6.300000000000000000e+01,-1.214775384443099043e-01
6.400000000000000000e+01,1.359933458559876573e-01
6.500000000000000000e+01,2.608405778312510304e-01
6.600000000000000000e+01,3.445942587947196656e-01
6.700000000000000000e+01,2.386331766903003193e-01
6.800000000000000000e+01,1.192267128702597656e-01
6.900000000000000000e+01,3.511324954663385678e-01
7.000000000000000000e+01,1.908163208910672592e-01
7.100000000000000000e+01,2.186905677189527331e-01
7.200000000000000000e+01,1.091214978466387570e-01
7.300000000000000000e+01,1.282288966481568426e-01
7.400000000000000000e+01,2.861172339644880713e-01
7.500000000000000000e+01,1.073563029218563419e-01
7.600000000000000000e+01,2.960181666999331940e-01
7.700000000000000000e+01,-6.143965174882064229e-02
7.800000000000000000e+01,1.946238018724101293e-01
7.900000000000000000e+01,9.053162855716301305e-02
8.000000000000000000e+01,-3.689048065451053238e-02
8.100000000000000000e+01,-2.951818880128491418e-02
8.200000000000000000e+01,-4.792397756606572856e-02
8.300000000000000000e+01,1.047832840397907722e-01
8.400000000000000000e+01,6.180452275483246105e-02
8.500000000000000000e+01,8.677122242090562487e-02
8.600000000000000000e+01,-5.334473872367309633e-03
8.700000000000000000e+01,1.444196268108986214e-01
8.800000000000000000e+01,5.951465498770860951e-03
8.900000000000000000e+01,-1.346131011408386591e-01
9.000000000000000000e+01,2.224749360539866883e-02
9.100000000000000000e+01,5.135391185447579776e-02
9.200000000000000000e+01,1.570270706353758261e-01
9.300000000000000000e+01,-4.565377130278931717e-02
9.400000000000000000e+01,-9.917186570635783127e-02
9.500000000000000000e+01,6.983468859841263088e-02
9.600000000000000000e+01,1.835106225644119737e-01
9.700000000000000000e+01,2.045236476546269389e-02
9.800000000000000000e+01,-9.403101564920118838e-02
9.900000000000000000e+01,6.425227089961581262e-02
1.000000000000000000e+02,-5.664038326637158005e-03
1.010000000000000000e+02,5.070385782486400150e-02
1.020000000000000000e+02,-6.489140683743532811e-02
1.030000000000000000e+02,-4.737178031925254329e-02
1.040000000000000000e+02,1.132060873828645564e-01
1.050000000000000000e+02,-9.657006865986593469e-02
1.060000000000000000e+02,-8.607429768401332615e-02
1.070000000000000000e+02,-1.131991386935558425e-01
1.080000000000000000e+02,-1.292189730912400303e-01
1.090000000000000000e+02,2.032969784849749662e-01
1.100000000000000000e+02,1.731934688118362542e-02
1.110000000000000000e+02,-1.234105255564028336e-01
1.120000000000000000e+02,-8.581784276152801261e-02
1.130000000000000000e+02,1.857661598882673348e-01
1.140000000000000000e+02,1.240954293785435925e-02
1.150000000000000000e+02,-5.730589451010835444e-02
1.160000000000000000e+02,-5.144686595381780386e-02
1.170000000000000000e+02,7.295792744488838188e-02
1.180000000000000000e+02,1.469628739001982709e-01
1.190000000000000000e+02,9.074516222194092818e-02
1.200000000000000000e+02,-1.562770826562965287e-01
1.210000000000000000e+02,-3.380826031397653197e-02
1.220000000000000000e+02,1.371322208957985733e-01
1.230000000000000000e+02,8.269616567412291230e-03
1.240000000000000000e+02,-1.122377507337322250e-01
1.250000000000000000e+02,-7.811329757649224104e-02
1.260000000000000000e+02,-3.522573882303078885e-03
1.270000000000000000e+02,6.473350300467224649e-02
1.280000000000000000e+02,-2.919418683852416027e-02
1.290000000000000000e+02,-3.958736145868374523e-02
1.300000000000000000e+02,2.618116196024294906e-02
1.310000000000000000e+02,6.867573313937049007e-02
1.320000000000000000e+02,2.550127926200390638e-02
1.330000000000000000e+02,-2.701958841430971425e-01
1.340000000000000000e+02,-2.026157972566311471e-01
1.350000000000000000e+02,-1.271765640631381533e-01
1.360000000000000000e+02,-1.241138182776154869e-01
1.370000000000000000e+02,-1.855026982303581706e-01
1.380000000000000000e+02,-2.183419489636904687e-01
1.390000000000000000e+02,-6.585284972229618616e-02
1.400000000000000000e+02,-1.071583463331883257e-01
1.410000000000000000e+02,-1.983808237919668649e-01
1.420000000000000000e+02,-2.706617671983351237e-01
1.430000000000000000e+02,-2.674908428434812913e-01
1.440000000000000000e+02,-7.682346097713976807e-02
1.450000000000000000e+02,-1.404575930827972885e-01
1.460000000000000000e+02,-2.759264283522128713e-01
1.470000000000000000e+02,-1.638767087478782691e-01
1.480000000000000000e+02,-4.441155043373667954e-02
1.490000000000000000e+02,-1.389358986076230373e-01
1.500000000000000000e+02,-3.126256096524545613e-01
1.510000000000000000e+02,-2.780601790093308323e-01
1.520000000000000000e+02,-1.448148045732837452e-01
1.530000000000000000e+02,-1.440406552550968500e-01
1.540000000000000000e+02,-1.698814471574485729e-01
1.550000000000000000e+02,-1.869344739250650145e-01
1.560000000000000000e+02,-2.510284865449077807e-01
1.570000000000000000e+02,-1.103026224586473036e-02
1.580000000000000000e+02,-1.125576706090307549e-01
1.590000000000000000e+02,-2.502867129141133073e-01
1.600000000000000000e+02,-1.469409600604455191e-01
1.610000000000000000e+02,-3.124199932377449418e-01
1.620000000000000000e+02,1.096390480871952677e-01
1.630000000000000000e+02,-1.330706533316703688e-01
1.640000000000000000e+02,-7.607154753131441238e-02
1.650000000000000000e+02,5.161893012629222011e-02
1.660000000000000000e+02,2.857385995141294155e-02
1.670000000000000000e+02,-8.379019955112650131e-03
1.680000000000000000e+02,-1.954729514749079800e-01
1.690000000000000000e+02,1.124456968014064390e-01
1.700000000000000000e+02,1.449303525255130620e-01
1.710000000000000000e+02,5.561005389569020907e-02
1.720000000000000000e+02,-1.947005855258108764e-01
1.730000000000000000e+02,-2.646333915088810995e-04
1.740000000000000000e+02,1.541526095182877143e-01
1.750000000000000000e+02,-3.795226812514773673e-02
1.760000000000000000e+02,-9.774774939441030486e-02
1.770000000000000000e+02,-3.760610672596730736e-02
1.780000000000000000e+02,4.579162007826804992e-02
1.790000000000000000e+02,1.130767643998125960e-01
1.800000000000000000e+02,-1.032749929130569039e-01
1.810000000000000000e+02,-8.106333685395646083e-02
1.820000000000000000e+02,1.306543708604689970e-03
1.830000000000000000e+02,1.368108200298228938e-01
1.840000000000000000e+02,-1.933550515115299850e-01
1.850000000000000000e+02,-1.637855422449147336e-01
1.860000000000000000e+02,-8.430260791281171673e-02
1.870000000000000000e+02,1.082975245091608446e-01
1.880000000000000000e+02,2.937968586410618504e-02
1.890000000000000000e+02,4.531735156093186223e-02
1.900000000000000000e+02,-3.725729225834375352e-02
1.910000000000000000e+02,7.089370293356316022e-03
1.920000000000000000e+02,9.498887655485648007e-02
1.930000000000000000e+02,4.827412446946985347e-02
1.940000000000000000e+02,-1.948785879179673053e-01
1.950000000000000000e+02,-5.674442449802180599e-02
1.960000000000000000e+02,9.342671224613369185e-02
1.970000000000000000e+02,7.334206683883558175e-02
1.980000000000000000e+02,-2.935934446533733366e-01
1.990000000000000000e+02,-2.479746610223655112e-01
2.000000000000000000e+02,-1.161447406574157987e-01
2.010000000000000000e+02,-9.694835038021054618e-02
2.020000000000000000e+02,-3.198942701199959937e-01
2.030000000000000000e+02,-5.204571065264470553e-01
2.040000000000000000e+02,-3.178478765283119789e-01
2.050000000000000000e+02,-1.870663299951230985e-01
2.060000000000000000e+02,-2.766243684753705301e-01
2.070000000000000000e+02,-4.119823071536087289e-01
2.080000000000000000e+02,-2.709831155922138857e-01
2.090000000000000000e+02,-2.810540226893246674e-01
2.100000000000000000e+02,-2.044278593199850280e-01
2.110000000000000000e+02,-4.155284688752368671e-01
2.120000000000000000e+02,-4.588765252086947077e-01
2.130000000000000000e+02,-2.841365559696757970e-01
2.140000000000000000e+02,-3.269533912494485550e-01
2.150000000000000000e+02,-3.774723964706827029e-01
2.160000000000000000e+02,-5.399755119408453652e-01
2.170000000000000000e+02,-2.098788595119692180e-01
2.180000000000000000e+02,-4.042732057663083189e-01
2.190000000000000000e+02,-2.711059854746151188e-01
2.200000000000000000e+02,-4.534813471066553303e-01
2.210000000000000000e+02,-3.040003081814076635e-01
2.220000000000000000e+02,-3.383058777575513876e-01
2.230000000000000000e+02,-3.917922065038657031e-01
2.240000000000000000e+02,-2.681520564718312682e-01
2.250000000000000000e+02,-3.370203153488960934e-01
2.260000000000000000e+02,-2.848672968268274319e-01
2.270000000000000000e+02,-1.760464022898654834e-01
2.280000000000000000e+02,-2.265372638996305810e-01
2.290000000000000000e+02,-1.555336123873582443e-01
2.300000000000000000e+02,6.387352569325471796e-02
2.310000000000000000e+02,2.235247545177047046e-01
2.320000000000000000e+02,1.334562092357383378e-01
2.330000000000000000e+02,8.137374035889502477e-03
2.340000000000000000e+02,1.270579969214332416e-01
2.350000000000000000e+02,2.262565649222881836e-01
2.360000000000000000e+02,9.146178583428977993e-02
2.370000000000000000e+02,4.022165379434478050e-02
2.380000000000000000e+02,1.567197878968271119e-02
2.390000000000000000e+02,1.888805485501705572e-01
2.400000000000000000e+02,1.983127555738866121e-01
2.410000000000000000e+02,-9.195668026145908946e-03
2.420000000000000000e+02,-1.676857868330254298e-01
2.430000000000000000e+02,-1.801386521910447458e-03
2.440000000000000000e+02,1.501260253770861364e-01
2.450000000000000000e+02,-6.041813008013346975e-03
2.460000000000000000e+02,-9.936994916729914584e-02
2.470000000000000000e+02,8.914956391655497192e-02
2.480000000000000000e+02,6.121707729374709084e-02
2.490000000000000000e+02,6.717835973251201631e-02
2.500000000000000000e+02,6.374783891372387545e-02
2.510000000000000000e+02,1.936088457285529696e-01
2.520000000000000000e+02,2.798655568215164258e-01
2.530000000000000000e+02,3.174999646454768065e-02
2.540000000000000000e+02,1.213713583509701266e-02
2.550000000000000000e+02,-1.367055749364787243e-01
2.560000000000000000e+02,3.171591368430823343e-02
2.570000000000000000e+02,2.584117256895321901e-01
2.580000000000000000e+02,6.129650844872769344e-02
2.590000000000000000e+02,3.022255513694878104e-01
2.600000000000000000e+02,-1.248738090948162682e-01
2.610000000000000000e+02,8.721012912597056466e-02
2.620000000000000000e+02,2.604549322575325787e-01
2.630000000000000000e+02,8.019217439243386814e-02
2.640000000000000000e+02,-1.076766443785082128e-01
2.650000000000000000e+02,3.224444359899288903e-01
2.660000000000000000e+02,8.946749726890107501e-02
2.670000000000000000e+02,-1.041544421534450482e-01
2.680000000000000000e+02,-8.066556581083789146e-02
2.690000000000000000e+02,8.339590615541359053e-02
2.700000000000000000e+02,3.577927092152405342e-02
2.710000000000000000e+02,2.296388161645193660e-01
2.720000000000000000e+02,-2.237835075203287172e-02
2.730000000000000000e+02,1.025834104236846289e-01
2.740000000000000000e+02,1.451064363727663231e-01
2.750000000000000000e+02,1.557885650324258853e-01
2.760000000000000000e+02,2.938228059187189545e-01
2.770000000000000000e+02,3.122690679232661415e-01
2.780000000000000000e+02,1.099455965776126032e-01
2.790000000000000000e+02,3.707282630864009443e-01
2.800000000000000000e+02,-9.314880236536650371e-02
2.810000000000000000e+02,-2.258987431543856284e-01
2.820000000000000000e+02,2.158490103999929077e-01
2.830000000000000000e+02,3.474972464250294935e-02
2.840000000000000000e+02,-1.112359009252644054e-01
2.850000000000000000e+02,-2.363388714365802779e-01
2.860000000000000000e+02,1.222208823353679030e-01
2.870000000000000000e+02,4.813378687307154347e-02
2.880000000000000000e+02,-7.474931892880824769e-02
2.890000000000000000e+02,-6.690894305178711476e-02
2.900000000000000000e+02,1.320746913031846936e-01
2.910000000000000000e+02,-6.883440149120825802e-02
2.920000000000000000e+02,1.804598386996847659e-01
2.930000000000000000e+02,-1.957917573510866982e-01
2.940000000000000000e+02,-1.530352784668636279e-01
2.950000000000000000e+02,6.401371930303018098e-02
2.960000000000000000e+02,7.347783013300043797e-02
2.970000000000000000e+02,-2.438553041264612808e-02
2.980000000000000000e+02,-4.048341992501295894e-01
2.990000000000000000e+02,-9.896932924536933768e-03
3.000000000000000000e+02,3.009630791473595288e-02
3.010000000000000000e+02,7.389537846203918237e-02
3.020000000000000000e+02,-1.083281710986967877e-01
3.030000000000000000e+02,-2.478523006871093462e-02
3.040000000000000000e+02,5.868814960727025687e-02
3.050000000000000000e+02,-4.540058030509352971e-02
3.060000000000000000e+02,-7.183429519792115803e-02
3.070000000000000000e+02,-3.582803121397423185e-01
3.080000000000000000e+02,-9.445985711464861823e-02
3.090000000000000000e+02,-1.546897824396320509e-01
3.100000000000000000e+02,9.495091641856992504e-02
3.110000000000000000e+02,-1.167772839481090591e-01
3.120000000000000000e+02,1.647147168678083362e-01
3.130000000000000000e+02,6.464500440915665891e-02
3.140000000000000000e+02,1.964428829806300902e-01
3.150000000000000000e+02,-2.378487710378046627e-03
3.160000000000000000e+02,-5.339304089637461614e-02
3.170000000000000000e+02,7.307699494320937794e-02
3.180000000000000000e+02,1.572648597124454428e-01
3.190000000000000000e+02,-1.046593295717950789e-01
3.200000000000000000e+02,8.180051453458245247e-02
3.210000000000000000e+02,1.038759324116677873e-01
3.220000000000000000e+02,2.089115286265940397e-01
3.230000000000000000e+02,2.230092091045079716e-01
3.240000000000000000e+02,1.482415097166698559e-01
3.250000000000000000e+02,-9.003065776568719425e-02
3.260000000000000000e+02,-8.643036144829527312e-02
3.270000000000000000e+02,-2.653950078437852245e-01
3.280000000000000000e+02,-1.788308345196100990e-01
3.290000000000000000e+02,-2.315558207580387939e-01
3.300000000000000000e+02,4.046641029839762038e-02
3.310000000000000000e+02,5.164290683342412369e-02
3.320000000000000000e+02,2.286442146533947395e-01
3.330000000000000000e+02,-5.826805736126433599e-02
3.340000000000000000e+02,5.583745676015897108e-03
3.350000000000000000e+02,2.835177811500090850e-01
3.360000000000000000e+02,2.735654382631353410e-01
3.370000000000000000e+02,1.819157019960515598e-02
3.380000000000000000e+02,1.275617469809643412e-01
3.390000000000000000e+02,2.706185686867387807e-01
3.400000000000000000e+02,2.551074313630726786e-01
3.410000000000000000e+02,1.366103749736544137e-01
3.420000000000000000e+02,8.412518813154862274e-02
3.430000000000000000e+02,3.260809746178428004e-02
3.440000000000000000e+02,2.806610786780314726e-01
3.450000000000000000e+02,1.707110496246913856e-01
3.460000000000000000e+02,5.251556379586195394e-02
3.470000000000000000e+02,1.038343805487940419e-01
3.480000000000000000e+02,3.019472553811526350e-01
3.490000000000000000e+02,1.440603494567837817e-01
3.500000000000000000e+02,1.642378684959490409e-01
3.510000000000000000e+02,-8.412175580922895413e-02
3.520000000000000000e+02,1.818746631226884347e-01
3.530000000000000000e+02,1.142708349974378701e-01
3.540000000000000000e+02,3.105156968369432446e-01
3.550000000000000000e+02,4.256510950248421077e-01
3.560000000000000000e+02,2.122183682104976932e-01
3.570000000000000000e+02,4.456437775169975191e-01
3.580000000000000000e+02,2.936649170707982814e-01
3.590000000000000000e+02,3.860307830941571150e-01
3.600000000000000000e+02,9.065761873353539446e-02
3.610000000000000000e+02,2.220135899513544231e-01
3.620000000000000000e+02,2.614068574864470418e-01
3.630000000000000000e+02,8.838877692808752573e-02
3.640000000000000000e+02,2.924238602860605440e-01
3.650000000000000000e+02,3.536254778258643983e-01
3.660000000000000000e+02,3.666075278115001890e-01
3.670000000000000000e+02,2.665090856575569322e-01
3.680000000000000000e+02,2.039778458160557417e-01
3.690000000000000000e+02,3.045232693624981279e-01
3.700000000000000000e+02,4.862340733080852684e-01
3.710000000000000000e+02,2.921468365647755250e-01
3.720000000000000000e+02,2.434457826836488592e-01
3.730000000000000000e+02,1.270851747324710790e-01
3.740000000000000000e+02,3.158465460132965363e-01
3.750000000000000000e+02,4.163990454780266415e-01
3.760000000000000000e+02,3.978341047512570228e-01
3.770000000000000000e+02,3.119805593079191253e-01
3.780000000000000000e+02,5.237295391612265538e-01
3.790000000000000000e+02,5.606693049357881486e-01
3.800000000000000000e+02,5.038206089552074163e-01
3.810000000000000000e+02,4.044083552673627402e-01
3.820000000000000000e+02,6.019521721423813920e-01
3.830000000000000000e+02,4.632988359559472857e-01
3.840000000000000000e+02,5.246000724916637381e-01
3.850000000000000000e+02,2.985100655373740808e-01
3.860000000000000000e+02,6.226220459113231964e-01
3.870000000000000000e+02,4.788216505944071222e-01
3.880000000000000000e+02,5.039905676293852110e-01
3.890000000000000000e+02,5.642399549266922110e-01
3.900000000000000000e+02,5.808673281693248480e-01
3.910000000000000000e+02,5.701028233731880723e-01
3.920000000000000000e+02,6.245300321031470592e-01
3.930000000000000000e+02,8.734386265280611461e-01
3.940000000000000000e+02,4.739782915039259525e-01
3.950000000000000000e+02,6.580910264582960911e-01
3.960000000000000000e+02,6.347871292983910951e-01
3.970000000000000000e+02,6.749971088100196193e-01
3.980000000000000000e+02,4.565739483520255826e-01
3.990000000000000000e+02,3.281379522910289337e-01
4.000000000000000000e+02,5.246780506929041854e-01
4.010000000000000000e+02,2.934677981970252869e-01
4.020000000000000000e+02,1.964243461884357111e-01
4.030000000000000000e+02,3.313665486950312378e-01
4.040000000000000000e+02,3.947047947097237497e-01
4.050000000000000000e+02,6.609434319574438721e-01
4.060000000000000000e+02,1.942795164914960238e-01
4.070000000000000000e+02,2.032429545595816622e-01
4.080000000000000000e+02,2.758697249375134941e-01
4.090000000000000000e+02,3.876769805702854343e-01
4.100000000000000000e+02,4.278295251000836519e-01
4.110000000000000000e+02,3.265640495918290531e-01
4.120000000000000000e+02,1.791977913201006911e-01
4.130000000000000000e+02,2.340265730702344171e-01
4.140000000000000000e+02,2.456173174157591788e-01
4.150000000000000000e+02,2.153817253129060860e-01
4.160000000000000000e+02,4.206860122763497190e-01
4.170000000000000000e+02,2.959202195324915907e-01
4.180000000000000000e+02,3.248638647323757178e-01
4.190000000000000000e+02,2.012966432846616527e-01
4.200000000000000000e+02,2.394440452133123898e-01
4.210000000000000000e+02,5.484170854254321048e-01
4.220000000000000000e+02,3.933345380432692329e-01
4.230000000000000000e+02,6.863544247428352008e-02
4.240000000000000000e+02,1.553526062344730840e-01
4.250000000000000000e+02,2.272549646876858842e-01
4.260000000000000000e+02,4.051967683565240730e-01
4.270000000000000000e+02,5.111050172234739009e-01
4.280000000000000000e+02,3.857948441013184238e-01
4.290000000000000000e+02,4.148813499023564222e-01
4.300000000000000000e+02,5.469294374552576832e-01
4.310000000000000000e+02,7.206269814400413365e-01
4.320000000000000000e+02,6.132582191231261692e-01
4.330000000000000000e+02,6.528770728037958104e-01
4.340000000000000000e+02,7.360122016552492763e-01
4.350000000000000000e+02,8.563650145533115987e-01
4.360000000000000000e+02,8.062517178762074188e-01
4.370000000000000000e+02,5.698630081892250843e-01
4.380000000000000000e+02,6.180198388488722383e-01
4.390000000000000000e+02,9.580376892358080099e-01
4.400000000000000000e+02,7.192356082000241901e-01
4.410000000000000000e+02,5.831645026820191369e-01
4.420000000000000000e+02,6.567640294636472031e-01
4.430000000000000000e+02,6.386966617448598393e-01
4.440000000000000000e+02,1.136445403498161477e+00
4.450000000000000000e+02,1.004606834769838253e+00
4.460000000000000000e+02,7.948581511261307853e-01
4.470000000000000000e+02,8.007755922113160008e-01
4.480000000000000000e+02,1.088066621891376817e+00
4.490000000000000000e+02,1.095063114165127693e+00
4.500000000000000000e+02,8.757549418487877713e-01
4.510000000000000000e+02,8.299590064399209322e-01
4.520000000000000000e+02,1.023146955206432063e+00
4.530000000000000000e+02,1.101265706327472449e+00
4.540000000000000000e+02,8.606214453350196081e-01
4.550000000000000000e+02,8.319134194314143915e-01
4.560000000000000000e+02,9.478823535958689206e-01
4.570000000000000000e+02,8.991902734973198363e-01
4.580000000000000000e+02,8.161170883338717541e-01
4.590000000000000000e+02,8.018881050067263594e-01
4.600000000000000000e+02,8.144577575478361142e-01
4.610000000000000000e+02,1.053165232066497259e+00
4.620000000000000000e+02,1.048674058483914706e+00
4.630000000000000000e+02,8.059531942814207595e-01
4.640000000000000000e+02,6.400339003514691205e-01
4.650000000000000000e+02,7.653260291775164648e-01
4.660000000000000000e+02,6.374092591392129803e-01
4.670000000000000000e+02,6.339546862890467205e-01
4.680000000000000000e+02,5.948662660568789784e-01
4.690000000000000000e+02,8.824645406265166914e-01
4.700000000000000000e+02,7.984036570002340794e-01
4.710000000000000000e+02,5.825584849847883495e-01
4.720000000000000000e+02,4.507438949354612978e-01
4.730000000000000000e+02,6.291964337121301876e-01
4.740000000000000000e+02,6.995552515971112939e-01
4.750000000000000000e+02,6.991025591519780535e-01
4.760000000000000000e+02,4.563984152701323627e-01
4.770000000000000000e+02,4.245388579689130526e-01
4.780000000000000000e+02,4.638979726567930006e-01
4.790000000000000000e+02,7.294564235573972599e-01
4.800000000000000000e+02,5.569793623972286722e-01
4.810000000000000000e+02,3.605533222249891478e-01
4.820000000000000000e+02,7.029974532819170951e-01
4.830000000000000000e+02,6.974723910061239041e-01
4.840000000000000000e+02,4.830696291279955590e-01
4.850000000000000000e+02,2.360490208878607277e-01
4.860000000000000000e+02,3.922362350713057833e-01
4.870000000000000000e+02,4.461906418142160824e-01
4.880000000000000000e+02,4.773780693854865476e-01
4.890000000000000000e+02,7.981907483366768030e-01
4.900000000000000000e+02,4.937492621552984073e-01
4.910000000000000000e+02,8.120578511789831033e-01
4.920000000000000000e+02,8.346930134719778849e-01
4.930000000000000000e+02,8.932679360101809518e-01
4.940000000000000000e+02,6.146205990918975903e-01
4.950000000000000000e+02,6.203651692308940202e-01
4.960000000000000000e+02,8.526178453255062184e-01
4.970000000000000000e+02,6.976215354941588398e-01
4.980000000000000000e+02,6.482594337336777812e-01
4.990000000000000000e+02,5.138112124902257660e-01
5.000000000000000000e+02,8.679329675700533375e-01
5.010000000000000000e+02,7.757127982305265235e-01
5.020000000000000000e+02,6.032992741480751597e-01
5.030000000000000000e+02,8.638406449511162322e-01
5.040000000000000000e+02,8.057820188958193519e-01
5.050000000000000000e+02,8.737159914576360098e-01
5.060000000000000000e+02,1.082207660907041014e+00
5.070000000000000000e+02,1.042170824954734787e+00
5.080000000000000000e+02,1.067851129597479076e+00
5.090000000000000000e+02,1.220883688604369688e+00
5.100000000000000000e+02,9.995126148527798682e-01
5.110000000000000000e+02,8.686258361456236088e-01
5.120000000000000000e+02,9.012067414491403694e-01
5.130000000000000000e+02,1.232881605852638618e+00
5.140000000000000000e+02,1.327677811033626032e+00
5.150000000000000000e+02,8.999116677571367129e-01
5.160000000000000000e+02,1.153056553709423948e+00
5.170000000000000000e+02,1.066456935776590509e+00
5.180000000000000000e+02,1.191640308310535801e+00
5.190000000000000000e+02,8.382514289370304184e-01
5.200000000000000000e+02,5.412585621330665564e-01
5.210000000000000000e+02,7.549995553693574779e-01
5.220000000000000000e+02,1.041694790717932584e+00
5.230000000000000000e+02,6.966858141204751442e-01
5.240000000000000000e+02,7.112964087494498822e-01
5.250000000000000000e+02,7.835941944861172237e-01
5.260000000000000000e+02,8.906423525423572407e-01
5.270000000000000000e+02,8.525435146608441039e-01
5.280000000000000000e+02,8.173829721381531410e-01
5.290000000000000000e+02,8.960557178716653803e-01
5.300000000000000000e+02,1.138831386448584393e+00
5.310000000000000000e+02,1.254958108473731571e+00
5.320000000000000000e+02,9.202324553316301170e-01
5.330000000000000000e+02,8.662311542603055026e-01
5.340000000000000000e+02,8.450923212029129994e-01
5.350000000000000000e+02,1.166318454845032715e+00
5.360000000000000000e+02,3.436846911025070450e-01
5.370000000000000000e+02,8.886925036004641454e-01
5.380000000000000000e+02,4.894073519089910951e-01
5.390000000000000000e+02,6.981010489926986473e-01
5.400000000000000000e+02,8.676902987630762398e-01
5.410000000000000000e+02,3.332703150456662877e-01
5.420000000000000000e+02,6.893480434950967073e-01
5.430000000000000000e+02,7.497359089577713132e-01
5.440000000000000000e+02,7.878375835407407379e-01
5.450000000000000000e+02,7.021279844157615191e-01
5.460000000000000000e+02,4.609584167676914479e-01
5.470000000000000000e+02,7.796654850070136034e-01
5.480000000000000000e+02,8.756446921591704013e-01
5.490000000000000000e+02,8.827604580680035173e-01
5.500000000000000000e+02,8.803111813907462668e-01
5.510000000000000000e+02,8.837105459984985201e-01
5.520000000000000000e+02,1.033025809422851271e+00
5.530000000000000000e+02,9.922815943561157370e-01
5.540000000000000000e+02,7.453984082949787204e-01
5.550000000000000000e+02,9.914011925973614803e-01
5.560000000000000000e+02,9.072047182669856769e-01
5.570000000000000000e+02,1.166424571006618560e+00
5.580000000000000000e+02,1.209795620285145645e+00
5.590000000000000000e+02,9.665556564226311931e-01
5.600000000000000000e+02,1.131496883578332779e+00
5.610000000000000000e+02,1.226261771854378235e+00
5.620000000000000000e+02,1.217027029216138923e+00
5.630000000000000000e+02,8.937439777566111854e-01
5.640000000000000000e+02,1.033071581343654843e+00
5.650000000000000000e+02,9.673520884380650831e-01
5.660000000000000000e+02,1.005100831576983822e+00
5.670000000000000000e+02,9.808150299989573107e-01
5.680000000000000000e+02,1.116318447876282649e+00
5.690000000000000000e+02,8.746692283210231178e-01
5.700000000000000000e+02,1.193337185257544508e+00
5.710000000000000000e+02,1.202139906492862176e+00
5.720000000000000000e+02,1.037331042032765049e+00
5.730000000000000000e+02,9.859206387803614025e-01
5.740000000000000000e+02,1.094609125364355506e+00
5.750000000000000000e+02,1.281768382436841547e+00
5.760000000000000000e+02,1.109089228669668525e+00
5.770000000000000000e+02,8.122708169272178091e-01
5.780000000000000000e+02,9.551710256719928571e-01
5.790000000000000000e+02,8.512785033618278652e-01
5.800000000000000000e+02,7.651655773231730295e-01
5.810000000000000000e+02,9.179921516108592305e-01
5.820000000000000000e+02,9.210110355940984705e-01
5.830000000000000000e+02,8.834325047667684894e-01
5.840000000000000000e+02,7.686122525169173381e-01
5.850000000000000000e+02,8.059922950109784656e-01
5.860000000000000000e+02,8.599693576551860064e-01
5.870000000000000000e+02,9.942022724458253746e-01
5.880000000000000000e+02,9.415367011821657028e-01
5.890000000000000000e+02,7.175795681129032433e-01
5.900000000000000000e+02,4.246928912882209084e-01
5.910000000000000000e+02,3.580320218701261159e-01
5.920000000000000000e+02,6.013095323908657086e-01
5.930000000000000000e+02,6.226071755364899207e-01
5.940000000000000000e+02,4.503899476667331814e-01
5.950000000000000000e+02,5.381459214394628265e-01
5.960000000000000000e+02,6.140699395899438251e-01
5.970000000000000000e+02,5.850564509859523810e-01
5.980000000000000000e+02,5.479394984107970323e-01
5.990000000000000000e+02,3.060370275095882220e-01
6.000000000000000000e+02,4.836826169426663991e-01
6.010000000000000000e+02,5.987813799718730845e-01
6.020000000000000000e+02,7.586963864121969436e-01
6.030000000000000000e+02,4.143517839714470630e-01
6.040000000000000000e+02,4.979154464350194487e-01
6.050000000000000000e+02,6.295539048915377300e-01
6.060000000000000000e+02,7.731862281088170974e-01
6.070000000000000000e+02,5.748336348622049563e-01
6.080000000000000000e+02,7.395774674012254302e-01
6.090000000000000000e+02,9.400100697504329972e-01
6.100000000000000000e+02,7.195900091959512856e-01
6.110000000000000000e+02,7.399359325182175429e-01
6.120000000000000000e+02,5.778419577196616252e-01
6.130000000000000000e+02,8.046754158234203924e-01
6.140000000000000000e+02,8.481599372659180958e-01
6.150000000000000000e+02,6.717394744767699599e-01
6.160000000000000000e+02,7.062627043188518527e-01
6.170000000000000000e+02,7.296809178849961164e-01
6.180000000000000000e+02,1.022884544419547570e+00
6.190000000000000000e+02,7.000370281772285708e-01
6.200000000000000000e+02,9.750760224030955436e-01
6.210000000000000000e+02,9.569401358144555836e-01
6.220000000000000000e+02,1.250358867218097636e+00
6.230000000000000000e+02,1.213537880534683477e+00
6.240000000000000000e+02,1.023649742387881201e+00
6.250000000000000000e+02,1.076632205229922645e+00
6.260000000000000000e+02,1.013549922247532153e+00
6.270000000000000000e+02,1.223365158324864810e+00
6.280000000000000000e+02,1.006924940232632570e+00
6.290000000000000000e+02,9.049854776934567191e-01
6.300000000000000000e+02,1.284264690625040339e+00
6.310000000000000000e+02,1.271530908195138032e+00
6.320000000000000000e+02,1.094189565813733722e+00
6.330000000000000000e+02,1.067400387751717972e+00
6.340000000000000000e+02,1.147587403093370595e+00
6.350000000000000000e+02,1.306498689219722342e+00
6.360000000000000000e+02,1.216114736682960773e+00
6.370000000000000000e+02,9.863814063805863563e-01
6.380000000000000000e+02,1.029487945860723341e+00
6.390000000000000000e+02,1.194857392731724754e+00
6.400000000000000000e+02,1.472883401412832916e+00
6.410000000000000000e+02,1.185989727467953170e+00
6.420000000000000000e+02,1.160456832062322752e+00
6.430000000000000000e+02,1.148377919773567735e+00
6.440000000000000000e+02,1.469490751212407575e+00
6.450000000000000000e+02,1.463648323682901653e+00
6.460000000000000000e+02,8.735297909422012896e-01
6.470000000000000000e+02,1.024648481928141397e+00
6.480000000000000000e+02,1.385013244798959597e+00
6.490000000000000000e+02,9.204595550361092116e-01
6.500000000000000000e+02,1.066110729020110837e+00
6.510000000000000000e+02,1.242602794550103473e+00
6.520000000000000000e+02,1.205090838119390551e+00
6.530000000000000000e+02,1.331410415450782869e+00
6.540000000000000000e+02,1.038127380140117628e+00
6.550000000000000000e+02,1.113924815205222574e+00
6.560000000000000000e+02,1.395023777582696800e+00
6.570000000000000000e+02,1.143590639044280488e+00
6.580000000000000000e+02,1.082147737218390526e+00
6.590000000000000000e+02,1.005225331581958814e+00
6.600000000000000000e+02,1.189774006576208576e+00
6.610000000000000000e+02,1.164461370112860550e+00
6.620000000000000000e+02,1.028044814692088194e+00
6.630000000000000000e+02,1.234167645504534505e+00
6.640000000000000000e+02,1.193479399885797765e+00
6.650000000000000000e+02,1.275398877530124375e+00
6.660000000000000000e+02,1.142965878692149051e+00
6.670000000000000000e+02,1.004828239740473972e+00
6.680000000000000000e+02,1.209281528055985433e+00
6.690000000000000000e+02,1.213565691079808495e+00
6.700000000000000000e+02,1.255232300585533256e+00
6.710000000000000000e+02,1.445184436424471253e+00
6.720000000000000000e+02,1.059131312123369639e+00
6.730000000000000000e+02,1.196080856260939296e+00
6.740000000000000000e+02,1.430600278922446345e+00
6.750000000000000000e+02,1.156330570225972965e+00
6.760000000000000000e+02,1.206996573432322473e+00
6.770000000000000000e+02,1.142759192221686204e+00
6.780000000000000000e+02,1.343047110603617700e+00
6.790000000000000000e+02,1.427024061341331640e+00
6.800000000000000000e+02,1.097428502468890343e+00
6.810000000000000000e+02,1.127054527241870385e+00
6.820000000000000000e+02,1.367608057145172973e+00
6.830000000000000000e+02,1.300115700735749336e+00
6.840000000000000000e+02,1.463647688987427031e+00
6.850000000000000000e+02,1.055095485029212909e+00
6.860000000000000000e+02,1.306805116151821489e+00
6.870000000000000000e+02,1.340797076467787008e+00
6.880000000000000000e+02,1.359501254386394020e+00
6.890000000000000000e+02,1.058921970771295129e+00
6.900000000000000000e+02,1.062299602707650781e+00
6.910000000000000000e+02,1.360131732893020251e+00
6.920000000000000000e+02,1.261097158328968959e+00
6.930000000000000000e+02,1.083808617297741694e+00
6.940000000000000000e+02,8.487616821043802995e-01
6.950000000000000000e+02,1.083133309370574171e+00
6.960000000000000000e+02,8.679703482936016457e-01
6.970000000000000000e+02,1.298357335660487610e+00
6.980000000000000000e+02,9.798816705019200990e-01
6.990000000000000000e+02,1.218049548862014664e+00
7.000000000000000000e+02,1.234952926718736244e+00
7.010000000000000000e+02,1.128515108167437386e+00
7.020000000000000000e+02,1.240271293678173681e+00
7.030000000000000000e+02,1.022992745453181307e+00
7.040000000000000000e+02,1.152252677919847201e+00
7.050000000000000000e+02,1.251713044676617148e+00
7.060000000000000000e+02,1.009655600459525182e+00
7.070000000000000000e+02,1.033449731009890016e+00
7.080000000000000000e+02,1.016638971759880938e+00
7.090000000000000000e+02,1.315029755422550739e+00
7.100000000000000000e+02,1.170466266633560348e+00
7.110000000000000000e+02,1.139947147139851236e+00
7.120000000000000000e+02,1.051601042679729314e+00
7.130000000000000000e+02,1.333598368637245013e+00
7.140000000000000000e+02,1.329570864867490876e+00
7.150000000000000000e+02,9.597547153171824830e-01
7.160000000000000000e+02,1.354880721962574697e+00
7.170000000000000000e+02,1.098887259812778794e+00
7.180000000000000000e+02,1.204227426562485270e+00
7.190000000000000000e+02,1.143946417474170918e+00
7.200000000000000000e+02,9.718989182696148310e-01
7.210000000000000000e+02,7.054245144488788810e-01
7.220000000000000000e+02,1.142810835327571661e+00
7.230000000000000000e+02,1.007850475298641912e+00
7.240000000000000000e+02,9.816876994525961519e-01
7.250000000000000000e+02,9.896469737632912489e-01
7.260000000000000000e+02,1.030969564695126905e+00
7.270000000000000000e+02,1.229519024639348590e+00
7.280000000000000000e+02,1.077241311283445580e+00
7.290000000000000000e+02,9.000627378682825031e-01
7.300000000000000000e+02,1.118013659949481431e+00
7.310000000000000000e+02,1.242477664366884227e+00
7.320000000000000000e+02,1.144846608666689525e+00
7.330000000000000000e+02,9.650021023811854448e-01
7.340000000000000000e+02,1.160815791933702767e+00
7.350000000000000000e+02,1.020154993235916185e+00
7.360000000000000000e+02,1.210958847297891161e+00
7.370000000000000000e+02,9.343268705484379932e-01
7.380000000000000000e+02,8.275453623139282788e-01
7.390000000000000000e+02,1.203490260370183584e+00
7.400000000000000000e+02,1.103020325325067885e+00
7.410000000000000000e+02,8.794337712953360642e-01
7.420000000000000000e+02,8.504790290434426359e-01
7.430000000000000000e+02,8.716945335283458052e-01
7.440000000000000000e+02,1.221313511952089481e+00
7.450000000000000000e+02,1.030810151865636737e+00
7.460000000000000000e+02,1.000583447091812461e+00
7.470000000000000000e+02,1.049352383269685607e+00
7.480000000000000000e+02,1.318685698713773613e+00
7.490000000000000000e+02,8.539227911540937521e-01
7.500000000000000000e+02,1.120781112463972828e+00
7.510000000000000000e+02,1.144844334448370970e+00
7.520000000000000000e+02,1.483794809549480176e+00
7.530000000000000000e+02,1.109869653873547302e+00
7.540000000000000000e+02,1.259804517332107743e+00
7.550000000000000000e+02,1.189024555397144134e+00
7.560000000000000000e+02,1.106656136439090776e+00
7.570000000000000000e+02,1.653721742511635062e+00
7.580000000000000000e+02,1.496407315942285932e+00
7.590000000000000000e+02,1.272092263925546307e+00
7.600000000000000000e+02,1.421502444395420284e+00
7.610000000000000000e+02,1.394078972102145375e+00
7.620000000000000000e+02,1.322448003769517877e+00
7.630000000000000000e+02,1.067216113709826608e+00
7.640000000000000000e+02,1.333935955727437062e+00
7.650000000000000000e+02,1.325261719700874030e+00
7.660000000000000000e+02,1.275783144842794536e+00
7.670000000000000000e+02,1.116080110499879652e+00
7.680000000000000000e+02,1.116653338466353729e+00
7.690000000000000000e+02,1.041961524977273346e+00
7.700000000000000000e+02,1.256000093722901445e+00
7.710000000000000000e+02,1.422513496529261623e+00
7.720000000000000000e+02,1.113644153065532993e+00
7.730000000000000000e+02,1.191739208134980466e+00
7.740000000000000000e+02,1.414827806976855173e+00
7.750000000000000000e+02,1.589821929189129790e+00
7.760000000000000000e+02,1.215854571191442135e+00
7.770000000000000000e+02,1.226723421066996167e+00
7.780000000000000000e+02,1.528201979640203989e+00
7.790000000000000000e+02,1.342060866888540094e+00
7.800000000000000000e+02,1.294492037583102828e+00
7.810000000000000000e+02,1.203108004717174051e+00
7.820000000000000000e+02,1.289524882820906271e+00
7.830000000000000000e+02,1.514110631125089590e+00
7.840000000000000000e+02,1.453356892846633386e+00
7.850000000000000000e+02,1.259687650430698191e+00
7.860000000000000000e+02,1.333175249105090554e+00
7.870000000000000000e+02,1.271476351806660521e+00
7.880000000000000000e+02,1.287400369704169156e+00
7.890000000000000000e+02,1.404463237522318053e+00
7.900000000000000000e+02,1.501875666931052899e+00
7.910000000000000000e+02,1.567061684050172765e+00
7.920000000000000000e+02,1.533621152026429568e+00
7.930000000000000000e+02,1.380450039503288373e+00
7.940000000000000000e+02,1.493193448077748231e+00
7.950000000000000000e+02,1.512975177914399172e+00
7.960000000000000000e+02,1.732235713408168509e+00
7.970000000000000000e+02,1.511666713174837584e+00
7.980000000000000000e+02,1.396738336139379921e+00
7.990000000000000000e+02,1.311156643592631621e+00
8.000000000000000000e+02,1.648568368526773131e+00
8.010000000000000000e+02,1.536298777097940160e+00
8.020000000000000000e+02,1.456935037512100406e+00
8.030000000000000000e+02,1.516307147150319334e+00
8.040000000000000000e+02,1.504304614573703347e+00
8.050000000000000000e+02,1.546810526183109102e+00
8.060000000000000000e+02,1.366881688268316131e+00
8.070000000000000000e+02,1.170583870134234150e+00
8.080000000000000000e+02,1.269563300577213338e+00
8.090000000000000000e+02,1.498031463711680278e+00
8.100000000000000000e+02,1.494737470750859165e+00
8.110000000000000000e+02,1.410415805008933265e+00
8.120000000000000000e+02,1.397367176832026381e+00
8.130000000000000000e+02,1.398632362052305567e+00
8.140000000000000000e+02,1.647872199082412559e+00
8.150000000000000000e+02,1.440905874997428393e+00
8.160000000000000000e+02,1.088608334978931502e+00
8.170000000000000000e+02,1.351667491805404131e+00
8.180000000000000000e+02,1.408226137498684860e+00
8.190000000000000000e+02,1.359250282684182576e+00
8.200000000000000000e+02,1.057201661070301446e+00
8.210000000000000000e+02,1.368645542433463369e+00
8.220000000000000000e+02,1.445271674732892642e+00
8.230000000000000000e+02,1.369529181727155542e+00
8.240000000000000000e+02,1.398335388481208197e+00
8.250000000000000000e+02,1.206238711809717756e+00
8.260000000000000000e+02,1.222341025348334442e+00
8.270000000000000000e+02,1.659610893088868888e+00
8.280000000000000000e+02,1.135376207676179527e+00
8.290000000000000000e+02,1.123966767064798145e+00
8.300000000000000000e+02,1.218337435808733549e+00
8.310000000000000000e+02,1.401070029577568654e+00
8.320000000000000000e+02,1.410264813760013336e+00
8.330000000000000000e+02,1.028777411466240244e+00
8.340000000000000000e+02,1.400525693291940099e+00
8.350000000000000000e+02,1.359813776989348577e+00
8.360000000000000000e+02,1.435960254249815771e+00
8.370000000000000000e+02,1.250804641017102536e+00
8.380000000000000000e+02,1.486190504280529012e+00
8.390000000000000000e+02,1.482667362874149353e+00
8.400000000000000000e+02,1.221666269008483408e+00
8.410000000000000000e+02,1.104474975558292993e+00
8.420000000000000000e+02,1.240708333556836296e+00
8.430000000000000000e+02,1.323810360278182330e+00
8.440000000000000000e+02,1.442177962332404473e+00
8.450000000000000000e+02,9.225336830360664209e-01
8.460000000000000000e+02,9.902824961762208833e-01
8.470000000000000000e+02,5.834080238917273009e-01
8.480000000000000000e+02,9.673821634008582526e-01
8.490000000000000000e+02,1.152987485249502342e+00
8.500000000000000000e+02,1.204338868147282415e+00
8.510000000000000000e+02,1.107927615077376249e+00
8.520000000000000000e+02,9.391582253265312596e-01
8.530000000000000000e+02,1.488049984107516543e+00
8.540000000000000000e+02,1.285393602430860316e+00
8.550000000000000000e+02,1.089283544529199066e+00
8.560000000000000000e+02,1.071096227569034109e+00
8.570000000000000000e+02,9.444048796831375769e-01
8.580000000000000000e+02,1.288110910378892360e+00
8.590000000000000000e+02,1.116071934552124389e+00
8.600000000000000000e+02,1.319833376812475478e+00
8.610000000000000000e+02,1.082087072824790441e+00
8.620000000000000000e+02,1.349133433056374676e+00
8.630000000000000000e+02,1.013341635876723101e+00
8.640000000000000000e+02,1.017462085688519258e+00
8.650000000000000000e+02,1.039829640411504608e+00
8.660000000000000000e+02,1.151434926883384113e+00
8.670000000000000000e+02,1.047248096740915013e+00
8.680000000000000000e+02,1.118353771458853174e+00
8.690000000000000000e+02,1.132402521019585606e+00
8.700000000000000000e+02,1.241398115887272446e+00
8.710000000000000000e+02,8.702775207288530046e-01
8.720000000000000000e+02,1.174633659965993004e+00
8.730000000000000000e+02,1.077573337019540389e+00
8.740000000000000000e+02,9.547953036611234179e-01
8.750000000000000000e+02,1.244632300456852025e+00
8.760000000000000000e+02,1.596842718775853154e+00
8.770000000000000000e+02,1.468939613648419629e+00
8.780000000000000000e+02,1.751889047733675042e+00
8.790000000000000000e+02,1.548666257700568982e+00
8.800000000000000000e+02,1.560824059401461517e+00
8.810000000000000000e+02,1.458534208359183681e+00
8.820000000000000000e+02,1.525637040480028572e+00
8.830000000000000000e+02,1.662690334559843164e+00
8.840000000000000000e+02,1.517494059113797533e+00
8.850000000000000000e+02,1.615356395082693242e+00
8.860000000000000000e+02,1.557525828747249541e+00
8.870000000000000000e+02,1.708639094448591411e+00
8.880000000000000000e+02,1.586865109259844031e+00
8.890000000000000000e+02,1.641444668530005035e+00
8.900000000000000000e+02,1.513793632810048306e+00
8.910000000000000000e+02,1.748439253443362817e+00
8.920000000000000000e+02,1.810496336883215651e+00
8.930000000000000000e+02,1.626025889341948361e+00
8.940000000000000000e+02,1.441724594995937414e+00
8.950000000000000000e+02,1.608718795745474495e+00
8.960000000000000000e+02,2.037897740803208180e+00
8.970000000000000000e+02,1.715201568123865039e+00
8.980000000000000000e+02,1.618325316057265706e+00
8.990000000000000000e+02,1.511905976898486159e+00
9.000000000000000000e+02,1.853681923954562327e+00
9.010000000000000000e+02,1.664248522079400550e+00
9.020000000000000000e+02,1.273804149341964953e+00
9.030000000000000000e+02,1.813985012998469148e+00
9.040000000000000000e+02,1.971216750027021014e+00
9.050000000000000000e+02,1.802971965086011874e+00
9.060000000000000000e+02,1.908828250148116190e+00
9.070000000000000000e+02,1.546056772345109742e+00
9.080000000000000000e+02,1.915854099403955235e+00
9.090000000000000000e+02,1.925342026722027367e+00
9.100000000000000000e+02,1.641909135560017940e+00
9.110000000000000000e+02,1.813718795015099250e+00
9.120000000000000000e+02,1.722687242325593671e+00
9.130000000000000000e+02,2.060384371154898808e+00
9.140000000000000000e+02,1.821764319565775336e+00
9.150000000000000000e+02,1.518850750564332275e+00
9.160000000000000000e+02,1.431796942694673280e+00
9.170000000000000000e+02,1.753697190133832740e+00
9.180000000000000000e+02,1.925610687315720382e+00
9.190000000000000000e+02,1.797080462731209805e+00
9.200000000000000000e+02,1.485289685689282990e+00
9.210000000000000000e+02,1.606005157678265238e+00
9.220000000000000000e+02,1.829622802647740354e+00
9.230000000000000000e+02,1.806389493939034141e+00
9.240000000000000000e+02,1.803714764510329305e+00
9.250000000000000000e+02,1.634458501298410527e+00
9.260000000000000000e+02,1.975324944576044794e+00
9.270000000000000000e+02,1.905784791509441467e+00
9.280000000000000000e+02,1.675026751674762782e+00
9.290000000000000000e+02,1.648256112477449964e+00
9.300000000000000000e+02,1.982562156542960752e+00
9.310000000000000000e+02,1.950965772569216217e+00
9.320000000000000000e+02,1.663712644232710147e+00
9.330000000000000000e+02,1.662272638010752646e+00
9.340000000000000000e+02,1.525417332332931863e+00
9.350000000000000000e+02,1.584742383674977440e+00
9.360000000000000000e+02,1.542585025036154356e+00
9.370000000000000000e+02,1.523421255092396898e+00
9.380000000000000000e+02,1.485046159925418774e+00
9.390000000000000000e+02,1.534100124106696050e+00
9.400000000000000000e+02,1.666797126375742621e+00
9.410000000000000000e+02,1.416834573910487505e+00
9.420000000000000000e+02,1.428394804868504897e+00
9.430000000000000000e+02,1.397662896475019956e+00
9.440000000000000000e+02,1.500332518788304093e+00
9.450000000000000000e+02,1.163725395259831874e+00
9.460000000000000000e+02,1.513596443150847071e+00
9.470000000000000000e+02,1.371677953193913169e+00
9.480000000000000000e+02,1.588859970935847521e+00
9.490000000000000000e+02,1.337385472650727491e+00
9.500000000000000000e+02,1.653073955986698929e+00
9.510000000000000000e+02,1.598937778356463557e+00
9.520000000000000000e+02,1.376885996246061117e+00
9.530000000000000000e+02,1.871784712198136136e+00
9.540000000000000000e+02,1.470609868477105620e+00
9.550000000000000000e+02,1.337746796097954327e+00
9.560000000000000000e+02,1.531587844403606846e+00
9.570000000000000000e+02,1.618331440758922879e+00
9.580000000000000000e+02,1.541176338614190122e+00
9.590000000000000000e+02,1.549415605473584590e+00
9.600000000000000000e+02,1.488070289996829221e+00
9.610000000000000000e+02,1.723789704345725093e+00
9.620000000000000000e+02,1.772633882657740356e+00
9.630000000000000000e+02,1.560858918471579981e+00
9.640000000000000000e+02,1.705867408745278757e+00
9.650000000000000000e+02,1.702578450420785261e+00
9.660000000000000000e+02,1.882621432903067049e+00
9.670000000000000000e+02,1.735149739478037523e+00
9.680000000000000000e+02,1.767616581444327206e+00
9.690000000000000000e+02,1.961707521909881624e+00
9.700000000000000000e+02,1.895943804930089627e+00
9.710000000000000000e+02,1.903053312270283293e+00
9.720000000000000000e+02,1.693909556142427553e+00
9.730000000000000000e+02,1.781769011325724072e+00
9.740000000000000000e+02,1.951952451763738772e+00
9.750000000000000000e+02,2.013373243754314590e+00
9.760000000000000000e+02,1.771245175277823103e+00
9.770000000000000000e+02,1.898845753028893801e+00
9.780000000000000000e+02,1.903558404407836413e+00
9.790000000000000000e+02,2.155028122030111071e+00
9.800000000000000000e+02,1.885644590302237633e+00
9.810000000000000000e+02,1.919544820152331299e+00
9.820000000000000000e+02,1.896917007939934230e+00
9.830000000000000000e+02,2.077310476194253130e+00
9.840000000000000000e+02,2.142433302185598354e+00
9.850000000000000000e+02,1.864598926862907069e+00
9.860000000000000000e+02,1.974758115316465723e+00
9.870000000000000000e+02,2.195215722105027467e+00
9.880000000000000000e+02,2.034415706841044891e+00
9.890000000000000000e+02,1.835922354090567810e+00
9.900000000000000000e+02,1.995953108613595317e+00
9.910000000000000000e+02,2.114842234342160232e+00
9.920000000000000000e+02,1.754207115735664457e+00
9.930000000000000000e+02,1.982018765748132072e+00
9.940000000000000000e+02,1.950235635604722573e+00
9.950000000000000000e+02,2.159544304997703446e+00
9.960000000000000000e+02,2.134270030510970084e+00
9.970000000000000000e+02,1.847335258876973363e+00
9.980000000000000000e+02,1.457533911277141714e+00
9.990000000000000000e+02,1.883582716967043380e+00
1.000000000000000000e+03,2.237149725774155051e+00
1.001000000000000000e+03,1.849880349341870067e+00
1.002000000000000000e+03,1.789070393699761619e+00
1.003000000000000000e+03,1.761838124962643137e+00
1.004000000000000000e+03,1.726943054026361501e+00
1.005000000000000000e+03,2.013203610123649234e+00
1.006000000000000000e+03,1.847662979386978988e+00
1.007000000000000000e+03,1.765877593989885641e+00
1.008000000000000000e+03,1.764699537668772855e+00
1.009000000000000000e+03,1.939983938746188352e+00
1.010000000000000000e+03,1.948066230790918452e+00
1.011000000000000000e+03,1.675569688211283159e+00
1.012000000000000000e+03,1.730602467196578065e+00
1.013000000000000000e+03,1.876420939202958271e+00
1.014000000000000000e+03,1.851636902817152874e+00
1.015000000000000000e+03,1.803197023382241637e+00
1.016000000000000000e+03,1.921783767104789709e+00
1.017000000000000000e+03,1.916486735405074748e+00
1.018000000000000000e+03,1.989966615900307323e+00
1.019000000000000000e+03,1.872048953053801368e+00
1.020000000000000000e+03,1.745070635677136828e+00
1.021000000000000000e+03,1.925557968194551384e+00
1.022000000000000000e+03,1.735567645416507654e+00
1.023000000000000000e+03,1.856287490462247725e+00
1.024000000000000000e+03,1.557034794287159185e+00
1.025000000000000000e+03,1.536210034096540999e+00
1.026000000000000000e+03,1.695135821691631461e+00
1.027000000000000000e+03,1.596547928177924236e+00
1.028000000000000000e+03,1.921074621524685000e+00
1.029000000000000000e+03,1.813816832369428145e+00
1.030000000000000000e+03,2.017538682403497763e+00
1.031000000000000000e+03,2.052041631472883765e+00
1.032000000000000000e+03,1.906318747680873837e+00
1.033000000000000000e+03,1.956649034417242472e+00
1.034000000000000000e+03,1.997462087202945824e+00
1.035000000000000000e+03,2.128560812746422837e+00
1.036000000000000000e+03,2.145033723331642328e+00
1.037000000000000000e+03,2.005617430236355858e+00
1.038000000000000000e+03,1.989268503569388447e+00
1.039000000000000000e+03,2.071313502960310693e+00
1.040000000000000000e+03,2.040693081164675515e+00
1.041000000000000000e+03,2.007651888296867693e+00
1.042000000000000000e+03,1.926540544583478232e+00
1.043000000000000000e+03,2.170868513426976509e+00
1.044000000000000000e+03,2.151807470804938838e+00
1.045000000000000000e+03,1.936520081687872485e+00
1.046000000000000000e+03,1.903024538516874697e+00
1.047000000000000000e+03,2.069634189791475620e+00
1.048000000000000000e+03,1.893144307932900228e+00
1.049000000000000000e+03,1.843550500988085483e+00
1.050000000000000000e+03,1.915004666586527682e+00
1.051000000000000000e+03,1.983114389866945881e+00
1.052000000000000000e+03,2.277767546931678044e+00
1.053000000000000000e+03,2.329669237772310719e+00
1.054000000000000000e+03,2.181774910880222240e+00
1.055000000000000000e+03,2.022377490312333048e+00
1.056000000000000000e+03,2.147128289334968354e+00
1.057000000000000000e+03,2.213513997445258674e+00
1.058000000000000000e+03,2.226399374702153988e+00
1.059000000000000000e+03,2.152580750495767248e+00
1.060000000000000000e+03,2.261572850608013052e+00
1.061000000000000000e+03,2.060148962274124695e+00
1.062000000000000000e+03,2.078496975690245385e+00
1.063000000000000000e+03,1.944059683749481904e+00
1.064000000000000000e+03,2.266294053461239688e+00
1.065000000000000000e+03,2.178527261464950460e+00
1.066000000000000000e+03,2.373129469977416584e+00
1.067000000000000000e+03,1.796502140491833099e+00
1.068000000000000000e+03,1.905137679077441470e+00
1.069000000000000000e+03,1.831445999352820042e+00
1.070000000000000000e+03,2.051125304313003106e+00
1.071000000000000000e+03,2.105946180478500018e+00
1.072000000000000000e+03,2.081209329773834327e+00
1.073000000000000000e+03,1.886286192684748064e+00
1.074000000000000000e+03,2.203433432358673283e+00
1.075000000000000000e+03,2.000877922116933494e+00
1.076000000000000000e+03,2.031885547876346898e+00
1.077000000000000000e+03,2.210952029722821788e+00
1.078000000000000000e+03,2.273357551816812983e+00
1.079000000000000000e+03,2.303309978202166874e+00
1.080000000000000000e+03,2.205168806391269332e+00
1.081000000000000000e+03,1.911872176431098191e+00
1.082000000000000000e+03,1.950418371795718420e+00
1.083000000000000000e+03,2.335699063921509833e+00
1.084000000000000000e+03,2.123216220353691064e+00
1.085000000000000000e+03,2.046962465487613958e+00
1.086000000000000000e+03,2.063882756537341656e+00
1.087000000000000000e+03,2.265657987312094335e+00
1.088000000000000000e+03,2.230052171204532030e+00
1.089000000000000000e+03,2.228698968554006399e+00
1.090000000000000000e+03,2.123851646150006101e+00
1.091000000000000000e+03,2.285866332591315331e+00
1.092000000000000000e+03,2.181447034590511258e+00
1.093000000000000000e+03,2.064090313090087392e+00
1.094000000000000000e+03,2.147120595503885454e+00
1.095000000000000000e+03,2.137821493642355630e+00
1.096000000000000000e+03,2.364200994972682324e+00
1.097000000000000000e+03,2.310051200621959566e+00
1.098000000000000000e+03,2.243925457662602874e+00
1.099000000000000000e+03,2.235332971509131017e+00
1.100000000000000000e+03,2.389635300526096628e+00
1.101000000000000000e+03,2.322314557590521300e+00
1.102000000000000000e+03,2.107149041751814167e+00
1.103000000000000000e+03,2.355661627744897402e+00
1.104000000000000000e+03,2.285416436342731394e+00
1.105000000000000000e+03,2.343483441808994705e+00
1.106000000000000000e+03,2.570566317812128965e+00
1.107000000000000000e+03,2.313604859380333334e+00
1.108000000000000000e+03,2.518693248993326250e+00
1.109000000000000000e+03,2.608311898334798595e+00
1.110000000000000000e+03,2.584606314206439492e+00
1.111000000000000000e+03,2.405745424307453195e+00
1.112000000000000000e+03,2.216127799137621146e+00
1.113000000000000000e+03,2.362163779687532106e+00
1.114000000000000000e+03,2.630350358387568033e+00
1.115000000000000000e+03,2.496104862494225696e+00
1.116000000000000000e+03,2.352940039984302345e+00
1.117000000000000000e+03,2.405962763233253199e+00
1.118000000000000000e+03,2.413418278019888952e+00
1.119000000000000000e+03,2.458038139696943514e+00
1.120000000000000000e+03,2.051452413421922749e+00
1.121000000000000000e+03,2.502792136159452063e+00
1.122000000000000000e+03,2.425945528568658194e+00
1.123000000000000000e+03,2.296927983249320349e+00
1.124000000000000000e+03,2.325472870776217782e+00
1.125000000000000000e+03,2.521340999502879043e+00
1.126000000000000000e+03,2.510662866422513240e+00
1.127000000000000000e+03,2.446368882922878019e+00
1.128000000000000000e+03,2.095639763361076824e+00
1.129000000000000000e+03,2.378812538256676046e+00
1.130000000000000000e+03,2.370322433140709339e+00
1.131000000000000000e+03,2.591606627468171276e+00
1.132000000000000000e+03,2.500693024327923286e+00
1.133000000000000000e+03,2.250931595956751963e+00
1.134000000000000000e+03,2.767694075411985200e+00
1.135000000000000000e+03,2.880895435327763821e+00
1.136000000000000000e+03,2.697805109778587340e+00
1.137000000000000000e+03,2.517097907075439345e+00
1.138000000000000000e+03,2.395142249786165856e+00
1.139000000000000000e+03,2.505915181236823219e+00
1.140000000000000000e+03,2.523887617557129204e+00
1.141000000000000000e+03,2.512564856680926884e+00
1.142000000000000000e+03,2.500435001810119573e+00
1.143000000000000000e+03,2.632945256007287682e+00
1.144000000000000000e+03,2.658250369881201447e+00
1.145000000000000000e+03,2.593365935044900095e+00
1.146000000000000000e+03,2.340549395005203426e+00
1.147000000000000000e+03,2.449011811218911205e+00
1.148000000000000000e+03,2.558709656579055025e+00
1.149000000000000000e+03,2.524668944536085924e+00
1.150000000000000000e+03,2.438931394771144401e+00
1.151000000000000000e+03,2.409049535467248759e+00
1.152000000000000000e+03,2.584809326644776917e+00
1.153000000000000000e+03,2.642366756724665589e+00
1.154000000000000000e+03,2.519501159728360307e+00
1.155000000000000000e+03,2.436780333271308940e+00
1.156000000000000000e+03,2.720149163487534771e+00
1.157000000000000000e+03,2.613477096330291793e+00
1.158000000000000000e+03,2.437983775913633799e+00
1.159000000000000000e+03,2.273751167525365435e+00
1.160000000000000000e+03,2.343151104584137556e+00
1.161000000000000000e+03,2.480578887301562840e+00
1.162000000000000000e+03,2.595890917023159883e+00
1.163000000000000000e+03,2.203681617436063611e+00
1.164000000000000000e+03,2.356343937236552222e+00
1.165000000000000000e+03,2.443953449538427414e+00
1.166000000000000000e+03,2.399902951148422670e+00
1.167000000000000000e+03,2.412671573201106145e+00
1.168000000000000000e+03,2.373738060465430344e+00
1.169000000000000000e+03,2.431274873538042947e+00
1.170000000000000000e+03,2.503614577790013840e+00
1.171000000000000000e+03,2.450408129510892596e+00
1.172000000000000000e+03,2.326892711237321887e+00
1.173000000000000000e+03,2.538638229886682307e+00
1.174000000000000000e+03,2.401618643373276019e+00
1.175000000000000000e+03,2.474746195545497685e+00
1.176000000000000000e+03,2.356161996229138023e+00
1.177000000000000000e+03,2.425408817547058060e+00
1.178000000000000000e+03,2.568767379142270268e+00
1.179000000000000000e+03,2.551699069351291094e+00
1.180000000000000000e+03,2.485924651224480808e+00
1.181000000000000000e+03,2.187601057556331163e+00
1.182000000000000000e+03,2.329535240325666390e+00
1.183000000000000000e+03,2.652628245378444216e+00
1.184000000000000000e+03,2.560133648727550337e+00
1.185000000000000000e+03,2.428366276483029385e+00
1.186000000000000000e+03,2.528739154801290301e+00
1.187000000000000000e+03,2.629629028841256044e+00
1.188000000000000000e+03,2.572918747547198404e+00
1.189000000000000000e+03,2.617771311565845416e+00
1.190000000000000000e+03,2.511944075371583374e+00
1.191000000000000000e+03,2.595605787402235798e+00
1.192000000000000000e+03,2.597743653281236131e+00
1.193000000000000000e+03,2.299753358110173451e+00
1.194000000000000000e+03,2.427075944063347812e+00
1.195000000000000000e+03,2.319910000537368067e+00
1.196000000000000000e+03,2.640579272563995161e+00
1.197000000000000000e+03,2.668249375465135298e+00
1.198000000000000000e+03,2.462263224860993471e+00
1.199000000000000000e+03,2.613971880934707226e+00
1.200000000000000000e+03,2.743053965021101881e+00
1.201000000000000000e+03,2.691051552973204863e+00
1.202000000000000000e+03,2.593905730446775859e+00
1.203000000000000000e+03,2.610494638092067277e+00
1.204000000000000000e+03,2.734225341098083017e+00
1.205000000000000000e+03,2.663939527454819434e+00
1.206000000000000000e+03,2.514106734016137601e+00
1.207000000000000000e+03,2.591206438219658015e+00
1.208000000000000000e+03,2.670656679876530326e+00
1.209000000000000000e+03,2.558212366290637085e+00
1.210000000000000000e+03,2.720583049735021408e+00
1.211000000000000000e+03,2.615282064318415145e+00
1.212000000000000000e+03,2.351253810560946622e+00
1.213000000000000000e+03,2.622677802459283392e+00
1.214000000000000000e+03,2.628371099001906686e+00
1.215000000000000000e+03,2.570699182691806861e+00
1.216000000000000000e+03,2.625476568394478072e+00
1.217000000000000000e+03,2.368587922809302082e+00
1.218000000000000000e+03,2.785309963772207187e+00
1.219000000000000000e+03,2.382617134371346257e+00
1.220000000000000000e+03,2.329265940043202310e+00
1.221000000000000000e+03,2.445903180599303894e+00
1.222000000000000000e+03,2.497152669739075126e+00
1.223000000000000000e+03,2.487919489617639091e+00
1.224000000000000000e+03,2.392550748187820986e+00
1.225000000000000000e+03,2.491914752009357414e+00
1.226000000000000000e+03,2.714824095434040796e+00
1.227000000000000000e+03,2.456258233278624026e+00
1.228000000000000000e+03,2.321814651261524531e+00
1.229000000000000000e+03,2.344376954152471715e+00
1.230000000000000000e+03,2.393620690426880859e+00
1.231000000000000000e+03,2.547981951443057724e+00
1.232000000000000000e+03,2.385497661268326297e+00
1.233000000000000000e+03,2.292050880883549802e+00
1.234000000000000000e+03,2.461920900193424355e+00
1.235000000000000000e+03,2.524949515289724111e+00
1.236000000000000000e+03,2.422969238300137995e+00
1.237000000000000000e+03,2.363846476757735182e+00
1.238000000000000000e+03,2.336376566042126068e+00
1.239000000000000000e+03,2.527938862409334853e+00
1.240000000000000000e+03,2.440308316149324863e+00
1.241000000000000000e+03,2.112605105526512261e+00
1.242000000000000000e+03,2.240622581100463862e+00
1.243000000000000000e+03,2.480409420890005823e+00
1.244000000000000000e+03,2.413568144122905768e+00
1.245000000000000000e+03,2.443955252050067806e+00
1.246000000000000000e+03,2.091049591011712394e+00
1.247000000000000000e+03,2.265407633383992980e+00
1.248000000000000000e+03,2.552655559163733656e+00
1.249000000000000000e+03,2.174951241576370986e+00
1.250000000000000000e+03,2.534109424771463281e+00
1.251000000000000000e+03,2.300491594188515787e+00
1.252000000000000000e+03,2.512359659253402100e+00
1.253000000000000000e+03,2.461536933104350844e+00
1.254000000000000000e+03,2.429352859893139982e+00
1.255000000000000000e+03,2.379469752822933604e+00
1.256000000000000000e+03,2.472837721492404661e+00
1.257000000000000000e+03,2.516460262094975420e+00
1.258000000000000000e+03,2.349413058476603311e+00
1.259000000000000000e+03,2.241874952752278105e+00
1.260000000000000000e+03,2.364531575696969146e+00
1.261000000000000000e+03,2.471117993238088673e+00
1.262000000000000000e+03,2.498033399216533557e+00
1.263000000000000000e+03,2.485967954058564633e+00
1.264000000000000000e+03,2.257672464892771735e+00
1.265000000000000000e+03,2.464502347473810584e+00
1.266000000000000000e+03,2.473318991280744950e+00
1.267000000000000000e+03,2.311891009655437035e+00
1.268000000000000000e+03,2.237264175011159484e+00
1.269000000000000000e+03,2.360640154663772083e+00
1.270000000000000000e+03,2.529206603916891893e+00
1.271000000000000000e+03,2.421574349179356656e+00
1.272000000000000000e+03,2.440104134194110319e+00
1.273000000000000000e+03,2.476672661225225891e+00
1.274000000000000000e+03,2.745181218457179106e+00
1.275000000000000000e+03,2.526457821834981132e+00
1.276000000000000000e+03,2.596276759761321884e+00
1.277000000000000000e+03,2.536049823369584288e+00
1.278000000000000000e+03,2.711758044758447284e+00
1.279000000000000000e+03,2.797535064103886526e+00
1.280000000000000000e+03,2.640751554250929889e+00
1.281000000000000000e+03,2.642579542478747268e+00
1.282000000000000000e+03,2.668878176743001873e+00
1.283000000000000000e+03,2.818355329284624400e+00
1.284000000000000000e+03,2.757157172797708444e+00
1.285000000000000000e+03,2.675047382326393830e+00
1.286000000000000000e+03,2.717718994555990975e+00
1.287000000000000000e+03,2.772044634096754834e+00
1.288000000000000000e+03,2.794815714419530028e+00
1.289000000000000000e+03,2.588547676358176286e+00
1.290000000000000000e+03,2.557687808937074259e+00
1.291000000000000000e+03,2.734317844977386613e+00
1.292000000000000000e+03,2.638797913299606002e+00
1.293000000000000000e+03,2.658137681784691786e+00
1.294000000000000000e+03,2.649260645973863681e+00
1.295000000000000000e+03,2.691441123389451739e+00
1.296000000000000000e+03,2.824165842346986643e+00
1.297000000000000000e+03,2.802638790216685383e+00
1.298000000000000000e+03,2.684026407557329019e+00
1.299000000000000000e+03,2.690751620686788304e+00
1.300000000000000000e+03,2.777378001999012191e+00
1.301000000000000000e+03,2.794253785758503028e+00
1.302000000000000000e+03,2.661903780125065566e+00
1.303000000000000000e+03,2.700873054466343959e+00
1.304000000000000000e+03,2.614822902047301945e+00
1.305000000000000000e+03,2.648631632220683318e+00
1.306000000000000000e+03,2.434841372323615971e+00
1.307000000000000000e+03,2.455159730842461308e+00
1.308000000000000000e+03,2.586136158959370768e+00
1.309000000000000000e+03,2.680720862679471850e+00
1.310000000000000000e+03,2.590920848071505578e+00
1.311000000000000000e+03,2.490998275387100502e+00
1.312000000000000000e+03,2.575677538310293446e+00
1.313000000000000000e+03,2.603079811610746308e+00
1.314000000000000000e+03,2.564292593250014018e+00
1.315000000000000000e+03,2.496856143334762468e+00
1.316000000000000000e+03,2.504756861069258544e+00
1.317000000000000000e+03,2.560929148519243803e+00
1.318000000000000000e+03,2.662810913791636924e+00
1.319000000000000000e+03,2.566392182846739978e+00
1.320000000000000000e+03,2.464244003813986783e+00
1.321000000000000000e+03,2.563996006109831693e+00
1.322000000000000000e+03,2.640326627241260216e+00
1.323000000000000000e+03,2.592234449122494677e+00
1.324000000000000000e+03,2.423156631942516626e+00
1.325000000000000000e+03,2.557891039271345868e+00
1.326000000000000000e+03,2.729734027835022392e+00
1.327000000000000000e+03,2.877785467644200512e+00
1.328000000000000000e+03,2.477455055378505744e+00
1.329000000000000000e+03,2.540657918438837370e+00
1.330000000000000000e+03,2.782792320006020059e+00
1.331000000000000000e+03,2.736323650099174998e+00
1.332000000000000000e+03,2.324436071308068730e+00
1.333000000000000000e+03,2.298428451874011902e+00
1.334000000000000000e+03,2.376930484376817532e+00
1.335000000000000000e+03,2.500547104109588137e+00
1.336000000000000000e+03,2.536793573662831758e+00
1.337000000000000000e+03,2.370542435685933480e+00
1.338000000000000000e+03,2.337818401918632105e+00
1.339000000000000000e+03,2.262125589247392377e+00
1.340000000000000000e+03,2.515822431396650849e+00
1.341000000000000000e+03,2.356982676741408600e+00
1.342000000000000000e+03,2.373184533141481811e+00
1.343000000000000000e+03,2.457387133086205822e+00
1.344000000000000000e+03,2.481081448027286029e+00
1.345000000000000000e+03,2.454051725455737465e+00
1.346000000000000000e+03,2.345464736898711156e+00
1.347000000000000000e+03,2.428812577909477355e+00
1.348000000000000000e+03,2.360548817079736850e+00
1.349000000000000000e+03,2.453701790903742186e+00
1.350000000000000000e+03,2.330114377875662335e+00
1.351000000000000000e+03,2.294590115643511563e+00
1.352000000000000000e+03,2.539428746617791610e+00
1.353000000000000000e+03,2.533083693112970991e+00
1.354000000000000000e+03,2.266124478258632280e+00
1.355000000000000000e+03,2.250906351765579405e+00
1.356000000000000000e+03,2.340609043454233706e+00
1.357000000000000000e+03,2.410772229960954416e+00
1.358000000000000000e+03,2.332119802127379682e+00
1.359000000000000000e+03,2.272278416959677472e+00
1.360000000000000000e+03,2.244656154062366848e+00
1.361000000000000000e+03,2.377457739715815421e+00
1.362000000000000000e+03,2.292254519181127215e+00
1.363000000000000000e+03,2.214383897331335227e+00
1.364000000000000000e+03,2.206208045579796995e+00
1.365000000000000000e+03,2.491081405663058135e+00
1.366000000000000000e+03,2.674502098948307705e+00
1.367000000000000000e+03,2.424870612136790449e+00
1.368000000000000000e+03,2.341032609311029855e+00
1.369000000000000000e+03,2.502776585664270748e+00
1.370000000000000000e+03,2.483993114795309598e+00
1.371000000000000000e+03,2.522877233900961524e+00
1.372000000000000000e+03,2.286863306280947139e+00
1.373000000000000000e+03,2.389774257103111754e+00
1.374000000000000000e+03,2.547076454597692052e+00
1.375000000000000000e+03,2.454820914780528440e+00
1.376000000000000000e+03,2.328961401139658882e+00
1.377000000000000000e+03,2.302604836151133316e+00
1.378000000000000000e+03,2.486350083190681293e+00
1.379000000000000000e+03,2.482220446071640829e+00
1.380000000000000000e+03,2.451818093640815821e+00
1.381000000000000000e+03,2.315439163927905497e+00
1.382000000000000000e+03,2.495781509355730954e+00
1.383000000000000000e+03,2.302004897796405380e+00
1.384000000000000000e+03,2.485242001904671483e+00
1.385000000000000000e+03,2.355013678085018380e+00
1.386000000000000000e+03,2.471692479347430194e+00
1.387000000000000000e+03,2.635619671337447123e+00
1.388000000000000000e+03,2.707233932233326978e+00
1.389000000000000000e+03,2.490302984400393882e+00
1.390000000000000000e+03,2.464604420981601152e+00
1.391000000000000000e+03,2.446173619159514256e+00
1.392000000000000000e+03,2.570872117360723852e+00
1.393000000000000000e+03,2.561225818230139062e+00
1.394000000000000000e+03,2.503320872717247347e+00
1.395000000000000000e+03,2.354733190332873871e+00
1.396000000000000000e+03,2.409948006448666025e+00
1.397000000000000000e+03,2.419903486477374077e+00
1.398000000000000000e+03,2.203306421212610999e+00
1.399000000000000000e+03,2.334274864402832161e+00
1.400000000000000000e+03,2.351226748652993415e+00
1.401000000000000000e+03,2.476670009701193553e+00
1.402000000000000000e+03,2.383229590407463405e+00
1.403000000000000000e+03,2.375825667389663387e+00
1.404000000000000000e+03,2.463153304945974398e+00
1.405000000000000000e+03,2.550980598191990634e+00
1.406000000000000000e+03,2.398365420897905054e+00
1.407000000000000000e+03,2.389134810252236285e+00
1.408000000000000000e+03,2.366412816445008005e+00
1.409000000000000000e+03,2.518303464216106402e+00
1.410000000000000000e+03,2.382455742466588866e+00
1.411000000000000000e+03,2.295372816117680959e+00
1.412000000000000000e+03,2.089458131013997910e+00
1.413000000000000000e+03,2.204112355459677097e+00
1.414000000000000000e+03,2.185621593530222562e+00
1.415000000000000000e+03,2.077150377773899770e+00
1.416000000000000000e+03,1.986435010885746921e+00
1.417000000000000000e+03,1.962317863746464441e+00
1.418000000000000000e+03,2.189314248462065127e+00
1.419000000000000000e+03,2.092527545766817543e+00
1.420000000000000000e+03,1.923234102438822868e+00
1.421000000000000000e+03,2.377729297006096587e+00
1.422000000000000000e+03,2.262208997858415227e+00
1.423000000000000000e+03,2.063532819392339679e+00
1.424000000000000000e+03,2.216558524583770229e+00
1.425000000000000000e+03,2.035996163499164346e+00
1.426000000000000000e+03,2.228227885055587887e+00
1.427000000000000000e+03,2.216596382290633382e+00
1.428000000000000000e+03,2.088780166506184255e+00
1.429000000000000000e+03,1.982200171049003368e+00
1.430000000000000000e+03,2.241876139870682128e+00
1.431000000000000000e+03,2.079422809959259322e+00
1.432000000000000000e+03,2.066698585501870689e+00
1.433000000000000000e+03,2.039247508472108006e+00
1.434000000000000000e+03,2.130042615705989295e+00
1.435000000000000000e+03,2.417235975589111074e+00
1.436000000000000000e+03,2.213001736714319545e+00
1.437000000000000000e+03,2.238120419307636055e+00
1.438000000000000000e+03,1.997675928433920722e+00
1.439000000000000000e+03,2.130542011166635330e+00
1.440000000000000000e+03,1.991176032920985106e+00
1.441000000000000000e+03,2.075437154159229358e+00
1.442000000000000000e+03,2.282699647035206336e+00
1.443000000000000000e+03,2.419352271913246089e+00
1.444000000000000000e+03,2.425762345985925439e+00
1.445000000000000000e+03,2.334574831104083703e+00
1.446000000000000000e+03,2.266297371221206003e+00
1.447000000000000000e+03,2.331718469308420971e+00
1.448000000000000000e+03,2.473908349661131378e+00
1.449000000000000000e+03,2.448131926008469961e+00
1.450000000000000000e+03,2.352979631222176682e+00
1.451000000000000000e+03,2.239397725434876030e+00
1.452000000000000000e+03,2.242009304077680731e+00
1.453000000000000000e+03,2.308298466084996559e+00
1.454000000000000000e+03,2.273629228309359984e+00
1.455000000000000000e+03,2.170380239371831887e+00
1.456000000000000000e+03,2.226706296090893211e+00
1.457000000000000000e+03,2.314917562414853247e+00
1.458000000000000000e+03,2.230277694230080154e+00
1.459000000000000000e+03,2.096948369944752422e+00
1.460000000000000000e+03,2.331635691804663679e+00
1.461000000000000000e+03,2.121077068880407257e+00
1.462000000000000000e+03,2.314566910663593546e+00
1.463000000000000000e+03,2.134371296900064774e+00
1.464000000000000000e+03,2.120199576189467194e+00
1.465000000000000000e+03,2.253940520820142179e+00
1.466000000000000000e+03,2.268444626869861480e+00
1.467000000000000000e+03,2.104132382429537707e+00
1.468000000000000000e+03,2.123848158594864532e+00
1.469000000000000000e+03,2.219475778381753805e+00
1.470000000000000000e+03,2.387876755602589718e+00
1.471000000000000000e+03,2.357167771123003686e+00
1.472000000000000000e+03,2.051003516235831547e+00
1.473000000000000000e+03,2.255736836129023981e+00
1.474000000000000000e+03,2.392853016656536713e+00
1.475000000000000000e+03,2.364807921586090433e+00
1.476000000000000000e+03,2.226740702737670663e+00
1.477000000000000000e+03,2.228551916097159413e+00
1.478000000000000000e+03,2.217603952555552205e+00
1.479000000000000000e+03,2.373515570469936442e+00
1.480000000000000000e+03,2.235602361019782158e+00
1.481000000000000000e+03,2.074356696561320046e+00
1.482000000000000000e+03,2.523305881293449460e+00
1.483000000000000000e+03,2.597036258048378787e+00
1.484000000000000000e+03,2.424698027353601848e+00
1.485000000000000000e+03,2.128118724142586515e+00
1.486000000000000000e+03,2.448004194959672475e+00
1.487000000000000000e+03,2.545456934879079647e+00
1.488000000000000000e+03,2.696119937939253752e+00
1.489000000000000000e+03,2.445231136541218042e+00
1.490000000000000000e+03,2.442714618637415569e+00
1.491000000000000000e+03,2.596081647783786472e+00
1.492000000000000000e+03,2.599832837550813291e+00
1.493000000000000000e+03,2.532325733866644502e+00
1.494000000000000000e+03,2.358397770838652097e+00
1.495000000000000000e+03,2.392010936009414834e+00
1.496000000000000000e+03,2.478044120798109429e+00
1.497000000000000000e+03,2.416360002402803797e+00
1.498000000000000000e+03,2.305792483030837836e+00
1.499000000000000000e+03,2.234102563993594082e+00
1.500000000000000000e+03,2.240729589008358946e+00
1.501000000000000000e+03,2.261741347613842823e+00
1.502000000000000000e+03,2.094202276915041683e+00
1.503000000000000000e+03,1.880034285922176140e+00
1.504000000000000000e+03,2.207887332335357833e+00
1.505000000000000000e+03,2.270699806995202685e+00
1.506000000000000000e+03,2.113452004230700787e+00
1.507000000000000000e+03,1.810536839762493244e+00
1.508000000000000000e+03,2.220390901836082787e+00
1.509000000000000000e+03,2.267205317121566033e+00
1.510000000000000000e+03,2.182836136396607341e+00
1.511000000000000000e+03,2.057671182287520217e+00
1.512000000000000000e+03,2.133953946606353291e+00
1.513000000000000000e+03,2.254304316859081947e+00
1.514000000000000000e+03,2.162300853061410955e+00
1.515000000000000000e+03,2.041836242601732021e+00
1.516000000000000000e+03,2.139616182390688959e+00
1.517000000000000000e+03,2.172299448503322239e+00
1.518000000000000000e+03,1.989983840194950337e+00
1.519000000000000000e+03,2.210164510583476627e+00
1.520000000000000000e+03,2.066900937589014386e+00
1.521000000000000000e+03,2.101934666975913579e+00
1.522000000000000000e+03,2.164789369114690665e+00
1.523000000000000000e+03,2.204491648321607045e+00
1.524000000000000000e+03,2.173728615641174144e+00
1.525000000000000000e+03,2.269284780121814560e+00
1.526000000000000000e+03,2.277579346525078652e+00
1.527000000000000000e+03,2.242752296396753220e+00
1.528000000000000000e+03,2.235657729550350137e+00
1.529000000000000000e+03,2.381207800206853076e+00
1.530000000000000000e+03,2.311273674839013914e+00
1.531000000000000000e+03,2.573516275414764021e+00
1.532000000000000000e+03,2.403863777634844823e+00
1.533000000000000000e+03,2.266769636429577961e+00
1.534000000000000000e+03,2.356759417785550426e+00
1.535000000000000000e+03,2.425664178950717176e+00
1.536000000000000000e+03,2.532520009134346051e+00
1.537000000000000000e+03,2.370441555416707313e+00
1.538000000000000000e+03,2.536932654517091379e+00
1.539000000000000000e+03,2.403723474512875935e+00
1.540000000000000000e+03,2.417712560835845625e+00
1.541000000000000000e+03,2.294902805272726720e+00
1.542000000000000000e+03,2.328086296763938634e+00
1.543000000000000000e+03,2.368821002492138561e+00
1.544000000000000000e+03,2.548138072874853499e+00
1.545000000000000000e+03,2.377322088279098633e+00
1.546000000000000000e+03,2.223334594671105613e+00
1.547000000000000000e+03,2.303872027204738160e+00
1.548000000000000000e+03,2.361373112858879075e+00
1.549000000000000000e+03,2.404012921897015875e+00
1.550000000000000000e+03,2.264296710133248069e+00
1.551000000000000000e+03,2.367126633993080986e+00
1.552000000000000000e+03,2.450576898829296191e+00
1.553000000000000000e+03,2.586432386506261505e+00
1.554000000000000000e+03,2.313242537797618681e+00
1.555000000000000000e+03,2.401339637398070881e+00
1.556000000000000000e+03,2.453041284097187358e+00
1.557000000000000000e+03,2.482724052906016610e+00
1.558000000000000000e+03,2.334383369690767207e+00
1.559000000000000000e+03,2.324829636235568486e+00
1.560000000000000000e+03,2.371202404626651550e+00
1.561000000000000000e+03,2.573084078348589987e+00
1.562000000000000000e+03,2.422362186912246695e+00
1.563000000000000000e+03,2.314507453401420722e+00
1.564000000000000000e+03,2.426823657335463569e+00
1.565000000000000000e+03,2.262535914122612457e+00
1.566000000000000000e+03,2.308880652276894541e+00
1.567000000000000000e+03,2.173120750802368217e+00
1.568000000000000000e+03,2.151105992748313156e+00
1.569000000000000000e+03,2.283499605155829393e+00
1.570000000000000000e+03,2.336323878816106703e+00
1.571000000000000000e+03,2.461193165523432480e+00
1.572000000000000000e+03,2.177590684730069892e+00
1.573000000000000000e+03,2.315056815747065677e+00
1.574000000000000000e+03,2.435317103651961190e+00
1.575000000000000000e+03,2.352668410386458131e+00
1.576000000000000000e+03,2.155753287132795126e+00
1.577000000000000000e+03,2.128277068934544491e+00
1.578000000000000000e+03,2.376162667191159539e+00
1.579000000000000000e+03,2.334818248340339242e+00
1.580000000000000000e+03,2.387942301866539996e+00
1.581000000000000000e+03,2.061087988863581355e+00
1.582000000000000000e+03,2.243416826959887089e+00
1.583000000000000000e+03,2.372200852393949511e+00
1.584000000000000000e+03,2.240657695103343006e+00
1.585000000000000000e+03,2.178073356183067411e+00
1.586000000000000000e+03,2.153451481692758129e+00
1.587000000000000000e+03,2.304758807177719415e+00
1.588000000000000000e+03,2.248634199213730422e+00
1.589000000000000000e+03,2.106347026514908904e+00
1.590000000000000000e+03,2.078258784465273123e+00
1.591000000000000000e+03,2.258574137054237152e+00
1.592000000000000000e+03,2.306278198543478819e+00
1.593000000000000000e+03,2.217536310922668452e+00
1.594000000000000000e+03,2.330371885352421568e+00
1.595000000000000000e+03,2.278392808850889129e+00
1.596000000000000000e+03,2.639285093085767642e+00
1.597000000000000000e+03,2.448694530304396100e+00
1.598000000000000000e+03,2.258076236279732640e+00
1.599000000000000000e+03,2.293687338750213467e+00
1.600000000000000000e+03,2.467253544381828423e+00
1.601000000000000000e+03,2.538978793025836733e+00
1.602000000000000000e+03,2.290700136877576121e+00
1.603000000000000000e+03,2.417014031518204042e+00
1.604000000000000000e+03,2.397943712695187912e+00
1.605000000000000000e+03,2.479202206874842052e+00
1.606000000000000000e+03,2.367944257452621493e+00
1.607000000000000000e+03,2.269844834920123677e+00
1.608000000000000000e+03,2.376134395375844033e+00
1.609000000000000000e+03,2.732251370388695921e+00
1.610000000000000000e+03,2.247968793739203441e+00
1.611000000000000000e+03,2.169028526732375450e+00
1.612000000000000000e+03,2.078241403563926060e+00
1.613000000000000000e+03,2.489339588881115617e+00
1.614000000000000000e+03,2.275330064093779914e+00
1.615000000000000000e+03,2.158489233480518354e+00
1.616000000000000000e+03,2.140523760695475008e+00
1.617000000000000000e+03,2.276135997685932555e+00
1.618000000000000000e+03,2.326177097664037685e+00
1.619000000000000000e+03,2.224751388443676703e+00
1.620000000000000000e+03,2.054396290376440337e+00
1.621000000000000000e+03,2.151833087799494226e+00
1.622000000000000000e+03,2.323865870435508185e+00
1.623000000000000000e+03,2.135860679266059936e+00
1.624000000000000000e+03,1.980068946241047012e+00
1.625000000000000000e+03,2.259913747400934980e+00
1.626000000000000000e+03,2.249679983257667271e+00
1.627000000000000000e+03,2.178943535996791248e+00
1.628000000000000000e+03,2.266674462672948032e+00
1.629000000000000000e+03,2.231855720135507593e+00
1.630000000000000000e+03,2.404196527438432263e+00
1.631000000000000000e+03,2.346846103866541799e+00
1.632000000000000000e+03,2.179439406185578854e+00
1.633000000000000000e+03,2.140805747766312717e+00
1.634000000000000000e+03,2.277081183565689670e+00
1.635000000000000000e+03,2.451399976514740509e+00
1.636000000000000000e+03,2.322661326601000997e+00
1.637000000000000000e+03,2.287275572866694695e+00
1.638000000000000000e+03,2.009771389066127067e+00
1.639000000000000000e+03,2.479795075477968513e+00
1.640000000000000000e+03,2.444509146785612597e+00
1.641000000000000000e+03,2.406023970062913797e+00
1.642000000000000000e+03,2.369546069257044696e+00
1.643000000000000000e+03,2.432857480582807153e+00
1.644000000000000000e+03,2.526524955453980592e+00
1.645000000000000000e+03,2.446012077499676085e+00
1.646000000000000000e+03,2.303156612380116375e+00
1.647000000000000000e+03,2.325979408101198853e+00
1.648000000000000000e+03,2.667035102104569511e+00
1.649000000000000000e+03,2.611837855060891833e+00
1.650000000000000000e+03,2.467451376415180420e+00
1.651000000000000000e+03,2.611262316298938124e+00
1.652000000000000000e+03,2.357631763164516947e+00
1.653000000000000000e+03,2.798846503351402504e+00
1.654000000000000000e+03,2.668378674673809847e+00
1.655000000000000000e+03,2.670073427230343022e+00
1.656000000000000000e+03,2.587549836337574405e+00
1.657000000000000000e+03,2.616593288750553192e+00
1.658000000000000000e+03,2.515825515931959799e+00
1.659000000000000000e+03,2.509590109281131021e+00
1.660000000000000000e+03,2.439706663710323298e+00
1.661000000000000000e+03,2.874181771648730788e+00
1.662000000000000000e+03,2.479239426984876093e+00
1.663000000000000000e+03,2.292324860966607591e+00
1.664000000000000000e+03,2.574397888611040575e+00
1.665000000000000000e+03,2.457329005066460237e+00
1.666000000000000000e+03,2.567530246913468428e+00
1.667000000000000000e+03,2.435204947305121603e+00
1.668000000000000000e+03,2.493944723512471651e+00
1.669000000000000000e+03,2.214268818251712734e+00
1.670000000000000000e+03,2.531255954059641322e+00
1.671000000000000000e+03,2.512568902301383300e+00
1.672000000000000000e+03,2.368589782116720333e+00
1.673000000000000000e+03,2.434780801764599989e+00
1.674000000000000000e+03,2.706342789550285399e+00
1.675000000000000000e+03,2.708732491575398971e+00
1.676000000000000000e+03,2.374845462042098898e+00
1.677000000000000000e+03,2.426989720292973107e+00
1.678000000000000000e+03,2.401872111219431893e+00
1.679000000000000000e+03,2.447847351102387048e+00
1.680000000000000000e+03,2.229827509350089887e+00
1.681000000000000000e+03,2.248186526633838778e+00
1.682000000000000000e+03,2.535511076684729304e+00
1.683000000000000000e+03,2.705906778422110914e+00
1.684000000000000000e+03,2.594584217910500090e+00
1.685000000000000000e+03,2.433669411833662810e+00
1.686000000000000000e+03,2.482568163159677432e+00
1.687000000000000000e+03,2.602099126844237276e+00
1.688000000000000000e+03,2.532112092249103164e+00
1.689000000000000000e+03,2.413971933501218192e+00
1.690000000000000000e+03,2.380285499812158090e+00
1.691000000000000000e+03,2.311921157058745013e+00
1.692000000000000000e+03,2.687634503653553608e+00
1.693000000000000000e+03,2.589772589782373124e+00
1.694000000000000000e+03,2.429110292681696759e+00
1.695000000000000000e+03,2.517878013922991265e+00
1.696000000000000000e+03,2.674125315124767255e+00
1.697000000000000000e+03,2.644624229404440641e+00
1.698000000000000000e+03,2.344103155775307812e+00
1.699000000000000000e+03,2.463088199041580051e+00
1.700000000000000000e+03,2.577634405971902076e+00
1.701000000000000000e+03,2.465057548169274249e+00
1.702000000000000000e+03,2.377089373612550904e+00
1.703000000000000000e+03,2.406868601036340483e+00
1.704000000000000000e+03,2.426728765245930397e+00
1.705000000000000000e+03,2.482395758819106568e+00
1.706000000000000000e+03,2.338907555542384831e+00
1.707000000000000000e+03,2.374348099566546910e+00
1.708000000000000000e+03,2.399370152577271487e+00
1.709000000000000000e+03,2.607790927220861921e+00
1.710000000000000000e+03,2.415074771663589193e+00
1.711000000000000000e+03,2.325471610224478347e+00
1.712000000000000000e+03,2.175985159002468805e+00
1.713000000000000000e+03,2.317448064010652509e+00
1.714000000000000000e+03,2.292005944444978294e+00
1.715000000000000000e+03,2.123699078812552710e+00
1.716000000000000000e+03,2.101215152309491518e+00
1.717000000000000000e+03,2.273225132443007279e+00
1.718000000000000000e+03,2.352572501203804123e+00
1.719000000000000000e+03,2.197112066375416450e+00
1.720000000000000000e+03,2.247679753086151422e+00
1.721000000000000000e+03,2.183711359419945097e+00
1.722000000000000000e+03,2.356557893205720511e+00
1.723000000000000000e+03,2.243634542834883838e+00
1.724000000000000000e+03,2.170851780059768643e+00
1.725000000000000000e+03,2.012288035008440001e+00
1.726000000000000000e+03,2.317882545970410657e+00
1.727000000000000000e+03,2.177163284532507515e+00
1.728000000000000000e+03,2.290635248943211799e+00
1.729000000000000000e+03,2.195004204064312958e+00
1.730000000000000000e+03,2.323828406565945581e+00
1.731000000000000000e+03,2.561721625860115648e+00
1.732000000000000000e+03,2.402490692600523392e+00
1.733000000000000000e+03,2.286633427515684325e+00
1.734000000000000000e+03,2.281957148733036789e+00
1.735000000000000000e+03,2.438375448621136865e+00
1.736000000000000000e+03,2.406405853232389536e+00
1.737000000000000000e+03,2.285481872584924190e+00
1.738000000000000000e+03,2.318597808970242813e+00
1.739000000000000000e+03,2.524110306354708566e+00
1.740000000000000000e+03,2.375680765086161994e+00
1.741000000000000000e+03,2.231766695352727314e+00
1.742000000000000000e+03,2.362575540207090707e+00
1.743000000000000000e+03,2.461853765384102832e+00
1.744000000000000000e+03,2.693337800592328524e+00
1.745000000000000000e+03,2.256817887400719425e+00
1.746000000000000000e+03,2.327115114600332824e+00
1.747000000000000000e+03,2.375992286070277792e+00
1.748000000000000000e+03,2.395531741139925952e+00
1.749000000000000000e+03,2.152084118215392916e+00
1.750000000000000000e+03,2.425053704799669418e+00
1.751000000000000000e+03,2.443458258832870378e+00
1.752000000000000000e+03,2.342072879274434971e+00
1.753000000000000000e+03,2.436870816551429897e+00
1.754000000000000000e+03,2.476119988771403158e+00
1.755000000000000000e+03,2.247301042448109687e+00
1.756000000000000000e+03,2.565211317577297923e+00
1.757000000000000000e+03,2.753628772708073491e+00
1.758000000000000000e+03,2.784837479275362515e+00
1.759000000000000000e+03,2.819802646658588152e+00
1.760000000000000000e+03,2.704936348954690040e+00
1.761000000000000000e+03,2.875543946712724619e+00
1.762000000000000000e+03,2.766039891466590017e+00
1.763000000000000000e+03,2.692519528600040957e+00
1.764000000000000000e+03,2.759911482049922871e+00
1.765000000000000000e+03,2.878090431551060924e+00
1.766000000000000000e+03,2.971043949065076628e+00
1.767000000000000000e+03,2.770567687850508776e+00
1.768000000000000000e+03,2.805469336746537756e+00
1.769000000000000000e+03,2.790895849660505412e+00
1.770000000000000000e+03,2.744101877486026186e+00
1.771000000000000000e+03,3.211139612341212146e+00
1.772000000000000000e+03,2.872531673631566917e+00
1.773000000000000000e+03,2.715101570932634267e+00
1.774000000000000000e+03,2.874107896778809845e+00
1.775000000000000000e+03,2.760859490285855866e+00
1.776000000000000000e+03,2.902933697717290595e+00
1.777000000000000000e+03,2.911389353167080696e+00
1.778000000000000000e+03,2.852577115155209508e+00
1.779000000000000000e+03,2.776452051111836017e+00
1.780000000000000000e+03,2.856002529298307557e+00
1.781000000000000000e+03,2.692651150143039018e+00
1.782000000000000000e+03,2.721702189998037369e+00
1.783000000000000000e+03,2.928180294294583597e+00
1.784000000000000000e+03,2.846454154297512140e+00
1.785000000000000000e+03,2.205565130458867706e+00
1.786000000000000000e+03,2.670856980439039852e+00
1.787000000000000000e+03,2.946805044517179617e+00
1.788000000000000000e+03,2.458749577377209672e+00
1.789000000000000000e+03,2.656336070206188005e+00
1.790000000000000000e+03,2.172509320745382944e+00
1.791000000000000000e+03,2.308853786298955768e+00
1.792000000000000000e+03,2.744024317882554520e+00
1.793000000000000000e+03,2.298111441848349923e+00
1.794000000000000000e+03,2.333167648043490416e+00
1.795000000000000000e+03,2.389981389256394806e+00
1.796000000000000000e+03,2.440760081443130058e+00
1.797000000000000000e+03,2.478033112591293996e+00
1.798000000000000000e+03,2.303705354410963579e+00
1.799000000000000000e+03,2.191098331949083100e+00
1.800000000000000000e+03,2.489730008287213803e+00
1.801000000000000000e+03,2.486004438213875289e+00
1.802000000000000000e+03,2.332558899518676565e+00
1.803000000000000000e+03,2.277761444107027966e+00
1.804000000000000000e+03,2.517409248951489431e+00
1.805000000000000000e+03,2.524131062021466310e+00
1.806000000000000000e+03,2.620554814393302845e+00
1.807000000000000000e+03,2.355921331029174226e+00
1.808000000000000000e+03,2.411912363126508474e+00
1.809000000000000000e+03,2.608473872755590062e+00
1.810000000000000000e+03,2.764308262897549273e+00
1.811000000000000000e+03,2.220751355230925483e+00
1.812000000000000000e+03,2.336760292990799126e+00
1.813000000000000000e+03,2.550643014775341832e+00
1.814000000000000000e+03,2.627951934894876995e+00
1.815000000000000000e+03,2.557243824535877952e+00
1.816000000000000000e+03,2.181938834513093894e+00
1.817000000000000000e+03,2.542037602000438046e+00
1.818000000000000000e+03,2.561331685317608020e+00
1.819000000000000000e+03,2.609760075868767792e+00
1.820000000000000000e+03,2.458900014195140482e+00
1.821000000000000000e+03,2.575071967963206365e+00
1.822000000000000000e+03,2.632111762656018428e+00
1.823000000000000000e+03,2.491484749286087652e+00
1.824000000000000000e+03,2.422156825415394898e+00
1.825000000000000000e+03,2.512089753057194397e+00
1.826000000000000000e+03,2.722536837233412221e+00
1.827000000000000000e+03,2.647348365166029005e+00
1.828000000000000000e+03,2.588824386345524697e+00
1.829000000000000000e+03,2.342768838109327678e+00
1.830000000000000000e+03,2.728699695066222120e+00
1.831000000000000000e+03,2.560479526434788156e+00
1.832000000000000000e+03,2.654096937365120201e+00
1.833000000000000000e+03,2.532897164377049481e+00
1.834000000000000000e+03,2.489661043220304570e+00
1.835000000000000000e+03,2.719207610183867363e+00
1.836000000000000000e+03,2.636315536428359696e+00
1.837000000000000000e+03,2.438297606589750366e+00
1.838000000000000000e+03,2.744766190726849242e+00
1.839000000000000000e+03,2.748040099198291841e+00
1.840000000000000000e+03,2.767392106171498334e+00
1.841000000000000000e+03,2.717837889832435572e+00
1.842000000000000000e+03,2.529719554583271357e+00
1.843000000000000000e+03,2.760417166321639471e+00
1.844000000000000000e+03,2.847954764204040146e+00
1.845000000000000000e+03,2.922779445956156685e+00
1.846000000000000000e+03,2.762093711232372240e+00
1.847000000000000000e+03,2.613331341820713583e+00
1.848000000000000000e+03,2.668166648549990416e+00
1.849000000000000000e+03,3.029854945189912385e+00
1.850000000000000000e+03,2.460000757999824650e+00
1.851000000000000000e+03,2.729726745842712354e+00
1.852000000000000000e+03,3.002788783184916266e+00
1.853000000000000000e+03,3.060435365760528992e+00
1.854000000000000000e+03,2.835874348647108967e+00
1.855000000000000000e+03,2.753979249569910248e+00
1.856000000000000000e+03,2.812645379540821722e+00
1.857000000000000000e+03,2.921864798072603797e+00
1.858000000000000000e+03,2.985521745477031086e+00
1.859000000000000000e+03,2.944203927274055221e+00
1.860000000000000000e+03,3.202817682535060939e+00
1.861000000000000000e+03,3.322651346365299574e+00
1.862000000000000000e+03,3.308714909008597438e+00
1.863000000000000000e+03,3.081851287502824555e+00
1.864000000000000000e+03,3.272030281393742523e+00
1.865000000000000000e+03,3.587525209913644098e+00
1.866000000000000000e+03,3.733034473911954088e+00
1.867000000000000000e+03,3.557590633420007364e+00
1.868000000000000000e+03,3.488914324728437322e+00
1.869000000000000000e+03,3.812028419772587107e+00
1.870000000000000000e+03,4.151892089062036995e+00
1.871000000000000000e+03,3.940517502488975587e+00
1.872000000000000000e+03,3.963541780225270372e+00
1.873000000000000000e+03,4.005245522104911693e+00
1.874000000000000000e+03,4.145728204813561746e+00
1.875000000000000000e+03,4.290116127657420009e+00
1.876000000000000000e+03,4.645693257809773158e+00
1.877000000000000000e+03,4.512893673757582214e+00
1.878000000000000000e+03,4.756978769922377559e+00
1.879000000000000000e+03,4.930044850456733130e+00
1.880000000000000000e+03,5.125113754059608340e+00
1.881000000000000000e+03,5.095145785837205565e+00
1.882000000000000000e+03,5.359951334617514718e+00
1.883000000000000000e+03,5.696990139440938350e+00
1.884000000000000000e+03,5.787942852359449830e+00
1.885000000000000000e+03,5.544304491999958451e+00
1.886000000000000000e+03,5.501230668980202410e+00
1.887000000000000000e+03,6.027500320574928239e+00
1.888000000000000000e+03,6.372840723523515827e+00
1.889000000000000000e+03,6.245017887298602410e+00
1.890000000000000000e+03,6.222104219576501727e+00
1.891000000000000000e+03,6.712047672728595593e+00
1.892000000000000000e+03,6.860855263326149256e+00
1.893000000000000000e+03,6.755878790459515670e+00
1.894000000000000000e+03,7.038044891355554888e+00
1.895000000000000000e+03,6.870380128574604228e+00
1.896000000000000000e+03,7.274237920798068302e+00
1.897000000000000000e+03,7.301236464560584061e+00
1.898000000000000000e+03,7.157079205419552004e+00
1.899000000000000000e+03,7.444586904648515358e+00
1.900000000000000000e+03,7.600414372220573256e+00
1.901000000000000000e+03,7.834085942646078493e+00
1.902000000000000000e+03,7.796602619607655882e+00
1.903000000000000000e+03,7.983208816757720427e+00
1.904000000000000000e+03,8.100807084955036430e+00
1.905000000000000000e+03,8.087104195180392807e+00
1.906000000000000000e+03,8.065706082806194388e+00
1.907000000000000000e+03,8.290059349125941779e+00
1.908000000000000000e+03,8.218540645452547366e+00
1.909000000000000000e+03,8.659925087549762424e+00
1.910000000000000000e+03,8.561822362874080383e+00
1.911000000000000000e+03,8.490368230960148921e+00
1.912000000000000000e+03,8.590707688288528487e+00
1.913000000000000000e+03,9.101172835433777308e+00
1.914000000000000000e+03,8.777865909598419947e+00
1.915000000000000000e+03,8.853471060683833826e+00
1.916000000000000000e+03,8.900572374550963062e+00
1.917000000000000000e+03,9.026558021809975685e+00
1.918000000000000000e+03,9.763445297578748239e+00
1.919000000000000000e+03,9.342711195514064926e+00
1.920000000000000000e+03,9.738717519237335196e+00
1.921000000000000000e+03,9.404493887755123183e+00
1.922000000000000000e+03,9.504738137441600898e+00
1.923000000000000000e+03,9.874712532553534317e+00
1.924000000000000000e+03,9.596670890168685020e+00
1.925000000000000000e+03,9.967340424043259262e+00
1.926000000000000000e+03,1.006960255788945702e+01
1.927000000000000000e+03,1.004226181817975316e+01
1.928000000000000000e+03,9.989157602755195597e+00
1.929000000000000000e+03,1.011613039351382604e+01
1.930000000000000000e+03,1.008974554189570938e+01
1.931000000000000000e+03,1.031898942034563760e+01
1.932000000000000000e+03,1.019354776205781654e+01
1.933000000000000000e+03,1.006714651371986236e+01
1.934000000000000000e+03,1.017470295901989985e+01
1.935000000000000000e+03,1.052869691038859834e+01
1.936000000000000000e+03,1.046919916406726259e+01
1.937000000000000000e+03,1.040472287784391980e+01
1.938000000000000000e+03,9.944717167016596804e+00
1.939000000000000000e+03,1.041184948808293775e+01
1.940000000000000000e+03,1.072334202301935235e+01
1.941000000000000000e+03,1.046116485662785323e+01
1.942000000000000000e+03,1.027394999266276088e+01
1.943000000000000000e+03,1.045959550168307217e+01
1.944000000000000000e+03,1.051242634911967677e+01
1.945000000000000000e+03,1.038160819970765836e+01
1.946000000000000000e+03,1.025809386013961166e+01
1.947000000000000000e+03,1.018274974651946252e+01
1.948000000000000000e+03,1.024161472460378342e+01
1.949000000000000000e+03,1.025074939674032137e+01
1.950000000000000000e+03,9.951994344862070463e+00
1.951000000000000000e+03,1.009898811583625111e+01
1.952000000000000000e+03,1.020612432743747888e+01
1.953000000000000000e+03,1.028958994629213741e+01
1.954000000000000000e+03,1.034751031507815000e+01
1.955000000000000000e+03,1.015960255782889021e+01
1.956000000000000000e+03,1.014590647682761748e+01
1.957000000000000000e+03,1.031389729399324473e+01
1.958000000000000000e+03,1.015599532076205946e+01
1.959000000000000000e+03,1.004407874583037952e+01
1.960000000000000000e+03,1.024828316717181131e+01
1.961000000000000000e+03,1.011928126498331793e+01
1.962000000000000000e+03,1.028274901242938277e+01
1.963000000000000000e+03,1.046795582555454551e+01
1.964000000000000000e+03,1.041933445198403874e+01
1.965000000000000000e+03,1.048597492057445457e+01
1.966000000000000000e+03,1.067498978766134599e+01
1.967000000000000000e+03,1.013918418334774785e+01
1.968000000000000000e+03,1.057351307660626993e+01
1.969000000000000000e+03,1.056825520999283086e+01
1.970000000000000000e+03,1.029614444086715608e+01
1.971000000000000000e+03,1.057812749153304033e+01
1.972000000000000000e+03,1.059915239396620912e+01
1.973000000000000000e+03,1.061162818181868417e+01
1.974000000000000000e+03,1.080587541923152450e+01
1.975000000000000000e+03,1.084386540618403316e+01
1.976000000000000000e+03,1.064546828986448013e+01
1.977000000000000000e+03,1.046983944558840740e+01
1.978000000000000000e+03,1.054501390539033068e+01
1.979000000000000000e+03,1.078509661796144492e+01
1.980000000000000000e+03,1.064421877060496158e+01
1.981000000000000000e+03,1.050026868454361129e+01
1.982000000000000000e+03,1.053213919567973456e+01
1.983000000000000000e+03,1.059228738372394218e+01
1.984000000000000000e+03,1.062743365531079753e+01
1.985000000000000000e+03,1.057227247178633789e+01
1.986000000000000000e+03,1.061823981047879784e+01
1.987000000000000000e+03,1.061782697076431958e+01
1.988000000000000000e+03,1.055147580524223727e+01
1.989000000000000000e+03,1.052881220947376484e+01
1.990000000000000000e+03,1.050772980662567768e+01
1.991000000000000000e+03,1.086405321904764065e+01
1.992000000000000000e+03,1.066332297712081356e+01
1.993000000000000000e+03,1.033268900411871627e+01
1.994000000000000000e+03,1.018886117275410186e+01
1.995000000000000000e+03,1.058042785862706658e+01
1.996000000000000000e+03,1.043129136727005779e+01
1.997000000000000000e+03,1.045804803601072841e+01
1.998000000000000000e+03,1.031929231989670015e+01
1.999000000000000000e+03,1.037420117422245625e+01
2.000000000000000000e+03,1.031035261772892220e+01
2.001000000000000000e+03,1.061799302114965471e+01
2.002000000000000000e+03,1.030736251642553825e+01
2.003000000000000000e+03,1.029657291808658748e+01
2.004000000000000000e+03,1.043116777469658096e+01
2.005000000000000000e+03,1.024310696977939372e+01
2.006000000000000000e+03,1.014174559758052574e+01
2.007000000000000000e+03,1.045150694884052989e+01
2.008000000000000000e+03,1.051637627880132264e+01
2.009000000000000000e+03,1.040966383470719236e+01
2.010000000000000000e+03,1.039420075758531326e+01
2.011000000000000000e+03,1.028585647196303121e+01
2.012000000000000000e+03,1.048553857561521596e+01
2.013000000000000000e+03,1.044720048588733796e+01
2.014000000000000000e+03,1.052894401673594160e+01
2.015000000000000000e+03,1.034371829171278101e+01
2.016000000000000000e+03,1.027212307097922483e+01
2.017000000000000000e+03,1.066736061132417746e+01
2.018000000000000000e+03,1.036415862126916565e+01
2.019000000000000000e+03,1.038466651815401320e+01
2.020000000000000000e+03,1.035373540182781937e+01
2.021000000000000000e+03,1.043859104778963776e+01
2.022000000000000000e+03,1.048441354768786837e+01
2.023000000000000000e+03,1.037091779729820828e+01
2.024000000000000000e+03,1.027301261100038943e+01
2.025000000000000000e+03,1.034068395570943188e+01
2.026000000000000000e+03,1.055655384653340256e+01
2.027000000000000000e+03,1.045741726509683467e+01
2.028000000000000000e+03,1.030746798612832116e+01
2.029000000000000000e+03,1.028242874381803418e+01
2.030000000000000000e+03,1.044069974266090739e+01
2.031000000000000000e+03,1.081082174422158992e+01
2.032000000000000000e+03,1.062315577205649930e+01
2.033000000000000000e+03,1.050266466271369126e+01
2.034000000000000000e+03,1.058184709505305143e+01
2.035000000000000000e+03,1.075271061813149132e+01
2.036000000000000000e+03,1.046078051938330411e+01
2.037000000000000000e+03,1.026671915608601182e+01
2.038000000000000000e+03,1.029372078000642077e+01
2.039000000000000000e+03,1.042446650151190468e+01
2.040000000000000000e+03,1.052091163818132102e+01
2.041000000000000000e+03,1.021113679552813736e+01
2.042000000000000000e+03,1.028015495142092917e+01
2.043000000000000000e+03,1.040613383271937487e+01
2.044000000000000000e+03,1.050079306380591682e+01
2.045000000000000000e+03,1.037066090507631344e+01
2.046000000000000000e+03,1.024867500497572337e+01
2.047000000000000000e+03,1.036298702984136533e+01
2.048000000000000000e+03,1.052479622806396620e+01
2.049000000000000000e+03,1.041789002058064639e+01
2.050000000000000000e+03,1.027353636464438402e+01
2.051000000000000000e+03,1.031075224624153641e+01
2.052000000000000000e+03,1.050666209620569624e+01
2.053000000000000000e+03,1.050970690527384654e+01
2.054000000000000000e+03,1.034946243508975883e+01
2.055000000000000000e+03,1.035350325888935608e+01
2.056000000000000000e+03,1.041496059832746468e+01
2.057000000000000000e+03,1.041118149052759811e+01
2.058000000000000000e+03,1.036761969441710640e+01
2.059000000000000000e+03,1.031835880164762997e+01
2.060000000000000000e+03,1.035670735077305515e+01
2.061000000000000000e+03,1.044105146355649971e+01
2.062000000000000000e+03,1.055647551804748829e+01
2.063000000000000000e+03,1.035490318076292660e+01
2.064000000000000000e+03,1.050680246058438172e+01
2.065000000000000000e+03,1.043467257408441462e+01
2.066000000000000000e+03,1.043409991553272675e+01
2.067000000000000000e+03,1.031880177632348428e+01
2.068000000000000000e+03,1.014070374614323633e+01
2.069000000000000000e+03,1.034234211333971132e+01
2.070000000000000000e+03,1.055880200485427878e+01
2.071000000000000000e+03,1.036379666918723430e+01
2.072000000000000000e+03,1.030996255025407393e+01
2.073000000000000000e+03,1.037581818822477153e+01
2.074000000000000000e+03,1.047469913634729366e+01
2.075000000000000000e+03,1.048732122385091614e+01
2.076000000000000000e+03,1.021238223466976258e+01
2.077000000000000000e+03,1.029313864756923635e+01
2.078000000000000000e+03,1.037246864725140227e+01
2.079000000000000000e+03,1.050039337693043251e+01
2.080000000000000000e+03,1.040968207090390329e+01
2.081000000000000000e+03,1.033099803653688653e+01
2.082000000000000000e+03,1.028348093510054895e+01
2.083000000000000000e+03,1.052077220212182418e+01
2.084000000000000000e+03,1.046233113657973668e+01
2.085000000000000000e+03,1.036761867605794762e+01
2.086000000000000000e+03,1.050138749335280153e+01
2.087000000000000000e+03,1.057303141835668647e+01
2.088000000000000000e+03,1.063047787838882208e+01
2.089000000000000000e+03,1.034867537662313985e+01
2.090000000000000000e+03,1.038269071712686120e+01
2.091000000000000000e+03,1.056061840170904631e+01
2.092000000000000000e+03,1.067008688496897939e+01
2.093000000000000000e+03,1.055234753779589596e+01
2.094000000000000000e+03,1.041398221730751139e+01
2.095000000000000000e+03,1.049234686659068139e+01
2.096000000000000000e+03,1.052558408255913847e+01
2.097000000000000000e+03,1.057166310572620915e+01
2.098000000000000000e+03,1.039913402416660482e+01
2.099000000000000000e+03,1.044176431032800068e+01
2.100000000000000000e+03,1.054761173556094889e+01
2.101000000000000000e+03,1.053953266095339636e+01
2.102000000000000000e+03,1.058709661887047204e+01
2.103000000000000000e+03,1.036641652491966781e+01
2.104000000000000000e+03,1.050845554240554947e+01
2.105000000000000000e+03,1.056287497333368819e+01
2.106000000000000000e+03,1.045558799110643378e+01
2.107000000000000000e+03,1.032420423772271434e+01
2.108000000000000000e+03,1.041845056050875051e+01
2.109000000000000000e+03,1.033973827202899010e+01
2.110000000000000000e+03,1.026689771919063432e+01
2.111000000000000000e+03,1.021336647423243171e+01
2.112000000000000000e+03,9.939574500681329638e+00
2.113000000000000000e+03,1.013574318300826249e+01
2.114000000000000000e+03,1.027148983007987759e+01
2.115000000000000000e+03,1.030177712192646489e+01
2.116000000000000000e+03,9.987509474618338601e+00
2.117000000000000000e+03,9.842439852914356635e+00
2.118000000000000000e+03,9.997976741586612093e+00
2.119000000000000000e+03,9.823745719979736890e+00
2.120000000000000000e+03,9.870982655002595862e+00
2.121000000000000000e+03,9.882413202625158988e+00
2.122000000000000000e+03,9.950186561541560337e+00
2.123000000000000000e+03,9.934802425654989833e+00
2.124000000000000000e+03,9.755901360486813445e+00
2.125000000000000000e+03,9.813411274855701194e+00
2.126000000000000000e+03,9.879694724982659437e+00
2.127000000000000000e+03,9.965358784576853424e+00
2.128000000000000000e+03,9.900900210711609972e+00
2.129000000000000000e+03,9.655903967229480855e+00
2.130000000000000000e+03,9.857218729208096164e+00
2.131000000000000000e+03,9.762934237455676012e+00
2.132000000000000000e+03,9.832413070167467239e+00
2.133000000000000000e+03,9.753066456325310440e+00
2.134000000000000000e+03,1.002400817382466691e+01
2.135000000000000000e+03,9.947870285176177774e+00
2.136000000000000000e+03,9.939837980683110530e+00
2.137000000000000000e+03,9.748188535577533287e+00
2.138000000000000000e+03,9.760581244405429402e+00
2.139000000000000000e+03,1.010601480637390459e+01
2.140000000000000000e+03,1.010311207682221379e+01
2.141000000000000000e+03,9.888741163146594459e+00
2.142000000000000000e+03,1.007561852007279235e+01
2.143000000000000000e+03,1.031139180517893195e+01
2.144000000000000000e+03,1.012767000395117556e+01
2.145000000000000000e+03,1.009296671025972891e+01
2.146000000000000000e+03,9.946301088709564198e+00
2.147000000000000000e+03,1.042091069718800966e+01
2.148000000000000000e+03,1.049975270622457124e+01
2.149000000000000000e+03,1.056454699270971354e+01
2.150000000000000000e+03,1.028787226343161443e+01
2.151000000000000000e+03,1.034461406661834104e+01
2.152000000000000000e+03,1.040811414418929637e+01
2.153000000000000000e+03,1.045974634439544459e+01
2.154000000000000000e+03,1.021015493921484918e+01
2.155000000000000000e+03,1.018907523605850862e+01
2.156000000000000000e+03,1.046920149587918303e+01
2.157000000000000000e+03,1.039397402544730653e+01
2.158000000000000000e+03,1.031546655670076085e+01
2.159000000000000000e+03,1.023890680913694418e+01
2.160000000000000000e+03,1.032308865130197439e+01
2.161000000000000000e+03,1.049937115360535067e+01
2.162000000000000000e+03,1.047399389146748661e+01
2.163000000000000000e+03,1.028401314668488276e+01
2.164000000000000000e+03,1.034337940693064795e+01
2.165000000000000000e+03,1.042320836210967094e+01
2.166000000000000000e+03,1.064099263998561717e+01
2.167000000000000000e+03,1.030478972928935022e+01
2.168000000000000000e+03,1.024545314574940491e+01
2.169000000000000000e+03,1.037280225218541396e+01
2.170000000000000000e+03,1.048269843547686264e+01
2.171000000000000000e+03,1.034075821764161596e+01
2.172000000000000000e+03,1.017996200319604050e+01
2.173000000000000000e+03,1.030534256816893190e+01
2.174000000000000000e+03,1.015619285714791609e+01
2.175000000000000000e+03,1.006428847493373446e+01
2.176000000000000000e+03,9.868966809844945232e+00
2.177000000000000000e+03,9.902239324889951178e+00
2.178000000000000000e+03,1.009688736568178591e+01
2.179000000000000000e+03,9.937650149365866881e+00
2.180000000000000000e+03,1.001833336168574462e+01
2.181000000000000000e+03,9.976245879219080237e+00
2.182000000000000000e+03,1.001787562979560953e+01
2.183000000000000000e+03,1.009110835049765775e+01
2.184000000000000000e+03,1.004791382959956003e+01
2.185000000000000000e+03,9.899738133326730249e+00
2.186000000000000000e+03,1.007272897601746742e+01
2.187000000000000000e+03,1.005837917918852042e+01
2.188000000000000000e+03,1.018544245853215280e+01
2.189000000000000000e+03,1.000888400819607149e+01
2.190000000000000000e+03,9.939702935290695152e+00
2.191000000000000000e+03,1.002810279268193838e+01
2.192000000000000000e+03,1.015956110081513764e+01
2.193000000000000000e+03,1.006509640619280077e+01
2.194000000000000000e+03,9.747177965221608176e+00
2.195000000000000000e+03,1.005169605281916034e+01
2.196000000000000000e+03,1.019799181517603870e+01
2.197000000000000000e+03,9.992008613477135981e+00
2.198000000000000000e+03,9.912098919258337304e+00
2.199000000000000000e+03,1.026271649119122387e+01
2.200000000000000000e+03,1.027062231741020426e+01
2.201000000000000000e+03,1.014805436437642783e+01
2.202000000000000000e+03,1.004190473849176435e+01
2.203000000000000000e+03,9.896939180543474990e+00
2.204000000000000000e+03,1.029221437075870682e+01
2.205000000000000000e+03,1.026746322934825528e+01
2.206000000000000000e+03,1.005966556188150562e+01
2.207000000000000000e+03,1.010219145439345212e+01
2.208000000000000000e+03,1.028037714811478942e+01
2.209000000000000000e+03,1.025474207186344344e+01
2.210000000000000000e+03,1.026144457621061079e+01
2.211000000000000000e+03,1.007151648419369039e+01
2.212000000000000000e+03,1.017383543080375219e+01
2.213000000000000000e+03,1.009785404348176030e+01
2.214000000000000000e+03,1.028559853878123320e+01
2.215000000000000000e+03,1.026832705888229924e+01
2.216000000000000000e+03,9.937114602764749449e+00
2.217000000000000000e+03,1.040050460384870412e+01
2.218000000000000000e+03,1.005033374872953011e+01
2.219000000000000000e+03,1.018179782744751094e+01
2.220000000000000000e+03,1.002802277509094253e+01
2.221000000000000000e+03,9.913967927050972406e+00
2.222000000000000000e+03,1.028655412947220427e+01
2.223000000000000000e+03,1.023589995210614489e+01
2.224000000000000000e+03,1.010996546212350644e+01
2.225000000000000000e+03,1.014652556254089788e+01
2.226000000000000000e+03,1.016734814431888800e+01
2.227000000000000000e+03,1.026542882140595125e+01
2.228000000000000000e+03,1.006535571047595390e+01
2.229000000000000000e+03,1.011062829663656437e+01
2.230000000000000000e+03,1.015903375275755316e+01
2.231000000000000000e+03,1.057195549503042642e+01
2.232000000000000000e+03,9.950421235989908908e+00
2.233000000000000000e+03,9.907711668550540196e+00
2.234000000000000000e+03,9.907649762984235053e+00
2.235000000000000000e+03,1.004365369701450028e+01
2.236000000000000000e+03,9.940838368879393983e+00
2.237000000000000000e+03,9.882360016923540158e+00
2.238000000000000000e+03,9.854478739209962868e+00
2.239000000000000000e+03,1.008611071098931511e+01
2.240000000000000000e+03,9.941057251817623452e+00
2.241000000000000000e+03,9.810189784009084590e+00
2.242000000000000000e+03,9.960490176870990808e+00
2.243000000000000000e+03,1.024898169776343337e+01
2.244000000000000000e+03,1.006501292246908896e+01
2.245000000000000000e+03,9.859236316089122099e+00
2.246000000000000000e+03,9.755149582272226283e+00
2.247000000000000000e+03,9.797164598867984964e+00
2.248000000000000000e+03,9.864478491215539435e+00
2.249000000000000000e+03,9.915963325048920751e+00
2.250000000000000000e+03,9.966008499429751311e+00
2.251000000000000000e+03,9.982568530353203684e+00
2.252000000000000000e+03,1.002320216186776491e+01
2.253000000000000000e+03,1.005971912284233660e+01
2.254000000000000000e+03,9.991139379187874425e+00
2.255000000000000000e+03,9.942056311269208635e+00
2.256000000000000000e+03,1.013574766687434980e+01
2.257000000000000000e+03,1.007105091656768359e+01
2.258000000000000000e+03,1.005438525636877500e+01
2.259000000000000000e+03,9.814485570334875675e+00
2.260000000000000000e+03,9.906489676605028549e+00
2.261000000000000000e+03,1.018578662038637894e+01
2.262000000000000000e+03,1.019906291276835475e+01
2.263000000000000000e+03,9.867183033965341465e+00
2.264000000000000000e+03,1.010389735794681343e+01
2.265000000000000000e+03,1.021942450406852032e+01
2.266000000000000000e+03,1.028558853879514423e+01
2.267000000000000000e+03,1.010213387035733135e+01
2.268000000000000000e+03,9.931243162653228040e+00
2.269000000000000000e+03,1.014904847569586543e+01
2.270000000000000000e+03,1.022457876600861582e+01
2.271000000000000000e+03,1.008451308912133015e+01
2.272000000000000000e+03,9.998369426068087762e+00
2.273000000000000000e+03,1.003277549461001428e+01
2.274000000000000000e+03,1.013426953398426100e+01
2.275000000000000000e+03,1.013702544561442487e+01
2.276000000000000000e+03,1.002284427986042559e+01
2.277000000000000000e+03,1.003312177694570018e+01
2.278000000000000000e+03,1.027610300384948339e+01
2.279000000000000000e+03,9.970912027647049314e+00
2.280000000000000000e+03,9.827429962033448874e+00
2.281000000000000000e+03,9.683070186211374164e+00
2.282000000000000000e+03,9.861373028160054233e+00
2.283000000000000000e+03,9.973619840022205807e+00
2.284000000000000000e+03,9.656653110089509440e+00
2.285000000000000000e+03,9.650573407156141315e+00
2.286000000000000000e+03,9.704958693413288984e+00
2.287000000000000000e+03,9.833254524052641443e+00
2.288000000000000000e+03,9.721538947225953464e+00
2.289000000000000000e+03,9.636658313667753717e+00
2.290000000000000000e+03,9.645659035797180536e+00
2.291000000000000000e+03,9.635652808854104023e+00
2.292000000000000000e+03,9.797425125390667233e+00
2.293000000000000000e+03,9.790947186008430947e+00
2.294000000000000000e+03,9.725959814539134385e+00
2.295000000000000000e+03,9.914124613168706190e+00
2.296000000000000000e+03,1.005244760639750723e+01
2.297000000000000000e+03,9.762043616311270711e+00
2.298000000000000000e+03,9.867409244273535052e+00
2.299000000000000000e+03,9.806495341577978309e+00
2.300000000000000000e+03,9.878941979183139210e+00
2.301000000000000000e+03,9.993744470949113889e+00
2.302000000000000000e+03,9.917966156919639786e+00
2.303000000000000000e+03,9.734217658245533755e+00
2.304000000000000000e+03,9.889120284280085826e+00
2.305000000000000000e+03,9.921118830983616022e+00
2.306000000000000000e+03,9.807949672691229637e+00
2.307000000000000000e+03,9.710124047940581704e+00
2.308000000000000000e+03,9.749862438305200385e+00
2.309000000000000000e+03,1.007409429347008256e+01
2.310000000000000000e+03,9.811273012573646923e+00
2.311000000000000000e+03,9.895578459278681294e+00
2.312000000000000000e+03,9.845393350797028376e+00
2.313000000000000000e+03,1.023707236190214331e+01
2.314000000000000000e+03,1.002226363007449805e+01
2.315000000000000000e+03,9.852794147605180797e+00
2.316000000000000000e+03,9.819993966916278794e+00
2.317000000000000000e+03,9.846294965826722034e+00
2.318000000000000000e+03,9.727052851200202355e+00
2.319000000000000000e+03,9.809118397759906571e+00
2.320000000000000000e+03,9.861554815247778549e+00
2.321000000000000000e+03,9.952176158736307343e+00
2.322000000000000000e+03,9.918992737309780594e+00
2.323000000000000000e+03,9.535079636544738335e+00
2.324000000000000000e+03,9.420356957397162390e+00
2.325000000000000000e+03,9.264748168728427657e+00
2.326000000000000000e+03,9.547150825604358459e+00
2.327000000000000000e+03,9.489884937559947886e+00
2.328000000000000000e+03,9.383502099734467805e+00
2.329000000000000000e+03,9.318604182012295567e+00
2.330000000000000000e+03,9.721057630148354889e+00
2.331000000000000000e+03,9.494686641504026525e+00
2.332000000000000000e+03,9.519700579119287909e+00
2.333000000000000000e+03,9.400572483868185003e+00
2.334000000000000000e+03,9.422755477498382604e+00
2.335000000000000000e+03,9.491505948325556830e+00
2.336000000000000000e+03,9.472957914723368233e+00
2.337000000000000000e+03,9.412626952931594460e+00
2.338000000000000000e+03,9.394447596820926449e+00
2.339000000000000000e+03,9.557779138881096870e+00
2.340000000000000000e+03,9.511173934680025255e+00
2.341000000000000000e+03,9.358237461482985964e+00
2.342000000000000000e+03,9.330395806112885992e+00
2.343000000000000000e+03,9.409706300897713760e+00
2.344000000000000000e+03,9.446535255632406702e+00
2.345000000000000000e+03,9.444353685855114477e+00
2.346000000000000000e+03,9.206741237126362165e+00
2.347000000000000000e+03,9.469313511701512809e+00
2.348000000000000000e+03,9.457420158477008343e+00
2.349000000000000000e+03,9.477810142362049106e+00
2.350000000000000000e+03,9.284928923416815749e+00
2.351000000000000000e+03,9.268510964278689812e+00
2.352000000000000000e+03,9.698794736436347819e+00
2.353000000000000000e+03,9.600168163841276581e+00
2.354000000000000000e+03,9.600373703926916136e+00
2.355000000000000000e+03,9.586826992149800830e+00
2.356000000000000000e+03,9.566704239496774065e+00
2.357000000000000000e+03,9.814125460981106386e+00
2.358000000000000000e+03,9.652385741046051848e+00
2.359000000000000000e+03,9.620064546666027283e+00
2.360000000000000000e+03,9.594069113164009011e+00
2.361000000000000000e+03,9.725206377074650632e+00
2.362000000000000000e+03,9.641692305056537293e+00
2.363000000000000000e+03,9.619223280403124576e+00
2.364000000000000000e+03,9.631594301725089124e+00
2.365000000000000000e+03,9.856691717278051712e+00
2.366000000000000000e+03,9.625841051629668854e+00
2.367000000000000000e+03,9.649958982681932085e+00
2.368000000000000000e+03,9.573986472607671772e+00
2.369000000000000000e+03,9.667681646365554826e+00
2.370000000000000000e+03,9.756804365119640110e+00
2.371000000000000000e+03,9.596784680206235763e+00
2.372000000000000000e+03,9.550547421195739517e+00
2.373000000000000000e+03,9.563886376369358899e+00
2.374000000000000000e+03,9.656031770431555472e+00
2.375000000000000000e+03,9.796973326459141873e+00
2.376000000000000000e+03,9.497157082932853100e+00
2.377000000000000000e+03,9.364681419566009524e+00
2.378000000000000000e+03,9.465123084057218250e+00
2.379000000000000000e+03,9.444863103136707849e+00
2.380000000000000000e+03,9.371332020930466911e+00
2.381000000000000000e+03,9.318387242672578452e+00
2.382000000000000000e+03,9.366038158387683055e+00
2.383000000000000000e+03,9.456435671209131755e+00
2.384000000000000000e+03,9.627739061769545970e+00
2.385000000000000000e+03,9.366200857412822600e+00
2.386000000000000000e+03,9.248674083996903050e+00
2.387000000000000000e+03,9.572771030432139838e+00
2.388000000000000000e+03,9.566988356016331352e+00
2.389000000000000000e+03,9.457108718032877448e+00
2.390000000000000000e+03,9.430515508963388527e+00
2.391000000000000000e+03,9.520088102143017039e+00
2.392000000000000000e+03,9.655811573374183610e+00
2.393000000000000000e+03,9.445929000137965659e+00
2.394000000000000000e+03,9.565921867668144785e+00
2.395000000000000000e+03,9.558754932424868400e+00
2.396000000000000000e+03,9.721672847701562148e+00
2.397000000000000000e+03,9.590047195414243220e+00
2.398000000000000000e+03,9.440336711529109692e+00
2.399000000000000000e+03,9.593484106357585972e+00
2.400000000000000000e+03,9.674159763687303126e+00
2.401000000000000000e+03,9.538941091037752784e+00
2.402000000000000000e+03,9.478372387032756308e+00
2.403000000000000000e+03,9.395194034240386571e+00
2.404000000000000000e+03,9.506733143740717651e+00
2.405000000000000000e+03,9.628244361541327123e+00
2.406000000000000000e+03,9.675383222101540781e+00
2.407000000000000000e+03,9.439165459308686223e+00
2.408000000000000000e+03,9.808810205398028614e+00
2.409000000000000000e+03,9.951114573609860514e+00
2.410000000000000000e+03,9.811492298064703022e+00
2.411000000000000000e+03,9.711483101212376567e+00
2.412000000000000000e+03,9.753348633396964118e+00
2.413000000000000000e+03,9.846713010848962000e+00
2.414000000000000000e+03,9.914785520977609679e+00
2.415000000000000000e+03,9.568547494492339212e+00
2.416000000000000000e+03,9.700567942669081845e+00
2.417000000000000000e+03,9.714748099739988874e+00
2.418000000000000000e+03,9.790192091156830756e+00
2.419000000000000000e+03,9.763674792990105544e+00
2.420000000000000000e+03,9.514497269013928005e+00
2.421000000000000000e+03,9.642887056481985297e+00
2.422000000000000000e+03,9.775028275855238036e+00
2.423000000000000000e+03,9.585982194599925066e+00
2.424000000000000000e+03,9.335778255640178713e+00
2.425000000000000000e+03,9.452617298861106576e+00
2.426000000000000000e+03,9.635142753797593329e+00
2.427000000000000000e+03,9.660997469975560747e+00
2.428000000000000000e+03,9.518542787385632309e+00
2.429000000000000000e+03,9.455409664077334853e+00
2.430000000000000000e+03,9.595574163426729086e+00
2.431000000000000000e+03,9.712105889180529417e+00
2.432000000000000000e+03,9.480527197707594667e+00
2.433000000000000000e+03,9.561743354011184692e+00
2.434000000000000000e+03,9.485840405244701401e+00
2.435000000000000000e+03,9.576195863114568496e+00
2.436000000000000000e+03,9.611104537909954004e+00
2.437000000000000000e+03,9.571252961746985477e+00
2.438000000000000000e+03,9.653746821602746664e+00
2.439000000000000000e+03,9.632383419355010190e+00
2.440000000000000000e+03,9.520462068076421147e+00
2.441000000000000000e+03,9.444006225595339643e+00
2.442000000000000000e+03,9.375955122085070315e+00
2.443000000000000000e+03,9.456073432136703261e+00
2.444000000000000000e+03,9.536581258971230213e+00
2.445000000000000000e+03,9.437479884292480747e+00
2.446000000000000000e+03,9.409701254126906278e+00
2.447000000000000000e+03,9.420300049726344938e+00
2.448000000000000000e+03,9.650453204713189237e+00
2.449000000000000000e+03,9.475982476838607838e+00
2.450000000000000000e+03,9.347455786391392962e+00
2.451000000000000000e+03,9.389430442342428407e+00
2.452000000000000000e+03,9.369397311418330432e+00
2.453000000000000000e+03,9.532855329619044582e+00
2.454000000000000000e+03,9.402952640007969265e+00
2.455000000000000000e+03,9.311117712306550942e+00
2.456000000000000000e+03,9.407888560930860677e+00
2.457000000000000000e+03,9.542071177671701321e+00
2.458000000000000000e+03,9.461597191753075009e+00
2.459000000000000000e+03,9.429316007534733757e+00
2.460000000000000000e+03,9.453395726641350194e+00
2.461000000000000000e+03,9.558621550968785741e+00
2.462000000000000000e+03,9.523682802107687806e+00
2.463000000000000000e+03,9.377386715811402595e+00
2.464000000000000000e+03,9.447494837370660647e+00
2.465000000000000000e+03,9.456817023901727737e+00
2.466000000000000000e+03,9.653329901733936680e+00
2.467000000000000000e+03,9.759744076770889620e+00
2.468000000000000000e+03,9.633319175622268915e+00
2.469000000000000000e+03,9.694290737357652787e+00
2.470000000000000000e+03,9.744381746276506107e+00
2.471000000000000000e+03,9.636163960149300323e+00
2.472000000000000000e+03,9.473561275356638944e+00
2.473000000000000000e+03,9.535095073405365440e+00
2.474000000000000000e+03,9.702361990164048322e+00
2.475000000000000000e+03,9.529362166118652056e+00
2.476000000000000000e+03,9.499935216327369147e+00
2.477000000000000000e+03,9.455753551411460123e+00
2.478000000000000000e+03,9.593665661976563896e+00
2.479000000000000000e+03,9.601932668976703056e+00
2.480000000000000000e+03,9.470257726232741646e+00
2.481000000000000000e+03,9.443103619562986495e+00
2.482000000000000000e+03,9.592199510759998660e+00
2.483000000000000000e+03,9.670171330510967778e+00
2.484000000000000000e+03,9.579021480445097936e+00
2.485000000000000000e+03,9.496042362370850753e+00
2.486000000000000000e+03,9.492819116252885436e+00
2.487000000000000000e+03,9.713396190742061620e+00
2.488000000000000000e+03,9.669032906192732924e+00
2.489000000000000000e+03,9.405441319569387559e+00
2.490000000000000000e+03,9.497674468923467117e+00
2.491000000000000000e+03,9.614825051114719301e+00
2.492000000000000000e+03,9.631763216193922617e+00
2.493000000000000000e+03,9.544317653214582364e+00
2.494000000000000000e+03,9.500132641110409892e+00
2.495000000000000000e+03,9.241915490626798402e+00
2.496000000000000000e+03,9.349827220892459323e+00
2.497000000000000000e+03,9.166203325599413532e+00
2.498000000000000000e+03,9.093453739937967129e+00
2.499000000000000000e+03,9.085503168982189237e+00
2.500000000000000000e+03,9.200730512948782192e+00
2.501000000000000000e+03,9.193005043956192779e+00
2.502000000000000000e+03,9.199392150258375978e+00
2.503000000000000000e+03,9.469735463214608018e+00
2.504000000000000000e+03,9.381477457849955570e+00
2.505000000000000000e+03,9.675925400242691765e+00
2.506000000000000000e+03,9.480205973018493992e+00
2.507000000000000000e+03,9.312170989472939198e+00
2.508000000000000000e+03,9.343836700110896842e+00
2.509000000000000000e+03,9.542540440485050013e+00
2.510000000000000000e+03,9.413040896509208721e+00
2.511000000000000000e+03,9.217817533930510621e+00
2.512000000000000000e+03,9.075691434122745704e+00
2.513000000000000000e+03,9.492769387331023268e+00
2.514000000000000000e+03,9.580525948887437693e+00
2.515000000000000000e+03,9.649953137217922361e+00
2.516000000000000000e+03,9.371557204277515041e+00
2.517000000000000000e+03,9.533128016722111298e+00
2.518000000000000000e+03,9.570401010888806681e+00
2.519000000000000000e+03,9.495338112780880024e+00
2.520000000000000000e+03,9.393973163009558647e+00
2.521000000000000000e+03,9.311423226071662285e+00
2.522000000000000000e+03,9.530303148892492970e+00
2.523000000000000000e+03,9.451296971102090438e+00
2.524000000000000000e+03,9.462428340200110810e+00
2.525000000000000000e+03,9.564291542301683435e+00
2.526000000000000000e+03,9.585730933187306846e+00
2.527000000000000000e+03,9.613195578188342694e+00
2.528000000000000000e+03,9.442680719313170101e+00
2.529000000000000000e+03,9.227972647987872534e+00
2.530000000000000000e+03,9.594583253092141106e+00
2.531000000000000000e+03,9.589533860104754837e+00
2.532000000000000000e+03,9.668590924731944369e+00
2.533000000000000000e+03,9.157850721181327813e+00
2.534000000000000000e+03,9.240284097838619815e+00
2.535000000000000000e+03,9.353119772640200225e+00
2.536000000000000000e+03,9.372443931108897175e+00
2.537000000000000000e+03,9.183082528799818789e+00
2.538000000000000000e+03,9.236060976284930391e+00
2.539000000000000000e+03,9.336303506921046491e+00
2.540000000000000000e+03,9.433289572320958882e+00
2.541000000000000000e+03,9.219517030155630621e+00
2.542000000000000000e+03,9.212927621894650088e+00
2.543000000000000000e+03,9.332888984412061717e+00
2.544000000000000000e+03,9.644135008717832136e+00
2.545000000000000000e+03,9.306378633309932980e+00
2.546000000000000000e+03,9.232149791210456868e+00
2.547000000000000000e+03,9.255409597798356813e+00
2.548000000000000000e+03,9.348911807361055537e+00
2.549000000000000000e+03,9.266607795790793745e+00
2.550000000000000000e+03,9.143537746572762970e+00
2.551000000000000000e+03,8.946453447307366247e+00
2.552000000000000000e+03,9.410731862376316315e+00
2.553000000000000000e+03,9.226435361690516146e+00
2.554000000000000000e+03,9.264808920115898516e+00
2.555000000000000000e+03,9.253681824737112649e+00
2.556000000000000000e+03,9.347719350295815133e+00
2.557000000000000000e+03,9.562916476970581670e+00
2.558000000000000000e+03,9.351494573232052687e+00
2.559000000000000000e+03,9.358673492198835930e+00
2.560000000000000000e+03,9.429960752728822726e+00
2.561000000000000000e+03,9.480407424261199978e+00
2.562000000000000000e+03,9.441000832475088700e+00
2.563000000000000000e+03,9.333937513297208000e+00
2.564000000000000000e+03,9.334937903363554668e+00
2.565000000000000000e+03,9.355464480484664946e+00
2.566000000000000000e+03,9.595824823142098836e+00
2.567000000000000000e+03,9.311516104546436523e+00
2.568000000000000000e+03,9.319261518317084381e+00
2.569000000000000000e+03,9.332991001451581781e+00
2.570000000000000000e+03,9.446719197320950556e+00
2.571000000000000000e+03,9.379346936147415548e+00
2.572000000000000000e+03,9.288162547408507663e+00
2.573000000000000000e+03,9.325526629352836494e+00
2.574000000000000000e+03,9.465565440602240699e+00
2.575000000000000000e+03,9.452120245808689702e+00
2.576000000000000000e+03,9.367820546408344384e+00
2.577000000000000000e+03,9.363993126576501069e+00
2.578000000000000000e+03,9.440817967688138523e+00
2.579000000000000000e+03,9.467685689050371778e+00
2.580000000000000000e+03,9.279222857371047795e+00
2.581000000000000000e+03,9.368592428805783356e+00
2.582000000000000000e+03,9.396967666234045780e+00
2.583000000000000000e+03,9.459775998356494853e+00
2.584000000000000000e+03,9.498477560189193980e+00
2.585000000000000000e+03,9.306065912672481844e+00
2.586000000000000000e+03,9.296877505432483701e+00
2.587000000000000000e+03,9.397463156766521664e+00
2.588000000000000000e+03,9.474735486664989992e+00
2.589000000000000000e+03,9.398199093223404077e+00
2.590000000000000000e+03,9.172386997681114096e+00
2.591000000000000000e+03,9.377259145988503519e+00
2.592000000000000000e+03,9.509064961057754672e+00
2.593000000000000000e+03,9.381591797585205228e+00
2.594000000000000000e+03,9.229567960213763911e+00
2.595000000000000000e+03,9.395267457621553575e+00
2.596000000000000000e+03,9.372249624500069487e+00
2.597000000000000000e+03,9.573694605915797240e+00
2.598000000000000000e+03,9.212333131802521891e+00
2.599000000000000000e+03,9.353739795496093024e+00
2.600000000000000000e+03,9.477372402846780730e+00
2.601000000000000000e+03,9.425278433420887225e+00
2.602000000000000000e+03,9.288959883705322440e+00
2.603000000000000000e+03,9.310559255801541312e+00
2.604000000000000000e+03,9.415080258964270143e+00
2.605000000000000000e+03,9.429117804994142205e+00
2.606000000000000000e+03,9.342268876514777887e+00
2.607000000000000000e+03,9.291199165578937880e+00
2.608000000000000000e+03,9.425952055691489306e+00
2.609000000000000000e+03,9.507898066295060957e+00
2.610000000000000000e+03,9.282735382813276814e+00
2.611000000000000000e+03,9.283657045932248053e+00
2.612000000000000000e+03,9.492942763608899881e+00
2.613000000000000000e+03,9.484804520784694049e+00
2.614000000000000000e+03,9.546150913042042774e+00
2.615000000000000000e+03,9.373861001002826043e+00
2.616000000000000000e+03,9.267113981683683832e+00
2.617000000000000000e+03,9.356729807279359434e+00
2.618000000000000000e+03,9.323766897192767189e+00
2.619000000000000000e+03,9.447911347052357911e+00
2.620000000000000000e+03,9.427204709808330918e+00
2.621000000000000000e+03,9.669731751144617249e+00
2.622000000000000000e+03,9.491344540771802230e+00
2.623000000000000000e+03,9.353635924517121225e+00
2.624000000000000000e+03,9.284540895146889738e+00
2.625000000000000000e+03,9.339144687410977141e+00
2.626000000000000000e+03,9.391328839279413643e+00
2.627000000000000000e+03,9.453242408426509868e+00
2.628000000000000000e+03,9.568008116805756913e+00
2.629000000000000000e+03,9.319152605654227983e+00
2.630000000000000000e+03,9.407184939537220458e+00
2.631000000000000000e+03,9.525133154694202631e+00
2.632000000000000000e+03,9.420672172896242813e+00
2.633000000000000000e+03,9.227617608919617354e+00
2.634000000000000000e+03,9.261477330522863483e+00
2.635000000000000000e+03,9.369229123505698809e+00
2.636000000000000000e+03,9.531002576575282603e+00
2.637000000000000000e+03,9.409095006346879231e+00
2.638000000000000000e+03,9.552373723787269455e+00
2.639000000000000000e+03,9.640274850927866623e+00
2.640000000000000000e+03,9.702291961160545597e+00
2.641000000000000000e+03,9.471538309494968999e+00
2.642000000000000000e+03,9.460491403276069633e+00
2.643000000000000000e+03,9.603737692655469615e+00
2.644000000000000000e+03,9.684729713398652962e+00
2.645000000000000000e+03,9.480526745527443566e+00
2.646000000000000000e+03,9.335644914408240069e+00
2.647000000000000000e+03,9.508405643487627401e+00
2.648000000000000000e+03,9.506638429509449040e+00
2.649000000000000000e+03,9.491901852765842307e+00
2.650000000000000000e+03,9.364565587950272274e+00
2.651000000000000000e+03,9.663935646293541737e+00
2.652000000000000000e+03,9.586656146296737901e+00
2.653000000000000000e+03,9.635056799914032410e+00
2.654000000000000000e+03,9.292612836941698262e+00
2.655000000000000000e+03,9.448187713836864177e+00
2.656000000000000000e+03,9.572182641043902152e+00
2.657000000000000000e+03,9.607103537522785786e+00
2.658000000000000000e+03,9.440171207099144368e+00
2.659000000000000000e+03,9.398540198357665076e+00
2.660000000000000000e+03,9.519339850325708952e+00
2.661000000000000000e+03,9.492551119946851301e+00
2.662000000000000000e+03,9.568915957037935627e+00
2.663000000000000000e+03,9.462803260840390251e+00
2.664000000000000000e+03,9.470193725638816673e+00
2.665000000000000000e+03,9.405714106634006200e+00
2.666000000000000000e+03,9.472295344216426827e+00
2.667000000000000000e+03,9.356510314545477769e+00
2.668000000000000000e+03,9.330240096573000130e+00
2.669000000000000000e+03,9.342351353617782905e+00
2.670000000000000000e+03,9.431102278931149385e+00
2.671000000000000000e+03,9.437324617247144332e+00
2.672000000000000000e+03,9.213219539842230077e+00
2.673000000000000000e+03,9.369391092488600137e+00
2.674000000000000000e+03,9.408797549560331319e+00
2.675000000000000000e+03,9.392118126204183071e+00
2.676000000000000000e+03,9.275787114914830767e+00
2.677000000000000000e+03,9.280559970535295022e+00
2.678000000000000000e+03,9.359218652130989469e+00
2.679000000000000000e+03,9.433790330483288855e+00
2.680000000000000000e+03,9.122177323407768768e+00
2.681000000000000000e+03,9.261531771716084549e+00
2.682000000000000000e+03,9.343557395897482465e+00
2.683000000000000000e+03,9.472209378557650439e+00
2.684000000000000000e+03,9.252460997474164728e+00
2.685000000000000000e+03,9.283737982596226956e+00
2.686000000000000000e+03,9.382207487571760041e+00
2.687000000000000000e+03,9.381095960612963580e+00
2.688000000000000000e+03,9.441315357201053970e+00
2.689000000000000000e+03,9.221411038725495501e+00
2.690000000000000000e+03,9.431565175084713815e+00
2.691000000000000000e+03,9.498735607034392459e+00
2.692000000000000000e+03,9.495058700553462572e+00
2.693000000000000000e+03,9.441782962700191462e+00
2.694000000000000000e+03,9.220285754081668728e+00
2.695000000000000000e+03,9.296533672835538553e+00
2.696000000000000000e+03,9.529615527827626664e+00
2.697000000000000000e+03,9.491137336067607677e+00
2.698000000000000000e+03,9.375496492648469626e+00
2.699000000000000000e+03,9.398471045482040154e+00
2.700000000000000000e+03,9.380248666281756798e+00
2.701000000000000000e+03,9.370711755997554349e+00
2.702000000000000000e+03,9.276090820319724983e+00
2.703000000000000000e+03,9.192680028432686612e+00
2.704000000000000000e+03,9.376830206686058489e+00
2.705000000000000000e+03,9.366494333815932549e+00
2.706000000000000000e+03,9.245802125909854396e+00
2.707000000000000000e+03,9.146892048478967752e+00
2.708000000000000000e+03,9.404540417048986356e+00
2.709000000000000000e+03,9.361386284765147892e+00
2.710000000000000000e+03,9.307053951150317417e+00
2.711000000000000000e+03,9.227186853957968893e+00
2.712000000000000000e+03,9.272521616254369548e+00
2.713000000000000000e+03,9.372791738208372081e+00
2.714000000000000000e+03,9.412489137345316337e+00
2.715000000000000000e+03,9.218472229994226552e+00
2.716000000000000000e+03,9.219566038796660479e+00
2.717000000000000000e+03,9.149708022402073482e+00
2.718000000000000000e+03,9.525069441587357133e+00
2.719000000000000000e+03,9.040675874385899036e+00
2.720000000000000000e+03,8.960286086852924825e+00
2.721000000000000000e+03,9.066809402877410662e+00
2.722000000000000000e+03,9.145385702673015871e+00
2.723000000000000000e+03,9.192486904090612754e+00
2.724000000000000000e+03,8.961556491200234120e+00
2.725000000000000000e+03,8.922574337385281495e+00
2.726000000000000000e+03,9.181032980534359567e+00
2.727000000000000000e+03,9.205505460014441255e+00
2.728000000000000000e+03,9.129209390362237997e+00
2.729000000000000000e+03,9.207357685370569200e+00
2.730000000000000000e+03,9.362760945961069226e+00
2.731000000000000000e+03,9.450625983364101756e+00
2.732000000000000000e+03,9.260699709076943620e+00
2.733000000000000000e+03,9.264636820490965263e+00
2.734000000000000000e+03,9.315758922902345418e+00
2.735000000000000000e+03,9.448937513047196646e+00
2.736000000000000000e+03,9.433173661751753869e+00
2.737000000000000000e+03,9.419142100062964928e+00
2.738000000000000000e+03,9.214841910503487554e+00
2.739000000000000000e+03,9.304158312553109766e+00
2.740000000000000000e+03,9.389589067095096553e+00
2.741000000000000000e+03,9.151980426559147119e+00
2.742000000000000000e+03,9.287317878039582197e+00
2.743000000000000000e+03,9.256000076203211080e+00
2.744000000000000000e+03,9.392852503802716413e+00
2.745000000000000000e+03,9.110548185737263438e+00
2.746000000000000000e+03,9.259162263310951602e+00
2.747000000000000000e+03,9.477772947549023996e+00
2.748000000000000000e+03,9.592273658594208996e+00
2.749000000000000000e+03,9.631007146739241520e+00
2.750000000000000000e+03,9.437815021342647270e+00
2.751000000000000000e+03,9.501199029806860707e+00
2.752000000000000000e+03,9.515033177184653468e+00
2.753000000000000000e+03,9.576300589277343178e+00
2.754000000000000000e+03,9.461354902131263955e+00
2.755000000000000000e+03,9.399700682824002840e+00
2.756000000000000000e+03,9.472064638869781561e+00
2.757000000000000000e+03,9.507606599880435994e+00
2.758000000000000000e+03,9.412237400019403566e+00
2.759000000000000000e+03,9.273773656769909834e+00
2.760000000000000000e+03,9.361662598583688322e+00
2.761000000000000000e+03,9.556861910647500125e+00
2.762000000000000000e+03,9.359653132664313091e+00
2.763000000000000000e+03,9.513400324813201081e+00
2.764000000000000000e+03,9.553046094095719809e+00
2.765000000000000000e+03,9.511216015457385708e+00
2.766000000000000000e+03,9.706317693062196383e+00
2.767000000000000000e+03,9.484722378072643068e+00
2.768000000000000000e+03,9.477509649841255879e+00
2.769000000000000000e+03,9.628752471847143113e+00
2.770000000000000000e+03,9.637002942958588392e+00
2.771000000000000000e+03,9.821979300593779882e+00
2.772000000000000000e+03,9.726165757999558181e+00
2.773000000000000000e+03,9.716660437561442265e+00
2.774000000000000000e+03,9.839403287820010391e+00
2.775000000000000000e+03,9.824767900720642544e+00
2.776000000000000000e+03,9.728259732390421632e+00
2.777000000000000000e+03,9.767912558630561293e+00
2.778000000000000000e+03,9.820192765938879020e+00
2.779000000000000000e+03,9.708790618182016274e+00
2.780000000000000000e+03,9.651228852868028341e+00
2.781000000000000000e+03,9.597607210883948525e+00
2.782000000000000000e+03,9.643191589531239671e+00
2.783000000000000000e+03,9.889745347103092499e+00
2.784000000000000000e+03,9.812267978465717633e+00
2.785000000000000000e+03,9.568067350729156928e+00
2.786000000000000000e+03,9.756815449172327348e+00
2.787000000000000000e+03,9.751386878346876230e+00
2.788000000000000000e+03,9.806028792081098899e+00
2.789000000000000000e+03,9.765623627252734806e+00
2.790000000000000000e+03,9.665422554297437685e+00
2.791000000000000000e+03,9.768405389394166249e+00
2.792000000000000000e+03,9.934403327081321677e+00
2.793000000000000000e+03,9.559990469822690073e+00
2.794000000000000000e+03,9.520250388662070407e+00
2.795000000000000000e+03,9.503278221297067674e+00
2.796000000000000000e+03,9.730609738592166380e+00
2.797000000000000000e+03,9.572445219197291522e+00
2.798000000000000000e+03,9.370151825590662398e+00
2.799000000000000000e+03,9.725276265614871463e+00
2.800000000000000000e+03,9.771598195524958896e+00
2.801000000000000000e+03,9.383411420768993594e+00
2.802000000000000000e+03,9.243447051373022916e+00
2.803000000000000000e+03,9.255167447036747319e+00
2.804000000000000000e+03,9.291813447151847427e+00
2.805000000000000000e+03,9.423291363408708321e+00
2.806000000000000000e+03,9.311552925071545417e+00
2.807000000000000000e+03,9.265532208753581855e+00
2.808000000000000000e+03,9.359756541415789499e+00
2.809000000000000000e+03,9.467675214176196619e+00
2.810000000000000000e+03,9.348103234527158634e+00
2.811000000000000000e+03,9.323902455686098989e+00
2.812000000000000000e+03,9.239745381791246714e+00
2.813000000000000000e+03,9.485626959746593201e+00
2.814000000000000000e+03,9.453813365810214364e+00
2.815000000000000000e+03,9.379371983194557671e+00
2.816000000000000000e+03,9.388081605426386034e+00
2.817000000000000000e+03,9.437122846740056303e+00
2.818000000000000000e+03,9.512338386571395077e+00
2.819000000000000000e+03,9.358327505940479796e+00
