1.786543505421582086e+04
1.786504924191965983e+04
1.786500746858614366e+04
1.786622134940215619e+04
1.786520311442216189e+04
1.786642617353559035e+04
1.786851991535047637e+04
1.787101506194948524e+04
1.786606726876355606e+04
1.786511099876521985e+04
1.786858940130507472e+04
1.787118728610339531e+04
1.787446779555774992e+04
1.787882150075244499e+04
1.786898162813220915e+04
1.786611203183648831e+04
1.786514585171109866e+04
1.787443849732869057e+04
1.787872083327600558e+04
1.788372134166146861e+04
1.788962782941057230e+04
1.786614091802439725e+04
1.786515813919194625e+04
1.787382507471483041e+04
1.786907004220818999e+04
1.787966638713796783e+04
1.788403074660224229e+04
1.788950763612016090e+04
1.789609931360278642e+04
1.790347656481335071e+04
1.786615531578857554e+04
1.786515802910599086e+04
1.786615794900393303e+04
1.786516032553660625e+04
1.786913153927723033e+04
1.788065264514243245e+04
1.787397670565068620e+04
1.788989886095275142e+04
1.789614102137586815e+04
1.790341873325915731e+04
1.791152465057970039e+04
1.792040407229541233e+04
1.786915152299619149e+04
1.786616277078782878e+04
1.786516078901234505e+04
1.786916090808757144e+04
1.787409080508488478e+04
1.788891005672888059e+04
1.788089826110506328e+04
1.789922435587458313e+04
1.789709332009143691e+04
1.790384507399310314e+04
1.791155485152934489e+04
1.792037801838982341e+04
1.793001309866322845e+04
1.794041785633244945e+04
1.786616662781641207e+04
1.786516239133011550e+04
1.786616848879065583e+04
1.786516281926145530e+04
1.787414469141743757e+04
1.786917318262480330e+04
1.787417335339255806e+04
1.788116391294168352e+04
1.789090104116849034e+04
1.790081713717148887e+04
1.790771468421662212e+04
1.791318472789473526e+04
1.792051453680013947e+04
1.793004124402904199e+04
1.794040736844071580e+04
1.795157813445780994e+04
1.796351906174798205e+04
1.786616914202035332e+04
1.786516276199503409e+04
1.786616921884609110e+04
1.786516267229842924e+04
1.786918260034365812e+04
1.786918696148548042e+04
1.788115251002100194e+04
1.787419820073589653e+04
1.788119977197510889e+04
1.788997356387025138e+04
1.790071384073943773e+04
1.791172520009191430e+04
1.792133763846373768e+04
1.793041292814141343e+04
1.794045340325317738e+04
1.795156355714781967e+04
1.796351091292835918e+04
1.797622819332262952e+04
1.798971044337205603e+04
1.786616919067261551e+04
1.786516262716611163e+04
1.786616915161305951e+04
1.786516260874723230e+04
1.786918853961110653e+04
1.786918877650484865e+04
1.787421252478046881e+04
1.787421975088500403e+04
1.789009885177237811e+04
1.788124239764057711e+04
1.789025970542336654e+04
1.790131565606265576e+04
1.791614355476131095e+04
1.792911705338931642e+04
1.792778034499815840e+04
1.793988330972220865e+04
1.795138647339397357e+04
1.796339938408010858e+04
1.797617687450042285e+04
1.798970548973414407e+04
1.800396580728542176e+04
1.801899522818397600e+04
1.786616912685960051e+04
1.786516260080065331e+04
1.786616911385686035e+04
1.786516259630197237e+04
1.786918882010975722e+04
1.786918878476143072e+04
1.787422190510060682e+04
1.787422180229413425e+04
1.788124990682267889e+04
1.788126720365726578e+04
1.790128211282267148e+04
1.789026517788623460e+04
1.790122638719892348e+04
1.791465522742261601e+04
1.792956120080679466e+04
1.794150239093830169e+04
1.795035426446664860e+04
1.796273433484087582e+04
1.797586302783548308e+04
1.798954549777346256e+04
1.800391922770967358e+04
1.801898918152605620e+04
1.803479868836596870e+04
1.805137723765913324e+04
1.786616910680805449e+04
1.786516259279299629e+04
1.786616910238817218e+04
1.786516258973625736e+04
1.786918875430652042e+04
1.786918873689430620e+04
1.787422180146399114e+04
1.787422177328185717e+04
1.788126855181891369e+04
1.788126859436826999e+04
1.789030345097768077e+04
1.789032984268578002e+04
1.791410342339511772e+04
1.790128568905929569e+04
1.791416916322860925e+04
1.792845999602241500e+04
1.794277729856795486e+04
1.795202401649734020e+04
1.796339558356252746e+04
1.797518607149244417e+04
1.798911687878922021e+04
1.800364452829373840e+04
1.801886598739178589e+04
1.803476999982941561e+04
1.805137692599039292e+04
1.806873103993784389e+04
1.808686090192849588e+04
1.786616909909829337e+04
1.786516258719998223e+04
1.786616909676861906e+04
1.786516258443461265e+04
1.786918872779622689e+04
1.786918872241127247e+04
1.787422174844680558e+04
1.787422173334952458e+04
1.788126859021110067e+04
1.788126857500043843e+04
1.789032981518519227e+04
1.789032987418726771e+04
1.790139033812557318e+04
1.790140574754066984e+04
1.792871306825463762e+04
1.791430333249344767e+04
1.792910000897010104e+04
1.786616910944332267e+04
1.786516260336439518e+04
1.786616914504897068e+04
1.786516263475604865e+04
1.794518473915284630e+04
1.796421225284810498e+04
1.797639580897988344e+04
1.798933198085089316e+04
1.800341898283541741e+04
1.801858168601408033e+04
1.803457548864113414e+04
1.805130347679933402e+04
1.806872256149346140e+04
1.808686090801282626e+04
1.810576742724558426e+04
1.812545108787448407e+04
1.786918871817366380e+04
1.786918872366669166e+04
1.787422172565724031e+04
1.787422171948569667e+04
1.788126855975741273e+04
1.788126855099015302e+04
1.789032985924979585e+04
1.789032983659382808e+04
1.790140641855633658e+04
1.790140640183732830e+04
1.791447785634059983e+04
1.791449843293038793e+04
1.794590823572220688e+04
1.792939428229185432e+04
1.794633231617306592e+04
1.786616924753100102e+04
1.786516249262375277e+04
1.786918873216662541e+04
1.786918948667914810e+04
1.796512077258609133e+04
1.798200344303422753e+04
1.798978699545919153e+04
1.800387658509714674e+04
1.801866626718690895e+04
1.803441250196539841e+04
1.805109683654395121e+04
1.806860133933930410e+04
1.808683268257431337e+04
1.810576745981505519e+04
1.812545131442530328e+04
1.814591285869992134e+04
1.816715308263499537e+04
1.787422175079912631e+04
1.787422188728065885e+04
1.788126854835533959e+04
1.788126860255857537e+04
1.789032982418997926e+04
1.789032981400219796e+04
1.790140636568468108e+04
1.790140635394512719e+04
1.791449913529305559e+04
1.791449913857351567e+04
1.792957869678466523e+04
1.792960827419589987e+04
1.796567729514884923e+04
1.794649458525816954e+04
1.796546732801579492e+04
1.786616945577789375e+04
1.786516275308179320e+04
1.786616995229271924e+04
1.786516355147525974e+04
1.786918958436190951e+04
1.787422273965479326e+04
1.787422298153492375e+04
1.798941327726818417e+04
1.800520868893895749e+04
1.801909742913970331e+04
1.803459708809539370e+04
1.805106391875891859e+04
1.806844213801458318e+04
1.808669169105196852e+04
1.810570812260119055e+04
1.812544457672348290e+04
1.814591317110424279e+04
1.816715337727327642e+04
1.818917287680071240e+04
1.821197260725681190e+04
1.788126934537883426e+04
1.788127065606470933e+04
1.789032984688266515e+04
1.789033066047175089e+04
1.790140632810003808e+04
1.790140638914464580e+04
1.791449913339293562e+04
1.791449901349620632e+04
1.792960930219502552e+04
1.792960946672287901e+04
1.794669782770118400e+04
1.794673628794737670e+04
1.798611415615479928e+04
1.796558219696858941e+04
1.798653131994291834e+04
1.786617034948224682e+04
1.786516477928009772e+04
1.786616924074784765e+04
1.786516596094613851e+04
1.786918855933865052e+04
1.786918982955346291e+04
1.787421921133605429e+04
1.788126908978065694e+04
1.788125816607074012e+04
1.800608947888975308e+04
1.801969216158803101e+04
1.803477283477612946e+04
1.805108258250341896e+04
1.806841471499747786e+04
1.808657632834047035e+04
1.810557929708655502e+04
1.812536500830620571e+04
1.814589510213666290e+04
1.816715343102475526e+04
1.818917325440969216e+04
1.821197290878676722e+04
1.823555344888157560e+04
1.825991581981692798e+04
1.789033232752537879e+04
1.789032821554153270e+04
1.790140689320746969e+04
1.790140797153996027e+04
1.791449865442987721e+04
1.791449790604137888e+04
1.792960892014909405e+04
1.792960687639423486e+04
1.794673891826199542e+04
1.794673714443041172e+04
1.796583705222214849e+04
1.796588646896764476e+04
1.800908458582511594e+04
1.798685642210256992e+04
1.801005863964783566e+04
1.786616530326818975e+04
1.786516527551675608e+04
1.786615455370160271e+04
1.786516040101190447e+04
1.786918829356282004e+04
1.786917837283174231e+04
1.787421682145718660e+04
1.787422619865949309e+04
1.788124464654003168e+04
1.789030761563611668e+04
1.789026961288434177e+04
1.803497329449207245e+04
1.805150093897958868e+04
1.806840959763871433e+04
1.808650550657602798e+04
1.810545365947175378e+04
1.812523603634522806e+04
1.814580987971307695e+04
1.816712411128882013e+04
1.818917342716654821e+04
1.821197324760023548e+04
1.823555384945782134e+04
1.825991612438886295e+04
1.828506095405689121e+04
1.831098931901103788e+04
1.790140174338057477e+04
1.790137288338733197e+04
1.791449682669591857e+04
1.791448684152508213e+04
1.792960264615407868e+04
1.792959607315088942e+04
1.794673179765837631e+04
1.794671986195742284e+04
1.796589195517995176e+04
1.796587554298652321e+04
1.798703867077173345e+04
1.798707864235702800e+04
1.803549154178411118e+04
1.801034289595548398e+04
1.803634301914801836e+04
1.786613970438475008e+04
1.786516191275687015e+04
1.786607901095936904e+04
1.786514088152259137e+04
1.786915243523046956e+04
1.786910473906545667e+04
1.787422557686255095e+04
1.787416154457651646e+04
1.788126267011731761e+04
1.788128591404304825e+04
1.789021461138315135e+04
1.790133099573314030e+04
1.790123444704165377e+04
1.805820058088169753e+04
1.806888888676592978e+04
1.808679308998051783e+04
1.810545254606145681e+04
1.812509269685736581e+04
1.814563985503298682e+04
1.816702241492732719e+04
1.818913387853390668e+04
1.821197328985665808e+04
1.823555412267175052e+04
1.825991648308778531e+04
1.828506136128297294e+04
1.831098963100703622e+04
1.833770221471498007e+04
1.836520014803294180e+04
1.791444686912480756e+04
1.791437204410667255e+04
1.792957736773760189e+04
1.792951760503333207e+04
1.794670064316354910e+04
1.794666514217590520e+04
1.796584803025773363e+04
1.796580787738536310e+04
1.798704950627649305e+04
1.798699305589576761e+04
1.801033052111881261e+04
1.801027799111981949e+04
1.806758695073333365e+04
1.803575967453571138e+04
1.806330149912188790e+04
1.786599002127986387e+04
1.786504476229831926e+04
1.786541846301600890e+04
1.786517362499544470e+04
1.786907751153630306e+04
1.786873077467414623e+04
1.787405068947160544e+04
1.787387195456850168e+04
1.788126098922199890e+04
1.788106602695392576e+04
1.789030071427684743e+04
1.789043913591252203e+04
1.790103543651128348e+04
1.791428371886930472e+04
1.791414890946648666e+04
1.808837857773373253e+04
1.810593554390995996e+04
1.812525219838463454e+04
1.814554617183435039e+04
1.816682189995482258e+04
1.818898781945644077e+04
1.821191502052612486e+04
1.823554685885453728e+04
1.825991668874149400e+04
1.828506164453523888e+04
1.831099000075168078e+04
1.833770263721327865e+04
1.836520047883482403e+04
1.839348450222877364e+04
1.842255579827907059e+04
1.792939762388840973e+04
1.792926387732200965e+04
1.794659262004686389e+04
1.794646588241071368e+04
1.796574827915738206e+04
1.796566602211540521e+04
1.798692312429132289e+04
1.798683848343102363e+04
1.801015609474592202e+04
1.801004195291962606e+04
1.803546697836848762e+04
1.803531881714737028e+04
1.810613790842150775e+04
1.808957089049185379e+04
1.806261235348437185e+04
1.809147286485763107e+04
1.786877333845030444e+04
1.786648613799758823e+04
1.787270614026608018e+04
1.787482623415710259e+04
1.788084668876551950e+04
1.787985566038842444e+04
1.789043908833506794e+04
1.788955806429248696e+04
1.790155758255780529e+04
1.790162174875494748e+04
1.791389977566439120e+04
1.792925228403075380e+04
1.792879940884963435e+04
1.812533529547031503e+04
1.814567198375146472e+04
1.816682105044455602e+04
1.818882322369930989e+04
1.821173835842889457e+04
1.823546331991550323e+04
1.825990190735254509e+04
1.828506162429725373e+04
1.831099020655669301e+04
1.833770293712803687e+04
1.836520087509405130e+04
1.839348496068228269e+04
1.842255617226618415e+04
1.845241554098571578e+04
1.848306421228835461e+04
1.794618144219557507e+04
1.794597190675270758e+04
1.796556877923174761e+04
1.796527442127033646e+04
1.798672396143693186e+04
1.798661094647688151e+04
1.800993388577040241e+04
1.800981711075107160e+04
1.803511722098712562e+04
1.803498526877761105e+04
1.806227617919053955e+04
1.806204462462040465e+04
1.814561929033147317e+04
1.812421834483402927e+04
1.809111476531848530e+04
1.812185586431834599e+04
1.787498501457897510e+04
1.787124195209052777e+04
1.787954965076282315e+04
1.788426754368947513e+04
1.788990013947887201e+04
1.789908496142664808e+04
1.790315355091690071e+04
1.791618120937186904e+04
1.791327756514842622e+04
1.792875797176761625e+04
1.792772097466427658e+04
1.794591998159532523e+04
1.794469963197513425e+04
1.816690027768454456e+04
1.818891055388955647e+04
1.821165619017803328e+04
1.823531864631984718e+04
1.825979978574067354e+04
1.828503401760949419e+04
1.831098906409275151e+04
1.833770308718136585e+04
1.836520111315032045e+04
1.839348530491118800e+04
1.842255662832532107e+04
1.845241607351041603e+04
1.848306467082760719e+04
1.851450350788878859e+04
1.854673378788768605e+04
1.796461616850866631e+04
1.796424542137386743e+04
1.798655498403255842e+04
1.798568714980123332e+04
1.800962109420584238e+04
1.800950328809506391e+04
1.803491623234816871e+04
1.803458813397987251e+04
1.806188538804747077e+04
1.806180286183650242e+04
1.809075923644613431e+04
1.809052715711485507e+04
1.818925751974954983e+04
1.816777578310171157e+04
1.815093317526086321e+04
1.812136269436145085e+04
1.815383058912893102e+04
1.788413348917304756e+04
1.787884577070746673e+04
1.788995600274906610e+04
1.789627680996386698e+04
1.790350918604212711e+04
1.791211482074794185e+04
1.792010601782811500e+04
1.792999394730378481e+04
1.794354869060683995e+04
1.795963431708646385e+04
1.796648039593768408e+04
1.821198532592816991e+04
1.823536293679558003e+04
1.825975181027456711e+04
1.828495948261012018e+04
1.831095187700971655e+04
1.833769955422932617e+04
1.836520122941502268e+04
1.839348551649908768e+04
1.842255694592057625e+04
1.845241651730622470e+04
1.848306524056579292e+04
1.851450416463386864e+04
1.854673437255786484e+04
1.857975702014800117e+04
1.861357338229152447e+04
1.798391243076273167e+04
1.798252173566845158e+04
1.800958020341323936e+04
1.800809111835571821e+04
1.803426174432148036e+04
1.803419106557777559e+04
1.806176540206596837e+04
1.806100993566126272e+04
1.809044304928926067e+04
1.809055619576663230e+04
1.812092141918939524e+04
1.812067898905167749e+04
1.823621788510181432e+04
1.821300415899889049e+04
1.818984652600808840e+04
1.815310531371162142e+04
1.818614163994332557e+04
1.789630671412187439e+04
1.788962614731768554e+04
1.790357983693844653e+04
1.791156151936552124e+04
1.792043415872242622e+04
1.793003872404815047e+04
1.794042143674216641e+04
1.795152148026978830e+04
1.796602756674277043e+04
1.797917452546095228e+04
1.799292737295836923e+04
1.826014599333517981e+04
1.828507811492983092e+04
1.831097111221785963e+04
1.833768179805920954e+04
1.836519546952112069e+04
1.839348563298926092e+04
1.842255718903616071e+04
1.845241688045375122e+04
1.848306573457944978e+04
1.851450479243188965e+04
1.854673511066116043e+04
1.857975782452572821e+04
1.861357407940660778e+04
1.864818512064769675e+04
1.868359231742607881e+04
1.800660408263031059e+04
1.802858869454765954e+04
1.803684347751238238e+04
1.806014204148813951e+04
1.805751388139811388e+04
1.809073525740638070e+04
1.808836867240778884e+04
1.812082021319614796e+04
1.812152657521504807e+04
1.815271086606229437e+04
1.815227376805199674e+04
1.828609775863205505e+04
1.826159733446969403e+04
1.824005032903388928e+04
1.822402777196006718e+04
1.818627321206616762e+04
1.821293733059259102e+04
1.791160138932337577e+04
1.790347709344442410e+04
1.792040746842110457e+04
1.793003465540997422e+04
1.794042165103163279e+04
1.795160144425509861e+04
1.796355751444623093e+04
1.797649891222169026e+04
1.799122775310411453e+04
1.800585563906199604e+04
1.802118969884954640e+04
1.831142734059146824e+04
1.833787417210656713e+04
1.836525390867294118e+04
1.839349143745959373e+04
1.842255660254331451e+04
1.845241721197576044e+04
1.848306625860819622e+04
1.851450547499551249e+04
1.854673591020751701e+04
1.857975869825077461e+04
1.861357497097295345e+04
1.864818599611194441e+04
1.868359299197151631e+04
1.871979730228051994e+04
1.875680038432548463e+04
1.803760190696565041e+04
1.805457162613859327e+04
1.807165502362035841e+04
1.808927419163735976e+04
1.811503999231464331e+04
1.812554959959544794e+04
1.815204016071261140e+04
1.815033724132009593e+04
1.818658442961323090e+04
1.818431375943398234e+04
1.833872227565711728e+04
1.831333958089991575e+04
1.828997379490125968e+04
1.826888133842243042e+04
1.824976976825840029e+04
1.822958418749753764e+04
1.793003265363090395e+04
1.792040437473412749e+04
1.794042075199613100e+04
1.795158689195093757e+04
1.796353704946521611e+04
1.797623217663509786e+04
1.798966284422285025e+04
1.800418243348130272e+04
1.801986731190175851e+04
1.803569344238010308e+04
1.805257464660723417e+04
1.836572383855748558e+04
1.839368911363812367e+04
1.842261362531784471e+04
1.845242395420570392e+04
1.848306604636473276e+04
1.851450624156703998e+04
1.854673697162304961e+04
1.857975987252484265e+04
1.861357611183450717e+04
1.864818702248502086e+04
1.868359386894801719e+04
1.871979804191308722e+04
1.875680081677860653e+04
1.879460359157774292e+04
1.883320784568816089e+04
1.807046812050292647e+04
1.808874269562619884e+04
1.810777917642601460e+04
1.812813658921552269e+04
1.814869816793793507e+04
1.816853086470820926e+04
1.818877382771730845e+04
1.821819885310842437e+04
1.821651474863205294e+04
1.824997944225299943e+04
1.839455512782192818e+04
1.836764742205474977e+04
1.834236615874703057e+04
1.831862365843081352e+04
1.829500414276216907e+04
1.827461019948053217e+04
1.826948759833641088e+04
1.795158479396234907e+04
1.794041735331491509e+04
1.796352215512356270e+04
1.797623463457794787e+04
1.798971046448794732e+04
1.800391342684127085e+04
1.801881882519760984e+04
1.803499285209338632e+04
1.805173451550433310e+04
1.806922668910917491e+04
1.808726874057494206e+04
1.842302272808697307e+04
1.845257837925647254e+04
1.848310054147615665e+04
1.851451124296436683e+04
1.854673739569335521e+04
1.857976152487062427e+04
1.861357785857917406e+04
1.864818862418402568e+04
1.868359508682973319e+04
1.871979886032294235e+04
1.875680139712874370e+04
1.879460398329083546e+04
1.883320793025026796e+04
1.887261460552018980e+04
1.891282543761920897e+04
1.810649624853668865e+04
1.812627700122484748e+04
1.814699618350560922e+04
1.816846118896265398e+04
1.819014309941040483e+04
1.821253239052826029e+04
1.823644261834591816e+04
1.825223215891168365e+04
1.828580750638104291e+04
1.845312624139841864e+04
1.842439727292371754e+04
1.839786696250460955e+04
1.837248471333316775e+04
1.834775909815673731e+04
1.832467896814765481e+04
1.830591595663229236e+04
1.797622941040060323e+04
1.796351903850166855e+04
1.798971237731604560e+04
1.800396316378362462e+04
1.801896334957969157e+04
1.803470914393767089e+04
1.805120211355169886e+04
1.806875761738260553e+04
1.808691092275125993e+04
1.810584004095505588e+04
1.812551672183908886e+04
1.848342640525520983e+04
1.851460608334300196e+04
1.854676110343649270e+04
1.857976643248497930e+04
1.861357923082055277e+04
1.864819180601699554e+04
1.868359717201097010e+04
1.871980036112111702e+04
1.875680214237286054e+04
1.879460423215667106e+04
1.883320805342461608e+04
1.887261465356540793e+04
1.891282534320199193e+04
1.895384144341374122e+04
1.899566437332627902e+04
1.814608935821359410e+04
1.816748123306093112e+04
1.818955790606252413e+04
1.821245185171371850e+04
1.823593113679581802e+04
1.825966136057638869e+04
1.828258106511048754e+04
1.830659702743605521e+04
1.833311717209960261e+04
1.851525194671612189e+04
1.848501857964627197e+04
1.845661549035109783e+04
1.842929746469229940e+04
1.840381426302370528e+04
1.837898048665543683e+04
1.835611814192820748e+04
1.800396637912132792e+04
1.798971048214214898e+04
1.801899450947297009e+04
1.803478563648663840e+04
1.805133562350470675e+04
1.806866157498900793e+04
1.808681683924411846e+04
1.810576657888495902e+04
1.812543281968109295e+04
1.814588488134012732e+04
1.816712487352894823e+04
1.854697214575908947e+04
1.857982969135840904e+04
1.861360214355001153e+04
1.864819481477976296e+04
1.868359813389394185e+04
1.871980241357610430e+04
1.875680363604605736e+04
1.879460480336118417e+04
1.883320791806134730e+04
1.887261440338351167e+04
1.891282518394482395e+04
1.895384141909286336e+04
1.899566440537840026e+04
1.903829552815327770e+04
1.908173635150606788e+04
1.818916408821346340e+04
1.821198492785674171e+04
1.823559546780249002e+04
1.825997154296000735e+04
1.828510356075128948e+04
1.830981182354709381e+04
1.833507280507685209e+04
1.836110982667628923e+04
1.838672615553633295e+04
1.858040638838156519e+04
1.854808064843167449e+04
1.851853171511799155e+04
1.849027838166173387e+04
1.846315326252528394e+04
1.843684437250328483e+04
1.841159054305078462e+04
1.803479894942420287e+04
1.801899520180881882e+04
1.805137448582857542e+04
1.806871630655244007e+04
1.808683041348156621e+04
1.810573681385058808e+04
1.812543230409128955e+04
1.814590083895669159e+04
1.816713484814543335e+04
1.818914924399826850e+04
1.821195506377791389e+04
1.861374153285795546e+04
1.864825381029025084e+04
1.868361618507419189e+04
1.871980022542020379e+04
1.875679968779631236e+04
1.879460448915611778e+04
1.883320807551952021e+04
1.887261389533262263e+04
1.891282453679910031e+04
1.895384111152989863e+04
1.899566433651896659e+04
1.903829570152927045e+04
1.908173661290950986e+04
1.912598864439594399e+04
1.917105356332286829e+04
1.823554739168704691e+04
1.825993010734532800e+04
1.828508358376942851e+04
1.831100086169287897e+04
1.833727882467855670e+04
1.836390269541478847e+04
1.839098739440868667e+04
1.841791730576958435e+04
1.844443183097456495e+04
1.864845990977752444e+04
1.861522707692333279e+04
1.858371277567961442e+04
1.855400032202294824e+04
1.852556105232193659e+04
1.849788946702503017e+04
1.847090549383741018e+04
1.806873102370583729e+04
1.805137717926284313e+04
1.808685785589439547e+04
1.810575672910449430e+04
1.812543445493723993e+04
1.814589912948899655e+04
1.816714417994175528e+04
1.818916227401143988e+04
1.821196080748687746e+04
1.823554123708390762e+04
1.825990844309761815e+04
1.868376023129714667e+04
1.871984795829325958e+04
1.875680280881290309e+04
1.879458520009682252e+04
1.883319068570799209e+04
1.887261160588628263e+04
1.891282375092737857e+04
1.895384038654452524e+04
1.899566402297038803e+04
1.903829571142865097e+04
1.908173681641071744e+04
1.912598900616819810e+04
1.917105387334246552e+04
1.921693314925583036e+04
1.926362869711522217e+04
1.828506113896611714e+04
1.831099513998244583e+04
1.833769907937357493e+04
1.836508999026591118e+04
1.839290901871151800e+04
1.842157345007822732e+04
1.844999301028995615e+04
1.847780928600550760e+04
1.850562073432003308e+04
1.872026589781823350e+04
1.868470757773931837e+04
1.865213073106945740e+04
1.862097421253938592e+04
1.859110362864537092e+04
1.856213118463301726e+04
1.853360801302522304e+04
1.810576714857397019e+04
1.808686083974912981e+04
1.812544878677770612e+04
1.814590670218856030e+04
1.816714489022978887e+04
1.818916576289630393e+04
1.821196628231328941e+04
1.823554660560471893e+04
1.825990896996983429e+04
1.828505528660662458e+04
1.831098681674726322e+04
1.875694423074966107e+04
1.879460159373217539e+04
1.883316642358887839e+04
1.887255606476158573e+04
1.891278983879100633e+04
1.895383768866150422e+04
1.899566357332677217e+04
1.903829565352948339e+04
1.908173709040427275e+04
1.912598927891043058e+04
1.917105418456807092e+04
1.921693348482928923e+04
1.926362886624410385e+04
1.931114207647483272e+04
1.935947493920904890e+04
1.833770251068486687e+04
1.836519540938644423e+04
1.839345933026286002e+04
1.842233273545611155e+04
1.845187546109907271e+04
1.848179086561790245e+04
1.851150259746600568e+04
1.854087488633381872e+04
1.857012802082084454e+04
1.879496328091368196e+04
1.875834051033005380e+04
1.872384683968786339e+04
1.869120276906447907e+04
1.865990270949067417e+04
1.862950269290055076e+04
1.859957942039338741e+04
1.814591245107179566e+04
1.812545103479853060e+04
1.816715164396968248e+04
1.818916973141451672e+04
1.821196884182025315e+04
1.823554996369163928e+04
1.825991252261187401e+04
1.828505753680044654e+04
1.831098631628129806e+04
1.833770010781837846e+04
1.836519967208238450e+04
1.883326802255777511e+04
1.887253278472206512e+04
1.891271644209069200e+04
1.895373164091238505e+04
1.899562264278654766e+04
1.903829199349651026e+04
1.908173751692560472e+04
1.912598983581385619e+04
1.917105457449557434e+04
1.921693367308197412e+04
1.926362904678784980e+04
1.931114226578559101e+04
1.935947500440654403e+04
1.940862897516151497e+04
1.945860597794758723e+04
1.839348261156385342e+04
1.842254520428534670e+04
1.845233639762468010e+04
1.848285184245619530e+04
1.851398936472139030e+04
1.854530174903805892e+04
1.857644471604755745e+04
1.860725007784434638e+04
1.863793136110396517e+04
1.887295630254972275e+04
1.883373977093340727e+04
1.879856202187975578e+04
1.876460192527926847e+04
1.873191862342506283e+04
1.870012416160794965e+04
1.866879482394381557e+04
1.818917248695219314e+04
1.816715304559677315e+04
1.821197183283088089e+04
1.823555201002588001e+04
1.825991431408706194e+04
1.828505955838891532e+04
1.831098812731961152e+04
1.833770102789825978e+04
1.836519932448301552e+04
1.839348408862098950e+04
1.842255607326848622e+04
1.891276060511947435e+04
1.895367919600146342e+04
1.899548424905892898e+04
1.903816428661844475e+04
1.908170756017488748e+04
1.912598882908400628e+04
1.917105527304386123e+04
1.921693403007343659e+04
1.926362906462782848e+04
1.931114220678944548e+04
1.935947505154259488e+04
1.940862913155658680e+04
1.945860613097107489e+04
1.950940779137576828e+04
1.956103600962059863e+04
1.845241154761624421e+04
1.848304117599733218e+04
1.851443427211414746e+04
1.854657604541648834e+04
1.857926608075578770e+04
1.861219410096305364e+04
1.864469441422152522e+04
1.867693137324754571e+04
1.870900801767450685e+04
1.895411781118865110e+04
1.891373384713386258e+04
1.887647851762025311e+04
1.884113434944599067e+04
1.880711139355953856e+04
1.877395922969656021e+04
1.874124799126364087e+04
1.823555316217191285e+04
1.821197258561775743e+04
1.825991551143337347e+04
1.828506044533259046e+04
1.831098896375475670e+04
1.833770193045906126e+04
1.836520009682809177e+04
1.839348444971959907e+04
1.842255601019711685e+04
1.845241584209009670e+04
1.848306479539039719e+04
1.899551853625173317e+04
1.903807613220862186e+04
1.908152423513470785e+04
1.912589371470491460e+04
1.917104473339704782e+04
1.921693437522064050e+04
1.926362912289094311e+04
1.931114197675416290e+04
1.935947474436047196e+04
1.940862901303689432e+04
1.945860625806274766e+04
1.950940812185446703e+04
1.956103639165376080e+04
1.961349292379933104e+04
1.966677974506259852e+04
1.851449942767697576e+04
1.854671851034834981e+04
1.857973114554574204e+04
1.861349948991317797e+04
1.864786831652558612e+04
1.868220078084904890e+04
1.871627174692914923e+04
1.874987571243779166e+04
1.878331502422377889e+04
1.903818424381364457e+04
1.899707321895184941e+04
1.895777694671024437e+04
1.892088170031775007e+04
1.888548277305264128e+04
1.885098548051436592e+04
1.881690959017675414e+04
1.828506078286744378e+04
1.825991580890654222e+04
1.831098931010780143e+04
1.833770219067931612e+04
1.836520035960030145e+04
1.839348474959974919e+04
1.842255627875075515e+04
1.845241596746276991e+04
1.848306486619100178e+04
1.851450406707386719e+04
1.854673452450375407e+04
1.908161441827705494e+04
1.912576388231267265e+04
1.917088889156178266e+04
1.921689320074906573e+04
1.926362887516583942e+04
1.931114137275169560e+04
1.935947417151517948e+04
1.940862852073024987e+04
1.945860604891431285e+04
1.950940825389328893e+04
1.956103681045032499e+04
1.961349354631120514e+04
1.966678038609716532e+04
1.972089929838612807e+04
1.977585241559637507e+04
1.857975580696508041e+04
1.861358149865784435e+04
1.864822752008809402e+04
1.868362386078420968e+04
1.871980842528895300e+04
1.875598963303714845e+04
1.879103068301906387e+04
1.882600756664874643e+04
1.886081127698492128e+04
1.912631822114834722e+04
1.908328479048229201e+04
1.904171907674801332e+04
1.900380953378085178e+04
1.896705867255891280e+04
1.893120219950120736e+04
1.889575963789425805e+04
1.833770212449437895e+04
1.831098931430187440e+04
1.836520030888936890e+04
1.839348470582472510e+04
1.842255627243309573e+04
1.845241600500052300e+04
1.848306492032177630e+04
1.851450409139752446e+04
1.854673462054907941e+04
1.857975764134223209e+04
1.861357418267437242e+04
1.917100086449303126e+04
1.921675453373507116e+04
1.926353912651408245e+04
1.931113012873789921e+04
1.935947468178878989e+04
1.940862769036135796e+04
1.945860553342495041e+04
1.950940810924000834e+04
1.956103705338855434e+04
1.961349411990677982e+04
1.966678118293871375e+04
1.972090021575746869e+04
1.977585326760152384e+04
1.983164238363719414e+04
1.988826977745555632e+04
1.864819208801773129e+04
1.868363431227761248e+04
1.871991681517591132e+04
1.875695132270374233e+04
1.879448858802212635e+04
1.883198187025276275e+04
1.886885629128638175e+04
1.890530032007379123e+04
1.894147802942551425e+04
1.921754622151120202e+04
1.917230116710302173e+04
1.913043738309883702e+04
1.909021945008738476e+04
1.905191643824841594e+04
1.901463775837604408e+04
1.897780500578001738e+04
1.839348444808274508e+04
1.836520014648259530e+04
1.842255604395008777e+04
1.845241582645010567e+04
1.848306480193117750e+04
1.851450402669711912e+04
1.854673459110278782e+04
1.857975762506488172e+04
1.861357428711551256e+04
1.864818575832612987e+04
1.868359458894473573e+04
1.926364220746508727e+04
1.931103093944097054e+04
1.935942448713556951e+04
1.940862642876667451e+04
1.945860888584435816e+04
1.950940776318983626e+04
1.956103716714076290e+04
1.961349463454146462e+04
1.966678202196075654e+04
1.972090127773609129e+04
1.977585441235874896e+04
1.983164349374673839e+04
1.988827069961597226e+04
1.994573814064484759e+04
2.000404811738525677e+04
1.871981255667421283e+04
1.875688038785314347e+04
1.879477628003131395e+04
1.883343300028168960e+04
1.887282659228941702e+04
1.891152993501056335e+04
1.894992742626530890e+04
1.898775731228253062e+04
1.902534559617696505e+04
1.931189384026809057e+04
1.926573905906911750e+04
1.922167493109976203e+04
1.918005162692851445e+04
1.914011476364852933e+04
1.910133604606647714e+04
1.906307576807995429e+04
1.845241548258270996e+04
1.842255579862349259e+04
1.848306449719426018e+04
1.851450379152254391e+04
1.854673442834049638e+04
1.857975752267944335e+04
1.861357422819136627e+04
1.864818573299504715e+04
1.868359325397038992e+04
1.871979802943099639e+04
1.875680106865578637e+04
1.935954830829642742e+04
1.940856197659509780e+04
1.945858122164924862e+04
1.950941911094337047e+04
1.956104299391713721e+04
1.961349517185852892e+04
1.966678298426936817e+04
1.972090250503115021e+04
1.977585584184190520e+04
1.983164494970901069e+04
1.988827199987599670e+04
1.994573920858838756e+04
2.000404884739304180e+04
2.006320307805845005e+04
2.012320425761903243e+04
1.879462640720273703e+04
1.883331022836910779e+04
1.887280611185765520e+04
1.891306842371621678e+04
1.895405307355176410e+04
1.899454543382568590e+04
1.903415414226699795e+04
1.907350426858515493e+04
1.911244394004777132e+04
1.940946811458285447e+04
1.936198465039598159e+04
1.931630850884371830e+04
1.927305359554561437e+04
1.923160937101640593e+04
1.919132145639804367e+04
1.915160063078876192e+04
1.851450341069040951e+04
1.848306421462008439e+04
1.854673409165593694e+04
1.857975726381869390e+04
1.861357404797008712e+04
1.864818561765030609e+04
1.868359318742497999e+04
1.871979800634982530e+04
1.875680135234535192e+04
1.879460451623947665e+04
1.883320831763663955e+04
1.945874614961432599e+04
1.950938349750741327e+04
1.956104485366716472e+04
1.961351745764297448e+04
1.966678350345549916e+04
1.972090420231720418e+04
1.977585762472572969e+04
1.983164680822386072e+04
1.988827381213650006e+04
1.994574071927011755e+04
2.000404990972253654e+04
2.006320379092218718e+04
2.012320455147799657e+04
2.018405436735840340e+04
2.024575555872395853e+04
1.887263995796762538e+04
1.891291851675184080e+04
1.895404160095779298e+04
1.899602573352264881e+04
1.903847023915963291e+04
1.908044395386012911e+04
1.912221657203381255e+04
1.916243303101216952e+04
1.920277523437379568e+04
1.951031985538277877e+04
1.946126278380588337e+04
1.941432802509635439e+04
1.936943135281291688e+04
1.932641085908131572e+04
1.928461087386429426e+04
1.924340550607657133e+04
1.857975686733329712e+04
1.854673379337572260e+04
1.861357369775695770e+04
1.864818534852742960e+04
1.868359299962862133e+04
1.871979788497334448e+04
1.875680128128877914e+04
1.879460449549797704e+04
1.883320885078183710e+04
1.887261565299906943e+04
1.891282518354949934e+04
1.956124700957673122e+04
1.961352309938224062e+04
1.966681559969950467e+04
1.972092994405965510e+04
1.977585966559620283e+04
1.983164933540221318e+04
1.988827615531220727e+04
1.994574273836126304e+04
2.000405151421226401e+04
2.006320477944649247e+04
2.012320500773076128e+04
2.018405455394970704e+04
2.024575543218488383e+04
2.030830979893660333e+04
2.037171992382774260e+04
1.895385813379454339e+04
1.899573675515579453e+04
1.903849615209632248e+04
1.908200103320382186e+04
1.912570310319654163e+04
1.916977970193508736e+04
1.921246149529370814e+04
1.925451018045446472e+04
1.929638355084207433e+04
1.961439857317967471e+04
1.956376757016382544e+04
1.951534833279600207e+04
1.946905914913994638e+04
1.942453252663626699e+04
1.938122472964605913e+04
1.933852107453648568e+04
1.864818494484638722e+04
1.861357339262374444e+04
1.868359264205960790e+04
1.871979760831916792e+04
1.875680108420125180e+04
1.879460436498872514e+04
1.883320878413267201e+04
1.887261569933468490e+04
1.891282649316700190e+04
1.895384253299832562e+04
1.899566269852404002e+04
1.966704734975435349e+04
1.972096630510738032e+04
1.977589682643670312e+04
1.983166241517699382e+04
1.988827947575258804e+04
1.994574551164177319e+04
2.000405350218581953e+04
2.006320613313264039e+04
2.012320569513112059e+04
2.018405463769680136e+04
2.024575527135002994e+04
2.030830960741811214e+04
2.037171965853593065e+04
2.043598760863409552e+04
2.050111580459697507e+04
1.903829844999102716e+04
1.908180307957886907e+04
1.912617525601127636e+04
1.917123360231122570e+04
1.921652778514664169e+04
1.926257738186022470e+04
1.930635418991698316e+04
1.934991080384819361e+04
1.939332444716045939e+04
1.972178358752328495e+04
1.966940557944570173e+04
1.961957871576463731e+04
1.957187574537378168e+04
1.952592870849443716e+04
1.948116013915748772e+04
1.943697101236107846e+04
1.871979719891680361e+04
1.868359233351172588e+04
1.875680071767430127e+04
1.879460407511544690e+04
1.883320857164864356e+04
1.887261556407259923e+04
1.891282645086635239e+04
1.895384267727546467e+04
1.899566577009107641e+04
1.903829725680848787e+04
1.908173365587602530e+04
1.977611469381368806e+04
1.983170794040277178e+04
1.988829592732036326e+04
1.994573852635925505e+04
2.000405588644778982e+04
2.006320775410712668e+04
2.012320628845481770e+04
2.018405469069840547e+04
2.024575486760882268e+04
2.030830903740720532e+04
2.037171922344721315e+04
2.043598736784994981e+04
2.050111565983848777e+04
2.056710642683602055e+04
2.063396220951437499e+04
1.912598792983566818e+04
1.917112585245390073e+04
1.921709507818253405e+04
1.926367999058814894e+04
1.931064710903143350e+04
1.935760012659879067e+04
1.940340506577596534e+04
1.944865182708586872e+04
1.949363783804342529e+04
1.983253831651274595e+04
1.977751537337057016e+04
1.972695871269156851e+04
1.967795183920002091e+04
1.963060545071209708e+04
1.958440681922761360e+04
1.953875878665254277e+04
1.879460365542053114e+04
1.875680040458778603e+04
1.883320818951694309e+04
1.887261524967902733e+04
1.891282621042512255e+04
1.895384250839727974e+04
1.899566564270025629e+04
1.903829719668777034e+04
1.908173885298669848e+04
1.912599213148346462e+04
1.917105184804048622e+04
1.988849324812325722e+04
1.994576707053482460e+04
2.000401624239466764e+04
2.006317965645176082e+04
2.012320536930188609e+04
2.018405419210791661e+04
2.024575398709328510e+04
2.030830805715540555e+04
2.037171830604669594e+04
2.043598671273675063e+04
2.050111530781857437e+04
2.056710634168216711e+04
2.063396221684807460e+04
2.070168544171910253e+04
2.077027870948928103e+04
1.921694055532546190e+04
1.926370165073983298e+04
1.931125004757870556e+04
1.935943756775971633e+04
1.940811557553045714e+04
1.945646335226283554e+04
1.950390200745126276e+04
1.955091298329716301e+04
1.959731116313078019e+04
1.994657383234113513e+04
1.989094500361835526e+04
1.983786159749013677e+04
1.978735930748465762e+04
1.973859696426994560e+04
1.969097140361417041e+04
1.964387182254975414e+04
1.887261481416541210e+04
1.883320786608328854e+04
1.891282579186325529e+04
1.895384213025005374e+04
1.899566529269481907e+04
1.903829681019489726e+04
1.908173827853225157e+04
1.912599134012915965e+04
1.917105757120604176e+04
1.921693826509447899e+04
1.926362892147269667e+04
2.000421047631843976e+04
2.006314774877349919e+04
2.012309515428602390e+04
2.018401009084416364e+04
2.024574981541689704e+04
2.030830615925391976e+04
2.037171683670223501e+04
2.043598559743670558e+04
2.050111454850856171e+04
2.056710590730000331e+04
2.063396206024721687e+04
2.070168550852321641e+04
2.077027879516414760e+04
2.083974452621722230e+04
2.091008544220140902e+04
1.931115455616054533e+04
1.935953174258490981e+04
1.940867451899314983e+04
1.945850732027634876e+04
1.950914283916859495e+04
1.955867058373265900e+04
1.960872241659608335e+04
1.965645519723587495e+04
1.970428407374142625e+04
2.006355207138991682e+04
2.000613119462017494e+04
1.995215308044426638e+04
1.990014103902031275e+04
1.984992974358714127e+04
1.980086928308818096e+04
1.975231004780629519e+04
1.895384164745939051e+04
1.891282545411825777e+04
1.899566477093307549e+04
1.903829625327853137e+04
1.908173762834218724e+04
1.912599046605023977e+04
1.917105634570065013e+04
1.921693677699393811e+04
1.926363301874671015e+04
1.931114614814111337e+04
1.935947416391280422e+04
2.012323380095434914e+04
2.018387651902350990e+04
2.024559306149089025e+04
2.030825374357432156e+04
2.037171034087827502e+04
2.043598382764778580e+04
2.050111344196804566e+04
2.056710517949306814e+04
2.063396160132455043e+04
2.070168527286588869e+04
2.077027878161837361e+04
2.083974469557894554e+04
2.091008560267277790e+04
2.098130415115914730e+04
2.105340311677135833e+04
1.940863422784807335e+04
1.945863166679940332e+04
1.950942110154770126e+04
1.956098445834908853e+04
1.961283382830716801e+04
1.966428278625111489e+04
1.971532185153300088e+04
1.976516847608055832e+04
1.981458212461599032e+04
2.018451114564867385e+04
2.012576687730066260e+04
2.006981443375883464e+04
2.001628910771658775e+04
1.996461486515288925e+04
1.991411201784921650e+04
1.986408964822929192e+04
1.903829563761790268e+04
1.899566438456190008e+04
1.908173688854476859e+04
1.912598960059641104e+04
1.917105529795294206e+04
1.921693550218837845e+04
1.926363171368571420e+04
1.931114511471044170e+04
1.935947696457893107e+04
1.940862912304094061e+04
1.945860024100669034e+04
2.024544170900049721e+04
2.030803351294232198e+04
2.037154686348977339e+04
2.043593365501491280e+04
2.050110675405766233e+04
2.056710415584298971e+04
2.063396099491814675e+04
2.070168482558627511e+04
2.077027848333592920e+04
2.083974458929624234e+04
2.091008571106046656e+04
2.098130442879040493e+04
2.105340338228441033e+04
2.112638529049699355e+04
2.120025301945966567e+04
1.950940139041922885e+04
1.956103722662585278e+04
1.961349977650565779e+04
1.966675263492941303e+04
1.972008006051633492e+04
1.977392862910242911e+04
1.982595671912754915e+04
1.987731978607765268e+04
1.992824591752016931e+04
2.030877563330626072e+04
2.024702369733309388e+04
2.019060513885586988e+04
2.013574714642686376e+04
2.008264086261840930e+04
2.003070005928374303e+04
1.997922007696448782e+04
1.912598876384977848e+04
1.908173635808775362e+04
1.917105430734977926e+04
1.921693441029696623e+04
1.926363055171558153e+04
1.931114423162964522e+04
1.935947682409574918e+04
1.940862966668721856e+04
1.945860450975021740e+04
1.950940380114439540e+04
1.956102612817231420e+04
2.037148932746267383e+04
2.043568783323742173e+04
2.050096370497796670e+04
2.056706430840264147e+04
2.063395750417499585e+04
2.070168423431794145e+04
2.077027805040463500e+04
2.083974425624768628e+04
2.091008554766597808e+04
2.098130447518870642e+04
2.105340363189003619e+04
2.112638568198350185e+04
2.120025336324837190e+04
2.127500948862107180e+04
2.135065701905428432e+04
1.961348090728340321e+04
1.966677614872148843e+04
1.972091281779758356e+04
1.977575976677548533e+04
1.983077036953669085e+04
1.988641350180779773e+04
1.993987420564802960e+04
1.999283881534437751e+04
2.004527867422499912e+04
2.043602376193202872e+04
2.037341577047823739e+04
2.031482366846853620e+04
2.025852766609182800e+04
2.020400045524163579e+04
2.015062911753730077e+04
2.009770106716638111e+04
1.921693341157992472e+04
1.917105356526611649e+04
1.926362952090588078e+04
1.931114329494990670e+04
1.935947625446489474e+04
1.940862999180858969e+04
1.945860593991300993e+04
1.950940599452075548e+04
1.956103238895957838e+04
1.961348736351351181e+04
1.966677043047746702e+04
2.050094393370108082e+04
2.056685901016973730e+04
2.063384644714984097e+04
2.070165727359222728e+04
2.077027758643200286e+04
2.083974376057184782e+04
2.091008522741720299e+04
2.098130432033030593e+04
2.105340366047814678e+04
2.112638589016275728e+04
2.120025372891165534e+04
2.127500995256091119e+04
2.135065738755236089e+04
2.142719892106570842e+04
2.150463757192065168e+04
1.972088931233553740e+04
1.977585589279112537e+04
1.983166298471059781e+04
1.988811848400548115e+04
1.994498771670726637e+04
2.000157838410228578e+04
2.005722136815779231e+04
2.011179524881895486e+04
2.016567298117986138e+04
2.056754645056668596e+04
2.050369425853319990e+04
2.044284324581766850e+04
2.038477192319285314e+04
2.032872959962486129e+04
2.027390801580670450e+04
2.021953545734400177e+04
1.931114240240073923e+04
1.926362869310935275e+04
1.935947555047438436e+04
1.940862964553305574e+04
1.945860636397612325e+04
1.950940742613665861e+04
1.956103467945267403e+04
1.961349016643877985e+04
1.966677623421468525e+04
1.972089486705727541e+04
1.977584663517868103e+04
2.063375450123550399e+04
2.070150992650535773e+04
2.077018639513035669e+04
2.083972398705178421e+04
2.091008559590864388e+04
2.098130405745187818e+04
2.105340359223190171e+04
2.112638595611296478e+04
2.120025391300086267e+04
2.127501025754893999e+04
2.135065780813966921e+04
2.142719940794869399e+04
2.150463794251498257e+04
2.158297635721074766e+04
2.166221772770164898e+04
1.983163798915103325e+04
1.988828161356756755e+04
1.994575274468740463e+04
2.000386980501565267e+04
2.006248748867016911e+04
2.012138774483184898e+04
2.017818453639645668e+04
2.023409991453957264e+04
2.028943671849283055e+04
2.070202873062083017e+04
2.063587046396870574e+04
2.057409715031409360e+04
2.051447594880693941e+04
2.045687736906017017e+04
2.040056941778951659e+04
2.034475090503564206e+04
1.940862913966552514e+04
1.935947492921179219e+04
1.945860618996875928e+04
1.950940775894385661e+04
1.956103569343651543e+04
1.961349183999395245e+04
1.966677830633709164e+04
1.972089705741160651e+04
1.977585031508920292e+04
1.983163997323653530e+04
1.988826728461922539e+04
2.077018096677440917e+04
2.083958762883548843e+04
2.090999136804924638e+04
2.098128672608211491e+04
2.105340395325524514e+04
2.112638603110444092e+04
2.120025405485098963e+04
2.127501043729999219e+04
2.135065804810761256e+04
2.142719974213500609e+04
2.150463837840046835e+04
2.158297685123148767e+04
2.166221810599045057e+04
2.174236515056021381e+04
2.182342113448310920e+04
1.994573781194323601e+04
2.000406145147022835e+04
2.006318380119304129e+04
2.012300283663558730e+04
2.018327409191603874e+04
2.024339359041838907e+04
2.030224302689715114e+04
2.035988837568729286e+04
2.041663302256627867e+04
2.083981981694693968e+04
2.077258076449079454e+04
2.070881405193447790e+04
2.064762180423819154e+04
2.058847776751661513e+04
2.053066254206099620e+04
2.047339743539299161e+04
1.950940767612085619e+04
1.945860596513522978e+04
1.956103591031194082e+04
1.961349246726537240e+04
1.966677928674760915e+04
1.972089831504160611e+04
1.977585161710502507e+04
1.983164118363155649e+04
1.988826910740743551e+04
1.994573733092009934e+04
2.000404754739396958e+04
2.090999655632561553e+04
2.098110319041831826e+04
2.105331095370643379e+04
2.112637611743742673e+04
2.120025470583374408e+04
2.127501065719773396e+04
2.135065823038956296e+04
2.142719992626335079e+04
2.150463862105741646e+04
2.158297719352394415e+04
2.166221855578336181e+04
2.174236566700420735e+04
2.182342154169993591e+04
2.190538925979075793e+04
2.198827204481812078e+04
2.006320369065249179e+04
2.012320641066870667e+04
2.018400974248752391e+04
2.024558109203852291e+04
2.030757680090211943e+04
2.037002304385947718e+04
2.043076636899210644e+04
2.048920811893060818e+04
2.054730999995786988e+04
2.098182361049413157e+04
2.091301597290006976e+04
2.084724288616418926e+04
2.078430742738483241e+04
2.072357256324935952e+04
2.066423233659718244e+04
2.060550542326461436e+04
1.961349259556208926e+04
1.956103599891993872e+04
1.966677957945988965e+04
1.972089879912113611e+04
1.977585222674371107e+04
1.983164185783738867e+04
1.988826972045866205e+04
1.994573785943808252e+04
2.000404835465345604e+04
2.006320321821490870e+04
2.012320442044982701e+04
2.105327019661849772e+04
2.112618160807544336e+04
2.120019821939666508e+04
2.127501061697189652e+04
2.135065825906397004e+04
2.142720010362115499e+04
2.150463876337023612e+04
2.158297736196159531e+04
2.166221880529037662e+04
2.174236603329073478e+04
2.182342203412164963e+04
2.190538983570670462e+04
2.198827252399731879e+04
2.207207325282257443e+04
2.215679532067918262e+04
2.018405416061848518e+04
2.024575469871503083e+04
2.030833266604576056e+04
2.037167546909112207e+04
2.043546127360299943e+04
2.049890136639240518e+04
2.056199830225326878e+04
2.062201196563763006e+04
2.068142833451604020e+04
2.112641816487803953e+04
2.105561113251201823e+04
2.098894888377713869e+04
2.092448498652391936e+04
2.086217638261003231e+04
2.080129983854349484e+04
2.074107681601532022e+04
1.972089888785740186e+04
1.966677974038217872e+04
1.977585236746263763e+04
1.983164205685183333e+04
1.988826995623980474e+04
1.994573810592240261e+04
2.000404857643132709e+04
2.006320346661106669e+04
2.012320486898543822e+04
2.018405476838274626e+04
2.024575402409897288e+04
2.120001543580810539e+04
2.127492775233997963e+04
2.135065685654057961e+04
2.142720597657045801e+04
2.150463872529286527e+04
2.158297748062318351e+04
2.166221893082364477e+04
2.174236622103340414e+04
2.182342232913144471e+04
2.190539027436083416e+04
2.198827311647419629e+04
2.207207395061455827e+04
2.215679593531067439e+04
2.224244230527582113e+04
2.232901643910897474e+04
2.030831268329336308e+04
2.037177905158173598e+04
2.043618498500096030e+04
2.050150609206163426e+04
2.056699968196636473e+04
2.063237176805709532e+04
2.069739309886690535e+04
2.075803231928392415e+04
2.081896329496007456e+04
2.127573350957019284e+04
2.120337728648570555e+04
2.113421025485335485e+04
2.106812587946360509e+04
2.100427064007438821e+04
2.094186307737884272e+04
2.088011562253635930e+04
1.983164198198634767e+04
1.977585241873077757e+04
1.988826989179303564e+04
1.994573807336116079e+04
2.000404857628527316e+04
2.006320350432121995e+04
2.012320498724240315e+04
2.018405517779011643e+04
2.024575618097179176e+04
2.030830883144071777e+04
2.037171453804085104e+04
2.135076956527134826e+04
2.142728324232672094e+04
2.150467788002007001e+04
2.158298217840199868e+04
2.166221884354105350e+04
2.174236635224017300e+04
2.182342250908959613e+04
2.190539055819418354e+04
2.198827354394640497e+04
2.207207455619662869e+04
2.215679671190697991e+04
2.224244319725327659e+04
2.232901724344103059e+04
2.241652218487036953e+04
2.250496149828550915e+04
2.043600375202323266e+04
2.050129799366827137e+04
2.056747182252278435e+04
2.063419783281600394e+04
2.070128133965461529e+04
2.076926566269243267e+04
2.083410238305034363e+04
2.089745702456980143e+04
2.095995305495013963e+04
2.142793602423236371e+04
2.135346402338586267e+04
2.128314397404632109e+04
2.121533284930386799e+04
2.114987700070116261e+04
2.108592302587689483e+04
2.102262528609874062e+04
1.994573783790027665e+04
1.988826978857624999e+04
2.000404835555940008e+04
2.006320333092383589e+04
2.012320487878706626e+04
2.018405518040381503e+04
2.024575646371274706e+04
2.030831100644366234e+04
2.037172053708945532e+04
2.043598383745557294e+04
2.050109996276277889e+04
2.150514219880022210e+04
2.158316536224402444e+04
2.166226575914445493e+04
2.174236958856972706e+04
2.182342233382404447e+04
2.190539081897394863e+04
2.198827391389531476e+04
2.207207508790622160e+04
2.215679743124805100e+04
2.224244410593033172e+04
2.232901827708030396e+04
2.241652329093987282e+04
2.250496245628406177e+04
2.259433923210535431e+04
2.268465722352893135e+04
2.056717813573710373e+04
2.063424755499706589e+04
2.070209202180485227e+04
2.077044271506594305e+04
2.083946167538857480e+04
2.090954498966063329e+04
2.097633309610925789e+04
2.104036445744501907e+04
2.110437208616017961e+04
2.158471617330294976e+04
2.150872664292520858e+04
2.143578048810756809e+04
2.136617525624614427e+04
2.129905511842103078e+04
2.123350956997307730e+04
2.116862076058842285e+04
2.006320298778893266e+04
2.000404813506496066e+04
2.012320456586767614e+04
2.018405492778700500e+04
2.024575629808347003e+04
2.030831098493136233e+04
2.037172138298538630e+04
2.043598997601007795e+04
2.050111777774109578e+04
2.056710251462429369e+04
2.063395353641382462e+04
2.166291366542903052e+04
2.174256998000545718e+04
2.182345347052086072e+04
2.190539048475242453e+04
2.198827349523586236e+04
2.207207568674564754e+04
2.215679824316584200e+04
2.224244513443882533e+04
2.232901949067511305e+04
2.241652459362124864e+04
2.250496370351674341e+04
2.259434041746014191e+04
2.268465812173580343e+04
2.277592039946121804e+04
2.286813097327700234e+04
2.070180747029145641e+04
2.077057101820388198e+04
2.084006879468644183e+04
2.091021409419674092e+04
2.098117566857129714e+04
2.105174616139820137e+04
2.112015090235699245e+04
2.118651523987479959e+04
2.125225956973191569e+04
2.174433985602402754e+04
2.166674532698961411e+04
2.159214534885503235e+04
2.152067104504447343e+04
2.145185086476905781e+04
2.138467811680005616e+04
2.131816453664973596e+04
2.018405452571679780e+04
2.012320427848768304e+04
2.024575589798962392e+04
2.030831059720299891e+04
2.037172099114792582e+04
2.043598954606183906e+04
2.050111882630356195e+04
2.056711142134987676e+04
2.063396768150915159e+04
2.070168782164443837e+04
2.077029932112683673e+04
2.182411238550895723e+04
2.190553514354019717e+04
2.198828080319963919e+04
2.207206913951860042e+04
2.215679711783402672e+04
2.224244641471462091e+04
2.232902109357521476e+04
2.241652634671151100e+04
2.250496544422516672e+04
2.259434192173533302e+04
2.268465930983164799e+04
2.277592134796894970e+04
2.286813148708615699e+04
2.296129336957441046e+04
2.305541074321219639e+04
2.083986657428972831e+04
2.091030406780629710e+04
2.098153929024077297e+04
2.105359741622554429e+04
2.112638035994296661e+04
2.119946048167218032e+04
2.126827175262879973e+04
2.133627185258997270e+04
2.140375585000833598e+04
2.190728342939406866e+04
2.182815185926442427e+04
2.175189723542405045e+04
2.167876597293484883e+04
2.160828306338028415e+04
2.153948409027305388e+04
2.147133784253877457e+04
2.030831009208512478e+04
2.024575557839870453e+04
2.037172036094767464e+04
2.043598874355516091e+04
2.050111773699575861e+04
2.056710987778930212e+04
2.063396772655640598e+04
2.070169374679030443e+04
2.077028816247297436e+04
2.083975466023580157e+04
2.091011635416300487e+04
2.198881050284928278e+04
2.207213738697565350e+04
2.215678182936127632e+04
2.224242959679771229e+04
2.232901541900501979e+04
2.241652873568362338e+04
2.250496800453504329e+04
2.259434428347364519e+04
2.268466114094119621e+04
2.277592247190513808e+04
2.286813219403842231e+04
2.296129377805963668e+04
2.305541072591960256e+04
2.315048663175624097e+04
2.324652517020000596e+04
2.098138522352106156e+04
2.105354320953930801e+04
2.112662055706994943e+04
2.120057568387080028e+04
2.127545191865212109e+04
2.134923544093031160e+04
2.141975365450700701e+04
2.148971694603965443e+04
2.155895177745321780e+04
2.207333651938049297e+04
2.199294279544360688e+04
2.191518199605148038e+04
2.184043498828831434e+04
2.176835223125370248e+04
2.169795671549643885e+04
2.162818683789598799e+04
2.043598793709784877e+04
2.037171993858822680e+04
2.050111656426592162e+04
2.056710825815329372e+04
2.063396549737338864e+04
2.070169072726373997e+04
2.077028632638349882e+04
2.083975448419066015e+04
2.091009577227647605e+04
2.098131446556385708e+04
2.105341708429238861e+04
2.215717293622239958e+04
2.224244770267419881e+04
2.232898572551390680e+04
2.241648816098234602e+04
2.250495652617731321e+04
2.259434770476555059e+04
2.268466408594821405e+04
2.277592460004976601e+04
2.286813321732246186e+04
2.296129400373777025e+04
2.305541073387229335e+04
2.315048652562227289e+04
2.324652488346276004e+04
2.334352933487315022e+04
2.344150353730269489e+04
2.112642345130764807e+04
2.120036946808701396e+04
2.127530995344608527e+04
2.135107646628987641e+04
2.142738248197192661e+04
2.150185848435421576e+04
2.157512714852106365e+04
2.164694709406211769e+04
2.171786800002716700e+04
2.224315242246355047e+04
2.216120358966808999e+04
2.208203358714751084e+04
2.200576261627387430e+04
2.193208216169771913e+04
2.186011414338010582e+04
2.178873711924292729e+04
2.056710686793135028e+04
2.050111581174262392e+04
2.063396353294281289e+04
2.070168817535520429e+04
2.077028313259782954e+04
2.083975066858652281e+04
2.091009297205665280e+04
2.098131208172562401e+04
2.105340916318580639e+04
2.112638769362820676e+04
2.120024849128407004e+04
2.232932812016207390e+04
2.241651308510121089e+04
2.250488769818588116e+04
2.259426816102412340e+04
2.268464709226572813e+04
2.277592773537795074e+04
2.286813520203137523e+04
2.296129467313482019e+04
2.305541037161097120e+04
2.315048594569174384e+04
2.324652448183103479e+04
2.334352916108620411e+04
2.344150349814830770e+04
2.354045109555069939e+04
2.364037578132284398e+04
2.127502320046879686e+04
2.135079872453635835e+04
2.142752353943220442e+04
2.150501765221149617e+04
2.158287195938748846e+04
2.165908305812411709e+04
2.173436990371065258e+04
2.180791785612018793e+04
2.188051421077124905e+04
2.241786537762859371e+04
2.233318000302471046e+04
2.225247912378568435e+04
2.217478521472896682e+04
2.209949464393587186e+04
2.202597221287053253e+04
2.195300908130719108e+04
2.070168611525674351e+04
2.063396220598747823e+04
2.077028055210170351e+04
2.083974771912180950e+04
2.091008982353436295e+04
2.098130906378536747e+04
2.105340764245138416e+04
2.112638779126353984e+04
2.120025148525875920e+04
2.127500218218815644e+04
2.135064254712796901e+04
2.250522579861188933e+04
2.259431943803580725e+04
2.268448155446064993e+04
2.277581407198404122e+04
2.286811736852491958e+04
2.296129538313093872e+04
2.305541023350943578e+04
2.315048491557419766e+04
2.324652331745688934e+04
2.334352846305529602e+04
2.344150334509222375e+04
2.354045142203533396e+04
2.364037637548132989e+04
2.374128204756037667e+04
2.384317250028657145e+04
2.142721033632797844e+04
2.150479755032305184e+04
2.158323478863283890e+04
2.166241400934227931e+04
2.174149956402475800e+04
2.182113749403100519e+04
2.189738664416412939e+04
2.197263276353283800e+04
2.204694497675560706e+04
2.259596660187040470e+04
2.250823014879443144e+04
2.242649001050347215e+04
2.234744587427060469e+04
2.227071440237467687e+04
2.219554689785463779e+04
2.212102972249641607e+04
2.083974535670056139e+04
2.077027869199801353e+04
2.091008733177867180e+04
2.098130675906943725e+04
2.105340588368229510e+04
2.112638706516278398e+04
2.120025280574602584e+04
2.127500583209597244e+04
2.135064898494231238e+04
2.142718597480339304e+04
2.150461914484291265e+04
2.268500296498312673e+04
2.277581698357933783e+04
2.286787090031812841e+04
2.296117984375970627e+04
2.305539681710878722e+04
2.315048312638445714e+04
2.324652151066538136e+04
2.334352690159850681e+04
2.344150255793493125e+04
2.354045143723070578e+04
2.364037707443870386e+04
2.374128324077091020e+04
2.384317386034963420e+04
2.394605303372601338e+04
2.404992495928919743e+04
2.158299439232341319e+04
2.166235013408875602e+04
2.174249653069195847e+04
2.182333327050154548e+04
2.190428240545653171e+04
2.198544844071424450e+04
2.206399570879946623e+04
2.214129590867887237e+04
2.221715868328533543e+04
2.277716237526758414e+04
2.268944191930215675e+04
2.260458277357794941e+04
2.252382493069850898e+04
2.244566135363636204e+04
2.236869328225534991e+04
2.229276738166007635e+04
2.098130482199244580e+04
2.091008540997368982e+04
2.105340437591333102e+04
2.112638633890630808e+04
2.120025321056047324e+04
2.127500770025622114e+04
2.135065273588837226e+04
2.142719152340985238e+04
2.150462731578293096e+04
2.158296379174325921e+04
2.166220321574103582e+04
2.286855156338697998e+04
2.296099082594906577e+04
2.305513295557657329e+04
2.315038740856118966e+04
2.324651357470344738e+04
2.334352463117320440e+04
2.344150106704044811e+04
2.354045087135545327e+04
2.364037753534140938e+04
2.374128452306527470e+04
2.384317575299249802e+04
2.394605522773861958e+04
2.404992706481226560e+04
2.415479560478038911e+04
2.426066509593623414e+04
2.174238434119637895e+04
2.182349243776309959e+04
2.190538179688390301e+04
2.198794248592506847e+04
2.207095295356669158e+04
2.215408223078936862e+04
2.223538590954247411e+04
2.231367371387811727e+04
2.239111656073159247e+04
2.296324266412650468e+04
2.287355653599038851e+04
2.278627651773905018e+04
2.270403196541803482e+04
2.262425546994784600e+04
2.254605626680741625e+04
2.246826368597344481e+04
2.112638549131722903e+04
2.105340307405143903e+04
2.120025319486811713e+04
2.127500873915409102e+04
2.135065495194043979e+04
2.142719487046080394e+04
2.150463173161735904e+04
2.158296879893992445e+04
2.166220936172941583e+04
2.174235673742074869e+04
2.182341369615062285e+04
2.305557748068833826e+04
2.315009641001782074e+04
2.324623399149997567e+04
2.334343251731570126e+04
2.344149749880627132e+04
2.354044999572291636e+04
2.364037773496043155e+04
2.374128577922057593e+04
2.384317790427797809e+04
2.394605807110067690e+04
2.404993027040431116e+04
2.415479868010863720e+04
2.426066763995929796e+04
2.436754181193479235e+04
2.447542552829561100e+04
2.190540116321291498e+04
2.198827606194225154e+04
2.207195629000552071e+04
2.215646301540490822e+04
2.224183410137785177e+04
2.232629527172035887e+04
2.240916047157204594e+04
2.248985406928383964e+04
2.256875280192623541e+04
2.315245183811844254e+04
2.306107072759994116e+04
2.297316448077360110e+04
2.288833245912773418e+04
2.280668955430511051e+04
2.272683914492609983e+04
2.264755863184312693e+04
2.127500914519842627e+04
2.120025297442394003e+04
2.135065621298468250e+04
2.142719699883730209e+04
2.150463455572380553e+04
2.158297207805801372e+04
2.166221282892768431e+04
2.174235992471476129e+04
2.182341657155197754e+04
2.190538606146968959e+04
2.198827118090975637e+04
2.324636287942792478e+04
2.334300267520506168e+04
2.344114365940581774e+04
2.354033867083751829e+04
2.364037670866541521e+04
2.374128731697643889e+04
2.384318043386883437e+04
2.394606149986363380e+04
2.404993433995987652e+04
2.415480311342851201e+04
2.426067182007350857e+04
2.436754506549026701e+04
2.447542763899898273e+04
2.458432433214715638e+04
2.469423956085031386e+04
2.207207010839485156e+04
2.215673332489694076e+04
2.224231368858361384e+04
2.232886176744147451e+04
2.241576434102236817e+04
2.250341234143193651e+04
2.258881438185591833e+04
2.266956331373531793e+04
2.275031463957196320e+04
2.334495601329070996e+04
2.325231439234577192e+04
2.316272457389128977e+04
2.307645783735974692e+04
2.299298080183267666e+04
2.291139138125926911e+04
2.283057678870709424e+04
2.142719821989037519e+04
2.135065698019558113e+04
2.150463633678222686e+04
2.158297426541040841e+04
2.166221513290099028e+04
2.174236216128682281e+04
2.182341848790882796e+04
2.190538723597483113e+04
2.198827170975423360e+04
2.207207485942070707e+04
2.215679677479845486e+04
2.344109880770882592e+04
2.353963063097001213e+04
2.363991320381483820e+04
2.374115857355733533e+04
2.384318183766382572e+04
2.394606601624444011e+04
2.404993964911952571e+04
2.415480889171104354e+04
2.426067752957373159e+04
2.436755031679297099e+04
2.447543157199996858e+04
2.458432641007431084e+04
2.469424010129119051e+04
2.480517692522575453e+04
2.491714118700062318e+04
2.224241915600545690e+04
2.232892803431962602e+04
2.241648082522186451e+04
2.250490937130956445e+04
2.259376341940091152e+04
2.268249672886287226e+04
2.276901317253566231e+04
2.285413610363976841e+04
2.293549078969245238e+04
2.354046656535600778e+04
2.344676298799187134e+04
2.335587212717508373e+04
2.326805143809469882e+04
2.318299324373749187e+04
2.309952662976670763e+04
2.301721195626324698e+04
2.158297560794453602e+04
2.150463754405584768e+04
2.166221665307982403e+04
2.174236365609671702e+04
2.182341975536274913e+04
2.190538815941267603e+04
2.198827198814704025e+04
2.207207437030724759e+04
2.215679842082467803e+04
2.224244708103797166e+04
2.232902071546596198e+04
2.363913360615395140e+04
2.374025050246328101e+04
2.384268126277640113e+04
2.394593864157611461e+04
2.404993177690457378e+04
2.415481709567269354e+04
2.426068551022442625e+04
2.436755757932543929e+04
2.447543720641242908e+04
2.458433041472661353e+04
2.469424190362477748e+04
2.480517674533832542e+04
2.491713978152924392e+04
2.503013456210715231e+04
2.514416508833026091e+04
2.241646349008708421e+04
2.250491651386753074e+04
2.259437621051998576e+04
2.268457153354299589e+04
2.277544499718096995e+04
2.286694169942464214e+04
2.295435763035698255e+04
2.304039780113123925e+04
2.312404582430038135e+04
2.374093413771387713e+04
2.364462820464700053e+04
2.355255613763464498e+04
2.346330138038887890e+04
2.337668001269204615e+04
2.329143299603357445e+04
2.320747083491971352e+04
2.174236457195128605e+04
2.166221771085352520e+04
2.182342055964171959e+04
2.190538869202051137e+04
2.198827211215556963e+04
2.207207399854863252e+04
2.215679743498725657e+04
2.224244541326110993e+04
2.232902073449326053e+04
2.241652650161966449e+04
2.250496640971261877e+04
2.384135473661648211e+04
2.394503364861727823e+04
2.404949897655691530e+04
2.415471429966799042e+04
2.426069316640802936e+04
2.436756839378577206e+04
2.447544547500362751e+04
2.458433702213616925e+04
2.469424476627043259e+04
2.480517737823916832e+04
2.491713848023792161e+04
2.503013240943823257e+04
2.514416271052809316e+04
2.525923281464694810e+04
2.537534664038061237e+04
2.259427982834814247e+04
2.268467279785175924e+04
2.277595140416951108e+04
2.286803879301445340e+04
2.296092011709415237e+04
2.305301587979569376e+04
2.314496868956198523e+04
2.323095202724120827e+04
2.331633298212049704e+04
2.394594288543815856e+04
2.384762533099831853e+04
2.375314924506804164e+04
2.366227435597768272e+04
2.357410189392427492e+04
2.348761680861189961e+04
2.340157797998555543e+04
2.190538892540194138e+04
2.182342112573153645e+04
2.198827207630378325e+04
2.207207360584485650e+04
2.215679661841853522e+04
2.224244423514268783e+04
2.232901940256007583e+04
2.241652494228467913e+04
2.250496371223409733e+04
2.259433889009810810e+04
2.268462507695066961e+04
2.404850730930102509e+04
2.415394640089488166e+04
2.426034323359950577e+04
2.436751361178736624e+04
2.447546181005542530e+04
2.458434581803770197e+04
2.469424850648250504e+04
2.480517771620750136e+04
2.491713684824913435e+04
2.503012959402974229e+04
2.514415952660053154e+04
2.525923020037632159e+04
2.537534480765273838e+04
2.549250724104484834e+04
2.561072192578887552e+04
2.277588427655553096e+04
2.286815337820897912e+04
2.296129244074328381e+04
2.305537331992923646e+04
2.315010964816457636e+04
2.324411263916669486e+04
2.333616179081299924e+04
2.342501947280371678e+04
2.351245289160348693e+04
2.415353336347103686e+04
2.405372023472450383e+04
2.395762361470556425e+04
2.386506682528938472e+04
2.377532028529023592e+04
2.368723178162964177e+04
2.359957884918540367e+04
2.207207315184555773e+04
2.198827204006642205e+04
2.215679589109997687e+04
2.224244324217661415e+04
2.232901826616364997e+04
2.241652405723017364e+04
2.250496348772414422e+04
2.259433966591897479e+04
2.268465586393191188e+04
2.277591440015945773e+04
2.286809692050761078e+04
2.425967402408668204e+04
2.436685237538811634e+04
2.447520061400152917e+04
2.458431698271930509e+04
2.469425692722556414e+04
2.480517558436437685e+04
2.491713337740276984e+04
2.503012490665673977e+04
2.514415493231655273e+04
2.525922621231488301e+04
2.537534192289277053e+04
2.549250559520096795e+04
2.561072131459283628e+04
2.572999366828289931e+04
2.585032774654003515e+04
2.296127748864965179e+04
2.305540983560044333e+04
2.315051695789153746e+04
2.324658714362850878e+04
2.334351062738217661e+04
2.343967199585464186e+04
2.353247675303170399e+04
2.362330146055338264e+04
2.371261034445813857e+04
2.436731127530127924e+04
2.426376730716719976e+04
2.416582757579050667e+04
2.407170017594987075e+04
2.398039438229571897e+04
2.389071910233179005e+04
2.380144323575945236e+04
2.224244233506044475e+04
2.215679531655009487e+04
2.232901726588952079e+04
2.241652308946957055e+04
2.250496293133382642e+04
2.259433996996877613e+04
2.268465729921682214e+04
2.277591850156138753e+04
2.286812740666383252e+04
2.296128394716172988e+04
2.305538772325584796e+04
2.447452939412860724e+04
2.458374461776358658e+04
2.469406757985723743e+04
2.480516027918320106e+04
2.491712628087994744e+04
2.503011654299804650e+04
2.514414714475298024e+04
2.525922031412261640e+04
2.537533771751552922e+04
2.549250287511030911e+04
2.561071991066677947e+04
2.572999331289056863e+04
2.585032796521127966e+04
2.597172895328569575e+04
2.609420162891505242e+04
2.315047681479251696e+04
2.324653611306172024e+04
2.334366523056531514e+04
2.344163161625803332e+04
2.354005372659755449e+04
2.363771993322478374e+04
2.373311249479774051e+04
2.382593908513130373e+04
2.391677490161826063e+04
2.458412839102767975e+04
2.447701831854191914e+04
2.437782711650851707e+04
2.428220421054236067e+04
2.418936662364907170e+04
2.409811512707184374e+04
2.400721630821692452e+04
2.241652215735620121e+04
2.232901643433914796e+04
2.250496217551196241e+04
2.259433960281863619e+04
2.268465774917204908e+04
2.277591994745000193e+04
2.286812974201700126e+04
2.296129087320861072e+04
2.305540732125055001e+04
2.315048013637273471e+04
2.324651447802470284e+04
2.469328122272462133e+04
2.480468876310865744e+04
2.491698968678922392e+04
2.503008839441138844e+04
2.514413903364889484e+04
2.525921074681121900e+04
2.537533167788114224e+04
2.549249927596095949e+04
2.561071791223259424e+04
2.572999241119198632e+04
2.585032783630543054e+04
2.597172935385731762e+04
2.609420208532271499e+04
2.621775117052873247e+04
2.634238182460400276e+04
2.334352718124967578e+04
2.344157560968405960e+04
2.354068968529612175e+04
2.364054376286917250e+04
2.374130799026823297e+04
2.384187753890463864e+04
2.393936003618947871e+04
2.403238851976852675e+04
2.412480317510782334e+04
2.480363817511720117e+04
2.469659460709309496e+04
2.459399525896903651e+04
2.449668443034094162e+04
2.440229226649639895e+04
2.430944481401401572e+04
2.421688860532125909e+04
2.259433902316251260e+04
2.250496149441205853e+04
2.268465751126697796e+04
2.277592026786186034e+04
2.286813079453719911e+04
2.296129258014938387e+04
2.305540941853499316e+04
2.315048502033055047e+04
2.324652322883005763e+04
2.334352648428258908e+04
2.344150119811330296e+04
2.491626961530612971e+04
2.502972556653771608e+04
2.514400406308000674e+04
2.525916428586841721e+04
2.537532722815591478e+04
2.549249458525599402e+04
2.561071581312318085e+04
2.572999157033947995e+04
2.585032759697040819e+04
2.597172947657420082e+04
2.609420251493895557e+04
2.621775178432454049e+04
2.634238230051103164e+04
2.646809910634284824e+04
2.659490731579677595e+04
2.354046690245260834e+04
2.364051280441673953e+04
2.374156244648981010e+04
2.384339196069920945e+04
2.394589856173428052e+04
2.404742858141804754e+04
2.414659906466747634e+04
2.424241222545245546e+04
2.433669606850736091e+04
2.502940384919541248e+04
2.491769300122704954e+04
2.481308122602877484e+04
2.471512790048684474e+04
2.461922936420708356e+04
2.452474905175440654e+04
2.443048987746853163e+04
2.277592010983230648e+04
2.268465722346803886e+04
2.286813094829624242e+04
2.296129318436079484e+04
2.305541042634546830e+04
2.315048627369993847e+04
2.324652452611211265e+04
2.334352886907081484e+04
2.344150306467744304e+04
2.354045037815585965e+04
2.364037529822115539e+04
2.514350444083320326e+04
2.525885010611085818e+04
2.537512433747714749e+04
2.549241174790443620e+04
2.561071651234061937e+04
2.572999159694746413e+04
2.585032804677718741e+04
2.597172986084430522e+04
2.609420283633573490e+04
2.621775219150635166e+04
2.634238286539627006e+04
2.646809975762083559e+04
2.659490783328254838e+04
2.672281211940513094e+04
2.685181782172572639e+04
2.374131624061117691e+04
2.384333632809383198e+04
2.394634017496380329e+04
2.405017608465020021e+04
2.415466511064213410e+04
2.425964166629303872e+04
2.435877601505671555e+04
2.445646119283375083e+04
2.455254613178340878e+04
2.525856891527006883e+04
2.514632060694225947e+04
2.503995236197947452e+04
2.493825912808545399e+04
2.484036828908216921e+04
2.474412087683317441e+04
2.464810220256852335e+04
2.296129323593371737e+04
2.286813097821975316e+04
2.305541065110346608e+04
2.315048673010633502e+04
2.324652512639080305e+04
2.334352951139260040e+04
2.344150365950938794e+04
2.354045130031818917e+04
2.364037623304418594e+04
2.374128213572459572e+04
2.384317341640091036e+04
2.537485000650961229e+04
2.549204062796196740e+04
2.561039418742858470e+04
2.572986068509502729e+04
2.585033218202980424e+04
2.597173126717404011e+04
2.609420362128962370e+04
2.621775260119595259e+04
2.634238321359087786e+04
2.646810022440577814e+04
2.659490845920846914e+04
2.672281284806815165e+04
2.685181842769336072e+04
2.698193031489705390e+04
2.711315380667227510e+04
2.394609341541552203e+04
2.405009068109007421e+04
2.415508662289407584e+04
2.426093204248123220e+04
2.436741861246687768e+04
2.447258523740182500e+04
2.457494195995481641e+04
2.467456116596423453e+04
2.477246247400058564e+04
2.549232727016797071e+04
2.537510006412398070e+04
2.526889382312685120e+04
2.516587114846452823e+04
2.506585387860629635e+04
2.496769870978749896e+04
2.486986126297452211e+04
2.315048673605590011e+04
2.305541075124283088e+04
2.324652519206601937e+04
2.334352966757735339e+04
2.344150385861791437e+04
2.354045151147432625e+04
2.364037642681123179e+04
2.374128243387543262e+04
2.384317341650575327e+04
2.394605325904345955e+04
2.404992570563545451e+04
2.561024462145471261e+04
2.572931667769291744e+04
2.584990735168196261e+04
2.597155558317586838e+04
2.609416467725628536e+04
2.621775337932947514e+04
2.634238359716167543e+04
2.646810050536961717e+04
2.659490883428232337e+04
2.672281340460015417e+04
2.685181917780914591e+04
2.698193119258600927e+04
2.711315457742611761e+04
2.724549454382839031e+04
2.737895648633882593e+04
2.415483630633777284e+04
2.426083238415490268e+04
2.436784843945517423e+04
2.447575751509013571e+04
2.458418808443275702e+04
2.469212726123330140e+04
2.479552826855030071e+04
2.489685559015813124e+04
2.499662736502669941e+04
2.573031380679470021e+04
2.561154575827283043e+04
2.550270221817044148e+04
2.539757584902424060e+04
2.529565757739509354e+04
2.519558904500495919e+04
2.509590945179981281e+04
2.334352950432943544e+04
2.324652517776603054e+04
2.344150371452479158e+04
2.354045141889137813e+04
2.364037637848114173e+04
2.374128242381941527e+04
2.384317342976709187e+04
2.394605332645116141e+04
2.404992609008105865e+04
2.415479572860055487e+04
2.426066594907603212e+04
2.584972914604696052e+04
2.597097921255758774e+04
2.609374890349341513e+04
2.621756594769336516e+04
2.634235969271169233e+04
2.646810076899897467e+04
2.659490907295782745e+04
2.672281374357094683e+04
2.685181969005950668e+04
2.698193193650554167e+04
2.711315555310073614e+04
2.724549566361516190e+04
2.737895749802992577e+04
2.751354638285253895e+04
2.764926783472763418e+04
2.436758633225622179e+04
2.447559919300953698e+04
2.458469141640120142e+04
2.469476842973641760e+04
2.480570500831296886e+04
2.491527559607793228e+04
2.502029287889445550e+04
2.512352892665615946e+04
2.522518198653539002e+04
2.597227615199048887e+04
2.585262960579053106e+04
2.574108616680217892e+04
2.563380037507235829e+04
2.552982515072449678e+04
2.542784263023126914e+04
2.532632619646880994e+04
2.354045109187735579e+04
2.344150354263964982e+04
2.364037607620404378e+04
2.374128218527078934e+04
2.384317326129878347e+04
2.394605322083927967e+04
2.404992603066136144e+04
2.415479571194661912e+04
2.426066633002058734e+04
2.436754198739923231e+04
2.447542643421256435e+04
2.609326007667216982e+04
2.621713095320872162e+04
2.634198451518750153e+04
2.646797867177672742e+04
2.659490002254991850e+04
2.672281400136442971e+04
2.685182007704327407e+04
2.698193251240070094e+04
2.711315635666181697e+04
2.724549673986860944e+04
2.737895880570243389e+04
2.751354779631935526e+04
2.764926907421745636e+04
2.778612811466795029e+04
2.792413059135392541e+04
2.458437153433571439e+04
2.469444107305173020e+04
2.480569495028767051e+04
2.491793910326207333e+04
2.503100711716500155e+04
2.514233541648687606e+04
2.524945405531925280e+04
2.535463385026152901e+04
2.545819444404534079e+04
2.621761883781486540e+04
2.609701925472667790e+04
2.598351979129530446e+04
2.587422289728241230e+04
2.576832028255297701e+04
2.566444082478802375e+04
2.556112825221521780e+04
2.374128174906001004e+04
2.364037578583878712e+04
2.384317286582368615e+04
2.394605291017821582e+04
2.404992581007083572e+04
2.415479556816367040e+04
2.426066624271216642e+04
2.436754194231229485e+04
2.447542681916350193e+04
2.458432506251128507e+04
2.469424045793926416e+04
2.634206711690255906e+04
2.646762495798921736e+04
2.659463635710150629e+04
2.672275633387454945e+04
2.685181980012062922e+04
2.698193307040644868e+04
2.711315715744017507e+04
2.724549780963116427e+04
2.737896010640813984e+04
2.751354930838284781e+04
2.764927071719739979e+04
2.778612972914462443e+04
2.792413187604502673e+04
2.806328278531313481e+04
2.820358826788680744e+04
2.480522937261054540e+04
2.491741236621445205e+04
2.503090269451027780e+04
2.514558705427874156e+04
2.525978400723786399e+04
2.537275090126598298e+04
2.548293600151154169e+04
2.559048808625567108e+04
2.569570967364942771e+04
2.646907643849974193e+04
2.634691569827645799e+04
2.623002987621389912e+04
2.611876343671758877e+04
2.601100805089901041e+04
2.590529548291043830e+04
2.580024040594352482e+04
2.394605241368817587e+04
2.384317250776097353e+04
2.404992536618785016e+04
2.415479522346030353e+04
2.426066599958653751e+04
2.436754178318798586e+04
2.447542672099822448e+04
2.458432500870512376e+04
2.469424088502507584e+04
2.480517862622915345e+04
2.491714268985986200e+04
2.659483635145823428e+04
2.672248182215873385e+04
2.685165781418356710e+04
2.698191034133375433e+04
2.711315737337697647e+04
2.724549904405110647e+04
2.737896169298610766e+04
2.751355115914607086e+04
2.764927258637029809e+04
2.778613157347793094e+04
2.792413365463250011e+04
2.806328436429049179e+04
2.820358936365798218e+04
2.834505434771472937e+04
2.848768515406981533e+04
2.503020845012501013e+04
2.514456592951124185e+04
2.526030657223448725e+04
2.537668758323061411e+04
2.549384453008768105e+04
2.560992829733925100e+04
2.572302006067636830e+04
2.583123261625825762e+04
2.593739647438457541e+04
2.672384168922321624e+04
2.659871102783238530e+04
2.647957401360923177e+04
2.636740380528651076e+04
2.625789571655841428e+04
2.615032426661682621e+04
2.604350872283619537e+04
2.415479469638005321e+04
2.404992497445827394e+04
2.426066553135212234e+04
2.436754142168108592e+04
2.447542646717751995e+04
2.458432484259848206e+04
2.469424078191197987e+04
2.480517856789246071e+04
2.491714252620478510e+04
2.503013700969274214e+04
2.514417046928267882e+04
2.685190728730411502e+04
2.698170167340007538e+04
2.711307726894617736e+04
2.724548953300129870e+04
2.737896300107958086e+04
2.751355352596550074e+04
2.764927517616526166e+04
2.778613418609358268e+04
2.792413577435430489e+04
2.806328620521330231e+04
2.820359101161692524e+04
2.834505577247029214e+04
2.848768612691668386e+04
2.863148771746052080e+04
2.877646632289420450e+04
2.525935704910455388e+04
2.537591296006266566e+04
2.549365616230640808e+04
2.561192103296000278e+04
2.573075526924761652e+04
2.584865477995512992e+04
2.596785039775105543e+04
2.607505674140492920e+04
2.618293892932841845e+04
2.698352939774781407e+04
2.685784104798849148e+04
2.673688479190027283e+04
2.662086404767289059e+04
2.650916541681170565e+04
2.639941562347098079e+04
2.629088004221474330e+04
2.436754087877111670e+04
2.426066512319794856e+04
2.447542598608580374e+04
2.458432447198705631e+04
2.469424052213947652e+04
2.480517839773984815e+04
2.491714242012756222e+04
2.503013695935902433e+04
2.514416642877304184e+04
2.525923522861828678e+04
2.537536255572742084e+04
2.711333053503464907e+04
2.724539160980164525e+04
2.737896219075092813e+04
2.751356979288965522e+04
2.764927953429125773e+04
2.778613762304949341e+04
2.792413892433550791e+04
2.806328887114822646e+04
2.820359288709352768e+04
2.834505743866214107e+04
2.848768772724270821e+04
2.863148930125985862e+04
2.877646767072315197e+04
2.892262849039850698e+04
2.906997763998400842e+04
2.549270278861882980e+04
2.561135941335241296e+04
2.573089971480410532e+04
2.585132104049457485e+04
2.597287921194008595e+04
2.609325738095831548e+04
2.621012674345824053e+04
2.632248711028667822e+04
2.643259693592696567e+04
2.724701765339919439e+04
2.711917974866602526e+04
2.699666153795225182e+04
2.687887899344078687e+04
2.676491253481251988e+04
2.665310675995888960e+04
2.654251800116093364e+04
2.458432391964381168e+04
2.447542556884173246e+04
2.469424003303424615e+04
2.480517802131258577e+04
2.491714215635646178e+04
2.503013678661265658e+04
2.514416632079456394e+04
2.525923521715661991e+04
2.537534797057521064e+04
2.549250896234535685e+04
2.561075366980959734e+04
2.737917725705688645e+04
2.751369300669869699e+04
2.764939930911120609e+04
2.778618114325331044e+04
2.792414498412545436e+04
2.806329229828023745e+04
2.820359569481073777e+04
2.834505951482828459e+04
2.848768956770556179e+04
2.863149132850378737e+04
2.877646982765992652e+04
2.892263077865803280e+04
2.906997971146039708e+04
2.921852260786450279e+04
2.936826577458804240e+04
2.573023189389078107e+04
2.585083332591420549e+04
2.597231815536537033e+04
2.609492318428165163e+04
2.621813672108856190e+04
2.634225641279740375e+04
2.646189121410396547e+04
2.657437923069377939e+04
2.668658956429030150e+04
2.751501294044163660e+04
2.738472422717178779e+04
2.726034139933448387e+04
2.714077278369499254e+04
2.702496622840682176e+04
2.691143518763707470e+04
2.679858943376039315e+04
2.480517746198660461e+04
2.469423960970040571e+04
2.491714166121484232e+04
2.503013640555290840e+04
2.514416605389300457e+04
2.525923504249423786e+04
2.537534786842235189e+04
2.549250906707800459e+04
2.561072318843319954e+04
2.572999455376194965e+04
2.585037122633867330e+04
2.764991770236293451e+04
2.778660184832585219e+04
2.792438123889536291e+04
2.806330434088272159e+04
2.820359710338172954e+04
2.834506160843616817e+04
2.848769195231300546e+04
2.863149390684349055e+04
2.877647295852110256e+04
2.892263411931439259e+04
2.906998285456674057e+04
2.921852549495823041e+04
2.936826789747558360e+04
2.951921657036273609e+04
2.967137820878691491e+04
2.597192101465346059e+04
2.609444170636014314e+04
2.621803080112401221e+04
2.634280099677980252e+04
2.646837752814700070e+04
2.659299365153259350e+04
2.671398488478855506e+04
2.683054643343584030e+04
2.694495376418682281e+04
2.778794376454362646e+04
2.765227077176130842e+04
2.752805373331060764e+04
2.740692961255168484e+04
2.728929434311859586e+04
2.717384610004496062e+04
2.705903069944555682e+04
2.503013584019367772e+04
2.491714123339079742e+04
2.514416555350889394e+04
2.525923465742480403e+04
2.537534759889684574e+04
2.549250890230009463e+04
2.561072314511837249e+04
2.572999493758773679e+04
2.585032892946815991e+04
2.597172951397345969e+04
2.609423940122247222e+04
2.792546788234640917e+04
2.806400826426433559e+04
2.820385562489736185e+04
2.834505002546934702e+04
2.848769214061356251e+04
2.863149699899860934e+04
2.877647735198960800e+04
2.892263955811109554e+04
2.906998833418704817e+04
2.921853001782342108e+04
2.936827120230103537e+04
2.951921875295047357e+04
2.967137886457737113e+04
2.982475819133897312e+04
2.997936323942590388e+04
2.621780840109678320e+04
2.634235455496947907e+04
2.646810596966432058e+04
2.659513595704531690e+04
2.672313802347233650e+04
2.685186476760562437e+04
2.697371023249957580e+04
2.709121441784284252e+04
2.720766047583617546e+04
2.806629483912111027e+04
2.792872371214380473e+04
2.780063644510459926e+04
2.767755101809946427e+04
2.755801973077252842e+04
2.744062829212897850e+04
2.732379270598110816e+04
2.525923408642498543e+04
2.514416512206579137e+04
2.537534709347461467e+04
2.549250851350755329e+04
2.561072288209111139e+04
2.572999481846573690e+04
2.585032900677432553e+04
2.597173020624648780e+04
2.609420331072574481e+04
2.621775236501927066e+04
2.634238802288121951e+04
2.820526202259646743e+04
2.834577622576362410e+04
2.848786692552017121e+04
2.863149220845578020e+04
2.877648393805286105e+04
2.892264792298492466e+04
2.906999769542508875e+04
2.921853900116849763e+04
2.936827754959786762e+04
2.951922209989859766e+04
2.967138033045825432e+04
2.982475807578180320e+04
2.997936158419706044e+04
3.013519694309950864e+04
3.029226997806098370e+04
2.646800115275459757e+04
2.659465260128214140e+04
2.672269240551820621e+04
2.685210044038336127e+04
2.698257263626158237e+04
2.711129871959841694e+04
2.723534708359262731e+04
2.735602732201540493e+04
2.747474507377514965e+04
2.834843942821312521e+04
2.821045623975686613e+04
2.807844820075477401e+04
2.795284590913899228e+04
2.783124330443761937e+04
2.771184199433765025e+04
2.759296431733047575e+04
2.549250793685806275e+04
2.537534665828298967e+04
2.561072237167645289e+04
2.572999442032798834e+04
2.585032873901055063e+04
2.597173008075333564e+04
2.609420329711731392e+04
2.621775337765384393e+04
2.634238526911057124e+04
2.646810084133201963e+04
2.659486575572160291e+04
2.848923212327824149e+04
2.863195971344040663e+04
2.877648625947514302e+04
2.892262485107618340e+04
2.907001922285915134e+04
2.921855430154430724e+04
2.936829013155433859e+04
2.951923061520627743e+04
2.967138357202297266e+04
2.982475763952151465e+04
2.997935986533361211e+04
3.013519436286429118e+04
3.029226697434761809e+04
3.045058312137863322e+04
3.061014835785256582e+04
2.672259432541521164e+04
2.685146680696614203e+04
2.698186246220031171e+04
2.711361452124022253e+04
2.724667712678263706e+04
2.737626385094202124e+04
2.750254155829324736e+04
2.762547064272428179e+04
2.774634527294514191e+04
2.863445799857345628e+04
2.849367007842836392e+04
2.835916826195545218e+04
2.823263915770310632e+04
2.810903777483291560e+04
2.798756132603967490e+04
2.786663003142657180e+04
2.572999383786683393e+04
2.561072193208843237e+04
2.585032819196536730e+04
2.597172959910439022e+04
2.609420286215292072e+04
2.621775288842784357e+04
2.634238469215552323e+04
2.646810334349743789e+04
2.659491398883669535e+04
2.672281441585881112e+04
2.685180265506058640e+04
2.877750830693712851e+04
2.892278518232072020e+04
2.906988425067186836e+04
2.921853478100376742e+04
2.936832510659383479e+04
2.951924700387342818e+04
2.967139215884999794e+04
2.982475907433766406e+04
2.997935703763850688e+04
3.013519025988270005e+04
3.029226301009333110e+04
3.045057976567654623e+04
3.061014591666234992e+04
3.077096698896127054e+04
3.093304914985562209e+04
2.698165193021898085e+04
2.711287110555543404e+04
2.724554711779947320e+04
2.737952579290591893e+04
2.751475201166045372e+04
2.764679102521281675e+04
2.777459476738053127e+04
2.789966758278746784e+04
2.802248351307475605e+04
2.892494187361517106e+04
2.878390933041973040e+04
2.864820177105040057e+04
2.851756920209300006e+04
2.839154761426793630e+04
2.826784057207444494e+04
2.814486028778644322e+04
2.597172895208564296e+04
2.585032774767313458e+04
2.609420214701765144e+04
2.621775209415253994e+04
2.634238371323436513e+04
2.646810197808128214e+04
2.659491188722476727e+04
2.672281835048146968e+04
2.685182574671874681e+04
2.698192825494143835e+04
2.711305552229293608e+04
2.907050042910971388e+04
2.921845693536284671e+04
2.936817382923852347e+04
2.951925531641741327e+04
2.967139874647773104e+04
2.982476431365299504e+04
2.997935569680805202e+04
3.013518412051984342e+04
3.029225640832219142e+04
3.045057456122718941e+04
3.061014214739095769e+04
3.077096476189689929e+04
3.093304825235833050e+04
3.109639898846278084e+04
3.126102397674655731e+04
2.724524363876068310e+04
2.737878730438313505e+04
2.751364095303329304e+04
2.764973357412594851e+04
2.778583003167104107e+04
2.792181629966573746e+04
2.805215568006000831e+04
2.817822130100606591e+04
2.830324850409513238e+04
2.921923314401225070e+04
2.907518875106891574e+04
2.893922998567214017e+04
2.880720438408612972e+04
2.867886208674168665e+04
2.855246156987049108e+04
2.842767466318959850e+04
2.621775121648419008e+04
2.609420162856721436e+04
2.634238259768975331e+04
2.646810059635287689e+04
2.659491012042068178e+04
2.672281608036718171e+04
2.685182332223319099e+04
2.698193655251371092e+04
2.711316166894152047e+04
2.724549190229575106e+04
2.737885526269582988e+04
2.936857722366746384e+04
2.951912327772265053e+04
2.967137429879633783e+04
2.982480613429902587e+04
2.997934903029193447e+04
3.013517946776712779e+04
3.029224690104680121e+04
3.045056648190350461e+04
3.061013643950154437e+04
3.077096112478344003e+04
3.093304631478953888e+04
3.109639841732119021e+04
3.126102419798526898e+04
3.142693069828802254e+04
3.159412531999499697e+04
2.751337764343582603e+04
2.764916216725877530e+04
2.778619104125317608e+04
2.792434419240003626e+04
2.806259085933609094e+04
2.819918654500531557e+04
2.833184483802722025e+04
2.846166038708887572e+04
2.858872514366394898e+04
2.952025297746384240e+04
2.937461830404803550e+04
2.923491157547561670e+04
2.910085844673353495e+04
2.897070057465938226e+04
2.884270486416094718e+04
2.871526537710621778e+04
2.646809930043734494e+04
2.634238182284532013e+04
2.659490848918313350e+04
2.672281415644494700e+04
2.685182113308347107e+04
2.698193425711402597e+04
2.711315833869345443e+04
2.724549797420021423e+04
2.737895613508654060e+04
2.751352528468833407e+04
2.764919003431249075e+04
2.967158131704038897e+04
2.982477815297964844e+04
2.997945585078290605e+04
3.013524833614794261e+04
3.029224392809231722e+04
3.045055796960140287e+04
3.061012828874925253e+04
3.077095607101962014e+04
3.093304355067777215e+04
3.109639712730370229e+04
3.126102393528508765e+04
3.142693114379197868e+04
3.159412587035208344e+04
3.176261525204470672e+04
3.193240652335641789e+04
2.778602242223811118e+04
2.792403746603883701e+04
2.806331941701419055e+04
2.820356924813675505e+04
2.834421168139468864e+04
2.848252805098983299e+04
2.862005762231211702e+04
2.874974353138115839e+04
2.887886923167790155e+04
2.982648803572179168e+04
2.967550877162228062e+04
2.953518999156220889e+04
2.939914831434610460e+04
2.926702248494281957e+04
2.913710974631526551e+04
2.900765312022251237e+04
2.672281247556192466e+04
2.659490731068369860e+04
2.685181925259669879e+04
2.698193235131379697e+04
2.711315661847640513e+04
2.724549699034477453e+04
2.737895840075278466e+04
2.751354564049843248e+04
2.764926298931086421e+04
2.778610791404075280e+04
2.792408504689500478e+04
2.997959314117398389e+04
3.013535439370769018e+04
3.029244730277028793e+04
3.045064007745674098e+04
3.061013791564246640e+04
3.077095219564500439e+04
3.093304038403436425e+04
3.109639585422769596e+04
3.126102352918556062e+04
3.142693123293068857e+04
3.159412635895180938e+04
3.176261598138670888e+04
3.193240708031340910e+04
3.210350666192905555e+04
3.227592179771543670e+04
2.806321420452406164e+04
2.820351638533877849e+04
2.834507892753489432e+04
2.848750345710504553e+04
2.863079704549159578e+04
2.877085114488468025e+04
2.890860591680602738e+04
2.904218016510214147e+04
2.917380070964412880e+04
3.013579082434934026e+04
2.998421997930558791e+04
2.984023051983608457e+04
2.970217129359340834e+04
2.956808522712028935e+04
2.943618980201851446e+04
2.930471984884955964e+04
2.698193066537989580e+04
2.685181781180070902e+04
2.711315506474583526e+04
2.724549581665295773e+04
2.737895794498504620e+04
2.751354664186940136e+04
2.764926717347986050e+04
2.778612511327696484e+04
2.792412658422303139e+04
2.806327455493105299e+04
2.820357964508036093e+04
3.029266816637433658e+04
3.045089081737810557e+04
3.061037875209105550e+04
3.077104588744033754e+04
3.093306589833506951e+04
3.109639606310907038e+04
3.126102397466602633e+04
3.142693168048077496e+04
3.159412673267476566e+04
3.176261644668317240e+04
3.193240772630118227e+04
3.210350739989842623e+04
3.227592236118385335e+04
3.244965957722722669e+04
3.262472623177359856e+04
2.834502261337218442e+04
2.848764536552596837e+04
2.863148424989015621e+04
2.877630755916455018e+04
2.892096353312817882e+04
2.906555773047113325e+04
2.920358452269946065e+04
2.934002931165267364e+04
2.947359070951677859e+04
3.045118876157732666e+04
3.029837072236840686e+04
3.015052159183044932e+04
3.001014192984459442e+04
2.987402427258432363e+04
2.974011149098992973e+04
2.960657782681231402e+04
2.724549462077404678e+04
2.711315379281690184e+04
2.737895718468413179e+04
2.751354650518745257e+04
2.764926798551878892e+04
2.778612722721511454e+04
2.792413013317033983e+04
2.806328324825294840e+04
2.820359355520745157e+04
2.834506684857410073e+04
2.848770854219672401e+04
3.061075465399933455e+04
3.077139821734849829e+04
3.093329374720915439e+04
3.109648864377311475e+04
3.126103587811347097e+04
3.142693275394068041e+04
3.159412774399330738e+04
3.176261695065295135e+04
3.193240811475596274e+04
3.210350789708532102e+04
3.227592301462398245e+04
3.244966032352671391e+04
3.262472680195144494e+04
3.280112952847220004e+04
3.297887580090750998e+04
2.863148815026502052e+04
2.877641749567477018e+04
2.892255815239275762e+04
2.906961211385966453e+04
2.921635562205970564e+04
2.936146130007520333e+04
2.950617054627451216e+04
2.964249040298224645e+04
2.977815991527477672e+04
3.077269753989824312e+04
3.061648579106211764e+04
3.046417959641762354e+04
3.032307352235711369e+04
3.018498150179182994e+04
3.004899443261950000e+04
2.991332869851049691e+04
2.751354603626401877e+04
2.737895647220306273e+04
2.764926791334573136e+04
2.778612758777160707e+04
2.792413090224421467e+04
2.806328390018147547e+04
2.820359297536893791e+04
2.834506456975881520e+04
2.848770480414602207e+04
2.863151870802666599e+04
2.877650784937780918e+04
3.093388782747808364e+04
3.109685135843465105e+04
3.126120962749856335e+04
3.142694325800226579e+04
3.159410089136934039e+04
3.176261744113353416e+04
3.193240857588497965e+04
3.210350817835330963e+04
3.227592336269870793e+04
3.244966082655342689e+04
3.262472746301235384e+04
3.280113028361244506e+04
3.297887637817440554e+04
3.315797293835605524e+04
3.333842737689394562e+04
2.892262271072618387e+04
2.906986558081872136e+04
2.921829841733663125e+04
2.936734826333412275e+04
2.951648579594652620e+04
2.966391807913922457e+04
2.980871424579157974e+04
2.994939394933839867e+04
3.008768540612858851e+04
3.109800138142554715e+04
3.093748391933098901e+04
3.078742505578516284e+04
3.064166072422098296e+04
3.050111969925240192e+04
3.036294334481323313e+04
3.022510741040572975e+04
2.778612744974177986e+04
2.764926782523949805e+04
2.792413059756033545e+04
2.806328321532081100e+04
2.820359133525885773e+04
2.834506095053713943e+04
2.848769774244820292e+04
2.863150692374165737e+04
2.877649281183849598e+04
2.892265673909597172e+04
2.907001070542805610e+04
3.126193213511738577e+04
3.142723640028305454e+04
3.159412583159131827e+04
3.176247442871004387e+04
3.193235707751349764e+04
3.210350815306999721e+04
3.227592353104601716e+04
3.244966105420615349e+04
3.262472781532341833e+04
3.280113079268648289e+04
3.297887704710423714e+04
3.315797370232470712e+04
3.333842796115907549e+04
3.352024712884356268e+04
3.370343873511959100e+04
2.921844845341752807e+04
2.936803783666213349e+04
2.951874208011954397e+04
2.967008519277193773e+04
2.982141599568165475e+04
2.997154280879615908e+04
3.011847558324432975e+04
3.026179205135133452e+04
3.040243361517840458e+04
3.142918648096796824e+04
3.126756484143645139e+04
3.111272445640269507e+04
3.096540446984257505e+04
3.082240759619923847e+04
3.068198659850693366e+04
3.054199649699811198e+04
2.806328230396469371e+04
2.792413058895441645e+04
2.820358934960764236e+04
2.834505756367010690e+04
2.848769250986264888e+04
2.863149926388979293e+04
2.877648220830925857e+04
2.892264516984504371e+04
2.906999125355844808e+04
2.921852668112080210e+04
2.936824419049168137e+04
3.159487815452056748e+04
3.176264237862215305e+04
3.193214635944211113e+04
3.210327409406427250e+04
3.227588015048860325e+04
3.244966096468624892e+04
3.262472794691480885e+04
3.280113102308018279e+04
3.297887740381402546e+04
3.315797421765470062e+04
3.333842863827082328e+04
3.352024790240013681e+04
3.370343932652998046e+04
3.388801033130211727e+04
3.407396856413572095e+04
2.951907766901923969e+04
2.967105581076559611e+04
2.982413621168681493e+04
2.997802508158410274e+04
3.013185123310621930e+04
3.028441844090631275e+04
3.043412394843701259e+04
3.057980634465595722e+04
3.072236860341190186e+04
3.176412896254461884e+04
3.159955725604725012e+04
3.144216021042722787e+04
3.129353361081964613e+04
3.114860486166384726e+04
3.100604255808142989e+04
3.086393186725749911e+04
2.834505475521451444e+04
2.820358826863915601e+04
2.848768814755648782e+04
2.863149355729796298e+04
2.877647572586681054e+04
2.892263850580732469e+04
2.906998630333219262e+04
2.921852355416496357e+04
2.936825490089163577e+04
2.951918292767976527e+04
2.967131438584297939e+04
3.193264816449331920e+04
3.210325750100282676e+04
3.227549818076055453e+04
3.244947650227551640e+04
3.262470630332317160e+04
3.280113103995147685e+04
3.297887754134425631e+04
3.315797445110038825e+04
3.333842899994027539e+04
3.352024842506999266e+04
3.370344001349098835e+04
3.388801111607065104e+04
3.407396916457503539e+04
3.426132169544089265e+04
3.445007647516375437e+04
2.982458716134671704e+04
2.997905767278937856e+04
3.013471240990188380e+04
3.029121962555989739e+04
3.044762897532258648e+04
3.060499035313314016e+04
3.075643063233579232e+04
3.090284534916722623e+04
3.104721662046798156e+04
3.210578245332992810e+04
3.193992891885340578e+04
3.178059544928587275e+04
3.162743816510375473e+04
3.147986800976749510e+04
3.133506435940203664e+04
3.119080131622880799e+04
2.863148902342240035e+04
2.848768514866977057e+04
2.877647043898291668e+04
2.892263392968548578e+04
2.906998363826275454e+04
2.921852397416890017e+04
2.936826061110474984e+04
2.951919841155443646e+04
2.967134994197122069e+04
2.982471714650505965e+04
2.997930377395169126e+04
3.227615880409529564e+04
3.244926172996867172e+04
3.262436822098763878e+04
3.280103791521838139e+04
3.297887057381321210e+04
3.315797452108909056e+04
3.333842914461627515e+04
3.352024866251281492e+04
3.370344038174136222e+04
3.388801164884829632e+04
3.407396986526600085e+04
3.426132249669286102e+04
3.445007709046133823e+04
3.464024129982569139e+04
3.483182301118529722e+04
3.013506495623661976e+04
3.029211968878183325e+04
3.045043209040272632e+04
3.060944625190217266e+04
3.076873511147278987e+04
3.092671854281655033e+04
3.108120712367256056e+04
3.123036481751516476e+04
3.137688835091568762e+04
3.245104920465597752e+04
3.228127455149212983e+04
3.212163727731178005e+04
3.196664499805752348e+04
3.181636043823703585e+04
3.166912017467169790e+04
3.152261961076974330e+04
2.892262963046027653e+04
2.877646630502841799e+04
2.906998067221228484e+04
2.921852419252579057e+04
2.936826458368048407e+04
2.951920843362540472e+04
2.967136288344214336e+04
2.982473485094489661e+04
2.997933342314818219e+04
3.013516437149118792e+04
3.029222112599421598e+04
3.262480512893604100e+04
3.280076998740425188e+04
3.297867093579451466e+04
3.315792044896645530e+04
3.333842862191350287e+04
3.352024874924858159e+04
3.370344053070867812e+04
3.388801189292247727e+04
3.407397024449533637e+04
3.426132304649340949e+04
3.445007781563587923e+04
3.464024213181826053e+04
3.483182365802206914e+04
3.502483016413449513e+04
3.521926965664376621e+04
3.045053187233742210e+04
3.061017130974432439e+04
3.077106455078016370e+04
3.093254682624516499e+04
3.109444359877234456e+04
3.125657937740179477e+04
3.141146426399271513e+04
3.156302497680037050e+04
3.171151199691134389e+04
3.280266337067591667e+04
3.263171393024160352e+04
3.246771898438073913e+04
3.231040908533143011e+04
3.215788281777729208e+04
3.200826267782855211e+04
3.185946344744380258e+04
2.921852249354264131e+04
2.906997761494771112e+04
2.936826610683482795e+04
2.951921379133409573e+04
2.967137128843285245e+04
2.982474623221212823e+04
2.997934627219823960e+04
3.013517800662476293e+04
3.029224883862447678e+04
3.045056447922586813e+04
3.061012486986698059e+04
3.297894145688467688e+04
3.315776122378619766e+04
3.333826807318396459e+04
3.352020443935895310e+04
3.370344026659522933e+04
3.388801198248910805e+04
3.407397040165725775e+04
3.426132330409264250e+04
3.445007821700366912e+04
3.464024271712474001e+04
3.483182443560198590e+04
3.502483106392162881e+04
3.521927037896696856e+04
3.541515026495745406e+04
3.561247884623523714e+04
3.077096146768157996e+04
3.093318640602122105e+04
3.109651821838270189e+04
3.126051738689739432e+04
3.142572447701095371e+04
3.158969515160886294e+04
3.174862674635933581e+04
3.190058161500960341e+04
3.205111832710897943e+04
3.315852096652644832e+04
3.298347571072711435e+04
3.281882833546484471e+04
3.265928001192579177e+04
3.250448146800400355e+04
3.235256270236165074e+04
3.220143022896262119e+04
2.951921543043001657e+04
2.936826575699484965e+04
2.967137617443807176e+04
2.982475372976128710e+04
2.997935500140855220e+04
3.013518721526650552e+04
3.029225748744374505e+04
3.045057204537887083e+04
3.061013721144687224e+04
3.077095861023087127e+04
3.093304132427205332e+04
3.333867628639020404e+04
3.352012842695978907e+04
3.370329537432824873e+04
3.388799077260925696e+04
3.407397031879824499e+04
3.426132340429638862e+04
3.445007839335304016e+04
3.464024300637244596e+04
3.483182488821987499e+04
3.502483172994844062e+04
3.521927127608894807e+04
3.541515132058937888e+04
3.561247974974371755e+04
3.581126455560899194e+04
3.601151397490993986e+04
3.109640165743550097e+04
3.126114467851533482e+04
3.142692696597440590e+04
3.159349387013932937e+04
3.176042702281607853e+04
3.192767541755484490e+04
3.208812024884296625e+04
3.224268956079241252e+04
3.239587461201228507e+04
3.352227504187378509e+04
3.334531133282924566e+04
3.317558865306001826e+04
3.301348072407379368e+04
3.285639042096817138e+04
3.270216407116931805e+04
3.254866886822165907e+04
2.982475729659280842e+04
2.967137820865103276e+04
2.997936044546303674e+04
3.013519359515695032e+04
3.029226373276458980e+04
3.045057755064210141e+04
3.061014158641180256e+04
3.077096194587569335e+04
3.093304463104797105e+04
3.109639553653916300e+04
3.126102093652840631e+04
3.370390390532800666e+04
3.388796236258093268e+04
3.407395414236438955e+04
3.426134397848681692e+04
3.445007958113170753e+04
3.464024314564087399e+04
3.483182511750869162e+04
3.502483210261043132e+04
3.521927185519579507e+04
3.541515217520161968e+04
3.561248091384694999e+04
3.581126595209090010e+04
3.601151527528426232e+04
3.621323697938914120e+04
3.641643940676245984e+04
3.142693958142992415e+04
3.159415371032011535e+04
3.176241315243857753e+04
3.193161338838375741e+04
3.210140365247291265e+04
3.226870964546210598e+04
3.243186870727081623e+04
3.259017553676355237e+04
3.274606894627020301e+04
3.389078810582858569e+04
3.371014228668172291e+04
3.353837189121978736e+04
3.337337673512894253e+04
3.321380029015309992e+04
3.305721199391200207e+04
3.290132542630226089e+04
3.013519701979782258e+04
2.997936325334904177e+04
3.029226778042731530e+04
3.045058155344419720e+04
3.061014498485373406e+04
3.077096453102010491e+04
3.093304653641114419e+04
3.109639720163111997e+04
3.126102275761902274e+04
3.142692972334428123e+04
3.159412549688939180e+04
3.407463703147827619e+04
3.426150427372926060e+04
3.445023321222632512e+04
3.464031566201595706e+04
3.483182503151534911e+04
3.502483236040308839e+04
3.521927223424206750e+04
3.541515277106734720e+04
3.561248180739044619e+04
3.581126723618453980e+04
3.601151699158212432e+04
3.621323903813248762e+04
3.641644144634565600e+04
3.662113243749190588e+04
3.682732048563157878e+04
3.176261866422106687e+04
3.193235021392077397e+04
3.210309734434369602e+04
3.227500077961909119e+04
3.244771467915708854e+04
3.261904280597680554e+04
3.278246445664178464e+04
3.294338446879819821e+04
3.310180238101556461e+04
3.426426141755863500e+04
3.408255077870454261e+04
3.390718048413946963e+04
3.373913239676331432e+04
3.357686118905159674e+04
3.341781288010661228e+04
3.325950647705949814e+04
3.045058373587821188e+04
3.029226999418763080e+04
3.061014718679785437e+04
3.077096644764591474e+04
3.093304799320475649e+04
3.109639826937092948e+04
3.126102375057441168e+04
3.142693097632866920e+04
3.159412680255846135e+04
3.176261863671588435e+04
3.193241437188767304e+04
3.445100330418301019e+04
3.464071955864557094e+04
3.483209771176618960e+04
3.502495616239168885e+04
3.521927354220699635e+04
3.541515335111960303e+04
3.561248259503295412e+04
3.581126840792666189e+04
3.601151862754174363e+04
3.621324122153524513e+04
3.641644415452399699e+04
3.662113554827478220e+04
3.682732356887244532e+04
3.703501666220879997e+04
3.724422354648591136e+04
3.210351093672562274e+04
3.227579742129074293e+04
3.244914053582023189e+04
3.262360384245025125e+04
3.279821323205137014e+04
3.297052535112736223e+04
3.313855366377548489e+04
3.330221074549681362e+04
3.346317626703291899e+04
3.464321780976145965e+04
3.445831368742595805e+04
3.428094963883126184e+04
3.411042727134101733e+04
3.394555397903316771e+04
3.378401688952385302e+04
3.362331258227604121e+04
3.077096737740053504e+04
3.061014836759521859e+04
3.093304880975733977e+04
3.109639888959796008e+04
3.126102417529192098e+04
3.142693130481123444e+04
3.159412707838689676e+04
3.176261853411185439e+04
3.193241305081635073e+04
3.210351804767231806e+04
3.227594078250687744e+04
3.483300834153050528e+04
3.502541943856055150e+04
3.521962769597711304e+04
3.541527941843782173e+04
3.561248317060696718e+04
3.581126983362485043e+04
3.601152046608777164e+04
3.621324376445130474e+04
3.641644734184217668e+04
3.662113930111481022e+04
3.682732766379143868e+04
3.703502093415358104e+04
3.724422746318904683e+04
3.745495608638700651e+04
3.766721592965875607e+04
3.244968635957173319e+04
3.262450845637663951e+04
3.280052508187480998e+04
3.297740029928021249e+04
3.315463147394268162e+04
3.333132426981533354e+04
3.350076640421253978e+04
3.366703666126574535e+04
3.383034284325983754e+04
3.502786797196599218e+04
3.483768593268553377e+04
3.465936073345738259e+04
3.448685474976955447e+04
3.431970804249295907e+04
3.415580059686210006e+04
3.399276135341775080e+04
3.109639897526665300e+04
3.093304915252039791e+04
3.126102412799054582e+04
3.142693110090972550e+04
3.159412666924101723e+04
3.176261773453824208e+04
3.193241135590830163e+04
3.210351467999924716e+04
3.227593453533461434e+04
3.244967718169864384e+04
3.262475118237662900e+04
3.522046181772297132e+04
3.541572378255215153e+04
3.561283645400596288e+04
3.581126575243871048e+04
3.601152177409367141e+04
3.621324726663625188e+04
3.641645157477117755e+04
3.662114459515713679e+04
3.682733339692030131e+04
3.703502664122503484e+04
3.724423269664713007e+04
3.745496076024909416e+04
3.766721946233449853e+04
3.788101805746671016e+04
3.809636599262215168e+04
3.280117123281012027e+04
3.297862510381837637e+04
3.315721165655615187e+04
3.333668129739932192e+04
3.351650612291009747e+04
3.369684033456513862e+04
3.386992210765566415e+04
3.403791731206884288e+04
3.420313256155751151e+04
3.541835130691179074e+04
3.522471153461097128e+04
3.504332827794808691e+04
3.486866942622143688e+04
3.469931012067198753e+04
3.453311060865352920e+04
3.436774259187608550e+04
3.142693059695480406e+04
3.126102397614196889e+04
3.159412586882658434e+04
3.176261655476906162e+04
3.193240956738878958e+04
3.210351182649754628e+04
3.227593019415232629e+04
3.244967119264303983e+04
3.262474039213143624e+04
3.280114332162502251e+04
3.297889342083821975e+04
3.561334123229581746e+04
3.581180780027191940e+04
3.601174962705728831e+04
3.621323052896487934e+04
3.641645383021765883e+04
3.662115237249530765e+04
3.682734186686207977e+04
3.703503596511229262e+04
3.724424104160416027e+04
3.745496742484037532e+04
3.766722430988564884e+04
3.788102134085789294e+04
3.809636730401808018e+04
3.831327148266037693e+04
3.853174311443806073e+04
3.315794474134098709e+04
3.333812150666923117e+04
3.351935632365894708e+04
3.370173560944217024e+04
3.388473640553683072e+04
3.406586769779337919e+04
3.424478853526874445e+04
3.441381924593548320e+04
3.458124007445267489e+04
3.581439941189619276e+04
3.562087354525538831e+04
3.543394221892475616e+04
3.525636546587300109e+04
3.508458208056608419e+04
3.491599589841894340e+04
3.474819812290948903e+04
3.176261532948098829e+04
3.159412531857444264e+04
3.193240773932171214e+04
3.210350930326287562e+04
3.227592676009524439e+04
3.244966672716958783e+04
3.262473566367514650e+04
3.280113883965882269e+04
3.297888179724753718e+04
3.315797192741659819e+04
3.333841629689860565e+04
3.601238319576667709e+04
3.621367196923212759e+04
3.641644784444003744e+04
3.662109534127037477e+04
3.682734768573299516e+04
3.703504986198606639e+04
3.724425488003611099e+04
3.745497989048273303e+04
3.766723282410695538e+04
3.788102588894288783e+04
3.809636938846711564e+04
3.831327162827717257e+04
3.853174134436916938e+04
3.875178719877885305e+04
3.897341769920109073e+04
3.352019997626681288e+04
3.370306748187859921e+04
3.388718337727863400e+04
3.407265706861300714e+04
3.425959464213656611e+04
3.444267091294520651e+04
3.462175405912420683e+04
3.479467384464020142e+04
3.496471831644836493e+04
3.621527098049476626e+04
3.602122285499179270e+04
3.582915841322639608e+04
3.565019865443606250e+04
3.547583904052807338e+04
3.530465594241077633e+04
3.513426325662285672e+04
3.210350711731999399e+04
3.193240651929976957e+04
3.227592387514374786e+04
3.244966326188570019e+04
3.262473173816418785e+04
3.280113575081019371e+04
3.297888121454243810e+04
3.315797395232518465e+04
3.333842114732607297e+04
3.352023104672466434e+04
3.370340995588069927e+04
3.641754747673017118e+04
3.662128879089630937e+04
3.682714090504469641e+04
3.703493501256750460e+04
3.724425433663358126e+04
3.745499800399883679e+04
3.766724841441139142e+04
3.788103656223972939e+04
3.809637348134050262e+04
3.831327118950383010e+04
3.853173934914838901e+04
3.875178422525406495e+04
3.897341415098734433e+04
3.919663709505707084e+04
3.942146118550204119e+04
3.388791263370888919e+04
3.407355959160932252e+04
3.426076052072760649e+04
3.444933163491149753e+04
3.463771530317926954e+04
3.482671659433187597e+04
3.500594472712961579e+04
3.518106319866646663e+04
3.535383420243021828e+04
3.662476327644866979e+04
3.642671688410585193e+04
3.623601500998600386e+04
3.605124306307156803e+04
3.587351350530199852e+04
3.569939295874172967e+04
3.552621448543000588e+04
3.244966040727507789e+04
3.227592178705043625e+04
3.262472864826627847e+04
3.280113280809550633e+04
3.297887941052809038e+04
3.315797511761639907e+04
3.333842603502397105e+04
3.352023981296629790e+04
3.370342518899864081e+04
3.388799013295899931e+04
3.407394057949170383e+04
3.682798080396367004e+04
3.703481103820727731e+04
3.724386556523382751e+04
3.745485548084139737e+04
3.766725534599749517e+04
3.788105111313187808e+04
3.809638294986837718e+04
3.831327279688469571e+04
3.853173590005805454e+04
3.875177925244439393e+04
3.897340942626619653e+04
3.919663314589991205e+04
3.942145830795509391e+04
3.964789300793012080e+04
3.987594606535671483e+04
3.426118482384704112e+04
3.444970760713620984e+04
3.463995660441330983e+04
3.483132718298288091e+04
3.502267016548552056e+04
3.521418705503040110e+04
3.539485892370593501e+04
3.557306142596188147e+04
3.574899301100339653e+04
3.703848301596904639e+04
3.683716078920423024e+04
3.664498232436656690e+04
3.645864063932500721e+04
3.627763869414824876e+04
3.610041074407808628e+04
3.592431515954885253e+04
3.280113031279423012e+04
3.262472621183712909e+04
3.297887747455142380e+04
3.315797428935925564e+04
3.333842771756793809e+04
3.352024477476199536e+04
3.370343293630336120e+04
3.388800019190119201e+04
3.407395549316948745e+04
3.426130641487851972e+04
3.445005939549858158e+04
3.724437438481156278e+04
3.745444664865305094e+04
3.766679967765024776e+04
3.788095396114784671e+04
3.809639152770191868e+04
3.831327251200156024e+04
3.853173338358532783e+04
3.875177172172052815e+04
3.897340142252363876e+04
3.919662689634301205e+04
3.942145388087823085e+04
3.964789048190601898e+04
3.987594517018537590e+04
4.010562701646034839e+04
4.033694590523250372e+04
3.464003179190806259e+04
3.483155495963344583e+04
3.502466462329496426e+04
3.521862418228740717e+04
3.541315111626515136e+04
3.560375987705489388e+04
3.578960230119522021e+04
3.597159344318872900e+04
3.615046411939294921e+04
3.745571079609346634e+04
3.725519332070784003e+04
3.705978174401060096e+04
3.687110089260526729e+04
3.668768007874137402e+04
3.650760355371640617e+04
3.632862282221696660e+04
3.315797316130763647e+04
3.297887577374695684e+04
3.333842765665781189e+04
3.352024634161588619e+04
3.370343662725043396e+04
3.388800592306997714e+04
3.407396241110225674e+04
3.426131369894404634e+04
3.445006816252790304e+04
3.464023317585199402e+04
3.483181650687075307e+04
3.766722593941786181e+04
3.788034544351552177e+04
3.809605943869020848e+04
3.831325752041872329e+04
3.853173925351040816e+04
3.875175688005940174e+04
3.897338958917582204e+04
3.919661712031155184e+04
3.942144704453417216e+04
3.964788626264144841e+04
3.987594311066575028e+04
4.010562669929546973e+04
4.033694659035297809e+04
4.056991269000215107e+04
4.080453535464533343e+04
3.502461313553274522e+04
3.521909383935713413e+04
3.541496462475091539e+04
3.561161865186178329e+04
3.580826173150863178e+04
3.600264276082155993e+04
3.619213300702904235e+04
3.637650649259637430e+04
3.655814362339567742e+04
3.788302136520256317e+04
3.767720197282009030e+04
3.748013725268842245e+04
3.728918361776338861e+04
3.710336983567792777e+04
3.692071554116938933e+04
3.673899733542679314e+04
3.352024668536615354e+04
3.333842734854105947e+04
3.370343794672572403e+04
3.388800849531726999e+04
3.407396596311617031e+04
3.426131799292909272e+04
3.445007248250938574e+04
3.464023700329311396e+04
3.483181938226546481e+04
3.502482692022257106e+04
3.521920821139236796e+04
3.809620411166934355e+04
3.831269531286213896e+04
3.853160737613379024e+04
3.875178998044289619e+04
3.897339378547605156e+04
3.919660214050710783e+04
3.942143723203692934e+04
3.964788029745438689e+04
3.987594004900381697e+04
4.010562557845314586e+04
4.033694689283098705e+04
4.056991398860989284e+04
4.080453685735982435e+04
4.104082552794408548e+04
4.127879015403531230e+04
3.541498331895050796e+04
3.561234816198757471e+04
3.581101515851874137e+04
3.601033857088570949e+04
3.620921159431786509e+04
3.640713959570179577e+04
3.660000747698426858e+04
3.678767622334494808e+04
3.697183303089749097e+04
3.831547309476066584e+04
3.810351455108073424e+04
3.790556400430900248e+04
3.771279239416721248e+04
3.752472941921305755e+04
3.733960236730463657e+04
3.715525701698495686e+04
3.388800956514469726e+04
3.370343871186339675e+04
3.407396754826099641e+04
3.426132006299038039e+04
3.445007478163349151e+04
3.464023935895105387e+04
3.483182147125041229e+04
3.502482872767168010e+04
3.521926871989020583e+04
3.541514903006807435e+04
3.561242574467293161e+04
3.853092397129240999e+04
3.875148272140664631e+04
3.897338897107812227e+04
3.919665329402442876e+04
3.942144328584927280e+04
3.964787404017908557e+04
3.987593659931670845e+04
4.010562456270320399e+04
4.033694712809377233e+04
4.056991507683518284e+04
4.080453867356749834e+04
4.104082780289947550e+04
4.127879229514818871e+04
4.151844207256387017e+04
4.175978714277348627e+04
3.581116788145960163e+04
3.601141246201110334e+04
3.621292264907024946e+04
3.641499533794761373e+04
3.661708992838004633e+04
3.682058919418157893e+04
3.701613052048624377e+04
3.720462233771933825e+04
3.739128049191721948e+04
3.875288973268941481e+04
3.853921667325886665e+04
3.833742375254046055e+04
3.814216673835216352e+04
3.795180424658136326e+04
3.776423842452841927e+04
3.757728540721287573e+04
3.426132100008447014e+04
3.407396854871475807e+04
3.445007583770399651e+04
3.464024045931664295e+04
3.483182253143899288e+04
3.502482973854681040e+04
3.521926976014822867e+04
3.541515028464198258e+04
3.561247905584422551e+04
3.581126403380103147e+04
3.601148649998228211e+04
3.897327291370797320e+04
3.919656918047340150e+04
3.942145534461302304e+04
3.964790943401789264e+04
3.987594396006200986e+04
4.010562545164287440e+04
4.033694874477248959e+04
4.056991699019535736e+04
4.080454079376730806e+04
4.104083033109151438e+04
4.127879521284872317e+04
4.151844514912994782e+04
4.175978993793436530e+04
4.200283955456134572e+04
4.224760427398315369e+04
3.621319867040043027e+04
3.641635917327952484e+04
3.662074514395547885e+04
3.682588229622686777e+04
3.703169237055077974e+04
3.723563835585445486e+04
3.743435032572605996e+04
3.762692095420552505e+04
3.781643314885255677e+04
3.919668922462647606e+04
3.898331721399832168e+04
3.877648775151246082e+04
3.857780434316132596e+04
3.838478164326841215e+04
3.819469651845811313e+04
3.800510955026650481e+04
3.464024084387493349e+04
3.445007646669103997e+04
3.483182288672299910e+04
3.502483006150920846e+04
3.521927008312494581e+04
3.541515076585142378e+04
3.561247998698852462e+04
3.581126583625681815e+04
3.601151684864491108e+04
3.621324159908946604e+04
3.641644162148440955e+04
3.942178125142226781e+04
3.964790160433094570e+04
3.987589784033425531e+04
4.010562450273181457e+04
4.033695378024600359e+04
4.056992143642882729e+04
4.080454471084949910e+04
4.104083407530835393e+04
4.127879902038235014e+04
4.151844910134060774e+04
4.175979384016997938e+04
4.200284324276320694e+04
4.224760734396105545e+04
4.249409630741395813e+04
4.274232062946777296e+04
3.662114097668315662e+04
3.682725058391255880e+04
3.703464777480561315e+04
3.724303777266229736e+04
3.745192001421839086e+04
3.766062957852599357e+04
3.786007316576672747e+04
3.805516016598156421e+04
3.824746082616673084e+04
3.964998364520537143e+04
3.943122220812438172e+04
3.922178206726676581e+04
3.901982958706777572e+04
3.882391072440783319e+04
3.863116796740388963e+04
3.843890042131389055e+04
3.502482990996322042e+04
3.483182300730780844e+04
3.521926991295070184e+04
3.541515059975584154e+04
3.561247991382256441e+04
3.581126596931296808e+04
3.601151710533115693e+04
3.621324209296795743e+04
3.641645018976888241e+04
3.662114990801184467e+04
3.682734987414441275e+04
3.987666885743132298e+04
4.010552625815258943e+04
4.033683500410554552e+04
4.056990044191344350e+04
4.080454980480075028e+04
4.104084046617443528e+04
4.127880535426157439e+04
4.151845542212970031e+04
4.175979966498773865e+04
4.200284842534877680e+04
4.224761173196705931e+04
4.249410004940940416e+04
4.274232342671728111e+04
4.299229206453191728e+04
4.324401642989701213e+04
3.703504916158156266e+04
3.724418069208568340e+04
3.745471263146228011e+04
3.766627922997654969e+04
3.787775619305570581e+04
3.809035569268204563e+04
3.829119764903756732e+04
3.848937146749223029e+04
3.868461423536317307e+04
4.010921874065374141e+04
3.988559352026780834e+04
3.967309759073821624e+04
3.946826554819027660e+04
3.926941857324251760e+04
3.907391463106362062e+04
3.887891475929604348e+04
3.541515009624617960e+04
3.521926965534434567e+04
3.561247931640551542e+04
3.581126525648917595e+04
3.601151620253197325e+04
3.621324063508968538e+04
3.641644724824160949e+04
3.662114484972857463e+04
3.682734165824943921e+04
3.703504444099207467e+04
3.724426337308820075e+04
4.033763525532134372e+04
4.056968308451857592e+04
4.080441423251613742e+04
4.104081841038473794e+04
4.127881439004712593e+04
4.151846531698108447e+04
4.175980967420826346e+04
4.200285711764591542e+04
4.224761874804938270e+04
4.249410540888059768e+04
4.274232749805037747e+04
4.299229542385132663e+04
4.324401888084009261e+04
4.349750798997141101e+04
4.375277304388421908e+04
3.745498031459326739e+04
3.766722681424597249e+04
3.788088317849535815e+04
3.809540371592954762e+04
3.830981662409754790e+04
3.852206208355094714e+04
3.872866549750106788e+04
3.892998306947379751e+04
3.912821125239496905e+04
4.057352767542654328e+04
4.034546386231200449e+04
4.013097031804048311e+04
3.992331381800543750e+04
3.972153394472690707e+04
3.952320691726930818e+04
3.932544389866912388e+04
3.581126433550406364e+04
3.561247884678177797e+04
3.601151481891176809e+04
3.621323862290386751e+04
3.641644420508563780e+04
3.662113998944339255e+04
3.682733423380465683e+04
3.703503469197371305e+04
3.724424791874588118e+04
3.745497836730210838e+04
3.766723186001239083e+04
4.080498340135909530e+04
4.104061643833026028e+04
4.127869331110100029e+04
4.151843387217258714e+04
4.175982635506912629e+04
4.200287170797209546e+04
4.224763143920970469e+04
4.249411469301951729e+04
4.274233403540006111e+04
4.299229996575153200e+04
4.324402241791864071e+04
4.349751111675544962e+04
4.375277558455320104e+04
4.400982603781114449e+04
4.426867300384741975e+04
3.788102091634721728e+04
3.809641767547564086e+04
3.831313364125908265e+04
3.853060187336029776e+04
3.874920170954179048e+04
3.896553767763476208e+04
3.917291122915795131e+04
3.937729594292404363e+04
3.957862224059160508e+04
4.104310654773019633e+04
4.081580291877210402e+04
4.059578246915038471e+04
4.038491405431291059e+04
4.018033356508911675e+04
3.997921906175954064e+04
3.977872635863908363e+04
3.621323673853283253e+04
3.601151397653116146e+04
3.641644127204769029e+04
3.662113581592607807e+04
3.682732845696135337e+04
3.703502702715927444e+04
3.724423919880077301e+04
3.745497093694189243e+04
3.766722729140078445e+04
3.788101811018324952e+04
3.809633749136746337e+04
4.127915077189268050e+04
4.151831859224287473e+04
4.175969407443422097e+04
4.200280842219088663e+04
4.224765388136202819e+04
4.249413103402528213e+04
4.274234522704805568e+04
4.299230814121362346e+04
4.324402795743438764e+04
4.349751522906272294e+04
4.375277904011393548e+04
4.400982912755173311e+04
4.426867541540126695e+04
4.452932862925264635e+04
4.479180002426169813e+04
3.831327181092949468e+04
3.853178838575107511e+04
3.875155951619232656e+04
3.897237089950071095e+04
3.919339914264799881e+04
3.941124489019071189e+04
3.962400421112328331e+04
3.983177752699719713e+04
4.003607656369398319e+04
4.152088515176512010e+04
4.128949909348593064e+04
4.106700821214488678e+04
4.085294666984533251e+04
4.064567439887062937e+04
4.044192783434595913e+04
4.023885846181926900e+04
3.662113239333119418e+04
3.641643940785164159e+04
3.682732379357208993e+04
3.703502128490890027e+04
3.724423245428816881e+04
3.745496489734290662e+04
3.766722541485877446e+04
3.788102106209431804e+04
3.809635956725892902e+04
3.831324863025121158e+04
3.853170339876271464e+04
4.176022938315245119e+04
4.200275543839388411e+04
4.224748711911615828e+04
4.249404869192386832e+04
4.274236382123210205e+04
4.299232212213869934e+04
4.324403776681612362e+04
4.349752302391879493e+04
4.375278483322978718e+04
4.400983334228352032e+04
4.426867850790120428e+04
4.452933071987638687e+04
4.479180068143861718e+04
4.505609961340913287e+04
4.532223901525095425e+04
3.875178766934139276e+04
3.897340872397763451e+04
3.919639404439171631e+04
3.942102916667820682e+04
3.964599293421114999e+04
3.986845135243178811e+04
4.008232433646722347e+04
4.029385988922909746e+04
4.050073466064038075e+04
4.200497779423159227e+04
4.176971291821062187e+04
4.154444389924085408e+04
4.132762434630827192e+04
4.111755550843264791e+04
4.091126271770574385e+04
4.070570317604923912e+04
3.703501675923995936e+04
3.682732048408772243e+04
3.724422743135779456e+04
3.745495990604867256e+04
3.766722189812542638e+04
3.788102154702655389e+04
3.809636560082541837e+04
3.831326406728737493e+04
3.853172762691287062e+04
3.875176525887830212e+04
3.897338761162493756e+04
4.224795821891316882e+04
4.249405425812579779e+04
4.274218012597941561e+04
4.299226958354343515e+04
4.324405142456370959e+04
4.349753560128933896e+04
4.375279653461006819e+04
4.400984283995946316e+04
4.426868448445655667e+04
4.452933324017282575e+04
4.479180152263293712e+04
4.505609889437336096e+04
4.532223655816622340e+04
4.559022537332941283e+04
4.586007608500282367e+04
3.919661901067125291e+04
3.942140393675705855e+04
3.964775724643540161e+04
3.987546569242104306e+04
4.010301431413125101e+04
4.032752311211796041e+04
4.055149507307111344e+04
4.076452963890778483e+04
4.097167807057226310e+04
4.249687739086470538e+04
4.225299706436316774e+04
4.202847512812939385e+04
4.180927618573398649e+04
4.159635221211754106e+04
4.138725640199471673e+04
4.117904651689886668e+04
3.745495593630756775e+04
3.724422354357282165e+04
3.766721864231379732e+04
3.788101961190403381e+04
3.809636729935145559e+04
3.831327028510654054e+04
3.853173715235509735e+04
3.875177823089243611e+04
3.897340332671522629e+04
3.919662019668433641e+04
3.942143435270833288e+04
4.274278229548997479e+04
4.299233993318855210e+04
4.324393999033360888e+04
4.349754091080362559e+04
4.375282533045912714e+04
4.400985930911642936e+04
4.426869854432380089e+04
4.452934243088334188e+04
4.479180373180037714e+04
4.505609693930228241e+04
4.532223342367167788e+04
4.559022142617387726e+04
4.586007161165165599e+04
4.613179396210747655e+04
4.640539854877541075e+04
3.964784399138864683e+04
3.987590755821332277e+04
4.010562236868091713e+04
4.033660741094799596e+04
4.056870493780049583e+04
4.079577803741718526e+04
4.102371134287733730e+04
4.123728967884770100e+04
4.144861620185396168e+04
4.299386823467934300e+04
4.275033736043977842e+04
4.252032515845791931e+04
4.229818750525627547e+04
4.208224750204243173e+04
4.187002964278048603e+04
4.165895395803515567e+04
3.788101767649495014e+04
3.766721593089345697e+04
3.809636668237749836e+04
3.831327160701421235e+04
3.853174146543480310e+04
3.875178490879271703e+04
3.897341150157893571e+04
3.919663141453273420e+04
3.942144911272698664e+04
3.964787514562617434e+04
3.987591200966778706e+04
4.324484307639188773e+04
4.349768366376836639e+04
4.375283864646364964e+04
4.400993616032654973e+04
4.426873133749407134e+04
4.452935771260259935e+04
4.479181351068200456e+04
4.505609761043068283e+04
4.532222811482437100e+04
4.559021489534972352e+04
4.586006555135072995e+04
4.613178894189451967e+04
4.640539486524730455e+04
4.668089328468893655e+04
4.695829495017250883e+04
4.010556521670279471e+04
4.033697090946678509e+04
4.056997783882591466e+04
4.080401714624015585e+04
4.103785225097244256e+04
4.127103691607276414e+04
4.149812657026422676e+04
4.171794664237767574e+04
4.193231881184453232e+04
4.349931174416927388e+04
4.325598593281480862e+04
4.302043350597957760e+04
4.279440230292566412e+04
4.257520468157549476e+04
4.235915176698313007e+04
4.214544213883004704e+04
3.831327162843461701e+04
3.809636600191227626e+04
3.853174250479359034e+04
3.875178746715054876e+04
3.897341553769048915e+04
3.919663535220468475e+04
3.942145597024210292e+04
3.964788549156623048e+04
3.987593267505898984e+04
4.010560565611063794e+04
4.033690650797834678e+04
4.375388915718047065e+04
4.401019247148602881e+04
4.426888201381851104e+04
4.452948664596303570e+04
4.479182577036059229e+04
4.505610213253131224e+04
4.532222571287918981e+04
4.559020531515552284e+04
4.586005549980435899e+04
4.613178104483568313e+04
4.640538919595102925e+04
4.668088993355561979e+04
4.695829361054393667e+04
4.723761130478448467e+04
4.751885508626518276e+04
4.056988210461015115e+04
4.080461091158130876e+04
4.104083050026855926e+04
4.127804091241959395e+04
4.151528696359318565e+04
4.175412061542085576e+04
4.198640478007055208e+04
4.220534140547615243e+04
4.242245222885927797e+04
4.401252653540903702e+04
4.376504643118695094e+04
4.352679550921738701e+04
4.329739498016477592e+04
4.307498365795400605e+04
4.285580689005595923e+04
4.263859143581106036e+04
3.875178830048981035e+04
3.853174312716148415e+04
3.897341689292267984e+04
3.919663756906727212e+04
3.942145924556829414e+04
3.964789065998515434e+04
3.987594050539653836e+04
4.010561738633340428e+04
4.033693122698892694e+04
4.056989184413855401e+04
4.080450964195164124e+04
4.427022009275125311e+04
4.452989551017703343e+04
4.479214329088667728e+04
4.505623338017467904e+04
4.532219567505707528e+04
4.559019313819051604e+04
4.586004158370586811e+04
4.613176892867375136e+04
4.640538058045384969e+04
4.668088445122677513e+04
4.695829069902846095e+04
4.723761046514878399e+04
4.751885544007603312e+04
4.780203773862907110e+04
4.808717002169779153e+04
4.104085681408899836e+04
4.127886692281536671e+04
4.151831952655207715e+04
4.175886007280248305e+04
4.200036078321144305e+04
4.224043434249403072e+04
4.247373005534286494e+04
4.269823981611680210e+04
4.291905497169282899e+04
4.453362833046334708e+04
4.428063899297263561e+04
4.403924398896443745e+04
4.380690548406086600e+04
4.358145011803926900e+04
4.335983826968454377e+04
4.313877445191215520e+04
3.919663841625682107e+04
3.897341770477507089e+04
3.942146050301282230e+04
3.964789266475451586e+04
3.987594396878535917e+04
4.010562343306277035e+04
4.033694004231293366e+04
4.056990370392278419e+04
4.080452460923116450e+04
4.104081490880461206e+04
4.127879643817384931e+04
4.479377576941362349e+04
4.505687055536942353e+04
4.532265182229485799e+04
4.559018385342889815e+04
4.586003075280012126e+04
4.613175228165421140e+04
4.640536844128322991e+04
4.668087684027401701e+04
4.695828653206957824e+04
4.723760853167757159e+04
4.751885506553400046e+04
4.780203843769069499e+04
4.808717087328287744e+04
4.837426462529453420e+04
4.866333209688431816e+04
4.151852767815779225e+04
4.175982151189978322e+04
4.200260074340266146e+04
4.224675256331400305e+04
4.249217176471156563e+04
4.273805000199813367e+04
4.297010206206613657e+04
4.319813035355327884e+04
4.342280172294154181e+04
4.506119158625623822e+04
4.480098136419467482e+04
4.455799652620701090e+04
4.432306371976563241e+04
4.409472943984960875e+04
4.387010600972024258e+04
4.364603132169699529e+04
3.964789350035132520e+04
3.942146117830038565e+04
3.987594531080625893e+04
4.010562559447924286e+04
4.033694376859429030e+04
4.056990924660686142e+04
4.080453167071757343e+04
4.104082173235708615e+04
4.127879024846090033e+04
4.151844910012730543e+04
4.175983729950643465e+04
4.532444458558758924e+04
4.559113558805254434e+04
4.586040400607953779e+04
4.613179250491177663e+04
4.640535597492496163e+04
4.668086708620349964e+04
4.695828179692698177e+04
4.723760661658718163e+04
4.751885446480579412e+04
4.780203859060313698e+04
4.808717163523796626e+04
4.837426575443929323e+04
4.866333296012911160e+04
4.895438530325012835e+04
4.924743493862290052e+04
4.200293141703062429e+04
4.224757302973408514e+04
4.249380496637497708e+04
4.274179785216210439e+04
4.299180410351437604e+04
4.323552571499283658e+04
4.347314844477328734e+04
4.370592488377346308e+04
4.393390911887891707e+04
4.559559669337626110e+04
4.533510247295352019e+04
4.508456734798982507e+04
4.484635010581653478e+04
4.461509303003935929e+04
4.438746745105526497e+04
4.416033778630170855e+04
4.010562651848930545e+04
3.987594605012414831e+04
4.033694507791425713e+04
4.056991107861855562e+04
4.080453433933892666e+04
4.104082474123703287e+04
4.127879253109174897e+04
4.151844858060160186e+04
4.175980376787303248e+04
4.200286572137405165e+04
4.224767854596210964e+04
4.586221069402177818e+04
4.613252434303628252e+04
4.640545747051344370e+04
4.668081749605856021e+04
4.695827801601321698e+04
4.723760614338686719e+04
4.751885515594238677e+04
4.780203927599589952e+04
4.808717221339122625e+04
4.837426647694367421e+04
4.866333396191933571e+04
4.895438644820059562e+04
4.924743581420275586e+04
4.954249404918045184e+04
4.983957347640135413e+04
4.249415116173656861e+04
4.274221345609790296e+04
4.299209210789499048e+04
4.324389998632647621e+04
4.349521239234065433e+04
4.374237338975811144e+04
4.398478758949196344e+04
4.422128909002917499e+04
4.445232530008538743e+04
4.613578487633552868e+04
4.587152892485336633e+04
4.561604335586247180e+04
4.537693598210439086e+04
4.514283377280216519e+04
4.491212315350092831e+04
4.468190288517416775e+04
4.056991177286681341e+04
4.033694589081888989e+04
4.080453487722737191e+04
4.104082499860983080e+04
4.127879224018517561e+04
4.151844671369357820e+04
4.175979864532472129e+04
4.200285814092153305e+04
4.224763451503193937e+04
4.249413212275603291e+04
4.274237934293760190e+04
4.640700766127675888e+04
4.668100296134073869e+04
4.695800783409905853e+04
4.723750996617892088e+04
4.751885839521049638e+04
4.780204215328091959e+04
4.808717374831425695e+04
4.837426724790740263e+04
4.866333456425968325e+04
4.895438722253326705e+04
4.924743683269503526e+04
4.954249521369019203e+04
4.983957436866335775e+04
5.013868645248143730e+04
5.043984395901872631e+04
4.299228248952216381e+04
4.324389099807570165e+04
4.349755290235628490e+04
4.375260924135905952e+04
4.400644125353716663e+04
4.425908093940381514e+04
4.450775089873177785e+04
4.474418129290331126e+04
4.497815235711461719e+04
4.668498933227362431e+04
4.641882625557475694e+04
4.616236187092890032e+04
4.591601114910908655e+04
4.567826106635291217e+04
4.544427943251582474e+04
4.521087019617509213e+04
4.104082462592762749e+04
4.080453534711406246e+04
4.127879085205940646e+04
4.151844400165034313e+04
4.175979402048507473e+04
4.200285059882250789e+04
4.224762307005500770e+04
4.249412007721130067e+04
4.274234926229596749e+04
4.299231576055257028e+04
4.324402798111813172e+04
4.695885609317782655e+04
4.723694070143628778e+04
4.751833936934790836e+04
4.780192119026742876e+04
4.808717674550887750e+04
4.837426898486545542e+04
4.866333526852336945e+04
4.895438765962707112e+04
4.924743737916574901e+04
4.954249600575055956e+04
4.983957541222942382e+04
5.013868764766315144e+04
5.043984488042101293e+04
5.074305943279273924e+04
5.104834397032138077e+04
4.349743863079339644e+04
4.375270691806154355e+04
4.400997839763664524e+04
4.426783599352600140e+04
4.452498691957562551e+04
4.478154193860456144e+04
4.503352849513343972e+04
4.527416056199452578e+04
4.551137278819563653e+04
4.724041775494753529e+04
4.697111594679338305e+04
4.670936506221784657e+04
4.646245664305319224e+04
4.622126684716785530e+04
4.598395804281220626e+04
4.574725603729049908e+04
4.151844155954567395e+04
4.127879015276289283e+04
4.175978986665923003e+04
4.200284460426227452e+04
4.224761503302118217e+04
4.249411005791319621e+04
4.274233818527969561e+04
4.299230754598114436e+04
4.324402618970536423e+04
4.349750186785248661e+04
4.375274024594289222e+04
4.751792384578537167e+04
4.780083753349952894e+04
4.808654489273717627e+04
4.837411864003574010e+04
4.866333538674885494e+04
4.895438811572172563e+04
4.924743765063289175e+04
4.954249636809211370e+04
4.983957597781545337e+04
5.013868847185754566e+04
5.043984597159904661e+04
5.074306068829142168e+04
5.104834495533230802e+04
5.135571126129553159e+04
5.166517244422697695e+04
4.400974191135913134e+04
4.426863675054381747e+04
4.452912090050010011e+04
4.479009051614528289e+04
4.505114529291333747e+04
4.531162217735970626e+04
4.556776401077909395e+04
4.581133229522368492e+04
4.605190156612880673e+04
4.780349159743555356e+04
4.752697316616308672e+04
4.726800498342162609e+04
4.701574983131649788e+04
4.677147345661599684e+04
4.653098759515885467e+04
4.629100151330066001e+04
4.200283985478425166e+04
4.175978714233130449e+04
4.224760883426832152e+04
4.249410288554663566e+04
4.274233077063648670e+04
4.299230123953882139e+04
4.324402319869025814e+04
4.349750600385136204e+04
4.375275990404585173e+04
4.400979474101529922e+04
4.426862385082070978e+04
4.808534196189450449e+04
4.837285959794317750e+04
4.866264560614086804e+04
4.895421383304198389e+04
4.924743620007963182e+04
4.954249645183806570e+04
4.983957620883420896e+04
5.013868885569638223e+04
5.043984657678008080e+04
5.074306158061142924e+04
5.104834615077709896e+04
5.135571265226644027e+04
5.166517358127020270e+04
5.197674158868786617e+04
5.229042968091995135e+04
4.452925933728776727e+04
4.479164946465360117e+04
4.505530317457197816e+04
4.532001619123291312e+04
4.558517158158288657e+04
4.584890896482916287e+04
4.610675533984443609e+04
4.635573151478404179e+04
4.659976818622590508e+04
4.837182249394628889e+04
4.809742857379559427e+04
4.783156515506590949e+04
4.757667286638403311e+04
4.732896199180224357e+04
4.708531555867154384e+04
4.684210285577555624e+04
4.249409726688471710e+04
4.224760426809750061e+04
4.274232515894775861e+04
4.299229663495517161e+04
4.324402084971560544e+04
4.349750745284802542e+04
4.375276672144891927e+04
4.400980980374990031e+04
4.426864874236136529e+04
4.452929549893425428e+04
4.479176483486669167e+04
4.866159516416356928e+04
4.895294286496179848e+04
4.924673550915085798e+04
4.954232710453045001e+04
4.983956901688635116e+04
5.013868886771096004e+04
5.043984683514749486e+04
5.074306201583646907e+04
5.104834684717230266e+04
5.135571370059648325e+04
5.166517501401311165e+04
5.197674328654823330e+04
5.229043117123167031e+04
5.260625147400385322e+04
5.292421736222159961e+04
4.505603585193589242e+04
4.532188719594318536e+04
4.558913204764889088e+04
4.585795592215005308e+04
4.612707221110475803e+04
4.639774314462359325e+04
4.665633209089903539e+04
4.690793604787233198e+04
4.715506190619245172e+04
4.895374172476309468e+04
4.867134715508401860e+04
4.840324491492006200e+04
4.814475799305285182e+04
4.789396126442051172e+04
4.764714657444456680e+04
4.740072001628104044e+04
4.299229271795865498e+04
4.274232061612373218e+04
4.324401861546813598e+04
4.349750777748238033e+04
4.375277041817275312e+04
4.400981735322126042e+04
4.426866006162833219e+04
4.452931039510399569e+04
4.479178065797303134e+04
4.505608271315664024e+04
4.532222962659825134e+04
4.924596650988551119e+04
4.954111902920619468e+04
4.983895684315494873e+04
5.013857035574363545e+04
5.043983988031248009e+04
5.074306208196080843e+04
5.104834717736344464e+04
5.135571426759180758e+04
5.166517593206365564e+04
5.197674469449810567e+04
5.229043312549612165e+04
5.260625382617793366e+04
5.292421959656298714e+04
5.324434340067530138e+04
5.356663856772214785e+04
4.559014354680833640e+04
4.585960663548803859e+04
4.613079730382301932e+04
4.640357138449256308e+04
4.667717419277395675e+04
4.695410015512569953e+04
4.721305965797686804e+04
4.746740172758026893e+04
4.771802620383758767e+04
4.954332732278470212e+04
4.924917084625716234e+04
4.898162055152113317e+04
4.872070595764362224e+04
4.846678003489683761e+04
4.821682226437972713e+04
4.796718001925425051e+04
4.349750724606522272e+04
4.324401641542683501e+04
4.375277215389615594e+04
4.400982160274486523e+04
4.426866665174846275e+04
4.452931876308871870e+04
4.479178947116241761e+04
4.505609028716909961e+04
4.532223318253985053e+04
4.559022617317783443e+04
4.586008135642714478e+04
4.983806628016390459e+04
5.013750799853244825e+04
5.043943938634567166e+04
5.074303439424655517e+04
5.104834562706473662e+04
5.135571451687312947e+04
5.166517645547887514e+04
5.197674560163963906e+04
5.229043457845622470e+04
5.260625602874457400e+04
5.292422260312404978e+04
5.324434699115157855e+04
5.356664214628519403e+04
5.389112123462238378e+04
5.421779779135167337e+04
4.613169387719314545e+04
4.640496611644953373e+04
4.668007963197300705e+04
4.695667123498723959e+04
4.723487188789674110e+04
4.751400656054003775e+04
4.777596324165095575e+04
4.803461279333419952e+04
4.828920355504556937e+04
5.014019380491608172e+04
4.984577344035694841e+04
4.956976583278696489e+04
4.930501133216131711e+04
4.904780484939042799e+04
4.879463594262277911e+04
4.854176757846612600e+04
4.400982385001750663e+04
4.375277304185451794e+04
4.426867040187154635e+04
4.452932363153968618e+04
4.479179479231872392e+04
4.505609515826359711e+04
4.532223552783954801e+04
4.559022655876023782e+04
4.586007845461388206e+04
4.613179976563033415e+04
4.640540056951555744e+04
5.043822322660562349e+04
5.074223887846060097e+04
5.104825468737794290e+04
5.135577149809146067e+04
5.166517561211204156e+04
5.197674618005075172e+04
5.229043562201526947e+04
5.260625777413611650e+04
5.292422525891631813e+04
5.324435076747575658e+04
5.356664700943859498e+04
5.389112680736142647e+04
5.421780334891586244e+04
5.454669011501507339e+04
5.487780095926984359e+04
4.668078326186651248e+04
4.695793861243003630e+04
4.723685851776209165e+04
4.751740347598271183e+04
4.779953684606973547e+04
4.807714900704869797e+04
4.834676215141563443e+04
4.861070623500250076e+04
4.886879143626474979e+04
5.074413243434798642e+04
5.045107310281111859e+04
5.016799082016987813e+04
4.989830514843762649e+04
4.963728122332796920e+04
4.938069857367838995e+04
4.912451002169814456e+04
4.452932647255692427e+04
4.426867302541966637e+04
4.479179783122841036e+04
4.505609788143705373e+04
4.532223758475972136e+04
4.559022748952230177e+04
4.586007791224664106e+04
4.613179874688985728e+04
4.640540000209911523e+04
4.668089130605288665e+04
4.695828033789314941e+04
5.104738451123403502e+04
5.135543571243307088e+04
5.166535580700845458e+04
5.197682542960704450e+04
5.229043493796092662e+04
5.260625912407319265e+04
5.292422763304315595e+04
5.324435438246916601e+04
5.356665200344363257e+04
5.389113320899940300e+04
5.421781091975438903e+04
5.454669821464340203e+04
5.487780870720237726e+04
5.521115635150612070e+04
5.554675544985972374e+04
4.723750834194341587e+04
4.751852218680879014e+04
4.780133512559940573e+04
4.808587542018584645e+04
4.837134718416588294e+04
4.865204134061498917e+04
4.892839404275597190e+04
4.919533788090288726e+04
4.945637018300132331e+04
5.135553140462953161e+04
5.105989068166926882e+04
5.077100819024766679e+04
5.049990188642395515e+04
5.023523922463224153e+04
4.997499416978633963e+04
4.971527636933378380e+04
4.505609938456241071e+04
4.479180006771613989e+04
4.532223844795792684e+04
4.559022768161838030e+04
4.586007764077478350e+04
4.613179853491426911e+04
4.640540055583783396e+04
4.668089411486159224e+04
4.695828999775909324e+04
4.723759830107054586e+04
4.751882895936444402e+04
5.166523124003313569e+04
5.197702550147867441e+04
5.229072110993140814e+04
5.260633076370823983e+04
5.292422834109830001e+04
5.324435774599092110e+04
5.356665730999386142e+04
5.389114030610075133e+04
5.421781954495659011e+04
5.454670811922993016e+04
5.487781929821204540e+04
5.521116670339486882e+04
5.554676457203840255e+04
5.588462743818658055e+04
5.622477011325404601e+04
4.780194015512501937e+04
4.808685352778828383e+04
4.837370993133157754e+04
4.866215050155026984e+04
4.895148692483279592e+04
4.923762863000480138e+04
4.951735356324540771e+04
4.978735744535784033e+04
5.005160155293974822e+04
5.197751686458881159e+04
5.167341373604568071e+04
5.138872666148783901e+04
5.111062279073728860e+04
5.084174750681801379e+04
5.057755824398127152e+04
5.031404642154561589e+04
4.559022740344196791e+04
4.532223906325955613e+04
4.586007684924468776e+04
4.613179770252347225e+04
4.640540045691857085e+04
4.668089563318272121e+04
4.695829383364396199e+04
4.723760656070161349e+04
4.751884591476060450e+04
4.780202356517522276e+04
4.808714835068242974e+04
5.229135405691702181e+04
5.260687680367276334e+04
5.292452303104269231e+04
5.324442731596458907e+04
5.356666186798929266e+04
5.389114812676540896e+04
5.421783001410053112e+04
5.454672026710241335e+04
5.487783221607453743e+04
5.521117994771144004e+04
5.554677715939867630e+04
5.588463834133953060e+04
5.622477839617606514e+04
5.656721233340556500e+04
5.691195529036250082e+04
4.837417703171758330e+04
4.866309140568590374e+04
4.895400955519264244e+04
4.924630428502802533e+04
4.953909949685518950e+04
4.983381015101139201e+04
5.011400013077261974e+04
5.038670410034444649e+04
5.065461941061438847e+04
5.261026295663669589e+04
5.230425899616500828e+04
5.201107625923821615e+04
5.173004763957960677e+04
5.145683458818200597e+04
5.118850723999657930e+04
5.092098470378981438e+04
4.613179657351705100e+04
4.586007611726742471e+04
4.640539950598871656e+04
4.668089548950161407e+04
4.695829541456534207e+04
4.723761027545297839e+04
4.751885154627752490e+04
4.780203115809335577e+04
4.808716163453044283e+04
4.837425458605803578e+04
4.866331999821908539e+04
5.292589918885612860e+04
5.324513360913245560e+04
5.356695956439272413e+04
5.389122718842348695e+04
5.421784305603639950e+04
5.454673552720361477e+04
5.487784943858179031e+04
5.521119719453703146e+04
5.554679332416415127e+04
5.588465276378166891e+04
5.622479009214629332e+04
5.656722060374686407e+04
5.691195956227325223e+04
5.725902199694890442e+04
5.760842282668908592e+04
4.895432209543250065e+04
4.924729500022274442e+04
4.954220564685414865e+04
4.983850929564021499e+04
5.013583613746639458e+04
5.043518992317557422e+04
5.071685681884994119e+04
5.099366227003982203e+04
5.126582691836529557e+04
5.324963222405632405e+04
5.293633992357429815e+04
5.264214025719228812e+04
5.235706206009389280e+04
5.208020993491286208e+04
5.180790553766093944e+04
5.153634375690910383e+04
4.668089468736521667e+04
4.640539855656700092e+04
4.695829528316579672e+04
4.723761134281861450e+04
4.751885422862762789e+04
4.780203530594077165e+04
4.808716655804955371e+04
4.837425984650845203e+04
4.866332733577198087e+04
4.895438056490892632e+04
4.924743042615707236e+04
5.356877857522993145e+04
5.389199682410388050e+04
5.421816397412883816e+04
5.454683894376406533e+04
5.487787493851419276e+04
5.521122117871732917e+04
5.554681619584981672e+04
5.588467228136377526e+04
5.622480567430370866e+04
5.656723177548542299e+04
5.691196613405687822e+04
5.725902417382207204e+04
5.760842073226874345e+04
5.796017003924106393e+04
5.831428607976444619e+04
4.954246080438500940e+04
4.983949481649316294e+04
5.013841436590637750e+04
5.043898875788950681e+04
5.074052103610028280e+04
5.103861756277102540e+04
5.132752660245463630e+04
5.160919332256505731e+04
5.188571885371291864e+04
5.389684552441528649e+04
5.358337242999603041e+04
5.328182925130210788e+04
5.299269255008952314e+04
5.271195261566536647e+04
5.243581503283452912e+04
5.216032537976788444e+04
4.723761127697117627e+04
4.695829494067584164e+04
4.751885482370984391e+04
4.780203686343738082e+04
4.808716900563297531e+04
4.837426283630185208e+04
4.866333035607031343e+04
4.895438332107863243e+04
4.924743366070412594e+04
4.954249306198598788e+04
4.983957313136761513e+04
5.422014024124548450e+04
5.454762656393447105e+04
5.487824774163086113e+04
5.521136090267933469e+04
5.554685324593047699e+04
5.588470144208077545e+04
5.622482847509280691e+04
5.656724728452356794e+04
5.691197487817404908e+04
5.725902695407361171e+04
5.760841879039927153e+04
5.796016473732743179e+04
5.831427828715866053e+04
5.867077237612999306e+04
5.902965992847954476e+04
5.013867554891933105e+04
5.043978454635749222e+04
5.074289887122950313e+04
5.104794987862613198e+04
5.135365459037070832e+04
5.165465055960889003e+04
5.194788055074465956e+04
5.223397307875080151e+04
5.251449164778360864e+04
5.455085097915450024e+04
5.423120786090759793e+04
5.392994356858505489e+04
5.363696816615535499e+04
5.335232841748136707e+04
5.307233499175469478e+04
5.279298312269256712e+04
4.780203716285923292e+04
4.751885507222032174e+04
4.808716967133507569e+04
4.837426398743924074e+04
4.866333180561247718e+04
4.895438484629190498e+04
4.924743504335472244e+04
4.954249422355400748e+04
4.983957436722671264e+04
5.013868743786725827e+04
5.043984580470895162e+04
5.488018437081397133e+04
5.521222694042368676e+04
5.554728977696416405e+04
5.588485601211270114e+04
5.622486821945712290e+04
5.656727156727185502e+04
5.691198785868155392e+04
5.725903050714337587e+04
5.760841534305605455e+04
5.796015680786112353e+04
5.831426821748185466e+04
5.867076206921841367e+04
5.902965046224340767e+04
5.939094567515092058e+04
5.975466079638787050e+04
5.074306006535386405e+04
5.104833672473768092e+04
5.135588865642263409e+04
5.166574705262666248e+04
5.197712135438902624e+04
5.227998037070511054e+04
5.257821469095154316e+04
5.286773984478172497e+04
5.315199721947163198e+04
5.521700281437105150e+04
5.489543006899729517e+04
5.458654620235501352e+04
5.428979670863973297e+04
5.400132648735804105e+04
5.371748778657518415e+04
5.343427008971047326e+04
4.837426411780178751e+04
4.808717001117222389e+04
4.866333205210221786e+04
4.895438527095500467e+04
4.924743554211126320e+04
4.954249473369106272e+04
4.983957482108003023e+04
5.013868783656673622e+04
5.043984592839434481e+04
5.074306130772812321e+04
5.104834651154520543e+04
5.554924908013949607e+04
5.588585700463123067e+04
5.622532301014783297e+04
5.656738315013700776e+04
5.691201269318175036e+04
5.725903641849826818e+04
5.760840982781735511e+04
5.796014450505519198e+04
5.831425299083664868e+04
5.867074678106296778e+04
5.902963709239463788e+04
5.939093551308818132e+04
5.975465420554159209e+04
6.012080636897419026e+04
6.048940668493927660e+04
5.135572213516489137e+04
5.166531221746418305e+04
5.197734492257839884e+04
5.229208680501026538e+04
5.260502801437826565e+04
5.291878346112754662e+04
5.321677481489177444e+04
5.350999965974502993e+04
5.379806554270168999e+04
5.588875886492562859e+04
5.556032179736634862e+04
5.525166359183727764e+04
5.495115405210697645e+04
5.465889060116216569e+04
5.437123025578077068e+04
5.408413262577249407e+04
4.895438497737797297e+04
4.866333209111314500e+04
4.924743527851702675e+04
4.954249456793288846e+04
4.983957473956735339e+04
5.013868783019110560e+04
5.043984596487736417e+04
5.074306138429263956e+04
5.104834642371536029e+04
5.135571349666269816e+04
5.166517504193278728e+04
5.622762159638424055e+04
5.656845084131092153e+04
5.691237213816237636e+04
5.725905634653413290e+04
5.760840333601008024e+04
5.796012518566757353e+04
5.831422947170923726e+04
5.867072392450478947e+04
5.902961754323472996e+04
5.939092027871846221e+04
5.975464365734245075e+04
6.012080054833327449e+04
6.048940479045329266e+04
6.086047151052575646e+04
6.123401720285192278e+04
5.197677934622345492e+04
5.229066762569787534e+04
5.260713050257365103e+04
5.292567581079538650e+04
5.324296382401019218e+04
5.355753984635608504e+04
5.386334247663315182e+04
5.416069469991279766e+04
5.445265338976927887e+04
5.657373102885802655e+04
5.624363907979809301e+04
5.592587399751455087e+04
5.562119902726644796e+04
5.532505799513235252e+04
5.503356374350151600e+04
5.474257590897852788e+04
4.954249388085634564e+04
4.924743493589504942e+04
4.983957409895241290e+04
5.013868732090760750e+04
5.043984560252942174e+04
5.074306115537882579e+04
5.104834629209247214e+04
5.135571343876505853e+04
5.166517511105612357e+04
5.197674390549206873e+04
5.229043241377609229e+04
5.691510878763827350e+04
5.726003568450375315e+04
5.760858773635165562e+04
5.796011819021828705e+04
5.831419331257298472e+04
5.867068821913048305e+04
5.902958829683923977e+04
5.939089881233331835e+04
5.975462910566178471e+04
6.012079146897853207e+04
6.048940027951423690e+04
6.086047079536408273e+04
6.123401871562931774e+04
6.161006056304726371e+04
6.198861358484806260e+04
5.260625234439890482e+04
5.292448052091011778e+04
5.324512957512723369e+04
5.356736546094660298e+04
5.388964638307646237e+04
5.421120050647651078e+04
5.451854550596017361e+04
5.481991469200028951e+04
5.511584698568211752e+04
5.726698536656237411e+04
5.693116177678987151e+04
5.660979619334780000e+04
5.630026546555969253e+04
5.600000519808001263e+04
5.570460146352794982e+04
5.540970292410652473e+04
5.013868637466560904e+04
4.983957347528889659e+04
5.043984474194763607e+04
5.074306047669935651e+04
5.104834580813389039e+04
5.135571312153234612e+04
5.166517491615519248e+04
5.197674379518951901e+04
5.229043245002609183e+04
5.260625365339281416e+04
5.292422026314638788e+04
5.761141464861267013e+04
5.796076370638483786e+04
5.831422648685846798e+04
5.867063308197184233e+04
5.902954483457785682e+04
5.939086678192376712e+04
5.975460935844941559e+04
6.012078078641017783e+04
6.048939514663619775e+04
6.086046901872401213e+04
6.123401934739472199e+04
6.161006288048375427e+04
6.198861603778486460e+04
6.236969566133223270e+04
6.275331870265800535e+04
5.324434363050829415e+04
5.356684084046378848e+04
5.389146493806166836e+04
5.421741141404150403e+04
5.454494747847502731e+04
5.486815098265006236e+04
5.518211887211252906e+04
5.548787531263092387e+04
5.578785385382624372e+04
5.796901536549229786e+04
5.762718749698338070e+04
5.730217099367072660e+04
5.698845275503341691e+04
5.668396793516430625e+04
5.638455953639485961e+04
5.608573561258654081e+04
5.074305938791254448e+04
5.043984395868989668e+04
5.104834483294936217e+04
5.135571236254006362e+04
5.166517437954322668e+04
5.197674344294297771e+04
5.229043223202121590e+04
5.260625352638513868e+04
5.292422019301473483e+04
5.324434518079089321e+04
5.356664147230912931e+04
5.831663679671831051e+04
5.867091503987518809e+04
5.902942285428362084e+04
5.939075954599447869e+04
5.975458413623784872e+04
6.012076765478999732e+04
6.048939142214215099e+04
6.086047000255493185e+04
6.123402169659853098e+04
6.161006551381698227e+04
6.198861872960130131e+04
6.236969823094142339e+04
6.275332016924873460e+04
6.313950096186882729e+04
6.352825707675935701e+04
5.389111747954175371e+04
5.421786624832117377e+04
5.454656913972073380e+04
5.487705332674743113e+04
5.520947337328039430e+04
5.553697709169376321e+04
5.585502111899774172e+04
5.616498073507370282e+04
5.646905219976092485e+04
5.867880443425491831e+04
5.833632742099181633e+04
5.800470878631735832e+04
5.768608994378158968e+04
5.737722426398024982e+04
5.707371108200285380e+04
5.677095194520481164e+04
5.135571120087624877e+04
5.104834397042406636e+04
5.166517334646917152e+04
5.197674264443126594e+04
5.229043167070049094e+04
5.260625315909928759e+04
5.292421996597710677e+04
5.324434504811929219e+04
5.356664144952622155e+04
5.389112228782619786e+04
5.421780037377669942e+04
5.903095783430900337e+04
5.939069564587921923e+04
5.975420930919954117e+04
6.012060999267658917e+04
6.048939386987842590e+04
6.086047609892622131e+04
6.123402977221931360e+04
6.161007271201568074e+04
6.198862369832922559e+04
6.236970123777265690e+04
6.275332200555747113e+04
6.313950199495968263e+04
6.352825687763251335e+04
6.391960249251107598e+04
6.431355489519858384e+04
5.454667630146958254e+04
5.487773493883905030e+04
5.521083659265821916e+04
5.554620349534222623e+04
5.588383810792936856e+04
5.621506347860273672e+04
5.653793715996470564e+04
5.685184887354005332e+04
5.715968613275745156e+04
5.939721600953661255e+04
5.905090397923038108e+04
5.871626921180413774e+04
5.839324093425818864e+04
5.807998264616957022e+04
5.777229051495828753e+04
5.746554319029486942e+04
5.197674144385987165e+04
5.166517244498880609e+04
5.229043060612026602e+04
5.260625233826648764e+04
5.292421939072047098e+04
5.324434467242038954e+04
5.356664121777716355e+04
5.389112216159587115e+04
5.421780072732974077e+04
5.454669016196300072e+04
5.487780248755889625e+04
5.975504905814231461e+04
6.012004105605126824e+04
6.048869899811915093e+04
6.086026623083468439e+04
6.123404598131121747e+04
6.161008840991128091e+04
6.198863487040470500e+04
6.236970799275938043e+04
6.275332512804924772e+04
6.313950258313020458e+04
6.352825655383068806e+04
6.391960183343398967e+04
6.431355374916359870e+04
6.471012781095309037e+04
6.510934003259296151e+04
5.521113140162525087e+04
5.554664389030615712e+04
5.588440295354689442e+04
5.622543798888134188e+04
5.656979942317505629e+04
5.690736643152415490e+04
5.723107464622220868e+04
5.754803816144447774e+04
5.785973107376334519e+04
6.012272282533230464e+04
5.977385806011255045e+04
5.943594143556017661e+04
5.910941177367756609e+04
5.879217937014578638e+04
5.848037931761370419e+04
5.816958973977455025e+04
5.260625111381678289e+04
5.229042968322241359e+04
5.292421830578765366e+04
5.324434383695745055e+04
5.356664063269543112e+04
5.389112177981502464e+04
5.421780049155645975e+04
5.454669008305947500e+04
5.487780395906426565e+04
5.521115543250055634e+04
5.554675542257438065e+04
6.048851615761832363e+04
6.085899664958883659e+04
6.123310442114227772e+04
6.160982391981830733e+04
6.198865429594151647e+04
6.236972385652519733e+04
6.275333207344461698e+04
6.313950462299554056e+04
6.352825562774029822e+04
6.391959974631995283e+04
6.431355193579273327e+04
6.471012668394160573e+04
6.510933929289034131e+04
6.551120558331032953e+04
6.591574207758186094e+04
5.588460936125345324e+04
5.622476996608881745e+04
5.656761485361822270e+04
5.691403079828249611e+04
5.725966248789813108e+04
5.760060695601842599e+04
5.793177071854332462e+04
5.825344110078243102e+04
5.856923096052747132e+04
6.086389695608591865e+04
6.050650410670649580e+04
6.016455894683080260e+04
5.983452014325817436e+04
5.951364697351926588e+04
5.919790282902196486e+04
5.888308733232977829e+04
5.324434259380097501e+04
5.292421736808054266e+04
5.356663953170344030e+04
5.389112093212236505e+04
5.421779989812462736e+04
5.454668969570856279e+04
5.487780371918127639e+04
5.521115546579030342e+04
5.554675852383560414e+04
5.588462626492988784e+04
5.622477139338444249e+04
6.123141115905376500e+04
6.160801662830718124e+04
6.198758676003553410e+04
6.236942186757575837e+04
6.275334485352460615e+04
6.313950992360452074e+04
6.352825515167287813e+04
6.391959686667405185e+04
6.431354824647231726e+04
6.471012378751478536e+04
6.510933775795690599e+04
6.551120536075083510e+04
6.591574251431888842e+04
6.632296577331844310e+04
6.673289235690126952e+04
5.656722770542889339e+04
5.691222720243783988e+04
5.726026464815263898e+04
5.761140378070611041e+04
5.796218059851473663e+04
5.830991791998694680e+04
5.864333839077279117e+04
5.896833546698228020e+04
5.928814925035271881e+04
6.161184312283813051e+04
6.124928189859894337e+04
6.090245549164644763e+04
6.056884645948803518e+04
6.024437981710789609e+04
5.992468469944832032e+04
5.960599828104007611e+04
5.389111967275014467e+04
5.356663858153958427e+04
5.421779878265125444e+04
5.454668883686864137e+04
5.487780311786047969e+04
5.521115507293275004e+04
5.554675827963085612e+04
5.588462641946484655e+04
5.622477326601478853e+04
5.656721235164468089e+04
5.691196016712974961e+04
6.198568866091814562e+04
6.236755126712422498e+04
6.275226576106198627e+04
6.313919772256274155e+04
6.352817800368391181e+04
6.391959365732645529e+04
6.431354297074373608e+04
6.471011912933448912e+04
6.510933443417997478e+04
6.551120376705310628e+04
6.591574254818193731e+04
6.632296699925389839e+04
6.673289390481352166e+04
6.714554035251053574e+04
6.756092395591981767e+04
5.725908667743595288e+04
5.760895424312820978e+04
5.796172889378030231e+04
5.831627912972189370e+04
5.867130082644446520e+04
5.902900062194675411e+04
5.936282897058510571e+04
5.969236502129396104e+04
6.001663040495505993e+04
6.236750684800531599e+04
6.199803661541791371e+04
6.164807354219048284e+04
6.131265227164819953e+04
6.098456863877393334e+04
6.066012150123866741e+04
6.033824400270375190e+04
5.454668756144302461e+04
5.421779782025099121e+04
5.487780198803683743e+04
5.521115420295439981e+04
5.554675767032993463e+04
5.588462602124240220e+04
5.622477301775255910e+04
5.656721252791304141e+04
5.691195851282664080e+04
5.725902480178359110e+04
5.760842746086618718e+04
6.275064804571757122e+04
6.313759622457014484e+04
6.352730397345181700e+04
6.391925119769095909e+04
6.431344555510702776e+04
6.471011361961103830e+04
6.510932972335638624e+04
6.551120100545457535e+04
6.591574154072462989e+04
6.632296753596619237e+04
6.673289571280134260e+04
6.714554300794149458e+04
6.756092654801628669e+04
6.797906357295635098e+04
6.839997173704915622e+04
5.796027548470284091e+04
5.831489792466702056e+04
5.867226117839573999e+04
5.903152937199055305e+04
5.939250443079014076e+04
5.974755022658060625e+04
6.009161595972737268e+04
6.042702345531955507e+04
6.075471271404283470e+04
6.314015558455851715e+04
6.276720162760451785e+04
6.241048777498668642e+04
6.206745777898938832e+04
6.173475742525845999e+04
6.140667499724662048e+04
6.108011071037133661e+04
5.521115291166767565e+04
5.487780101347990421e+04
5.554675652646688832e+04
5.588462514029682643e+04
5.622477240073707071e+04
5.656721212469750753e+04
5.691195826173175737e+04
5.725902486835169839e+04
5.760842609461487154e+04
5.796017610628699185e+04
5.831428830838183785e+04
6.352609029753346840e+04
6.391808098999309004e+04
6.431276217011993867e+04
6.470977226674417034e+04
6.510923977341727004e+04
6.551119728193897026e+04
6.591574031224458304e+04
6.632296781021486095e+04
6.673289715411017823e+04
6.714554555988787615e+04
6.756093015598903003e+04
6.797906791430669546e+04
6.839997589211259037e+04
6.882367144702526275e+04
6.925017235967036686e+04
5.867088786601393804e+04
5.903025303756198991e+04
5.939236865593640687e+04
5.975681827126181452e+04
6.012427674056962860e+04
6.048644949313963298e+04
6.083649951723218692e+04
6.117060134420386021e+04
6.150212001165172114e+04
6.391828169097202044e+04
6.353634550857685826e+04
6.317977271702533471e+04
6.283283529307672143e+04
6.249532727882243489e+04
6.216326627170718712e+04
6.183195564735614607e+04
5.588462383285072428e+04
5.554675553909843438e+04
5.622477124247464235e+04
5.656721123261252797e+04
5.691195763702960539e+04
5.725902446039393544e+04
5.760842584196464304e+04
5.796017602891647402e+04
5.831428936302748480e+04
5.867078027232651948e+04
5.902966236525924614e+04
6.431259099916452396e+04
6.470903854972878617e+04
6.510867400484179234e+04
6.551088760910870042e+04
6.591568658156401943e+04
6.632296957732494047e+04
6.673289923768318840e+04
6.714554844320043048e+04
6.756093398392792733e+04
6.797907289676213986e+04
6.839998197040152445e+04
6.882367820379923796e+04
6.925017872319013986e+04
6.967950131182841142e+04
7.011166430709317501e+04
5.939106064971147134e+04
5.975516044859897374e+04
6.012222195413480949e+04
6.049167786957690987e+04
6.086137974751705042e+04
6.122579572258504777e+04
6.157985216153381771e+04
6.192287533248815453e+04
6.225934193100693665e+04
6.471088369281475752e+04
6.432719610237853340e+04
6.395978487896246952e+04
6.360793196602465468e+04
6.326604050136832666e+04
6.292945540297844127e+04
6.259380271119825193e+04
5.656720990902511403e+04
5.622477024170820368e+04
5.691195646443223814e+04
5.725902355751071445e+04
5.760842520986029558e+04
5.796017561641532666e+04
5.831428910819094017e+04
5.867078012615828629e+04
5.902966320602595079e+04
5.939095297613702132e+04
5.975466371862531378e+04
6.510924080725428212e+04
6.551041858876901824e+04
6.591516748278074374e+04
6.632276436416996876e+04
6.673287607444322202e+04
6.714555025213253975e+04
6.756093904255106463e+04
6.797907919073109224e+04
6.839998962560958171e+04
6.882368701727887674e+04
6.925018813967554888e+04
6.967951075073626998e+04
7.011167238049684966e+04
7.054669171281237504e+04
7.098458791783680499e+04
6.012080748389634391e+04
6.048983021191236912e+04
6.086168335017695790e+04
6.123577489373873686e+04
6.161190166031318222e+04
6.198184230187733192e+04
6.234058981236685213e+04
6.268625908190564951e+04
6.302683721821036306e+04
6.551413234973006911e+04
6.512320403583945154e+04
6.475138692820152937e+04
6.439383936555669061e+04
6.404707045669871150e+04
6.370601510292647436e+04
6.336583761044745188e+04
5.725902221735467901e+04
5.691195545022680744e+04
5.760842402268334263e+04
5.796017470241317642e+04
5.831428846853849245e+04
5.867077970881273359e+04
5.902966294860171183e+04
5.939095282405385660e+04
5.975466406800157711e+04
6.012081150556793000e+04
6.048941004289058037e+04
6.591612131900731765e+04
6.632229711656544532e+04
6.673245412817141914e+04
6.714541532095569710e+04
6.756093047858336649e+04
6.797908731194961001e+04
6.840000026151722705e+04
6.882369985908693343e+04
6.925020207141697756e+04
6.967952430857559375e+04
7.011168456121724739e+04
7.054670205820618139e+04
7.098459496586803289e+04
7.142538286771357525e+04
7.186908540848661505e+04
6.086047171634628467e+04
6.123433981424078229e+04
6.161085188685378671e+04
6.198943496633798350e+04
6.236745875178929418e+04
6.274550899548502639e+04
6.310996497750689741e+04
6.345924469606989442e+04
6.380461674639414559e+04
6.632751327237952501e+04
6.592767552071389218e+04
6.555246728555268783e+04
6.519058250848770695e+04
6.483892087387534411e+04
6.449312755566844135e+04
6.414833005984356714e+04
5.796017334565743658e+04
5.760842299554064084e+04
5.831428726686648588e+04
5.867077878368698293e+04
5.902966230108603486e+04
5.939095240155980719e+04
5.975466380696068518e+04
6.012081135144680593e+04
6.048940996692902263e+04
6.086047467780858278e+04
6.123402058262555511e+04
6.673322710031439783e+04
6.714493121035954391e+04
6.756052766169884126e+04
6.797891605796274962e+04
6.840000563122646417e+04
6.882371667643668479e+04
6.925022323689686891e+04
6.967954681109360536e+04
7.011170471485993767e+04
7.054671796155156335e+04
7.098460627616541751e+04
7.142538992328724999e+04
7.186908737903957081e+04
7.231571809649125498e+04
7.276530088380027155e+04
6.161006199657610705e+04
6.198879654707480222e+04
6.237007944763308478e+04
6.275328432116199838e+04
6.313673067175492179e+04
6.351638601551883767e+04
6.388547307646085392e+04
6.424242010487399966e+04
6.459301370277951355e+04
6.714882755703422299e+04
6.674673248303328000e+04
6.636652224888461933e+04
6.599866708416069741e+04
6.564179641902662115e+04
6.529107429071711522e+04
6.494148503004078520e+04
5.867077741004820564e+04
5.831428622802940663e+04
5.902966108439885284e+04
5.939095146486896556e+04
5.975466315138688515e+04
6.012081092365219956e+04
6.048940970261910843e+04
6.086047452236676327e+04
6.123402051618896803e+04
6.161006291098182555e+04
6.198861698608795996e+04
6.756097163216857007e+04
6.797835035842751677e+04
6.839941923102161672e+04
6.882349068045688909e+04
6.925024546191991249e+04
6.967957844178975211e+04
7.011173895137831278e+04
7.054674796578752284e+04
7.098462665617068706e+04
7.142540078779013129e+04
7.186909213277588424e+04
7.231571779032655468e+04
7.276529600936871429e+04
7.321784452988840349e+04
7.367338034165152931e+04
6.236969835937667085e+04
6.275339202580237179e+04
6.313971960174332344e+04
6.352798391430205811e+04
6.391765015659196797e+04
6.430553562123750453e+04
6.467497153520481515e+04
6.503686390669819230e+04
6.539221391513395793e+04
6.798000065042672213e+04
6.758018491334066493e+04
6.719153673940681620e+04
6.681804607484156440e+04
6.645575789009162690e+04
6.609994478085638548e+04
6.574543169054260943e+04
5.939095007417786837e+04
5.902966003436633764e+04
5.975466191955652175e+04
6.012080997521476093e+04
6.048940903875380172e+04
6.086047408925960917e+04
6.123402024885624269e+04
6.161006275458962773e+04
6.198861694373685896e+04
6.236969824888431322e+04
6.275332214588758507e+04
6.839982875544282433e+04
6.882272471678146394e+04
6.924946768880375021e+04
6.967932614393494441e+04
7.011179756250874198e+04
7.054679263672171510e+04
7.098466589580030995e+04
7.142542627239682770e+04
7.186910196328237362e+04
7.231571678809339937e+04
7.276529110232990934e+04
7.321783705758397991e+04
7.367337177432095632e+04
7.413191119822391192e+04
7.459347169744079292e+04
6.313950161772996216e+04
6.352833673588753300e+04
6.391993482109653996e+04
6.431351156883354270e+04
6.470780577907047700e+04
6.509720153640754870e+04
6.547550260871179489e+04
6.584225494196437648e+04
6.620217440536383947e+04
6.882603151162060385e+04
6.841921244349876361e+04
6.802701044621564506e+04
6.764816614803599077e+04
6.728069808779930463e+04
6.691979082779840974e+04
6.656026622445280373e+04
6.012080856721475720e+04
5.975466085755973472e+04
6.048940779155589553e+04
6.086047312900976249e+04
6.123401957673902507e+04
6.161006231601553009e+04
6.198861667298307293e+04
6.236969808958948852e+04
6.275332211007412843e+04
6.313950437463947310e+04
6.352826053234493156e+04
6.924864001741590619e+04
6.967852706995130575e+04
7.011099054526760301e+04
7.054654363667902362e+04
7.098465205990824325e+04
7.142546219169003598e+04
7.186912675664290146e+04
7.231572074226636323e+04
7.276528302081020956e+04
7.321782537808045163e+04
7.367336054101378249e+04
7.413190181286224106e+04
7.459346510340923851e+04
7.505806674317906436e+04
7.552572482817701530e+04
6.391960872417150676e+04
6.431376413357267302e+04
6.471066018030299892e+04
6.510948518827328371e+04
6.551081716166055412e+04
6.590914561459586548e+04
6.628825464289261436e+04
6.665828049715333327e+04
6.702296507776845829e+04
6.968457447704621882e+04
6.926953346952798893e+04
6.887257025364247966e+04
6.848923676598329621e+04
6.811676906635939667e+04
6.775079780070258130e+04
6.738622847059517517e+04
6.086047170320286386e+04
6.048940671631026635e+04
6.123401831387569109e+04
6.161006134368045605e+04
6.198861599226488033e+04
6.236969764526125073e+04
6.275332183513237396e+04
6.313950421155838558e+04
6.352826052751324460e+04
6.391960663402222417e+04
6.431355829097046080e+04
7.011181780516881554e+04
7.054598058414331172e+04
7.098404178882577980e+04
7.142522575023489480e+04
7.186907382524642162e+04
7.231571795396243397e+04
7.276527874300947587e+04
7.321780778030685906e+04
7.367334189729856735e+04
7.413188735956774326e+04
7.459345490794650686e+04
7.505806109651201405e+04
7.552572314741932496e+04
7.599645981791497616e+04
7.647029161266908341e+04
6.471016534541370493e+04
6.510968746217311127e+04
6.551179118526011735e+04
6.591589805763175536e+04
6.632140377008600626e+04
6.673025585255643819e+04
6.710940152295317966e+04
6.748481150080366933e+04
6.785512351683713496e+04
7.055029810177019681e+04
7.012805818763458228e+04
6.972922377178430906e+04
6.934147100340588077e+04
6.896419044477392163e+04
6.859324222827931226e+04
6.822369655676918046e+04
6.161005989995419077e+04
6.123401722436854470e+04
6.198861471344132588e+04
6.236969666053457331e+04
6.275332114550114056e+04
6.313950376098136621e+04
6.352826024810234230e+04
6.391960646699200151e+04
6.431355838154769299e+04
6.471013204783184483e+04
6.510934306836693577e+04
7.098580580249456398e+04
7.142498573240877886e+04
7.186863902384460380e+04
7.231547598306153668e+04
7.276509849183200276e+04
7.321775603107119969e+04
7.367331486701239191e+04
7.413186490444229275e+04
7.459343957458715886e+04
7.505805188467352127e+04
7.552571885865433433e+04
7.599645945129574102e+04
7.647029351151098672e+04
7.694724177981956745e+04
7.742732595308702730e+04
6.551128299926155159e+04
6.591610356571275042e+04
6.632339472254303109e+04
6.673301473594251729e+04
6.714503506376914447e+04
6.754931553486824851e+04
6.794123869764088886e+04
6.832355356925631349e+04
6.869936748230489320e+04
7.143206116321239097e+04
7.100665973585043685e+04
7.059808249559672549e+04
7.020511700351476611e+04
6.982292486219393322e+04
6.944717311920870270e+04
6.907280482372494589e+04
6.236969519870478689e+04
6.198861360952247196e+04
6.275331985065423214e+04
6.313950276379459683e+04
6.352825954963423283e+04
6.391960601045648946e+04
6.431355809824771859e+04
6.471013188610936777e+04
6.510934350323366380e+04
6.551120897064974270e+04
6.591574424022750463e+04
7.187070543239322433e+04
7.231547443698004645e+04
7.276482419995816599e+04
7.321730980775294302e+04
7.367300815111005795e+04
7.413179706876337877e+04
7.459341774728109885e+04
7.505803942781810474e+04
7.552571316079114331e+04
7.599645786684211635e+04
7.647029454299785721e+04
7.694724450539668032e+04
7.742732862225051213e+04
7.791056797001555969e+04
7.839698379184618534e+04
6.632304702179392916e+04
6.673311500619909202e+04
6.714582471109931066e+04
6.756141455838519323e+04
6.797986727386694110e+04
6.839223252290146775e+04
6.878890030808009033e+04
6.917545206535853504e+04
6.955537096232906333e+04
7.232036481316140271e+04
7.188640486017672811e+04
7.147756892197512207e+04
7.107978120426979149e+04
7.069259640919300728e+04
7.031229780921126076e+04
6.993324183732060192e+04
6.313950128359737573e+04
6.275331873252379592e+04
6.352825823854160262e+04
6.391960500054654403e+04
6.431355739091234136e+04
6.471013142377760232e+04
6.510934326548886020e+04
6.551120912239178870e+04
6.591574509364838013e+04
6.632296704339756980e+04
6.673288860634229786e+04
7.276709890715878282e+04
7.321758998491091188e+04
7.367260299070693145e+04
7.413101920187821088e+04
7.459306941941638070e+04
7.505800339936399541e+04
7.552570807750716631e+04
7.599645813815835572e+04
7.647029681013927620e+04
7.694724731128283020e+04
7.742733163902239176e+04
7.791057089613252901e+04
7.839698550383100519e+04
7.888659605607508274e+04
7.937942312630424567e+04
6.714557494695602509e+04
6.756102102637245844e+04
6.797962191315449309e+04
6.840123189393321809e+04
6.882294131321184977e+04
6.923772067839087686e+04
6.964957288322439126e+04
7.003774766343875672e+04
7.042247437736981374e+04
7.322534367814635334e+04
7.278788329119897389e+04
7.236830446054355707e+04
7.196544767635675089e+04
7.157356167827156605e+04
7.118832581690752704e+04
7.080484245488315355e+04
6.391960350181534159e+04
6.352825710637700831e+04
6.431355606339198857e+04
6.471013040134659968e+04
6.510934254925412097e+04
6.551120873573215067e+04
6.591574527930874319e+04
6.632296850102015014e+04
6.673289481368288398e+04
6.714554103934888553e+04
6.756091862822622352e+04
7.367478730113162601e+04
7.413128649301131372e+04
7.459213739101485407e+04
7.505695435798387916e+04
7.552537654751325317e+04
7.599645839335062192e+04
7.647030522961910174e+04
7.694725396978443314e+04
7.742733629833984014e+04
7.791057396066622459e+04
7.839698776849191927e+04
7.888659765405789949e+04
7.937942353924318741e+04
7.987548551298987877e+04
8.037480403337185271e+04
6.797906300124681729e+04
6.840023249467123242e+04
6.882488382140771137e+04
6.925198869602085324e+04
6.968132814254640834e+04
7.010073287557339063e+04
7.051247875044406101e+04
7.091145456405873119e+04
7.130077891190566879e+04
7.413736836981294618e+04
7.369436855117662344e+04
7.327059328962625295e+04
7.286266765181314258e+04
7.246573143362005067e+04
7.207443819083555718e+04
7.168756085910748516e+04
6.471012888389164436e+04
6.431355491766650084e+04
6.510934120502808946e+04
6.551120770052773878e+04
6.591574461869710649e+04
6.632296844528599468e+04
6.673289584112228476e+04
6.714554380222031614e+04
6.756093015894059499e+04
6.797907390922715422e+04
6.839998422313098854e+04
7.459442778914085648e+04
7.505664945684376289e+04
7.552377893691738427e+04
7.599520517554196704e+04
7.646996271563078335e+04
7.694726969292901049e+04
7.742734812538507686e+04
7.791057994415881694e+04
7.839699064954370260e+04
7.888659875527990516e+04
7.937942410884112178e+04
7.987548588683370326e+04
8.037480383913990227e+04
8.087739794589664962e+04
8.138328869736383785e+04
6.882374769303701760e+04
6.925086626973499369e+04
6.968123125617332698e+04
7.011389925353362923e+04
7.054587683790978917e+04
7.097918535081854498e+04
7.139908160202398722e+04
7.179666732815424621e+04
7.219069922596513061e+04
7.506180962270026794e+04
7.461799754904041765e+04
7.417987295316647214e+04
7.377128991374057659e+04
7.336956476924690651e+04
7.297506843328362447e+04
7.258202064966925536e+04
6.551120616403976601e+04
6.510934004521457973e+04
6.591574325754039455e+04
6.632296735684839950e+04
6.673289515485632000e+04
6.714554366791876964e+04
6.756093035298663017e+04
6.797907342475850601e+04
6.839999201969977003e+04
6.882370480380223307e+04
6.925022645552879840e+04
7.552597118467633845e+04
7.599421165941114305e+04
7.646787849616003223e+04
7.694586162030273408e+04
7.742693775740411365e+04
7.791059845463432430e+04
7.839699670198213425e+04
7.888660059478673793e+04
7.937942381884738279e+04
7.987548506535397610e+04
8.037480348587348999e+04
8.087739826757898845e+04
8.138328924721654039e+04
8.189249664252113143e+04
8.240504144079743128e+04
6.967974607148705400e+04
7.011268310841680795e+04
7.054854662419750821e+04
7.098666470756383205e+04
7.142457416779802588e+04
7.185949418198280910e+04
7.228437445374176605e+04
7.269303152820280229e+04
7.309212930820505426e+04
7.600272151552581636e+04
7.554969296368588402e+04
7.511528236887518142e+04
7.469388643952719576e+04
7.428655896431146539e+04
7.388450455274275737e+04
7.348811401085235411e+04
6.632296580125787295e+04
6.591574208345897205e+04
6.673289354959373304e+04
6.714554199546574091e+04
6.756092845141525322e+04
6.797907058829021116e+04
6.839998647811745468e+04
6.882369441612774972e+04
6.925021165623341221e+04
6.967955278836055368e+04
7.011175571552519978e+04
7.646770339741387579e+04
7.694439056722975511e+04
7.742459258579711604e+04
7.790916452974342974e+04
7.839649078362860018e+04
7.888658685161695757e+04
7.937942063115806377e+04
7.987548305446152517e+04
8.037480136982449039e+04
8.087739724463278253e+04
8.138328968025214272e+04
8.189249842934893968e+04
8.240504384077356372e+04
8.292094673710619099e+04
8.344022875164909055e+04
7.054702916798838123e+04
7.098562079354735033e+04
7.142704791958199348e+04
7.187039767565512739e+04
7.231467035710239725e+04
7.275998875863669673e+04
7.318710144949845562e+04
7.360151552484033164e+04
7.400472420616411546e+04
7.695337766664892843e+04
7.649164357306288730e+04
7.605400709591103077e+04
7.562954680007479328e+04
7.521590658993416582e+04
7.480864381092505937e+04
7.440572786937323690e+04
6.714553999953002494e+04
6.673289236126116884e+04
6.756092566445142438e+04
6.797906671744647610e+04
6.839998077355469286e+04
6.882368538740316581e+04
6.925019783796928823e+04
6.967953445039152575e+04
7.011170790431309433e+04
7.054673072880806285e+04
7.098465667724108789e+04
7.742558140501879097e+04
7.790758968007698422e+04
7.839447226771175337e+04
7.888528519985839375e+04
7.937890980629452679e+04
7.987546245618803368e+04
8.037479222331456549e+04
8.087739435467882140e+04
8.138328861346638587e+04
8.189249936621413508e+04
8.240504666841222206e+04
8.292095110782371194e+04
8.344023363721861097e+04
8.396291567712633696e+04
8.448901931141402747e+04
7.142566876518593926e+04
7.186994058237149147e+04
7.231700190618616762e+04
7.276606020167883253e+04
7.321678529438427358e+04
7.367223773603494919e+04
7.410894490332891291e+04
7.451991972655405698e+04
7.492862034152842534e+04
7.791024609341025644e+04
7.745271529944626673e+04
7.700622937966613972e+04
7.657602904275503533e+04
7.615730328407323395e+04
7.574575429093094135e+04
7.533573275900502631e+04
6.797906309877253079e+04
6.756092396298074163e+04
6.839997525670386676e+04
6.882367763033304072e+04
6.925018714781761810e+04
6.967952025963716733e+04
7.011169305240357062e+04
7.054671725912926195e+04
7.098460568856823375e+04
7.142537666811431700e+04
7.186908528445863340e+04
7.839561507003266888e+04
7.888348149689426646e+04
7.937764731596999627e+04
7.987440575087346951e+04
8.037443705722044979e+04
8.087732254709761764e+04
8.138328283175620891e+04
8.189249933559885540e+04
8.240504910907396697e+04
8.292095560301914520e+04
8.344023989474290283e+04
8.396292326886121009e+04
8.448902702257527562e+04
8.501857310156783205e+04
8.555158402396766178e+04
7.231590029064084229e+04
7.276590753290330758e+04
7.321869483885423688e+04
7.367373114195604285e+04
7.413144151896388212e+04
7.458473857875596150e+04
7.502435498619583086e+04
7.544912686179250886e+04
7.586427375052806747e+04
7.888924788064752647e+04
7.842182856192720647e+04
7.797106313794218295e+04
7.753488536225924327e+04
7.711089088332711253e+04
7.669326198588772968e+04
7.627768053266739298e+04
6.882367124971460726e+04
6.839997174747547251e+04
6.925017850714952510e+04
6.967950968024889880e+04
7.011168069460680999e+04
7.054670742751247599e+04
7.098460410157901060e+04
7.142538377208907332e+04
7.186906449770345353e+04
7.231566147557193472e+04
7.276524635745912383e+04
7.937811506376437319e+04
7.987444948812304938e+04
8.037388900555435976e+04
8.087682171864686825e+04
8.138308912771976611e+04
8.189247960387360945e+04
8.240505176750438113e+04
8.292096114281626069e+04
8.344024755948310485e+04
8.396293249432710581e+04
8.448903720457512827e+04
8.501858378623997851e+04
8.555159384249811410e+04
8.608809014088280674e+04
8.662809604827545991e+04
7.321794622160418658e+04
7.367373214763205033e+04
7.413236505634944479e+04
7.459333246600054554e+04
7.505621408305660589e+04
7.551858252598629042e+04
7.596652064274311124e+04
7.639066958232881734e+04
7.681175427049213613e+04
7.988244820474012522e+04
7.940413649869937217e+04
7.894682858763547847e+04
7.850557099823649332e+04
7.807616723022040969e+04
7.765331609778257553e+04
7.723139429598553397e+04
6.967950130452380108e+04
6.925017237347750051e+04
7.011167150864770520e+04
7.054669849219896423e+04
7.098459826903110661e+04
7.142538748894275341e+04
7.186908025980809180e+04
7.231569568223411625e+04
7.276525679385069816e+04
7.321778274421596143e+04
7.367331876491865842e+04
8.037637785921855539e+04
8.087773599329947319e+04
8.138326666102440504e+04
8.189241049872743315e+04
8.240501500402892998e+04
8.292096978428146394e+04
8.344025838114997896e+04
8.396294601914420491e+04
8.448905174340434314e+04
8.501859816849733761e+04
8.555160698610723193e+04
8.608810183155607956e+04
8.662810487678136269e+04
8.717163982999745349e+04
8.771873083116325142e+04
7.413195589513110463e+04
7.459365586579884985e+04
7.505810350922429643e+04
7.552478400611142570e+04
7.599279928357638710e+04
7.645627232313898276e+04
7.690717726969179057e+04
7.734277202457586827e+04
7.777126735894149169e+04
8.088360998533222300e+04
8.039454889827738225e+04
7.993476456362871977e+04
7.948822212778114772e+04
7.905358616272579820e+04
7.862524250976483745e+04
7.819742941670442815e+04
7.054669131293274404e+04
7.011166432880425418e+04
7.098459278149488091e+04
7.142538506193344074e+04
7.186908549516972562e+04
7.231571164495723497e+04
7.276528147835251002e+04
7.321781567869997525e+04
7.367333766287060280e+04
7.413186595527936879e+04
7.459343103839244577e+04
8.138710802154483099e+04
8.189399194122744666e+04
8.240557338549655105e+04
8.292104610942427826e+04
8.344027682174916845e+04
8.396296885331864178e+04
8.448907391156435187e+04
8.501862198893795721e+04
8.555162814232875826e+04
8.608811864113163028e+04
8.662811702236738347e+04
8.717164797650634137e+04
8.771873401518876199e+04
8.826939887592774176e+04
8.882366612485330552e+04
7.505808628554122697e+04
7.552580073255985917e+04
7.599598975088052975e+04
7.646830056019441690e+04
7.694174337428210129e+04
7.741468997572032094e+04
7.786540609515606775e+04
7.830815102599545207e+04
7.874377492345008068e+04
8.190388627666498360e+04
8.141081502869799442e+04
8.093765096535794146e+04
8.048415210189831851e+04
8.004372841063533269e+04
7.960989551220316207e+04
7.917632878774972050e+04
7.142538223075309361e+04
7.098458795716398163e+04
7.186908588425356720e+04
7.231571669227967504e+04
7.276529337483434938e+04
7.321783416566222149e+04
7.367335954402676725e+04
7.413188908926247677e+04
7.459344392013126344e+04
7.505804178878186212e+04
7.552570543195011851e+04
8.241010595207745791e+04
8.292281138387198735e+04
8.344066426356679585e+04
8.396294788321788656e+04
8.448912429216581222e+04
8.501866592524526641e+04
8.555166475734383857e+04
8.608815028962946963e+04
8.662813855621057155e+04
8.717165939324135252e+04
8.771873913636413636e+04
8.826939905798062682e+04
8.882366149869027140e+04
8.938154858356982004e+04
8.994308199603758112e+04
7.599648939374668407e+04
7.647017851494492788e+04
7.694617692888641614e+04
7.742419481615688710e+04
7.790244321359523747e+04
7.837554037573943788e+04
7.883666109839586716e+04
7.928760594087089703e+04
7.973010998152059619e+04
8.293430830017050903e+04
8.242883291673785425e+04
8.195428026438578672e+04
8.149398175413459830e+04
8.104730905013304437e+04
8.060779503404165735e+04
8.016867600077261159e+04
7.231571849509300955e+04
7.186908546830572595e+04
7.276529798399705032e+04
7.321784251937658701e+04
7.367337130894852453e+04
7.413190298458385223e+04
7.459345762315845059e+04
7.505805409441863594e+04
7.552571182601765031e+04
7.599644868687709095e+04
7.647028414623363642e+04
8.344523813759135373e+04
8.396414123000942345e+04
8.448891448833253526e+04
8.501849337832616584e+04
8.555176546112494543e+04
8.608821308636759932e+04
8.662818025559965463e+04
8.717168642010299664e+04
8.771874942993972218e+04
8.826939781811878493e+04
8.882365627239724563e+04
8.938154085807583760e+04
8.994307286177175411e+04
9.050827262592666375e+04
9.107716085087992542e+04
7.694725936674665718e+04
7.742693383546004770e+04
7.790891613935351779e+04
7.839280269755085465e+04
7.887629329664782563e+04
7.935449463650245161e+04
7.982351572463492630e+04
8.028248059741887846e+04
8.073076298507512547e+04
8.397563456537119055e+04
8.347146405354310991e+04
8.298443353845026286e+04
8.251755455621020519e+04
8.206462473481717461e+04
8.161928542358339473e+04
8.117470533190673450e+04
7.321784656052912760e+04
7.276530095149710542e+04
7.367337669128061680e+04
7.413190995592041872e+04
7.459346542384639906e+04
7.505806180759752169e+04
7.552571843961246486e+04
7.599645411388069624e+04
7.647028789485020388e+04
7.694723840318199655e+04
7.742732437249347277e+04
8.449257725117311929e+04
8.501849899770189950e+04
8.555078884378865769e+04
8.608794481392520538e+04
8.662831678328220733e+04
8.717174059947703790e+04
8.771877572418149794e+04
8.826940183669149701e+04
8.882364744315647113e+04
8.938152812342300604e+04
8.994306070342504245e+04
9.050826239781244658e+04
9.107715336489123001e+04
9.164975425116268161e+04
9.222608748442638898e+04
7.791051947304337227e+04
7.839634195332489617e+04
7.888463956422799674e+04
7.937442713300793548e+04
7.986386295098808478e+04
8.034895029718850856e+04
8.083062304151788703e+04
8.129294562717810913e+04
8.174517999497767596e+04
8.502874690015641681e+04
8.451598123952707101e+04
8.402778633785009151e+04
8.355467608502338408e+04
8.309562073193395918e+04
8.264441746766823053e+04
8.219428535997209838e+04
7.413191354689201398e+04
7.367338039681168448e+04
7.459346919227436592e+04
7.505806578729509783e+04
7.552572224875805841e+04
7.599645744194480358e+04
7.647029049075796502e+04
7.694724053097287833e+04
7.742732686226880469e+04
7.791056880307741812e+04
7.839698519610655785e+04
8.555300593948706228e+04
8.608638980280207761e+04
8.662668634479767934e+04
8.717146531440842955e+04
8.771887247855569876e+04
8.826941539224948792e+04
8.882364261329888541e+04
8.938150899030566507e+04
8.994304032686103892e+04
9.050824638844735455e+04
9.107714188013406238e+04
9.164974750779155875e+04
9.222608486413427454e+04
9.280617704040813260e+04
9.339004913055356883e+04
7.888648026189046504e+04
7.937872913407553278e+04
7.987353062061419769e+04
8.036951282596304372e+04
8.086571544135861041e+04
8.135950257201590284e+04
8.185264396694434981e+04
8.231507256803417113e+04
8.277272104223621136e+04
8.609123343399319856e+04
8.557957068901324237e+04
8.508321308822483115e+04
8.460493362294732651e+04
8.414006663776932692e+04
8.368304686683505133e+04
8.322722912682975584e+04
7.505806766560518008e+04
7.459347172951162793e+04
7.552572389981498418e+04
7.599645894248336845e+04
7.647029179093132552e+04
7.694724159235075058e+04
7.742732765649531211e+04
7.791056949688855093e+04
7.839698675219996949e+04
7.888659918793709949e+04
7.937942575321906770e+04
8.662731006365151552e+04
8.716809103827018407e+04
8.771699063926456438e+04
8.826913636643935752e+04
8.882357611379607988e+04
8.938148570164188277e+04
8.994301092910591979e+04
9.050822152790187101e+04
9.107712436546880053e+04
9.164973648706900713e+04
9.222607915236307599e+04
9.280617561405710876e+04
9.339005019718357653e+04
9.397772806825609587e+04
9.456923548945943185e+04
7.987535509709654434e+04
8.037432305089865986e+04
8.087527626506361412e+04
8.137804129849745368e+04
8.188133436846130644e+04
8.238702468753790890e+04
8.287583850138647540e+04
8.335048053064203123e+04
8.381341207317249791e+04
8.717665808579050645e+04
8.665271846301636833e+04
8.615159035479473823e+04
8.566808089411891706e+04
8.519764903462135408e+04
8.473501332700025523e+04
8.427339758083819470e+04
7.599645918080215051e+04
7.552572484299629286e+04
7.647029186268769263e+04
7.694724162754889403e+04
7.742732771045663685e+04
7.791056956966778671e+04
7.839698682541561720e+04
7.888659930148837157e+04
7.937942692083308066e+04
7.987548962968993874e+04
8.037480681436929444e+04
8.771536629877811356e+04
8.826494136869175418e+04
8.882182419061551627e+04
8.938097685764987546e+04
8.994270786917873193e+04
9.050819325225117791e+04
9.107709943600838596e+04
9.164972105458764418e+04
9.222607089079928119e+04
9.280617205696739256e+04
9.339005001389443350e+04
9.397773024565928790e+04
9.456923812767052732e+04
9.516459906278633571e+04
9.576383874577614188e+04
8.087730104353213392e+04
8.138311459453981661e+04
8.189003252990507463e+04
8.239989261023483414e+04
8.291083856661738537e+04
8.342581281440285966e+04
8.392631346037118055e+04
8.439857777659197745e+04
8.486693156858994917e+04
8.827310410411353223e+04
8.773498684289591620e+04
8.723244515480392147e+04
8.674444566914252937e+04
8.626895487672234594e+04
8.580037685047766718e+04
8.533296950865660619e+04
7.694724078972922871e+04
7.647029162394783634e+04
7.742732686985960754e+04
7.791056887733440090e+04
7.839698632825411914e+04
7.888659897489719151e+04
7.937942674698749033e+04
7.987548970198746247e+04
8.037480790814927605e+04
8.087740139772531984e+04
8.138329038982263592e+04
8.881637497659404471e+04
8.937729258598682645e+04
8.994102796320900961e+04
9.050706619683447934e+04
9.107662290600403503e+04
9.164971157015736389e+04
9.222606142419167736e+04
9.280616850107991195e+04
9.339004935637011658e+04
9.397773149434878724e+04
9.456924104814667953e+04
9.516460308324811922e+04
9.576384250475601584e+04
9.636698428366309963e+04
9.697405359224368294e+04
8.189245537945600518e+04
8.240397001194114273e+04
8.291791338113366510e+04
8.343515196504422056e+04
8.395481186411101953e+04
8.447111970555072185e+04
8.497337510976431076e+04
8.545806710290868068e+04
8.593396551511045254e+04
8.938227608322231390e+04
8.884650499810864858e+04
8.832879811012050777e+04
8.783492830675398000e+04
8.735432944346313889e+04
8.687873967839957913e+04
8.640626487624431320e+04
7.791056746401052806e+04
7.742732597067992901e+04
7.839698502870928496e+04
7.888659794829273596e+04
7.937942601608426776e+04
7.987548926473740721e+04
8.037480787498744030e+04
8.087740211854655354e+04
8.138329239119061094e+04
8.189249946144268324e+04
8.240504104812290461e+04
8.993698263782064896e+04
9.050412386590502865e+04
9.107444582263265329e+04
9.164786438825949153e+04
9.222554094197385712e+04
9.280617847562629322e+04
9.339005123177496716e+04
9.397773378621495795e+04
9.456924363390797225e+04
9.516460670268339163e+04
9.576384740752802463e+04
9.636698998227466654e+04
9.697405907437992573e+04
9.758507962602608313e+04
9.820007726540265139e+04
8.292090181866555940e+04
8.343846270327463571e+04
8.395959983119332173e+04
8.448423458806211420e+04
8.501109210887763766e+04
8.553794691388039791e+04
8.604042955658715800e+04
8.653271337792025588e+04
8.701546323795321223e+04
9.050229884390356892e+04
8.996520333408740407e+04
8.943620792208355851e+04
8.893985147387433972e+04
8.845389402104481997e+04
8.797431519929243950e+04
8.749453092220646795e+04
7.888659625894918281e+04
7.839698381556541426e+04
7.937942450147280761e+04
7.987548808736405044e+04
8.037480708066777152e+04
8.087740180943300948e+04
8.138329280099646712e+04
8.189250085741640942e+04
8.240504735029650328e+04
8.292095201617390558e+04
8.344022243307309691e+04
9.107184154389647301e+04
9.164539207272848580e+04
9.222241201118740719e+04
9.280403103689309501e+04
9.338960480876623478e+04
9.397772331682110962e+04
9.456924810360744596e+04
9.516461051055428106e+04
9.576385186425888969e+04
9.636699591312136909e+04
9.697406629090882780e+04
9.758508747109475371e+04
9.820008456028824730e+04
9.881908315997455793e+04
9.944210958301153732e+04
8.396288667617805186e+04
8.448681746906273474e+04
8.501529398726671934e+04
8.554718354371475289e+04
8.608009091624493885e+04
8.660817520346753008e+04
8.712305149958097900e+04
8.762212275773253350e+04
8.811370232738829509e+04
9.164924048616073560e+04
9.109724075510159309e+04
9.057120601394424739e+04
9.006154029835246911e+04
8.956853560324957652e+04
8.908293701443813916e+04
8.859792606156445981e+04
7.987548627048860362e+04
7.937942315040585527e+04
8.037480546515282185e+04
8.087740053865195659e+04
8.138329195184032142e+04
8.189250047983643890e+04
8.240504724951043318e+04
8.292095397620208678e+04
8.344024199009807489e+04
8.396292230528402433e+04
8.448899986976564105e+04
9.222109072295280930e+04
9.280114093551301630e+04
9.338582567845143785e+04
9.397587541605815932e+04
9.456895817448297748e+04
9.516462591241924383e+04
9.576385692256788025e+04
9.636700184268904559e+04
9.697407380531054514e+04
9.758509645046328660e+04
9.820009424086114450e+04
9.881909260477928910e+04
9.944211748740763869e+04
1.000691952762764413e+05
1.007003529815468501e+05
8.501752784409848391e+04
8.554933292114827782e+04
8.608516777533847198e+04
8.662399847617877822e+04
8.716385441628542321e+04
8.770553907167253783e+04
8.822044291574433737e+04
8.873666555248062650e+04
8.922591343675414100e+04
9.280216104251827346e+04
9.223946493221282435e+04
9.171131691319980018e+04
9.119819630649116880e+04
9.069816415288600547e+04
9.020611564987937163e+04
8.971498241068299103e+04
8.087739865853769879e+04
8.037480405234805949e+04
8.138329015547085146e+04
8.189249884773563826e+04
8.240504569160290703e+04
8.292095197919847851e+04
8.344023942546291801e+04
8.396292972290451871e+04
8.448904563973836775e+04
8.501857672802264278e+04
8.555152465180480795e+04
9.338529597099743842e+04
9.397184057044604560e+04
9.456531887565819488e+04
9.516330012065288611e+04
9.576376420889610017e+04
9.636700361929160135e+04
9.697408234463265399e+04
9.758510668636469927e+04
9.820010558427439537e+04
9.881910407332897012e+04
9.944212813917985477e+04
1.000692041993519670e+05
1.007003589932595642e+05
1.013356193687626510e+05
1.019750125446225138e+05
8.608688542774046073e+04
8.662618210179985908e+04
8.716918597563648655e+04
8.771502564680477371e+04
8.826279915675045049e+04
8.880418857459536230e+04
8.933326565139008744e+04
8.985021259057165298e+04
9.034984806906059384e+04
9.397460385655541904e+04
9.340992853213487251e+04
9.286793785690799996e+04
9.234778356352761330e+04
9.184191215375378670e+04
9.134348838328034617e+04
9.084569661198172253e+04
8.189249669055135746e+04
8.138328870995958277e+04
8.240504320186935365e+04
8.292094908306254365e+04
8.344023560756878578e+04
8.396292418376333080e+04
8.448903620617545675e+04
8.501859192058983899e+04
8.555160994213139929e+04
8.608806533930992009e+04
8.662771182257909095e+04
9.456408695852728852e+04
9.515882692325040989e+04
9.576071784532896709e+04
9.636622842777625192e+04
9.697410682721588819e+04
9.758513028449617559e+04
9.820011994012356445e+04
9.881911868098271952e+04
9.944214143397148291e+04
1.000692152462684899e+05
1.007003673874602682e+05
1.013356248140749958e+05
1.019750143507489847e+05
1.026185625223250099e+05
1.032662960301940475e+05
8.717060213700494205e+04
8.771723400838339876e+04
8.826739887678978266e+04
8.882044897954724729e+04
8.937530143674220017e+04
8.992213283098470129e+04
9.046971697831184429e+04
9.098190711363301671e+04
9.148791814563794469e+04
9.516349629695230396e+04
9.457998214756121160e+04
9.403856057595244783e+04
9.351215003240779333e+04
9.299985062936617760e+04
9.249509118028836383e+04
9.199064161243375565e+04
8.292094598696597677e+04
8.240504145044765028e+04
8.344023155307360867e+04
8.396291903479368193e+04
8.448902946170665382e+04
8.501858382360670657e+04
8.555160241685563233e+04
8.608810410850575136e+04
8.662811458601642516e+04
8.717160096786753275e+04
8.771833235676922777e+04
9.575685956617975899e+04
9.636210074282668938e+04
9.697170528876116441e+04
9.758474236502438725e+04
9.820018535740126390e+04
9.881916686615640356e+04
9.944215976347755350e+04
1.000692302087531425e+05
1.007003778782990994e+05
1.013356311075410194e+05
1.019750172587965644e+05
1.026185626767971116e+05
1.032662933972323081e+05
1.039182351066126139e+05
1.045744138959099655e+05
8.826865702169238648e+04
8.882254070893484459e+04
8.937992831190062861e+04
8.994023025105996931e+04
9.050090124263508187e+04
9.105670393994823098e+04
9.160122316691586457e+04
9.212624920604494400e+04
9.264050147915526759e+04
9.636679517044093518e+04
9.576844812410128361e+04
9.522215433508589922e+04
9.469071736018412048e+04
9.417238099283799238e+04
9.366128441188936995e+04
9.315027412838304008e+04
8.396291435616571107e+04
8.344022876367172285e+04
8.448902362191963766e+04
8.501857700558580109e+04
8.555159511745888449e+04
8.608809861346856633e+04
8.662810699109731650e+04
8.717164061385982495e+04
8.771871152585746313e+04
8.826929271314690413e+04
8.882337235986931773e+04
9.696967311995815544e+04
9.758092093576023763e+04
9.819849103179907252e+04
9.881898924989068473e+04
9.944222525113484880e+04
1.000692801436252339e+05
1.007003932404746447e+05
1.013356397106000368e+05
1.019750199280781089e+05
1.026185614276073175e+05
1.032662900524322176e+05
1.039182308902235382e+05
1.045744090871803928e+05
1.052348498045204324e+05
1.058995793343701080e+05
8.938105810438496701e+04
8.994228559550741920e+04
9.050690026489786396e+04
9.107457827450179320e+04
9.164185687322683225e+04
9.220778954154938401e+04
9.275436921616330801e+04
9.328715470597865351e+04
9.380863366713077994e+04
9.758176459466083907e+04
9.698567954537273908e+04
9.642402276511071250e+04
9.588451215178547136e+04
9.535973754544788972e+04
9.484237875167433231e+04
9.432499896549394180e+04
8.501857118117765640e+04
8.448901933222272783e+04
8.555158895614229550e+04
8.608809287754820252e+04
8.662810375744616613e+04
8.717164258176503063e+04
8.771872982704738388e+04
8.826938850044172432e+04
8.882363399213222146e+04
8.938146186867465440e+04
8.994291246153450629e+04
9.819611184986552689e+04
9.881590586736718251e+04
9.944116956553047930e+04
1.000690809496095171e+05
1.007004341452068766e+05
1.013356648927605274e+05
1.019750243797797448e+05
1.026185591888877098e+05
1.032662836182904284e+05
1.039182232327446836e+05
1.045744019990863744e+05
1.052348444198333891e+05
1.058995755399429472e+05
1.065686210744788987e+05
1.072420083162984665e+05
9.050798807375076285e+04
9.107659126366162673e+04
9.164870695281377994e+04
9.222364791251810675e+04
9.279806834840706142e+04
9.336863576641601685e+04
9.392458675300869800e+04
9.446479288295026345e+04
9.499237029637162050e+04
9.882085177803074475e+04
9.821870196676242631e+04
9.764283522450289456e+04
9.709450236599530035e+04
9.656256584992581338e+04
9.603870175198397192e+04
9.551497957314255473e+04
8.608808771889975469e+04
8.555158406254388683e+04
8.662809968202024174e+04
8.717164078775259259e+04
8.771873275393289805e+04
8.826939728853967972e+04
8.882365726046304917e+04
8.938153645830717869e+04
8.994305495892390900e+04
9.050822387741865532e+04
9.107707888704654761e+04
9.943759718706550484e+04
1.000672793455969804e+05
1.006996606427374791e+05
1.013354166654967703e+05
1.019750329012197180e+05
1.026185477222571062e+05
1.032662750270485412e+05
1.039182118072339363e+05
1.045743903608263499e+05
1.052348347698283033e+05
1.058995689847996109e+05
1.065686180854648846e+05
1.072420078590758931e+05
1.079197655012398027e+05
1.086019196358848130e+05
9.164961674470838625e+04
9.222569760165660409e+04
9.280538257969533151e+04
9.338747841743870231e+04
9.397041418361164688e+04
9.454970715578384988e+04
9.511339143322747259e+04
9.565807480295770802e+04
9.619139271939912578e+04
1.000741551788232318e+05
9.945530185607729072e+04
9.886939699108064815e+04
9.832004041299533856e+04
9.778146572944830405e+04
9.725074912166727881e+04
9.672045339026540751e+04
8.717163808277707722e+04
8.662809611423243769e+04
8.771873200051400636e+04
8.826939967598226212e+04
8.882366376241405669e+04
8.938154668823990505e+04
8.994307255251612514e+04
9.050826478824543301e+04
9.107714538039088075e+04
9.164973243962309789e+04
9.222605647482369386e+04
1.006997725701741874e+05
1.013348083961520606e+05
1.019743773454489274e+05
1.026184019845919101e+05
1.032662574369976792e+05
1.039181893031489017e+05
1.045743748015538586e+05
1.052348211704073474e+05
1.058995586101380904e+05
1.065686115427839250e+05
1.072420054991510697e+05
1.079197669252060005e+05
1.086019230271006236e+05
1.092885024970056693e+05
1.099795349475676776e+05
9.280610965781052073e+04
9.338977909080155951e+04
9.397668739030677534e+04
9.456650468525609176e+04
9.516062161954019393e+04
9.574871167548099766e+04
9.631534638977446593e+04
9.686607030941848643e+04
9.740595975994334731e+04
1.013437489452846930e+05
1.007285568886221154e+05
1.001347995220076555e+05
9.956554759014873707e+04
9.901763311643549241e+04
9.847922248526905605e+04
9.794190984599239891e+04
8.826939958624877909e+04
8.771873092302808072e+04
8.882366539189570176e+04
8.938155076059653948e+04
8.994307877859967994e+04
9.050827233237639302e+04
9.107715533236216288e+04
9.164975088064286683e+04
9.222608174845894973e+04
9.280616945115051931e+04
9.339004496123590798e+04
1.019774400076093007e+05
1.026184354544631788e+05
1.032659835796324332e+05
1.039181620411744370e+05
1.045743251833096729e+05
1.052347988337816641e+05
1.058995458488673903e+05
1.065686033512936992e+05
1.072420015357598168e+05
1.079197668067552877e+05
1.086019261970125954e+05
1.092885080431336537e+05
1.099795409015216865e+05
1.106750543971479492e+05
1.113750787975579296e+05
9.397765806907233491e+04
9.456875563076730759e+04
9.516305697385378880e+04
9.576205039754895552e+04
9.636722987897851272e+04
9.695899757331739238e+04
9.753280496566422516e+04
9.808989789367800404e+04
9.863667184455219831e+04
1.026271918269409798e+05
1.020045630923261488e+05
1.014071301499713591e+05
1.008301974056204344e+05
1.002717639454908203e+05
9.972468669758563919e+04
9.917975252263857692e+04
8.938155192627057841e+04
8.882366622324869968e+04
8.994308083400921896e+04
9.050827553685735620e+04
9.107715920065702812e+04
9.164975496810414188e+04
9.222608647120105161e+04
9.280617708119231975e+04
9.339005051696533337e+04
9.397773049053025898e+04
9.456923859055129287e+04
1.032701562984175544e+05
1.039187912933365442e+05
1.045745091143615427e+05
1.052347397845848463e+05
1.058994784355835145e+05
1.065685898452899855e+05
1.072419992308920628e+05
1.079197684768534964e+05
1.086019307889945485e+05
1.092885145790750394e+05
1.099795481151911663e+05
1.106750618656200095e+05
1.113750847797817114e+05
1.120796468651570758e+05
1.127887786597094819e+05
9.516442598401768191e+04
9.576295023190823849e+04
9.636547847179109522e+04
9.697429220767336665e+04
9.758889161497855093e+04
9.819195317834807793e+04
9.876574941526849580e+04
9.932987096025294159e+04
9.988355065226320585e+04
1.039290902531398460e+05
1.033028234076064982e+05
1.026951873574152560e+05
1.021097720587801450e+05
1.015428363004591083e+05
1.009870780677829025e+05
1.004340681444069633e+05
9.050827643216458091e+04
8.994308207385911373e+04
9.107716032714809990e+04
9.164975641516118776e+04
9.222608801429490268e+04
9.280617864074856334e+04
9.339005211250427237e+04
9.397773256527492777e+04
9.456924453592918871e+04
9.516461223768007767e+04
9.576382938499625016e+04
1.045774857219314872e+05
1.052360268887628481e+05
1.058997563386936527e+05
1.065684518326498946e+05
1.072419532652073685e+05
1.079197713435509504e+05
1.086019410712724930e+05
1.092885261990797007e+05
1.099795596491262986e+05
1.106750718435798772e+05
1.113750926284497255e+05
1.120796531238515017e+05
1.127887820325624052e+05
1.135025092801220162e+05
1.142208649646137346e+05
9.636667143280449091e+04
9.697307159984738973e+04
9.758451388687053986e+04
9.820161684160087316e+04
9.881764043293400027e+04
9.942474263914093899e+04
1.000146141094670602e+05
1.005855172481291665e+05
1.011464383108151233e+05
1.052499332487233332e+05
1.046119583604482032e+05
1.039981905462123832e+05
1.034052215002461890e+05
1.028300986106376658e+05
1.022660516941947426e+05
1.017048674775277759e+05
9.164975632406542718e+04
9.107716089378157631e+04
9.222608784774498781e+04
9.280617845647134527e+04
9.339005181659584923e+04
9.397773191148991464e+04
9.456924295659216295e+04
9.516460944631423627e+04
9.576385549393163819e+04
9.636700452549557667e+04
9.697405337732842600e+04
1.059045319806298940e+05
1.065697387658157386e+05
1.072419989257870911e+05
1.079196759043444763e+05
1.086019459055922198e+05
1.092885480145430192e+05
1.099795799488162302e+05
1.106750895253960771e+05
1.113751058481512737e+05
1.120796610047820141e+05
1.127887868996798643e+05
1.135025120225295541e+05
1.142208649974061846e+05
1.149438749323578522e+05
1.156715711319934198e+05
9.758466872010736552e+04
9.819956928571189928e+04
9.881978006104746601e+04
9.944375205201694916e+04
1.000693570104365936e+05
1.006910788905411464e+05
1.012788245129946881e+05
1.018566855383755028e+05
1.024257302125463757e+05
1.065835679847793799e+05
1.059307022678607609e+05
1.053145196310650790e+05
1.047156386909928842e+05
1.041333650237844122e+05
1.035615044988286536e+05
1.029923370924710325e+05
9.280617727417574497e+04
9.222608749925794837e+04
9.339005033601382456e+04
9.397773013254249236e+04
9.456924065663426882e+04
9.516460610176908085e+04
9.576385069055961503e+04
9.636699828186479863e+04
9.697407223177922424e+04
9.758509544433544215e+04
9.820009694314790249e+04
1.072459127161694341e+05
1.079203252419923228e+05
1.086017833811617456e+05
1.092884604029202746e+05
1.099796243629400851e+05
1.106751195364355226e+05
1.113751287569714477e+05
1.120796769541768008e+05
1.127887946502797859e+05
1.135025140070729685e+05
1.142208654937297542e+05
1.149438747863956960e+05
1.156715701741431112e+05
1.164039801081157057e+05
1.171411336066317745e+05
9.881886899897968397e+04
9.944251219927851344e+04
1.000708789078334084e+05
1.007013926909092697e+05
1.013338038095139927e+05
1.019551825372303574e+05
1.025578942916241795e+05
1.031448360821299284e+05
1.037220755685666081e+05
1.079313008842246491e+05
1.072787530813513440e+05
1.066475980707403505e+05
1.060414493933637277e+05
1.054524947747940168e+05
1.048734435708955425e+05
1.042966225174522406e+05
9.397772776745732699e+04
9.339004913255928841e+04
9.456923770168174815e+04
9.516460256677045254e+04
9.576384636345552281e+04
9.636699315107287839e+04
9.697406677369029785e+04
9.758509043979464332e+04
9.820008749077068933e+04
9.881908456539812323e+04
9.944208872410556069e+04
1.086041172418046772e+05
1.092883696047780686e+05
1.099790859076086344e+05
1.106748535648888937e+05
1.113751711510059395e+05
1.120797025884804461e+05
1.127888100108949147e+05
1.135025198577252304e+05
1.142208642412630870e+05
1.149438722585654323e+05
1.156715689001504361e+05
1.164039806111446815e+05
1.171411354208163248e+05
1.178830624050566694e+05
1.186297919084553869e+05
1.000694285705374059e+05
1.007015115804977977e+05
1.013373514203309896e+05
1.019753375963233411e+05
1.026176812536353827e+05
1.032508693582570268e+05
1.038565365664001583e+05
1.044503920931517641e+05
1.050355358298406354e+05
1.092951174171465536e+05
1.086332532058344950e+05
1.079968446313166496e+05
1.073832712717652757e+05
1.067877607433199446e+05
1.062019385855326400e+05
1.056178101298113907e+05
9.516459890601570078e+04
9.456923548859420407e+04
9.576384205464921251e+04
9.636698844544465828e+04
9.697406198070298706e+04
9.758508667148376117e+04
9.820008622245483275e+04
9.881908469665830489e+04
9.944210631559109606e+04
1.000691754832527804e+05
1.007004229678656702e+05
1.099801605676152540e+05
1.106738310360249161e+05
1.113737351364248752e+05
1.120791603507784312e+05
1.127888160123115667e+05
1.135025261074199807e+05
1.142208654048925528e+05
1.149438680900249601e+05
1.156715642389493296e+05
1.164039791465877061e+05
1.171411370839055890e+05
1.178830668624617538e+05
1.186297977790204604e+05
1.193813608966538013e+05
1.201377886830436619e+05
1.013360741627822717e+05
1.019762471171679936e+05
1.026193670856578974e+05
1.032653398638001090e+05
1.039125429844329919e+05
1.045542207816375158e+05
1.051696036285501468e+05
1.057727853464115324e+05
1.063664993293162552e+05
1.106793191307689267e+05
1.100042190106161142e+05
1.093604894698262651e+05
1.087412116547565238e+05
1.081395455251066014e+05
1.075472594926874735e+05
1.069561875262957910e+05
9.636698392696415249e+04
9.576383874475123594e+04
9.697405735166215163e+04
9.758508254072307318e+04
9.820008367215261387e+04
9.881908520235710603e+04
9.944211150586952863e+04
1.000691879317559651e+05
1.007003404466795182e+05
1.013355925649990095e+05
1.019749667505739490e+05
1.113735477453418862e+05
1.120764719530452276e+05
1.127863299230085686e+05
1.135017717887330655e+05
1.142208021382118604e+05
1.149438581206557137e+05
1.156715577934985195e+05
1.164039759178568347e+05
1.171411383685702895e+05
1.178830716708827676e+05
1.186298045881835424e+05
1.193813688360763626e+05
1.201377957694476790e+05
1.208991181781855994e+05
1.216653697439987009e+05
1.026189575955000473e+05
1.032668919839431619e+05
1.039178236422226328e+05
1.045716667036646249e+05
1.052263750572986901e+05
1.058728749647302175e+05
1.065008277591187943e+05
1.071149596949380502e+05
1.077153617726740922e+05
1.120830537583952391e+05
1.113880693724263838e+05
1.107412057964982960e+05
1.101162331396112568e+05
1.095086006116240751e+05
1.089099398138889810e+05
1.083121171454981231e+05
9.758507835659239208e+04
9.697405359418682929e+04
9.820008026036432420e+04
9.881908335117681418e+04
9.944211250775722146e+04
1.000691929032743938e+05
1.007003499205465341e+05
1.013356095110341557e+05
1.019749990326914849e+05
1.026185449412526214e+05
1.032662764656073850e+05
1.127846145673766732e+05
1.134967610448187334e+05
1.142177825388961937e+05
1.149429854491194128e+05
1.156714775987578760e+05
1.164039709700436797e+05
1.171411415694315656e+05
1.178830805870978947e+05
1.186298156755742384e+05
1.193813795430976170e+05
1.201378047469122685e+05
1.208991254304138129e+05
1.216653736079196533e+05
1.224365821537677984e+05
1.232127840999470209e+05
1.039184150560492271e+05
1.045742287691878882e+05
1.052333440815693466e+05
1.058957773097416939e+05
1.065597928928522015e+05
1.072176529992186552e+05
1.078615332878094196e+05
1.084743686625654955e+05
1.090820854775081389e+05
1.134982159414036869e+05
1.128107009880510013e+05
1.121439564824185654e+05
1.115106505254450458e+05
1.108961192876665154e+05
1.102906892117666430e+05
1.096859281191875489e+05
9.881908063102095912e+04
9.820007728044898249e+04
9.944211109892882814e+04
1.000691934699623816e+05
1.007003533443042397e+05
1.013356165811475366e+05
1.019750096682332805e+05
1.026185600472087244e+05
1.032662975220671651e+05
1.039182548068896867e+05
1.045744557723428152e+05
1.142138447828060162e+05
1.149371635175437114e+05
1.156683749752864387e+05
1.164029876876604249e+05
1.171411317561828764e+05
1.178831022936964146e+05
1.186298369631018868e+05
1.193814003854236071e+05
1.201378204929747735e+05
1.208991350801046938e+05
1.216653791049874271e+05
1.224365846664723795e+05
1.232127829777538427e+05
1.239940056020203774e+05
1.247802839786828845e+05
1.052348699599362881e+05
1.058988534790260455e+05
1.065665481138164760e+05
1.072383154976820661e+05
1.079142015211972030e+05
1.085738527591270831e+05
1.092217532836113969e+05
1.098517268106510746e+05
1.104668322472794680e+05
1.149430501098899549e+05
1.142453187338121206e+05
1.135618593071829528e+05
1.129253380319761491e+05
1.123032614216527581e+05
1.116902014858246985e+05
1.110779190804996615e+05
1.000691923274983565e+05
9.944210962417766859e+04
1.007003533765979664e+05
1.013356180757655093e+05
1.019750130333753623e+05
1.026185652659959596e+05
1.032663029816085618e+05
1.039182562014049618e+05
1.045744570806416596e+05
1.052349376638922258e+05
1.058997099017831497e+05
1.156633988946213067e+05
1.163981102274906589e+05
1.171377724766308238e+05
1.178819369216891209e+05
1.186299047926433850e+05
1.193814576961362473e+05
1.201378512099525979e+05
1.208991560054022702e+05
1.216653889273513778e+05
1.224365864387668989e+05
1.232127821112904785e+05
1.239940033943859162e+05
1.247802806132866681e+05
1.255716441087651183e+05
1.263681248652427894e+05
1.065688513693690620e+05
1.072410394056879013e+05
1.079178874040812807e+05
1.085986356238552253e+05
1.092776660336171772e+05
1.099562937880719110e+05
1.106187337789871381e+05
1.112468197506010911e+05
1.118692985256615357e+05
1.163977816506302479e+05
1.156872877262516558e+05
1.150180929605510755e+05
1.143632433980063070e+05
1.137309373973017937e+05
1.131088983319862600e+05
1.124884228827200568e+05
1.013356176855432423e+05
1.007003530543851230e+05
1.019750127242605231e+05
1.026185648230663064e+05
1.032663018332215288e+05
1.039182521444434678e+05
1.045744451071233343e+05
1.052349104250371311e+05
1.058996750628196751e+05
1.065687613713926985e+05
1.072421714800135960e+05
1.171347348052275483e+05
1.178776835339955869e+05
1.186261486383150914e+05
1.193800406181127037e+05
1.201376288846939715e+05
1.208992002962429688e+05
1.216654102148830571e+05
1.224365936160901329e+05
1.232127793309444096e+05
1.239939979266906885e+05
1.247802761599998776e+05
1.255716414043054538e+05
1.263681238207651913e+05
1.271697543379869894e+05
1.279765655576015124e+05
1.079197838110669400e+05
1.086010530473092949e+05
1.092873596203877823e+05
1.099761874473632051e+05
1.106638002363353007e+05
1.113482791036858689e+05
1.120130408345438336e+05
1.126573740809253504e+05
1.132901664888139203e+05
1.178843498757867055e+05
1.171676894513604930e+05
1.164808324397835968e+05
1.158207373132211505e+05
1.151784402566389763e+05
1.145458450554005540e+05
1.139176146486820653e+05
1.026185631625638489e+05
1.019750126401437446e+05
1.032662979221060377e+05
1.039182450019901007e+05
1.045744326650533621e+05
1.052348887357424101e+05
1.058996401235197409e+05
1.065687115061119403e+05
1.072421213964652998e+05
1.079198742544444976e+05
1.086020395631502179e+05
1.186248486173137353e+05
1.193758818801098969e+05
1.201341217680067057e+05
1.208978034245081362e+05
1.216653027739510871e+05
1.224366058253127267e+05
1.232127793892240152e+05
1.239939898820548551e+05
1.247802664289512468e+05
1.255716353572793450e+05
1.263681214884377114e+05
1.271697553254592931e+05
1.279765686959673912e+05
1.287885946973141981e+05
1.296058682293917664e+05
1.092882427681999980e+05
1.099791534107504413e+05
1.106744570174554392e+05
1.113713738257696386e+05
1.120693774577094737e+05
1.127610376979570137e+05
1.134329641811812180e+05
1.140888283747559908e+05
1.147302560238640872e+05
1.193801793852781266e+05
1.186484054503001535e+05
1.179611825179778389e+05
1.172931996299446328e+05
1.166435125358758523e+05
1.160040741357738880e+05
1.153658676418963005e+05
1.039182385688253562e+05
1.032662961229311913e+05
1.045744209650806151e+05
1.052348706582611776e+05
1.058996139078029082e+05
1.065686753401503811e+05
1.072420789643708122e+05
1.079198399607077445e+05
1.086019661918421043e+05
1.092884860996027710e+05
1.099794451778346702e+05
1.201340194346638018e+05
1.208937540557366592e+05
1.216620708321903221e+05
1.224357304665175179e+05
1.232127357340308954e+05
1.239939922616111435e+05
1.247802526058459916e+05
1.255716243539957795e+05
1.263681159442879289e+05
1.271697547451966675e+05
1.279765716685347725e+05
1.287885999883230979e+05
1.296058738764980226e+05
1.304284281136586069e+05
1.312562984673323517e+05
1.106748696214884549e+05
1.113751712495099491e+05
1.120790693224780698e+05
1.127848960470774473e+05
1.134921288181535783e+05
1.141908811882403679e+05
1.148771320948156645e+05
1.155400804073249892e+05
1.161893339188623941e+05
1.209028320579063293e+05
1.201658168426815537e+05
1.194598366314394516e+05
1.187830902732229442e+05
1.181255481276875944e+05
1.174784397583396203e+05
1.168327120353447535e+05
1.052348565278229216e+05
1.045744139487436187e+05
1.058995935147331475e+05
1.065686494900550460e+05
1.072420476777520380e+05
1.079198111131844780e+05
1.086019590871362452e+05
1.092885097077536193e+05
1.099794791841136612e+05
1.106748954912737681e+05
1.113749048533429741e+05
1.216610315724454558e+05
1.224315315143636399e+05
1.232101344234771677e+05
1.239935163282868452e+05
1.247802917570791760e+05
1.255716297591843322e+05
1.263681079992369196e+05
1.271697537046566722e+05
1.279765746555273799e+05
1.287886056662091869e+05
1.296058810843419051e+05
1.304284359479462728e+05
1.312563050496872165e+05
1.320895232137930871e+05
1.329281252957116521e+05
1.120796534394240152e+05
1.127889516896901187e+05
1.135017174149385974e+05
1.142171401313268725e+05
1.149334220086286223e+05
1.156458037579608645e+05
1.163397178193559084e+05
1.170120617952936591e+05
1.176666697612886055e+05
1.224391754508679296e+05
1.216833095832489926e+05
1.209768754966427368e+05
1.202915047761848691e+05
1.196256421925260947e+05
1.189706357320431853e+05
1.183172807364516193e+05
1.065686296963446657e+05
1.058995793120277376e+05
1.072420255353712710e+05
1.079197892743128614e+05
1.086019439131597319e+05
1.092885149258265155e+05
1.099795202045400947e+05
1.106749913465104328e+05
1.113749670523490786e+05
1.120794861408331199e+05
1.127886882824749482e+05
1.232075337747603917e+05
1.239891470565558411e+05
1.247783089528913115e+05
1.255715825975731568e+05
1.263682757633926085e+05
1.271697598583567888e+05
1.279765813104032422e+05
1.287886144538204680e+05
1.296058898018035834e+05
1.304284452987871628e+05
1.312563149446542084e+05
1.320895331781257701e+05
1.329281339684805425e+05
1.337721519257401524e+05
1.346216212179301656e+05
1.135026323264458188e+05
1.142208531408350536e+05
1.149427527550472296e+05
1.156682779044008348e+05
1.163957981830868957e+05
1.171302836433801131e+05
1.178348140693931346e+05
1.185003446937874105e+05
1.191612330970910698e+05
1.239932273669774440e+05
1.232375390404776990e+05
1.225121006133699993e+05
1.218189737135797623e+05
1.211449048752765957e+05
1.204816059079203842e+05
1.198200961239290045e+05
1.079197721526925598e+05
1.072420082052655052e+05
1.086019313331247977e+05
1.092885095441743179e+05
1.099795335006381647e+05
1.106750317977331579e+05
1.113750317008746060e+05
1.120795706977047957e+05
1.127886933189353294e+05
1.135024351955914026e+05
1.142208996871001000e+05
1.247741759295603260e+05
1.255673587027852918e+05
1.263671717668766360e+05
1.271703412178117578e+05
1.279768414848732646e+05
1.287886542485576938e+05
1.296059034223812050e+05
1.304284570957572869e+05
1.312563264736986603e+05
1.320895463111982972e+05
1.329281479784173425e+05
1.337721657419455296e+05
1.346216336763429863e+05
1.354765874156038917e+05
1.363370622722537664e+05
1.149439912997796055e+05
1.156712032536240440e+05
1.164025199810440390e+05
1.171386306097715133e+05
1.178793263679107185e+05
1.186121991021748254e+05
1.193211938235269772e+05
1.200032271396785509e+05
1.206741953834340675e+05
1.255628229919547011e+05
1.247917801517636981e+05
1.240608499007070786e+05
1.233655775667420094e+05
1.226841570050556766e+05
1.220124629076573037e+05
1.213423668278766418e+05
1.092885034780193819e+05
1.086019194608927501e+05
1.099795358678283083e+05
1.106750446655507694e+05
1.113750608742451732e+05
1.120796150935743790e+05
1.127887417066996131e+05
1.135024724363075366e+05
1.142208517518595763e+05
1.149438960605238826e+05
1.156716616453091265e+05
1.263621161547641968e+05
1.271667920530242118e+05
1.279770729273490579e+05
1.287896815237272967e+05
1.296059879599632113e+05
1.304285289886083920e+05
1.312563402736630524e+05
1.320895610864286718e+05
1.329281656355262094e+05
1.337721865591853857e+05
1.346216539360391034e+05
1.354766051124703081e+05
1.363370764434601879e+05
1.372031051263771078e+05
1.380747280955836468e+05
1.164039412769605406e+05
1.171402856820862653e+05
1.178815504353724536e+05
1.186286946978834894e+05
1.193803444702389534e+05
1.201309168489399599e+05
1.208360053041350184e+05
1.215265736154647311e+05
1.222077108003435860e+05
1.271628646564993396e+05
1.263857736733870843e+05
1.256470495385081158e+05
1.249349632974515553e+05
1.242444385974877368e+05
1.235640965667064884e+05
1.228851881021737499e+05
1.106750498056710494e+05
1.099795347661560663e+05
1.113750721928470739e+05
1.120796330450792302e+05
1.127887647236413904e+05
1.135024975129989471e+05
1.142208637566618418e+05
1.149438916778987477e+05
1.156716053060683771e+05
1.164040183487356408e+05
1.171411614168410742e+05
1.279720454544534296e+05
1.287877725491944002e+05
1.296075345857972861e+05
1.304295034270440374e+05
1.312565420989639533e+05
1.320896556764353591e+05
1.329281882110139122e+05
1.337722131828013516e+05
1.346216837926042790e+05
1.354766347871686157e+05
1.363371002777623362e+05
1.372031217331953230e+05
1.380747381226147700e+05
1.389519858314285812e+05
1.398349019585619681e+05
1.178827521317619830e+05
1.186286788147326442e+05
1.193803862196919508e+05
1.201389303262889589e+05
1.209040185172749771e+05
1.216564556469332747e+05
1.223689035456419952e+05
1.230714820780146983e+05
1.237624399933348177e+05
1.287838320471840561e+05
1.279685587770489656e+05
1.272414713391285040e+05
1.265255157562175154e+05
1.258259599523973739e+05
1.251367677910846687e+05
1.244489083774265455e+05
1.120796411595070385e+05
1.113750786640757724e+05
1.127887732119307766e+05
1.135025054261733312e+05
1.142208680045465735e+05
1.149438885408935021e+05
1.156715955640727771e+05
1.164040078791016858e+05
1.171411466298107407e+05
1.178830410109907534e+05
1.186296929877333605e+05
1.296036909766726458e+05
1.304294062558402220e+05
1.312580121270097443e+05
1.320902674892959476e+05
1.329285257368500170e+05
1.337722395510190981e+05
1.346217300526902254e+05
1.354766773837068467e+05
1.363371390745276876e+05
1.372031518005136750e+05
1.380747568000971514e+05
1.389519948620668147e+05
1.398349039315089758e+05
1.407235174572076940e+05
1.416178707840977295e+05
1.193808652155894670e+05
1.201368785035724868e+05
1.208993572416119277e+05
1.216691863904979982e+05
1.224385514733081072e+05
1.231922546561395720e+05
1.239247099799129210e+05
1.246375833654582530e+05
1.253382913007600728e+05
1.304285072578755644e+05
1.296126658024637291e+05
1.288595481309973547e+05
1.281350658015078661e+05
1.274278765891926159e+05
1.267301094255702337e+05
1.260333274511047493e+05
1.135025076203603094e+05
1.127887785844837781e+05
1.142208667348076124e+05
1.149438837868677365e+05
1.156715861242070678e+05
1.164039999979342683e+05
1.171411495515127754e+05
1.178830555448600644e+05
1.186297480298943556e+05
1.193812482109141565e+05
1.201376052100816305e+05
1.312567317480119236e+05
1.320908546150526963e+05
1.329291182604591304e+05
1.337728544599829183e+05
1.346220945752636471e+05
1.354767602104353718e+05
1.363371948648071557e+05
1.372031988025362662e+05
1.380747892643951054e+05
1.389520127040806983e+05
1.398349102821851557e+05
1.407235175176026241e+05
1.416178672655868868e+05
1.425179917295272462e+05
1.434239251843781385e+05
1.208986637193312781e+05
1.216650143389402219e+05
1.224380688483575941e+05
1.232180959669797885e+05
1.240023483732599998e+05
1.247678964631678391e+05
1.255014118964247173e+05
1.262265700893849134e+05
1.269345549346249754e+05
1.320918831976207439e+05
1.312683432910373958e+05
1.305028380671699269e+05
1.297667737520520604e+05
1.290504439471285878e+05
1.283439424849300267e+05
1.276380979069390887e+05
1.149438782042107196e+05
1.142208649135416345e+05
1.156715783581265860e+05
1.164039915245864104e+05
1.171411446632170846e+05
1.178830655079307035e+05
1.186297773356101097e+05
1.193813119460692251e+05
1.201377082533569628e+05
1.208989975493094680e+05
1.216651978564050660e+05
1.329299792704579595e+05
1.337724967471731652e+05
1.346220045041223057e+05
1.354772147660020564e+05
1.363373429244364379e+05
1.372032548992781667e+05
1.380748353094357299e+05
1.389520402278349211e+05
1.398349223749228695e+05
1.407235192706744710e+05
1.416178636813737394e+05
1.425179876940882823e+05
1.434239219817007834e+05
1.443357005177668470e+05
1.452533595320153108e+05
1.224362941976449802e+05
1.232128387919298839e+05
1.239961970702257095e+05
1.247853088325027056e+05
1.255708383700939594e+05
1.263426432149923057e+05
1.271124738610395725e+05
1.278334916100101545e+05
1.285502517038272199e+05
1.337823373517805885e+05
1.329445886949164560e+05
1.321601356760472700e+05
1.314192099000851449e+05
1.306941607992550562e+05
1.299785725112967048e+05
1.292633452797545033e+05
1.164039840007720632e+05
1.156715710635205178e+05
1.171411393346199766e+05
1.178830644937182660e+05
1.186297886238861684e+05
1.193813411968511646e+05
1.201377521281919471e+05
1.208990562140387483e+05
1.216652931337139307e+05
1.224364941486148746e+05
1.232126714723993646e+05
1.346222324491309409e+05
1.354757944156996673e+05
1.363370051847621799e+05
1.372031717293445545e+05
1.380747087994979520e+05
1.389520451216795482e+05
1.398349361428050033e+05
1.407235202445433824e+05
1.416178588164536632e+05
1.425179811339766020e+05
1.434239165568106400e+05
1.443356976824801532e+05
1.452533590246119129e+05
1.461769374240717734e+05
1.471064720288189128e+05
1.239937858133691479e+05
1.247803594663481490e+05
1.255738315378278930e+05
1.263714194383852446e+05
1.271643600859145081e+05
1.279479093010258948e+05
1.287155831580604863e+05
1.294577050633670879e+05
1.301867166964645876e+05
1.354883647861077916e+05
1.346503444208540313e+05
1.338529501492045820e+05
1.330942058585973282e+05
1.323593072503242001e+05
1.316344072565474198e+05
1.309097185602203972e+05
1.178830620195309602e+05
1.171411335145230405e+05
1.186297913449129555e+05
1.193813514362106944e+05
1.201377738377450587e+05
1.208990892466698424e+05
1.216653321318182279e+05
1.224365355858777766e+05
1.232127361879282980e+05
1.239939655749775266e+05
1.247802124529149587e+05
1.363352773006632051e+05
1.372017320601245738e+05
1.380737271269613702e+05
1.389512105299237301e+05
1.398346195435364498e+05
1.407234677353569714e+05
1.416178452833653428e+05
1.425179705871843908e+05
1.434239092304996157e+05
1.443356928429753752e+05
1.452533561256529065e+05
1.461769365242197528e+05
1.471064720815951296e+05
1.480420012165568478e+05
1.489835647513595468e+05
1.255713140596807207e+05
1.263681592293346766e+05
1.271711492437120760e+05
1.279770654496724164e+05
1.287789265758789988e+05
1.295812948212657793e+05
1.303513180568956741e+05
1.311066421080414730e+05
1.318452675316410314e+05
1.372121003171603952e+05
1.363773117161520931e+05
1.355460638076955511e+05
1.347905206550514267e+05
1.340463599430226604e+05
1.333118424534436781e+05
1.325777041595426563e+05
1.193813557697249344e+05
1.186297918250504154e+05
1.201377828813461820e+05
1.208991045106908568e+05
1.216653531501691468e+05
1.224365603933676030e+05
1.232127604947777727e+05
1.239939864838875219e+05
1.247802731337353034e+05
1.255716521222485899e+05
1.263680662817065167e+05
1.380727847581055539e+05
1.389500015599614999e+05
1.398326894703759754e+05
1.407223525930270844e+05
1.416175528539176448e+05
1.425179085968121944e+05
1.434238944025230012e+05
1.443356876738180581e+05
1.452533544871562335e+05
1.461769358117659867e+05
1.471064700856023119e+05
1.480419997317383240e+05
1.489835624234477873e+05
1.499311968787188234e+05
1.508849436868892517e+05
1.271693733598556864e+05
1.279765659572569421e+05
1.287889602895412827e+05
1.296040067059732974e+05
1.304191456549199647e+05
1.312238370395663951e+05
1.320191504008868651e+05
1.327784488503435859e+05
1.335258484550443245e+05
1.389517392052434152e+05
1.381151579649673367e+05
1.372945902134384669e+05
1.365120627580513537e+05
1.357561574961273291e+05
1.350113482633844542e+05
1.342675386766514275e+05
1.208991121776747314e+05
1.201377886477555148e+05
1.216653629737420852e+05
1.224365725962978759e+05
1.232127737320682645e+05
1.239939986764403729e+05
1.247802812733838364e+05
1.255716555218886933e+05
1.263681550856085378e+05
1.271698140007665352e+05
1.279765289555605996e+05
1.398342734733227699e+05
1.407209679863318743e+05
1.416154685402250034e+05
1.425172857007204148e+05
1.434238044975314697e+05
1.443356689467001124e+05
1.452533544768603751e+05
1.461769383614824619e+05
1.471064720521573618e+05
1.480419982975034800e+05
1.489835579831903742e+05
1.499311926933390496e+05
1.508849384141511691e+05
1.518448340495503799e+05
1.528109187670569518e+05
1.287883449655625591e+05
1.296056987273562554e+05
1.304279693632335984e+05
1.312529994201572263e+05
1.320778390305514040e+05
1.329067112768522056e+05
1.337030464861725632e+05
1.344726256920386513e+05
1.352281650950456096e+05
1.407285184776298411e+05
1.398670064535290294e+05
1.390529195364366169e+05
1.382590561778422270e+05
1.374892783291625383e+05
1.367333424851915042e+05
1.359793532721540832e+05
1.224365790436235839e+05
1.216653697675743460e+05
1.232127797349091416e+05
1.239940038208259066e+05
1.247802842251310503e+05
1.255716538370785565e+05
1.263681461821918056e+05
1.271697945080739300e+05
1.279766296208385756e+05
1.287886824143238046e+05
1.296058744822654407e+05
1.416159188264791155e+05
1.425160318366484717e+05
1.434230335888635600e+05
1.443359280740665563e+05
1.452533905082417768e+05
1.461769487048749870e+05
1.471064779864373850e+05
1.480420010643351707e+05
1.489835566985974438e+05
1.499311860745834128e+05
1.508849309400302591e+05
1.518448281071746023e+05
1.528109136419861170e+05
1.537832259765566268e+05
1.547618039172562712e+05
1.304282701321703935e+05
1.312559020356822002e+05
1.320884394898229220e+05
1.329244620651546866e+05
1.337634356417608506e+05
1.345919077669531398e+05
1.354145301194940985e+05
1.361866217296191899e+05
1.369518810012871108e+05
1.425302919650964031e+05
1.416608113549289992e+05
1.408260026881971862e+05
1.400239288368370908e+05
1.392442385135153309e+05
1.384778129275609099e+05
1.377135893185020250e+05
1.239940059582272515e+05
1.232127841592611949e+05
1.247802838301118027e+05
1.255716502371172537e+05
1.263681379218669463e+05
1.271697792235319648e+05
1.279766059410347807e+05
1.287886484798574675e+05
1.296059345180346718e+05
1.304284969228026894e+05
1.312563830755129165e+05
1.434266941737331217e+05
1.443360634599867917e+05
1.452545287432091136e+05
1.461777024984304444e+05
1.471065080589992867e+05
1.480420111307140905e+05
1.489835555152054585e+05
1.499311808470125834e+05
1.508849228273633635e+05
1.518448187316932308e+05
1.528109068422866694e+05
1.537832229133321671e+05
1.547618037042645446e+05
1.557466883579350251e+05
1.567379171250347572e+05
1.320892763870359340e+05
1.329275370497409313e+05
1.337708361157613690e+05
1.346191108310814307e+05
1.354699389078856620e+05
1.363094773247256817e+05
1.371290149667781079e+05
1.379209096846496104e+05
1.386987871520641784e+05
1.443518589972585323e+05
1.434614645563979575e+05
1.426220161845161929e+05
1.418092714812420018e+05
1.410202439248030132e+05
1.402445240407505189e+05
1.394708433935125067e+05
1.255716463241970487e+05
1.247802840374112275e+05
1.263681300822918420e+05
1.271697671311742888e+05
1.279765889556236943e+05
1.287886263611446630e+05
1.296059092925568693e+05
1.304284668141645961e+05
1.312563274678236630e+05
1.320895242832128715e+05
1.329280264149480208e+05
1.452585012395466911e+05
1.461798283926346339e+05
1.471085654405805690e+05
1.480424398765469959e+05
1.489835822080750077e+05
1.499311692885676457e+05
1.508849093234052125e+05
1.518448065676443221e+05
1.528108981653257215e+05
1.537832193287240516e+05
1.547618035635742708e+05
1.557466923081065470e+05
1.567379234481076419e+05
1.577355386252706230e+05
1.587395805080964055e+05
1.337718033555018774e+05
1.346209762571637111e+05
1.354759643015668262e+05
1.363367512021772854e+05
1.371996080560978153e+05
1.380531383328501543e+05
1.388779267642202321e+05
1.396825368598643108e+05
1.404701086586793244e+05
1.461948141841853212e+05
1.452948079878417484e+05
1.444400640237328771e+05
1.436170124152972421e+05
1.428179934153475042e+05
1.420332940221356694e+05
1.412509046315991145e+05
1.271697571329055354e+05
1.263681248961597448e+05
1.279765755130150210e+05
1.287886104037978075e+05
1.296058921966102062e+05
1.304284512442913256e+05
1.312563181780766172e+05
1.320895246758095454e+05
1.329281040120803227e+05
1.337720784466864134e+05
1.346214278305115004e+05
1.471129747114113416e+05
1.480456884234756290e+05
1.489852247186608438e+05
1.499314217115630454e+05
1.508849092675607826e+05
1.518447802761792263e+05
1.528108808087907382e+05
1.537832119585621695e+05
1.547618066515843675e+05
1.557467001985757379e+05
1.567379325678775785e+05
1.577355488603276317e+05
1.587395902042818489e+05
1.597500994006459659e+05
1.607671203651966352e+05
1.354762875576171500e+05
1.363368663860868255e+05
1.372042903542206041e+05
1.380765109939771646e+05
1.389477726964634203e+05
1.398217438815810601e+05
1.406581106813808437e+05
1.414698878222922795e+05
1.422644995373047714e+05
1.480572905645921419e+05
1.471466009790638345e+05
1.462814372481023602e+05
1.454471290347450704e+05
1.446373787673617771e+05
1.438437636782065092e+05
1.430527960397628194e+05
1.287885975240966800e+05
1.279765655512384110e+05
1.296058789251415292e+05
1.304284397572600283e+05
1.312563111783226195e+05
1.320895254044729227e+05
1.329281161796173255e+05
1.337721190975879144e+05
1.346215710025437584e+05
1.354764867626409687e+05
1.363369061039387016e+05
1.489902284830957651e+05
1.499340004312896926e+05
1.508857334187093365e+05
1.518450226157061115e+05
1.528108587763992255e+05
1.537831955634825863e+05
1.547618043555516051e+05
1.557467113462236885e+05
1.567379514930622536e+05
1.577355654286043427e+05
1.587396046735596610e+05
1.597501117942974670e+05
1.607671298335976026e+05
1.617907006056492974e+05
1.628208672091180633e+05
1.372030921277451271e+05
1.380757775967114139e+05
1.389552949359262420e+05
1.398382674354616611e+05
1.407222070220261521e+05
1.415958364569873374e+05
1.424657484948357742e+05
1.432795322342168365e+05
1.440796823434593680e+05
1.499444757410314633e+05
1.490247531727058813e+05
1.481443922642345424e+05
1.472996500549289340e+05
1.464799480632148625e+05
1.456758190163838444e+05
1.448760817324944364e+05
1.304284297680782183e+05
1.296058681924755801e+05
1.312563045956629794e+05
1.320895243564336270e+05
1.329281224662213936e+05
1.337721338383864786e+05
1.346215948690923688e+05
1.354765427373204147e+05
1.363370148165009159e+05
1.372030297578642203e+05
1.380747226872236643e+05
1.508902848763970833e+05
1.518462660277296090e+05
1.528113158756340272e+05
1.537832336239115102e+05
1.547617988053297449e+05
1.557467219604995335e+05
1.567379715665860858e+05
1.577355938497487805e+05
1.587396300421628403e+05
1.597501306097079650e+05
1.607671441376926086e+05
1.617907123180079216e+05
1.628208758862029063e+05
1.638576761708575359e+05
1.649011558176318940e+05
1.389525729512301041e+05
1.398374914080535527e+05
1.407278010493903421e+05
1.416218274844689295e+05
1.425215126533757139e+05
1.434041440865276672e+05
1.442874003449726442e+05
1.451052052399359236e+05
1.459147438031392812e+05
1.518569945462417963e+05
1.509083556057437090e+05
1.500283472166477877e+05
1.491749827421604132e+05
1.483455711020074959e+05
1.475279298446609173e+05
1.467207779615896579e+05
1.320895214661944774e+05
1.312562984215411125e+05
1.329281247125640220e+05
1.337721419898664753e+05
1.346216086925232376e+05
1.354765612981042650e+05
1.363370365895091963e+05
1.372030713515321549e+05
1.380747015096745163e+05
1.389519611539265316e+05
1.398350830622305511e+05
1.528144300790481793e+05
1.537835684372753894e+05
1.547616294961923559e+05
1.557466339026440110e+05
1.567380080048438103e+05
1.577356294064041576e+05
1.587396644735845330e+05
1.597501625295117556e+05
1.607671671194171940e+05
1.617907291169829841e+05
1.628208883917656494e+05
1.638576870817765302e+05
1.649011643339547154e+05
1.659513624821936246e+05
1.670083252900693915e+05
1.407248188826553233e+05
1.416209304684667732e+05
1.425214778934597562e+05
1.434267089661680802e+05
1.443328055634475022e+05
1.452355672380219621e+05
1.461106888791637029e+05
1.469493907751507359e+05
1.477721998937398021e+05
1.537898376604328223e+05
1.528335782658611133e+05
1.519376708883611427e+05
1.510748530214747880e+05
1.502358432907625102e+05
1.494112340952312516e+05
1.485896059849179583e+05
1.337721456223171263e+05
1.329281252752408909e+05
1.346216163051873154e+05
1.354765722916497616e+05
1.363370497007470985e+05
1.372030849980686617e+05
1.380747141991394456e+05
1.389519734468342212e+05
1.398348973741950467e+05
1.407235273551201972e+05
1.416182061404741544e+05
1.547644060912007408e+05
1.557460768418325169e+05
1.567375400946787267e+05
1.577355969976457709e+05
1.587397173006974626e+05
1.597502030158829584e+05
1.607672018621349998e+05
1.617907559037117462e+05
1.628209087934721319e+05
1.638577009407884616e+05
1.649011758558605798e+05
1.659513725915501418e+05
1.670083327243582753e+05
1.680720999449774972e+05
1.691427191164836404e+05
1.425194963330479513e+05
1.434258941127194848e+05
1.443370849713700591e+05
1.452538965736041719e+05
1.461715744944498583e+05
1.470855349779612443e+05
1.479665551579601306e+05
1.488203352276556834e+05
1.496544418230540177e+05
1.557583375638618600e+05
1.547974406637045031e+05
1.538788686339191045e+05
1.530020844192466175e+05
1.521526218665076594e+05
1.513132104987756466e+05
1.504836906950544799e+05
1.354765783108678588e+05
1.346216212597442791e+05
1.363370572088391345e+05
1.372030930612089578e+05
1.380747218576696760e+05
1.389519793800082116e+05
1.398349011922438222e+05
1.407235227155034372e+05
1.416178791305743216e+05
1.425180067471378716e+05
1.434242792282523587e+05
1.567407277602378745e+05
1.577348704290883616e+05
1.587396600789049699e+05
1.597502313697500213e+05
1.607672514111647906e+05
1.617907939596682263e+05
1.628209408406472357e+05
1.638577261001678999e+05
1.649011932909706666e+05
1.659513843146582949e+05
1.670083425083973270e+05
1.680721073329281353e+05
1.691427229064348212e+05
1.702202336704057816e+05
1.713046852311872644e+05
1.443365724314334511e+05
1.452536048977435858e+05
1.461763317424724228e+05
1.471054365019387624e+05
1.480347492716330453e+05
1.489656931555676565e+05
1.498616009539257211e+05
1.507160613107118697e+05
1.515622238107564917e+05
1.577524450003669772e+05
1.567697220551635255e+05
1.558462277569029247e+05
1.549576455052178644e+05
1.540953273980300582e+05
1.532490025741978316e+05
1.524036555107549939e+05
1.372030973453936458e+05
1.363370623987109575e+05
1.380747257138050336e+05
1.389519824051954492e+05
1.398349030285506451e+05
1.407235229699568299e+05
1.416178778304576408e+05
1.425180030141643656e+05
1.434239337156570691e+05
1.443357056110183767e+05
1.452535545947411156e+05
1.587433344576898671e+05
1.597510129249280144e+05
1.607677964579044783e+05
1.617908604754360858e+05
1.628209893614561006e+05
1.638577646730376582e+05
1.649012254124533792e+05
1.659514079899665376e+05
1.670083550572432869e+05
1.680721156556348142e+05
1.691427277733239462e+05
1.702202350928803498e+05
1.713046823411150544e+05
1.723961141082914546e+05
1.734945760629640426e+05
1.461769153629494249e+05
1.471053879282901180e+05
1.480408292306619987e+05
1.489820202777626982e+05
1.499237399788335897e+05
1.508547173768552602e+05
1.517600218349383213e+05
1.526359227221471665e+05
1.534965217164494388e+05
1.597687608185835415e+05
1.587920524188822310e+05
1.578471173201151541e+05
1.569420319649497687e+05
1.560664899152509461e+05
1.552073459678968356e+05
1.543509244014462456e+05
1.389519831365661521e+05
1.380747282993290864e+05
1.398349027724494517e+05
1.407235219994100335e+05
1.416178763014711149e+05
1.425180012835746456e+05
1.434239330008931283e+05
1.443357077915385889e+05
1.452533610193367058e+05
1.461769309079535597e+05
1.471064593238550297e+05
1.607732480956765648e+05
1.617933757177406223e+05
1.628218115776158811e+05
1.638578690113987832e+05
1.649012900022616377e+05
1.659514489918100589e+05
1.670083849755047995e+05
1.680721318242117122e+05
1.691427332140060025e+05
1.702202354127998406e+05
1.713046782299425395e+05
1.723961068852799071e+05
1.734945654798409669e+05
1.746000978918436449e+05
1.757127485787450860e+05
1.480414639790802321e+05
1.489822563005036209e+05
1.499307106952974573e+05
1.508834629987700901e+05
1.518412032201844268e+05
1.527878416420602007e+05
1.536942962905019813e+05
1.545851613006470725e+05
1.554583432637083461e+05
1.618103486193154240e+05
1.608213335742292984e+05
1.598692544356019353e+05
1.589523492061964062e+05
1.580645545982292679e+05
1.571923811037039850e+05
1.563244372269403248e+05
1.407235197237033572e+05
1.398349022018024407e+05
1.416178735927407397e+05
1.425179988091856067e+05
1.434239312722519680e+05
1.443357073670562240e+05
1.452533640685103892e+05
1.461769385892412101e+05
1.471064684693237941e+05
1.480419926334784832e+05
1.489834631392633019e+05
1.628295392376287200e+05
1.638611206686728110e+05
1.649022575332930428e+05
1.659516553564018104e+05
1.670084765475498280e+05
1.680721678607313370e+05
1.691427518090628146e+05
1.702202385300101887e+05
1.713046713344524615e+05
1.723960946625461511e+05
1.734945508628092357e+05
1.746000832387052942e+05
1.757127343321031658e+05
1.768325467643105949e+05
1.779595643326823192e+05
1.499306178859763895e+05
1.508843668430420803e+05
1.518450295383502962e+05
1.528101300699852000e+05
1.537763215588298917e+05
1.547284259732146747e+05
1.556594910764865635e+05
1.565627245872613566e+05
1.574471213866700709e+05
1.638796270756256708e+05
1.628650936202838784e+05
1.619103344881244993e+05
1.609848490129123384e+05
1.600862984544459323e+05
1.592036463133088255e+05
1.583236541282253165e+05
1.425179953037735540e+05
1.416178710234977771e+05
1.434239282645398634e+05
1.443357055590172240e+05
1.452533639059116540e+05
1.461769406571534928e+05
1.471064737404632906e+05
1.480420010239687690e+05
1.489835615405073913e+05
1.499311937193884223e+05
1.508848692815724353e+05
1.649105771906574664e+05
1.659549560883027152e+05
1.670096561253179389e+05
1.680726214169673913e+05
1.691428769625728310e+05
1.702202567507288768e+05
1.713046675967159972e+05
1.723960756548208592e+05
1.734945279955102887e+05
1.746000598715436936e+05
1.757127139617841167e+05
1.768325313766975596e+05
1.779595538919034589e+05
1.790938246599976846e+05
1.802353895446430834e+05
1.518445200913021108e+05
1.528110289135314233e+05
1.537834307466590835e+05
1.547612615423061070e+05
1.557445370127675415e+05
1.567064380330472486e+05
1.576504568791782076e+05
1.585681825256555458e+05
1.594605736879440083e+05
1.659741254931852745e+05
1.649407009037914977e+05
1.639738677906077646e+05
1.630399726142462459e+05
1.621315842099947040e+05
1.612381893771908071e+05
1.603472566270267416e+05
1.443357024179234868e+05
1.434239254003915412e+05
1.452533618405730522e+05
1.461769401342199999e+05
1.471064748384694685e+05
1.480420040536935267e+05
1.489835662875138514e+05
1.499311998455155699e+05
1.508849436222536315e+05
1.518448355865686026e+05
1.528108836687565490e+05
1.670172732482630527e+05
1.680759180418179312e+05
1.691445589082302176e+05
1.702210725365511898e+05
1.713047487484075245e+05
1.723960539247852867e+05
1.734944960569083050e+05
1.746000220932619122e+05
1.757126822777671041e+05
1.768325065218027739e+05
1.779595370959893626e+05
1.790938158339759393e+05
1.802353869316325581e+05
1.813842968931365758e+05
1.825405951836760796e+05
1.537831661812195962e+05
1.547619643473752367e+05
1.557465544389454299e+05
1.567368247119685111e+05
1.577268371459853079e+05
1.587192343409536697e+05
1.596868734740467335e+05
1.605950376898100076e+05
1.614967068133481662e+05
1.680933375587423507e+05
1.670576231477678230e+05
1.660656536374169809e+05
1.651199218243025534e+05
1.642013007171491045e+05
1.632971434562964423e+05
1.623948487359639548e+05
1.461769378602112120e+05
1.452533597299243265e+05
1.471064736112270912e+05
1.480420040835832770e+05
1.489835673806752602e+05
1.499312020473648154e+05
1.508849468450017448e+05
1.518448403752337617e+05
1.528109217145541334e+05
1.537832300267008832e+05
1.547617816117099719e+05
1.691509679294099624e+05
1.702247056271616893e+05
1.713073028025239764e+05
1.723972443779932219e+05
1.734944022126737109e+05
1.745999667638966930e+05
1.757126308069794904e+05
1.768324694690819306e+05
1.779595114286822500e+05
1.790938003554048191e+05
1.802353799013149401e+05
1.813842964261700399e+05
1.825405981035101868e+05
1.837043344775073638e+05
1.848755570280767570e+05
1.557466597056882456e+05
1.567378177895484259e+05
1.577351484034470050e+05
1.587379079440921487e+05
1.597416806868680287e+05
1.607392179055849556e+05
1.617074003357287438e+05
1.626405821196572797e+05
1.635567717338216898e+05
1.702362851497172087e+05
1.691835352907019842e+05
1.681760406128465256e+05
1.672258162892770488e+05
1.662970639998675033e+05
1.653817367576632241e+05
1.644676768201783998e+05
1.480420022336990514e+05
1.471064722204077989e+05
1.489835662198943319e+05
1.499312017016771424e+05
1.508849471736525593e+05
1.518448415737629111e+05
1.528109241371885873e+05
1.537832344648915168e+05
1.547618133866208664e+05
1.557467027133067313e+05
1.567379009258320439e+05
1.713134676495550666e+05
1.724016645495550183e+05
1.734980028628385335e+05
1.746011548777257267e+05
1.757125392948558729e+05
1.768324096536187863e+05
1.779594684887382027e+05
1.790937792440815538e+05
1.802353694463175780e+05
1.813842929399288550e+05
1.825405995045657910e+05
1.837043390467260033e+05
1.848755614893956517e+05
1.860543168452830287e+05
1.872406557092326984e+05
1.577354478146665788e+05
1.587392914397692657e+05
1.597496418648451217e+05
1.607649345113611780e+05
1.617847275813950691e+05
1.627898196988892159e+05
1.637659204246636655e+05
1.647132572013039317e+05
1.656434529852282722e+05
1.724156210219228524e+05
1.713390269904688175e+05
1.703369330567498982e+05
1.693627853952643636e+05
1.684207912378877518e+05
1.674934828113432450e+05
1.665673157073160692e+05
1.499311996374482114e+05
1.489835649373061024e+05
1.508849455022740585e+05
1.518448404311291815e+05
1.528109235624653811e+05
1.537832345957152138e+05
1.547618138529896969e+05
1.557467027769206616e+05
1.567379435399298382e+05
1.577355780208856158e+05
1.587395836172426643e+05
1.735050038691059744e+05
1.746066139061197755e+05
1.757163568825291295e+05
1.768323020280020719e+05
1.779593944712810917e+05
1.790937483495606575e+05
1.802353587374804774e+05
1.813842905520442582e+05
1.825406009039016499e+05
1.837043424992033688e+05
1.848755667213054840e+05
1.860543230691040226e+05
1.872406606671648042e+05
1.884346287140773784e+05
1.896362767598937789e+05
1.597499847004741023e+05
1.607667242856669473e+05
1.617902713110366312e+05
1.628179607556877017e+05
1.638503056714096747e+05
1.648638929944332049e+05
1.658517581903054379e+05
1.668142774607517058e+05
1.677583454128553567e+05
1.746198082643657981e+05
1.735433874808626424e+05
1.725128433033057663e+05
1.715285006680942315e+05
1.705728980115594168e+05
1.696332727184306714e+05
1.686949171012546576e+05
1.518448378457510844e+05
1.508849438535012014e+05
1.528109210158071073e+05
1.537832321720599721e+05
1.547618113548835972e+05
1.557466992351674708e+05
1.567379372698424559e+05
1.577355669023751689e+05
1.587396284345244349e+05
1.597501602394847723e+05
1.607671507345804712e+05
1.757238049121973745e+05
1.768390757268935849e+05
1.779623707177761535e+05
1.790940005784627283e+05
1.802351511129131832e+05
1.813842943738349713e+05
1.825406077658194990e+05
1.837043487348420604e+05
1.848755720904998307e+05
1.860543287666106189e+05
1.872406675497101387e+05
1.884346364427387016e+05
1.896362838189685717e+05
1.908456585662169673e+05
1.920628106792864855e+05
1.617904971719706373e+05
1.628204398748354579e+05
1.638570213691488316e+05
1.648971176881210122e+05
1.659369352982590790e+05
1.669658736708700017e+05
1.679688843366059300e+05
1.689452846668485727e+05
1.699023336737213540e+05
1.768533732027135557e+05
1.757586076667104207e+05
1.747160587740719202e+05
1.737179386137916881e+05
1.727516983263823495e+05
1.718008984798342281e+05
1.708510455819013296e+05
1.537832286280046392e+05
1.528109189014928415e+05
1.547618070436000999e+05
1.557466939763590635e+05
1.567379300616988039e+05
1.577355561810002837e+05
1.587396131577281922e+05
1.597501396276605374e+05
1.607671729298081773e+05
1.617907487721501966e+05
1.628208830024711497e+05
1.779692070287046954e+05
1.790985705186738342e+05
1.802363386770984798e+05
1.813837061783423705e+05
1.825401458645623352e+05
1.837043652441046434e+05
1.848755814088870247e+05
1.860543356307571812e+05
1.872406740808908071e+05
1.884346443538349122e+05
1.896362936437522003e+05
1.908456698866497318e+05
1.920628217480784806e+05
1.932877990763835551e+05
1.945206530051129812e+05
1.638572801658461394e+05
1.649006252511560160e+05
1.659500395622544747e+05
1.670036298290073755e+05
1.680568926873132295e+05
1.691013419871778169e+05
1.701169937901912781e+05
1.711063793094838620e+05
1.720761604750926781e+05
1.791111879944540560e+05
1.780076945835984952e+05
1.769430662159993080e+05
1.759340016568397696e+05
1.749569943624895241e+05
1.739958965584818216e+05
1.730356707968008704e+05
1.557466883142612933e+05
1.547618040237707028e+05
1.567379224456188967e+05
1.577355463227279251e+05
1.587396000842162757e+05
1.597501237734221213e+05
1.607671560494768200e+05
1.617907328703257081e+05
1.628208911308087991e+05
1.638576724193700647e+05
1.649010900743056845e+05
1.802421314542745240e+05
1.813854702832150215e+05
1.825393897774919460e+05
1.837027926418641873e+05
1.848749878053253342e+05
1.860542958548147872e+05
1.872406818057363853e+05
1.884346530941075471e+05
1.896363043964689423e+05
1.908456830429658294e+05
1.920628369234519778e+05
1.932878153378637508e+05
1.945206681340114446e+05
1.957614468275502149e+05
1.970102043891605863e+05
1.659509007708255085e+05
1.670075159302179236e+05
1.680703822799496993e+05
1.691388190991795564e+05
1.702098138784175098e+05
1.712664428767760110e+05
1.722949112775873509e+05
1.733010594129382225e+05
1.742796935972840001e+05
1.813963102685725025e+05
1.802847500469519000e+05
1.791897988060652569e+05
1.781776662566005252e+05
1.771902325458482082e+05
1.762185249752664531e+05
1.752481864827497338e+05
1.577355374102258938e+05
1.567379172191063699e+05
1.587395888510086515e+05
1.597501105608537619e+05
1.607671418384004792e+05
1.617907220537630201e+05
1.628208882843332540e+05
1.638576794093927601e+05
1.649011364372967219e+05
1.659513048901079164e+05
1.670081984584040474e+05
1.825430308912917681e+05
1.837021083971465705e+05
1.848728908435779449e+05
1.860523388692660665e+05
1.872402453486993909e+05
1.884346394574032165e+05
1.896363178245129820e+05
1.908457006168566004e+05
1.920628568302431668e+05
1.932878364591586869e+05
1.945206888453264546e+05
1.957614662904861325e+05
1.970102201214436209e+05
1.982670034414204711e+05
1.995318706673910783e+05
1.680715942759004247e+05
1.691417197816284897e+05
1.702190221981087234e+05
1.713032884643356374e+05
1.723971560206883878e+05
1.734606953894360922e+05
1.745239699580817542e+05
1.755266878045651538e+05
1.765098679951078666e+05
1.837155394304358924e+05
1.825729677183092572e+05
1.814992321024653793e+05
1.804569390491901140e+05
1.794539259315427335e+05
1.784699303381134523e+05
1.774884512955576647e+05
1.597500993353067606e+05
1.587395806021900789e+05
1.607671299247602583e+05
1.617907109307406063e+05
1.628208820266579569e+05
1.638576832096674189e+05
1.649011533783928608e+05
1.659513366650292010e+05
1.670082801754487446e+05
1.680720295282359002e+05
1.691425298578599759e+05
1.848703609106431250e+05
1.860509796784573700e+05
1.872376439359342621e+05
1.884332984924960474e+05
1.896361958208764845e+05
1.908457087628632726e+05
1.920628861848412780e+05
1.932878687985460274e+05
1.945207194873215631e+05
1.957614934952468902e+05
1.970102421313533268e+05
1.982670211191907292e+05
1.995318819434710604e+05
2.008048779110263567e+05
2.020860629175481154e+05
1.702197254766401893e+05
1.713039461956779414e+05
1.723959012202305312e+05
1.734961507070592197e+05
1.746064741491131717e+05
1.756857701621322194e+05
1.767680368136470206e+05
1.777709814840828476e+05
1.787665738640695054e+05
1.860649798995572201e+05
1.849062903439357178e+05
1.838150825372229738e+05
1.827678040919750929e+05
1.817500414430139353e+05
1.807516755420834816e+05
1.797575207987444883e+05
1.617907009862879931e+05
1.607671204624203965e+05
1.628208741851066297e+05
1.638576798033135419e+05
1.649011592710599361e+05
1.659513540190494386e+05
1.670083078549629718e+05
1.680720669538544898e+05
1.691426808469252137e+05
1.702201945427408500e+05
1.713045475555567245e+05
1.872395272500653227e+05
1.884321714579277905e+05
1.896343783709848358e+05
1.908452835419980402e+05
1.920629134206089948e+05
1.932879159089086170e+05
1.945207690368424810e+05
1.957615384590236936e+05
1.970102770264287537e+05
1.982670453221497592e+05
1.995318987958225189e+05
2.008048897643766832e+05
2.020860688282058400e+05
2.033754875300340645e+05
2.046731974942069501e+05
1.723957348524575646e+05
1.734941769190633495e+05
1.746006336653080944e+05
1.757160219768810784e+05
1.768353255906753766e+05
1.779384144763760560e+05
1.790090686569168174e+05
1.800424190003073309e+05
1.810520164979655237e+05
1.884459006611269142e+05
1.872919814904225059e+05
1.861802589157726616e+05
1.851132250041453226e+05
1.840787124918935879e+05
1.830646093009331962e+05
1.820562386555633275e+05
1.638576746623291692e+05
1.628208673159872415e+05
1.649011579357791634e+05
1.659513587613802811e+05
1.670083206434273161e+05
1.680720867876233533e+05
1.691427042404935055e+05
1.702202192411388387e+05
1.713046806623556477e+05
1.723961293362317374e+05
1.734945094925633748e+05
1.896385528350187524e+05
1.908449302809510846e+05
1.920623159387035994e+05
1.932877580712891358e+05
1.945207948431860132e+05
1.957616071795969037e+05
1.970103357583230827e+05
1.982670889612353349e+05
1.995319248613116506e+05
2.008049031668835378e+05
2.020860789387041295e+05
2.033754961345699558e+05
2.046732046916052641e+05
2.059792543416811677e+05
2.072936960876749072e+05
1.745998221062209632e+05
1.757122987321887631e+05
1.768332093699021498e+05
1.779625050504929677e+05
1.790895383389013587e+05
1.802219740032620030e+05
1.812966850684316596e+05
1.823437242155697895e+05
1.833664445031566138e+05
1.908546899822955311e+05
1.896777653845274763e+05
1.885643472465176310e+05
1.874851323902744625e+05
1.864371630192276498e+05
1.854083123141150863e+05
1.843848605135747057e+05
1.659513587447306782e+05
1.649011559497061826e+05
1.670083237109394395e+05
1.680720941416461428e+05
1.691427148323016881e+05
1.702202304436584527e+05
1.713046880747919495e+05
1.723961329500410066e+05
1.734946097882169997e+05
1.746001743012644874e+05
1.757127068733666383e+05
1.920666396622131579e+05
1.932885424674199603e+05
1.945203992003549647e+05
1.957612453271377890e+05
1.970103754714912211e+05
1.982671500465960416e+05
1.995319693402012344e+05
2.008049278086485283e+05
2.020860892603715183e+05
2.033755042317528569e+05
2.046732159033676144e+05
2.059792685553039482e+05
2.072937129873447411e+05
2.086166004024050198e+05
2.099479858299170446e+05
1.768321343879379856e+05
1.779588635760901961e+05
1.790938807065355359e+05
1.802356410054047301e+05
1.813779504556370375e+05
1.825290717484668130e+05
1.836264458903374616e+05
1.846730573557922617e+05
1.857105115832311276e+05
1.932975183778321370e+05
1.921016240980787843e+05
1.909747651501662622e+05
1.898844454432091734e+05
1.888235038387106906e+05
1.877811206456792133e+05
1.867434235786997888e+05
1.680720960908982961e+05
1.670083254650883900e+05
1.691427173683258297e+05
1.702202334589246893e+05
1.713046893874234520e+05
1.723961299313756172e+05
1.734946000572994526e+05
1.746001421810082102e+05
1.757127965512196242e+05
1.768326217173533805e+05
1.779594583503408358e+05
1.945254610036702070e+05
1.957621619183365547e+05
1.970094296766835032e+05
1.982666927142401692e+05
1.995319648076540325e+05
2.008049415820829745e+05
2.020861076816818968e+05
2.033755142494348984e+05
2.046732265489726560e+05
2.059792868399626168e+05
2.072937360796155117e+05
2.086166254078303173e+05
2.099480108884803485e+05
2.112879485952531395e+05
2.126364994209548458e+05
1.790931864895333129e+05
1.802344390917306300e+05
1.813832498061245715e+05
1.825378385158969322e+05
1.836960330647127994e+05
1.848422526082977129e+05
1.859554969993473787e+05
1.870327183511295589e+05
1.880847951391104143e+05
1.957757316969694511e+05
1.945689927135779581e+05
1.934148822437484050e+05
1.923120857471388590e+05
1.912384238791518437e+05
1.901830604298946273e+05
1.891315974742854887e+05
1.702202329980560753e+05
1.691427193327017594e+05
1.713046869191221485e+05
1.723961249099365086e+05
1.734945910546034283e+05
1.746001290480618482e+05
1.757127812086025660e+05
1.768325871295339603e+05
1.779595864183635858e+05
1.790938202299728582e+05
1.802351931628400052e+05
1.970141352256942773e+05
1.982668255697615386e+05
1.995308060058413539e+05
2.008044858232962724e+05
2.020859651977563917e+05
2.139937300921651477e+05
2.153596751864926482e+05
2.033755062901249621e+05
2.046732429501560982e+05
2.059793139839253854e+05
2.072937716082604893e+05
2.086166632431301987e+05
2.099480451491253916e+05
2.112879760457842785e+05
2.126365178836737759e+05
1.813836024848649104e+05
1.825393568254244747e+05
1.837023628899178293e+05
1.848712978667232674e+05
1.860430194456723111e+05
1.872147000183073396e+05
1.883498912015119276e+05
1.894236564738790330e+05
1.904888896589139767e+05
1.982828946797648387e+05
1.970389147813610034e+05
1.958705286267554329e+05
1.947675214302042732e+05
1.936832839110101631e+05
1.926144197122218611e+05
1.915496582200931443e+05
1.723961193025823159e+05
1.713046854571001313e+05
1.734945825593716290e+05
1.746001179200480983e+05
1.757127684184147220e+05
1.768325770305200422e+05
1.779595844241782033e+05
1.790938333730583254e+05
1.802353681283742480e+05
1.813842353186956898e+05
1.825403829862219573e+05
1.995350963131347671e+05
2.008041184520273237e+05
2.020851387971388176e+05
2.033750681657571404e+05
2.046731372816066723e+05
2.167343907420612813e+05
2.181179570873677731e+05
2.153596713442130713e+05
2.059793550996100239e+05
2.072938339605128567e+05
2.086167343214206339e+05
2.099481072047287889e+05
2.112880215400394518e+05
2.126365451051321288e+05
2.139937417913244572e+05
1.837037065773947688e+05
1.848741451002777321e+05
1.860521840564640879e+05
1.872361155521549808e+05
1.884234278421802155e+05
1.896009787946905417e+05
1.907413129062807129e+05
1.918421943052317947e+05
1.929234124981319474e+05
2.008150242893514514e+05
1.995694299380348530e+05
1.983879259145107062e+05
1.972589621486478427e+05
1.961595539874673414e+05
1.950742645364314376e+05
1.939978737605223141e+05
1.746001081499149732e+05
1.734945762462364219e+05
1.757127575232035888e+05
1.768325665726621810e+05
1.779595787257839984e+05
1.790938377275077219e+05
1.802353862562889699e+05
1.813842725924930710e+05
1.825405477449839527e+05
1.837042583895704011e+05
1.848754126847744919e+05
2.020890957705247274e+05
2.033747942899657937e+05
2.046726655366511550e+05
2.059791883222754986e+05
2.072939841027140792e+05
2.195103869215981977e+05
2.209117947260263900e+05
2.181179304944608884e+05
2.167343751307101920e+05
2.086168813500474498e+05
2.099482243695081270e+05
2.112881158763843996e+05
2.126366022493589844e+05
2.139937651063732046e+05
2.153596700202758366e+05
1.860537403854689328e+05
1.872394224019628309e+05
1.884330247146126349e+05
1.896326816308155248e+05
1.908374378930693492e+05
1.920380272726595576e+05
1.931814765408148523e+05
1.942947098910064960e+05
1.953893828402012587e+05
2.033912506697142962e+05
2.021383803861088818e+05
2.009395101014865795e+05
1.997880346787231101e+05
1.986704359264085069e+05
1.975727135725061235e+05
1.964782503173691221e+05
1.768325570081786427e+05
1.757127486738970038e+05
1.779595711533983704e+05
1.790938346076118760e+05
1.802353926884061366e+05
1.813842906813524896e+05
1.825405762400209496e+05
1.837042991320576111e+05
1.848755116877137043e+05
1.860542583247023576e+05
1.872405572014467034e+05
2.046747852376376686e+05
2.059789989846788812e+05
2.072939207110236457e+05
2.086172101209833927e+05
2.099485402127215930e+05
2.223221755309949222e+05
2.237416434420835285e+05
2.209117617990905710e+05
2.195103515804460330e+05
2.181178972860130889e+05
2.112883325178569357e+05
2.126367203525445657e+05
2.139938200393545849e+05
2.153596810034002410e+05
2.167343552814089053e+05
1.884341818292756507e+05
1.896355610179612413e+05
1.908450147786706511e+05
1.920608905063377752e+05
1.932821307099603873e+05
1.945119078435109986e+05
1.956525044687032641e+05
1.967773952136566804e+05
1.978871340066489938e+05
2.059945499911692168e+05
2.047108231220874877e+05
2.035089739530654333e+05
2.023464178258432948e+05
2.012151011992466811e+05
2.001003722983746266e+05
1.989918827836647397e+05
1.790938294966813701e+05
1.779595643348738377e+05
1.802353914943416894e+05
1.813842958466000855e+05
1.825405898135470052e+05
1.837043201890811033e+05
1.848755371968351537e+05
1.860542893716793333e+05
1.872406255085665907e+05
1.884345881521450065e+05
1.896361890072434617e+05
2.072947736541645136e+05
2.086169369402416924e+05
2.099490153475588886e+05
2.112887445875913545e+05
2.126370112438029901e+05
2.251702101775443007e+05
2.266079644650307891e+05
2.237416216402743885e+05
2.223221407989297004e+05
2.209117156580631563e+05
2.195102993475402182e+05
2.139939869075600291e+05
2.153597220376330370e+05
2.167343346720959235e+05
2.181178531078647356e+05
1.908454212504802563e+05
1.920626766867460683e+05
1.932881531612231920e+05
1.945202111175020691e+05
1.957577016396126710e+05
1.969740471874800569e+05
1.981480364857929817e+05
1.992930398127885710e+05
2.004186464467061451e+05
2.086272508606492484e+05
2.073477503918657603e+05
2.061155268399035267e+05
2.049355232531689398e+05
2.037903195859890839e+05
2.026627241643732414e+05
2.015384614035682753e+05
1.813842958534736827e+05
1.802353894931576215e+05
1.825405933250513335e+05
1.837043286891100870e+05
1.848755501057833899e+05
1.860543053175562236e+05
1.872406438589338504e+05
1.884346129724406346e+05
1.896362604849908676e+05
1.908456345529579557e+05
1.920627844929565617e+05
2.099496614594100101e+05
2.112886068450616731e+05
2.126373519697888696e+05
2.139940940102322784e+05
2.153598206271328672e+05
2.280549477339298173e+05
2.295112250321756583e+05
2.266079579737139575e+05
2.251701907360852638e+05
2.237415860603364126e+05
2.223220880780272128e+05
2.209116481242971204e+05
2.167343332304052310e+05
2.181177906256282295e+05
2.195102265380603494e+05
1.932878000752301014e+05
1.945209169397954829e+05
1.957623054834023351e+05
1.970102529539997631e+05
1.982660502784949203e+05
1.995034738935280766e+05
2.006890829296879529e+05
2.018454479536923754e+05
2.029840138110002736e+05
2.112983754422424827e+05
2.099987444300086936e+05
2.087534259431961400e+05
2.075585177933576051e+05
2.063984858097052202e+05
2.052570104980670149e+05
2.041186366867419856e+05
1.837043311706388777e+05
1.825405951282893948e+05
1.848755544065393333e+05
1.860543119685444108e+05
1.872406521791122213e+05
1.884346235051897820e+05
1.896362754790459003e+05
1.908456580380833475e+05
1.920628258242129814e+05
1.932878405897731427e+05
1.945207676797574677e+05
2.126370878558545664e+05
2.139938551754616201e+05
2.153593635328648670e+05
2.167340366170448542e+05
2.181177065891524544e+05
2.309768566689053550e+05
2.324518984363806958e+05
2.295112271491473366e+05
2.280549437525834364e+05
2.266079422369790263e+05
2.251701598022509133e+05
2.237415352597357414e+05
2.223220139059709909e+05
2.195101194327233825e+05
2.209115500707085012e+05
1.957616733726224629e+05
1.970103433676589339e+05
1.982676761467422766e+05
1.995316851739473641e+05
2.008030009985296929e+05
2.020383523548232624e+05
2.032649800490780908e+05
2.044284343844604446e+05
2.055830037180038344e+05
2.140041638829227013e+05
2.126680699280678527e+05
2.114234816005033208e+05
2.102152507774223341e+05
2.090411727071769710e+05
2.078856346664548328e+05
2.067330394869951124e+05
1.860543138460293121e+05
1.848755569970294600e+05
1.872406545275075187e+05
1.884346263094869500e+05
1.896362789401680930e+05
1.908456631988816371e+05
1.920628318773084320e+05
1.932878416169510165e+05
1.945207535200639686e+05
1.957616309084052045e+05
1.970105104918715369e+05
2.153583749951616919e+05
2.167331110131841560e+05
2.181163384045860439e+05
2.195094662437898805e+05
2.209114393393435457e+05
2.339364158975678729e+05
2.354304640602394065e+05
2.324519026126593817e+05
2.309768604167398007e+05
2.295112256216131791e+05
2.280549343894703488e+05
2.266079217678580026e+05
2.251701211407262890e+05
2.237414681251288857e+05
2.223219056908646307e+05
1.982672596935029433e+05
1.995316772071452870e+05
2.008052488896443974e+05
2.020845955349482538e+05
2.033677135799458192e+05
2.046240590534222720e+05
2.058524887787354237e+05
2.070461111883903213e+05
2.082180164064831333e+05
2.167424430927087378e+05
2.154094841094418371e+05
2.141282051280789310e+05
2.129069423333207378e+05
2.117191619403577934e+05
2.105499141207656648e+05
2.093833150967780093e+05
1.884346261356082978e+05
1.872406557064897206e+05
1.896362774942079268e+05
1.908456598095535592e+05
1.920628256253681320e+05
1.932878289652958920e+05
1.945207256814132852e+05
1.957615713115465769e+05
1.970104187956688402e+05
1.982673135053550359e+05
1.995323161687993852e+05
2.181165655183775525e+05
2.195076772205492016e+05
2.209093399842208892e+05
2.223210945655148244e+05
2.237414232813251729e+05
2.369341093408918241e+05
2.384474074399059173e+05
2.354304683014878538e+05
2.339364214333377313e+05
2.324519065264925594e+05
2.309768615094419802e+05
2.295112237391045492e+05
2.280549279517153045e+05
2.266079040422067337e+05
2.251700778758961242e+05
2.008048609865118051e+05
2.020858634040414763e+05
2.033758350566247536e+05
2.046702879735179013e+05
2.059611676134433364e+05
2.072534912700658606e+05
2.084994605758051330e+05
2.097029286148538813e+05
2.108906470758352953e+05
2.195114204772234953e+05
2.181521010810620210e+05
2.168576213528942026e+05
2.156329463476758683e+05
2.144328289637076959e+05
2.132501083634913375e+05
2.120697154846673366e+05
1.908456553166111407e+05
1.896362767817046260e+05
1.920628156355269311e+05
1.932878112702880462e+05
1.945206960454507207e+05
1.957615230155058380e+05
1.970103410128694086e+05
1.982671951953247481e+05
1.995321200234732532e+05
2.008051415474521054e+05
2.020863874454164179e+05
2.209104577742962865e+05
2.223187637377810606e+05
2.237387758920059132e+05
2.251693020534740353e+05
2.266079515517630207e+05
2.399704256650586321e+05
2.415032203653004544e+05
2.384474117682475189e+05
2.369341149785220623e+05
2.354304732288043015e+05
2.339364250156643393e+05
2.324519095485263970e+05
2.309768660202243191e+05
2.295112311767989595e+05
2.280549351536871109e+05
2.033752278244135377e+05
2.046733121893694624e+05
2.059795273398201971e+05
2.072902350842951273e+05
2.085998134548737435e+05
2.098978059780916374e+05
2.111642043956807756e+05
2.123965633396429184e+05
2.135988788534085033e+05
2.223277782080580073e+05
2.209681387580921000e+05
2.196595225779144967e+05
2.184001129555214720e+05
2.171828580113845237e+05
2.159854189750365913e+05
2.147906641950715275e+05
1.932877962552642275e+05
1.920628107199267542e+05
1.945206690925976436e+05
1.957614815000093949e+05
1.970102829909162829e+05
1.982671178057923389e+05
1.995320247935509251e+05
2.008050337229254365e+05
2.020861706301272789e+05
2.033754926355526841e+05
2.046730778380374832e+05
2.237411281610397564e+05
2.251666530148178281e+05
2.266053606903646432e+05
2.280543790179159550e+05
2.295111840999623819e+05
2.430458598410919949e+05
2.445984009638409188e+05
2.415032248407686129e+05
2.399704314538266917e+05
2.384474168175137311e+05
2.369341188107157068e+05
2.354304761495440325e+05
2.339364287514558819e+05
2.324519176590609422e+05
2.309768828334267018e+05
2.059788183514419652e+05
2.072940768322315125e+05
2.086170907139641058e+05
2.099444099064327020e+05
2.112723728363543341e+05
2.126012929791060451e+05
2.138763030058848672e+05
2.151253568324265361e+05
2.163395861026940402e+05
2.251794478593706153e+05
2.237948679989920638e+05
2.224756773096807010e+05
2.212038750720310491e+05
2.199684099033981620e+05
2.187546902028128097e+05
2.175444102131856198e+05
1.957614495053697610e+05
1.945206530423372460e+05
1.970102364472323097e+05
1.982670597357056977e+05
1.995319613150732766e+05
2.008049764472877432e+05
2.020861414142170397e+05
2.033754923146200599e+05
2.046730759527765040e+05
2.059789303310232935e+05
2.072930827707307471e+05
2.266087051739958115e+05
2.280517810849729867e+05
2.295096231609859096e+05
2.309764986912967579e+05
2.324518901827603404e+05
2.461609132325598912e+05
2.477334537843882863e+05
2.445984057092252187e+05
2.430458658837926050e+05
2.415032300940003479e+05
2.399704354320442362e+05
2.384474195631793991e+05
2.369341209299702605e+05
2.354304794105154288e+05
2.339364363966438395e+05
2.086162388003689412e+05
2.099486646603436966e+05
2.112889926615772711e+05
2.126330142775581626e+05
2.139780543000074977e+05
2.153114319215769356e+05
2.166408447828950302e+05
2.178838549509648292e+05
2.191103063715006865e+05
2.280684355287624057e+05
2.266498170626217034e+05
2.253214564047825988e+05
2.240361967638774368e+05
2.227865062197410443e+05
2.215568660074582731e+05
2.203302226948418829e+05
1.982670145847405365e+05
1.970102043736412015e+05
1.995319103284176963e+05
2.008049323300493124e+05
2.020861184988715395e+05
2.033755089436958078e+05
2.046731481682134618e+05
2.059790806140826317e+05
2.072934245578434784e+05
2.086162004368957132e+05
2.099474508475220064e+05
2.295115660938552755e+05
2.309748132326754567e+05
2.324510527278523368e+05
2.339361385790329368e+05
2.354304231024631008e+05
2.493160936624484311e+05
2.509088898704987660e+05
2.477334590027873346e+05
2.461609197197731992e+05
2.445984113313377311e+05
2.430458701460925222e+05
2.415032330441002559e+05
2.399704373403628997e+05
2.384474209404022258e+05
2.369341226799203141e+05
2.112879000898117374e+05
2.126376378506786132e+05
2.139945664968790952e+05
2.153557523553119681e+05
2.167236834306685196e+05
2.180748623507136072e+05
2.193975713012321212e+05
2.206669198514114833e+05
2.219117220166294428e+05
2.309801972951989446e+05
2.295510683203492954e+05
2.282022859651907638e+05
2.269016511345994659e+05
2.256369865108899830e+05
2.243919499467517307e+05
2.231489141951867787e+05
2.008048922437684378e+05
1.995318705474873132e+05
2.020860908483863168e+05
2.033755091638865124e+05
2.046731893031448999e+05
2.059791851630404126e+05
2.072935586308425118e+05
2.086163698052683612e+05
2.099477111200789222e+05
2.112876257891537389e+05
2.126362067717519822e+05
2.324510487505735364e+05
2.339353647175385850e+05
2.354296408645534830e+05
2.369337698953773652e+05
2.384473731724249374e+05
2.525119154363333073e+05
2.541252268491582072e+05
2.509088957989743503e+05
2.493161008603939845e+05
2.477334652666796756e+05
2.461609245386805560e+05
2.445984147264603525e+05
2.430458723775528197e+05
2.415032344027598447e+05
2.399704406316972163e+05
2.139940767706901534e+05
2.153606939898488636e+05
2.167340333192065591e+05
2.181135739609957382e+05
2.194957078817406436e+05
2.208824447125152510e+05
2.221980937337489158e+05
2.234841977245755552e+05
2.247475293847407156e+05
2.339343844961632567e+05
2.324818173325033858e+05
2.311183194867868442e+05
2.298016838451331423e+05
2.285218837224671151e+05
2.272614891563971760e+05
2.260024295880393765e+05
2.033754940257064300e+05
2.020860626886887185e+05
2.046732008546366997e+05
2.059792318181420851e+05
2.072936392729727377e+05
2.086164848854872107e+05
2.099478354873417120e+05
2.112877545760920329e+05
2.126363072741110809e+05
2.139935378403969517e+05
2.153596048285238503e+05
2.354299867840569641e+05
2.369332160962923663e+05
2.384464905096095754e+05
2.399701913226372853e+05
2.415032392100618745e+05
2.557488993641373236e+05
2.573829890130596177e+05
2.541252335696414520e+05
2.525119235587622970e+05
2.509089030221723078e+05
2.493161066690651060e+05
2.477334695760113245e+05
2.461609275061945955e+05
2.445984165574759536e+05
2.430458835159272421e+05
2.167348203548913298e+05
2.181179682685514272e+05
2.195091901211549120e+05
2.209079990720982023e+05
2.223089871779287641e+05
2.236919856589289557e+05
2.250320198708042735e+05
2.263386688356894592e+05
2.276206591440360353e+05
2.369344781334611180e+05
2.354735183125738986e+05
2.340715278815413185e+05
2.327378679934622487e+05
2.314430019439964090e+05
2.301675238686137600e+05
2.288929789459236490e+05
2.059792457530770916e+05
2.046731972329692508e+05
2.072936791860039521e+05
2.086165503102069488e+05
2.099479184870097379e+05
2.112878447438106814e+05
2.126363893952789658e+05
2.139936148144920589e+05
2.153595712367937376e+05
2.167343096723338822e+05
2.181179839537561638e+05
2.384490593818261696e+05
2.399699068983736506e+05
2.415027143583296274e+05
2.430458906442207517e+05
2.445984955947930866e+05
2.590275729034853575e+05
2.606827074120043544e+05
2.573829962258008600e+05
2.557489083172524406e+05
2.541252418673381617e+05
2.525119307475054229e+05
2.509089088906926045e+05
2.493161110903477529e+05
2.477334725044725637e+05
2.461609537480388535e+05
2.195104058064298006e+05
2.209110941175040789e+05
2.223216002628597198e+05
2.237395394004207046e+05
2.251601325869211869e+05
2.265495053236874228e+05
2.279084175349278376e+05
2.292339404658103886e+05
2.305340246511541482e+05
2.399825534676597454e+05
2.384939867602954619e+05
2.370489317373188678e+05
2.357112941157971509e+05
2.344023615068916697e+05
2.331119581583883555e+05
2.318227290100466635e+05
2.086165798688787909e+05
2.072936959239595744e+05
2.099479630876941665e+05
2.112878996878933394e+05
2.126364491740778612e+05
2.139936695798932633e+05
2.153596180885723152e+05
2.167343520239446370e+05
2.181179277965414512e+05
2.195104042836106091e+05
2.209118164642037300e+05
2.415077914818377758e+05
2.430464249303020770e+05
2.445985900975588302e+05
2.461612744621837337e+05
2.477336487045916438e+05
2.623484704403218930e+05
2.640249199376116158e+05
2.606827144851486664e+05
2.590275821501381288e+05
2.573830052174874290e+05
2.557489166989257501e+05
2.541252496300693892e+05
2.525119373827585950e+05
2.509089139401444700e+05
2.493161512175193930e+05
2.223217996149368410e+05
2.237413796759606630e+05
2.251713879162824305e+05
2.266069411857952073e+05
2.280454145169385301e+05
2.294485609028576582e+05
2.308292888005338609e+05
2.321751653803641966e+05
2.334900546471500711e+05
2.430685110704094113e+05
2.415394397311214416e+05
2.401158679432883218e+05
2.387336130268395355e+05
2.374036599282405514e+05
2.360967117505180940e+05
2.347928765064415929e+05
2.112879276557058038e+05
2.099479858728954569e+05
2.126364821554697119e+05
2.139937033745735826e+05
2.153596495079509623e+05
2.167343781327232427e+05
2.181179474481697252e+05
2.195104179224560503e+05
2.209118529056400002e+05
2.223223063216934679e+05
2.237416475361064950e+05
2.446054181476709200e+05
2.461624788375528005e+05
2.477343257994691667e+05
2.493168943791949423e+05
2.509091472602060530e+05
2.657121334363413625e+05
2.674101714062693645e+05
2.640249262757888646e+05
2.623484792352059158e+05
2.606827233360830287e+05
2.590275907062714687e+05
2.573830141962905182e+05
2.557489255541250750e+05
2.541252574764357123e+05
2.525119437584496045e+05
2.251699189845606161e+05
2.266087969466060458e+05
2.280576160189183138e+05
2.295107011363642814e+05
2.309583377437412564e+05
2.324086338965171890e+05
2.338140485147429572e+05
2.351640680305229907e+05
2.364866063352316851e+05
2.461893006531026040e+05
2.446607424087010731e+05
2.432009951065830246e+05
2.418025466367976915e+05
2.404489462275099941e+05
2.391230286016765749e+05
2.378030112366607354e+05
2.139937210309693764e+05
2.126364996870009927e+05
2.153596664815212425e+05
2.167343918532132811e+05
2.181179558858916862e+05
2.195104177978199732e+05
2.209118379298098153e+05
2.223222771618672705e+05
2.237417922515289101e+05
2.251704460429949395e+05
2.266078930012396595e+05
2.477403234695438296e+05
2.493181582527828868e+05
2.509105047617693490e+05
2.525132322905675101e+05
2.541252600352909649e+05
2.691191102788262069e+05
2.708390136515626800e+05
2.674101766122237314e+05
2.657121411672882386e+05
2.640249341537672444e+05
2.623484868054043618e+05
2.606827317353221879e+05
2.590276002321258711e+05
2.573830238894034410e+05
2.557489359661299677e+05
2.280549370506990235e+05
2.295129083838204679e+05
2.309798418311668793e+05
2.324507668568693625e+05
2.339200012421293650e+05
2.353776630055479764e+05
2.368429395907994767e+05
2.381834168292832328e+05
2.395199593237509253e+05
2.493448643926407385e+05
2.478144427443945024e+05
2.463311856893118529e+05
2.449090136376770970e+05
2.435358476987181639e+05
2.421906131379342114e+05
2.408527492651026696e+05
2.167343976241217460e+05
2.153596755880584533e+05
2.181179569451788848e+05
2.195104119214125967e+05
2.209118217835277610e+05
2.223222450325714599e+05
2.237417388558897364e+05
2.251703562990650244e+05
2.266081430140193552e+05
2.280551146493119013e+05
2.295110536980209872e+05
2.509134463981674926e+05
2.525142067506429739e+05
2.541277224417033140e+05
2.557504664350186067e+05
2.573830595656362129e+05
2.725699563363694469e+05
2.743120056088086567e+05
2.708390173748073285e+05
2.691191164810060873e+05
2.674101829694229527e+05
2.657121470998585573e+05
2.640249403960902127e+05
2.623484947602238390e+05
2.606827408518849697e+05
2.590276109778910468e+05
2.309769482732013275e+05
2.324538750434769026e+05
2.339390262883261021e+05
2.354285483389272413e+05
2.369231339261679677e+05
2.384073089967699198e+05
2.398500138945668295e+05
2.412350766460335872e+05
2.425919480462235806e+05
2.525349228875104163e+05
2.509915330941994616e+05
2.494967580706478329e+05
2.480558376147140516e+05
2.466628575122471375e+05
2.452986926379209326e+05
2.439424370547297876e+05
2.195104044711314200e+05
2.181179574742517143e+05
2.209118054696711479e+05
2.223222180584470334e+05
2.237416984021233220e+05
2.251703004376122553e+05
2.266080764710205549e+05
2.280550667212414264e+05
2.295113021780639829e+05
2.309768372856943461e+05
2.324515234721693269e+05
2.541288272017445415e+05
2.557513615202149085e+05
2.573861210248864081e+05
2.590283102027130371e+05
2.760652344295369112e+05
2.778297134098484530e+05
2.606827461161819228e+05
2.743120078015918843e+05
2.725699606739743613e+05
2.708390217520135920e+05
2.691191203622408211e+05
2.674101866924381466e+05
2.657121520722802379e+05
2.640249467969065881e+05
2.623485029465843108e+05
2.339366340900675859e+05
2.354324492089700652e+05
2.369365288786631718e+05
2.384462883749593457e+05
2.399589828293626197e+05
2.414825505039432319e+05
2.429382424551751465e+05
2.443314395506992296e+05
2.457036256951945543e+05
2.557560854225848161e+05
2.542020287580634467e+05
2.526957305074963951e+05
2.512404280522083864e+05
2.498297689936673269e+05
2.484470335554006742e+05
2.470721319906469143e+05
2.223221959001886135e+05
2.209117949619391002e+05
2.237416663808384619e+05
2.251702596594872884e+05
2.266080276497983432e+05
2.280550219909341540e+05
2.295112883108941314e+05
2.309768744206686097e+05
2.324518285388329532e+05
2.339361923140838044e+05
2.354300479426566744e+05
2.573855874011402193e+05
2.590302503597881005e+05
2.606857899012613052e+05
2.623492619770230958e+05
2.796055148245565942e+05
2.813927104703627992e+05
2.778297149676116533e+05
2.640249627244715230e+05
2.760652372803578619e+05
2.743120100560369901e+05
2.725699620951426332e+05
2.708390227311925846e+05
2.691191219077226124e+05
2.674101898026567069e+05
2.657121572546685929e+05
2.369345465839261888e+05
2.384493987474645255e+05
2.399731041390496830e+05
2.415030307067702815e+05
2.430392943241266476e+05
2.445923567750201619e+05
2.460587893847874366e+05
2.474621778492341691e+05
2.488543916749814234e+05
2.590445228921476810e+05
2.574529429043102718e+05
2.559313640366157051e+05
2.544622790391115996e+05
2.530358674522330111e+05
2.516355134843746200e+05
2.502418900070758536e+05
2.251702278254315897e+05
2.237416434634114557e+05
2.266079921560265066e+05
2.280549868801953562e+05
2.295112646102122671e+05
2.309768810354691232e+05
2.324518820774999622e+05
2.339363383384162153e+05
2.354303257197387284e+05
2.369339058356940222e+05
2.384472063095007616e+05
2.606834301563477202e+05
2.623517731067948043e+05
2.640272436270953040e+05
2.657126204684191616e+05
2.831913746995423571e+05
2.850015775924137561e+05
2.813927130382598261e+05
2.796055177182019106e+05
2.674101923997959238e+05
2.778297161329449154e+05
2.760652366178761586e+05
2.743120080881899339e+05
2.725699598987253266e+05
2.708390217258158373e+05
2.691191241201310768e+05
2.399710675225174928e+05
2.415052353014260298e+05
2.430485212334268726e+05
2.445986185743182432e+05
2.461576599761265097e+05
2.476979898047895404e+05
2.491896446587566461e+05
2.506325559059758671e+05
2.520455235228863021e+05
2.623663748270830256e+05
2.607304865367653547e+05
2.592059439113604312e+05
2.577234926592769043e+05
2.562816025228341750e+05
2.548642503165860253e+05
2.534522769532903039e+05
2.280549593231147155e+05
2.266079642881140171e+05
2.295112432271387952e+05
2.309768705219989351e+05
2.324518999351348320e+05
2.339363920802904468e+05
2.354304076677127741e+05
2.369340243833884597e+05
2.384473142463882687e+05
2.399703374556917988e+05
2.415032167521916854e+05
2.640283089600708918e+05
2.657161558411106816e+05
2.674119770809754264e+05
2.691195425561842276e+05
2.868233980997931212e+05
2.886569030546457507e+05
2.850015823591810185e+05
2.831913794413768337e+05
2.813927152538390947e+05
2.708390363518436789e+05
2.796055169352794765e+05
2.778297126453995006e+05
2.760652312564125168e+05
2.743120022502735374e+05
2.725699562080142205e+05
2.430465228769867972e+05
2.446002213006227976e+05
2.461628874110983452e+05
2.477334924922698119e+05
2.493101961423163302e+05
2.508845336581446754e+05
2.523952313799335680e+05
2.538448243876871420e+05
2.552785802193562558e+05
2.657210891239340999e+05
2.640859526462558424e+05
2.625284724338243832e+05
2.610275682514148939e+05
2.595687011737546127e+05
2.581340223942166194e+05
2.567040164120622503e+05
2.309768595642868022e+05
2.295112247353586426e+05
2.324518997883651464e+05
2.339364066859687737e+05
2.354304445754639746e+05
2.369340757426558121e+05
2.384473697735937603e+05
2.399703992278955120e+05
2.415031974250158819e+05
2.430458374497481564e+05
2.445984066286036104e+05
2.674193605420509703e+05
2.691235554628673126e+05
2.708406228252628352e+05
2.725703101865655626e+05
2.905021768641499802e+05
2.923592827095835819e+05
2.886569103997017373e+05
2.868234057440932374e+05
2.850015874468620750e+05
2.831913810723384377e+05
2.743120215045811492e+05
2.813927132741213427e+05
2.796055114920745254e+05
2.778297043272153824e+05
2.760652212374903029e+05
2.461613946064391930e+05
2.477347868990829156e+05
2.493175586505979591e+05
2.509088186599703040e+05
2.525035488762597961e+05
2.540855236258796940e+05
2.556133487112216826e+05
2.571023751757394057e+05
2.585540579727395670e+05
2.691440757035007118e+05
2.674840148634475772e+05
2.658997345423540683e+05
2.643766043743404443e+05
2.628987546672090539e+05
2.614458468240005022e+05
2.599976535070327809e+05
2.339364110328916286e+05
2.324518981147982704e+05
2.354304556190880248e+05
2.369340953884649789e+05
2.384473944313141110e+05
2.399704132079728588e+05
2.415032171403126267e+05
2.430458548159870552e+05
2.445983818707165774e+05
2.461608644630993076e+05
2.477333129543084360e+05
2.708511449050543015e+05
2.725743693672341178e+05
2.743133229520579334e+05
2.760654724486326450e+05
2.942283110632009339e+05
2.961093200804744265e+05
2.923592931357840425e+05
2.905021879800682655e+05
2.886569191824701265e+05
2.868234112460936303e+05
2.850015894428525935e+05
2.778296756683460553e+05
2.831913793760707485e+05
2.813927075209912728e+05
2.796055015280193184e+05
2.493163963173074881e+05
2.509100571962629620e+05
2.525138203380618652e+05
2.541260834217391384e+05
2.557442877131611167e+05
2.573397756932012562e+05
2.589207874375098327e+05
2.604019431058339542e+05
2.618716873957620992e+05
2.726031182592191035e+05
2.708902000820992398e+05
2.693081837870831951e+05
2.677687681781297433e+05
2.662720774311290006e+05
2.648003268041313277e+05
2.633335006501275930e+05
2.369341028142348805e+05
2.354304637758851459e+05
2.384474017854476988e+05
2.399704213537412288e+05
2.415032221481672314e+05
2.430458627935833356e+05
2.445984000187701022e+05
2.461608872971530363e+05
2.477333862736340379e+05
2.493159552661865309e+05
2.509086301046119770e+05
2.743227683913040673e+05
2.760690019785612240e+05
2.778305500051151030e+05
2.796056803620028659e+05
2.980024079288169160e+05
2.999076264566982863e+05
2.961093344040140510e+05
2.942283263866822817e+05
2.923593063489732449e+05
2.905021982215743046e+05
2.886569262021873728e+05
2.868234152140656952e+05
2.813926904350786353e+05
2.850015900051441859e+05
2.831913758243467310e+05
2.525122420387320744e+05
2.541269940424334491e+05
2.557520829317245225e+05
2.573863009559121856e+05
2.590320463608028076e+05
2.606421605321968964e+05
2.622189650921087596e+05
2.637434424079901655e+05
2.652313796669268049e+05
2.760997378159574582e+05
2.743801573741636239e+05
2.727631249744420056e+05
2.712040874805601197e+05
2.696884412220394588e+05
2.681975503941029892e+05
2.667114404902427923e+05
2.399704226050584402e+05
2.384474072027008806e+05
2.415032217576409748e+05
2.430458625443962810e+05
2.445984044977376761e+05
2.461609075561615464e+05
2.477334270094743988e+05
2.493160300645881798e+05
2.509087851412081800e+05
2.525117149584509025e+05
2.541249460183095653e+05
2.778394235267213080e+05
2.796081654015694512e+05
2.813930096689043567e+05
2.831914521148628555e+05
3.018250812129639671e+05
3.037548210105792969e+05
2.999076439291847055e+05
2.980024276216690778e+05
2.961093529468215420e+05
2.942283431673949235e+05
2.923593201217952301e+05
2.905022091486466816e+05
2.886569341491873492e+05
2.850015886381257442e+05
2.868234203899049317e+05
2.557493186633818259e+05
2.573855909188827500e+05
2.590322705693236494e+05
2.606897490477323590e+05
2.623461353738458129e+05
2.640059721557915327e+05
2.656102112283494207e+05
2.671263737631506519e+05
2.686317541606233572e+05
2.796271410927867983e+05
2.779237721402770258e+05
2.762699896425478510e+05
2.746847422890640446e+05
2.731482425061538233e+05
2.716376154719086480e+05
2.701314298376729130e+05
2.430458595095589117e+05
2.415032201496470952e+05
2.445984036317243881e+05
2.461609117320957303e+05
2.477334457901609130e+05
2.493160682478751987e+05
2.509088428782951087e+05
2.525118399298516160e+05
2.541251174647491716e+05
2.557486469708549266e+05
2.573825197205975419e+05
2.814013071823982755e+05
2.831924534103720798e+05
2.850013856064386200e+05
2.868233944773532567e+05
3.056969522862526937e+05
3.076515309018311673e+05
3.037548372562497389e+05
3.018251025604224415e+05
2.999076667961544008e+05
2.980024524633866968e+05
2.961093769483427168e+05
2.942283651937239338e+05
2.923593382485799375e+05
2.905022236863638391e+05
2.886569433101280010e+05
2.590285019707404717e+05
2.606858632344785146e+05
2.623542245151847601e+05
2.640333619950739085e+05
2.657130584730085102e+05
2.673758990647720057e+05
2.689885621751990984e+05
2.705440131384307169e+05
2.720736092722878675e+05
2.832163218778164592e+05
2.814813071472063893e+05
2.798155708746810560e+05
2.782089210115828319e+05
2.766514198987599812e+05
2.751207934680794715e+05
2.735942972401262377e+05
2.461609116376115417e+05
2.445984007558787416e+05
2.477334515450602630e+05
2.493160830665956310e+05
2.509088713001289871e+05
2.525118811110776442e+05
2.541251820099127945e+05
2.557488414529778820e+05
2.573828903824718145e+05
2.590272920591564907e+05
2.606822879947171023e+05
2.850062272296061274e+05
2.868229492203000118e+05
2.886563087914747302e+05
2.905021363320079981e+05
3.096186525918485131e+05
3.115983913592360332e+05
3.076515394486124278e+05
3.056969689229963697e+05
3.037548589992790949e+05
3.018251314688293496e+05
2.999077016184282838e+05
2.980024914284106344e+05
2.961094122616913519e+05
2.942283947605808498e+05
2.923593628506895620e+05
2.623496721530833165e+05
2.640280177642834024e+05
2.657180282435957342e+05
2.674175037330793566e+05
2.691278575355752837e+05
2.708183416432088125e+05
2.724274480344657786e+05
2.740077862795274123e+05
2.755599051139153889e+05
2.868291485065007000e+05
2.850621141383234062e+05
2.833959613939575502e+05
2.817740895459784078e+05
2.801974761814524536e+05
2.786473447479734314e+05
2.771010146085434244e+05
2.493160888602229534e+05
2.477334535978323256e+05
2.509088828852356819e+05
2.525119003604839963e+05
2.541252079593365779e+05
2.557488719149527897e+05
2.573829614035304112e+05
2.590275416960072762e+05
2.606826279693382385e+05
2.623482596668960177e+05
2.640249274501320906e+05
2.886592153414567001e+05
2.905007622098285938e+05
2.923585225691297674e+05
2.942282255323755671e+05
3.135908250618922757e+05
3.155960457537472830e+05
3.115983896240149043e+05
3.096186585922522936e+05
3.076515517184464843e+05
3.056969901580972364e+05
3.037548956334811519e+05
3.018251821654706728e+05
2.999077573747134884e+05
2.980025446161586442e+05
2.961094696496137767e+05
2.657131318377394346e+05
2.674127007256229408e+05
2.691241837712539709e+05
2.708445997877395130e+05
2.725669193170746439e+05
2.742621643266159226e+05
2.759140080182094243e+05
2.775191044110507355e+05
2.790913658431737567e+05
2.905087642468686681e+05
2.887351187180409324e+05
2.870244367028356064e+05
2.853822734845927916e+05
2.837868571946303709e+05
2.822176941830087453e+05
2.806520246665614541e+05
2.525119088598392264e+05
2.509088897303020058e+05
2.541252195370901609e+05
2.557488868317127635e+05
2.573829776987279765e+05
2.590275587280674372e+05
2.606826978188224602e+05
2.623484601104492904e+05
2.640248722872545477e+05
2.657120507228205097e+05
2.674103084866484278e+05
2.923615610072609852e+05
2.942266589671662659e+05
2.961084299831435201e+05
2.980020823998176493e+05
3.176141208506085677e+05
3.196451457122790744e+05
3.155960394102818682e+05
3.135908213407285511e+05
3.115983883479169453e+05
3.096186622521881363e+05
3.076515721624238067e+05
3.056970336968814954e+05
3.037549595014413353e+05
3.018252616525845369e+05
2.999078656999538071e+05
2.691197082887224387e+05
2.708408403992687236e+05
2.725735749047930585e+05
2.743146734204291133e+05
2.760561826116438606e+05
2.777876881024645991e+05
2.794544485449175700e+05
2.810770481204422540e+05
2.826677689415342757e+05
2.942468238158348831e+05
2.924319629455840914e+05
2.907026440975955338e+05
2.890370234539150842e+05
2.874214211718734005e+05
2.858329024262771127e+05
2.842480325892290566e+05
2.557488933255118027e+05
2.541252267686241248e+05
2.573829848394388973e+05
2.590275663953640033e+05
2.606827049673628062e+05
2.623484677351642749e+05
2.640249221992081148e+05
2.657121350146940676e+05
2.674101587525033974e+05
2.691191052469637361e+05
2.708389958151129540e+05
2.961119809091414791e+05
2.980007796806862461e+05
2.999059610326362308e+05
3.018243295990255428e+05
3.216891950417261687e+05
3.237463512515802868e+05
3.196451445371384616e+05
3.176141162824208150e+05
3.155960306957552093e+05
3.135908102037294884e+05
3.115983821216516080e+05
3.096186769241411821e+05
3.076516135738200974e+05
3.056971250646563130e+05
3.037551014296022477e+05
2.725702592658494832e+05
2.743132917689972091e+05
2.760676187039852957e+05
2.778301067371607060e+05
2.795910081310643000e+05
2.813582119064344442e+05
2.830404301423667348e+05
2.846798276827441296e+05
2.862902494457970606e+05
2.980253985329411807e+05
2.961739404531960608e+05
2.944246037364213262e+05
2.927391115899440483e+05
2.911031339898603037e+05
2.894947121519307257e+05
2.878905949500368442e+05
2.590275686348663003e+05
2.573829889869516483e+05
2.606827069825191284e+05
2.623484696096415282e+05
2.640249239115783130e+05
2.657121380413374864e+05
2.674101804935080581e+05
2.691191206261096522e+05
2.708390285314517096e+05
2.725699727328216541e+05
2.743120488272982184e+05
2.999099609331940883e+05
3.018224289950136445e+05
3.037515723401577561e+05
3.056959030358996824e+05
3.258167074915209087e+05
3.279003309123720392e+05
3.237463596489793272e+05
3.216891987776377355e+05
3.196451405274393619e+05
3.176141041184347705e+05
3.155960113698276109e+05
3.135907938866168261e+05
3.115983829223930952e+05
3.096187049661315395e+05
3.076517123489039368e+05
2.760655004957974888e+05
2.778310691465524724e+05
2.796078963767922833e+05
2.813921502924141241e+05
2.831777613027673797e+05
2.849767376918384689e+05
2.866716575934545835e+05
2.883314194382109563e+05
2.899612555760553223e+05
3.018451577830355964e+05
2.999697187393060885e+05
2.981962543029736262e+05
2.964892862948717666e+05
2.948331591899124323e+05
2.932047468755283044e+05
2.915814559178180643e+05
2.623484679984378745e+05
2.606827074253016908e+05
2.640249222101595951e+05
2.657121364842989133e+05
2.674101794838321512e+05
2.691191209503866266e+05
2.708390316615279298e+05
2.725699846120372531e+05
2.743120540902919020e+05
2.760653136475568754e+05
2.778298514558756142e+05
3.037557349267447717e+05
3.056919113665585755e+05
3.076469830275446293e+05
3.096175704643802019e+05
3.299973279537020135e+05
3.321077618570618215e+05
3.279003447181084775e+05
3.258167207763838232e+05
3.237463674653669004e+05
3.216891990475322236e+05
3.196451321573812165e+05
3.176140846047758823e+05
3.155959864024391281e+05
3.135907709291879437e+05
3.115982737620256958e+05
2.796061855479546357e+05
2.813952998692002730e+05
2.831950032421228825e+05
2.850006174544543610e+05
2.868127642049323767e+05
2.886426698086473043e+05
2.903635789101846749e+05
2.920341420045264531e+05
2.936824377793494496e+05
3.057130119462500443e+05
3.037961659963666461e+05
3.020125890520120156e+05
3.002872751746469876e+05
2.986117363892025314e+05
2.969636941150791245e+05
2.953211122442687047e+05
2.657121323906728649e+05
2.640249199747337843e+05
2.674101751804217929e+05
2.691191165733246016e+05
2.708390269837789820e+05
2.725699779857172980e+05
2.743120425600878079e+05
2.760652936549684964e+05
2.778298021107325912e+05
2.796056374516440555e+05
2.813930079133115360e+05
3.076506446290339809e+05
3.096115320493055624e+05
3.115939455870376551e+05
3.135897522174825426e+05
3.342317392095511314e+05
3.363693299566772766e+05
3.321077742572004208e+05
3.299973446563595789e+05
3.279003609519499005e+05
3.258167352149315411e+05
3.237463818825837807e+05
3.216892065810537315e+05
3.196451287181440857e+05
3.176140590528032626e+05
3.155959164296379313e+05
2.831930069756785524e+05
2.850062633437028271e+05
2.868272500887264614e+05
2.886544454960336443e+05
2.904921504677180783e+05
2.923010444083033362e+05
2.941002710527175223e+05
2.957881421553678811e+05
2.974515137394964113e+05
3.096240123857865692e+05
3.077089179375385283e+05
3.058792592640185612e+05
3.041331118906640331e+05
3.024387908933261642e+05
3.007713751586479484e+05
2.991087735897381208e+05
2.691191102751906146e+05
2.674101714557805681e+05
2.708390191802490153e+05
2.725699683026517159e+05
2.743120291516692960e+05
2.760652736450911034e+05
2.778297735466574086e+05
2.796055964877624647e+05
2.813928075995568652e+05
2.831914759387427475e+05
2.850020705415368429e+05
3.115970371248648153e+05
3.135834104801107314e+05
3.155925919334180071e+05
3.176131790165919228e+05
3.385206345082705957e+05
3.406857298939133761e+05
3.363693384923923295e+05
3.342317531647519791e+05
3.321077905267457245e+05
3.299973636613767594e+05
3.279003899828039575e+05
3.258167744501575944e+05
3.237464358053599717e+05
3.216892324718864402e+05
3.196451170433202642e+05
2.868262719810838462e+05
2.886619741029085708e+05
2.905036579871415743e+05
2.923531967896071146e+05
2.942148378185378970e+05
2.960428413965463405e+05
2.978873591624854016e+05
2.995807696109978715e+05
3.012659374514701194e+05
3.136112057299059234e+05
3.116648593746721745e+05
3.097985247301401105e+05
3.080295913088304223e+05
3.063154355650133803e+05
3.046276012194501236e+05
3.029443729278650717e+05
2.725699580156161101e+05
2.708390136989312596e+05
2.743120151806071517e+05
2.760652554076343076e+05
2.778297492221112479e+05
2.796055669059505453e+05
2.813927761097197654e+05
2.831914392279942404e+05
2.850016208763887989e+05
2.868233968366950867e+05
2.886575397011684836e+05
3.155964058174759266e+05
3.176079038125799852e+05
3.196423897090618848e+05
3.216884536395727773e+05
3.428647139250611071e+05
3.450576652738295379e+05
3.406857369972326560e+05
3.385206449190865969e+05
3.363693503341088071e+05
3.342317676978610107e+05
3.321078158225339721e+05
3.299974135143246967e+05
3.279004641638559988e+05
3.258168563226831029e+05
3.237464998570283060e+05
2.905053212361760670e+05
2.923619039272661321e+05
2.942251136338830111e+05
2.960978268753715674e+05
2.979726761209355318e+05
2.998485146901521948e+05
3.016682691217524116e+05
3.034166505023185746e+05
3.051284335950053646e+05
3.176446350991678773e+05
3.156591466200237046e+05
3.137588162110323901e+05
3.119802713442679960e+05
3.102443712215099949e+05
3.085312737239960697e+05
3.068286920372493914e+05
2.760652390906100045e+05
2.743120056322471937e+05
2.778297285278014606e+05
2.796055424336181604e+05
2.813927496907518362e+05
2.831914192556125345e+05
2.850016155631122529e+05
2.868234069757145480e+05
2.886568658265702543e+05
2.905020638413831475e+05
2.923598337265849113e+05
3.196479506716831820e+05
3.216845371652846225e+05
3.237440164761157357e+05
3.258162074077419238e+05
3.472646835177140310e+05
3.494858487736630486e+05
3.450576726272031083e+05
3.428647233344286797e+05
3.406857461422285996e+05
3.385206547885266482e+05
3.363693648744061356e+05
3.342318023720932542e+05
3.321078793781018467e+05
3.299975120367085910e+05
3.279005859523766558e+05
2.942301000496118213e+05
2.961082036414965405e+05
2.979945909400163218e+05
2.998909856394889648e+05
3.017936754667500500e+05
3.037125622867703787e+05
3.055476316422543605e+05
3.073059822840550914e+05
3.090408119823678280e+05
3.217162555237886263e+05
3.197481911341464729e+05
3.178345800942856004e+05
3.159960000148854451e+05
3.142289425389990211e+05
3.124885818471296807e+05
3.107630823616381967e+05
2.796055218338744598e+05
2.778297133816785063e+05
2.813927277606485877e+05
2.831913987229038030e+05
2.850016042423335020e+05
2.868234143032459542e+05
2.886568968799295835e+05
2.905021302410158096e+05
2.923591964366362081e+05
2.942281626386049902e+05
2.961095680476771668e+05
3.517212583511171397e+05
3.539710022481461638e+05
3.237513851260458468e+05
3.258136665170558263e+05
3.278983877097790246e+05
3.299966323647212121e+05
3.494858530966469552e+05
3.472646914585213526e+05
3.450576810790021555e+05
3.428647328030453064e+05
3.406857575438203639e+05
3.385206733392193564e+05
3.363694035388539196e+05
3.342318664021166624e+05
3.321079270240017213e+05
2.980023438428564114e+05
2.999031470220807823e+05
3.018142708650469431e+05
3.037363299384838901e+05
3.056679966740145464e+05
3.076071221658888389e+05
3.094486339267836302e+05
3.112420610741484561e+05
3.130032060879584751e+05
3.258454160584869678e+05
3.238536481886401889e+05
3.219250092480021995e+05
3.200658826702839579e+05
3.182676295543224551e+05
3.165064211813532165e+05
3.147503304847099353e+05
2.831913805491095409e+05
2.813927103757825680e+05
2.850015899586923770e+05
2.868234083125360194e+05
2.886569083501173300e+05
2.905021624829685315e+05
2.923592477592820069e+05
2.942282433915499714e+05
2.961092350220627268e+05
2.980022882066235761e+05
2.999076250390874920e+05
3.562351668536025682e+05
3.585138568311138079e+05
3.539709994435862754e+05
3.279072905814406113e+05
3.299955775478066644e+05
3.321051512505198480e+05
3.342303352410315420e+05
3.517212605386425275e+05
3.494858575199493207e+05
3.472646991758713848e+05
3.450576949020666652e+05
3.428647528474360588e+05
3.406857825680270907e+05
3.385207089841567795e+05
3.363693975382661447e+05
3.018235572717652540e+05
3.037488277623800677e+05
3.056857446102448739e+05
3.076352008963801782e+05
3.095924653895323281e+05
3.115287807482918142e+05
3.134056832059885492e+05
3.152306917700215708e+05
3.170180323767968221e+05
3.300268339989749365e+05
3.280018422903158935e+05
3.260541560443814960e+05
3.241747570660209749e+05
3.223542331463745795e+05
3.205685794827344362e+05
3.187896132724290946e+05
2.868233991490849876e+05
2.850015774474747595e+05
2.886569062634542352e+05
2.905021719575946336e+05
2.923592722916016937e+05
2.942282822319119587e+05
2.961092829358446761e+05
2.980023506485691760e+05
2.999075667076515383e+05
3.018249987995023839e+05
3.037547239333568723e+05
3.608071489804652520e+05
3.631151530384461512e+05
3.585138494399320916e+05
3.562351617660319898e+05
3.321153566411563079e+05
3.342284950107191107e+05
3.363646970888456563e+05
3.385184975105906487e+05
3.539709950836175121e+05
3.517212589598009363e+05
3.494858656805939390e+05
3.472647245642220951e+05
3.450577270217686309e+05
3.428647850820779568e+05
3.406857431040632655e+05
3.056946436155749834e+05
3.076459259910828550e+05
3.096097850384916528e+05
3.115858854729366140e+05
3.135650550193350646e+05
3.155200542800883413e+05
3.174244038965828368e+05
3.192787181543334154e+05
3.210849042451476562e+05
3.342653286608899361e+05
3.322035455937454826e+05
3.302247056786179892e+05
3.283281523989725974e+05
3.264867220954969525e+05
3.246796494745882810e+05
3.228787568187792203e+05
2.905021723977844813e+05
2.886569029035523417e+05
2.923592789530945593e+05
2.942282978671115707e+05
2.961093066751011647e+05
2.980023821481264895e+05
2.999076043303049519e+05
3.018250503018835443e+05
3.037548022909466526e+05
3.056969428420397453e+05
3.076514471401713672e+05
3.654379505254430696e+05
3.677756409027091577e+05
3.631151493813203997e+05
3.608071425547008403e+05
3.585138387724893983e+05
3.363727107354172622e+05
3.385129262080879416e+05
3.406788505763658322e+05
3.428622122018479276e+05
3.562351482530944631e+05
3.539709860068285489e+05
3.517212680420820252e+05
3.494858936092416989e+05
3.472647557335239253e+05
3.450577960014287964e+05
3.096168630118044675e+05
3.115947710930830799e+05
3.135859228018700378e+05
3.155868703436345677e+05
3.175859383641844615e+05
3.195638562581893057e+05
3.215253856229874073e+05
3.233757469017134281e+05
3.252028019085084088e+05
3.385374403022043407e+05
3.364480780534465448e+05
3.344216801390640321e+05
3.325286626891748747e+05
3.306676407269439660e+05
3.288403747549568652e+05
3.270188609978140448e+05
2.942283029191448004e+05
2.923592826016154140e+05
2.961093149029969354e+05
2.980023943619365455e+05
2.999076199136687792e+05
3.018250706684913021e+05
3.037548287574750138e+05
3.056969799006822286e+05
3.076516199494297616e+05
3.096188368177589728e+05
3.115983987555159838e+05
3.701283235384998261e+05
3.724960801125585567e+05
3.677756471248462331e+05
3.654379516399346176e+05
3.631151422568261623e+05
3.608071263361237943e+05
3.406727029437834281e+05
3.428516084984043264e+05
3.450496271013176884e+05
3.472623780428266036e+05
3.585138162817777484e+05
3.562351293962166528e+05
3.539709858478193055e+05
3.517212704676677822e+05
3.494856303746968042e+05
3.135902152357204468e+05
3.155951291082762182e+05
3.176131870545626734e+05
3.196378188974396908e+05
3.216595447369559552e+05
3.236714256969431881e+05
3.256305214492159430e+05
3.275254626312947366e+05
3.293745111230610055e+05
3.428840279051592224e+05
3.407775542106925277e+05
3.387458724694564589e+05
3.367928397899979609e+05
3.349063743401856627e+05
3.330537831167405820e+05
3.312122909302004846e+05
2.980023984288970823e+05
2.961093200457202620e+05
2.999076238354597590e+05
3.018250738850666676e+05
3.037548309349618503e+05
3.056969793696331326e+05
3.076516079242734122e+05
3.096188117460981011e+05
3.115986926302584470e+05
3.135913184746719780e+05
3.155965508187855012e+05
3.748790311082280241e+05
3.772772401360471267e+05
3.724960974165985826e+05
3.701283373486502678e+05
3.677756524158360553e+05
3.654379459819998010e+05
3.631151239761623438e+05
3.450436056195117999e+05
3.472487824670749251e+05
3.494782750360167120e+05
3.517194795708993915e+05
3.608070983121416648e+05
3.585137852320710663e+05
3.562350982308236999e+05
3.539708689442762989e+05
3.176147517876381171e+05
3.196468892055160250e+05
3.216906607043105178e+05
3.237397821067295154e+05
3.257879617004287429e+05
3.278475958515529637e+05
3.298429226146321744e+05
3.317344174149300088e+05
3.336021180003687623e+05
3.472592006418756209e+05
3.451247785320503754e+05
3.430733880526453722e+05
3.411168683479252504e+05
3.392033477942251484e+05
3.373180402712959913e+05
3.354592011731492821e+05
3.018250726718779770e+05
2.999076265077479184e+05
3.037548237879208173e+05
3.056969636690351763e+05
3.076515791495922022e+05
3.096187581379875774e+05
3.115985896687330096e+05
3.135911710178955691e+05
3.155965480363639072e+05
3.176147820317980950e+05
3.196458775051204721e+05
3.796908479692795663e+05
3.821199003497795202e+05
3.772772682920175721e+05
3.748790585979309399e+05
3.724961184664317407e+05
3.701283490298716933e+05
3.677756525432945346e+05
3.654379322529600468e+05
3.494595350328739150e+05
3.517068447561858338e+05
3.539654062869630870e+05
3.562344002019034233e+05
3.631150977216244210e+05
3.608070594741110690e+05
3.585137114752810448e+05
3.216906918932482949e+05
3.237498805490361410e+05
3.258192297339861398e+05
3.278943352418401628e+05
3.299750348686314537e+05
3.320394564999147551e+05
3.340791042155509349e+05
3.359997792622179259e+05
3.378826690106671304e+05
3.517309111607915256e+05
3.495786180949489935e+05
3.475011342287543812e+05
3.454976584060947062e+05
3.435574505750804674e+05
3.416544310817577061e+05
3.397617165068159229e+05
3.056969489351701341e+05
3.037548211357393302e+05
3.076515476721379091e+05
3.096187047637773212e+05
3.115985051065239240e+05
3.135910295882741921e+05
3.155963522881828249e+05
3.176145371218497166e+05
3.196456238714883802e+05
3.216896498221415095e+05
3.237468025347003131e+05
3.845645567077036831e+05
3.870248501677859458e+05
3.821199377080582199e+05
3.796908881567917415e+05
3.772773053578768740e+05
3.748790889084960218e+05
3.724961410139323561e+05
3.701283617377360351e+05
3.677756538485342753e+05
3.539552076671135146e+05
3.562248118416150101e+05
3.585110024080961011e+05
3.608068790049778181e+05
3.654379214597844402e+05
3.631150594943276956e+05
3.258186943718341645e+05
3.279044184374875040e+05
3.299994396695949254e+05
3.321040649036558461e+05
3.342230079186011571e+05
3.363052983666099026e+05
3.384051856021597050e+05
3.403062413408762077e+05
3.422134416499082581e+05
3.562456954053684603e+05
3.540638250319365761e+05
3.519622491547954269e+05
3.499356475507763680e+05
3.479689355888772407e+05
3.460368769249397446e+05
3.441200680263543036e+05
3.096186627680894453e+05
3.076515310313270893e+05
3.115984355142121785e+05
3.135909293381814496e+05
3.155962175903600291e+05
3.176143662792014075e+05
3.196454334007324069e+05
3.216894699040547712e+05
3.237465236292083864e+05
3.258166472416589386e+05
3.279003568640617304e+05
3.895009485319132800e+05
3.919928891912304680e+05
3.870248896053161006e+05
3.845646047159615555e+05
3.821199882885776460e+05
3.796909375404810417e+05
3.772773523936218699e+05
3.748791320586490328e+05
3.724961775651035714e+05
3.701283931392044760e+05
3.585057879936770187e+05
3.608014399122472387e+05
3.631141062120380811e+05
3.654379010235757451e+05
3.677756620959091815e+05
3.299991847754478804e+05
3.321110232524728635e+05
3.342344817915802705e+05
3.363687997101046494e+05
3.385008290523595642e+05
3.406233862904770649e+05
3.426805915302305948e+05
3.608234549170585233e+05
3.446596255308222608e+05
3.465985680337225203e+05
3.586053960265532951e+05
3.564762791938749142e+05
3.544244922073888010e+05
3.524331731972076814e+05
3.504779375769756734e+05
3.485327646158388816e+05
3.135908541546282358e+05
3.115983913480716874e+05
3.155961173181514605e+05
3.176142479903947096e+05
3.196453085583652719e+05
3.216893595003336086e+05
3.237464629598869360e+05
3.258166883080349653e+05
3.279001192493441631e+05
3.299967995872547617e+05
3.321075779950922006e+05
3.945008292406520923e+05
3.970248273071422591e+05
3.919929202318073367e+05
3.895009940059063956e+05
3.870249444562124554e+05
3.845646686460012570e+05
3.821200617716669221e+05
3.796910163306037430e+05
3.772774338411937351e+05
3.748792103122070548e+05
3.724962402458454017e+05
3.631130762385958806e+05
3.654357905224032584e+05
3.677754940541609540e+05
3.701283377505103708e+05
3.342328765382301644e+05
3.363716997284558602e+05
3.385248856837751810e+05
3.406853039097539731e+05
3.428411934011216508e+05
3.450071628605910228e+05
3.470923023582552560e+05
3.654581017666709959e+05
3.632072141925931792e+05
3.490743671742653241e+05
3.510399871785486466e+05
3.610493369661125471e+05
3.589708469655187801e+05
3.569536028173908708e+05
3.549725841162497527e+05
3.530014291010485613e+05
3.176141590949765523e+05
3.155960454434770509e+05
3.196452176822007750e+05
3.216892832378564053e+05
3.237464215794423944e+05
3.258167061044853181e+05
3.279002207622168353e+05
3.299970623654457158e+05
3.321073403117147391e+05
3.342310907417140552e+05
3.363690898591980222e+05
3.995650211218476179e+05
4.021214847681845422e+05
3.970248479052752373e+05
3.945008635657063569e+05
3.919929659246979281e+05
3.895010553865247057e+05
3.870250293518683757e+05
3.845647771730401437e+05
3.821202058073563385e+05
3.796911630165828974e+05
3.772775702304927981e+05
3.748788708956541959e+05
3.677775268349481630e+05
3.701283729330503847e+05
3.724959920370088075e+05
3.385211700131114922e+05
3.406883613650843035e+05
3.428689627455984592e+05
3.450537674972916138e+05
3.472373751164074638e+05
3.494106435147574521e+05
3.515124114971994422e+05
3.701494955593873165e+05
3.678363681980196270e+05
3.656768048414679361e+05
3.535415057588946074e+05
3.555374629012539517e+05
3.635756141616473324e+05
3.615324042046051472e+05
3.595247754280635272e+05
3.575265895378261339e+05
3.216892210983263794e+05
3.196451450498460326e+05
3.237463868367918185e+05
3.258167133887828677e+05
3.279002822579389322e+05
3.299971854211899335e+05
3.321075236947340309e+05
3.342314018623213051e+05
3.363689294335326995e+05
3.385201418491532677e+05
3.406854927678728709e+05
4.046943542311552446e+05
4.072836923210468958e+05
4.021215067572658299e+05
3.995650485302461311e+05
3.970248802695748745e+05
3.945009051903151558e+05
3.919930320404398371e+05
3.895011585891866707e+05
3.870251721772339079e+05
3.845649873128078762e+05
3.821204460305503453e+05
3.796902193238478503e+05
3.772760610816261615e+05
3.725010710659896140e+05
3.748793567991285236e+05
3.428651080839136848e+05
3.450602066996607464e+05
3.472663897432222730e+05
3.494779250084838714e+05
3.516954282516814419e+05
3.538910441368237953e+05
3.560122976327165961e+05
3.748977438289204147e+05
3.725868073748329771e+05
3.703685040278228116e+05
3.682399966481828014e+05
3.580687082716532168e+05
3.600930436716568656e+05
3.661706471308550681e+05
3.641360567632563761e+05
3.621103368829110987e+05
3.258167073958995170e+05
3.237463503667714540e+05
3.279003165712768678e+05
3.299972629955551238e+05
3.321076413149217842e+05
3.342315517474195804e+05
3.363690940672370489e+05
3.385203677941919304e+05
3.406854691686258884e+05
3.428644779216744937e+05
3.450575052850731299e+05
4.098896577304229140e+05
4.125122914255289361e+05
4.072837268800716847e+05
4.046943885996490717e+05
4.021215385971894138e+05
3.995650772273644689e+05
3.970249147728374810e+05
3.945009613520970452e+05
3.919931257778920117e+05
3.895013518498793128e+05
3.870255231161567499e+05
3.845633008147229557e+05
3.821165152355942409e+05
3.796892016302987467e+05
3.772829391813629773e+05
3.472651143722254201e+05
3.494872000364316045e+05
3.517198757465709350e+05
3.539625834484345396e+05
3.562197737299213768e+05
3.584503232878337731e+05
3.605717418621205725e+05
3.797139411256067106e+05
3.773646007913735812e+05
3.751242527950448566e+05
3.729660879816404195e+05
3.708696816830663010e+05
3.626555206357485149e+05
3.647086813141656457e+05
3.688079542052617762e+05
3.667544754733383306e+05
3.299973065936555504e+05
3.279003300499826437e+05
3.321077161288541392e+05
3.342316505574345938e+05
3.363692071516181459e+05
3.385204830714741838e+05
3.406855712455462781e+05
3.428645663304324844e+05
3.450575604538249900e+05
3.472646562280593789e+05
3.494859051669233595e+05
4.151517666382958996e+05
4.178081344738951302e+05
4.125123289268377703e+05
4.098897021951203351e+05
4.072837720986845088e+05
4.046944284072233713e+05
4.021215678849090473e+05
3.995650995958754793e+05
3.970249322062817519e+05
3.945009150567350443e+05
3.919932492238410632e+05
3.894992145923732896e+05
3.870185402488347027e+05
3.845592024260867038e+05
3.821216858701644815e+05
3.517216604480865062e+05
3.539709627097276389e+05
3.562332404201268801e+05
3.585082765814922750e+05
3.607848697335074539e+05
3.630209984685727395e+05
3.651919156535645598e+05
3.845906771179852076e+05
3.821959390120020253e+05
3.799346975383816753e+05
3.777536504353542696e+05
3.756308491549333557e+05
3.735419649417966721e+05
3.673037759094982757e+05
3.693860237774078851e+05
3.714606614571121172e+05
3.342317121298753773e+05
3.321077612243855256e+05
3.363692820488279103e+05
3.385205619709429448e+05
3.406856470450841007e+05
3.428646310426209238e+05
3.450576069887005142e+05
3.472646717854940216e+05
3.494859268341617426e+05
3.517214725104445242e+05
3.539713176033063792e+05
4.204815381543519907e+05
4.231720848564763437e+05
4.178081497240347671e+05
4.151518023692974821e+05
4.125123786688407417e+05
4.098897599709203932e+05
4.072838279908230179e+05
4.046944702626040671e+05
4.021215848650270491e+05
3.995651004673216376e+05
3.970247950487812632e+05
3.944988366509089828e+05
3.919846946259806864e+05
3.894913094514217228e+05
3.870233150409149821e+05
3.562354894041116931e+05
3.585136526234225021e+05
3.608081619048263528e+05
3.631137746260745334e+05
3.654283941566897556e+05
3.677063518959025387e+05
3.698742330204442260e+05
3.895118572157165618e+05
3.871011060030433000e+05
3.848198936513462686e+05
3.826065707766392152e+05
3.804556372980751912e+05
3.783394906961843953e+05
3.762305570795632084e+05
3.720143569275250775e+05
3.741271783675678889e+05
3.385206130278423079e+05
3.363693296187421656e+05
3.406856971959049697e+05
3.428646736459448002e+05
3.450576368992603966e+05
3.472646817600985523e+05
3.494859037322085933e+05
3.517213998949567904e+05
3.539712589679320226e+05
3.562355573254621704e+05
3.585142932332376367e+05
4.258798551085037761e+05
4.286050169772200752e+05
4.231720658581233001e+05
4.204815424400863121e+05
4.178081754783420474e+05
4.151518511385310558e+05
4.125124487010836601e+05
4.098898411198633839e+05
4.072839013339725789e+05
4.046945125786662684e+05
4.021215760527171078e+05
3.995628879587323754e+05
3.970170809583214577e+05
3.944879010084397160e+05
3.919877193423910066e+05
3.608073888374720700e+05
3.631170333471277263e+05
3.654442673537206720e+05
3.677805760426071356e+05
3.701110237423393410e+05
3.723948223468363285e+05
3.746139595027575851e+05
3.945219350048032939e+05
3.920968433723269845e+05
3.897653834577828529e+05
3.875237676370806876e+05
3.853444642575883772e+05
3.832012084470265545e+05
3.810652920289887115e+05
3.789340798526522121e+05
3.767913573946757824e+05
3.428647004475861322e+05
3.406857297974748071e+05
3.450576533692058292e+05
3.472646827077590278e+05
3.494858827580682700e+05
3.517213464211758110e+05
3.539711632396513596e+05
3.562354169831902836e+05
3.585141748340855702e+05
3.608074638879182166e+05
3.631153570456127636e+05
4.313476146081899642e+05
4.341078162922610063e+05
4.286049870574337547e+05
4.258798331896035816e+05
4.231720536729401792e+05
4.204815490677952184e+05
4.178082122591447551e+05
4.151519253954084124e+05
4.125125579318622476e+05
4.098899659920074046e+05
4.072840604972144938e+05
4.046921579657397233e+05
4.021143463209869224e+05
3.995521482548748027e+05
3.970059177104185219e+05
3.654387334503584425e+05
3.677813117559104576e+05
3.701394021682224702e+05
3.725116468799906434e+05
3.748754857560328091e+05
3.771694536051703035e+05
3.794297486396229360e+05
3.995844098289381363e+05
3.970979170128851547e+05
3.947669687504681642e+05
3.925005456943066674e+05
3.902957567045076285e+05
3.881265907906624489e+05
3.859648110133201699e+05
3.838078673260945943e+05
3.816368778435813729e+05
3.472646795996040455e+05
3.450576653212211677e+05
3.494858618154127034e+05
3.517213038123190054e+05
3.539710940602137707e+05
3.562353170219245949e+05
3.585140544668526272e+05
3.608073651998071000e+05
3.631152865450615645e+05
3.654379159566818853e+05
3.677755815531481057e+05
4.368857222040340421e+05
4.396813794331749086e+05
4.341078366093352088e+05
4.313476187267354690e+05
4.286049711363185779e+05
4.258798072139777360e+05
4.231720335757226567e+05
4.204815544878391083e+05
4.178082683753710589e+05
4.151520487280031084e+05
4.125127796104821027e+05
4.098870933242500760e+05
4.072752936413481366e+05
4.046824385570615414e+05
4.021108296130262897e+05
3.701305788298409316e+05
3.725051521366754896e+05
3.748911017030838993e+05
3.772826415614667931e+05
3.796831622860797797e+05
3.820154599254427012e+05
3.843140630874138442e+05
4.046917652814569883e+05
4.022238434501875308e+05
3.998300905295361881e+05
3.975386730707262177e+05
3.953090664744200185e+05
3.931146887243385427e+05
3.909275228005850804e+05
3.887468594024767517e+05
3.865536584979324252e+05
3.517212693651702721e+05
3.494858488405673415e+05
3.539710406353569124e+05
3.562352463270259905e+05
3.585139671669509844e+05
3.608072834221611847e+05
3.631152642834274448e+05
3.654379777159727528e+05
3.677754848090813030e+05
3.701279368597871508e+05
3.724961096762141096e+05
4.424951003955796477e+05
4.453266142098533455e+05
4.396815549029672984e+05
4.368858623197788256e+05
4.341079174111151951e+05
4.313476446491276729e+05
4.286049498556395993e+05
4.258797478276649490e+05
4.231719767688593711e+05
4.204815522213578806e+05
4.178083251396827982e+05
4.151488082023455645e+05
4.125012199428689200e+05
4.098749744253410609e+05
4.072753903617162141e+05
3.748828368574905326e+05
3.772866815188056207e+05
3.796998060925151221e+05
3.821230262300823815e+05
3.845382880337557290e+05
3.869610494898658362e+05
3.892896928894876037e+05
4.099007603273506393e+05
4.073797359510408132e+05
4.049441898907578434e+05
4.026391456647377345e+05
4.003854660093146376e+05
3.981652590871719294e+05
3.959517924435580499e+05
3.937465817097940017e+05
3.915314780308571062e+05
3.562351917266448145e+05
3.539710021962842438e+05
3.585139053572481498e+05
3.608072214712034911e+05
3.631152210846109665e+05
3.654379908960470348e+05
3.677755964321193169e+05
3.701281414942772244e+05
3.724957449024008238e+05
3.748785274815901648e+05
3.772777777200376731e+05
4.481766991555463173e+05
4.510444392504161806e+05
4.453271241485810024e+05
4.424955751350335777e+05
4.396819282341109938e+05
4.368861284886626527e+05
4.341080628703443217e+05
4.313476320977563155e+05
4.286048285036928137e+05
4.258795921262158081e+05
4.231717017195625231e+05
4.204783725823699497e+05
4.177951177237656084e+05
4.151315920050363056e+05
4.125001768408683129e+05
3.796950776109564467e+05
3.821264499417521874e+05
3.845687278192308149e+05
3.870235155144960154e+05
3.894848685105712502e+05
3.919201986018015887e+05
3.942817903072706540e+05
4.151656499491158756e+05
4.125579727762363036e+05
4.101607315730373957e+05
4.078106160694689606e+05
4.055276501351823099e+05
4.032793492444314179e+05
4.010375991146338056e+05
3.988055032824527589e+05
3.965637143988702446e+05
3.608071734517975128e+05
3.585138565593724488e+05
3.631151848837605794e+05
3.654379748269852716e+05
3.677756336866885540e+05
3.701282554473271011e+05
3.724959315989822499e+05
3.748787781335881446e+05
3.772769298973591067e+05
3.796904913699718309e+05
3.821209006345988601e+05
4.539314717036888469e+05
4.568357833813552861e+05
4.510455731432714383e+05
4.481778655730199534e+05
4.453281687569090282e+05
4.424964636690362822e+05
4.396825932801987510e+05
4.368864107853083988e+05
4.341080399423796334e+05
4.313474264152437099e+05
4.286043238961466122e+05
4.258774501126364339e+05
4.231593264985901187e+05
4.204561605325637502e+05
4.177759490362364450e+05
3.845676345678732614e+05
3.870274306109074969e+05
3.895019776579092722e+05
3.919931098894663155e+05
3.945052764298560214e+05
3.969946952523884829e+05
3.993555323016138864e+05
4.204823948047799058e+05
4.178823996471511200e+05
4.154251136033099610e+05
4.130521867086885613e+05
4.107380436097914935e+05
4.084592902669149917e+05
4.061866996060094680e+05
4.039244187498425017e+05
4.016550263894231175e+05
3.654379581665743608e+05
3.631151525678359321e+05
3.677756403439199203e+05
3.701282932622983935e+05
3.724960183253203868e+05
3.748789152359370491e+05
3.772770967863445985e+05
3.796906737637104816e+05
3.821197708336074720e+05
3.845645095446538762e+05
3.870258478627474396e+05
4.597602506610995042e+05
4.627015873425335740e+05
4.568378441648037988e+05
4.539338767224531039e+05
4.510480137060304987e+05
4.481801675800040248e+05
4.453300998394422350e+05
4.424975752848004922e+05
4.396829728022402269e+05
4.368863270219993428e+05
4.341075565727252979e+05
4.313461004743531230e+05
4.285937268005353399e+05
4.258547916043361183e+05
4.231265661942018196e+05
3.895020185125474236e+05
3.919924387073076214e+05
3.945010435075555579e+05
3.970276720959260128e+05
3.995631930887218914e+05
4.021235956880024751e+05
4.044710207102159620e+05
4.258873868014444597e+05
4.232852991433347925e+05
4.207724732798865880e+05
4.183604193569661002e+05
4.160174417981109000e+05
4.137081375974845723e+05
4.114028333912639064e+05
4.091061282400426571e+05
4.068021789348587045e+05
3.701283106414042413e+05
3.677756403775001527e+05
3.724960546977355261e+05
3.748789745874789660e+05
3.772771770713040605e+05
3.796907657792420941e+05
3.821198519327786635e+05
3.845645404473279486e+05
3.870249321314336848e+05
3.895011272381923045e+05
3.919933923826527898e+05
4.656634789859390003e+05
4.686427896661855630e+05
4.627043026557826088e+05
4.597642580206919811e+05
4.568428820026961039e+05
4.539391136851498741e+05
4.510527530899450649e+05
4.481832578859615605e+05
4.453315208606419619e+05
4.424978204720714130e+05
4.396823705226434977e+05
4.368849245954078506e+05
4.340968514648185228e+05
4.313249233078167308e+05
4.285756920963443699e+05
3.945001113484697416e+05
3.970229691019764286e+05
3.995653312491687830e+05
4.021246462021858897e+05
4.046970063800383941e+05
4.072094908441799344e+05
4.096385229275264428e+05
4.313461036002517794e+05
4.287081974101324449e+05
4.261741071432149038e+05
4.237351577363019460e+05
4.213669680899078958e+05
4.190300529807347339e+05
4.166918173689283431e+05
4.143572035516458564e+05
4.120137617697675596e+05
3.748790060294832219e+05
3.724960796992957476e+05
3.772772123792982311e+05
3.796908031983366236e+05
3.821198841426558793e+05
3.845645557346583810e+05
3.870249183895440656e+05
3.895010619759943802e+05
3.919930613427692442e+05
3.945009991048164666e+05
3.970246319152016076e+05
4.716415063906940049e+05
4.746594002511839499e+05
4.686445936608677148e+05
4.656692193680212367e+05
4.627135102310501388e+05
4.597750355014759116e+05
4.568531793263840955e+05
4.539464935680443887e+05
4.510567162520342972e+05
4.481844888287405483e+05
4.453301311025679461e+05
4.424952384659618256e+05
4.396706764912332292e+05
4.368585038295385893e+05
4.340774292540361639e+05
4.368579976079464541e+05
3.995634360150147113e+05
4.021195876361383125e+05
4.046947206008433714e+05
4.072858260765485466e+05
4.098783657192303799e+05
4.124255514313135645e+05
4.148825798335282598e+05
4.341780617355906870e+05
4.316154376006321982e+05
4.291617516210817266e+05
4.267833675777383614e+05
4.244294928170524654e+05
4.220602515319828526e+05
4.196854057231152547e+05
4.172993295354598667e+05
3.796908220358363469e+05
3.772772399328717147e+05
3.821198918091692613e+05
3.845645497309053317e+05
3.870248945720010088e+05
3.895010188786142971e+05
3.919930144515992142e+05
3.945009472805660334e+05
3.970248981502618990e+05
3.995649856775331427e+05
4.021209286840583663e+05
4.776743593599233427e+05
4.807254517115913332e+05
4.746463008460573037e+05
4.716429774529120768e+05
4.686577732832448091e+05
4.656880011709951214e+05
4.627331906043367344e+05
4.597908681740003522e+05
4.568628805671285954e+05
4.539508011387504521e+05
4.510544652523451368e+05
4.481760091212238767e+05
4.453100908460384235e+05
4.424560152021238464e+05
4.396295414642680553e+05
4.396706964281348046e+05
4.424050932117138873e+05
4.046929726958976244e+05
4.072827017809837707e+05
4.098904379926539841e+05
4.125107257818595972e+05
4.151164592256278847e+05
4.176982936269335914e+05
4.202027923409848008e+05
4.370732081603757106e+05
4.346140568293053075e+05
4.322504675978475134e+05
4.299117131512537599e+05
4.275304136764881550e+05
4.250994221427608281e+05
4.226639719716606778e+05
3.845645400855758344e+05
3.821199003513804055e+05
3.870248685983005562e+05
3.895009789893291309e+05
3.919929636453593266e+05
3.945009130248028669e+05
3.970249112948057591e+05
3.995650419237750466e+05
4.021214356286681141e+05
4.046942261951607652e+05
4.072833751994763152e+05
4.837509151976930443e+05
4.868287674034693628e+05
4.807030586666364688e+05
4.776772139096668107e+05
4.898723391672929865e+05
4.929690574563110131e+05
4.746689878601724631e+05
4.716740884741771151e+05
4.686913734677613247e+05
4.657185315753738978e+05
4.627544841814786778e+05
4.598029373645893647e+05
4.568620143100594287e+05
4.539361684373687604e+05
4.510270365754769300e+05
4.481261352463892545e+05
4.452404827086208388e+05
4.425138415800342918e+05
4.451728518479318009e+05
4.479962486209147028e+05
4.098892987074312405e+05
4.125129163333492470e+05
4.151527599121988169e+05
4.178000429264893755e+05
4.204328280376472394e+05
4.230614575655095396e+05
4.256003205634257174e+05
4.400412791028232314e+05
4.377280536477305577e+05
4.354588555681652506e+05
4.331344593300015549e+05
4.306101532040916500e+05
4.281136837753295549e+05
3.895009458547317772e+05
3.870248502989027766e+05
3.919929223070046864e+05
3.945008700296540628e+05
3.970248850890842150e+05
3.995650669222019496e+05
4.021215078736412688e+05
4.046943360803532414e+05
4.072837043319833465e+05
4.098897508055793005e+05
4.125126196042557131e+05
4.960315908727128408e+05
4.991460467435410246e+05
4.868053161953990348e+05
4.837619461420816369e+05
4.807365343097138102e+05
4.929473470781545620e+05
4.777238508686571731e+05
4.747206259856779943e+05
4.717248831207602634e+05
4.687321477241525427e+05
4.657454417282789946e+05
4.627624912205762230e+05
4.597807775441582780e+05
4.568282525312186335e+05
4.538767312031823676e+05
4.509312351801369223e+05
4.453694493886772543e+05
4.479099758593714796e+05
4.506857646078462130e+05
4.536518748432724387e+05
4.151526157197094872e+05
4.178100729171990533e+05
4.204821884659253410e+05
4.231586094149025157e+05
4.258284732723022462e+05
4.284760382404255797e+05
4.310741726090130396e+05
4.431032087966047111e+05
4.481608961021643481e+05
4.410395346446584444e+05
4.388070462543736212e+05
4.362442905334394309e+05
4.336476111432882608e+05
3.945008348079197458e+05
3.919928893644040800e+05
3.970248529868799378e+05
3.995650446052440093e+05
4.021215175590889412e+05
4.046943803501762450e+05
4.072837498611971387e+05
4.098897535427918774e+05
4.125125130195328384e+05
4.151521541542173945e+05
4.178088908432102180e+05
5.022270775258411304e+05
5.053594548150190967e+05
4.991256225945718470e+05
4.898880883752072114e+05
4.838238282797849388e+05
4.868487311862006900e+05
4.960503809973504976e+05
4.808077610494070104e+05
4.777972836231347173e+05
4.747874926263106172e+05
4.717758446172887343e+05
4.687648889505644911e+05
4.657478291774053941e+05
4.627232701989619527e+05
4.597153603617423214e+05
4.567502443672907539e+05
4.505614317484756466e+05
4.532690292658717372e+05
4.562060954948991421e+05
4.593103245908869430e+05
4.529911189232962788e+05
4.204827915413792362e+05
4.231744359816716169e+05
4.258800753880960401e+05
4.285901141680925502e+05
4.313115996860167943e+05
4.339771023236718611e+05
4.366215277958097868e+05
4.463883119147128309e+05
4.506404775679833256e+05
4.449036480142822838e+05
4.419665503472518176e+05
4.392594249159858446e+05
3.995650217306620325e+05
3.970248274826086126e+05
4.021214971532957279e+05
4.046943663519913680e+05
4.072837435767189017e+05
4.098897364442795515e+05
4.125124594287990476e+05
4.151520078522831318e+05
4.178084683890715241e+05
4.204819654925470822e+05
4.231725791969154379e+05
5.084586490590486210e+05
5.116089901663020719e+05
5.053395244246090297e+05
5.022473437444439624e+05
4.869372979553299956e+05
4.929971408728510723e+05
4.899615676792945596e+05
4.991786166101876297e+05
4.839190085892188945e+05
4.809015150672905147e+05
4.778795917296141852e+05
4.748520719027256127e+05
4.718209807756116497e+05
4.687514514317672583e+05
4.656377828266928555e+05
4.625452840778399841e+05
4.648986775603669230e+05
4.557051454735804000e+05
4.586363769914376899e+05
4.616820903153410181e+05
4.550160294093849952e+05
4.578994323251906899e+05
4.258806817254291382e+05
4.286077816964630620e+05
4.313484571265961858e+05
4.340938154464997933e+05
4.368315918702213676e+05
4.395361011001639999e+05
4.422159543711544829e+05
4.506582963559921482e+05
4.477721293511961703e+05
4.449222305731078959e+05
4.565701143064683420e+05
4.046943450352574582e+05
4.021214849618735607e+05
4.072837108760375995e+05
4.098896927803160506e+05
4.125123979060685378e+05
4.151519246145366342e+05
4.178083660298739560e+05
4.204818003345569596e+05
4.231723498914404772e+05
4.258800468124775798e+05
4.286048563364219735e+05
5.147263416765234433e+05
5.178943489813323249e+05
5.115894650151935057e+05
5.084795682734889560e+05
5.053936793713983498e+05
4.900745016772747622e+05
4.930979927146953414e+05
4.961305433945158147e+05
5.023304441988354083e+05
4.870546131880558678e+05
4.840327624108900200e+05
4.810052415082691587e+05
4.779666751334813307e+05
4.748996311431517242e+05
4.717270905011438299e+05
4.684833382276131888e+05
4.702163304061150993e+05
4.670253071808422101e+05
4.609467589889033698e+05
4.641000659320849809e+05
4.605578240032206522e+05
4.622373560074664420e+05
4.313485956563307554e+05
4.341124635853270884e+05
4.368893410491854884e+05
4.396648863547957153e+05
4.424174915655951481e+05
4.451280960570634925e+05
4.478176177088226541e+05
4.534044573919636314e+05
4.505432867795068887e+05
4.617156612665993744e+05
4.643532271950548748e+05
4.588653739958919468e+05
4.098896511668318417e+05
4.072836925594895729e+05
4.125123345893332735e+05
4.151518428865435999e+05
4.178082738771784934e+05
4.204817221997515298e+05
4.231722667306351359e+05
4.258800256438709330e+05
4.286050619088329258e+05
4.313474908882074524e+05
4.341076203170435620e+05
5.178763057729007560e+05
5.210304352838083287e+05
5.242152099126193789e+05
5.147483747507742955e+05
5.116439271130875568e+05
5.085630504344234359e+05
4.932338095920757041e+05
4.962560404338102671e+05
4.992864363295118674e+05
5.055046903080643970e+05
4.902139483940299251e+05
4.871966731437669951e+05
4.841754480297805276e+05
4.811399870363923255e+05
4.780368872434704099e+05
4.745978762770619942e+05
4.746420492839181097e+05
4.719100398077303544e+05
4.694026214172300533e+05
4.664975725738685578e+05
4.653613412276894669e+05
4.684407502253834973e+05
4.661262510421000770e+05
4.368890585045930929e+05
4.396908094591121771e+05
4.425024922509032185e+05
4.452949732337957830e+05
4.480408759850689094e+05
4.507188522514387150e+05
4.533510766035684501e+05
4.560740042951269425e+05
4.639026373294089572e+05
4.613356730157490820e+05
4.151517776302813436e+05
4.125122916756962077e+05
4.178081936233579181e+05
4.204816359427152784e+05
4.231722072908599512e+05
4.258800011230912060e+05
4.286051143970243284e+05
4.313476623086528271e+05
4.341076418747729040e+05
4.368853332540254924e+05
4.396826731074522831e+05
5.210566224309726967e+05
5.242014088672712096e+05
5.273715366118714446e+05
5.305712295225857524e+05
5.179319836305330391e+05
5.148297235161752906e+05
5.117550489193028188e+05
4.964135588015032117e+05
4.994370494286766625e+05
5.024646130469316267e+05
5.087037757608362008e+05
4.934017630051011802e+05
4.904035601233229972e+05
4.874162435396055225e+05
4.844435400619017310e+05
4.815389268657026696e+05
4.794654457361435052e+05
4.852743110132666188e+05
4.773394847735150252e+05
4.748911978531760979e+05
4.723902910705562681e+05
4.702487829896642943e+05
4.688681790505685494e+05
4.733341077775161830e+05
4.711204682082442450e+05
4.425035758948677103e+05
4.453458833107347018e+05
4.481862142367174383e+05
4.509968373079222511e+05
4.537102340244101360e+05
4.562403245069814730e+05
4.587284095103405998e+05
4.664304404928984004e+05
4.638824160691892612e+05
4.204815680247251876e+05
4.178081346273577656e+05
4.231721360266304691e+05
4.258799446342551964e+05
4.286051039261051337e+05
4.313477031852848013e+05
4.341078515563712572e+05
4.368855583178019151e+05
4.396809009519156534e+05
4.424947952379881754e+05
4.453312878455126774e+05
5.242662178349608439e+05
5.274079734167994466e+05
5.305657726749927970e+05
5.337494971055714414e+05
5.369620578094902448e+05
5.401610605850828579e+05
5.433872797347203596e+05
5.211330872887076694e+05
5.180366801449715276e+05
5.149739190025778953e+05
4.996143762758022058e+05
5.026352642851928831e+05
5.056710515814708197e+05
5.119372373548690230e+05
4.966242597263034550e+05
4.936726485640174360e+05
4.907583961414913647e+05
4.878933328681631829e+05
4.828637375878789462e+05
4.886945661722465884e+05
4.912954888026493136e+05
4.804586698661321425e+05
4.779615992432884523e+05
4.755655403914760682e+05
4.785747895155206788e+05
4.715400030652673449e+05
4.740297704877512879e+05
4.761424118703249260e+05
4.481971600516831386e+05
4.510830212715886883e+05
4.539745683408844634e+05
4.567984661758696311e+05
4.593467768920650124e+05
4.615660098156779422e+05
4.688620604258301319e+05
4.663731193350366666e+05
4.738700754394046380e+05
4.258798912335848436e+05
4.231720847904153052e+05
4.286050511620431789e+05
4.313476790660166298e+05
4.341078831902521197e+05
4.368857569417199702e+05
4.396813850442648400e+05
4.424946165633364581e+05
4.453265089459198643e+05
4.481783145819334313e+05
4.510600635091545410e+05
5.465941291104360716e+05
5.498464930447401712e+05
5.274799341922993772e+05
5.306477160615826724e+05
5.338005023727216758e+05
5.369711533264680766e+05
5.433650885058575077e+05
5.243512047125158133e+05
5.212678914838614874e+05
5.182352954645785503e+05
5.028332857503015548e+05
5.058548308271865244e+05
5.088941006737193675e+05
5.152155015497274580e+05
4.998917282855880330e+05
4.970397905845591449e+05
4.941721553459330462e+05
4.971632226020097733e+05
4.861633285152947064e+05
4.920332108675188501e+05
4.945223388183746138e+05
4.836811673240529490e+05
4.809841592181723681e+05
4.831900271432914888e+05
4.804051640574845369e+05
4.772738464756045141e+05
4.793201490421566996e+05
4.539721556430452038e+05
4.569186310088208993e+05
4.598538736242189188e+05
4.627009003354981542e+05
4.648676788009476732e+05
4.711512385625413735e+05
4.689717556501451763e+05
4.755865348562180880e+05
4.782053822948879097e+05
4.810849568561743945e+05
4.313476378858969547e+05
4.286050166350891232e+05
4.341078420513934107e+05
4.368857464955722098e+05
4.396814892996829585e+05
4.424952488450862584e+05
4.453272765454553883e+05
4.481781821075708140e+05
4.510489169353589532e+05
4.539328404740995611e+05
4.568771442085540039e+05
5.497837454828165937e+05
5.530319795031148242e+05
5.563394914569975808e+05
5.594827746919704368e+05
5.628662685946772108e+05
5.306328837680127472e+05
5.338113368744108593e+05
5.370038265487531899e+05
5.401828374996727798e+05
5.465850430854264414e+05
5.275468878807487199e+05
5.245639208794942824e+05
5.215602117525406647e+05
5.060453230107845739e+05
5.090359447864396498e+05
5.121296314820252010e+05
5.186109109165204572e+05
5.032378970496403053e+05
5.004215536061297753e+05
5.027444018688776414e+05
5.001047934798421920e+05
5.045700759514296660e+05
4.894533994523820002e+05
4.942420380114796571e+05
4.979879618869909318e+05
4.871772707671521348e+05
4.874205519027571427e+05
4.844972957064398797e+05
4.825502730644528638e+05
4.598611031522483681e+05
4.628824737211758620e+05
4.659689584193530609e+05
4.692180539158851025e+05
4.733114701187335886e+05
4.780400885494042304e+05
4.794257171346779796e+05
4.824099293522082735e+05
4.850593261209792108e+05
4.368857046745356638e+05
4.341078157794671133e+05
4.396814154740569647e+05
4.424951355068840203e+05
4.453271909947274253e+05
4.481781327957166359e+05
4.510489380066266749e+05
4.539412281211144291e+05
4.568560395176958409e+05
4.598082449941339437e+05
4.627978089952673763e+05
5.529924994061542675e+05
5.561957757216658210e+05
5.625906979213358136e+05
5.659680936793619767e+05
5.694265624052952044e+05
5.337479711050285259e+05
5.369693820732055465e+05
5.402154005058855982e+05
5.434101515106693842e+05
5.498557037026422331e+05
5.308220764302047901e+05
5.277510963942012750e+05
5.365906643439549953e+05
5.250657737532319734e+05
5.303381314700067742e+05
5.091743272165043163e+05
5.121479067633487866e+05
5.152759671824304387e+05
5.213021533903435338e+05
5.260654919761763886e+05
5.069112833000295796e+05
5.123607924097231589e+05
5.079334092341642245e+05
5.037431170119328308e+05
5.084323015833331156e+05
4.934760733455526643e+05
4.983511160831404268e+05
5.031071511710922350e+05
4.924870452616761322e+05
4.900026708186849137e+05
4.881564796517292853e+05
4.658539426450008177e+05
4.690215167636884726e+05
4.724016426317087025e+05
4.764296524813980213e+05
4.812681582255847752e+05
4.832085763298803940e+05
4.868283273281159345e+05
4.897808233042511274e+05
4.424950016041519702e+05
4.396813791979145608e+05
4.453267905310406932e+05
4.481772041955751483e+05
4.510470625890123192e+05
4.539377253361721523e+05
4.568511222168262466e+05
4.597887089495707769e+05
4.627547803377854289e+05
4.657596466995769297e+05
4.688124774586879648e+05
5.722453201355906203e+05
5.760228331051117275e+05
5.562430374404239701e+05
5.593799035690637538e+05
5.657435318874529330e+05
5.688493522429269506e+05
5.400290151644255966e+05
5.434885615847193403e+05
5.467202927180774277e+05
5.532710216595693491e+05
5.342766070539209759e+05
5.425847157112752320e+05
5.396898576398987789e+05
5.300291212443200639e+05
5.348623282815035200e+05
5.150350718093151809e+05
5.183659642826609197e+05
5.243380656010248931e+05
5.296743668904309161e+05
5.125147755523568485e+05
5.171515111550831352e+05
5.130205920400714385e+05
5.083505874860496260e+05
5.132714457464102306e+05
5.084067705964076449e+05
4.980322642388428212e+05
5.033562433249698952e+05
4.941864778387339902e+05
4.976108510149984504e+05
4.933396057408219203e+05
4.927747527289432473e+05
4.719491072694493923e+05
4.752207434625846217e+05
4.786625531889992417e+05
4.822253453717119410e+05
4.857882644555101288e+05
4.889290727166728466e+05
4.947459019387422595e+05
4.920077522813354153e+05
4.481765319342443254e+05
4.453266151376774651e+05
4.510452711557606817e+05
4.539337915516833309e+05
4.568436652349925716e+05
4.597771258885590360e+05
4.627358498355893535e+05
4.657202818093560636e+05
4.687368510459125391e+05
4.717981200533303781e+05
4.749275005189112853e+05
5.741586561759228352e+05
5.788955914839907782e+05
5.826458409551553195e+05
5.849258554502604529e+05
5.599495890815078747e+05
5.626160569323385134e+05
5.679188499319038820e+05
5.724717916801914107e+05
5.469175942967225565e+05
5.501884853644298855e+05
5.567844725956745679e+05
5.622708351438216632e+05
5.472466162662537536e+05
5.509403258009555284e+05
5.399785021664068336e+05
5.451347631239778129e+05
5.347342800522765610e+05
5.398930341210447950e+05
5.221176775847892859e+05
5.287951341951811919e+05
5.343736830937096383e+05
5.178114695690653170e+05
5.228930207450837479e+05
5.181750212916720775e+05
5.133897286343321321e+05
5.183818684415828902e+05
5.087276258692142437e+05
5.136173183622781653e+05
5.033940049694282352e+05
4.975616362451838213e+05
5.009806094670396415e+05
5.095517176839001477e+05
4.978085734861617675e+05
4.989283323546856409e+05
4.781426414155208040e+05
4.814367291697082110e+05
4.847687000624318607e+05
4.880224496251763194e+05
4.914171547337952652e+05
4.946222673735553399e+05
4.972215491907251999e+05
4.539314280506295618e+05
4.510444420206453651e+05
4.568382172329543973e+05
4.597662897180385771e+05
4.627179048536139890e+05
4.656952899485202506e+05
4.686982224653016892e+05
4.717283400306378608e+05
4.747944143481946667e+05
4.779106134110782295e+05
4.810818787156819017e+05
5.893101835050820373e+05
5.787042722233753884e+05
5.843739643379295012e+05
5.893080428082031431e+05
5.664905180927695474e+05
5.724806384436195949e+05
5.782843133974241791e+05
5.540557808008163702e+05
5.612601572456690483e+05
5.669566099149013171e+05
5.508319382792663528e+05
5.557345350445657969e+05
5.451404954918132862e+05
5.504836196279519936e+05
5.396961840680460446e+05
5.450383579313406954e+05
5.283494587818357395e+05
5.340361228291713633e+05
5.395181719542163191e+05
5.232205636299236212e+05
5.284725864665630506e+05
5.234419542207668419e+05
5.185263025325796916e+05
5.235821187889927533e+05
5.140549984998521395e+05
5.187103168760579429e+05
5.055988482078657835e+05
5.016578175271875225e+05
5.106785804542134865e+05
5.148464289240044891e+05
5.025657781034045038e+05
5.023800895090292324e+05
4.843129450477735954e+05
4.875621427251687273e+05
4.908139840673654689e+05
4.940537194925169460e+05
4.974669122110219323e+05
5.010658629800587078e+05
4.597606068328293040e+05
4.568357869502170943e+05
4.627059187259988394e+05
4.656735818956792355e+05
4.686659246666789404e+05
4.716843550108458730e+05
4.747268123635494267e+05
4.777976706069764332e+05
4.809042781316768960e+05
4.840537652816914488e+05
4.872430819612170453e+05
5.839283250566009665e+05
5.893105997780238977e+05
5.723762746958931675e+05
5.780915073166877264e+05
5.837555803572357399e+05
5.609134217870527646e+05
5.667196299046246568e+05
5.723365323491771705e+05
5.558599458988489350e+05
5.611634373006947571e+05
5.504082674243351212e+05
5.558122339586789021e+05
5.449233888993834844e+05
5.503169572996725328e+05
5.339023174050307134e+05
5.393823802881924203e+05
5.448333897800492123e+05
5.286270167383565567e+05
5.339403097331002355e+05
5.287459662809112342e+05
5.236620814624489285e+05
5.288165934607581003e+05
5.189703378872644971e+05
5.237835746462459792e+05
5.074786570353624411e+05
5.124331583048556931e+05
5.147840396483452059e+05
5.187560706436090986e+05
5.070480112264329218e+05
5.062687105294635403e+05
4.904587839120271965e+05
4.936817950520461309e+05
4.969047336920704693e+05
5.001397126298586954e+05
5.033574204336947878e+05
5.062234325040695257e+05
4.656640335977303912e+05
4.627015889199685189e+05
4.686467063633851358e+05
4.716494000997488038e+05
4.746782622050366481e+05
4.777317370682978071e+05
4.808079122634578380e+05
4.839122231197074871e+05
4.870492005867664702e+05
4.902187532634534291e+05
4.934125806957020541e+05
5.893118738415581174e+05
5.780103186430985807e+05
5.836978059399926569e+05
5.893112035280494019e+05
5.666631405510405311e+05
5.722973353918613866e+05
5.779655215255641378e+05
5.612367112690951908e+05
5.667156635737216566e+05
5.557680031382193556e+05
5.612431401052611182e+05
5.502634867528277682e+05
5.557247445501853945e+05
5.393409469709721161e+05
5.447771414375338936e+05
5.502271832773142960e+05
5.340099433332574554e+05
5.393578651440477697e+05
5.340607233801507391e+05
5.288437573373493506e+05
5.340858466274036327e+05
5.237474592076334520e+05
5.288640987614300102e+05
5.120841665609413758e+05
5.172631158594715525e+05
5.234286479901871644e+05
5.113457319162522908e+05
5.103821222790346364e+05
4.966179573498906684e+05
4.998300833742798422e+05
5.030224156364709488e+05
5.061203481455265428e+05
5.093562758450146648e+05
4.716414130391362705e+05
4.686427877758122049e+05
4.746497362428941415e+05
4.776835013289593626e+05
4.807430623835907318e+05
4.838253328420409816e+05
4.869300192010719329e+05
4.900613155482448055e+05
4.932205748975733877e+05
4.964042322528686491e+05
4.995996698326051119e+05
5.836618826524647884e+05
5.893109819932564860e+05
5.722930128197186859e+05
5.779418744259855011e+05
5.836314630412732949e+05
5.667534422337024007e+05
5.723212880173744634e+05
5.612294022940737195e+05
5.667658396393710282e+05
5.557017655054770876e+05
5.612145078344432404e+05
5.447661516095207771e+05
5.502073480142484186e+05
5.556834839124692371e+05
5.393818914852483431e+05
5.447730898430674570e+05
5.393963631274955114e+05
5.340931634129035519e+05
5.394011463346320670e+05
5.288184130492213881e+05
5.340858459796808893e+05
5.181392432251783321e+05
5.235466108189180377e+05
5.288209775374812307e+05
5.155036929328045808e+05
5.134622816038504243e+05
5.207674338594107539e+05
5.028084640795301530e+05
5.060553727742564515e+05
5.090387974152671522e+05
5.119055593822647934e+05
5.141674827938672388e+05
4.776730418122936971e+05
4.746593885336056701e+05
4.807059782972196699e+05
4.837657877290689503e+05
4.868506027352257515e+05
4.899572658856352209e+05
4.930864681956165587e+05
4.962403652736773365e+05
4.994184552347742137e+05
5.026105834452086128e+05
5.058131232994489837e+05
5.893109064207118936e+05
5.779506372618520400e+05
5.836172929427992785e+05
5.893108083259883570e+05
5.723439360885928618e+05
5.779672850586739369e+05
5.667668344647473423e+05
5.723565590717275627e+05
5.612031658601070521e+05
5.667640825237900717e+05
5.501953552362680202e+05
5.556712669548158301e+05
5.611932033773751464e+05
5.447707268207957968e+05
5.501922166676622583e+05
5.447689705792306922e+05
5.393974497912408551e+05
5.447669992335452698e+05
5.340810406257630093e+05
5.393900969524019165e+05
5.246933759549793322e+05
5.290532211147969356e+05
5.341153500810248079e+05
5.182504984194963472e+05
5.229988149816283840e+05
5.251052347981923958e+05
5.090354401467387215e+05
5.122410839256478357e+05
5.149076610915050842e+05
5.179530330923529109e+05
5.196588440687940456e+05
4.837519632433971274e+05
4.807254242872539908e+05
4.868068818336648401e+05
4.898889702757293708e+05
4.929955563982093590e+05
4.961242615024980623e+05
4.992755494092220324e+05
5.024496292595518753e+05
5.056402960211607278e+05
5.088428001834900933e+05
5.120728450687373988e+05
5.836368284552051919e+05
5.893109324563875562e+05
5.779790049591598799e+05
5.836288607339832233e+05
5.723616886569999624e+05
5.779868791211898206e+05
5.667584600315743592e+05
5.723599740039239405e+05
5.556650461113151396e+05
5.611860863228013040e+05
5.667517543809409253e+05
5.501910435036522103e+05
5.556631068944266299e+05
5.501905282730058534e+05
5.447621153292959789e+05
5.501892026073761517e+05
5.393873862125321757e+05
5.447558206545293797e+05
5.291404453444733517e+05
5.341063719186554663e+05
5.393776479074342642e+05
5.231980170283493935e+05
5.280102677347903373e+05
5.153382183396306937e+05
5.187269793592694332e+05
5.236735907700227108e+05
5.229775257087826612e+05
4.898727008080481901e+05
4.868287375695972587e+05
4.929473058418745641e+05
4.960495108157610521e+05
4.991763418886854779e+05
5.023259006703000050e+05
5.054967727582185180e+05
5.086843030725861317e+05
5.118820309857396060e+05
5.151161165550707956e+05
5.183692096594890463e+05
5.893108431375967339e+05
5.836345057774862507e+05
5.893108276791108074e+05
5.779872739237669157e+05
5.836357792301097652e+05
5.723538029388674768e+05
5.779836969244111096e+05
5.611826701993682655e+05
5.667461046973125776e+05
5.723476666329342406e+05
5.556631141537990188e+05
5.611819201817571884e+05
5.556635546035784064e+05
5.501869878003239864e+05
5.556642717407331802e+05
5.447469953635508427e+05
5.501830628508635564e+05
5.338868083220692351e+05
5.393179237907599891e+05
5.447263390323495260e+05
5.285202061069464544e+05
5.337581548072629375e+05
5.215492412462381762e+05
5.247223080554082990e+05
5.281937384240656393e+05
4.960313280882518739e+05
4.929690281653302372e+05
4.991249407101657707e+05
5.022464725975758047e+05
5.053928950647171587e+05
5.085604800584753975e+05
5.117432453206102946e+05
5.149301668983800337e+05
5.181359847005556803e+05
5.214187280792019446e+05
5.246573142654180992e+05
5.893110189916956006e+05
5.836334420397598296e+05
5.893109078129362315e+05
5.779770354595325189e+05
5.836295899296343559e+05
5.667434284121779492e+05
5.723420327330720611e+05
5.779713668729724595e+05
5.611826089511663886e+05
5.667433751886800164e+05
5.611842598049838562e+05
5.556648570520887151e+05
5.611866654425075976e+05
5.501747597945401212e+05
5.556634200825209264e+05
5.392333383467838867e+05
5.446904956615258707e+05
5.501593716329506133e+05
5.338152702082191827e+05
5.391900530428873608e+05
5.277998923533475026e+05
5.296976200086852768e+05
5.340802998521010159e+05
5.022267353442169260e+05
4.991460210340034682e+05
5.053391648660383071e+05
5.084796102358884527e+05
5.116428196527922992e+05
5.148204680504466523e+05
5.179973378953360952e+05
5.211722558911878732e+05
5.243743983408777276e+05
5.276309544918880565e+05
5.306248783016802045e+05
5.893109098030453315e+05
5.836267995047230506e+05
5.893109117196588777e+05
5.723411636315626092e+05
5.779702396504547214e+05
5.836257920834702672e+05
5.667448159470859682e+05
5.723420852844704641e+05
5.667471698442813940e+05
5.611885209229220636e+05
5.667498543019595090e+05
5.556580701000207337e+05
5.611883791990303434e+05
5.446631898211890366e+05
5.501416544830984203e+05
5.556502205054619117e+05
5.392550495291206753e+05
5.446619589264377719e+05
5.337858757313841488e+05
5.391493438960887725e+05
5.356353867178990040e+05
5.084585580973976175e+05
5.053594329432256636e+05
5.115895434451369219e+05
5.147466418437194079e+05
5.179203239936266909e+05
5.210910985801168135e+05
5.242427258289533784e+05
5.273999997054394335e+05
5.305788017428395106e+05
5.342511215216023847e+05
5.893109007640784839e+05
5.779706333188629942e+05
5.836257762243365869e+05
5.893108880277982680e+05
5.723438423700495623e+05
5.779717263034366770e+05
5.723462415412049741e+05
5.667518310332860565e+05
5.723486430515110260e+05
5.611865406241388991e+05
5.667528755020179087e+05
5.501337971031483030e+05
5.556450182714954717e+05
5.611848879890778335e+05
5.446682986562789883e+05
5.501423985126119805e+05
5.395695042828113073e+05
5.447356201412469381e+05
5.398595174830500036e+05
5.147263469707328477e+05
5.116089726641019806e+05
5.178745188296299311e+05
5.210444951440555160e+05
5.242168106538792490e+05
5.273645098720008973e+05
5.304617674717948539e+05
5.334889283750538016e+05
5.364181033240415854e+05
5.394813736469823634e+05
5.836262052702432266e+05
5.893110149079289986e+05
5.779734100713139633e+05
5.836271526464504423e+05
5.779754052810430294e+05
5.723506457404898247e+05
5.779773419582920615e+05
5.667536082606756827e+05
5.723523906913163373e+05
5.556473143674336607e+05
5.611851302440200234e+05
5.667542790745396633e+05
5.501760215851635439e+05
5.556624600703179603e+05
5.449189247082612710e+05
5.502472237274887739e+05
5.449018425246869447e+05
5.210293080917758052e+05
5.178943444824430044e+05
5.241927522207316360e+05
5.273708859819690697e+05
5.305493427508211462e+05
5.336586481254164828e+05
5.366738642815733328e+05
5.394874969838120742e+05
5.420860864972542040e+05
5.893108319666269235e+05
5.836281362846790580e+05
5.893108323090914637e+05
5.836293669936557999e+05
5.779791699589075288e+05
5.836304955971732270e+05
5.723538233416755684e+05
5.779807356710525928e+05
5.611900747298779897e+05
5.667556101062680827e+05
5.723544940317581641e+05
5.556991742156911641e+05
5.612068525214557303e+05
5.502984855410136515e+05
5.557613318091722904e+05
5.468387174824837130e+05
5.508050260531994281e+05
5.273669054552490124e+05
5.242152482945859083e+05
5.305449551798080793e+05
5.337303058292501373e+05
5.369314413729099324e+05
5.400458484707671450e+05
5.429894030317000579e+05
5.453646787461225176e+05
5.893110324664051877e+05
5.893109032153628068e+05
5.836314632296377094e+05
5.893109078668617876e+05
5.779814374834477203e+05
5.836320836128400406e+05
5.667614861282721395e+05
5.723557435909713386e+05
5.779813531768192770e+05
5.612445503331283107e+05
5.667787837305598659e+05
5.558773236999013461e+05
5.613136099152956158e+05
5.509634115452689584e+05
5.561246376763213193e+05
5.337395232845324790e+05
5.305713767244461924e+05
5.369381030543735251e+05
5.401376983854658902e+05
5.433484146466142265e+05
5.465348654857903020e+05
5.502735050832128618e+05
5.893109055580390850e+05
5.836320601102174260e+05
5.893109045289111091e+05
5.723624702596652787e+05
5.779829986615842208e+05
5.836316423757214798e+05
5.668144430625038221e+05
5.723792865049754037e+05
5.614243241591822589e+05
5.668706565369117307e+05
5.562415296165149193e+05
5.615371549770149868e+05
5.401490317923623370e+05
5.369624006081977859e+05
5.433723711621029070e+05
5.465810638189091114e+05
5.497299764529754175e+05
5.529292598464806797e+05
5.569723220639766660e+05
5.893108946618583286e+05
5.779949088365751086e+05
5.836320241835875204e+05
5.893110321585177444e+05
5.724079122728883522e+05
5.780107850638221717e+05
5.669311918477492873e+05
5.724442177151070209e+05
5.616802499137480045e+05
5.669362091299436288e+05
5.465965930456920760e+05
5.433879704770367825e+05
5.498531778563862899e+05
5.529858312000558944e+05
5.561048803458875045e+05
5.592304557085570414e+05
5.618565062666926533e+05
5.836351283689133124e+05
5.893108252188061597e+05
5.780337323203283595e+05
5.836424304279371863e+05
5.724843406243365025e+05
5.780486285159186227e+05
5.666306474335073726e+05
5.724617752555584302e+05
5.530792359867582563e+05
5.498477403161848197e+05
5.563106380636626855e+05
5.594276670534539735e+05
5.624347075687608449e+05
5.649779474886328680e+05
5.893108469597146614e+05
5.836512793587059714e+05
5.893110400843796087e+05
5.780626024183370173e+05
5.836628927199054742e+05
5.721095412963436684e+05
5.779596681052151835e+05
5.595945028299296973e+05
5.563414153371750144e+05
5.628552375808821525e+05
5.659811564045200357e+05
5.687931964730025502e+05
5.893109639454336138e+05
5.836618057727046544e+05
5.893109185983537463e+05
5.742908250745764235e+05
5.781767651283520972e+05
5.836966693745724624e+05
5.661510158428800059e+05
5.628686172698166920e+05
5.694474319602906471e+05
5.730543927279355703e+05
5.893107100415289169e+05
5.786840714338822290e+05
5.838411570142233977e+05
5.893101397247640416e+05
5.726571938270411920e+05
5.694272391749810195e+05
5.758765800660826499e+05
5.789256937766043702e+05
5.839140300022769952e+05
5.893105889009658713e+05
5.791346997829888714e+05
5.760165380204907851e+05
5.834513888832088560e+05
5.893119504853227409e+05
5.847536155513615813e+05
5.826383853454504861e+05
5.893087953598521417e+05
5.893065583229688928e+05
4.716035335932095186e+05
4.749775800803096499e+05
4.716108033567100647e+05
4.761795745988368872e+05
4.747922301753862412e+05
4.716034889027664321e+05
4.777476968371354160e+05
4.777851785411444725e+05
4.805618167278175242e+05
4.747836589031927288e+05
4.716035940666770912e+05
4.777271938814627938e+05
4.805624771515484899e+05
4.805687898917319835e+05
4.747403465404299204e+05
4.716033474416107056e+05
4.777400333583391621e+05
4.805669022593633272e+05
4.747436022688192315e+05
4.716033735920738545e+05
4.777162774709402584e+05
4.805648739143402199e+05
4.747142215676656924e+05
4.716033978467299603e+05
4.777162739683549735e+05
4.805652082148154732e+05
4.746794899221398518e+05
4.716037189459700021e+05
4.776910422555727419e+05
4.805651286382305552e+05
4.747120619047419750e+05
4.716037489407112007e+05
4.776736273746817023e+05
4.805652100526483264e+05
4.777358835085721221e+05
4.744784975753900944e+05
4.716053874498851947e+05
4.805651528529685456e+05
4.776819158782879822e+05
4.805656302674209583e+05
4.751139148792407359e+05
4.716054031673800782e+05
4.782218147846042411e+05
4.744841974288579077e+05
4.716036457260660245e+05
4.805640240262660664e+05
4.776913728282197262e+05
4.805640699507285026e+05
4.746761438355745631e+05
4.716036868964012247e+05
4.776648419633372687e+05
4.746833941137944930e+05
4.716032790110753849e+05
4.805654545330636320e+05
4.777094586054083775e+05
4.805652730543033103e+05
4.747044678176401067e+05
4.716033377246024902e+05
4.776856112268850557e+05
4.747137807349357754e+05
4.716033731186568621e+05
4.805651262985828216e+05
4.777128627123640035e+05
4.805650760021086899e+05
4.746916140097317402e+05
4.716036960781667731e+05
4.776969024467227864e+05
4.746919332011909573e+05
4.716037646466686274e+05
4.805650363218545099e+05
4.777210035058134235e+05
4.805651027231036569e+05
4.777151685644899844e+05
4.745007107111407095e+05
4.716054799982295954e+05
4.805651900750906207e+05
4.776986439628310036e+05
4.805654520013018046e+05
4.751292724227482686e+05
4.716053907627264853e+05
4.782037628165480564e+05
4.744919089790694416e+05
4.716037416267299559e+05
4.805641158151635318e+05
4.777091356230408419e+05
4.805638997013174812e+05
4.746758445688586798e+05
4.716037248216069420e+05
4.777016924697636277e+05
4.746915014233987313e+05
4.716033715357336332e+05
4.747068416699748486e+05
4.716033078805161640e+05
4.805655616450920352e+05
4.777249868051181547e+05
4.805651264632427483e+05
4.776861624223135295e+05
4.747213762941518798e+05
4.716033732085270458e+05
4.777098921865837765e+05
4.746941778828960960e+05
4.716037239207724924e+05
4.805651114986969624e+05
4.805650475361960125e+05
4.776952208443034906e+05
4.805650557440616540e+05
4.747037795153143816e+05
4.716038789392327890e+05
4.777182754659755738e+05
4.745111002783668810e+05
4.716053724855217151e+05
4.805650859580441029e+05
4.777429268677658984e+05
4.805651620341005619e+05
4.776711416432992555e+05
4.751308460945208790e+05
4.716054697854663827e+05
4.805654546850438346e+05
4.782029570298051694e+05
4.805640501540520345e+05
4.744986120446547866e+05
4.716037248358400539e+05
4.777108781288105529e+05
4.746732199795055203e+05
4.716036936390320188e+05
4.805640409024265246e+05
4.776655770108324941e+05
4.805653852905178792e+05
4.746771637289436185e+05
4.716033058518336620e+05
4.776929089191284147e+05
4.746949570039278478e+05
4.716034783892760170e+05
4.805654782145338249e+05
4.776779393670468708e+05
4.805651466130465851e+05
4.746996075411241618e+05
4.716036342515710858e+05
4.776866025007243734e+05
4.747051275424566702e+05
4.716036539593018242e+05
4.805650625413248199e+05
4.777328759938304429e+05
4.805650156485180487e+05
4.777334763096504030e+05
4.745714516733717173e+05
4.716046728428617935e+05
4.805650430093199830e+05
4.777067804925348610e+05
4.805651475542698172e+05
4.750878869824791909e+05
4.716011233297774452e+05
4.743713954460920650e+05
4.716082276251032017e+05
4.780865857465972076e+05
4.805631940054208972e+05
4.773340470899734646e+05
4.761798879914109712e+05
4.805668415675864089e+05
4.805650747319679940e+05
7.392488629294028215e+04
7.370407427236363583e+04
7.440731120768617257e+04
7.441066676046919019e+04
7.332670836514064285e+04
7.300556458357931115e+04
7.441079505154544313e+04
7.378272594704953372e+04
7.265330630429286975e+04
7.231444818398558709e+04
7.441046253329260799e+04
7.383003862275330175e+04
7.299650629549036967e+04
7.330581888644635910e+04
7.382860602557331731e+04
7.441050552561559016e+04
7.197618104504550865e+04
7.163193226384813897e+04
7.231738789765343245e+04
7.325566159546461131e+04
7.267031387783905666e+04
7.382399477869820839e+04
7.441055323021840013e+04
7.324798081829275179e+04
7.129700490276677010e+04
7.095997693987448292e+04
7.163565580978382786e+04
7.198728372746401874e+04
7.266515788052273274e+04
7.218812862147019769e+04
7.382240051331157156e+04
7.441054686153994408e+04
7.323634903432271676e+04
7.264889543589697860e+04
7.382110467325329955e+04
7.441053473313048016e+04
7.062934238652930071e+04
7.030028008547778882e+04
7.096243245081737405e+04
7.129485587537818355e+04
7.161715701639498002e+04
7.201622768935014028e+04
7.323432696788859903e+04
7.265451763320584723e+04
7.208962448419870634e+04
7.381919663587793184e+04
7.441053093451976019e+04
7.381648154272012471e+04
7.441056672417915252e+04
7.323009605000745796e+04
6.997773059849577839e+04
6.965448179474928475e+04
7.030298115321334626e+04
7.062964346913430199e+04
7.095926110802601033e+04
7.129478952204984671e+04
7.158433176338570775e+04
7.265075077942425560e+04
7.208283269817543624e+04
7.155475155064265709e+04
7.322749135234161804e+04
7.381574625444105186e+04
7.441056620769575238e+04
7.322512627183103177e+04
7.264042308149661403e+04
6.933722913786528807e+04
6.902435816505424737e+04
6.965684501040045870e+04
6.997677625558494765e+04
7.030120579406460456e+04
7.063073349229501036e+04
7.098142817400445347e+04
7.206062085538568499e+04
7.150430072486832796e+04
7.110304618547941209e+04
7.263764365817217913e+04
7.381574157449988707e+04
7.441059304079582216e+04
7.322513718064950081e+04
7.263851059921357955e+04
6.871468301561595581e+04
6.841172902072091529e+04
7.205167756229043880e+04
6.902445430406746163e+04
6.933893653982946125e+04
6.965452459345052193e+04
6.997151868376361381e+04
7.028446781080041546e+04
7.055905020584493468e+04
7.145290037400423898e+04
7.087630586880756891e+04
7.205716050123305467e+04
7.381582595206757833e+04
7.441057547638229153e+04
7.322546841874811798e+04
7.263953013413138979e+04
7.206013264099319349e+04
7.381588151982417912e+04
7.441056668533258198e+04
6.811117218337026134e+04
6.781845373183560150e+04
6.841095814004550630e+04
7.147970486077455280e+04
6.871691817334103689e+04
6.902626619388419203e+04
6.933613512324249314e+04
6.964447409933546442e+04
6.994446076981068472e+04
7.018807404251344269e+04
7.091389893810429203e+04
7.035522211804547987e+04
7.149047132251290896e+04
7.322567173998621001e+04
7.263999813411301875e+04
7.206141950729810924e+04
7.149133508812803484e+04
7.381591332352963218e+04
7.441057335583701206e+04
7.322577656886925979e+04
6.752824616168731882e+04
6.724642695612077659e+04
6.781727796368584677e+04
6.811331821203650907e+04
7.093190768068390025e+04
6.841480302515315998e+04
6.871873817237700860e+04
6.902390388493145292e+04
6.932917608031426789e+04
6.963702469628975086e+04
6.989679829239507671e+04
7.038809013640067133e+04
6.988967831536782614e+04
7.093329078971767740e+04
7.264017617046552186e+04
7.206110476322230534e+04
7.149087939475521853e+04
7.093155335972712783e+04
7.381593059762423218e+04
7.441057552057076828e+04
7.322583526070672087e+04
7.264026473319822981e+04
7.381593116326928430e+04
7.441057721524150111e+04
6.696761131992324954e+04
6.669757082369296404e+04
6.724514985159043863e+04
6.752995269420772092e+04
6.782199375548661919e+04
7.039062902215703798e+04
6.811809531753433112e+04
6.841765271197947732e+04
6.872116529727248417e+04
6.903217976080731023e+04
6.943055451772183005e+04
6.986918878888183099e+04
6.937256265028480266e+04
7.038636512621838483e+04
7.206094375842784939e+04
7.148988320746120007e+04
7.092921129215451947e+04
7.038116380683485477e+04
7.322585915092706273e+04
7.264031526530480187e+04
7.206087905157568457e+04
7.381591602751842584e+04
7.441057726875547087e+04
7.322584821014077170e+04
7.381589441264628840e+04
7.441058022193681973e+04
6.643112493759274366e+04
6.617382872600662813e+04
6.669631976866905461e+04
6.696903989182892838e+04
6.724913650797517039e+04
6.753643764985683083e+04
6.985838746262162749e+04
6.782807844952536107e+04
6.812466246238023450e+04
6.842813467635343841e+04
6.878842815271242580e+04
6.935013276495935861e+04
6.885381200429443561e+04
6.984786238035863789e+04
7.148934315049595898e+04
7.092744938039330009e+04
7.037722239826791338e+04
6.984013229891644733e+04
7.264032123620536004e+04
7.206085421577487432e+04
7.148910111533700547e+04
7.322581467524589971e+04
7.264028649239728111e+04
7.381587557193060638e+04
7.441057927219202975e+04
7.322577851110172924e+04
7.381586423376052699e+04
7.441057603454425407e+04
6.592073412711097626e+04
6.567715588794747600e+04
6.617262474879497313e+04
6.643243806130906160e+04
6.669987509265077824e+04
6.697488559045818693e+04
6.725505929851467954e+04
6.933140100249146053e+04
6.753899187511975470e+04
6.782387822022092587e+04
6.811351766195657547e+04
6.832772904996089346e+04
6.884160575510219496e+04
6.846733491074405902e+04
6.931697343210763938e+04
7.092694696822224068e+04
7.037500125680120254e+04
6.983574027880067297e+04
6.931096845807887439e+04
7.206080845950031653e+04
7.148891937466000672e+04
7.092651285448783892e+04
7.264023546113596240e+04
7.206074020807619672e+04
7.322575241609066143e+04
7.264019243240513606e+04
7.381585908290163206e+04
7.441057311457229662e+04
7.322573793404868047e+04
7.381585755062020326e+04
7.441057510836778965e+04
6.543839541948067927e+04
6.520950848799113737e+04
6.567600221698668611e+04
6.592196102128994244e+04
6.617594333841682237e+04
6.643771963103306189e+04
6.670658317293159780e+04
6.698017555613671720e+04
6.880125067906170443e+04
6.725495624160047737e+04
6.751991830010028207e+04
6.778090354459939408e+04
6.802051104367128573e+04
6.829008837993316411e+04
6.879934009098929528e+04
7.037394896828550554e+04
6.983343760046891111e+04
6.930722826519093360e+04
6.879541343183802383e+04
7.148878697469960025e+04
7.092590268996557279e+04
7.037335290312815050e+04
7.206067574387993955e+04
7.148868030125302903e+04
7.264016624528531975e+04
7.206063318444702600e+04
7.322573126208090980e+04
7.264015360690640227e+04
7.381585725483264832e+04
7.441057045725460921e+04
7.322572861622250639e+04
7.381585785584147379e+04
7.441057115107525897e+04
6.498605985846778640e+04
6.477283142299856991e+04
6.520840606214210857e+04
6.543952698708721437e+04
6.567911210557044251e+04
6.592687752370967064e+04
6.618258986274022027e+04
6.644388242275014636e+04
6.671067434249883809e+04
6.830668637846992351e+04
6.697486900045009679e+04
6.723460669880370551e+04
6.749980695198108151e+04
6.778444035275961505e+04
6.782930663278822612e+04
6.830600220013638318e+04
6.983230878704736824e+04
6.930485421814126312e+04
6.879136617951294465e+04
6.829548450997204054e+04
7.092566236275646952e+04
7.037295460844720947e+04
6.983172628362990508e+04
7.148860881889901066e+04
7.092553092094048043e+04
7.206061209416108613e+04
7.148857372452846903e+04
7.264014840434039070e+04
7.206060375218410627e+04
7.322572758467406675e+04
7.264014645913614368e+04
7.381585834431606054e+04
7.441057099264646240e+04
7.322572726839824463e+04
7.381585891482039005e+04
7.441057184965511260e+04
6.456566160397088970e+04
6.436904494631042326e+04
6.477177814907875290e+04
6.498708193903239589e+04
6.521128646921418112e+04
6.544411777489004453e+04
6.568529806886526057e+04
6.593428067677795480e+04
6.618890092695639760e+04
6.644994770655925095e+04
6.784180668518655875e+04
6.671628883259910799e+04
6.699804056593443966e+04
6.731180358379903191e+04
6.740342555260783411e+04
6.782662404029011668e+04
6.930346301257876621e+04
6.878958350387714745e+04
6.829161871010095638e+04
6.781238323683798080e+04
7.037272347855845874e+04
6.983136962790648977e+04
6.930269105676509207e+04
7.092546896463370649e+04
7.037260661385777348e+04
7.148856147909318679e+04
7.092544958015221346e+04
7.206060093184998550e+04
7.148855857017381641e+04
7.264014578855724540e+04
7.206060005833485047e+04
7.322572725494984479e+04
7.264014560468260606e+04
7.381585960319328296e+04
7.441056963858769450e+04
7.322572738444348215e+04
7.381586016996612307e+04
7.441057193532452220e+04
6.417910954193186626e+04
6.400003039457355771e+04
6.436804019924285967e+04
6.456655322436225833e+04
6.477439425584272976e+04
6.499131501940322778e+04
6.521706749095739360e+04
6.545131127188404207e+04
6.569342198302500765e+04
6.594333160510403104e+04
6.620323271125192696e+04
6.740752521012834040e+04
6.647485450004901213e+04
6.674890188025329553e+04
6.694266359120963898e+04
6.708623182173889654e+04
6.736046529555751476e+04
6.878800931864959421e+04
6.828837436446835636e+04
6.780382349857194640e+04
6.732922904056192783e+04
6.983116438216489041e+04
6.930228486621867341e+04
6.878715055263378599e+04
7.037256835137189773e+04
6.983108813124238804e+04
7.092544776823864959e+04
7.037256746753197513e+04
7.148855828745519102e+04
7.092544986907196289e+04
7.206059980751042895e+04
7.148855843929915864e+04
7.264014560967458237e+04
7.206059975398798997e+04
7.322572752761507581e+04
7.264014570656006981e+04
7.381586547344304563e+04
7.441056730030890321e+04
7.322573090615558613e+04
7.381588503383433272e+04
7.441056764941492293e+04
6.382828712508136960e+04
6.366761559334107005e+04
6.399909433425093448e+04
6.417984713075108448e+04
6.437034224837847432e+04
6.457036270208245696e+04
6.477968693789205281e+04
6.499804555391176837e+04
6.522510875978173135e+04
6.546071981955218507e+04
6.570560702128484263e+04
6.596118910437751038e+04
6.698846142907893227e+04
6.621574352549805189e+04
6.645939981592188997e+04
6.669599729774851585e+04
6.683349068335909396e+04
6.828685648519934330e+04
6.780211399060804979e+04
6.688384534894104581e+04
6.733253351623947674e+04
6.930211500030029856e+04
6.878674155771154619e+04
6.828611707821610617e+04
6.983108470090373885e+04
6.930207862724373990e+04
7.037257478120052838e+04
6.983110076504250173e+04
7.092545158959591936e+04
7.037258034709897765e+04
7.148855855530548433e+04
7.092545242666476406e+04
7.206059977251056989e+04
7.148855858736509981e+04
7.264014597032497113e+04
7.206059811155266652e+04
7.322575042033694626e+04
7.264015668401744915e+04
7.322580226346869313e+04
7.381592319388510077e+04
7.441057833684579236e+04
7.381597005054868350e+04
7.441058627612424607e+04
7.381611517650891619e+04
7.441059445466005127e+04
6.351506905803428526e+04
6.337356390221983747e+04
6.366683456926659710e+04
6.382885985532726772e+04
6.400101882010919508e+04
6.418314247806067578e+04
6.437504094572235044e+04
6.457643545741401613e+04
6.478710085480813723e+04
6.500682182188744628e+04
6.523575406889776787e+04
6.547428001945127471e+04
6.572090000720403623e+04
6.650997470884937502e+04
6.638016031004773686e+04
6.596829461324696604e+04
6.622237594286270905e+04
6.644075251775847573e+04
6.611335885712879826e+04
6.780136378039173724e+04
6.733330701871048950e+04
6.644613469074916793e+04
6.688277474991841882e+04
6.878658920974437206e+04
6.828575977447828336e+04
6.780080093698033306e+04
6.930209571159395273e+04
6.878656935558791156e+04
6.983111404826752550e+04
6.930211837854720943e+04
7.037258303818207060e+04
6.983112075943087984e+04
7.092544952794058190e+04
7.037256447505825781e+04
7.148855678656784585e+04
7.092543306615714391e+04
7.206059747367141244e+04
7.148854663593345322e+04
7.264020127491194580e+04
7.206062321766348032e+04
7.264033682541058806e+04
7.322589352133029024e+04
7.322639915767619095e+04
7.322838743062174763e+04
7.381694862135889707e+04
7.441060301742458250e+04
7.381931975708439131e+04
7.441063193147849233e+04
6.324139462597929378e+04
6.311973337139236537e+04
6.337314919310043479e+04
6.351549004613920260e+04
6.366832032567349961e+04
6.383153010323015042e+04
6.400498500847959804e+04
6.418841486279463425e+04
6.438155003403715818e+04
6.458430934183613863e+04
6.479659376155614154e+04
6.501852963285136502e+04
6.524993269306427828e+04
6.549043736378009635e+04
6.602587056156752806e+04
6.574340370587051439e+04
6.573650577657960821e+04
6.600402706474669685e+04
6.733290347427141387e+04
6.688335935830486414e+04
6.604969268416694831e+04
6.645381871491926722e+04
6.828560660832050780e+04
6.780035526699160982e+04
6.733202155735722044e+04
6.878659232070232974e+04
6.828555015107001236e+04
6.930213209360300971e+04
6.878661328161372512e+04
6.983106932545689051e+04
6.930205047148946323e+04
7.037246629102971929e+04
6.983078965337590489e+04
7.092538845805078745e+04
7.037226010183442850e+04
7.148860030445181474e+04
7.092544869327195920e+04
7.206082123694966140e+04
7.148892493572871899e+04
7.206191047261976928e+04
7.264117271515086759e+04
7.264398029394347395e+04
7.264943947559500521e+04
7.323197321184593602e+04
7.382181255415275518e+04
7.441067692922196875e+04
7.323913663057491067e+04
7.382709796448859561e+04
7.441075673055062362e+04
6.300865929885651713e+04
6.290826660397837259e+04
6.311981373596942285e+04
6.324160362495321169e+04
6.337416089527268196e+04
6.351744534325766290e+04
6.367140543776858249e+04
6.383584343142780563e+04
6.401041309063616791e+04
6.419509247766361659e+04
6.438991803693786642e+04
6.459487930672823131e+04
6.480994413289099612e+04
6.503497389675601153e+04
6.527047979078473145e+04
6.551897859643411357e+04
6.528213027430346119e+04
6.551558703191672248e+04
6.570149977664348262e+04
6.688186823277467920e+04
6.567996591334439290e+04
6.645166039684222778e+04
6.604564423366657866e+04
6.780005821998938336e+04
6.688008584644198709e+04
6.733122034504849580e+04
6.828553406819338852e+04
6.779984949823432544e+04
6.878653622017976886e+04
6.828548204087121121e+04
6.930157272730972909e+04
6.878600504428705608e+04
6.983016880274764844e+04
6.930036823871349043e+04
7.037246415213205910e+04
6.982969376601067779e+04
7.092594906053997693e+04
7.037291782735697052e+04
7.149039827400550712e+04
7.092792768853955204e+04
7.149492120103749039e+04
7.206552291088465427e+04
7.207319580569393293e+04
7.208498229673232709e+04
7.265918424102989957e+04
7.324898043498770858e+04
7.267329353302979143e+04
7.325775458171994251e+04
7.382911021727323532e+04
7.441121420807954564e+04
7.384610644231231709e+04
7.441028826855034276e+04
6.281875130409948906e+04
6.274009282590160001e+04
6.290837039427688433e+04
6.300892280104629026e+04
6.312040350655323709e+04
6.324284482643838419e+04
6.337628423270530766e+04
6.352065987867236254e+04
6.367561537425070856e+04
6.384110260994429700e+04
6.401734196263787453e+04
6.420446351935208077e+04
6.440239657206285483e+04
6.461082652192900423e+04
6.482904640450928127e+04
6.505582236350452149e+04
6.484633066004911234e+04
6.506357321150119969e+04
6.529345207412193849e+04
6.537728499404965987e+04
6.644751029924199975e+04
6.564481091229531739e+04
6.603476314932138484e+04
6.733070760391716613e+04
6.644547992154477106e+04
6.687903792254409927e+04
6.779980467338279414e+04
6.733040927379828645e+04
6.828511410980166693e+04
6.779976609412160178e+04
6.878446038571483223e+04
6.828383951378433267e+04
6.929874729800254863e+04
6.878159096486106864e+04
6.983044902365174494e+04
6.929846745925855066e+04
7.037528727958681702e+04
6.983277662922556920e+04
7.093301070384956256e+04
7.038070742274766963e+04
7.094326660933600215e+04
7.150439149368730432e+04
7.151908604406971426e+04
7.153550197492461302e+04
7.209979099369508913e+04
7.269166935894727067e+04
7.212092715881345794e+04
7.270189075653825421e+04
7.326185433221379935e+04
7.331839077733347949e+04
7.389396420337176824e+04
7.441328918442757276e+04
7.394763651986721379e+04
7.440883864157980133e+04
6.267246288872486912e+04
6.261586780941810139e+04
6.274014462918187928e+04
6.281888838112878148e+04
6.290869208154315129e+04
6.300958116063932539e+04
6.312163375195325352e+04
6.324492572370338166e+04
6.337923721789271076e+04
6.352440541856127675e+04
6.368077340912097134e+04
6.384888208521405613e+04
6.402864550981450157e+04
6.422026232195203920e+04
6.442166582172831841e+04
6.463158974132400908e+04
6.444475011226846982e+04
6.464702192611702048e+04
6.484359320645823755e+04
6.501659528061547462e+04
6.522265370075635292e+04
6.478192967022058292e+04
6.602903220670686278e+04
6.563054173151157738e+04
6.687872008237417322e+04
6.603117657363419130e+04
6.644543748277293344e+04
6.733082362535946595e+04
6.687933465718262596e+04
6.779940511766285636e+04
6.733170793177613814e+04
6.828084035731852055e+04
6.779777060479349166e+04
6.877813140387940803e+04
6.827513573742035078e+04
6.930091418948935461e+04
6.877985280971288739e+04
6.983843123112185276e+04
6.930569557079822698e+04
7.039047941926783824e+04
6.984814303054539778e+04
7.040678810136501852e+04
7.096041597518519848e+04
7.098398675607192854e+04
7.100186846696592693e+04
7.154744503535913827e+04
7.158904968070569157e+04
7.216300898494277499e+04
7.220266678520900314e+04
7.263301403388367908e+04
7.280509534439267009e+04
7.333011699994585069e+04
7.370459271288741729e+04
6.257039739496855327e+04
6.253607920420889423e+04
6.261588245770632784e+04
6.267250990112114960e+04
6.274026664771488868e+04
6.281916191953074303e+04
6.290925396738108975e+04
6.301068225103760051e+04
6.312342569371389254e+04
6.324728681420363137e+04
6.338247522286110325e+04
6.352992234085310338e+04
6.369010336366501724e+04
6.386333587480728602e+04
6.404870903453665233e+04
6.424399012968101306e+04
6.408150572154865222e+04
6.427242487680096383e+04
6.445438240641050652e+04
6.462765963134392950e+04
6.443335513226731564e+04
6.459924474563146941e+04
6.488987728246802726e+04
6.525956993417903868e+04
6.563607113732275320e+04
6.644579268396423140e+04
6.564124558515612443e+04
6.603364644704962848e+04
6.688131813326019619e+04
6.644929357372784580e+04
6.688465072116316878e+04
6.733248573183576809e+04
6.779322834085629438e+04
6.733123896062285348e+04
6.826443130608147476e+04
6.778388670642884972e+04
6.878539288077427773e+04
6.828140574913650926e+04
6.931626532253512414e+04
6.878876970458903816e+04
6.986049140628005262e+04
6.933070723422059382e+04
6.987951719366821635e+04
7.043332224307789875e+04
7.047820139133000339e+04
7.052448545725083386e+04
7.096007662475382676e+04
7.113438797235714446e+04
7.162457613689298159e+04
7.190799227128228813e+04
7.224847415268559416e+04
7.260603540465859987e+04
7.300642581812759454e+04
6.251295435786457529e+04
6.250104195450271800e+04
6.253608221433503786e+04
6.257040819232476497e+04
6.261591433569366927e+04
6.267259020240759855e+04
6.274045005027985462e+04
6.281959671784043894e+04
6.291013156799176795e+04
6.301196504438796546e+04
6.312506581482532056e+04
6.325044658740740851e+04
6.338849793418031913e+04
6.354204551407991676e+04
6.370986926232951373e+04
6.389035618858068483e+04
6.375231365252062824e+04
6.393891684698947211e+04
6.412040727053573210e+04
6.429172097497096547e+04
6.416007750139119889e+04
6.431933729995034810e+04
6.460122663026367081e+04
6.491393922132058651e+04
6.526851692874808941e+04
6.603744805702391022e+04
6.527688344326093647e+04
6.564676831857465731e+04
6.645419031815539347e+04
6.604269832076870080e+04
6.646123307677841512e+04
6.688815132167305273e+04
6.732432816375525726e+04
6.688812683106765326e+04
6.776157324647485802e+04
6.731308267245236493e+04
6.828658148533331405e+04
6.780417261263751425e+04
6.881369884957374597e+04
6.825593620056103100e+04
6.933316578190415748e+04
6.883862399095653382e+04
6.936057635842204036e+04
6.991478184831501858e+04
7.003261755229344999e+04
7.028247596802038606e+04
7.060350242676475318e+04
7.095010337889677612e+04
7.127207333102017583e+04
7.159864904323202791e+04
7.194671429097793589e+04
7.231463234872934117e+04
6.250035570805225143e+04
6.251089474903949304e+04
6.250104317557883769e+04
6.251295682277301239e+04
6.253608809494242450e+04
6.257042345941380336e+04
6.261595084754668642e+04
6.267269610980053403e+04
6.274076020596724265e+04
6.282016152864961623e+04
6.291077432367201982e+04
6.301335382928256877e+04
6.312837097776855080e+04
6.325771987044851267e+04
6.340594824635695113e+04
6.356890880217796075e+04
6.347999914598496252e+04
6.364891737193283188e+04
6.381626176114715781e+04
6.399244253231187031e+04
6.393006440523328638e+04
6.402701121723887627e+04
6.410895246022233914e+04
6.431915926052116993e+04
6.460443592103620904e+04
6.492736515896168567e+04
6.565223903791006887e+04
6.493686538952300907e+04
6.528372923225827981e+04
6.604929429271767731e+04
6.565715735494821274e+04
6.606144660088302044e+04
6.646968048892788647e+04
6.687130977410548076e+04
6.647928182664276392e+04
6.681377947416274401e+04
6.725816647935872606e+04
6.781253098149981815e+04
6.743357567276987538e+04
6.777623546729497320e+04
6.836975432880090375e+04
6.796754027103722910e+04
6.839523973972884414e+04
6.876757121194188949e+04
6.892021818511253514e+04
6.938044503567380889e+04
6.964205699345434550e+04
6.995690882094504195e+04
7.028488244723445678e+04
7.061427840409168857e+04
7.094526975094759837e+04
7.128328156904774369e+04
7.163197473447030643e+04
6.253265000119824981e+04
6.256559861786265537e+04
6.251089577228304552e+04
6.250035714213649044e+04
6.250104477540597873e+04
6.251295918909174361e+04
6.253609171925063129e+04
6.257043129435806622e+04
6.261600973234094999e+04
6.267287472170615365e+04
6.274097040256110631e+04
6.282054837856081576e+04
6.291201942552613764e+04
6.301486275085210946e+04
6.313685889300904091e+04
6.328364121425205667e+04
6.341107751023965102e+04
6.328450980826001614e+04
6.353949462593341013e+04
6.370405881615732505e+04
6.377200421879384521e+04
6.387816230338246532e+04
6.401817142872976547e+04
6.429990521187877312e+04
6.460581374616106768e+04
6.462533819263861369e+04
6.528722284631582443e+04
6.494294824602210429e+04
6.529140226953149977e+04
6.566014411332439340e+04
6.568978097397608508e+04
6.607622654542085365e+04
6.644402131876198109e+04
6.615604627762199380e+04
6.642076210842069122e+04
6.667535861314368958e+04
6.698973468315671198e+04
6.732715513516926148e+04
6.754118673623917857e+04
6.789255829772602010e+04
6.814293536654084164e+04
6.841543737275908643e+04
6.872128366036585066e+04
6.903094574276411731e+04
6.933170967409004516e+04
6.964490315938716230e+04
6.996555713091861981e+04
7.029145676692304551e+04
7.062408077235969540e+04
7.095999559193890309e+04
6.260970948336658330e+04
6.266493746291435673e+04
6.256559973418346635e+04
6.253265135906937212e+04
6.251089693562352477e+04
6.250035817475253134e+04
6.250104568526891671e+04
6.251295802684839146e+04
6.253608991064974543e+04
6.257045862574685452e+04
6.261607720032931684e+04
6.267278572858384723e+04
6.274128818143296667e+04
6.282106236035917391e+04
6.291226691762134578e+04
6.301446419713214709e+04
6.309398972996537486e+04
6.329902153174387786e+04
6.318152809080400039e+04
6.341821039778179693e+04
6.354216881980196194e+04
6.364787145405085175e+04
6.374678449084732711e+04
6.400764255605920334e+04
6.381127851126727182e+04
6.428621555679466110e+04
6.396486122021390474e+04
6.438171723944866244e+04
6.465439469531490613e+04
6.495015827521923347e+04
6.497353592409913836e+04
6.525531756801106530e+04
6.537576945903487649e+04
6.570864804679340159e+04
6.600826604034387856e+04
6.619045767027769762e+04
6.645390102017163008e+04
6.674165711206021660e+04
6.701362070562252484e+04
6.729849939637049101e+04
6.758023731532417878e+04
6.783975716782227391e+04
6.812361901952273911e+04
6.842404122406490205e+04
6.871971319005393889e+04
6.902379611141291389e+04
6.933391004445181170e+04
6.964991395837036544e+04
6.997322575516458892e+04
7.030027004618610954e+04
6.273123028223513393e+04
6.280852056260396057e+04
6.266493896402388782e+04
6.260971111704216310e+04
6.256560099347637151e+04
6.253265222534363420e+04
6.251089768070424907e+04
6.250035894542333699e+04
6.250104483677885582e+04
6.251295567547575774e+04
6.253609623684713733e+04
6.257047258854581014e+04
6.261609080521197757e+04
6.267292703722731676e+04
6.274058042219511117e+04
6.281760966428662505e+04
6.290025326284878975e+04
6.298737665127322543e+04
6.319878142007299903e+04
6.308968503572700865e+04
6.331909685397651629e+04
6.343284804098541645e+04
6.354357251234420255e+04
6.361304476317801164e+04
6.345034425773065595e+04
6.372936420624091988e+04
6.412606203779725911e+04
6.392466956170813501e+04
6.375592353043416369e+04
6.422296468659728998e+04
6.440633272063590994e+04
6.459026043172056234e+04
6.480335743401513901e+04
6.501565233416305273e+04
6.524272037512870884e+04
6.548529783933507133e+04
6.572153726855934656e+04
6.595562357446645910e+04
6.621014630345160549e+04
6.647184239794568566e+04
6.673960599579405971e+04
6.700666774360182171e+04
6.727524241653786157e+04
6.754587575667579949e+04
6.782898941040296631e+04
6.811873119107283128e+04
6.841260089186111873e+04
6.871399108565974166e+04
6.902142702448763885e+04
6.933541424151200044e+04
6.965446783374379447e+04
6.289673589064862608e+04
6.299578702716797125e+04
6.280852268385978095e+04
6.273123255629407504e+04
6.266494077272285358e+04
6.260971233975139330e+04
6.256560172507780953e+04
6.253265281861092080e+04
6.251089857892511645e+04
6.250035949030382471e+04
6.250104302409404045e+04
6.251295459521646990e+04
6.253609662461507105e+04
6.257040026985838631e+04
6.261567053482312622e+04
6.267142187248883420e+04
6.273680289423632348e+04
6.312840709316325956e+04
6.281193561956057238e+04
6.289990454908730317e+04
6.298718593367712310e+04
6.297706312428430101e+04
6.323136190162553248e+04
6.334551691294500051e+04
6.331648783393929625e+04
6.344882293688334903e+04
6.354671453368577204e+04
6.400375332278558199e+04
6.379544929730542208e+04
6.362523293629856926e+04
6.421679215374666819e+04
6.440683121177971043e+04
6.460388253526668268e+04
6.481088184495202586e+04
6.503071433877466916e+04
6.525232067169513903e+04
6.548301772647043254e+04
6.571701603421673644e+04
6.595878624903962191e+04
6.620992099693031923e+04
6.646332977616545395e+04
6.672246567808761029e+04
6.698751194915140513e+04
6.725712470913473226e+04
6.753544885358335159e+04
6.782031319900562812e+04
6.811157351053423190e+04
6.840939439231441065e+04
6.871366783639379719e+04
6.902435195643175393e+04
6.310558240025045961e+04
6.322601209311228013e+04
6.299578980290784239e+04
6.289673903393359069e+04
6.280852544653255609e+04
6.273123473092015047e+04
6.266494230740226340e+04
6.260971326238252368e+04
6.256560233116013114e+04
6.253265354694602865e+04
6.251089902170369169e+04
6.250035715712206002e+04
6.250104268711089389e+04
6.251294845184077712e+04
6.253597114801627322e+04
6.256989945162767981e+04
6.261456580974735698e+04
6.267034778371499851e+04
6.304973571189190261e+04
6.281153534163950098e+04
6.273801201991166454e+04
6.286123464659113233e+04
6.289999485375366203e+04
6.275945761430179846e+04
6.313880351888857695e+04
6.321178891723369452e+04
6.332655764334314881e+04
6.343582679565318540e+04
6.389154008484916994e+04
6.359367315469521418e+04
6.404997378908121027e+04
6.422561186526293022e+04
6.441106958123587538e+04
6.461055392747279984e+04
6.481263330597872846e+04
6.502648163586534065e+04
6.524622848035255447e+04
6.547357607525890489e+04
6.570819228573491273e+04
6.594808388672104047e+04
6.619500194009223196e+04
6.644846947649760114e+04
6.670859133732013288e+04
6.697483008463015722e+04
6.724871681170497322e+04
6.752935054224378837e+04
6.781668909876354155e+04
6.811080493426106113e+04
6.841173304159964027e+04
6.335696556803039130e+04
6.349831507262878586e+04
6.322601488336732291e+04
6.310558614224002667e+04
6.299579361944055563e+04
6.289674263763427007e+04
6.280852863204979803e+04
6.273123721034239134e+04
6.266494394507855031e+04
6.260971425669383461e+04
6.256560275427688612e+04
6.253265269273833110e+04
6.251089527406702837e+04
6.250035748178538051e+04
6.250104956508024043e+04
6.251287889997891762e+04
6.253571789141956106e+04
6.257019268388656928e+04
6.261683804032029730e+04
6.294244268629841827e+04
6.295656946281751152e+04
6.282847445447948121e+04
6.267644511140611576e+04
6.276778120667375333e+04
6.268821961667355208e+04
6.304466343323661567e+04
6.288925859482711530e+04
6.312965651263476320e+04
6.322458960294097051e+04
6.333575525861918140e+04
6.373393627661023493e+04
6.345875909957086697e+04
6.388740475346462335e+04
6.404613867064870283e+04
6.422062553627684247e+04
6.440511456863840431e+04
6.460104179024760379e+04
6.480630827610602864e+04
6.501814385855424916e+04
6.523674145654245513e+04
6.546216250489774393e+04
6.569557870752665622e+04
6.593600452164288436e+04
6.618352560518303653e+04
6.643809564849299204e+04
6.669999305272560741e+04
6.696901415242189250e+04
6.724505488694744417e+04
6.752817655934736831e+04
6.781846200704872899e+04
6.364993001923598786e+04
6.381166875231351150e+04
6.349831644240702008e+04
6.335696869225243427e+04
6.322601894036107842e+04
6.310559091858402826e+04
6.299579887038603192e+04
6.289674781552337663e+04
6.280853286760023911e+04
6.273124046637307765e+04
6.266494603907101555e+04
6.260971497571296641e+04
6.256560060706910008e+04
6.253264773766279541e+04
6.251089233377849450e+04
6.250036752728730789e+04
6.250105135070002871e+04
6.251302244893309398e+04
6.253665404287874117e+04
6.257350220118711150e+04
6.282357576468621119e+04
6.278087977259854233e+04
6.272726297368171072e+04
6.261025544537446694e+04
6.265368870456197328e+04
6.295080633337725885e+04
6.281238026200216700e+04
6.271392240158817731e+04
6.303577238783943903e+04
6.312498932219483686e+04
6.323133545420370501e+04
6.359058184581573732e+04
6.335682017296006234e+04
6.372135495023021940e+04
6.386458505430066725e+04
6.403021031195260730e+04
6.420865675251616631e+04
6.439675100598182325e+04
6.459267970117839286e+04
6.479597414123560156e+04
6.500682476843766199e+04
6.522566013656911673e+04
6.545264351638797234e+04
6.568586328510446765e+04
6.592722408598808397e+04
6.617616033759809216e+04
6.643257587290259835e+04
6.669639642122101213e+04
6.696765062173390470e+04
6.724643689095566515e+04
6.398337982110495068e+04
6.416491001656225853e+04
6.381166761830857286e+04
6.364993081614163384e+04
6.349831880065434962e+04
6.335697257627153158e+04
6.322602505208782532e+04
6.310559900607306190e+04
6.299580714306202572e+04
6.289675542965144268e+04
6.280853905893993942e+04
6.273124505929352017e+04
6.266494835718313698e+04
6.260971319641455193e+04
6.256559265524833609e+04
6.253259871903213934e+04
6.251081875492099061e+04
6.250027576540189330e+04
6.250107714930103975e+04
6.251335415371100680e+04
6.253595575708362594e+04
6.269033506326267525e+04
6.262022748100876925e+04
6.256973859362590156e+04
6.264578906420499698e+04
6.265802916505449684e+04
6.271905409292151307e+04
6.284107305575739156e+04
6.293871786412154324e+04
6.303315449313486897e+04
6.313023421840736410e+04
6.344465573411282821e+04
6.323941042128708068e+04
6.354032860904168774e+04
6.368868381104251603e+04
6.385043978164123109e+04
6.402178347415896860e+04
6.420141893731273740e+04
6.438860028247278387e+04
6.458354554092249600e+04
6.478679491066771880e+04
6.499830191971969180e+04
6.521745857828255976e+04
6.544435762478091056e+04
6.567929064405443205e+04
6.592210095628554700e+04
6.617273058130191930e+04
6.643119367152439372e+04
6.669758181045057427e+04
6.435608916517122998e+04
6.455675144671940507e+04
6.416490712720365264e+04
6.398337776672108885e+04
6.381166658764734166e+04
6.364993102324398205e+04
6.349832232276135619e+04
6.335698051429103361e+04
6.322603618685740366e+04
6.310561227218452404e+04
6.299581995072071004e+04
6.289676691554375429e+04
6.280854837673468865e+04
6.273125166642040131e+04
6.266494203032386577e+04
6.260964218125024490e+04
6.256539949331459502e+04
6.253235923921557696e+04
6.251054251949200989e+04
6.250010067113698460e+04
6.250124663941986364e+04
6.251445335491703008e+04
6.258952671033977094e+04
6.254256305748094019e+04
6.260019538011150871e+04
6.255178459054371342e+04
6.263010982218266145e+04
6.269643637436829158e+04
6.277611841189197003e+04
6.286024163130516536e+04
6.295668158756426419e+04
6.306822886419234419e+04
6.323554219832463423e+04
6.338146205895329331e+04
6.352858283832232701e+04
6.368272369738589623e+04
6.384524167537072208e+04
6.401568288881392800e+04
6.419395839247759432e+04
6.438080069446258130e+04
6.457622732981770969e+04
6.477993134599306359e+04
6.499150403258587903e+04
6.521142215951132675e+04
6.543963662629057217e+04
6.567609024684637552e+04
6.592079724704870023e+04
6.617384079659676354e+04
6.476671326144924387e+04
6.498579361690799851e+04
6.455674908855330432e+04
6.435608597311153426e+04
6.416490331489723758e+04
6.398337383245173987e+04
6.381166396070588962e+04
6.364993257943873323e+04
6.349833048374126520e+04
6.335699721690823935e+04
6.322605464570699405e+04
6.310563245171418384e+04
6.299583999212511844e+04
6.289678470092625503e+04
6.280855741552642576e+04
6.273113894783214346e+04
6.266466847641471395e+04
6.260925093989242305e+04
6.256500231532630278e+04
6.253189704451473517e+04
6.251003606235255575e+04
6.249982600148258643e+04
6.250247558877772099e+04
6.252160750738276693e+04
6.252161534388169821e+04
6.255398335910787864e+04
6.259366750000941101e+04
6.264765024660748895e+04
6.271450097823573014e+04
6.279473326392775198e+04
6.288748689624598046e+04
6.299825307618403895e+04
6.312081434343266301e+04
6.324803252841538051e+04
6.338273598146648874e+04
6.352650463119943015e+04
6.367903316173041821e+04
6.383983251150926662e+04
6.400936192986282549e+04
6.418786231130774831e+04
6.437499971672656102e+04
6.457050291292133625e+04
6.477449855030950857e+04
6.498716727525155875e+04
6.520847407313273288e+04
6.543844662339798379e+04
6.567716899521637242e+04
6.521380067341375980e+04
6.545053779290962120e+04
6.498579353694766905e+04
6.476671154419187224e+04
6.455674537003441947e+04
6.435608046223253041e+04
6.416489616110551287e+04
6.398336727395321941e+04
6.381166257998262154e+04
6.364993739135551004e+04
6.349834441336496820e+04
6.335701669075912650e+04
6.322608346380679723e+04
6.310566084880021663e+04
6.299587826805115765e+04
6.289660742336804833e+04
6.280813977087300009e+04
6.273061606459025643e+04
6.266416202348540537e+04
6.260872963146956317e+04
6.256423950133458857e+04
6.253081180219131056e+04
6.250872343926541362e+04
6.249914852113203233e+04
6.249952434924439876e+04
6.250921032900182036e+04
6.252858354053154471e+04
6.255942041922589851e+04
6.260352238662174204e+04
6.266105270405350166e+04
6.273096579966455465e+04
6.281161541789220064e+04
6.290536323273408198e+04
6.301014183319077711e+04
6.312466757183077425e+04
6.324831358881885535e+04
6.338106206050994660e+04
6.352320031652361649e+04
6.367441565354802879e+04
6.383501162129686418e+04
6.400467178081592283e+04
6.418313287244271487e+04
6.437038108047484275e+04
6.456660638452220155e+04
6.477182998043452244e+04
6.498610340458997962e+04
6.520952251778406935e+04
6.569580723712025792e+04
6.594939880208042450e+04
6.545054019271890138e+04
6.521380189758047345e+04
6.498579262123101944e+04
6.476670809009735967e+04
6.455673909410840133e+04
6.435607121381945763e+04
6.416488545148249978e+04
6.398335897451775236e+04
6.381166029371335753e+04
6.364994383746170206e+04
6.349836582314519910e+04
6.335704025064490270e+04
6.322603862398955243e+04
6.310539554514882184e+04
6.299522890488983830e+04
6.289588887446931767e+04
6.280752691222715657e+04
6.273010706525933347e+04
6.266350493609029945e+04
6.260766436630624958e+04
6.256301417627839692e+04
6.253001927012615488e+04
6.251021707980168867e+04
6.249999521415474737e+04
6.249980944666630967e+04
6.250994712733902270e+04
6.253153337972844747e+04
6.256570359821254533e+04
6.261179559544430958e+04
6.266856395947786950e+04
6.273817607638384652e+04
6.281839229752041138e+04
6.291012818252122815e+04
6.301225648649612413e+04
6.312426168621682882e+04
6.324635771795544861e+04
6.337813494338519376e+04
6.351971054540642217e+04
6.367088850016265496e+04
6.383131043756769941e+04
6.400092573142587207e+04
6.417982648960610823e+04
6.436805935623921687e+04
6.456569628668131190e+04
6.477284641532979003e+04
6.621110955286516401e+04
6.648071785875939531e+04
6.594940330098250706e+04
6.569581149437250861e+04
6.545054296322123992e+04
6.521380262443589891e+04
6.498579075172892772e+04
6.476670273846018245e+04
6.455672957135174511e+04
6.435605775780172553e+04
6.416486887353821658e+04
6.398334360414402181e+04
6.381165482543047256e+04
6.364993572475942347e+04
6.349826379952357820e+04
6.335669088278472918e+04
6.322526136956341361e+04
6.310441388561750500e+04
6.299445517501182621e+04
6.289541326611969998e+04
6.280705987382242893e+04
6.272938391494641110e+04
6.266254840004051948e+04
6.260704077376506757e+04
6.256441084439744736e+04
6.253265621932136128e+04
6.251149284047075344e+04
6.250056519319638755e+04
6.250037327599548735e+04
6.251154530701903423e+04
6.253440204386191908e+04
6.256874728573582252e+04
6.261466563597629283e+04
6.267212181742158282e+04
6.274048606434470275e+04
6.282014787622889708e+04
6.291051962491879385e+04
6.301145358842177666e+04
6.312268217857760465e+04
6.324414139163881919e+04
6.337572584118042141e+04
6.351708825205892208e+04
6.366807880957787711e+04
6.382872544177999225e+04
6.399904771926941612e+04
6.417912095644953661e+04
6.436906119783973554e+04
6.675801661331136711e+04
6.704277513242523128e+04
6.648072408779733814e+04
6.621111642295267666e+04
6.594940955893309729e+04
6.569581656427940470e+04
6.545054642505969241e+04
6.521380384705611505e+04
6.498578840509310248e+04
6.476669512798253709e+04
6.455671508234820794e+04
6.435603520804175787e+04
6.416483928923690110e+04
6.398328794618728716e+04
6.381144902105132496e+04
6.364953090870817687e+04
6.349746301324325759e+04
6.335553889481168153e+04
6.322410456114285626e+04
6.310393980806970649e+04
6.299424606069473521e+04
6.289504585637761193e+04
6.280655775615205494e+04
6.272915240588621964e+04
6.266346218399776990e+04
6.260931963173890836e+04
6.256613230232749629e+04
6.253351169784621015e+04
6.251156525292990409e+04
6.250055490629582346e+04
6.250083085354403738e+04
6.251254508675992838e+04
6.253566727419972449e+04
6.257015659892786061e+04
6.261590338557314681e+04
6.267285357370343991e+04
6.274098351575826382e+04
6.282003744062754413e+04
6.290983607814664720e+04
6.301026231276409817e+04
6.312123448851387366e+04
6.324250487774706562e+04
6.337385862163943966e+04
6.351526479173731059e+04
6.366670992528672650e+04
6.382825771485234145e+04
6.400004813686107082e+04
6.733478183838886616e+04
6.763380186820514791e+04
6.704278171780993580e+04
6.675802506451874797e+04
6.648073320955930103e+04
6.621112555790315673e+04
6.594941812772686535e+04
6.569582405251021555e+04
6.545055208605904045e+04
6.521380617616305244e+04
6.498578555833638529e+04
6.476668376965244533e+04
6.455669125696786796e+04
6.435596803447078128e+04
6.416456798272952437e+04
6.398272740391067782e+04
6.381073678233406827e+04
6.364845893702308967e+04
6.349628926278718427e+04
6.335503064075380098e+04
6.322432581833866425e+04
6.310397411189456034e+04
6.299412507540320075e+04
6.289507307963069616e+04
6.280716954080402502e+04
6.273052206659404328e+04
6.266496315087089170e+04
6.261022763837967068e+04
6.256629230794738396e+04
6.253323977642333921e+04
6.251121635922556743e+04
6.250044553895199351e+04
6.250101764603939955e+04
6.251290482018079638e+04
6.253607169180013443e+04
6.257049391904997174e+04
6.261615501504630083e+04
6.267294519500830211e+04
6.274076554675169609e+04
6.281950740300771577e+04
6.290909768338970753e+04
6.300938091032490047e+04
6.312016847452215006e+04
6.324138340819920268e+04
6.337298791019033524e+04
6.351499901007329026e+04
6.366763358980611520e+04
6.793961603227033629e+04
6.825199191246707051e+04
6.763380597912531812e+04
6.733478934210218722e+04
6.704279168517717335e+04
6.675803704074355483e+04
6.648074665459695098e+04
6.621113942971556389e+04
6.594943103743839310e+04
6.569583511652077141e+04
6.545056070280741551e+04
6.521381012118835497e+04
6.498578221286547341e+04
6.476666596083323384e+04
6.455646368103469285e+04
6.435528848972517881e+04
6.416378087889406015e+04
6.398197294705952663e+04
6.380980555663511768e+04
6.364790244518522377e+04
6.349656212675543065e+04
6.335539535649452591e+04
6.322454829472394340e+04
6.310422239314627950e+04
6.299465327227937087e+04
6.289599557015882601e+04
6.280824366132010618e+04
6.273130982403734379e+04
6.266522372625029675e+04
6.261010494896795717e+04
6.256594170159316127e+04
6.253283544030776829e+04
6.251096401311754744e+04
6.250037538748967927e+04
6.250104787241816666e+04
6.251296889951414778e+04
6.253614670651267079e+04
6.257053731923119631e+04
6.261609530405977421e+04
6.267275306837018434e+04
6.274045565175983938e+04
6.281910844472997269e+04
6.290858270900266507e+04
6.300878801359594945e+04
6.311970694253028341e+04
6.324131458385973383e+04
6.337357385643812449e+04
6.857069932572043035e+04
6.889551254549702571e+04
6.825199113524811401e+04
6.793961914239003090e+04
6.763381288081023376e+04
6.733480017247759679e+04
6.704280736945697572e+04
6.675805687617075455e+04
6.648076774658594513e+04
6.621115972522224183e+04
6.594944901701035269e+04
6.569585037052360713e+04
6.545057418121977389e+04
6.521383336473999225e+04
6.498569167221357202e+04
6.476607865237128135e+04
6.455548402851350693e+04
6.435463370934924023e+04
6.416331076360776933e+04
6.398158030851417425e+04
6.381002413596283441e+04
6.364848180967683584e+04
6.349702026404102071e+04
6.335585414767134353e+04
6.322511982978467859e+04
6.310500669309296791e+04
6.299552992344056838e+04
6.289666424065484171e+04
6.280849217470252916e+04
6.273127900201755256e+04
6.266508922336590331e+04
6.260983675592279178e+04
6.256565406497599179e+04
6.253266769475795445e+04
6.251090107532448019e+04
6.250035838660490845e+04
6.250104930075394805e+04
6.251298117703312892e+04
6.253613569633794395e+04
6.257048420659431576e+04
6.261599271466000209e+04
6.267260685375067260e+04
6.274024878406261996e+04
6.281884026122785872e+04
6.290832131216346897e+04
6.300864466627064394e+04
6.311972914807789493e+04
6.922619099252831074e+04
6.956251454891565663e+04
6.889550714275058999e+04
6.857069632574096613e+04
6.825199133482039906e+04
6.793962348173085775e+04
6.763382418081776996e+04
6.733482073937875975e+04
6.704283417334283877e+04
6.675808662433389691e+04
6.648079787836885953e+04
6.621118808007179177e+04
6.594947370150971983e+04
6.569588489914815000e+04
6.545061197826886928e+04
6.521350918564332096e+04
6.498473762287261343e+04
6.476517946503250278e+04
6.455523068042701198e+04
6.435460008667776128e+04
6.416349083715762390e+04
6.398214479622184444e+04
6.381059782075210387e+04
6.364906293626464321e+04
6.349769151536837308e+04
6.335663016976672952e+04
6.322598174358988763e+04
6.310566451303716167e+04
6.299575233949191897e+04
6.289656207417383121e+04
6.280842713886245474e+04
6.273123965435443097e+04
6.266496869716028596e+04
6.260972218796831294e+04
6.256560321478126571e+04
6.253264948927200021e+04
6.251089180421814672e+04
6.250035549723696749e+04
6.250104933926146623e+04
6.251297197496259469e+04
6.253611160332796862e+04
6.257044334852924658e+04
6.261592595040870219e+04
6.267250713350755541e+04
6.274013125595966267e+04
6.281873792685459921e+04
6.290826311749641172e+04
6.990423781407957722e+04
7.025114145101881877e+04
6.956250744909956120e+04
6.922618362323059409e+04
6.889550043230025040e+04
6.857069171695156547e+04
6.825199162093056657e+04
6.793963351570304076e+04
6.763384610294808226e+04
6.733485150001313013e+04
6.704287326896619925e+04
6.675813046319659043e+04
6.648084186619753018e+04
6.621124519963173952e+04
6.594954093656620535e+04
6.569577718865381030e+04
6.544992368092209654e+04
6.521243318643598468e+04
6.498423137686448172e+04
6.476532060276661650e+04
6.455551155581036437e+04
6.435504577378552494e+04
6.416408183040045697e+04
6.398277109317952272e+04
6.381133435679806280e+04
6.364987523760603653e+04
6.349856907936348580e+04
6.335734656777671626e+04
6.322622540334991209e+04
6.310545095612128353e+04
6.299552898815774097e+04
6.289659100985142140e+04
6.280851585253179655e+04
6.273126412707020791e+04
6.266495725086371385e+04
6.260971620810669992e+04
6.256559874801294063e+04
6.253264772788656410e+04
6.251089361457937048e+04
6.250035665008742217e+04
6.250104722774288530e+04
6.251296476207429077e+04
6.253609565383342124e+04
6.257041405094039510e+04
6.261588427888064325e+04
6.267246122014651337e+04
6.274009033165816800e+04
7.060298228362058580e+04
7.095953789664541546e+04
7.025113578051124932e+04
6.990422981464778422e+04
6.956249740668768936e+04
6.922617255380023562e+04
6.889548985017748782e+04
6.857068565971757926e+04
6.825199700459427550e+04
6.793965177858447714e+04
6.763387766245474631e+04
6.733489845730474917e+04
6.704293400692091382e+04
6.675821657998324372e+04
6.648096949281136040e+04
6.621118871273621335e+04
6.594911499817518052e+04
6.569484095627036004e+04
6.544905261158814392e+04
6.521238109651288687e+04
6.498462230551999528e+04
6.476578181586571009e+04
6.455609815634726692e+04
6.435571665610098717e+04
6.416485391485135915e+04
6.398362943607081979e+04
6.381219827468148287e+04
6.365061304617996939e+04
6.349884898720020283e+04
6.335708496237143845e+04
6.322576439218284941e+04
6.310531246123355231e+04
6.299569765759180882e+04
6.289683582394586847e+04
6.280857274111711740e+04
6.273125864060075401e+04
6.266495094468712341e+04
6.260971395091450540e+04
6.256560016902635107e+04
6.253265003699606314e+04
6.251089521503382275e+04
6.250035698888846673e+04
6.250104537654388696e+04
6.251295875253469421e+04
6.253608428269495926e+04
6.257039834453878575e+04
6.261586638732021675e+04
7.132057140684823389e+04
7.168585714256446226e+04
7.095953503460783395e+04
7.060297665379034879e+04
7.025112686038583342e+04
6.990421768601630174e+04
6.956248239574328181e+04
6.922615613854167168e+04
6.889547549996311136e+04
6.857067815148537920e+04
6.825200129947248206e+04
6.793967510067006515e+04
6.763392696215958858e+04
6.733499063593003666e+04
6.704312158421015192e+04
6.675816845419988385e+04
6.648049233098792320e+04
6.621043507066406892e+04
6.594817253641276329e+04
6.569437907450768398e+04
6.544933806196526712e+04
6.521290929763991153e+04
6.498523009840191662e+04
6.476649570644911000e+04
6.455690252315145335e+04
6.435660424947566935e+04
6.416570974321669928e+04
6.398432167786247010e+04
6.381247482113467413e+04
6.365033017156583810e+04
6.349823703402735555e+04
6.335667295839222061e+04
6.322581347096152604e+04
6.310562626080212794e+04
6.299585520522767183e+04
6.289678453714243369e+04
6.280855359125046380e+04
6.273124887805327307e+04
6.266494766320658528e+04
6.260971398772640532e+04
6.256560088451221236e+04
6.253265084518561343e+04
6.251089577141367045e+04
6.250035661432432244e+04
6.250104324426111270e+04
6.251295457620161324e+04
6.253607858641587518e+04
7.205516488333817688e+04
7.242826769376941957e+04
7.168585671184763487e+04
7.132056906317181711e+04
7.095952968540968141e+04
7.060296783621392387e+04
7.025111406989711395e+04
6.990420034701740951e+04
6.956246107764451881e+04
6.922613256448766333e+04
6.889545175963848305e+04
6.857065170574111107e+04
6.825200429329744657e+04
6.793971811113879085e+04
6.763409612299111905e+04
6.733496755367214791e+04
6.704241075584835198e+04
6.675729488716664491e+04
6.647967495499383949e+04
6.620980116458068369e+04
6.594815976493795461e+04
6.569488590119052969e+04
6.544999818527517346e+04
6.521366253181150387e+04
6.498605983004189329e+04
6.476741431905586069e+04
6.455780233153347945e+04
6.435726458743616968e+04
6.416591085957762698e+04
6.398399509584393672e+04
6.381179956762979418e+04
6.364972218302262627e+04
6.349806906020202587e+04
6.335690464437448099e+04
6.322604786387648346e+04
6.310562120623145165e+04
6.299582614032408310e+04
6.289676622229648638e+04
6.280854218902187858e+04
6.273124296146800771e+04
6.266494497018503171e+04
6.260971298186876083e+04
6.256560065161280363e+04
6.253265078978229576e+04
6.251089536440421216e+04
6.250035552424151683e+04
6.250104172387548169e+04
7.280494106382297468e+04
7.318495910943469789e+04
7.242826871875293727e+04
7.205516509614692768e+04
7.168585498737690796e+04
7.132056480401694716e+04
7.095952231071551796e+04
7.060295631828697515e+04
7.025109696198620077e+04
6.990417601777573873e+04
6.956242852031771326e+04
6.922609298683067027e+04
6.889540835731703555e+04
6.857061667004518677e+04
6.825199899912503315e+04
6.793979147675052809e+04
6.763329722635660437e+04
6.733375393142286339e+04
6.704159012888719735e+04
6.675678800311389205e+04
6.647952653747417207e+04
6.621015450190518459e+04
6.594884443576824560e+04
6.569570437487818708e+04
6.545085321513687813e+04
6.521458895655150263e+04
6.498704849072514480e+04
6.476814865966396610e+04
6.455795049633927556e+04
6.435682954697211972e+04
6.416519720235478599e+04
6.398330861652828753e+04
6.381146070941906510e+04
6.364976727122512966e+04
6.349825703475135379e+04
6.335695385195701238e+04
6.322602712536367471e+04
6.310560597223422519e+04
6.299581183108192636e+04
6.289675497687100869e+04
6.280853461191288079e+04
6.273123836730983021e+04
6.266494235395578289e+04
6.260971146363139997e+04
6.256559960891270748e+04
6.253264985866560164e+04
6.251089467209705617e+04
7.356810223556704295e+04
7.395414702800274245e+04
7.318496093607279181e+04
7.280494277743660496e+04
7.242826945552890538e+04
7.205516439054922375e+04
7.168585256138496334e+04
7.132056010752821749e+04
7.095951412458920095e+04
7.060294234233532916e+04
7.025107333815675520e+04
6.990413890976291441e+04
6.956237589405947074e+04
6.922602497082726040e+04
6.889541767660590995e+04
6.857057227137134760e+04
6.825140681601918186e+04
6.793826924578603939e+04
6.763221287821004807e+04
6.733334964649617905e+04
6.704159492628641601e+04
6.675708557415481482e+04
6.648016306255989184e+04
6.621104098165885080e+04
6.594977983117285476e+04
6.569665744992117106e+04
6.545193763414435671e+04
6.521556200088925107e+04
6.498734987236421875e+04
6.476762500334510696e+04
6.455711792713141040e+04
6.435613691597976140e+04
6.416479313475385425e+04
6.398323987343858607e+04
6.381156246913626092e+04
6.364986823589328560e+04
6.349828869540591404e+04
6.335696191452988569e+04
6.322602289833575924e+04
6.310559733573111589e+04
6.299580279183842504e+04
6.289674743089394906e+04
6.280852900258101727e+04
6.273123439965624857e+04
6.266493956719085691e+04
6.260970952629247768e+04
6.256559859927761136e+04
7.434287892158587056e+04
7.473407745503490150e+04
7.395414948741901026e+04
7.356810488543994143e+04
7.318496308932083775e+04
7.280494418020926241e+04
7.242827007042549667e+04
7.205516427050034690e+04
7.168585140810516896e+04
7.132055692579045717e+04
7.095950618201603356e+04
7.060292476550214633e+04
7.025103964340046514e+04
6.990407748015296238e+04
6.956241779731978022e+04
6.922607176629515016e+04
6.889496968336131249e+04
6.856932515969440283e+04
6.825003029662318295e+04
6.793770313354676182e+04
6.763236720072533353e+04
6.733381050942691218e+04
6.704223719205147063e+04
6.675799399314117909e+04
6.648123795827369031e+04
6.621211361008594395e+04
6.595096696857512870e+04
6.569793390537325467e+04
6.545265350532414595e+04
6.521517083444057062e+04
6.498630176250865770e+04
6.476682755138936773e+04
6.455672258537809830e+04
6.435601860327724717e+04
6.416482624417833722e+04
6.398330762195519492e+04
6.381161565173512645e+04
6.364989815816995542e+04
6.349830176632498478e+04
6.335696491952412907e+04
6.322601988932714448e+04
6.310559158587309503e+04
6.299579648056906444e+04
6.289674166187946685e+04
6.280852420424584852e+04
6.273123075720044289e+04
6.266493746557358099e+04
7.512753345245409582e+04
7.552303036812582286e+04
7.473408041137312830e+04
7.434288226847977785e+04
7.395415264587744605e+04
7.356810768669786921e+04
7.318496543111176288e+04
7.280494632524724875e+04
7.242827237998036435e+04
7.205516698693894432e+04
7.168585413229554251e+04
7.132055788942262006e+04
7.095950049125855730e+04
7.060290720733108174e+04
7.025109520987675933e+04
6.990426766574262001e+04
6.956220018454441743e+04
6.922510190962116758e+04
6.889347865579783684e+04
6.856828973190374381e+04
6.824998440190269321e+04
6.793832400487725681e+04
6.763315718851784186e+04
6.733474776095028210e+04
6.704343627318696235e+04
6.675928347638162086e+04
6.648257735895416408e+04
6.621362576090444054e+04
6.595223185286698572e+04
6.569795653444022173e+04
6.545149383156515978e+04
6.521401139233765571e+04
6.498581585060354701e+04
6.476670002440976532e+04
6.455671889075719082e+04
6.435604270843498671e+04
6.416486088080853369e+04
6.398333904489667475e+04
6.381163869938824064e+04
6.364991318423965276e+04
6.349830905242310837e+04
6.335696627944919601e+04
6.322601741978596692e+04
6.310558708834031131e+04
6.299579126667729724e+04
6.289673671220167307e+04
6.280852056351874489e+04
7.592036363817899837e+04
7.631932269140249991e+04
7.552303306230825547e+04
7.512753702036417963e+04
7.473408424991507491e+04
7.434288636291272996e+04
7.395415663878263149e+04
7.356811148191457323e+04
7.318496928879381448e+04
7.280495097847572470e+04
7.242827864703183877e+04
7.205517793876017095e+04
7.168586608265883115e+04
7.132056944639784342e+04
7.095955329321074532e+04
7.060313589698624855e+04
7.025114823339240684e+04
6.990357491054052662e+04
6.956083142902870895e+04
6.922360687531433359e+04
6.889286567126643786e+04
6.856878423376030696e+04
6.825096401396577130e+04
6.793938417961285450e+04
6.763441921045439085e+04
6.733622008152009221e+04
6.704496914619630843e+04
6.676094265675272618e+04
6.648422749813944392e+04
6.621422174842581444e+04
6.595112321558663098e+04
6.569629063214735652e+04
6.545060093492067972e+04
6.521380655085280887e+04
6.498579524936156668e+04
6.476669966719461809e+04
6.455672524636195158e+04
6.435605970645043999e+04
6.416488024467669311e+04
6.398335724200090772e+04
6.381165276755607920e+04
6.364992202347465354e+04
6.349831305330731993e+04
6.335696636725716962e+04
6.322601475280115847e+04
6.310558287259020290e+04
6.299578700692491839e+04
7.671970584780412901e+04
7.712131069974794809e+04
7.631932399887376232e+04
7.592036632172095415e+04
7.552303663564643648e+04
7.512754172593186377e+04
7.473408991562844312e+04
7.434289241714929813e+04
7.395416261203524482e+04
7.356811753689510806e+04
7.318497613490483491e+04
7.280495845337150968e+04
7.242829319482194842e+04
7.205519654317865206e+04
7.168589919490816828e+04
7.132070522516957135e+04
7.095973615315293137e+04
7.060277314937984920e+04
7.025003754017625761e+04
6.990196718436352967e+04
6.955958662117707718e+04
6.922361316133668879e+04
6.889386982795767835e+04
6.857002708037030243e+04
6.825225680571798875e+04
6.794089330554906337e+04
6.763606829369084153e+04
6.733796676018327707e+04
6.704671876938476635e+04
6.676199150455940980e+04
6.648335440676285361e+04
6.621207692356609914e+04
6.594954304572351975e+04
6.569580106553832593e+04
6.545053860792212799e+04
6.521380114848320227e+04
6.498578733634501259e+04
6.476670076225710363e+04
6.455673362869431003e+04
6.435607195841270732e+04
6.416489352563914872e+04
6.398336875810045603e+04
6.381166125007349910e+04
6.364992702495317644e+04
6.349831467460837302e+04
6.335696519289608841e+04
6.322601204187297844e+04
7.752393736326982616e+04
7.792739191791774647e+04
7.712131012333360559e+04
7.671970659451051324e+04
7.631932585506264877e+04
7.592036969900985423e+04
7.552304249013413209e+04
7.512754974498449883e+04
7.473409891798533499e+04
7.434290178506582743e+04
7.395417180150045897e+04
7.356812725608680921e+04
7.318498781038541347e+04
7.280497777961204702e+04
7.242831288715409755e+04
7.205525154058901535e+04
7.168603103094846301e+04
7.132064511962406687e+04
7.095903595188727195e+04
7.060143783924973104e+04
7.024853399156051455e+04
6.990138436407902918e+04
6.956029709229221044e+04
6.922496496136924543e+04
6.889518440177598677e+04
6.857141914778058708e+04
6.825383389474246360e+04
6.794256760681634478e+04
6.763768296886765165e+04
6.733907876584553742e+04
6.704618920596694807e+04
6.675958322499708447e+04
6.648102426854312944e+04
6.621109272157655505e+04
6.594937508500153490e+04
6.569579741725686472e+04
6.545053510688532697e+04
6.521379672308386216e+04
6.498578754294959799e+04
6.476670501707500080e+04
6.455674128812799609e+04
6.435608089900777122e+04
6.416490200514930621e+04
6.398337575897505303e+04
6.381166598579764104e+04
6.364992925593306427e+04
6.349831499609347520e+04
7.833147748948600201e+04
7.873600657445141405e+04
7.792739029048367229e+04
7.752393622717332619e+04
7.712130949497618712e+04
7.671970688139238337e+04
7.631932893904641969e+04
7.592037677349529986e+04
7.552305273867277720e+04
7.512756260295497486e+04
7.473411291870153218e+04
7.434291626938302943e+04
7.395418633344878617e+04
7.356814243759785313e+04
7.318500159980094759e+04
7.280503886315424461e+04
7.242840628295608622e+04
7.205532698038675881e+04
7.168576105718599865e+04
7.131982182283581642e+04
7.095775111088882841e+04
7.060047729812275793e+04
7.024872002734612033e+04
6.990252541920349177e+04
6.956169807289048913e+04
6.922611268032340740e+04
6.889645413434108195e+04
6.857277096725332376e+04
6.825511958852097450e+04
6.794343046372645767e+04
6.763738501873680798e+04
6.733685859801236074e+04
6.704335171084346075e+04
6.675803675760196347e+04
6.648068265074120427e+04
6.621108363243211352e+04
6.594938625264116854e+04
6.569580032783081697e+04
6.545053528341913625e+04
6.521379768043298827e+04
6.498579022628653183e+04
6.476670957391639240e+04
6.455674670588311710e+04
6.435608649609666463e+04
6.416490698465376772e+04
6.398337951190019521e+04
6.381166866735809162e+04
7.914078813546734455e+04
7.954563866056194820e+04
7.873600539972311526e+04
7.833147581320903555e+04
7.792738805374865478e+04
7.752393368006355013e+04
7.712130791110426071e+04
7.671970891643724462e+04
7.631933573402235925e+04
7.592038839401764562e+04
7.552306903530935233e+04
7.512758313063843525e+04
7.473413548210781300e+04
7.434293976731906878e+04
7.395421313349362754e+04
7.356812532336539880e+04
7.318522356470685918e+04
7.280519578033359721e+04
7.242840717861686426e+04
7.205494248830708966e+04
7.168496110541895905e+04
7.131885573465937341e+04
7.095742954430128157e+04
7.060107940934078943e+04
7.024962687294025091e+04
6.990332195441950171e+04
6.956231155770098849e+04
6.922689694988908013e+04
6.889724661416777235e+04
6.857326759051263798e+04
6.825487155174805957e+04
6.794175942234981630e+04
6.763464832325944735e+04
6.733491683202472632e+04
6.704277998033161566e+04
6.675800228754749696e+04
6.648070312384638237e+04
6.621109493787831161e+04
6.594939327509558643e+04
6.569580382345005637e+04
6.545053724241920281e+04
6.521379968211581581e+04
6.498579255085628392e+04
6.476671238814442040e+04
6.455674980050171871e+04
6.435608944199161488e+04
6.416490994109768508e+04
7.995037489693635143e+04
8.035481664268550230e+04
7.954563874091282196e+04
7.914078739090882300e+04
7.873600342830520822e+04
7.833147251660180336e+04
7.792738362917705672e+04
7.752393006992038863e+04
7.712130744460500136e+04
7.671971186811865482e+04
7.631934597184277663e+04
7.592040710775397019e+04
7.552309608362843574e+04
7.512761798397054372e+04
7.473418828392701107e+04
7.434301833839420578e+04
7.395457209495086863e+04
7.356861850416008383e+04
7.318531616775214206e+04
7.280500508086108312e+04
7.242792327041608223e+04
7.205422889066762582e+04
7.168438112947586342e+04
7.131889226730773225e+04
7.095789835675842187e+04
7.060150127312861150e+04
7.024993142224063922e+04
6.990347999677827465e+04
6.956251784391670662e+04
6.922711125733362860e+04
6.889707646288353135e+04
6.857227194222190883e+04
6.825285360219697759e+04
6.793987728069968580e+04
6.763388679713667079e+04
6.733482248720432108e+04
6.704278830697883677e+04
6.675801306981085509e+04
6.648071384415907960e+04
6.621110446821888036e+04
6.594939787289498781e+04
6.569580617143475683e+04
6.545053845252864994e+04
6.521380054300177289e+04
6.498579353877351969e+04
6.476671349225562153e+04
6.455675139316238347e+04
8.075878835390803579e+04
8.116211387348208518e+04
8.035481778853965807e+04
7.995037559655560472e+04
7.954563832098619605e+04
7.914078549578650563e+04
7.873599967493618897e+04
7.833146712668248801e+04
7.792737764102914662e+04
7.752392424660180404e+04
7.712130524806313042e+04
7.671971635267032252e+04
7.631936308603589714e+04
7.592043962638631638e+04
7.552315444388115429e+04
7.512775628495482670e+04
7.473451378995178675e+04
7.434363130012161855e+04
7.395477258294714557e+04
7.356837072039849591e+04
7.318482569118995161e+04
7.280442620289890328e+04
7.242733859420794761e+04
7.205389164583028469e+04
7.168449019778477668e+04
7.131900555045111105e+04
7.095781704606271524e+04
7.060117579297492921e+04
7.024957615142331633e+04
6.990348087890633906e+04
6.956265366334300779e+04
6.922682506451485096e+04
6.889605217219117912e+04
6.857095696034400316e+04
6.825212555055080156e+04
6.793971666886488674e+04
6.763386367774441896e+04
6.733481127660204947e+04
6.704278824227153382e+04
6.675801795396562375e+04
6.648071895946997392e+04
6.621110787591038388e+04
6.594939953569587669e+04
6.569580659704566642e+04
6.545053841835472122e+04
6.521380028879085876e+04
6.498579358873979800e+04
8.156462457214310416e+04
8.196614875126369589e+04
8.116211573126855365e+04
8.075879024567382294e+04
8.035481901517712686e+04
7.995037581181841961e+04
7.954563709512508649e+04
7.914078238128764497e+04
7.873599429938413959e+04
7.833145915795289329e+04
7.792736647195709520e+04
7.752391365015534393e+04
7.712130089624953689e+04
7.671972371298557846e+04
7.631937801747366029e+04
7.592053230979733053e+04
7.552342753987900505e+04
7.512826665523125848e+04
7.473486388597886253e+04
7.434329319714968733e+04
7.395407932455868286e+04
7.356766153129709710e+04
7.318425652762428217e+04
7.280397787501748826e+04
7.242714509571452800e+04
7.205384617115622677e+04
7.168417458712593361e+04
7.131847999739693478e+04
7.095716924458827998e+04
7.060093827943965152e+04
7.025008770930221363e+04
6.990401563215146598e+04
6.956257274659765244e+04
6.922627625907142647e+04
6.889561932878867083e+04
6.857079680754545552e+04
6.825208171549376857e+04
6.793968057183777273e+04
6.763384288958784600e+04
6.733480219769314863e+04
6.704278633252323198e+04
6.675801867034043244e+04
6.648071985229477286e+04
6.621110811239534814e+04
6.594939929397992091e+04
6.569580601738633413e+04
6.545053779141065752e+04
8.236652462661004392e+04
8.276558467157937412e+04
8.196615134096653492e+04
8.156462742923546466e+04
8.116211827753017133e+04
8.075879218256182503e+04
8.035482017031016585e+04
7.995037586145124806e+04
7.954563557576375024e+04
7.914077811485833081e+04
7.873598605875852809e+04
7.833144554566405714e+04
7.792734745010151528e+04
7.752388214126449020e+04
7.712124064862253726e+04
7.671968547197803855e+04
7.631946869681480166e+04
7.592077962184570788e+04
7.552363602260989137e+04
7.512793501577436109e+04
7.473398531842064403e+04
7.434236829422524897e+04
7.395341728665046685e+04
7.356724836733315897e+04
7.318395541942295677e+04
7.280385818795081286e+04
7.242690935309296765e+04
7.205342695093888324e+04
7.168365165765365236e+04
7.131817560580640566e+04
7.095774526192758640e+04
7.060219374993519159e+04
7.025084333539515501e+04
6.990406708101673576e+04
6.956241715811268659e+04
6.922620245886438352e+04
6.889555863176212006e+04
6.857076458186624222e+04
6.825204791647290403e+04
6.793965645168196352e+04
6.763382840658273199e+04
6.733479456281587773e+04
6.704278249741817126e+04
6.675801658292929642e+04
6.648071859011054039e+04
6.621110733760842413e+04
6.594939883557341818e+04
8.316317429117957363e+04
8.355912979857814207e+04
8.276558818288095063e+04
8.236652851718827151e+04
8.196615516264333564e+04
8.156463083076562907e+04
8.116212110966510954e+04
8.075879449651755567e+04
8.035482183175928367e+04
7.995037652475881623e+04
7.954563401976723981e+04
7.914077231879059400e+04
7.873597267836348328e+04
7.833138111593696522e+04
7.792719145720188681e+04
7.752365696401543391e+04
7.712105393968200951e+04
7.671956985409972549e+04
7.631935949321968656e+04
7.592042467277757532e+04
7.552278931070458202e+04
7.512689801098049793e+04
7.473325624900085677e+04
7.434202293768660456e+04
7.395317592916126887e+04
7.356711807072398369e+04
7.318393749241616752e+04
7.280376415106754575e+04
7.242679318550122844e+04
7.205338041986993630e+04
7.168410665831994265e+04
7.131953935696759436e+04
7.095910973906150321e+04
7.060271352973878675e+04
7.025094417857135704e+04
6.990413297356622934e+04
6.956247568677536037e+04
6.922621028890136222e+04
6.889554665581224253e+04
6.857074095269187819e+04
6.825202595264666888e+04
6.793964036340203893e+04
6.763381733018843806e+04
6.733478727409934800e+04
6.704277794202715450e+04
6.675801414793627919e+04
6.648071793838981830e+04
8.395330388314546144e+04
8.434553669438922952e+04
8.355913427162003063e+04
8.316317931283504004e+04
8.276559340839803917e+04
8.236653351611792459e+04
8.196615970575493702e+04
8.156463488428333949e+04
8.116212468216077832e+04
8.075879783401112945e+04
8.035482532680647273e+04
7.995037945879645122e+04
7.954563380070692801e+04
7.914069550561341748e+04
7.873569297542887216e+04
7.833095646596445295e+04
7.792667847000093025e+04
7.752311307116664830e+04
7.712049599216824572e+04
7.671902539888712636e+04
7.631868170518740953e+04
7.591955081603240978e+04
7.552213080670232011e+04
7.512670587106421590e+04
7.473321344591802335e+04
7.434203482222199091e+04
7.395340591927304922e+04
7.356739719291622168e+04
7.318421508969139541e+04
7.280405838174767268e+04
7.242726003071705054e+04
7.205432007769684424e+04
7.168545736562750244e+04
7.132034044120991894e+04
7.095933554509836540e+04
7.060283146144107741e+04
7.025104020781583677e+04
6.990418236055104353e+04
6.956250209309870843e+04
6.922620676718732284e+04
6.889553570790318190e+04
6.857072520623424498e+04
6.825201146749472537e+04
6.793962837931788818e+04
6.763380823597623385e+04
6.733478128092223778e+04
6.704277525382228487e+04
8.473568775071033451e+04
8.512360182960430393e+04
8.434554182240276714e+04
8.395330986746340932e+04
8.355914081563976652e+04
8.316318605945953459e+04
8.276560008224460762e+04
8.236653984609244799e+04
8.196616537916821835e+04
8.156464005823060870e+04
8.116213046909924014e+04
8.075880569737208134e+04
8.035483497383526992e+04
7.995031494225079950e+04
7.954525697130378103e+04
7.914003830793952511e+04
7.873493187621432298e+04
7.833000613942994096e+04
7.792561540878859523e+04
7.752223116552017746e+04
7.711992014903914242e+04
7.671856490191853663e+04
7.631833355729233881e+04
7.591961375360774400e+04
7.552243270099835354e+04
7.512702024565999454e+04
7.473367909120778495e+04
7.434258167499005503e+04
7.395390477949795604e+04
7.356789398820449424e+04
7.318472802432706521e+04
7.280460575199175219e+04
7.242802241568249883e+04
7.205502983590149961e+04
7.168572046799414966e+04
7.132044438702662592e+04
7.095942992926517036e+04
7.060290217919857241e+04
7.025109187286203087e+04
6.990421785900839313e+04
6.956251325197394181e+04
6.922620453910896322e+04
6.889552669653027260e+04
6.857071413777406269e+04
6.825200048659396998e+04
6.793961904151224007e+04
6.763380199848754273e+04
8.550914379746298073e+04
8.589216500199458096e+04
8.512360669136390788e+04
8.473569402862947027e+04
8.434554912133830658e+04
8.395331828052480705e+04
8.355914986963565752e+04
8.316319547005741333e+04
8.276560909713174624e+04
8.236654823169372685e+04
8.196617394795811560e+04
8.156465194591860927e+04
8.116214515101877623e+04
8.075877496054583753e+04
8.035447542447903834e+04
7.994946414834451571e+04
7.954426913155417424e+04
7.913890998697519535e+04
7.873340859390133119e+04
7.832871718173290719e+04
7.792502123870597279e+04
7.752220038151698827e+04
7.712012208333946182e+04
7.671900077404333570e+04
7.631906722150399582e+04
7.592040745781559963e+04
7.552321590547388769e+04
7.512777259113737091e+04
7.473430188615385850e+04
7.434308984646371391e+04
7.395434375304843707e+04
7.356820330768048007e+04
7.318491678841860266e+04
7.280489513935359719e+04
7.242820925107835501e+04
7.205509351283467549e+04
7.168578169873883598e+04
7.132050155682010518e+04
7.095948076177272014e+04
7.060294310336478520e+04
7.025111804748111172e+04
6.990423343407156062e+04
6.956251640208561730e+04
6.922620092674318585e+04
6.889551937282951258e+04
6.857070506679736718e+04
6.825199199863425747e+04
8.627253331440675538e+04
8.665010867676195630e+04
8.589216834115546953e+04
8.550914910315934685e+04
8.512361356701345358e+04
8.473570303541541216e+04
8.434556017518286535e+04
8.395333130361385702e+04
8.355916338414511119e+04
8.316320895122732327e+04
8.276562259319364966e+04
8.236656588464877859e+04
8.196619577876733092e+04
8.156465911314888217e+04
8.116192767621527310e+04
8.075793209282991302e+04
8.035322844004821673e+04
7.994835959976472077e+04
7.954275418380911287e+04
7.913733025772262772e+04
7.873277269454427005e+04
7.832900053825628129e+04
7.792580619054578710e+04
7.752312224917481944e+04
7.712125013264092559e+04
7.672031361504201777e+04
7.632030513631498616e+04
7.592139618195041839e+04
7.552393565903710260e+04
7.512820918324693048e+04
7.473455584468293819e+04
7.434316578739754914e+04
7.395422350361499412e+04
7.356809768046326644e+04
7.318494923297784408e+04
7.280491861598727701e+04
7.242823479192545346e+04
7.205512472740020894e+04
7.168581604805709503e+04
7.132053452434670180e+04
7.095950822938508645e+04
7.060296604950820620e+04
7.025113227352306421e+04
6.990423896733015135e+04
6.956251649749053468e+04
6.922619660407297488e+04
6.889551254983930266e+04
8.702476058450558048e+04
8.739635727956796472e+04
8.665011007107020123e+04
8.627253654393301986e+04
8.589217327109804319e+04
8.550915612384355336e+04
8.512362469109604717e+04
8.473571870775261777e+04
8.434557847460353514e+04
8.395335125110835361e+04
8.355918399669404607e+04
8.316323331519647036e+04
8.276565399922376673e+04
8.236660087833450234e+04
8.196614927076248568e+04
8.156408253986846830e+04
8.116071795088352519e+04
8.075688502379744023e+04
8.035227898188268591e+04
7.994690087605605368e+04
7.954204087352599890e+04
7.913777640853915364e+04
7.873394051791592210e+04
7.833037123308442824e+04
7.792721238585821993e+04
7.752476260398398153e+04
7.712292704100751143e+04
7.672163449581549503e+04
7.632110338569655141e+04
7.592176842377854337e+04
7.552391612005229399e+04
7.512796500868657313e+04
7.473419258957645798e+04
7.434286155479663284e+04
7.395413904694448865e+04
7.356809850065104547e+04
7.318495391545281745e+04
7.280492842541917344e+04
7.242824989103408006e+04
7.205514329441636801e+04
7.168583576656099467e+04
7.132055422043577710e+04
7.095952481823107519e+04
7.060297674263728550e+04
7.025113874123590358e+04
6.990424080115926336e+04
6.956251447724738682e+04
8.776477126813237555e+04
8.812987646008841693e+04
8.739635778970888350e+04
8.702476195901911706e+04
8.665011240697627363e+04
8.627253987424221123e+04
8.589218077663805161e+04
8.550917068743666459e+04
8.512364505248989735e+04
8.473574431980247027e+04
8.434560688410337025e+04
8.395338338576084061e+04
8.355922439195684274e+04
8.316328715975569503e+04
8.276572075546416454e+04
8.236640931054369139e+04
8.196533892711692897e+04
8.156312373226298951e+04
8.116024474546518468e+04
8.075613561142736580e+04
8.035162707197856798e+04
7.994736038510604703e+04
7.954331006603257265e+04
7.913934489259928523e+04
7.873545210157682595e+04
7.833202118882202194e+04
7.792903082163042563e+04
7.752634926099938457e+04
7.712384777772090456e+04
7.672187448901185417e+04
7.632078671548062994e+04
7.592108468678871577e+04
7.552321094818775600e+04
7.512749876149020565e+04
7.473404524437086366e+04
7.434286749658234476e+04
7.395414358200602874e+04
7.356810067908304336e+04
7.318495702642570541e+04
7.280493457798943564e+04
7.242825874550551816e+04
7.205515428653814888e+04
7.168584713732375531e+04
7.132056435486339615e+04
7.095953332078455423e+04
7.060298235822175047e+04
7.025114134376794391e+04
8.849155077839062142e+04
8.884967233851931815e+04
8.812987729125090118e+04
8.776477214192396787e+04
8.739635865241543797e+04
8.702476275407930370e+04
8.665011422172101447e+04
8.627254796452262963e+04
8.589219683705002535e+04
8.550919762028176046e+04
8.512367691104451660e+04
8.473578323751017160e+04
8.434565440661617322e+04
8.395345638494797458e+04
8.355935604576360493e+04
8.316344640004841494e+04
8.276547396467509679e+04
8.236585909601584717e+04
8.196508879105528467e+04
8.156313613106758567e+04
8.115995687739495770e+04
8.075637958939590317e+04
8.035265283073660976e+04
7.994878146447862673e+04
7.954470112749394320e+04
7.914074519727750157e+04
7.873700808256678283e+04
7.833350192701365449e+04
7.793005025194324844e+04
7.752648509383150667e+04
7.712325982936394576e+04
7.672072420695885376e+04
7.631964977500755049e+04
7.592035203330928925e+04
7.552298574331159762e+04
7.512749883562153263e+04
7.473406158329096797e+04
7.434287198218428239e+04
7.395414659880548425e+04
7.356810219425435935e+04
7.318495885256280599e+04
7.280493808562371123e+04
7.242826368545184960e+04
7.205516033481173508e+04
7.168585359539285128e+04
7.132057002898222709e+04
7.095953779675300757e+04
8.920412426189414691e+04
8.955479072374217503e+04
8.884967299897597695e+04
8.849155174056849501e+04
8.812987814927729778e+04
8.776477262943725509e+04
8.739635817733057775e+04
8.702476402315458108e+04
8.665012145694291394e+04
8.627256012333709805e+04
8.589222075811178365e+04
8.550923094337435032e+04
8.512372583760171256e+04
8.473587118373904377e+04
8.434586358598567313e+04
8.395387168439087691e+04
8.355976880885023274e+04
8.316345782530104043e+04
8.276546176063669554e+04
8.236606556774825731e+04
8.196522442439578299e+04
8.156321575647959253e+04
8.116052884758618893e+04
8.075736049563193228e+04
8.035371062564176100e+04
7.994978479690167296e+04
7.954574285399034852e+04
7.914172328786928847e+04
7.873782163046438654e+04
7.833372441102586163e+04
7.792935133674957615e+04
7.752511220133410825e+04
7.712169197860737040e+04
7.671974717720442277e+04
7.631928551905717177e+04
7.592033020416057843e+04
7.552300658940488938e+04
7.512751573019886564e+04
7.473407042139540135e+04
7.434287629099440528e+04
7.395414817692419456e+04
7.356810287568173953e+04
7.318495962439589493e+04
7.280493991611608362e+04
7.242826649553836614e+04
7.205516355673149519e+04
7.168585707201610785e+04
8.990155721176012594e+04
9.024431632526653993e+04
8.955478972491821332e+04
8.920412424674473004e+04
8.884967354258539854e+04
8.849155262472097820e+04
8.812987891310109990e+04
8.776477280534438614e+04
8.739635944910178659e+04
8.702476783220500511e+04
8.665013043563156680e+04
8.627257589723539422e+04
8.589225582561286865e+04
8.550930027249801788e+04
8.512403318443124590e+04
8.473651124423625879e+04
8.434681764610054961e+04
8.395460402850997343e+04
8.356006753483619832e+04
8.316366174505816889e+04
8.276564484078703390e+04
8.236610765664356586e+04
8.196533814790286124e+04
8.156363722687672998e+04
8.116113203944005363e+04
8.075792150117886194e+04
8.035422200562457147e+04
7.995019290564265975e+04
7.954604950561180885e+04
7.914197271217753587e+04
7.873743688083467714e+04
7.833253225934745569e+04
7.792775446101134003e+04
7.752392325948737562e+04
7.712128947150761087e+04
7.671968355724315916e+04
7.631930215223161213e+04
7.592034548242973688e+04
7.552301862769750005e+04
7.512752570188463142e+04
7.473407535757178266e+04
7.434287842299148906e+04
7.395414853852214583e+04
7.356810270289269101e+04
7.318495973979085102e+04
7.280494040561617294e+04
7.242826765233305923e+04
9.058295469247865549e+04
9.091737197897321312e+04
9.024431359108160541e+04
8.990155521321145352e+04
8.955478835667145904e+04
8.920412385195819661e+04
8.884967435461857531e+04
8.849155557952450181e+04
8.812988209183269646e+04
8.776477502975131210e+04
8.739636024862194608e+04
8.702477015571926313e+04
8.665014171117231308e+04
8.627259761800698470e+04
8.589262009072866931e+04
8.551019395772334246e+04
8.512529438945220318e+04
8.473779339773299580e+04
8.434745968626053946e+04
8.395470850666677870e+04
8.355997387778789562e+04
8.316351781311169907e+04
8.276548770967479504e+04
8.236609421052063408e+04
8.196552831039036391e+04
8.156382332763336308e+04
8.116122031240358774e+04
8.075793428970799141e+04
8.035412459111648786e+04
7.995017875509323494e+04
7.954616726106136048e+04
7.914144122647693439e+04
7.873629674221428286e+04
7.833147189855192846e+04
7.792738310610609187e+04
7.752392741967935581e+04
7.712129869453700667e+04
7.671969366637960775e+04
7.631931207039195579e+04
7.592035466024739435e+04
7.552302555412893707e+04
7.512753030916686112e+04
7.473407751917252608e+04
7.434287868883606279e+04
7.395414800954394741e+04
7.356810183745551331e+04
7.318495908679328568e+04
9.124745886706052988e+04
9.157311789551372931e+04
9.091736940016940935e+04
9.058295159938395955e+04
9.024431007632221736e+04
8.990155187211569864e+04
8.955478619276262179e+04
8.920412487331028387e+04
8.884967897477427323e+04
8.849156137605039112e+04
8.812988786483551667e+04
8.776477835253773083e+04
8.739636351270595333e+04
8.702476054344048316e+04
8.665042267107476073e+04
8.627368917912612960e+04
8.589407684013867402e+04
8.551159782518002612e+04
8.512607875717984280e+04
8.473772112630620541e+04
8.434696299275012279e+04
8.395416883049182070e+04
8.355955372045515105e+04
8.316324653823842527e+04
8.276542734957074572e+04
8.236607775115297409e+04
8.196539048422982160e+04
8.156360901748163451e+04
8.116097976557257061e+04
8.075767113170179073e+04
8.035434358542639529e+04
7.995051751284940110e+04
7.954580331464290794e+04
7.914078522747315583e+04
7.873600411737209652e+04
7.833147504560234665e+04
7.792738725489065109e+04
7.752393238022130390e+04
7.712130453186675732e+04
7.671970001347924699e+04
7.631931807200270123e+04
7.592035976214846596e+04
7.552302897089895851e+04
7.512753187812869146e+04
7.473407773305854062e+04
7.434287803800731490e+04
7.395414701606698509e+04
9.189424774321047880e+04
9.221075092552091519e+04
9.157311749556170253e+04
9.124745698834543873e+04
9.091736589293886209e+04
9.058294658619498659e+04
9.024430427324450284e+04
8.990154679818540171e+04
8.955478546059038490e+04
8.920413135717222758e+04
8.884968809711247741e+04
8.849157508013861661e+04
8.812990952639734314e+04
8.776480195428506704e+04
8.739630000121780904e+04
8.702579110055869387e+04
8.665206648586556548e+04
8.627497529798377946e+04
8.589461866500014730e+04
8.551123638328524248e+04
8.512518348619027529e+04
8.473677479405890335e+04
8.434623685766111885e+04
8.395370817664041533e+04
8.355937074989479152e+04
8.316320582976353762e+04
8.276529900889172859e+04
8.236580488978265203e+04
8.196505329441839422e+04
8.156332073404983385e+04
8.116097224012030347e+04
8.075844440006207151e+04
8.035483713991311379e+04
7.995037319037616544e+04
7.954563898599418462e+04
7.914078864228427119e+04
7.873600608007815026e+04
7.833147705616540043e+04
7.792738994147752237e+04
7.752393569205027597e+04
7.712130820010174648e+04
7.671970368908513046e+04
7.631932115873188013e+04
7.592036184441053774e+04
7.552302994277190010e+04
7.512753202954996959e+04
7.473407745271408930e+04
9.252253540983171843e+04
9.282950384159840178e+04
9.221075311148689070e+04
9.189424868908483768e+04
9.157311659624920867e+04
9.124745367947389605e+04
9.091735988605208695e+04
9.058293817837747338e+04
9.024429505460831570e+04
8.990154012938593223e+04
8.955478468103676278e+04
8.920414402577573492e+04
8.884971931964525720e+04
8.849163715442719695e+04
8.813006099861125404e+04
8.776554386860621162e+04
8.739817349505802849e+04
8.702707849369772885e+04
8.665225105058394547e+04
8.627418808172225545e+04
8.589339346351129643e+04
8.551004577032425732e+04
8.512427884889175766e+04
8.473619384184989030e+04
8.434596890882351727e+04
8.395369942282907141e+04
8.355940414087030513e+04
8.316308667738265649e+04
8.276489869174351043e+04
8.236542215889955696e+04
8.196489426158787683e+04
8.156390214841843408e+04
8.116200836291056476e+04
8.075878720958216581e+04
8.035481825571971422e+04
7.995037627443396195e+04
7.954564006563060684e+04
7.914078946871969674e+04
7.873600714876512939e+04
7.833147844970555161e+04
7.792739162627159385e+04
7.752393758382089436e+04
7.712131005102294148e+04
7.671970523591122765e+04
7.631932216216382221e+04
7.592036240519724379e+04
7.552303037660049449e+04
9.313157189461578673e+04
9.342864463563317258e+04
9.282950757700153918e+04
9.252253893773695745e+04
9.221075566286664980e+04
9.189424940546577272e+04
9.157311447992907779e+04
9.124744763509492623e+04
9.091734943705949991e+04
9.058292410369710706e+04
9.024428024346714665e+04
8.990153158090892248e+04
8.955479139422776643e+04
8.920420926738332491e+04
8.884985970049769094e+04
8.849209295755212952e+04
8.813129170036538562e+04
8.776688809884253715e+04
8.739826793874947180e+04
8.702595335093590256e+04
8.665075138989284460e+04
8.627294939440804592e+04
8.589254360879801970e+04
8.550953123082085222e+04
8.512398051418922842e+04
8.473617718166990380e+04
8.434614243166551751e+04
8.395382669653465564e+04
8.355915065465770022e+04
8.316247302835721348e+04
8.276457092684470990e+04
8.236566535062430194e+04
8.196590886498190230e+04
8.156462294890335761e+04
8.116211611292260932e+04
8.075879001671912556e+04
8.035481883442636172e+04
7.995037665505363839e+04
7.954564045518035709e+04
7.914078995235852199e+04
7.873600772145985684e+04
7.833147911923311767e+04
7.792739232238921977e+04
7.752393823712819722e+04
7.712131052972711041e+04
7.671970558380102739e+04
7.631932270687556593e+04
9.372064248457823123e+04
9.400747585294964665e+04
9.342864832034095889e+04
9.313157651266308676e+04
9.282951243208798405e+04
9.252254340051284817e+04
9.221075865253939992e+04
9.189424950213778357e+04
9.157310981060478662e+04
9.124743668624368729e+04
9.091733150281629059e+04
9.058290085422115226e+04
9.024426056166012131e+04
8.990155117253080243e+04
8.955491459076380124e+04
8.920453237608069321e+04
8.885055098678619834e+04
8.849322922566940542e+04
8.813168754768332292e+04
8.776585485866163799e+04
8.739664519534906140e+04
8.702472257551792427e+04
8.665010941019111488e+04
8.627269653649606335e+04
8.589236011829698691e+04
8.550951319872707245e+04
8.512419563667783223e+04
8.473645084974136262e+04
8.434615926830569515e+04
8.395321052039177448e+04
8.355846338320506038e+04
8.316243664530712704e+04
8.276524969790400064e+04
8.236650256745210208e+04
8.196615121388008993e+04
8.156462620932770369e+04
8.116211636814656958e+04
8.075879017691507761e+04
8.035481894372556417e+04
7.995037675778976700e+04
7.954564053698588395e+04
7.914079001061744930e+04
7.873600772707053693e+04
7.833147906672158570e+04
7.792739219025570492e+04
7.752393808094986889e+04
7.712131071526794403e+04
9.428906680386466905e+04
9.456533394685100939e+04
9.400747780071421585e+04
9.372064624539850047e+04
9.342865341786523641e+04
9.313158265115984250e+04
9.282951890572761477e+04
9.252254951332816563e+04
9.221076227958516392e+04
9.189424816418619594e+04
9.157310168145026546e+04
9.124741873200691771e+04
9.091730376810995222e+04
9.058288832659686159e+04
9.024431497085037699e+04
8.990180986516963458e+04
8.955528321183158550e+04
8.920512045887163549e+04
8.885119644826116564e+04
8.849272848558047554e+04
8.813026297978301591e+04
8.776463403030914196e+04
8.739616594919096678e+04
8.702477613826858578e+04
8.665019325594461407e+04
8.627279629032788216e+04
8.589260982837325719e+04
8.550972753294005815e+04
8.512431573708709038e+04
8.473610626375883294e+04
8.434527692299931368e+04
8.395281280544017500e+04
8.355880806122194917e+04
8.316312021772559092e+04
8.276558697398075310e+04
8.236652597734113806e+04
8.196615135015394480e+04
8.156462625605468929e+04
8.116211636166686367e+04
8.075879012952356425e+04
8.035481883368437411e+04
7.995037656092857651e+04
7.954564021932840114e+04
7.914078956115852634e+04
7.873600715961227252e+04
7.833147845588671044e+04
7.792739192758924037e+04
9.483619860582087131e+04
9.510158866416699311e+04
9.456533309953073331e+04
9.428906797737668967e+04
9.400748091268994904e+04
9.372065136512491154e+04
9.342866050370410085e+04
9.313159150203870377e+04
9.282952809303782124e+04
9.252255696605266712e+04
9.221076655803808535e+04
9.189424719957519847e+04
9.157309114416946250e+04
9.124741161802934948e+04
9.091727242430807382e+04
9.058295830098731676e+04
9.024456498005297908e+04
8.990188178852642886e+04
8.955564882441167720e+04
8.920521254523284733e+04
8.885032059392305382e+04
8.849166188343224349e+04
8.812979937111069739e+04
8.776483994799823267e+04
8.739654638141866599e+04
8.702513301882481028e+04
8.665058823338238290e+04
8.627291944090263860e+04
8.589250786937185330e+04
8.550955369839175546e+04
8.512366163847099233e+04
8.473543323809083086e+04
8.434531845535556204e+04
8.395324269256585103e+04
8.355913196919280745e+04
8.316317525442474289e+04
8.276558730042965908e+04
8.236652596649820043e+04
8.196615129909479583e+04
8.156462615458590153e+04
8.116211618318146793e+04
8.075878983761138807e+04
8.035481838522070029e+04
7.995037592832338123e+04
7.954563941227785836e+04
7.914078866610785190e+04
7.873600657853744633e+04
9.536142514786111133e+04
9.561564246551302494e+04
9.510158575666998513e+04
9.483619682919350453e+04
9.456533274284961226e+04
9.428906963437783998e+04
9.400748524504822853e+04
9.372065879424063314e+04
9.342867129429183842e+04
9.313160401325776184e+04
9.282954111687456316e+04
9.252256988712777093e+04
9.221077834703725239e+04
9.189425958715949673e+04
9.157305428989761276e+04
9.124724170532224525e+04
9.091729443502247159e+04
9.058286800229211804e+04
9.024431304576683033e+04
8.990205359556181065e+04
8.955539465676964028e+04
8.920449771105525724e+04
8.884987568644706334e+04
8.849184226854531153e+04
8.813035454293359362e+04
8.776548298183154839e+04
8.739720722557161935e+04
8.702537018569826614e+04
8.665016221543843858e+04
8.627246771869467921e+04
8.589218269826807955e+04
8.550902797588340763e+04
8.512348345034390513e+04
8.473564443425765785e+04
8.434553878860603436e+04
8.395330450885715254e+04
8.355913244607027445e+04
8.316317519139708020e+04
8.276558723268106405e+04
8.236652584757540899e+04
8.196615109837769705e+04
8.156462583019498561e+04
8.116211568638065364e+04
8.075878912958492583e+04
8.035481746757082874e+04
7.995037489212265064e+04
7.954563866288306599e+04
9.586416540978949342e+04
9.610692999016439717e+04
9.561563995674652688e+04
9.536142212022333115e+04
9.510158262368552096e+04
9.483619434310735960e+04
9.456533194182580337e+04
9.428907191182223323e+04
9.400749185708002187e+04
9.372067051224726310e+04
9.342868732951296261e+04
9.313162405062532343e+04
9.282956655945580860e+04
9.252259763306810055e+04
9.221079684453667141e+04
9.189406972921460692e+04
9.157275298521672084e+04
9.124712043453294609e+04
9.091664563381565677e+04
9.058249060014951101e+04
9.024435246454704611e+04
8.990182640471635386e+04
8.955514641511102673e+04
8.920464821832365124e+04
8.885045886464255454e+04
8.849264624595211353e+04
8.813125355835423397e+04
8.776605623384146020e+04
8.739682248200227332e+04
8.702433703241583135e+04
8.664973305140019511e+04
8.627236428574584716e+04
8.589208275004009192e+04
8.550911375956299889e+04
8.512360024255962344e+04
8.473568727273936383e+04
8.434553918730893929e+04
8.395330436201082193e+04
8.355913235824245203e+04
8.316317506787827006e+04
8.276558702625570004e+04
8.236652551396843046e+04
8.196615058578459139e+04
8.156462509491840319e+04
8.116211472563403368e+04
8.075878803579762462e+04
8.035481664620195806e+04
9.634386904489691369e+04
9.657491755167553492e+04
9.610692993385870068e+04
9.586416378537805576e+04
9.561563685810449533e+04
9.536141784494077729e+04
9.510157773596054176e+04
9.483619012619421119e+04
9.456533040795696434e+04
9.428907555778905225e+04
9.400750287078002293e+04
9.372068976939619461e+04
9.342871564786786621e+04
9.313166169413429452e+04
9.282961758255574387e+04
9.252260326348780654e+04
9.221046354905726912e+04
9.189375802329559519e+04
9.157219417616946157e+04
9.124617467684205621e+04
9.091649663443578174e+04
9.058267603101010900e+04
9.024449482114199782e+04
8.990211529718952079e+04
8.955583604189711332e+04
8.920547062057182484e+04
8.885141635461420810e+04
8.849353347433202725e+04
8.813137458225421142e+04
8.776479503588897933e+04
8.739566862893087091e+04
8.702438982319807110e+04
8.665000143862247933e+04
8.627249738299340243e+04
8.589215196637251938e+04
8.550913862341863569e+04
8.512360261352125963e+04
8.473568769455897564e+04
8.434553919898573076e+04
8.395330424848957045e+04
8.355913215167126327e+04
8.316317473325155152e+04
8.276558651066942548e+04
8.236652477205720788e+04
8.196614961351400416e+04
8.156462398455664515e+04
8.116211388093697315e+04
9.680001688643876696e+04
9.701910265508944576e+04
9.657491980095369217e+04
9.634387018009535677e+04
9.610692947534639097e+04
9.586416154837161594e+04
9.561563240536120429e+04
9.536141109977867745e+04
9.510156955866863427e+04
9.483618289579257544e+04
9.456532781298136979e+04
9.428908205549804552e+04
9.400752199331484735e+04
9.372072611327568302e+04
9.342877369218696549e+04
9.313183125474757981e+04
9.282963016320276074e+04
9.252221007096424000e+04
9.221000004568537406e+04
9.189271694130271499e+04
9.157151877017464722e+04
9.124644426175158878e+04
9.091708739271854574e+04
9.058329638772447652e+04
9.024521582068198768e+04
8.990296405783867522e+04
8.955663333091115055e+04
8.920635367890243651e+04
8.885194764405122260e+04
8.849277519698232936e+04
8.812948526275948097e+04
8.776425248621036008e+04
8.739622860668018984e+04
8.702473451802735508e+04
8.665009023077774327e+04
8.627252225820027525e+04
8.589216158188805275e+04
8.550914240576951124e+04
8.512360381376111764e+04
8.473568789728874981e+04
8.434553904447529931e+04
8.395330391608165519e+04
8.355913163838557375e+04
8.316317399332752393e+04
8.276558553972981463e+04
8.236652366218916723e+04
8.196614876567669853e+04
9.723212154558188922e+04
9.743901353723357897e+04
9.701910530815685343e+04
9.680001983550369914e+04
9.657492221287869324e+04
9.634387192660903384e+04
9.610692968082918378e+04
9.586415883522917284e+04
9.561562544206697203e+04
9.536139963332661137e+04
9.510155534380157769e+04
9.483617046346113784e+04
9.456532378486834932e+04
9.428909976297283720e+04
9.400758315091412805e+04
9.372087125739124895e+04
9.342905566772633756e+04
9.313169399021692516e+04
9.282906410497182515e+04
9.252139112795051187e+04
9.220903934975295851e+04
9.189275409972602210e+04
9.157233911234875268e+04
9.124746521355984441e+04
9.091803958441910800e+04
9.058427504989742010e+04
9.024611390208551893e+04
8.990364217828270921e+04
8.955710875772604777e+04
8.920615643212002760e+04
8.885017287684480834e+04
8.849116729182978452e+04
8.812979941468745528e+04
8.776481681044981815e+04
8.739637390887469519e+04
8.702476112784096040e+04
8.665010642421123339e+04
8.627253173173191317e+04
8.589216608053648088e+04
8.550914404745124921e+04
8.512360411372483941e+04
8.473568764878080401e+04
8.434553853506928135e+04
8.395330318130315572e+04
8.355913067380095890e+04
8.316317289025297214e+04
8.276558469604760467e+04
9.763972694797646545e+04
9.783420873496658169e+04
9.743901475326933723e+04
9.723212409723596647e+04
9.701910858906073554e+04
9.680002413099753903e+04
9.657492728951452591e+04
9.634387653763538401e+04
9.610693131856837135e+04
9.586415470975369681e+04
9.561561330445088970e+04
9.536137945888530521e+04
9.510153052964237577e+04
9.483615525964926928e+04
9.456531246453493077e+04
9.428911242037097691e+04
9.400775085757399211e+04
9.372095583350781817e+04
9.342850297602017235e+04
9.313082324152940419e+04
9.282812946510284382e+04
9.252102117904824263e+04
9.220970702479407191e+04
9.189396126737358281e+04
9.157354321417688334e+04
9.124861841964605264e+04
9.091908220049383817e+04
9.058485819383854687e+04
9.024618411258223932e+04
8.990338462065860222e+04
8.955592888667964144e+04
8.920409319346580014e+04
8.884963782089605229e+04
8.849172040786714933e+04
8.812997380916000111e+04
8.776481933658606431e+04
8.739637830980622675e+04
8.702476911019830732e+04
8.665011281450127717e+04
8.627253532843080757e+04
8.589216747136351478e+04
8.550914418160640344e+04
8.512360367113289249e+04
8.473568692007970822e+04
8.434553757866741216e+04
8.395330208791670157e+04
8.355912983716391318e+04
9.802240746055427007e+04
9.820427668897806143e+04
9.783420813026365067e+04
9.763972759441864036e+04
9.743901652681930864e+04
9.723212750644139305e+04
9.701911494376248447e+04
9.680003354809207667e+04
9.657493785097981163e+04
9.634388560985431832e+04
9.610693441685863945e+04
9.586414733884041198e+04
9.561559180701867444e+04
9.536135528486920521e+04
9.510147841602121480e+04
9.483603793360444251e+04
9.456520623710246582e+04
9.428901581661829550e+04
9.400720987174396578e+04
9.371992158300780284e+04
9.342752653411233041e+04
9.313025076829826867e+04
9.282844263899151701e+04
9.252209536536893575e+04
9.221102252480534662e+04
9.189526037034497131e+04
9.157471914897726674e+04
9.124927449206849269e+04
9.091892609416208870e+04
9.058416790308179043e+04
9.024524977676929848e+04
8.990173778745975869e+04
8.955474969535008131e+04
8.920432578104124696e+04
8.884983065287307545e+04
8.849165911349585804e+04
8.812994291684082418e+04
8.776480799193830171e+04
8.739637645436135062e+04
8.702477028580511978e+04
8.665011396410352609e+04
8.627253561216584058e+04
8.589216705752316921e+04
8.550914341835444793e+04
8.512360272238841571e+04
8.473568583661530283e+04
8.434553674958412012e+04
9.837976687304621737e+04
9.854883538942964515e+04
9.820427546115151199e+04
9.802240654183464358e+04
9.783420758951002790e+04
9.763972788520112226e+04
9.743901990954192297e+04
9.723213597743805440e+04
9.701912818650377449e+04
9.680005151924397796e+04
9.657495679414081678e+04
9.634390134820820822e+04
9.610693982632306870e+04
9.586414815434384218e+04
9.561559196280788456e+04
9.536120247287159145e+04
9.510115472008845245e+04
9.483553494668177154e+04
9.456443191271222895e+04
9.428784074153483380e+04
9.400607460023394378e+04
9.371928157394507434e+04
9.342757488821026345e+04
9.313105716115253745e+04
9.282969195421348559e+04
9.252346295207447838e+04
9.221226595666042704e+04
9.189602193064831954e+04
9.157466379469427920e+04
9.124835159170371480e+04
9.091778081366438710e+04
9.058300113700794464e+04
9.024414746272172488e+04
8.990165604632062605e+04
8.955491492999201000e+04
8.920424494813497586e+04
8.884977010589401470e+04
8.849161999731660762e+04
8.812992120146279922e+04
8.776479753291432280e+04
8.739637184568664816e+04
8.702476803424133686e+04
8.665011241588431585e+04
8.627253428670020367e+04
8.589216589764029777e+04
8.550914234414334351e+04
8.512360190058121225e+04
9.871143759432301158e+04
9.886753205375825928e+04
9.854883516679979220e+04
9.837976606863684719e+04
9.820427392413043708e+04
9.802240455317188753e+04
9.783420634903502651e+04
9.763973058236746874e+04
9.743902837208280107e+04
9.723215409385056410e+04
9.701915201381764200e+04
9.680008166427696415e+04
9.657498976322521048e+04
9.634394360767416947e+04
9.610704389797268959e+04
9.586412127053907898e+04
9.561523122233443428e+04
9.536040985275106505e+04
9.509994304440413543e+04
9.483415177741012303e+04
9.456319285320583731e+04
9.428721411523211282e+04
9.400615368280734401e+04
9.371998743684119836e+04
9.342871905396062357e+04
9.313243862993660150e+04
9.283101732676150277e+04
9.252435095897318388e+04
9.221245544198258722e+04
9.189531967393244850e+04
9.157338464171679516e+04
9.124729686693397525e+04
9.091705821723073313e+04
9.058285087919572834e+04
9.024432365923072211e+04
8.990161492677190108e+04
8.955486614532627573e+04
8.920419805230975908e+04
8.884973304844199447e+04
8.849159449683508137e+04
8.812990530454945110e+04
8.776478808265371481e+04
8.739636610897800711e+04
8.702476434411374794e+04
8.665011003000897472e+04
8.627253282273629156e+04
8.589216508204373531e+04
9.901708066423046694e+04
9.916004282864723064e+04
9.886753345556935528e+04
9.871143835168723308e+04
9.854883472642417473e+04
9.837976433943300799e+04
9.820427085907089349e+04
9.802240202252958261e+04
9.783420703230686195e+04
9.763973528813612938e+04
9.743904322964245512e+04
9.723217809867633332e+04
9.701919204450160032e+04
9.680014753346629732e+04
9.657514376521190570e+04
9.634411984341556672e+04
9.610683599450711336e+04
9.586330240734874678e+04
9.561368310689601640e+04
9.535867938078811858e+04
9.509863128888233041e+04
9.483361410514562158e+04
9.456350942560624389e+04
9.428813808423529554e+04
9.400735797949785774e+04
9.372142899471486453e+04
9.343021611577815202e+04
9.313359427119075553e+04
9.283153002741003002e+04
9.252410944618879876e+04
9.221137705256823392e+04
9.189414827212621458e+04
9.157276973599562189e+04
9.124720785806525964e+04
9.091726894554872706e+04
9.058292074894066900e+04
9.024432472022152797e+04
8.990159372335474472e+04
8.955483696254617826e+04
8.920416939916989941e+04
8.884970937007652537e+04
8.849157688447301916e+04
8.812989293664733123e+04
8.776477961950267490e+04
8.739636055260663852e+04
8.702476114751405839e+04
8.665010875811324513e+04
9.929638612719562661e+04
9.942607250832887075e+04
9.916004518038779497e+04
9.901708307651581708e+04
9.886753515365708154e+04
9.871143892545055132e+04
9.854883377819565067e+04
9.837976151121937437e+04
9.820426721208255913e+04
9.802239929624927754e+04
9.783420795585865562e+04
9.763974170120745839e+04
9.743906730889056053e+04
9.723222739425183681e+04
9.701931390168356302e+04
9.680040590373706073e+04
9.657518250200485636e+04
9.634347779163434461e+04
9.610526977273415832e+04
9.586124622931871272e+04
9.561219606403989019e+04
9.535824121686611034e+04
9.509924173818090640e+04
9.483494141868874431e+04
9.456501324916114390e+04
9.428979212088555505e+04
9.400915369664631726e+04
9.372297112756398565e+04
9.343116408175947436e+04
9.313375028697088419e+04
9.283084783313814842e+04
9.252281934491182619e+04
9.221054710431717103e+04
9.189401945521890593e+04
9.157298480686442053e+04
9.124737209973833524e+04
9.091731971336982679e+04
9.058293738078554452e+04
9.024432313507406798e+04
8.990158062741922913e+04
8.955481884610051929e+04
8.920415097121789586e+04
8.884969317304034485e+04
8.849156379966507666e+04
8.812988307035325852e+04
8.776477301356720272e+04
8.739635735686695261e+04
9.954907300837151706e+04
9.966535427418658219e+04
9.942607456895301584e+04
9.929638908300995536e+04
9.916004836370162957e+04
9.901708619901095517e+04
9.886753773387604451e+04
9.871143989545344084e+04
9.854883282186457654e+04
9.837975817258410098e+04
9.820426139874434739e+04
9.802239396305081027e+04
9.783420847380701161e+04
9.763975650990144641e+04
9.743910390286169422e+04
9.723238262047515309e+04
9.701947906729388342e+04
9.680004013821545232e+04
9.657386491218634183e+04
9.634138358162569057e+04
9.610353283722030756e+04
9.586077609666051285e+04
9.561300139337424480e+04
9.535992973221831198e+04
9.510116126708756201e+04
9.483696677476952027e+04
9.456719780682180135e+04
9.429174567282636417e+04
9.401054679607832804e+04
9.372352322857221588e+04
9.343072481008623436e+04
9.313244100933686423e+04
9.282955660378265020e+04
9.252239471208215400e+04
9.221066237821434333e+04
9.189416516213370778e+04
9.157304728659159446e+04
9.124740832332975697e+04
9.091734250191005412e+04
9.058294673296960536e+04
9.024432165659905877e+04
8.990157208751300641e+04
8.955480681926973921e+04
8.920413812285527820e+04
8.884968122336891247e+04
8.849155394555914972e+04
8.812987652856971545e+04
9.977488890765838732e+04
9.987764946131211764e+04
9.966535509567403642e+04
9.954907509830089111e+04
9.942607759925334540e+04
9.929639316226939263e+04
9.916005344165979477e+04
9.901709188779286342e+04
9.886754273616668070e+04
9.871144313892540231e+04
9.854883202455502760e+04
9.837975229133962421e+04
9.820425082231668057e+04
9.802238350222969893e+04
9.783417780527916329e+04
9.763975786361737119e+04
9.743916745928635646e+04
9.723221887105907081e+04
9.701853468659204373e+04
9.679819844517148158e+04
9.657202893740199215e+04
9.634070634777432133e+04
9.610430958908272441e+04
9.586260141959816974e+04
9.561522953494715330e+04
9.536233986223721877e+04
9.510372116752473812e+04
9.483924880349151499e+04
9.456886596250407456e+04
9.429252524250371789e+04
9.401017168006376596e+04
9.372209107109770412e+04
9.342900278223810892e+04
9.313153867306996835e+04
9.282947000413826026e+04
9.252248572298463841e+04
9.221069766252937552e+04
9.189419643973279744e+04
9.157307574470622058e+04
9.124743021553730068e+04
9.091735601833231340e+04
9.058295201416185591e+04
9.024432019287829462e+04
8.990156591989142180e+04
8.955479797012348718e+04
8.920412837474152911e+04
8.884967238396807807e+04
9.997360963873424043e+04
1.000627473538635531e+05
9.987764901268253743e+04
9.977488940393530356e+04
9.966535653344464663e+04
9.954907778781697561e+04
9.942608255062303215e+04
9.929640075359643379e+04
9.916006283939967398e+04
9.901710213861653756e+04
9.886755177850388282e+04
9.871144842117396183e+04
9.854883062064346450e+04
9.837974309074104531e+04
9.820422846270979790e+04
9.802227073489972099e+04
9.783404662821377860e+04
9.763956482121469162e+04
9.743856399195286212e+04
9.723079512816481292e+04
9.701683667253656313e+04
9.679733156485371001e+04
9.657255142450590211e+04
9.634237340819158999e+04
9.610657150362884568e+04
9.586520548244296515e+04
9.561799690531101078e+04
9.536476426092773909e+04
9.510545073447517643e+04
9.483999307521349692e+04
9.456845022020260512e+04
9.429090406536922092e+04
9.400810891469509806e+04
9.372072585826645081e+04
9.342863697937286634e+04
9.313155712435014721e+04
9.282947896943597880e+04
9.252250242938760493e+04
9.221071753070794512e+04
9.189421665358962491e+04
9.157309369359126140e+04
9.124744374609267106e+04
9.091736417708931549e+04
9.058295484579783806e+04
9.024431843496770307e+04
8.990156071225908818e+04
8.955479072797996923e+04
1.001450386440021248e+05
1.002204650184141210e+05
1.000627464930771239e+05
9.997360898629452277e+04
9.987764861338747141e+04
9.977488951899413951e+04
9.966535872778882913e+04
9.954908352644259867e+04
9.942609204597554344e+04
9.929641448315749585e+04
9.916007900864002295e+04
9.901711951651795243e+04
9.886756740064935002e+04
9.871145788918955077e+04
9.854884083418418595e+04
9.837964781005009718e+04
9.820396017249343276e+04
9.802192344176686311e+04
9.783357579012111819e+04
9.763859688418882433e+04
9.743715970200904121e+04
9.722989093656082696e+04
9.701704794227909588e+04
9.679862947860574059e+04
9.657454299923352664e+04
9.634485281676209706e+04
9.610926740241159860e+04
9.586753626065973367e+04
9.561956843926031434e+04
9.536528383555846813e+04
9.510471074290636170e+04
9.483821432353426644e+04
9.456613175026055251e+04
9.428925015714515757e+04
9.400751309467853571e+04
9.372066391563029902e+04
9.342864953355793841e+04
9.313156215268133383e+04
9.282948826142291364e+04
9.252251421185854997e+04
9.221073091174430738e+04
9.189423004527960438e+04
9.157310524319358228e+04
9.124745223694368906e+04
9.091736896807403537e+04
9.058295588866928301e+04
9.024431628567243752e+04
1.002890065936649917e+05
1.003506471667175647e+05
1.002204646536182408e+05
1.001450379574219551e+05
1.000627452952912281e+05
9.997360739319247659e+04
9.987764731953882438e+04
9.977489030659540731e+04
9.966536384815094061e+04
9.954909580447159533e+04
9.942610852746576711e+04
9.929643659909488633e+04
9.916010626209726615e+04
9.901714986074839544e+04
9.886759548331932456e+04
9.871144838959012122e+04
9.854856026972581458e+04
9.837916601146750327e+04
9.820342167584538402e+04
9.802126356678963930e+04
9.783256190309615340e+04
9.763777351953006291e+04
9.743718152958618884e+04
9.723079762076110637e+04
9.701859483662985440e+04
9.680070187871945382e+04
9.657689632957025606e+04
9.634688259175450366e+04
9.611053158247789543e+04
9.586777900903676345e+04
9.561852798679981788e+04
9.536317341792148363e+04
9.510241710723152210e+04
9.483642332083276415e+04
9.456540774397400673e+04
9.428912157640779333e+04
9.400750950136980100e+04
9.372065736891199776e+04
9.342864891694817925e+04
9.313156565763975959e+04
9.282949419773345289e+04
9.252252252503861382e+04
9.221074018237255223e+04
9.189423893653658160e+04
9.157311266998643987e+04
9.124745743737572047e+04
9.091737191836028069e+04
1.004053716079858132e+05
1.004531660265605460e+05
1.003506474888140947e+05
1.002890066052798502e+05
1.002204639119858184e+05
1.001450363233407115e+05
1.000627426534507395e+05
9.997360451251344057e+04
9.987764648381013831e+04
9.977489278576000652e+04
9.966537271767330822e+04
9.954911076984001556e+04
9.942613504296843894e+04
9.929647812440940470e+04
9.916016711207509798e+04
9.901717666862823535e+04
9.886741592688113451e+04
9.871090850689435320e+04
9.854791165974615433e+04
9.837855869526024617e+04
9.820274820023118809e+04
9.802060746301629115e+04
9.783248213913610380e+04
9.763839938605006319e+04
9.743829736121278256e+04
9.723235565035378386e+04
9.702045241028885357e+04
9.680233581590482208e+04
9.657783679001289420e+04
9.634689707490621367e+04
9.610943455935335078e+04
9.586556742708569800e+04
9.561602075076883193e+04
9.536161809241648007e+04
9.510165611903388344e+04
9.483626379244780401e+04
9.456538532602593477e+04
9.428910309641734057e+04
9.400749870340547932e+04
9.372065248562372290e+04
9.342864731844280323e+04
9.313156751415914914e+04
9.282949861404154217e+04
9.252252831827935006e+04
9.221074639570307045e+04
9.189424477099611249e+04
9.157311784624867141e+04
1.004940195469199825e+05
1.005279212301632506e+05
1.004531667121460778e+05
1.004053722714730538e+05
1.003506476304085663e+05
1.002890059511347208e+05
1.002204621986862039e+05
1.001450332760196325e+05
1.000627385128110618e+05
9.997360075144479924e+04
9.987764507913180569e+04
9.977489605131636199e+04
9.966538632504285488e+04
9.954914606234196981e+04
9.942621336593991145e+04
9.929648759569846152e+04
9.916001665810751729e+04
9.901667505466016883e+04
9.886666191795968916e+04
9.871020635841837793e+04
9.854735778089835367e+04
9.837809551801126509e+04
9.820261677192892239e+04
9.802104610771541775e+04
9.783329480953291932e+04
9.763951921374426456e+04
9.743967649106065801e+04
9.723360665706243890e+04
9.702115964883874403e+04
9.680224631457291252e+04
9.657686292862973642e+04
9.634501497898074740e+04
9.610719197291244927e+04
9.586428723566292319e+04
9.561566220478790638e+04
9.536146695834380807e+04
9.510163312513216806e+04
9.483624101911035541e+04
9.456536705035103660e+04
9.428909002209654136e+04
9.400748996569546580e+04
9.372064796271729574e+04
9.342864622489007888e+04
9.313156881108220841e+04
9.282950153384817531e+04
9.252253220024984330e+04
9.221075091057580721e+04
1.005548638320604368e+05
1.005748397286152322e+05
1.005279220034344617e+05
1.004940205027143238e+05
1.004531674217329273e+05
1.004053725377749652e+05
1.003506472590498888e+05
1.002890045965884783e+05
1.002204594247970381e+05
1.001450287754442543e+05
1.000627321259126038e+05
9.997359385100950021e+04
9.987764187341257639e+04
9.977489851608504250e+04
9.966542007532232674e+04
9.954909424944808416e+04
9.942598822590988129e+04
9.929604363985614327e+04
9.915922492220667482e+04
9.901584608500135073e+04
9.886604558314006135e+04
9.870983185101831623e+04
9.854723523270075384e+04
9.837838452746864641e+04
9.820323599846292927e+04
9.802188388931821100e+04
9.783432680633617565e+04
9.764048352569469716e+04
9.744025713968581113e+04
9.723358139467996079e+04
9.702041294299748552e+04
9.680082020052557345e+04
9.657511654466479376e+04
9.634393429733601806e+04
9.610689667638950050e+04
9.586416209712438285e+04
9.561565765470547194e+04
9.536145283838144678e+04
9.510161735836851585e+04
9.483622576836426742e+04
9.456535428361034428e+04
9.428908064057612501e+04
9.400748384468862787e+04
9.372064458894281415e+04
9.342864513007947244e+04
9.313156954878057877e+04
9.282950386508034717e+04
1.005878450943103526e+05
1.005938757333544781e+05
1.005748404979770276e+05
1.005548648429161840e+05
1.005279228992439894e+05
1.004940211688896670e+05
1.004531678131448571e+05
1.004053725663133082e+05
1.003506466104384308e+05
1.002890026772731362e+05
1.002204553337716497e+05
1.001450213917684159e+05
1.000627209727589361e+05
9.997357232399615168e+04
9.987756752606523514e+04
9.977472781147330534e+04
9.966509343868396536e+04
9.954866844110148668e+04
9.942529482647431723e+04
9.929514917548220546e+04
9.915851801808785240e+04
9.901545629550090234e+04
9.886594970079592895e+04
9.871004425997921498e+04
9.854773016620764975e+04
9.837908065280246956e+04
9.820407694878864277e+04
9.802270134711144783e+04
9.783488258915253391e+04
9.764060847163472499e+04
9.743983282490035344e+04
9.723263694506480533e+04
9.701910850667474733e+04
9.679997836606555211e+04
9.657485748442208569e+04
9.634382564999663737e+04
9.610691266548074782e+04
9.586416565972536046e+04
9.561565404378081439e+04
9.536144391880820331e+04
9.510160661778067879e+04
9.483621542138572840e+04
9.456534549506324402e+04
9.428907380489884235e+04
9.400747909673988761e+04
9.372064193218965374e+04
9.342864468816615408e+04
1.005929311582787923e+05
1.005850106826127012e+05
1.005938764512904309e+05
1.005878460694077658e+05
1.005748414006681269e+05
1.005548655928742519e+05
1.005279234916795394e+05
1.004940216557282110e+05
1.004531682226725825e+05
1.004053727526665898e+05
1.003506460303148633e+05
1.002890001417546737e+05
1.002204489923867950e+05
1.001450004582142428e+05
1.000626241877780412e+05
9.997331138272344833e+04
9.987720124550418404e+04
9.977436147807637462e+04
9.966461190507725405e+04
9.954789865745279531e+04
9.942455507819265767e+04
9.929473967847274616e+04
9.915844330877909670e+04
9.901567797915491974e+04
9.886635211594948487e+04
9.871069170053646667e+04
9.854853727428911952e+04
9.837988400341193483e+04
9.820472827151353704e+04
9.802299657821755682e+04
9.783476407491439022e+04
9.764005090687418124e+04
9.743906854071530688e+04
9.723207261551213742e+04
9.701904735028547293e+04
9.679996882941969670e+04
9.657488268645323114e+04
9.634384483744449972e+04
9.610692211830434098e+04
9.586416814998001792e+04
9.561565076313668396e+04
9.536143753424940223e+04
9.510159906543517718e+04
9.483620794265507720e+04
9.456533885271831241e+04
9.428906856429732579e+04
9.400747591419040691e+04
1.005701171039426263e+05
1.005482532249789074e+05
1.005850113318482909e+05
1.005929320514863357e+05
1.005938772770928335e+05
1.005878467730246048e+05
1.005748419911754900e+05
1.005548661104022176e+05
1.005279240176666644e+05
1.004940223226156231e+05
1.004531691056090058e+05
1.004053736574913055e+05
1.003506459306247998e+05
1.002889926635827869e+05
1.002203943983626814e+05
1.001447776000847080e+05
1.000622677383088594e+05
9.997301627391188231e+04
9.987695520947400655e+04
9.977389127044613997e+04
9.966397891993568919e+04
9.954750166131202423e+04
9.942451494972757064e+04
9.929500986599684984e+04
9.915885030792746693e+04
9.901629847039736342e+04
9.886726644479580864e+04
9.871160396370117087e+04
9.854933790577959735e+04
9.838042051401565550e+04
9.820480375804449432e+04
9.802271021894786099e+04
9.783428079211902514e+04
9.763969622525987506e+04
9.743897464402181504e+04
9.723208323916608060e+04
9.701906902950449148e+04
9.679998807213455439e+04
9.657489827504339337e+04
9.634385785166169808e+04
9.610692700738731946e+04
9.586416848401758762e+04
9.561564772863236431e+04
9.536143260816764086e+04
9.510159324520388327e+04
9.483620210311342089e+04
9.456533398888107331e+04
1.005194252380118851e+05
1.004836392225982854e+05
1.005482538943221298e+05
1.005701179494989919e+05
1.005850120581846713e+05
1.005929326135299634e+05
1.005938777389677707e+05
1.005878472027514217e+05
1.005748424312748393e+05
1.005548666330387787e+05
1.005279247746267210e+05
1.004940236054330453e+05
1.004531711085031275e+05
1.004053758565212629e+05
1.003506343592203484e+05
1.002888558577915537e+05
1.002200973872855393e+05
1.001445209248803440e+05
1.000621584721152467e+05
9.997283666487674054e+04
9.987655087833141442e+04
9.977353757686831523e+04
9.966395119360064564e+04
9.954780138439947041e+04
9.942497332901932532e+04
9.929561821604486613e+04
9.915982960593502503e+04
9.901737145422633330e+04
9.886819341769313905e+04
9.871232800855422101e+04
9.854960348530492047e+04
9.838018352590389259e+04
9.820440670088310435e+04
9.802241166438296204e+04
9.783419153830430878e+04
9.763970484550188121e+04
9.743899003438081127e+04
9.723209808158852684e+04
9.701908289452646568e+04
9.680000033653696300e+04
9.657490747055091197e+04
9.634386343311743985e+04
9.610692912436596816e+04
9.586416779690554540e+04
9.561564495160197839e+04
9.536142844944306125e+04
9.510158866661916545e+04
1.004409050223481172e+05
1.003912317793327966e+05
1.004836400618437765e+05
1.005194261871513008e+05
1.005482546369018382e+05
1.005701184185025195e+05
1.005850123020261090e+05
1.005929327971516177e+05
1.005938779727746296e+05
1.005878475459463662e+05
1.005748429153712787e+05
1.005548673807991581e+05
1.005279261032085778e+05
1.004940261225347203e+05
1.004531735624785651e+05
1.004053128304049169e+05
1.003504065655012819e+05
1.002886154505298618e+05
1.002200064050008077e+05
1.001444672278371872e+05
1.000619439998091984e+05
9.997256094031968678e+04
9.987649022654135479e+04
9.977379595124804473e+04
9.966441005990002304e+04
9.954841185560596932e+04
9.942588562173156242e+04
9.929671915093372809e+04
9.916079402892444341e+04
9.901810305281216279e+04
9.886864226937602507e+04
9.871208525573252700e+04
9.854908185608558415e+04
9.837982750735573063e+04
9.820429309662098240e+04
9.802240812372979417e+04
9.783420008101564599e+04
9.763971447450002597e+04
9.743899983385007363e+04
9.723210763037181459e+04
9.701909162382034992e+04
9.680000749625579920e+04
9.657491266509344860e+04
9.634386636561986234e+04
9.610692985131661408e+04
9.586416658223922423e+04
9.561564243087900104e+04
1.003346331008635607e+05
1.002711212931743794e+05
1.003912328153397975e+05
1.004409062109703227e+05
1.004836410264324513e+05
1.005194268164427922e+05
1.005482548490298796e+05
1.005701183376925910e+05
1.005850121599440317e+05
1.005929327471751167e+05
1.005938781231409957e+05
1.005878479495731444e+05
1.005748436179748533e+05
1.005548685206333030e+05
1.005279270212585689e+05
1.004939851543803670e+05
1.004530084241770091e+05
1.004050584396249469e+05
1.003502689073967049e+05
1.002885616419402504e+05
1.002198641095595231e+05
1.001442523933414632e+05
1.000618429175183264e+05
9.997271842835970165e+04
9.987686947413894814e+04
9.977434897271636873e+04
9.966517054914812616e+04
9.954931736962171271e+04
9.942671756984213425e+04
9.929728567986784037e+04
9.916111639941348403e+04
9.901798467623842589e+04
9.886789977944166458e+04
9.871155263165840006e+04
9.854888685467682080e+04
9.837979633493021538e+04
9.820428911269194214e+04
9.802241009877498436e+04
9.783420477860810934e+04
9.763972026744950563e+04
9.743900598722386349e+04
9.723211362936922524e+04
9.701909705078163825e+04
9.680001190634431259e+04
9.657491564302307961e+04
9.634386775481257064e+04
9.610692994243757857e+04
1.002007134925420396e+05
1.001234255358947703e+05
1.002711223545534885e+05
1.003346344654144050e+05
1.003912340680338093e+05
1.004409072056998994e+05
1.004836416238497477e+05
1.005194268863335747e+05
1.005482545411385508e+05
1.005701178510477330e+05
1.005850117040300538e+05
1.005929325247690576e+05
1.005938782712297398e+05
1.005878485278225271e+05
1.005748437063344318e+05
1.005548325941885560e+05
1.005277954327450570e+05
1.004937573462510481e+05
1.004528025371520052e+05
1.004049677342252689e+05
1.003501434566499229e+05
1.002883768887966435e+05
1.002197516030346305e+05
1.001443229482431198e+05
1.000620984297466493e+05
9.997314639230987814e+04
9.987744955462550570e+04
9.977498309273163613e+04
9.966574482901219744e+04
9.954966155797529791e+04
9.942680915251346596e+04
9.929721109060145682e+04
9.916048993528995197e+04
9.901721216860770073e+04
9.886760429713399208e+04
9.871148402494516631e+04
9.854886777613921731e+04
9.837978673329426965e+04
9.820428584808942105e+04
9.802241057273624756e+04
9.783420724831566622e+04
9.763972367378186027e+04
9.743900974768096057e+04
9.723211740012677910e+04
9.701910039996991691e+04
9.680001445429680462e+04
9.657491751878727518e+04
1.000392777583201387e+05
9.994828974981501233e+04
1.001234264456509991e+05
1.002007148104125663e+05
1.002711237035240483e+05
1.003346357211128779e+05
1.003912351542043180e+05
1.004409078995888849e+05
1.004836417936232901e+05
1.005194266756795259e+05
1.005482538505634147e+05
1.005701169107163587e+05
1.005850108456265880e+05
1.005929320640518417e+05
1.005938772758536943e+05
1.005878323491983319e+05
1.005747486353477580e+05
1.005546562951111264e+05
1.005275929326595360e+05
1.004936246192680410e+05
1.004527100426923716e+05
1.004048278439269488e+05
1.003500519009668933e+05
1.002884229754568660e+05
1.002199180186445010e+05
1.001446229677248193e+05
1.000625310361600277e+05
9.997357280786824413e+04
9.987777154472121038e+04
9.977511556637937611e+04
9.966565052373734943e+04
9.954950359927707177e+04
9.942641341444260615e+04
9.929650793053884991e+04
9.916008259874570649e+04
9.901711220285634045e+04
9.886756732219229161e+04
9.871146658544952516e+04
9.854885630582371959e+04
9.837978024577138422e+04
9.820428306684218114e+04
9.802241023111761024e+04
9.783420828684256412e+04
9.763972550151566975e+04
9.743901197265966039e+04
9.723211965375072032e+04
9.701910265127483581e+04
9.985048500221608265e+04
9.974588676428138569e+04
9.994829050480847945e+04
1.000392788845140749e+05
1.001234276357796625e+05
1.002007159944660962e+05
1.002711249000041134e+05
1.003346368703570479e+05
1.003912361243522464e+05
1.004409086343162489e+05
1.004836419753569498e+05
1.005194261937371921e+05
1.005482525659875100e+05
1.005701151457168598e+05
1.005850112783752993e+05
1.005929367127543082e+05
1.005938516865576967e+05
1.005877278149335616e+05
1.005746043078162038e+05
1.005545251433154335e+05
1.005275204152261140e+05
1.004935552421761822e+05
1.004526598897111398e+05
1.004048904546160484e+05
1.003501955325210147e+05
1.002886479987372149e+05
1.002202606113784132e+05
1.001449521776423790e+05
1.000627034669351269e+05
9.997358033219201025e+04
9.987762006436416414e+04
9.977494806328804407e+04
9.966550716602893954e+04
9.954905133075216145e+04
9.942605595975597680e+04
9.929637771426379913e+04
9.916005302414752077e+04
9.901710062866256339e+04
9.886755471539574501e+04
9.871145614780583128e+04
9.854884861112498038e+04
9.837977542947228358e+04
9.820428056318585004e+04
9.802240930193437089e+04
9.783420845302783709e+04
9.763972644457484421e+04
9.743901355659899127e+04
9.963452188572601881e+04
9.951641713587964477e+04
9.974588746363281098e+04
9.985048597392748343e+04
9.994829147017472133e+04
1.000392797908714419e+05
1.001234285444393754e+05
1.002007169884523173e+05
1.002711260471377027e+05
1.003346382019021403e+05
1.003912376497433725e+05
1.004409098067566083e+05
1.004836422138002235e+05
1.005194252631455893e+05
1.005482517438132782e+05
1.005701262434797100e+05
1.005850419966113986e+05
1.005929263160964329e+05
1.005937702729913872e+05
1.005876220515261084e+05
1.005745240066904807e+05
1.005544897886459512e+05
1.005275152346414252e+05
1.004936308239070349e+05
1.004528090383433155e+05
1.004050957804699283e+05
1.003504970177279174e+05
1.002889574436029070e+05
1.002204101366235409e+05
1.001449218730650027e+05
1.000625759419030073e+05
9.997346266748583002e+04
9.987763095751595392e+04
9.977486903883505147e+04
9.966528180426423205e+04
9.954903412449570897e+04
9.942605311202362645e+04
9.929638338531354384e+04
9.916005154883213982e+04
9.901709431017782481e+04
9.886754640146670863e+04
9.871144866955955513e+04
9.854884301021136343e+04
9.837977154995703313e+04
9.820427817343121569e+04
9.802240825111394224e+04
9.783420876052533276e+04
9.939160285284389101e+04
9.926010931740868546e+04
9.951641783170371491e+04
9.963452280381054152e+04
9.974588830178172793e+04
9.985048666794328892e+04
9.994829203423974104e+04
1.000392803318912192e+05
1.001234291849897709e+05
1.002007179821301834e+05
1.002711275550145074e+05
1.003346403138076275e+05
1.003912401162499591e+05
1.004409118276353547e+05
1.004836458766836877e+05
1.005194223242723383e+05
1.005482854281418840e+05
1.005701845795633853e+05
1.005850236599763011e+05
1.005928332539416588e+05
1.005936623672355345e+05
1.005875513825947419e+05
1.005745146297283936e+05
1.005545459918654960e+05
1.005276504351356853e+05
1.004938175905755925e+05
1.004530782324935280e+05
1.004053937264741835e+05
1.003506870429598057e+05
1.002889644819756941e+05
1.002203195740784286e+05
1.001448593783274409e+05
1.000626453721877187e+05
9.997358340117934858e+04
9.987760037574713351e+04
9.977485016444174107e+04
9.966532357999771193e+04
9.954905045928731852e+04
9.942606441699266725e+04
9.929638730454641336e+04
9.916005041163263377e+04
9.901708897274934861e+04
9.886754022597840230e+04
9.871144328906260489e+04
9.854883856498454406e+04
9.837976837000314845e+04
9.820427670750684047e+04
9.912197036872897297e+04
9.897721984794248419e+04
9.926011000038812927e+04
9.939160375995805953e+04
9.951641863197786734e+04
9.963452342382546340e+04
9.974588872616353910e+04
9.985048691205076466e+04
9.994829217086113931e+04
1.000392805019345979e+05
1.001234297176717228e+05
1.002007192274892004e+05
1.002711298741352657e+05
1.003346437821458821e+05
1.003912438774933835e+05
1.004408941374979186e+05
1.004836387374654878e+05
1.005194871270910808e+05
1.005483312323200080e+05
1.005701126004959660e+05
1.005848834884373937e+05
1.005926967095190921e+05
1.005935859016396134e+05
1.005875548292393360e+05
1.005745912386042182e+05
1.005546840902875992e+05
1.005278452825452987e+05
1.004940738531289389e+05
1.004532908275168884e+05
1.004054628091001650e+05
1.003506383780919132e+05
1.002889025062167930e+05
1.002203673094476544e+05
1.001450056756516133e+05
1.000627251333117165e+05
9.997358649094350403e+04
9.987762572422136145e+04
9.977486753682955168e+04
9.966533885290822946e+04
9.954906400509561354e+04
9.942607080578223395e+04
9.929638823416577361e+04
9.916004769159872376e+04
9.901708476586523466e+04
9.886753567073373415e+04
9.871143897702581307e+04
9.854883539684898278e+04
9.882589508179458790e+04
9.866803357000119286e+04
9.897722048750989779e+04
9.912197124035148590e+04
9.926011077443114482e+04
9.939160435675416375e+04
9.951641904083966801e+04
9.963452364077075617e+04
9.974588873142264492e+04
9.985048669620590226e+04
9.994829179752955679e+04
1.000392802364116069e+05
1.001234300661002781e+05
1.002007207778437732e+05
1.002711313344913069e+05
1.003346211654771323e+05
1.003912024664203491e+05
1.004409375629449351e+05
1.004837317594605265e+05
1.005194804139552434e+05
1.005481926943642902e+05
1.005699259744831943e+05
1.005847301227266289e+05
1.005926216548077791e+05
1.005935821991956909e+05
1.005876125921145576e+05
1.005747051013909077e+05
1.005548614330168348e+05
1.005280432757280068e+05
1.004941834604265605e+05
1.004532884774179693e+05
1.004053869832396740e+05
1.003506009099220973e+05
1.002889806034968788e+05
1.002204572276120452e+05
1.001450288276758656e+05
1.000627352264705696e+05
9.997359680994685914e+04
9.987763685273502779e+04
9.977487863582982391e+04
9.966534787786965899e+04
9.954907002462095988e+04
9.942607288442119898e+04
9.929638718581607100e+04
9.916004519136024464e+04
9.901708123687055195e+04
9.886753205052076373e+04
9.850367604108569503e+04
9.833286386868980480e+04
9.866803408652321377e+04
9.882589585344918305e+04
9.897722118854666769e+04
9.912197179018174938e+04
9.926011116378311999e+04
9.939160459929578064e+04
9.951641912962366769e+04
9.963452351892807928e+04
9.974588829702755902e+04
9.985048585192397877e+04
9.994829060571726586e+04
1.000392787937367102e+05
1.001234272632954671e+05
1.002007008613889484e+05
1.002710914453116566e+05
1.003346698184192210e+05
1.003913599039108230e+05
1.004410333826034330e+05
1.004836585813774873e+05
1.005192898582601483e+05
1.005479886770572630e+05
1.005697824824324198e+05
1.005846500828902208e+05
1.005926000802852941e+05
1.005936344008275919e+05
1.005877241651086952e+05
1.005748570394491981e+05
1.005549845237309200e+05
1.005280730946757249e+05
1.004941232243910636e+05
1.004531804469858762e+05
1.004053617690676474e+05
1.003506447247278411e+05
1.002890034192525927e+05
1.002204607983985188e+05
1.001450335610879265e+05
1.000627409497348126e+05
9.997360348470664758e+04
9.987764372477556753e+04
9.977488492935728573e+04
9.966535211355691717e+04
9.954907189208154159e+04
9.942607299576868536e+04
9.929638577737221203e+04
9.916004281799962337e+04
9.815564094418966852e+04
9.797205294158530887e+04
9.833286408669903176e+04
9.850367656721360981e+04
9.866803460170411563e+04
9.882589627658511745e+04
9.897722149599985278e+04
9.912197199288423872e+04
9.926011128032144916e+04
9.939160461867495906e+04
9.951641898687124194e+04
9.963452303350235161e+04
9.974588719716254855e+04
9.985048325804200431e+04
9.994828426307742484e+04
1.000392662390563055e+05
1.001234203300005320e+05
1.002008081431039172e+05
1.002713597805001191e+05
1.003349036250639037e+05
1.003913944763194304e+05
1.004408795300179481e+05
1.004834333904124796e+05
1.005190981320964784e+05
1.005478496524424554e+05
1.005696974177793163e+05
1.005846531113374949e+05
1.005926824783384072e+05
1.005937495696367550e+05
1.005878402359571046e+05
1.005749158575839829e+05
1.005549622916832304e+05
1.005279714556211402e+05
1.004940267719071126e+05
1.004531686296330445e+05
1.004053721371152642e+05
1.003506471185147966e+05
1.002890057789426792e+05
1.002204633255599038e+05
1.001450366387945687e+05
1.000627445714711212e+05
9.997360749521030812e+04
9.987764735274098348e+04
9.977488760880056361e+04
9.966535363201225118e+04
9.954907230698119383e+04
9.942607249736592348e+04
9.778214644803955161e+04
9.758597209186937835e+04
9.797205255958937050e+04
9.815564095074446232e+04
9.833286418180043984e+04
9.850367667362488282e+04
9.866803468451766821e+04
9.882589632469789649e+04
9.897722151849254442e+04
9.912197198590151675e+04
9.926011125276300299e+04
9.939160447311094322e+04
9.951641851157520432e+04
9.963452066682040459e+04
9.974587760027773038e+04
9.985046561777597526e+04
9.994831081088772044e+04
1.000394610075703968e+05
1.001238299266171380e+05
1.002012103964939452e+05
1.002715136866703251e+05
1.003347969063668716e+05
1.003911532754273358e+05
1.004406422031316906e+05
1.004832493286093231e+05
1.005189671955843660e+05
1.005478143727693678e+05
1.005697664293550624e+05
1.005847747303049400e+05
1.005927995848715509e+05
1.005938400397895603e+05
1.005878699591329641e+05
1.005748736645014869e+05
1.005548782188354089e+05
1.005279266482811654e+05
1.004940234811592964e+05
1.004531689187211450e+05
1.004053732991222787e+05
1.003506482137811399e+05
1.002890070132788969e+05
1.002204648162375670e+05
1.001450384540111263e+05
1.000627465256019495e+05
9.997360929043490614e+04
9.987764876919811650e+04
9.977488859099285037e+04
9.966535426819189161e+04
9.738357859940256458e+04
9.717502205734974996e+04
9.758597080031914811e+04
9.778214556711039040e+04
9.797205184197408380e+04
9.815564034357620403e+04
9.833286369346472202e+04
9.850367629236401990e+04
9.866803440547514765e+04
9.882589609735429985e+04
9.897722135087211791e+04
9.912197179232617782e+04
9.926011084863966971e+04
9.939160132946423255e+04
9.951640506606026611e+04
9.963447535172100470e+04
9.974588536478730384e+04
9.985071637402597116e+04
9.994885901876568096e+04
1.000400309155752620e+05
1.001241020288016152e+05
1.002011330766504834e+05
1.002712342380053160e+05
1.003344919366290123e+05
1.003909152397118742e+05
1.004404755136821186e+05
1.004831885048992262e+05
1.005190332898671040e+05
1.005479654764747975e+05
1.005699256712586939e+05
1.005848977571365540e+05
1.005928882821191219e+05
1.005938736649156344e+05
1.005878483896529215e+05
1.005748441984128294e+05
1.005548682418829849e+05
1.005279255938459974e+05
1.004940229389450978e+05
1.004531688490014494e+05
1.004053734751905431e+05
1.003506485740653734e+05
1.002890075270462112e+05
1.002204654148625414e+05
1.001450390910159185e+05
1.000627471445347182e+05
9.997360986491963558e+04
9.987764945827478368e+04
9.696035333321413782e+04
9.673963336281683587e+04
9.717501996083745325e+04
9.738357665662122599e+04
9.758596886004430417e+04
9.778214362555275147e+04
9.797205007911940629e+04
9.815563887160393642e+04
9.833286258995351091e+04
9.850367545484466245e+04
9.866803379188041436e+04
9.882589557016256731e+04
9.897722052361309761e+04
9.912196674098177755e+04
9.926009319217124721e+04
9.939152460273278120e+04
9.951633585735019005e+04
9.963470976808191335e+04
9.974653420169658784e+04
9.985144788336934289e+04
9.994924111702303344e+04
1.000399650351572054e+05
1.001237585181493050e+05
1.002007256167029409e+05
1.002709066999915958e+05
1.003342705279555375e+05
1.003908326613943937e+05
1.004405479271955410e+05
1.004833709520755947e+05
1.005192481818360829e+05
1.005481337024990498e+05
1.005700512902719929e+05
1.005849899111471459e+05
1.005929302430499374e+05
1.005938772651616600e+05
1.005878474581433838e+05
1.005748432039041072e+05
1.005548672960357071e+05
1.005279247809819208e+05
1.004940223511031363e+05
1.004531684638020088e+05
1.004053732406090712e+05
1.003506483980367921e+05
1.002890073610583349e+05
1.002204652757040021e+05
1.001450390128588624e+05
1.000627473490206030e+05
9.651291670695466746e+04
9.628026669908774784e+04
9.673963150461483747e+04
9.696035091678524623e+04
9.717501690161856823e+04
9.738357292007787328e+04
9.758596486188327253e+04
9.778213982715069142e+04
9.797204698682342132e+04
9.815563645853358321e+04
9.833286082658775558e+04
9.850367417879462300e+04
9.866803217385645257e+04
9.882589386324556835e+04
9.897719211818353506e+04
9.912188150505330123e+04
9.925996844487136696e+04
9.939168320287017559e+04
9.951702726573380642e+04
9.963560080821561860e+04
9.974705696730843920e+04
9.985140808326755359e+04
9.994882476522325305e+04
1.000394373923336389e+05
1.001233000675321673e+05
1.002003985804498225e+05
1.002707730434776749e+05
1.003343566157052846e+05
1.003910465118063294e+05
1.004408003552295413e+05
1.004835745898960595e+05
1.005193788427361724e+05
1.005482387282362324e+05
1.005701216628974071e+05
1.005850138259179803e+05
1.005929326780387346e+05
1.005938776360026823e+05
1.005878472929957788e+05
1.005748426331530063e+05
1.005548666217413120e+05
1.005279240636431932e+05
1.004940216625828034e+05
1.004531678103398881e+05
1.004053725786617142e+05
1.003506477380955621e+05
1.002890067703612731e+05
1.002204650117223500e+05
9.604174468673051160e+04
9.579741332185077772e+04
9.628026683375604625e+04
9.651291544681380037e+04
9.673962862482015043e+04
9.696034611172828590e+04
9.717501039442262845e+04
9.738356547417100228e+04
9.758595808388195292e+04
9.778213380722633156e+04
9.797204224733721639e+04
9.815563309333524376e+04
9.833285766431504453e+04
9.850366929106373573e+04
9.866799286755867070e+04
9.882582245788858563e+04
9.897710815913962142e+04
9.912202162237506127e+04
9.926067641213109891e+04
9.939272056144937233e+04
9.951773505604489765e+04
9.963563476179733698e+04
9.974658651483117137e+04
9.985076080909773009e+04
9.994821826652849268e+04
1.000389541034438880e+05
1.001230537396784785e+05
1.002004674496725202e+05
1.002710324998199940e+05
1.003346286927590845e+05
1.003912504522288800e+05
1.004409049881828105e+05
1.004836370499005425e+05
1.005194359068720951e+05
1.005482605786437780e+05
1.005701212620072620e+05
1.005850133462747908e+05
1.005929328729622066e+05
1.005938777045854367e+05
1.005878470974976517e+05
1.005748421854507615e+05
1.005548659267131588e+05
1.005279232256875985e+05
1.004940207268103113e+05
1.004531668199161068e+05
1.004053716369174508e+05
1.003506471617413918e+05
9.554734310545574408e+04
9.529159548770311812e+04
9.579741642490339291e+04
9.604174635119629966e+04
9.628026640884829976e+04
9.651291235040652100e+04
9.673962161557628133e+04
9.696033548136807804e+04
9.717499816155787266e+04
9.738355311154993251e+04
9.758594684543328185e+04
9.778212489391902636e+04
9.797203513945073064e+04
9.815562472016476386e+04
9.833283262180886231e+04
9.850362481032713549e+04
9.866804569099051878e+04
9.882609762801800389e+04
9.897787365926726488e+04
9.912315315577168076e+04
9.926154432418888609e+04
9.939286610740040487e+04
9.951724681454907113e+04
9.963487782277063525e+04
9.974583783956053958e+04
9.985010057993502414e+04
9.994779483453882858e+04
1.000389292939486477e+05
1.001233446183714550e+05
1.002007888508688338e+05
1.002712173686234746e+05
1.003346708738395682e+05
1.003912426718304632e+05
1.004409142480723240e+05
1.004836486684353004e+05
1.005194323092490522e+05
1.005482583360854187e+05
1.005701202885640523e+05
1.005850130179500120e+05
1.005929328429575980e+05
1.005938776173916558e+05
1.005878467658549198e+05
1.005748415249227692e+05
1.005548650082142995e+05
1.005279221245785156e+05
1.004940195870016905e+05
1.004531660244521918e+05
9.503024887270313047e+04
9.476336692870606203e+04
9.529160040758723335e+04
9.554734785616565205e+04
9.579741992537041369e+04
9.604174788578273728e+04
9.628026323257974582e+04
9.651290286935002950e+04
9.673960689443365845e+04
9.696031643824256025e+04
9.717497835402911005e+04
9.738353392185470148e+04
9.758593008565582568e+04
9.778210880698954861e+04
9.797203301018579805e+04
9.815563551846425980e+04
9.833302241755195428e+04
9.850416603410836251e+04
9.866898101533418230e+04
9.882727324268232042e+04
9.897878663432244502e+04
9.912335158425739792e+04
9.926103051279236388e+04
9.939200068773499515e+04
9.951636439899983816e+04
9.963405480181868188e+04
9.974520764973976475e+04
9.984989426690565597e+04
9.994802922889850743e+04
1.000393319803162740e+05
1.001235612050124182e+05
1.002007924520341476e+05
1.002711330939337349e+05
1.003346365994557273e+05
1.003912391159185063e+05
1.004409119458808418e+05
1.004836455890950310e+05
1.005194300748929381e+05
1.005482569156762329e+05
1.005701195417269337e+05
1.005850126728588803e+05
1.005929326203583478e+05
1.005938772306183964e+05
1.005878460714646353e+05
1.005748405490966397e+05
1.005548638757071603e+05
1.005279212288436393e+05
9.449103165847284254e+04
9.421331337227288168e+04
9.476337116122020234e+04
9.503025464645038301e+04
9.529160669140420214e+04
9.554735390763323812e+04
9.579742397414211882e+04
9.604174669668090064e+04
9.628025359564779501e+04
9.651288145708147204e+04
9.673958174399247218e+04
9.696028697082190774e+04
9.717494671887670120e+04
9.738350149913463974e+04
9.758592874741430569e+04
9.778220947601884836e+04
9.797231873096646450e+04
9.815640883238357492e+04
9.833418735118303448e+04
9.850538061709009344e+04
9.866978041630267398e+04
9.882736479045161104e+04
9.897817842521979765e+04
9.912236037115506770e+04
9.925999658012601139e+04
9.939104178547563788e+04
9.951555253924976569e+04
9.963363003254642535e+04
9.974528306507779052e+04
9.985031271949638904e+04
9.994837247069696605e+04
1.000393671882338676e+05
1.001234185805817833e+05
1.002007149986506702e+05
1.002711253297076328e+05
1.003346376040448667e+05
1.003912371058060671e+05
1.004409098622368765e+05
1.004836437087004451e+05
1.005194285832010646e+05
1.005482559128816793e+05
1.005701189041409671e+05
1.005850122009540646e+05
1.005929320486394427e+05
1.005938764252823894e+05
1.005878450889257947e+05
1.005748397242434585e+05
9.393029429321370844e+04
9.364205307589238510e+04
9.421331535319662362e+04
9.449103586787309905e+04
9.476337714591053373e+04
9.503026209597972047e+04
9.529161543648445513e+04
9.554736173674714519e+04
9.579742597691236006e+04
9.604174118621018715e+04
9.628023637823569879e+04
9.651285610060795443e+04
9.673954187556555553e+04
9.696023560923164769e+04
9.717491384867357556e+04
9.738364497804226994e+04
9.758632768700823362e+04
9.778303387708870287e+04
9.797364214656426338e+04
9.815766145412845071e+04
9.833481518026029516e+04
9.850520008890413737e+04
9.866895693842232868e+04
9.882620657752273837e+04
9.897698839298482926e+04
9.912126394080980390e+04
9.925909349607971672e+04
9.939045335126521240e+04
9.951542997573367029e+04
9.963397463048702048e+04
9.974575003212137381e+04
9.985052396926427900e+04
9.994831811970548006e+04
1.000392806879142736e+05
1.001234289909005602e+05
1.002007162525165913e+05
1.002711248095560004e+05
1.003346366313987965e+05
1.003912358089781628e+05
1.004409084212176240e+05
1.004836423859884235e+05
1.005194274911068060e+05
1.005482550707778282e+05
1.005701181563733699e+05
1.005850113813494245e+05
1.005929311464769999e+05
1.005938757251217176e+05
9.334867210817399609e+04
9.305023738634197798e+04
9.364205297913518734e+04
9.393029584301066643e+04
9.421331863749516197e+04
9.449104113656278059e+04
9.476338480480691942e+04
9.503027243302964780e+04
9.529162728457048070e+04
9.554737110592053796e+04
9.579742852432401560e+04
9.604173327506259375e+04
9.628020968259130314e+04
9.651280582503644109e+04
9.673948080054891761e+04
9.696032017580860702e+04
9.717539386143191950e+04
9.738447751291487657e+04
9.758758707480668090e+04
9.778426356043601118e+04
9.797413473177235574e+04
9.815719192984093388e+04
9.833370626504452957e+04
9.850386178594105877e+04
9.866756272459658794e+04
9.882499763588262431e+04
9.897606336331287457e+04
9.912068066378694493e+04
9.925885077025927603e+04
9.939067482695412764e+04
9.951596108835101768e+04
9.963441225882789877e+04
9.974589311581460061e+04
9.985049283888359787e+04
9.994829609881849319e+04
1.000392814342056517e+05
1.001234285030574974e+05
1.002007160269736050e+05
1.002711243348064163e+05
1.003346358461062773e+05
1.003912347720508551e+05
1.004409073004868114e+05
1.004836413160106604e+05
1.005194264728748967e+05
1.005482540646452690e+05
1.005701171555126202e+05
1.005850106742320786e+05
9.274683305599978485e+04
9.243855133670184296e+04
9.305023597548071120e+04
9.334867143168883922e+04
9.364205324363865657e+04
9.393029740837692225e+04
9.421332209904055344e+04
9.449104753256424738e+04
9.476339502031133452e+04
9.503028667761915131e+04
9.529164499557761883e+04
9.554738773043036053e+04
9.579743455541663570e+04
9.604171997226186795e+04
9.628018552061518130e+04
9.651278676539305889e+04
9.673986483328777831e+04
9.696120618285966339e+04
9.717650749629946949e+04
9.738557517360393831e+04
9.758799081462861795e+04
9.778366442944529990e+04
9.797282019296944782e+04
9.815570722767291591e+04
9.833222346680991177e+04
9.850253344616678078e+04
9.866672569904406555e+04
9.882456715466997412e+04
9.897589295958830917e+04
9.912081976360060798e+04
9.925940197846504452e+04
9.939129020158253843e+04
9.951637002516306529e+04
9.963452313332301856e+04
9.974589436868533085e+04
9.985049092792156443e+04
9.994829390166664962e+04
1.000392805645890185e+05
1.001234281724755274e+05
1.002007156962982845e+05
1.002711238030391542e+05
1.003346350520756096e+05
1.003912338063659699e+05
1.004409062198755128e+05
1.004836401670841733e+05
1.005194253148331045e+05
1.005482532196894608e+05
9.212547928758170747e+04
9.180771427446954476e+04
9.243854925796670432e+04
9.274683103919455607e+04
9.305023405622888822e+04
9.334866992719750851e+04
9.364205250033292396e+04
9.393029800379053631e+04
9.421332539432604972e+04
9.449105544215335976e+04
9.476340968483079632e+04
9.503030988533743948e+04
9.529167629007111827e+04
9.554741755460259446e+04
9.579750690136304183e+04
9.604167040616476152e+04
9.628028975121083204e+04
9.651358944714955578e+04
9.674095915052616328e+04
9.696213313455389289e+04
9.717684508141614788e+04
9.738498682329097937e+04
9.758667883225786500e+04
9.778215231360930193e+04
9.797133559406395943e+04
9.815433849208867468e+04
9.833143721469551383e+04
9.850233983791070932e+04
9.866682647913978144e+04
9.882477923789944907e+04
9.897640805560130684e+04
9.912154304361755203e+04
9.925998682678640762e+04
9.939159918095597823e+04
9.951641828705296211e+04
9.963452619688051345e+04
9.974589131233784428e+04
9.985048855649023608e+04
9.994829279242106713e+04
1.000392800118765444e+05
1.001234278005763917e+05
1.002007151990922284e+05
1.002711230863491510e+05
1.003346341145664483e+05
1.003912326875799336e+05
1.004409050160641782e+05
1.004836392198975082e+05
9.148534797927760519e+04
9.115848052123904927e+04
9.180771261647269421e+04
9.212547699989426474e+04
9.243854620268964209e+04
9.274682755754429672e+04
9.305023048589604150e+04
9.334866626310702122e+04
9.364204920683440287e+04
9.393029640497226501e+04
9.421332804696784297e+04
9.449106625265546609e+04
9.476343327081266034e+04
9.503034940775380528e+04
9.529172290123549465e+04
9.554756832463963656e+04
9.579730674817196268e+04
9.604209365695597080e+04
9.628134689427998092e+04
9.651446686709811911e+04
9.674126628354885906e+04
9.696163232380046975e+04
9.717568573382661270e+04
9.738359553698152013e+04
9.758530155372590525e+04
9.778089854593198106e+04
9.797059687648736872e+04
9.815431795931638044e+04
9.833181958644742554e+04
9.850282079702643387e+04
9.866733355994441081e+04
9.882549815881570976e+04
9.897705751668683661e+04
9.912194826916203601e+04
9.926009728816970892e+04
9.939159828159252356e+04
9.951641753804341715e+04
9.963452410574418900e+04
9.974588968701461272e+04
9.985048745543537370e+04
9.994829210402547324e+04
1.000392795114736073e+05
1.001234272024944803e+05
1.002007144102607126e+05
1.002711220914296573e+05
1.003346329945050675e+05
1.003912317763262981e+05
9.082721114948102331e+04
9.049164005133944738e+04
9.115848089394414274e+04
9.148534701087787107e+04
9.180771000122620899e+04
9.212547289181663655e+04
9.243854098672360124e+04
9.274682110602868488e+04
9.305022294090915238e+04
9.334865790857274260e+04
9.364204129904886940e+04
9.393029141470737522e+04
9.421332997459148464e+04
9.449108210991513624e+04
9.476345182440076314e+04
9.503031250421625737e+04
9.529138061153209128e+04
9.554727481903151784e+04
9.579810278211584955e+04
9.604301655907447275e+04
9.628170175186842971e+04
9.651410790316287603e+04
9.674029634526690643e+04
9.696042886491240642e+04
9.717448275828926126e+04
9.738249215147836367e+04
9.758461904168255569e+04
9.778089792708023742e+04
9.797112817906487908e+04
9.815507978343883588e+04
9.833246978440824023e+04
9.850342793485980656e+04
9.866792203361041902e+04
9.882587150362832472e+04
9.897719993752811570e+04
9.912195603073293751e+04
9.926010187850939110e+04
9.939160005324904341e+04
9.951641750135902839e+04
9.963452337235945743e+04
9.974588887467155291e+04
9.985048680251427868e+04
9.994829145148540556e+04
1.000392787455123762e+05
1.001234262759662961e+05
1.002007133857762237e+05
1.002711212881110696e+05
9.015187602881043858e+04
8.980801919759662997e+04
9.049164319499685371e+04
9.082721303681631980e+04
9.115848081815324258e+04
9.148534460377514188e+04
9.180770518781727878e+04
9.212546520097252505e+04
9.243853030913586554e+04
9.274680764336755965e+04
9.305020824569428805e+04
9.334864294149442867e+04
9.364202673710121599e+04
9.393027947905157635e+04
9.421332260179704463e+04
9.449092160901811440e+04
9.476303187341842568e+04
9.502977263264202338e+04
9.529177066641244164e+04
9.554822368564782664e+04
9.579862004059231549e+04
9.604284123003267450e+04
9.628095365878428856e+04
9.651308359412044229e+04
9.673926528862935083e+04
9.695948500760765455e+04
9.717386145741940709e+04
9.738244820707496547e+04
9.758512922881970007e+04
9.778173418246320216e+04
9.797195313581505616e+04
9.815562374746946443e+04
9.833286881123692729e+04
9.850368555019870109e+04
9.866802936471013527e+04
9.882588261715845147e+04
9.897720815620418580e+04
9.912196235724606959e+04
9.926010521320388943e+04
9.939160141753917560e+04
9.951641772271018999e+04
9.963452307056926657e+04
9.974588831772084814e+04
9.985048604782210896e+04
9.994829052241798490e+04
1.000392777323678602e+05
1.001234255292700836e+05
8.946018654724385124e+04
8.910848139363811060e+04
8.980802393740655680e+04
9.015188073978190369e+04
9.049164681808503519e+04
9.082721469337923918e+04
9.115847966778342379e+04
9.148533927181125910e+04
9.180769424716856156e+04
9.212544742314996256e+04
9.243850898907415103e+04
9.274678451373289863e+04
9.305018495612005063e+04
9.334861658656685904e+04
9.364200279799541750e+04
9.393016057942697080e+04
9.421278989989780530e+04
9.449028489289259596e+04
9.476304716844286304e+04
9.503073472257137473e+04
9.529254890171826992e+04
9.554832825280148245e+04
9.579811021486260870e+04
9.604199501151339791e+04
9.628005110109674570e+04
9.651224942780885613e+04
9.673866552965562732e+04
9.695932720802324184e+04
9.717419339782012685e+04
9.738312014143459965e+04
9.758592782576764876e+04
9.778228812094003661e+04
9.797217873840173706e+04
9.815570013214698702e+04
9.833288904263464792e+04
9.850368209535704227e+04
9.866803107750711206e+04
9.882588839323927823e+04
9.897721372483193409e+04
9.912196593386937457e+04
9.926010738359061361e+04
9.939160241404344561e+04
9.951641786866234906e+04
9.963452265150252788e+04
9.974588751692643564e+04
9.985048504426173167e+04
9.994828974291252962e+04
8.875302509344386635e+04
8.839392793470549805e+04
8.910848553813452600e+04
8.946019215492544754e+04
8.980803004575551313e+04
9.015188652858743444e+04
9.049165123461045732e+04
9.082721634264955355e+04
9.115847494726539298e+04
9.148532243152032606e+04
9.180766970776701055e+04
9.212541665539592213e+04
9.243847512560909672e+04
9.274674567496321106e+04
9.305013971952017164e+04
9.334858686284034047e+04
9.364166692876098386e+04
9.392957409557129722e+04
9.421283300522144418e+04
9.449128422182948270e+04
9.476416871896317753e+04
9.503117119430885941e+04
9.529230117260296538e+04
9.554765430962272512e+04
9.579729826884828799e+04
9.604120995544931793e+04
9.627943910805573978e+04
9.651195903926955361e+04
9.673872432941697480e+04
9.695969605381447764e+04
9.717470824251220620e+04
9.738362055481741845e+04
9.758611930290155578e+04
9.778223671789247601e+04
9.797209778131461644e+04
9.815566900311775680e+04
9.833287832109082956e+04
9.850367981845822942e+04
9.866803245868919475e+04
9.882589149453099526e+04
9.897721662377640314e+04
9.912196829851971415e+04
9.926010870988811075e+04
9.939160281882037816e+04
9.951641757274995325e+04
9.963452188866067445e+04
9.974588675832882291e+04
8.803131305425900791e+04
8.766529874677174666e+04
8.839393034419941250e+04
8.875302945677035314e+04
8.910849141384391987e+04
8.946019929120423330e+04
8.980803807243432675e+04
9.015189489556028275e+04
9.049165706788153329e+04
9.082721661044249777e+04
9.115845939989176986e+04
9.148529597316816216e+04
9.180763000481412746e+04
9.212535906181449536e+04
9.243838689590943977e+04
9.274678591811064689e+04
9.305015837006643414e+04
9.334832237076899037e+04
9.364185379806264245e+04
9.393069598135193519e+04
9.421424227926299500e+04
9.449205809301795671e+04
9.476415573596744798e+04
9.503062874603788077e+04
9.529153645043932192e+04
9.554685352470393991e+04
9.579663994723632641e+04
9.604083074215253873e+04
9.627929776035516988e+04
9.651197648525156546e+04
9.673894395988144970e+04
9.695998741167162370e+04
9.717499931890059088e+04
9.738364663484513585e+04
9.758601543026557192e+04
9.778218200412760780e+04
9.797207867518032435e+04
9.815565883660937834e+04
9.833287209935572173e+04
9.850367826627177419e+04
9.866803274442505790e+04
9.882589324855839368e+04
9.897721856793861662e+04
9.912196949580901128e+04
9.926010915654337441e+04
9.939160262784648512e+04
9.951641713041051116e+04
8.729601048567179532e+04
8.692357315894681960e+04
8.766529989479765936e+04
8.803131554526096443e+04
8.839393416480471205e+04
8.875303481165553967e+04
8.910849872654479987e+04
8.946020894572074758e+04
8.980805079135064443e+04
9.015190712102518592e+04
9.049166077718620363e+04
9.082720741834056389e+04
9.115843307565526629e+04
9.148523243310984981e+04
9.180749102415092057e+04
9.212542143673052487e+04
9.243872730344520824e+04
9.274705556711286772e+04
9.305062242870358750e+04
9.334959801986668026e+04
9.364340789815595781e+04
9.393166211265628226e+04
9.421433427039418893e+04
9.449154925405052199e+04
9.476337215740965621e+04
9.502973465885396581e+04
9.529076038641664491e+04
9.554639850711122563e+04
9.579645549046283122e+04
9.604075189270327974e+04
9.627930112892122997e+04
9.651215690776692645e+04
9.673929228782818245e+04
9.696031604718005110e+04
9.717504704033229791e+04
9.738360766503120249e+04
9.758599746885579953e+04
9.778216795215562161e+04
9.797206773273080762e+04
9.815565012315598142e+04
9.833286812086454302e+04
9.850367704373948800e+04
9.866803339171745756e+04
9.882589430420585268e+04
9.897721932369848946e+04
9.912196985011409561e+04
9.926010930936077784e+04
8.654811645317632065e+04
8.616977067691253615e+04
8.692357391619817645e+04
8.729601181218722195e+04
8.766530180764802208e+04
8.803131824887586117e+04
8.839393815608006844e+04
8.875304107047115394e+04
8.910851006205839803e+04
8.946022383591532707e+04
8.980806848686916055e+04
9.015192162403684051e+04
9.049166544185807288e+04
9.082718673078302527e+04
9.115832898992426635e+04
9.148526360214284796e+04
9.180799756836348388e+04
9.212617038084939122e+04
9.243959054035744339e+04
9.274838070879138832e+04
9.305218785457087506e+04
9.335054890433487890e+04
9.364345477597200079e+04
9.393105459232883004e+04
9.421345295687294856e+04
9.449049532534596801e+04
9.476237094866715779e+04
9.502912758512464643e+04
9.529058705444454972e+04
9.554644016169542738e+04
9.579650798311988183e+04
9.604093204783053079e+04
9.627968635195434035e+04
9.651273914219881408e+04
9.673962647054872650e+04
9.696037000853657082e+04
9.717503959382663015e+04
9.738359693967246858e+04
9.758598724669885996e+04
9.778215894175304857e+04
9.797206107973400503e+04
9.815564576899512031e+04
9.833286612010089448e+04
9.850367665499780560e+04
9.866803346086741658e+04
9.882589454703514639e+04
9.897721983201318653e+04
8.578867055539377907e+04
8.540495175389749056e+04
8.616977136110460560e+04
8.654811740597012977e+04
8.692357493555401743e+04
8.729601292531010404e+04
8.766530312183400383e+04
8.803132024410518352e+04
8.839394203680737701e+04
8.875304915162896214e+04
8.910852246148612176e+04
8.946024413118831581e+04
8.980809556261687248e+04
9.015196140927523084e+04
9.049154666407401965e+04
9.082712074204714736e+04
9.115872950063266035e+04
9.148621650170482462e+04
9.180921835074201226e+04
9.212755884149705525e+04
9.244099970549736463e+04
9.274919400110795686e+04
9.305206188383291010e+04
9.334975127796323795e+04
9.364241574337781640e+04
9.392982751645118697e+04
9.421217993309610756e+04
9.448961670008108194e+04
9.476209583999076858e+04
9.502934850356918469e+04
9.529094258682137297e+04
9.554676200097962283e+04
9.579688515926589025e+04
9.604150023602577858e+04
9.628022495758939476e+04
9.651291985785588622e+04
9.673964067040248483e+04
9.696036473182238115e+04
9.717503310014860472e+04
9.738359004404960433e+04
9.758598088602839562e+04
9.778215359235454525e+04
9.797205729271580640e+04
9.815564346033173206e+04
9.833286479358926590e+04
9.850367595927098591e+04
9.866803354401764227e+04
8.501875397261213220e+04
8.463021854175394401e+04
8.540495226573428954e+04
8.578867136330499488e+04
8.616977209440991282e+04
8.654811801771343744e+04
8.692357531880798342e+04
8.729601294782901823e+04
8.766530293204198824e+04
8.803132076586548646e+04
8.839394557254774554e+04
8.875305869672335393e+04
8.910854242477014486e+04
8.946028493831520609e+04
8.980801059685501968e+04
9.015174837263628433e+04
9.049177284415315080e+04
9.082798230587504804e+04
9.116011432859301567e+04
9.148768813312890416e+04
9.181045400514300854e+04
9.212815041527456196e+04
9.244070382988515485e+04
9.274822269720527402e+04
9.305086752320284722e+04
9.334839984777214704e+04
9.364095753033850633e+04
9.392867705076800485e+04
9.421166798092097451e+04
9.448984733941761078e+04
9.476278042268611898e+04
9.502994481787573022e+04
9.529131160162641027e+04
9.554715110887696210e+04
9.579735772397556866e+04
9.604173752191459062e+04
9.628026516572431137e+04
9.651291983842437912e+04
9.673963862491263717e+04
9.696036108692960988e+04
9.717502886147513345e+04
9.738358573698355758e+04
9.758597703955425823e+04
9.778215032114730275e+04
9.797205478688201401e+04
9.815564159155137895e+04
9.833286383958523220e+04
8.423948995486217609e+04
8.384671561305919022e+04
8.463021872018376598e+04
8.501875448479973420e+04
8.540495275224895158e+04
8.578867176489054691e+04
8.616977234508209222e+04
8.654811789659519854e+04
8.692357444421450782e+04
8.729601093271533318e+04
8.766529991067860101e+04
8.803131830760276353e+04
8.839394736174352875e+04
8.875306470299157081e+04
8.910852777113496268e+04
8.946011868678899191e+04
8.980804208983475110e+04
9.015245703267835779e+04
9.049312807957465702e+04
9.082954401652280649e+04
9.116127778195469000e+04
9.148811850635400333e+04
9.181002796372132434e+04
9.212708644881674263e+04
9.243941795843733416e+04
9.274683157810207922e+04
9.304939690098993015e+04
9.334715582997495949e+04
9.364020448712208599e+04
9.392871695658682438e+04
9.421250193122685596e+04
9.449081852354225703e+04
9.476329533066641307e+04
9.503017149193638761e+04
9.529156183027767111e+04
9.554733540290947712e+04
9.579740836293484608e+04
9.604174114272731822e+04
9.628026666954903340e+04
9.651291949432605179e+04
9.673963696415307641e+04
9.696035870515981514e+04
9.717502617089131672e+04
9.738358284860367712e+04
9.758597422996252135e+04
9.778214777602022514e+04
9.797205292210099287e+04
8.345204457780650409e+04
8.305563063388895534e+04
8.384671529928431846e+04
8.423948997654048435e+04
8.463021874706020753e+04
8.501875450091950188e+04
8.540495276823987660e+04
8.578867169245559489e+04
8.616977195402039797e+04
8.654811663200594194e+04
8.692357142054293945e+04
8.729600522433839797e+04
8.766529143828111410e+04
8.803130652814610221e+04
8.839393386851677496e+04
8.875306124939695292e+04
8.910856989065736707e+04
8.946065309775038622e+04
8.980931829006866610e+04
9.015410046411406074e+04
9.049435184572327125e+04
9.082993601173687784e+04
9.116081509497598745e+04
9.148705247181541927e+04
9.180873681487044087e+04
9.212573549071575690e+04
9.243809295335768547e+04
9.274572886476827262e+04
9.304860269662424980e+04
9.334695314815557504e+04
9.364092235588181939e+04
9.392996888223303540e+04
9.421332162743648223e+04
9.449104173286269361e+04
9.476338511195215688e+04
9.503025208485101757e+04
9.529159597680380102e+04
9.554733885084075155e+04
9.579741109331656480e+04
9.604174300347689132e+04
9.628026725685938436e+04
9.651291910113776976e+04
9.673963585643906845e+04
9.696035692661057692e+04
9.717502389066647447e+04
9.738358038854383631e+04
9.758597209531032422e+04
8.265762743943661917e+04
8.225819497577047150e+04
8.305562985790149833e+04
8.345204400590316800e+04
8.384671464730300067e+04
8.423948930409924651e+04
8.463021815281559248e+04
8.501875399269330956e+04
8.540495233912226104e+04
8.578867113299776975e+04
8.616977072271087673e+04
8.654811361462723289e+04
8.692356468334926467e+04
8.729599241271468054e+04
8.766527449139591772e+04
8.803142108708928572e+04
8.839422578991926275e+04
8.875360313528451661e+04
8.910969523383273918e+04
8.946229857854930742e+04
8.981069732654393010e+04
9.015454047258041101e+04
9.049392448502995830e+04
9.082891668946931895e+04
9.115956197259250621e+04
9.148576764972337696e+04
9.180761011262016837e+04
9.212491799884002830e+04
9.243748657644011837e+04
9.274539348174109182e+04
9.304902253962116083e+04
9.334817648379788443e+04
9.364203294774015376e+04
9.393033622101455694e+04
9.421334077825218264e+04
9.449104985019560263e+04
9.476337703729192435e+04
9.503025075547430606e+04
9.529159596165093535e+04
9.554734022386513243e+04
9.579741254013731668e+04
9.604174395134228689e+04
9.628026753729395568e+04
9.651291858045192203e+04
9.673963454951001040e+04
9.696035511466693424e+04
9.717502208960971620e+04
8.185749212117442221e+04
8.145568424197360582e+04
8.225819411399161618e+04
8.265762647818714322e+04
8.305562853395091952e+04
8.345204243971957476e+04
8.384671301401250821e+04
8.423948775413476687e+04
8.463021688539306342e+04
8.501875303657149198e+04
8.540495157135128102e+04
8.578867023251765931e+04
8.616976838330888131e+04
8.654810733116195479e+04
8.692354668478446547e+04
8.729608511135444860e+04
8.766574982561070647e+04
8.803215356050750415e+04
8.839519235575973289e+04
8.875502928371851158e+04
8.911114380408720172e+04
8.946287609430168231e+04
8.981028192061652953e+04
9.015353643999186170e+04
9.049269852134255052e+04
9.082765144604064699e+04
9.115853610498052149e+04
9.148522549263165274e+04
9.180729766001639655e+04
9.212464243105822243e+04
9.243758673799537064e+04
9.274628876849920198e+04
9.305016125071064744e+04
9.334870762420770188e+04
9.364207713458013313e+04
9.393031534081096470e+04
9.421332930118450895e+04
9.449104124726836744e+04
9.476337282933754614e+04
9.503024906352859398e+04
9.529159600771301484e+04
9.554734100920885976e+04
9.579741336952165875e+04
9.604174429668467201e+04
9.628026718411415641e+04
9.651291761791439785e+04
9.673963341895269696e+04
8.105293637451600807e+04
8.064941868021238770e+04
8.145568375287827803e+04
8.185749126866662118e+04
8.225819255741233064e+04
8.265762426025053719e+04
8.305562573218833131e+04
8.345203925477854500e+04
8.384671009002720530e+04
8.423948536599223735e+04
8.463021513171352854e+04
8.501875215599425428e+04
8.540495079436404922e+04
8.578866811337105173e+04
8.616974845789106621e+04
8.654808728718494240e+04
8.692390075377600442e+04
8.729696723668953928e+04
8.766670419123208558e+04
8.803318713056022534e+04
8.839642771819881455e+04
8.875571226356488478e+04
8.911076217088308476e+04
8.946180094078301045e+04
8.980899871395609807e+04
9.015218749319954077e+04
9.049157137688972580e+04
9.082715927120076958e+04
9.115849385161825921e+04
9.148512130742840236e+04
9.180719684709234571e+04
9.212505862573914055e+04
9.243845136353572889e+04
9.274685290592456295e+04
9.305025317969541356e+04
9.334868907610834867e+04
9.364206821479565406e+04
9.393030704738498025e+04
9.421332287455943879e+04
9.449103657153643144e+04
9.476337031493801624e+04
9.503024822347499139e+04
9.529159610825835261e+04
9.554734133613623271e+04
9.579741342644480756e+04
9.604174396504856122e+04
9.628026676100178156e+04
8.024530239740551042e+04
7.984076346650265623e+04
8.064941838246722182e+04
8.105293587755404587e+04
8.145568254201168020e+04
8.185748913582168461e+04
8.225818929292910616e+04
8.265761951745553233e+04
8.305562071927673242e+04
8.345203448106032738e+04
8.384670604927140812e+04
8.423948262350047298e+04
8.463021350727938989e+04
8.501875003038498107e+04
8.540492810809885850e+04
8.578855980977008585e+04
8.616975558507758251e+04
8.654878243293424021e+04
8.692497417077723367e+04
8.729776376251739566e+04
8.766749345827334037e+04
8.803381185994279804e+04
8.839616684590389195e+04
8.875458811681420775e+04
8.910935436844419746e+04
8.946025328188233834e+04
8.980757311432903225e+04
9.015143392616108758e+04
9.049158273786091013e+04
9.082731004804529948e+04
9.115838274649642699e+04
9.148513695144127996e+04
9.180763306029292289e+04
9.212548867946783139e+04
9.243856034049655136e+04
9.274684424855111865e+04
9.305024819466417830e+04
9.334868333534506382e+04
9.364206259680737276e+04
9.393030191003229993e+04
9.421331892116997915e+04
9.449103394647320965e+04
9.476336896387413435e+04
9.503024768101800873e+04
9.529159579145627504e+04
9.554734104441649106e+04
9.579741336807371408e+04
7.943597766014926310e+04
7.903112883105619403e+04
7.984076232261415862e+04
8.024530162666508113e+04
8.064941738085448742e+04
8.105293422684899997e+04
8.145567989538524125e+04
8.185748436964093708e+04
8.225818316200154368e+04
8.265761259584531945e+04
8.305561372561581084e+04
8.345202777247094491e+04
8.384670111964042007e+04
8.423947797756420914e+04
8.463018938684162276e+04
8.501862402516674774e+04
8.540468193075462477e+04
8.578876201014935214e+04
8.617077857407931879e+04
8.654974205476981297e+04
8.692549927864078199e+04
8.729819646710129746e+04
8.766736081142675539e+04
8.803277963185160479e+04
8.839467411166625971e+04
8.875282328104339831e+04
8.910752655913725903e+04
8.945906911742109514e+04
8.980733845583834045e+04
9.015178202341731230e+04
9.049172797969315434e+04
9.082717967360228067e+04
9.115843920413125306e+04
9.148535213157134422e+04
9.180771970154228620e+04
9.212548641074933403e+04
9.243855810627674509e+04
9.274684130853028910e+04
9.305024473199115891e+04
9.334867955199460266e+04
9.364205894634882861e+04
9.393029871175698645e+04
9.421331657101714518e+04
9.449103236355491390e+04
9.476336782342375955e+04
9.503024684365074791e+04
9.529159550691342156e+04
7.862639561558485730e+04
7.822196998401683231e+04
7.903112617826773203e+04
7.943597555309535528e+04
7.984076035494961252e+04
8.024529942153410229e+04
8.064941497904931020e+04
8.105293082965699432e+04
8.145567457587561512e+04
8.185747801706659084e+04
8.225817516009297105e+04
8.265760204091526975e+04
8.305560317454778124e+04
8.345201699762520730e+04
8.384667488833470270e+04
8.423937049937796837e+04
8.462991629104717867e+04
8.501843568379520730e+04
8.540534889070861391e+04
8.578997693009967043e+04
8.617153950443457870e+04
8.655007970501382079e+04
8.692542628157050058e+04
8.729733325660346600e+04
8.766592397349630482e+04
8.803090031382231973e+04
8.839249195305601461e+04
8.875117160025464545e+04
8.910695007460912166e+04
8.945943288005022623e+04
8.980788848185881216e+04
9.015190571769642702e+04
9.049163292644644389e+04
9.082721188356896164e+04
9.115848434788671148e+04
9.148535246751282830e+04
9.180771865488569892e+04
9.212548515282045992e+04
9.243855641352864041e+04
9.274683919013485138e+04
9.305024230802919192e+04
9.334867699731641915e+04
9.364205656670602912e+04
9.393029662791168084e+04
9.421331477597721096e+04
9.449103084579948336e+04
9.476336692789771769e+04
7.781803501899194089e+04
7.741478679723579262e+04
7.822196723192287027e+04
7.862639241365026101e+04
7.903112242732460436e+04
7.943597094591482892e+04
7.984075557684383239e+04
8.024529522294084018e+04
8.064941060227215348e+04
8.105292684166491381e+04
8.145566932725544029e+04
8.185746757098320813e+04
8.225816208270115021e+04
8.265758421984387678e+04
8.305556916826478846e+04
8.345194841174020257e+04
8.384647814164609008e+04
8.423915725571058283e+04
8.463018868167832261e+04
8.501959408305697434e+04
8.540652326934535813e+04
8.579056410157047503e+04
8.617149822362685518e+04
8.654929052669597149e+04
8.692409602550478303e+04
8.729546127230457205e+04
8.766352231194968044e+04
8.802876992247645103e+04
8.839159626853546069e+04
8.875148465748690069e+04
8.910783611827001732e+04
8.946006477293149510e+04
8.980801488906804298e+04
9.015187380723033857e+04
9.049164303434047906e+04
9.082721348032860260e+04
9.115848377647972666e+04
9.148535190123955545e+04
9.180771790116470947e+04
9.212548413412085210e+04
9.243855510125221917e+04
9.274683758080530970e+04
9.305024049866317364e+04
9.334867506711983879e+04
9.364205461845909304e+04
9.393029474802163895e+04
9.421331336647055286e+04
7.701241796092118602e+04
7.661112319214707532e+04
7.741478693822154310e+04
7.781803321856226830e+04
7.822196327756803657e+04
7.862638567699468695e+04
7.903111325112871418e+04
7.943596117679595773e+04
7.984074660670326557e+04
8.024528941488788405e+04
8.064940818308411690e+04
8.105292454893483955e+04
8.145566228761838283e+04
8.185745065640070243e+04
8.225812959544647310e+04
8.265758971277288219e+04
8.305550508437301323e+04
8.345189230308194237e+04
8.384671156579979288e+04
8.424002965865893930e+04
8.463147143220798171e+04
8.502048919119496713e+04
8.540658584239058837e+04
8.578968643097156018e+04
8.617017853441971238e+04
8.654743880492466269e+04
8.692156723148668243e+04
8.729289688164558902e+04
8.766217068045407359e+04
8.802910059286787873e+04
8.839276872565655503e+04
8.875262691553375043e+04
8.910841025935590733e+04
8.946018020459685067e+04
8.980802159159937582e+04
9.015187683647424274e+04
9.049164281869139813e+04
9.082721317597670713e+04
9.115848342473484809e+04
9.148535141675123305e+04
9.180771723348088562e+04
9.212548321217414923e+04
9.243855390109376458e+04
9.274683608796476619e+04
9.305023877685698972e+04
9.334867323209984170e+04
9.364205307725134480e+04
7.621110846994137682e+04
7.581256620894408843e+04
7.661112775300249632e+04
7.701242043684939563e+04
7.741478644684785104e+04
7.781802876342974196e+04
7.822195258033974096e+04
7.862636945104428742e+04
7.903108964437404939e+04
7.943594489855239226e+04
7.984073801140293654e+04
8.024528659603749111e+04
8.064940873705944978e+04
8.105292185909253021e+04
8.145565381560800597e+04
8.185758711370125820e+04
8.225831002811895451e+04
8.265772899923534715e+04
8.305600294107737136e+04
8.345268396365757508e+04
8.384776554264083097e+04
8.424088321455825644e+04
8.463162149173863872e+04
8.501951941407083359e+04
8.540507119604914624e+04
8.578773198143120680e+04
8.616750597174950235e+04
8.654460708143177908e+04
8.691965192765135725e+04
8.729310047653543006e+04
8.766371405966859311e+04
8.803068592915539921e+04
8.839378632464724069e+04
8.875300451236666413e+04
8.910848342465540918e+04
8.946018705867532117e+04
8.980802176187885925e+04
9.015187666200823151e+04
9.049164263526046125e+04
9.082721291844778170e+04
9.115848304895852925e+04
9.148535085356194759e+04
9.180771642430908105e+04
9.212548210254823789e+04
9.243855250097007956e+04
9.274683450557220203e+04
9.305023740207853552e+04
7.541571317620803893e+04
7.502074471491645090e+04
7.581257321389368735e+04
7.621111533691450313e+04
7.661113298027052952e+04
7.701242291898302210e+04
7.741478160755430872e+04
7.781801363886780746e+04
7.822192930941749364e+04
7.862634038894721016e+04
7.903106936638071784e+04
7.943592642248132324e+04
7.984072879572794773e+04
8.024528340964163363e+04
8.064944518014442292e+04
8.105318610272915976e+04
8.145620921455127245e+04
8.185804788879014086e+04
8.225904930135684845e+04
8.265880788374133408e+04
8.305685157752972736e+04
8.345320212029486720e+04
8.384769247999171785e+04
8.423985451571726298e+04
8.462981792127531662e+04
8.501731326879866538e+04
8.540227317656102241e+04
8.578483968974172603e+04
8.616530839498860587e+04
8.654441085167202982e+04
8.692152337176959554e+04
8.729519926832821511e+04
8.766510838939917448e+04
8.803129449074422882e+04
8.839392995479801903e+04
8.875302630035625771e+04
8.910848388141904434e+04
8.946018695418383868e+04
8.980802164963811811e+04
9.015187649547513865e+04
9.049164237573288847e+04
9.082721251051801664e+04
9.115848243329423713e+04
9.148534997301634576e+04
9.180771526941291813e+04
9.212548077116168861e+04
9.243855136897806369e+04
7.462788151241332525e+04
7.423732768732793920e+04
7.502075048795908515e+04
7.541572120741935214e+04
7.581258218107675202e+04
7.621112424291692150e+04
7.661113913118495839e+04
7.701242098028831242e+04
7.741476609463059867e+04
7.781797795197925007e+04
7.822189103154309851e+04
7.862630010745074833e+04
7.903103041874337941e+04
7.943589079164726718e+04
7.984071411421407538e+04
8.024559193045656139e+04
8.065032730581979558e+04
8.105415937702308293e+04
8.145712005596945528e+04
8.185936226847268699e+04
8.226000482307669881e+04
8.265894346334449074e+04
8.305629459747452347e+04
8.345198005651579297e+04
8.384570026787261304e+04
8.423735292889609991e+04
8.462694606533495244e+04
8.501455414063790522e+04
8.540025535283754289e+04
8.578439997443030006e+04
8.616718294896614680e+04
8.654705861995813029e+04
8.692332788465666818e+04
8.729601077098821406e+04
8.766530102100320801e+04
8.803131501865567407e+04
8.839393040187588485e+04
8.875302623277182283e+04
8.910848379832484352e+04
8.946018682140641613e+04
8.980802143319822790e+04
9.015187614800040319e+04
9.049164184281333291e+04
9.082721174094435992e+04
9.115848141905375815e+04
9.148534880640839401e+04
9.180771431988850236e+04
7.384930308128536853e+04
7.346402199824624404e+04
7.423733032499703404e+04
7.462788714624887507e+04
7.502075866752494767e+04
7.541573164354094479e+04
7.581259476943143818e+04
7.621113580657208513e+04
7.661114192685544549e+04
7.701241144184191944e+04
7.741474043048887688e+04
7.781794150643485773e+04
7.822183194342722709e+04
7.862622117205878021e+04
7.903089658350739046e+04
7.943611435436688771e+04
7.984173779826717509e+04
8.024712299479536887e+04
8.065156752813422645e+04
8.105540980031646905e+04
8.145816763931341120e+04
8.185928601105853159e+04
8.225892870798359218e+04
8.265727386455745727e+04
8.305415725219203159e+04
8.344929148389183683e+04
8.384281180304678855e+04
8.423484521136613330e+04
8.462536641851482273e+04
8.501438162823345920e+04
8.540196811289039033e+04
8.578736117402254604e+04
8.616941836490352580e+04
8.654809975217840110e+04
8.692357552507064247e+04
8.729601270773845317e+04
8.766530121736256115e+04
8.803131497333648440e+04
8.839393033088963421e+04
8.875302611234541109e+04
8.910848359657672700e+04
8.946018649542302592e+04
8.980802093143387174e+04
9.015187542553067033e+04
9.049164089501379931e+04
9.082721065834893670e+04
9.115848056929191807e+04
7.308170342667552177e+04
7.270256964447695646e+04
7.346402201643571607e+04
7.384930516739706218e+04
7.423733468428206106e+04
7.462789420661360782e+04
7.502076912112681021e+04
7.541574612396955490e+04
7.581261183949325641e+04
7.621114953295614396e+04
7.661114561924718146e+04
7.701240250667317014e+04
7.741470169089931005e+04
7.781786703135122661e+04
7.822164090158398903e+04
7.862629772693263658e+04
7.903190675510610163e+04
7.943797667117921810e+04
7.984355074537127803e+04
8.024828175775743148e+04
8.065237494221077941e+04
8.105521066118996532e+04
8.145669070577087405e+04
8.185710971404507291e+04
8.225654791664867662e+04
8.265457453391743184e+04
8.305131166029079759e+04
8.344696948673656152e+04
8.384164837217306194e+04
8.423518222357281775e+04
8.462718405771396647e+04
8.501731484455378086e+04
8.540450391349336132e+04
8.578862307765796140e+04
8.616977310487031355e+04
8.654811866894963896e+04
8.692357563146103348e+04
8.729601268887154583e+04
8.766530115223395114e+04
8.803131485733464069e+04
8.839393013400910422e+04
8.875302579284163949e+04
8.910848310546799621e+04
8.946018579007261724e+04
8.980802001041384938e+04
9.015187437820917694e+04
9.049164008912100689e+04
7.232684059354981582e+04
7.195474438026745338e+04
7.270256814771954669e+04
7.308170280152255145e+04
7.346402252757603128e+04
7.384930723103386117e+04
7.423733913108511479e+04
7.462790262772918504e+04
7.502078300139964267e+04
7.541576605634709995e+04
7.581263739045725379e+04
7.621117524406031589e+04
7.661115660876252514e+04
7.701238559884837014e+04
7.741452816688160237e+04
7.781779998761694878e+04
7.822256149430635560e+04
7.862820585330277390e+04
7.903419680860101653e+04
7.943941648255095060e+04
7.984398368308879435e+04
8.024783647395535081e+04
8.065067532574098732e+04
8.105263047482441470e+04
8.145388914629053033e+04
8.185441724294876622e+04
8.225381319833063753e+04
8.265240827977575827e+04
8.305038664651183353e+04
8.344769678384075814e+04
8.384381833695356909e+04
8.423804029348150652e+04
8.462977052771730814e+04
8.501868367092985136e+04
8.540495663729884836e+04
8.578867350170123973e+04
8.616977326954390446e+04
8.654811869693059998e+04
8.692357558075861016e+04
8.729601257482469373e+04
8.766530095666956913e+04
8.803131453934404999e+04
8.839392964479740476e+04
8.875302509150268452e+04
8.910848219098606205e+04
8.946018475263424625e+04
8.980801921873916581e+04
7.158650275040270935e+04
7.122234769099087862e+04
7.195474216920635081e+04
7.232683846414345317e+04
7.270256610251816164e+04
7.308170100357108458e+04
7.346402139320808055e+04
7.384930771039616957e+04
7.423734321674240346e+04
7.462791299900737067e+04
7.502080296772766451e+04
7.541579887306904129e+04
7.581268328886276868e+04
7.621120833801488334e+04
7.661107463179710612e+04
7.701223632944731798e+04
7.741527599651266064e+04
7.781966134253442578e+04
7.822488593791662424e+04
7.863005992831608455e+04
7.903454124687159492e+04
7.943864277989375114e+04
7.984220820698908938e+04
8.024516963821250829e+04
8.064746117592185328e+04
8.104993536905768269e+04
8.145157364845287520e+04
8.185254509509714262e+04
8.225309398068887822e+04
8.265327764664545248e+04
8.305276183194796613e+04
8.345063687145014410e+04
8.384630114571469312e+04
8.423942556933338346e+04
8.463022958288782684e+04
8.501876012073097809e+04
8.540495545031996153e+04
8.578867312939626572e+04
8.616977315089573676e+04
8.654811857887385122e+04
8.692357538533241313e+04
8.729601225593923300e+04
8.766530046624456008e+04
8.803131383639998967e+04
8.839392872877500486e+04
8.875302405285394343e+04
8.910848140155964938e+04
7.086250392926018685e+04
7.050720404015325767e+04
7.122234595349665324e+04
7.158650035875725735e+04
7.195473888267924485e+04
7.232683421529213956e+04
7.270256120516358351e+04
7.308169583496921405e+04
7.346401689765584888e+04
7.384930569932155777e+04
7.423734667309239740e+04
7.462792765209889330e+04
7.502083494676578266e+04
7.541583871648997592e+04
7.581273139801165962e+04
7.621112339032998716e+04
7.661157837363454746e+04
7.701396472016710322e+04
7.741734301148449595e+04
7.782152755505082314e+04
7.822548195476343972e+04
7.862914943094720365e+04
7.903275947251920297e+04
7.943619806829407753e+04
7.983915361483505694e+04
8.024259656239459582e+04
8.064578537355150911e+04
8.104855760596551409e+04
8.145113957076430961e+04
8.185344498380285222e+04
8.225535603667724354e+04
8.265622584372098208e+04
8.305519609877334733e+04
8.345198573616992508e+04
8.384672653999463364e+04
8.423949904646050709e+04
8.463022444658249151e+04
8.501875772955322464e+04
8.540495457904704381e+04
8.578867280616157223e+04
8.616977292224405392e+04
8.654811825813922042e+04
8.692357489189767512e+04
8.729601154859711824e+04
8.766529954487476789e+04
8.803131279180712590e+04
8.839392793629186053e+04
7.015667791023921745e+04
6.981115534240937268e+04
7.050720435490013915e+04
7.086250292063159577e+04
7.122234315571705520e+04
7.158649528367431776e+04
7.195473155911214417e+04
7.232682506362482673e+04
7.270255126322817523e+04
7.308168575270083966e+04
7.346400747403882269e+04
7.384929944933175284e+04
7.423734745118330466e+04
7.462794424943758349e+04
7.502093222855689237e+04
7.541605670396698406e+04
7.581321067331706581e+04
7.621264907362045778e+04
7.661346418480579450e+04
7.701541527831993881e+04
7.741804870346847747e+04
7.782079417703086801e+04
7.822375698521114828e+04
7.862701337464725657e+04
7.903045889049730613e+04
7.943398660640425805e+04
7.983780369816633174e+04
8.024166049354447750e+04
8.064557449427914980e+04
8.104947368951031240e+04
8.145307260199800658e+04
8.185608434475283138e+04
8.225771871286546229e+04
8.265753777308129065e+04
8.305561904620561108e+04
8.345204459146967565e+04
8.384671930912604148e+04
8.423949404941499233e+04
8.463022180336542078e+04
8.501875655990776431e+04
8.540495406467880821e+04
8.578867242879467085e+04
8.616977242492626829e+04
8.654811754543083953e+04
8.692357396348648763e+04
8.729601049642020371e+04
8.766529874695040053e+04
6.947087208535075479e+04
6.913605462467104371e+04
6.981115817143670574e+04
7.015667963546649844e+04
7.050720410859012918e+04
7.086249991363458685e+04
7.122233593358717917e+04
7.158648366433514457e+04
7.195471727875129727e+04
7.232680902761830657e+04
7.270253478155164339e+04
7.308166839127244020e+04
7.346398913473669381e+04
7.384929246143549972e+04
7.423744925238694123e+04
7.462841283400816610e+04
7.502184189421570045e+04
7.541757581856034813e+04
7.581504740243895503e+04
7.621375776307930937e+04
7.661391437447363569e+04
7.701495086632987659e+04
7.741659538238559617e+04
7.781889282567238843e+04
7.822184807283837290e+04
7.862521840627993515e+04
7.902900204920019314e+04
7.943316576328173687e+04
7.983762355019884126e+04
8.024242352329562709e+04
8.064710483480777475e+04
8.105157462137792027e+04
8.145518487248197198e+04
8.185736819527111948e+04
8.225814592093748797e+04
8.265760034068275127e+04
8.305561946886904479e+04
8.345204227202893526e+04
8.384671648417388496e+04
8.423949207298683177e+04
8.463022072120556550e+04
8.501875595364843321e+04
8.540495351910365571e+04
8.578867170981284289e+04
8.616977148918197781e+04
8.654811648471008812e+04
8.692357315901148831e+04
6.880694161688891472e+04
6.848375885040250432e+04
6.913605847879433713e+04
6.947087612257016008e+04
6.981116127434598457e+04
7.015668101122790540e+04
7.050720103904494317e+04
7.086249011065816740e+04
7.122232041980040958e+04
7.158646274106143392e+04
7.195469401311989350e+04
7.232678408054432657e+04
7.270250892035545257e+04
7.308164711342008377e+04
7.346410890736919828e+04
7.384984912434125727e+04
7.423881206135881075e+04
7.463039661218170659e+04
7.502385673337256594e+04
7.541865004615823273e+04
7.581511222120560706e+04
7.621330051680897304e+04
7.661278361078411399e+04
7.701332586350616475e+04
7.741489760738746554e+04
7.781737096696675871e+04
7.822058158836672374e+04
7.862440582583230571e+04
7.902874059711233713e+04
7.943361523064838548e+04
7.983878331344465551e+04
8.024390631879413559e+04
8.064887304837843112e+04
8.105281306659994880e+04
8.145561968543133116e+04
8.185743940012982057e+04
8.225816122307216574e+04
8.265760956293011259e+04
8.305562241100100800e+04
8.345204247631801991e+04
8.384671593080252933e+04
8.423949150538361573e+04
8.463022017802642949e+04
8.501875525292124075e+04
8.540495257441274589e+04
8.578867063981252431e+04
8.616977067755286407e+04
6.816674275840977498e+04
6.785612088362968643e+04
6.848376151734906307e+04
6.880694579576453543e+04
6.913606327755421808e+04
6.947088096586290339e+04
6.981116460328355606e+04
7.015667875413382717e+04
7.050719125881860964e+04
7.086246890400114353e+04
7.122229442627042590e+04
7.158643100117171707e+04
7.195465815449967340e+04
7.232675052584723744e+04
7.270265451948574628e+04
7.308226266193071206e+04
7.346562676894290780e+04
7.385236239031648438e+04
7.424133142981969286e+04
7.463169864013623737e+04
7.502369963043257303e+04
7.541786413434245333e+04
7.581407546685526904e+04
7.621195603542782192e+04
7.661120950528593676e+04
7.701188691824393754e+04
7.741375317319337046e+04
7.781659632477199193e+04
7.822027963482729683e+04
7.862459353722921514e+04
7.902949601867796446e+04
7.943463228642051399e+04
7.984011541130307887e+04
8.024516723575102515e+04
8.064937960648184526e+04
8.105288825000582437e+04
8.145564143286074977e+04
8.185746037811732094e+04
8.225817415799507580e+04
8.265761644207204517e+04
8.305562554165722395e+04
8.345204366311988269e+04
8.384671617451966449e+04
8.423949117155815475e+04
8.463021937293875089e+04
8.501875417243300762e+04
8.540495175550854765e+04
6.755212400248172344e+04
6.725498057392548071e+04
6.785612151282328705e+04
6.816674509440780093e+04
6.848376521098992089e+04
6.880695081877025950e+04
6.913606971075016190e+04
6.947088642300960782e+04
6.981116538302021218e+04
7.015667433572038135e+04
7.050717540769850893e+04
7.086244450916053029e+04
7.122225439788844960e+04
7.158636745949207398e+04
7.195479026757624524e+04
7.232742080580549373e+04
7.270414298543457699e+04
7.308489313086774200e+04
7.346869973841296451e+04
7.385414088509399153e+04
7.424118194751038391e+04
7.463049694159897626e+04
7.502237062187596166e+04
7.541657764723284345e+04
7.581259372145267844e+04
7.621048316801416513e+04
7.661006036468812090e+04
7.701105672307324130e+04
7.741333986461535096e+04
7.781673666562912695e+04
7.822078304728529474e+04
7.862534618049357960e+04
7.903042536296520848e+04
7.943583742373839777e+04
7.984075854629400419e+04
8.024528914846463886e+04
8.064939307974933763e+04
8.105290785180643434e+04
8.145565885868568148e+04
8.185747357884598023e+04
8.225818290097551653e+04
8.265762161658283731e+04
8.305562825904363126e+04
8.345204475818698120e+04
8.384671612604812253e+04
8.423949035824406019e+04
8.463021854608657304e+04
6.696491564050952729e+04
6.668215498897380894e+04
6.725498007255484117e+04
6.755212433032547415e+04
6.785612265517255582e+04
6.816674745450766932e+04
6.848376950604851299e+04
6.880695766982088389e+04
6.913607759983032884e+04
6.947089448539797741e+04
6.981116837187288911e+04
7.015666879531404993e+04
7.050715147150435951e+04
7.086241945264422975e+04
7.122232596765087510e+04
7.158695765973463131e+04
7.195618765440226707e+04
7.232982629038525920e+04
7.270731065691595722e+04
7.308712674816882645e+04
7.346874615219804400e+04
7.385265835048658482e+04
7.423940017547355092e+04
7.462898858747257327e+04
7.502091395649810147e+04
7.541508950316198752e+04
7.581139830501427059e+04
7.620955017215582484e+04
7.660944230930479534e+04
7.701107953967584763e+04
7.741393739011086291e+04
7.781735393085425312e+04
7.822143242908637330e+04
7.862625298125868721e+04
7.903118247849032923e+04
7.943600023327035888e+04
7.984076792837346147e+04
8.024529438591715007e+04
8.064940349448047346e+04
8.105291989373353135e+04
8.145566985920317529e+04
8.185748217469557130e+04
8.225818886269447103e+04
8.265762524458831467e+04
8.305562997958605411e+04
8.345204498919565231e+04
8.384671562167967204e+04
6.640691916414212028e+04
6.613942784103107988e+04
6.668215468102600425e+04
6.696491523172451707e+04
6.725497944330990140e+04
6.755212374374226783e+04
6.785612286365235923e+04
6.816674967276655661e+04
6.848377484306275437e+04
6.880696688256019843e+04
6.913609234766523878e+04
6.947090953909815289e+04
6.981117577067422098e+04
7.015666106512263650e+04
7.050719550036841247e+04
7.086267826606896415e+04
7.122337852477839624e+04
7.158899531631886202e+04
7.195894775500967808e+04
7.233221085669368040e+04
7.270766757325542858e+04
7.308564482355619839e+04
7.346663681261480087e+04
7.385083562756901665e+04
7.423789806542410224e+04
7.462757811988050526e+04
7.501974937065986160e+04
7.541414338204539672e+04
7.581060542739431548e+04
7.620927103521513345e+04
7.661012796694849385e+04
7.701198341907242138e+04
7.741450324097997509e+04
7.781793626324273646e+04
7.822202184995100833e+04
7.862643489805566787e+04
7.903115424190470367e+04
7.943599188771437912e+04
7.984076607821938524e+04
8.024529787213978125e+04
8.064941014970898686e+04
8.105292756926779111e+04
8.145567686829221202e+04
8.185748771701387886e+04
8.225819263340820908e+04
8.265762725456022599e+04
8.305563064738735557e+04
6.587989693750585138e+04
6.562853818864164350e+04
6.613942827223853965e+04
6.640691924284260313e+04
6.668215394828062563e+04
6.696491356932789495e+04
6.725497702312447655e+04
6.755212110159735312e+04
6.785612093713377544e+04
6.816675120944152877e+04
6.848378247962599562e+04
6.880698357594483241e+04
6.913611811297490203e+04
6.947093689006594650e+04
6.981125624613922264e+04
7.015661069231633155e+04
7.050752274176181527e+04
7.086410931517223071e+04
7.122565863782110682e+04
7.159112017688339984e+04
7.195957270266592968e+04
7.233090278551467054e+04
7.270551216078817379e+04
7.308362577920504555e+04
7.346509032233869948e+04
7.384958047935611103e+04
7.423692247076712374e+04
7.462678613331301312e+04
7.501897311004095536e+04
7.541364117950077343e+04
7.581104888816342282e+04
7.621059817147137073e+04
7.661098178684052255e+04
7.701238634064538928e+04
7.741482887892254803e+04
7.781807453078388062e+04
7.822200162011568318e+04
7.862642146223883901e+04
7.903114494500738510e+04
7.943598677215402131e+04
7.984076516528092907e+04
8.024530025499768090e+04
8.064941444420034532e+04
8.105293228604678006e+04
8.145568116522941273e+04
8.185749105983971094e+04
8.225819499054661719e+04
6.538556108933543874e+04
6.515116851414621487e+04
6.562853911665853229e+04
6.587989780201287067e+04
6.613942838720495638e+04
6.640691829906821658e+04
6.668215160747394839e+04
6.696490957352233818e+04
6.725497024277523451e+04
6.755211404625966679e+04
6.785611614333282341e+04
6.816675295179794193e+04
6.848379578682479041e+04
6.880701274530285446e+04
6.913614385530550499e+04
6.947075802851490153e+04
6.981082505770251737e+04
7.015710732436210674e+04
7.050926991788094165e+04
7.086602175331223407e+04
7.122643780412763590e+04
7.159020805403424310e+04
7.195763323619110452e+04
7.232890139333398838e+04
7.270395964609006478e+04
7.308255991759133758e+04
7.346441175867937272e+04
7.384909260675754922e+04
7.423628746708224935e+04
7.462616691438050475e+04
7.501904048658911779e+04
7.541491715030166961e+04
7.581242362844105810e+04
7.621110940630300320e+04
7.661116109230724396e+04
7.701245076419434918e+04
7.741481736140609428e+04
7.781806216372649942e+04
7.822199114100523002e+04
7.862641289603125188e+04
7.903113870868236700e+04
7.943598353275230329e+04
7.984076469422843365e+04
8.024530168158147717e+04
8.064941682375845267e+04
8.105293510026963486e+04
8.145568424963168218e+04
6.492556136979642906e+04
6.470893230676865642e+04
6.515116967657214991e+04
6.538556243893515057e+04
6.562853999498877965e+04
6.587989796641469002e+04
6.613942749266164901e+04
6.640691583484406874e+04
6.668214628696249565e+04
6.696490018033217348e+04
6.725495808165280323e+04
6.755210123259368993e+04
6.785610659030247189e+04
6.816675482213408395e+04
6.848379086670743709e+04
6.880701750363825704e+04
6.913543134073844703e+04
6.947025805302265508e+04
6.981182154777157120e+04
7.015899060390115483e+04
7.051033892236552492e+04
7.086557102364268212e+04
7.122485845239518676e+04
7.158838988625716593e+04
7.195608265806797135e+04
7.232793652256400674e+04
7.270358602835597412e+04
7.308240589756167901e+04
7.346395636239067244e+04
7.384831318325259781e+04
7.423596759735151136e+04
7.462696064078919881e+04
7.502054070416056493e+04
7.541571287744317669e+04
7.581259583965431375e+04
7.621113264276318660e+04
7.661114927657161024e+04
7.701244071477670514e+04
7.741480792169168126e+04
7.781805371107802785e+04
7.822198353947314899e+04
7.862640669314497791e+04
7.903113447247448494e+04
7.943598136310103291e+04
7.984076396481449774e+04
8.024530217654789158e+04
8.064941867632251524e+04
6.450147220052874036e+04
6.430336131008821394e+04
6.470893389431093965e+04
6.492556312545753462e+04
6.515117101124763576e+04
6.538556321690359619e+04
6.562854017487372039e+04
6.587989704136112414e+04
6.613942546062170004e+04
6.640690937083079189e+04
6.668213535144233902e+04
6.696488445017741469e+04
6.725493602645322972e+04
6.755207705191646528e+04
6.785607081372589164e+04
6.816657820359426842e+04
6.848309972178448515e+04
6.880575761582946870e+04
6.913551418647899118e+04
6.947194532930623973e+04
6.981340869577202830e+04
7.015909299897956953e+04
7.050922017581207911e+04
7.086401983529971039e+04
7.122335359327153128e+04
7.158733564327446220e+04
7.195585903233200952e+04
7.232806794184904720e+04
7.270325900728108536e+04
7.308140995866099547e+04
7.346305731780717906e+04
7.384849613193723781e+04
7.423709529770546942e+04
7.462787632740888512e+04
7.502076256750989705e+04
7.541572873157524737e+04
7.581258552949976001e+04
7.621112494782714930e+04
7.661114170734776417e+04
7.701243348000363039e+04
7.741480081433877058e+04
7.781804693506614421e+04
7.822197779453945986e+04
7.862640219164862356e+04
7.903113129728609056e+04
7.943597928534216771e+04
7.984076346019621997e+04
6.411477940871573082e+04
6.393589263022929663e+04
6.430336353376998886e+04
6.450147459309195983e+04
6.470893583805314120e+04
6.492556439532680088e+04
6.515117161118731747e+04
6.538556274343549012e+04
6.562853860170114785e+04
6.587989443202341499e+04
6.613941982484668551e+04
6.640689963899212307e+04
6.668211815857719921e+04
6.696485669892215810e+04
6.725489274187020783e+04
6.755192999262457306e+04
6.785556175329176767e+04
6.816547639526886633e+04
6.848245964982121950e+04
6.880693320897495141e+04
6.913743987820357142e+04
6.947273087609007780e+04
6.981273822659593134e+04
7.015779650344334368e+04
7.050782392679784971e+04
7.086280293228333176e+04
7.122298070241788810e+04
7.158766031832191220e+04
7.195566133087173512e+04
7.232679978242823563e+04
7.270176464121452591e+04
7.308088789572320820e+04
7.346373778393285465e+04
7.384930022438343440e+04
7.423733844046466402e+04
7.462789138053513307e+04
7.502075736984558171e+04
7.541572388791623234e+04
7.581258034149649029e+04
7.621111928841745248e+04
7.661113571416959167e+04
7.701242735745655955e+04
7.741479501349799102e+04
7.781804164861833851e+04
7.822197336987778544e+04
7.862639853075235442e+04
7.903112883822714502e+04
6.376686765290867334e+04
6.360785594635754387e+04
6.393589510202741803e+04
6.411478236018845200e+04
6.430336629164181068e+04
6.450147678060291946e+04
6.470893719103791955e+04
6.492556443309556198e+04
6.515116959736161516e+04
6.538555934016752144e+04
6.562853405276656849e+04
6.587988906486280030e+04
6.613941244823570014e+04
6.640688415417999204e+04
6.668208944023323420e+04
6.696478824754487141e+04
6.725460580668010516e+04
6.755116238245024579e+04
6.785465767617092934e+04
6.816589594100743125e+04
6.848430220058088889e+04
6.880825071000134631e+04
6.913727710484816635e+04
6.947165463603811804e+04
6.981147137632008526e+04
7.015650972375051060e+04
7.050712626792024821e+04
7.086308706076491217e+04
7.122310176076281641e+04
7.158630081763287308e+04
7.195351650848927966e+04
7.232573699276465049e+04
7.270206672737814370e+04
7.308164975083772151e+04
7.346402909773864667e+04
7.384931051272536570e+04
7.423733585848945950e+04
7.462788876694573264e+04
7.502075436560157686e+04
7.541572022028599167e+04
7.581257605620921822e+04
7.621111442775152682e+04
7.661113062282367900e+04
7.701242232698138105e+04
7.741479027695294644e+04
7.781803747048482182e+04
7.822197001357261615e+04
6.345900826937803504e+04
6.332046105014535715e+04
6.360785796836635564e+04
6.376687052035703528e+04
6.393589821649313672e+04
6.411478541478512489e+04
6.430336893285497354e+04
6.450147874946606316e+04
6.470893651909268374e+04
6.492556076847385702e+04
6.515116342241456732e+04
6.538555176134280191e+04
6.562852685444337840e+04
6.587988244675553869e+04
6.613940585068039945e+04
6.640693360174597183e+04
6.668205899930610030e+04
6.696447762269839586e+04
6.725393243033417093e+04
6.755097618151456118e+04
6.785588785057676432e+04
6.816740934297260537e+04
6.848458762985194335e+04
6.880742451344545407e+04
6.913611626786403940e+04
6.947035550959377724e+04
6.981045190986404486e+04
7.015654583152670239e+04
7.050763602966250619e+04
7.086232219416402222e+04
7.122090787848836044e+04
7.158478081348103296e+04
7.195386249011442123e+04
7.232663327155895240e+04
7.270255558414226107e+04
7.308170830502860190e+04
7.346402734517317731e+04
7.384930874403560301e+04
7.423733408044955286e+04
7.462788669548166217e+04
7.502075175912078703e+04
7.541571690947563911e+04
7.581257218911674863e+04
7.621111022000467347e+04
7.661112629690117319e+04
7.701241828347514092e+04
7.741478683959244518e+04
6.319234691286573798e+04
6.307478598076161143e+04
6.332046235451524990e+04
6.345901044161544269e+04
6.360786057737428928e+04
6.376687349612269463e+04
6.393590148956867779e+04
6.411478900163957587e+04
6.430337137267416256e+04
6.450147806110032980e+04
6.470893138990349689e+04
6.492555145964014082e+04
6.515115143693568098e+04
6.538553925776748656e+04
6.562851351584681834e+04
6.588002717559316079e+04
6.613966500693827402e+04
6.640705550112364290e+04
6.668188720658283273e+04
6.696416012602539558e+04
6.725435188835834560e+04
6.755216037874539325e+04
6.785647772045746387e+04
6.816691236156590458e+04
6.848355251934014086e+04
6.880613475452351850e+04
6.913484888776390289e+04
6.946999232521449449e+04
6.981111725915152056e+04
7.015672083155029395e+04
7.050613475806733186e+04
7.086005299772520084e+04
7.122115008125570603e+04
7.158608243354735896e+04
7.195468602967761399e+04
7.232683746118751878e+04
7.270257131310511613e+04
7.308170732168052928e+04
7.346402616603003116e+04
7.384930749985949660e+04
7.423733258836425375e+04
7.462788468990557885e+04
7.502074917401275889e+04
7.541571378584897320e+04
7.581256870940233057e+04
7.621110671429951617e+04
7.661112322869805212e+04
6.296789165964931453e+04
6.287176601374629536e+04
6.307478676992334658e+04
6.319234830282643088e+04
6.332046400598655600e+04
6.345901242074502079e+04
6.360786309575157793e+04
6.376687677153409459e+04
6.393590583918957418e+04
6.411479285321527277e+04
6.430337205834258202e+04
6.450147204179922119e+04
6.470892027207784849e+04
6.492553424358071788e+04
6.515111365368655970e+04
6.538570343270440935e+04
6.562901083731051767e+04
6.588054225168978155e+04
6.613995991164755833e+04
6.640698335406335536e+04
6.668179915649625764e+04
6.696461676778508991e+04
6.725490059018987813e+04
6.755198754068679409e+04
6.785565949917792750e+04
6.816571347207616782e+04
6.848218625534110470e+04
6.880536387645704963e+04
6.913529258315490733e+04
6.947091703671126743e+04
6.981089281609920727e+04
7.015571377968906017e+04
7.050613908534006623e+04
7.086198451060261868e+04
7.122223615051846718e+04
7.158649485998770979e+04
7.195474105663859518e+04
7.232684131379582686e+04
7.270257137638582208e+04
7.308170682692335686e+04
7.346402536501630675e+04
7.384930633855827909e+04
7.423733097643128713e+04
7.462788256264833035e+04
7.502074660552300338e+04
7.541571101014148735e+04
7.581256622878038615e+04
6.278650254768721788e+04
6.271218377939207858e+04
6.287176653566207824e+04
6.296789251593768131e+04
6.307478759702859679e+04
6.319234915493362496e+04
6.332046510859636328e+04
6.345901417093983036e+04
6.360786596982726041e+04
6.376688108783512871e+04
6.393591095039805077e+04
6.411479638310160954e+04
6.430337083840966807e+04
6.450146155480576999e+04
6.470891044489989872e+04
6.492565755826403620e+04
6.515168176824969851e+04
6.538648633206301747e+04
6.562963414491500589e+04
6.588074741553819331e+04
6.613973510495647497e+04
6.640678267923598469e+04
6.668189030300652666e+04
6.696457711629044206e+04
6.725436938625194307e+04
6.755104074723177473e+04
6.785444092088694742e+04
6.816472886244945403e+04
6.848217905980911746e+04
6.880648693366032967e+04
6.913615111777182028e+04
6.947073499130875280e+04
6.981067548629293742e+04
7.015630901523279317e+04
7.050707669115181488e+04
7.086249400057710591e+04
7.122234153497994703e+04
7.158650029071870085e+04
7.195474317753898504e+04
7.232684231635661854e+04
7.270257147028768668e+04
7.308170636988359911e+04
7.346402443874347955e+04
7.384930493611120619e+04
7.423732912709044467e+04
7.462788044233358232e+04
7.502074472180886369e+04
6.264888259271493735e+04
6.259666074352309806e+04
6.271218420732660888e+04
6.278650313480410114e+04
6.287176684754554299e+04
6.296789258155255811e+04
6.307478757117909117e+04
6.319234928876443882e+04
6.332046583625100902e+04
6.345901615194173064e+04
6.360786973916109855e+04
6.376688664525052445e+04
6.393591783084839699e+04
6.411480167917663493e+04
6.430339086365838739e+04
6.450154614172652509e+04
6.470935349023601157e+04
6.492648255015851464e+04
6.515247062505850772e+04
6.538685250732066197e+04
6.562940487800839765e+04
6.588018422814981022e+04
6.613927954496593156e+04
6.640655421590742480e+04
6.668154191665544931e+04
6.696398500842861540e+04
6.725353857931913808e+04
6.755015210218534048e+04
6.785409349684142217e+04
6.816555231955851195e+04
6.848366015441126365e+04
6.880710405678383540e+04
6.913606880561047001e+04
6.947077650121736224e+04
6.981107551408086147e+04
7.015667295359612035e+04
7.050720059625100112e+04
7.086250078737988952e+04
7.122234500571513490e+04
7.158650277771014953e+04
7.195474458193218743e+04
7.232684277634961472e+04
7.270257124591042520e+04
7.308170556648816273e+04
7.346402313100275933e+04
7.384930329819071630e+04
7.423732769176991133e+04
6.255557000072731898e+04
6.252565028811973752e+04
6.259666128137102351e+04
6.264888317834234476e+04
6.271218430943834392e+04
6.278650276791891520e+04
6.287176615625162958e+04
6.296789172877028614e+04
6.307478678104299615e+04
6.319234896442009631e+04
6.332046650713338022e+04
6.345901866968109971e+04
6.360787493915392406e+04
6.376689522982344351e+04
6.393592469871046342e+04
6.411485964344491367e+04
6.430369110452380846e+04
6.450225006918115105e+04
6.471012725494537881e+04
6.492691340186127491e+04
6.515225685820126819e+04
6.538613430345584493e+04
6.562860820113099180e+04
6.587963179041689727e+04
6.613893734606237558e+04
6.640624114881800779e+04
6.668120441078493604e+04
6.696342921909919824e+04
6.725308326534483058e+04
6.755052294119041471e+04
6.785559717500225815e+04
6.816685018924933684e+04
6.848392382460700173e+04
6.880701432450349967e+04
6.913604438360194035e+04
6.947087566107975726e+04
6.981115866656402068e+04
7.015667759294749703e+04
7.050720311467157444e+04
7.086250340156206221e+04
7.122234714406386774e+04
7.158650407542263565e+04
7.195474511832094868e+04
7.232684260868838464e+04
7.270257046360381355e+04
7.308170434513264627e+04
7.346402200874392292e+04
6.250693201750376465e+04
6.249943257377349073e+04
6.252565111925382371e+04
6.255557086170763796e+04
6.259666153895654861e+04
6.264888277116498648e+04
6.271218333735888154e+04
6.278650139443904482e+04
6.287176459159497608e+04
6.296789015061267855e+04
6.307478535801008547e+04
6.319234793383419310e+04
6.332046651678092167e+04
6.345902158613877691e+04
6.360787681126989628e+04
6.376696574688322289e+04
6.393618539123713708e+04
6.411544264477643446e+04
6.430437330945127178e+04
6.450266203041563858e+04
6.470996269392815884e+04
6.492617632108827092e+04
6.515132552669526922e+04
6.538537187366286526e+04
6.562813865264142805e+04
6.587943228134560923e+04
6.613898564983475080e+04
6.640617031139130995e+04
6.668084390932327369e+04
6.696343284430843778e+04
6.725414032450936793e+04
6.755206776586397609e+04
6.785625197137628857e+04
6.816683709744999942e+04
6.848378720861613692e+04
6.880695267031634285e+04
6.913606422423636832e+04
6.947087618102438864e+04
6.981115838202396117e+04
7.015667851169926871e+04
7.050720451336984115e+04
7.086250470398571633e+04
7.122234803892929631e+04
7.158650439603348786e+04
7.195474483640753897e+04
7.232684183238788683e+04
7.270256966717880277e+04
6.250316077941002004e+04
6.251811133009046171e+04
6.249943373135239381e+04
6.250693330504337791e+04
6.252565185901484801e+04
6.255557085630366782e+04
6.259666078211026615e+04
6.264888133146191103e+04
6.271218140897116973e+04
6.278649911108341621e+04
6.287176229139318457e+04
6.296788763001454208e+04
6.307478251856465795e+04
6.319234498452721891e+04
6.332046116172643815e+04
6.345908952981921175e+04
6.360816322219251742e+04
6.376749350639319164e+04
6.393681412616828311e+04
6.411580811176393036e+04
6.430425247467373265e+04
6.450199460548596107e+04
6.470904009987743484e+04
6.492533566033622628e+04
6.515072222766847699e+04
6.538512536098213604e+04
6.562835202807759924e+04
6.587982313442874874e+04
6.613887060911579465e+04
6.640588915191894921e+04
6.668128013142514101e+04
6.696468980025104247e+04
6.725502423189497495e+04
6.755217771020640794e+04
6.785614775633090176e+04
6.816675620470088325e+04
6.848377113094711967e+04
6.880694935006745800e+04
6.913606118213752052e+04
6.947087482437868312e+04
6.981115807624055014e+04
7.015667878117215878e+04
7.050720493614276347e+04
7.086250495998954284e+04
7.122234794902356225e+04
7.158650395535104326e+04
7.195474441822699737e+04
6.254427111465590860e+04
6.258161265688270214e+04
6.251811263043827057e+04
6.250316242586500448e+04
6.249943501523971645e+04
6.250693394995442941e+04
6.252565176504814735e+04
6.255556994614555151e+04
6.259665907503603376e+04
6.264887891344783566e+04
6.271217852268313436e+04
6.278649591721401521e+04
6.287175869176307606e+04
6.296788250924048043e+04
6.307477349100930587e+04
6.319239812553857337e+04
6.332076195842099696e+04
6.345963406388843578e+04
6.360875935176622443e+04
6.376784065116287093e+04
6.393670376392629259e+04
6.411522256305121846e+04
6.430338501696525054e+04
6.450114409010725649e+04
6.470832706782148307e+04
6.492491295492974314e+04
6.515082930100107478e+04
6.538568904826940707e+04
6.562861672681409982e+04
6.587936232824022591e+04
6.613871133782743709e+04
6.640656695748293714e+04
6.668210742358669813e+04
6.696491274781506218e+04
6.725498204878318938e+04
6.755212900538458780e+04
6.785612952003553801e+04
6.816675109376532782e+04
6.848376657643902581e+04
6.880694636567865382e+04
6.913605934089036600e+04
6.947087373726285296e+04
6.981115745237251394e+04
7.015667834505294741e+04
7.050720449887526047e+04
7.086250447189284023e+04
7.122234774039658078e+04
6.263010037499497412e+04
6.268968586580799456e+04
6.258161363532725954e+04
6.254427274972960731e+04
6.251811419935081358e+04
6.250316362197495619e+04
6.249943566233245656e+04
6.250693390255479608e+04
6.252565088621008181e+04
6.255556821291197411e+04
6.259665640279275249e+04
6.264887547944131074e+04
6.271217441727854748e+04
6.278649021109758178e+04
6.287174599743762519e+04
6.296791102925840096e+04
6.307503908502638660e+04
6.319296023274400068e+04
6.332134836567860475e+04
6.345996009559308732e+04
6.360863922616463242e+04
6.376729404966640141e+04
6.393587931976808613e+04
6.411436898154127994e+04
6.430259180114065384e+04
6.450050083350547357e+04
6.470809106342622545e+04
6.492521602298491780e+04
6.515126222999351012e+04
6.538530314959094540e+04
6.562792586810344073e+04
6.587946039695850050e+04
6.613929676325047330e+04
6.640686914839093515e+04
6.668212751678710629e+04
6.696490160776617995e+04
6.725497708563804918e+04
6.755212683657903108e+04
6.785612599606458389e+04
6.816674791170914250e+04
6.848376409531054378e+04
6.880694443351811788e+04
6.913605780551586940e+04
6.947087244106864091e+04
6.981115630840582890e+04
7.015667737704049796e+04
7.050720408903276257e+04
6.276031053151673404e+04
6.284190635123316315e+04
6.268968596240231273e+04
6.263010132349722699e+04
6.258161485950311180e+04
6.254427397159834072e+04
6.251811525739525678e+04
6.250316430572700483e+04
6.249943579363189201e+04
6.250693331001437036e+04
6.252564932841417613e+04
6.255556561523114942e+04
6.259665260562588082e+04
6.264886996684196492e+04
6.271215802815226925e+04
6.278648505425400072e+04
6.287192499325458630e+04
6.296843287787656300e+04
6.307561866737560922e+04
6.319324445512079546e+04
6.332119586010737839e+04
6.345942095091938972e+04
6.360784852245788352e+04
6.376643666851369926e+04
6.393504065019629343e+04
6.411356212910118484e+04
6.430197653032193193e+04
6.450027966584329261e+04
6.470829548930847523e+04
6.492522784109783970e+04
6.515047546671150485e+04
6.538495551380599500e+04
6.562831089469623112e+04
6.587982609522451821e+04
6.613938863827715977e+04
6.640689091432788700e+04
6.668213731440404081e+04
6.696490742696881352e+04
6.725497846703814866e+04
6.755212605803635961e+04
6.785612441008484166e+04
6.816674614343162102e+04
6.848376231609661772e+04
6.880694266186391178e+04
6.913605605433523306e+04
6.947087086663744412e+04
6.981115537803120969e+04
6.293439213231788017e+04
6.303768042586423689e+04
6.284190555854856939e+04
6.276031031943698326e+04
6.268968601736584242e+04
6.263010164550782793e+04
6.258161544617906475e+04
6.254427473940941127e+04
6.251811612257241359e+04
6.250316489299723617e+04
6.249943569851210486e+04
6.250693222471469926e+04
6.252564708115137182e+04
6.255556230373432481e+04
6.259663903514135745e+04
6.264883677506917593e+04
6.271222230392766505e+04
6.278687378013142006e+04
6.287247156421525142e+04
6.296868492302679806e+04
6.307542582549550571e+04
6.319269733002495923e+04
6.332045121409054263e+04
6.345860354584486777e+04
6.360701918963572098e+04
6.376558502369767666e+04
6.393422367810844298e+04
6.411289747840093332e+04
6.430170406963327696e+04
6.450040011450302700e+04
6.470803896481535776e+04
6.492474130932567641e+04
6.515075323486887646e+04
6.538547667530891340e+04
6.562850927607914491e+04
6.587987748026040208e+04
6.613940700443445530e+04
6.640690332462017250e+04
6.668214488604885992e+04
6.696491137806895131e+04
6.725497991408099188e+04
6.755212593576492509e+04
6.785612341612728778e+04
6.816674463285469392e+04
6.848376045772832003e+04
6.880694071541733865e+04
6.913605464436009061e+04
6.315166959612398205e+04
6.327625197284222668e+04
6.303767960070097615e+04
6.293439118027211953e+04
6.284190429590592976e+04
6.276030900145894702e+04
6.268968494964275305e+04
6.263010114217877708e+04
6.258161586615813576e+04
6.254427660734482924e+04
6.251811781745322514e+04
6.250316570854367455e+04
6.249943542778940900e+04
6.250693043046247476e+04
6.252564548821491917e+04
6.255552764727125032e+04
6.259660499410291231e+04
6.264901907171012135e+04
6.271264691092547582e+04
6.278711214715166716e+04
6.287227026922453661e+04
6.296814378251560265e+04
6.307474095109484188e+04
6.319197810042273341e+04
6.331970503397684661e+04
6.345782546874859690e+04
6.360623654647137300e+04
6.376481341356519988e+04
6.393364335015211691e+04
6.411292554641168681e+04
6.430211397307889274e+04
6.450049612993446499e+04
6.470830415364739019e+04
6.492540615997697023e+04
6.515117619928580098e+04
6.538556983773558022e+04
6.562853555126702122e+04
6.587988633728330024e+04
6.613941669092631491e+04
6.640691039006080246e+04
6.668214980908996949e+04
6.696491412556864088e+04
6.725498086085410614e+04
6.755212562281744613e+04
6.785612219184650166e+04
6.816674284519218781e+04
6.848375886406587961e+04
6.341130826276983134e+04
6.355671070462893840e+04
6.327625197585410933e+04
6.315166898641143780e+04
6.303767802682953334e+04
6.293438876333485678e+04
6.284190138072627451e+04
6.276030608534437488e+04
6.268968271606278722e+04
6.263010073618943716e+04
6.258161703276281332e+04
6.254427918099937233e+04
6.251811934388845839e+04
6.250316619826082024e+04
6.249943381257486908e+04
6.250691849471117166e+04
6.252557385645090835e+04
6.255551401335502305e+04
6.259681055552113685e+04
6.264920971867477056e+04
6.271249131006584503e+04
6.278663228857922513e+04
6.287166454883787083e+04
6.296754720395220647e+04
6.307413745726060733e+04
6.319135437069772888e+04
6.331910513235668623e+04
6.345722251423507259e+04
6.360567427718776889e+04
6.376469859601065400e+04
6.393431526970706182e+04
6.411373290635534795e+04
6.430266022267110384e+04
6.450121036555763567e+04
6.470893703152689704e+04
6.492559860242025024e+04
6.515118975368945394e+04
6.538556740960422758e+04
6.562853686920252221e+04
6.587989111129225057e+04
6.613942182538783527e+04
6.640691503819465288e+04
6.668215286684314196e+04
6.696491559203447832e+04
6.725498097527051868e+04
6.755212468324802467e+04
6.785612090378234279e+04
6.371232385547352169e+04
6.387800182510764716e+04
6.355671152122731291e+04
6.341130866139892169e+04
6.327625130425317184e+04
6.315166707027385564e+04
6.303767482611441665e+04
6.293438442257471615e+04
6.284189633678198879e+04
6.276030127205092140e+04
6.268967967708573997e+04
6.263010014396102633e+04
6.258161859831368201e+04
6.254428122794855153e+04
6.251812071328887396e+04
6.250315725392071909e+04
6.249938989886640775e+04
6.250682650763577112e+04
6.252556118014100502e+04
6.255558283339675836e+04
6.259671182851776393e+04
6.264885183320605574e+04
6.271200676657337317e+04
6.278616172768670367e+04
6.287121697076144483e+04
6.296710017621305451e+04
6.307374680542759597e+04
6.319099454495429381e+04
6.331874550882915355e+04
6.345710803723603021e+04
6.360628095509886771e+04
6.376586213843978476e+04
6.393528034244267474e+04
6.411447626340889838e+04
6.430332558695733314e+04
6.450150721174749924e+04
6.470896103053930710e+04
6.492558149645636877e+04
6.515117996404514997e+04
6.538556432543573464e+04
6.562853704353560170e+04
6.587989394932329014e+04
6.613942529646892217e+04
6.640691757277888246e+04
6.668215428594272817e+04
6.696491590163228102e+04
6.725498060524235188e+04
6.405359339862823253e+04
6.423893686329920456e+04
6.387800292016199091e+04
6.371232504038535990e+04
6.355671201278059743e+04
6.341130819304494798e+04
6.327624964446303056e+04
6.315166388070540415e+04
6.303766978113276855e+04
6.293437750073057396e+04
6.284188818467975943e+04
6.276029366724030842e+04
6.268967453341220244e+04
6.263009575055128516e+04
6.258162525137123157e+04
6.254428217601840151e+04
6.251810954255328397e+04
6.250312015412345499e+04
6.249930339338502381e+04
6.250675116864810116e+04
6.252546546151079383e+04
6.255535837296809768e+04
6.259638308681284980e+04
6.264851790352241369e+04
6.271169761908112559e+04
6.278586757254431723e+04
6.287098402565744618e+04
6.296692329118281486e+04
6.307355811280658963e+04
6.319094318453926098e+04
6.331916717187911854e+04
6.345815088812252361e+04
6.360738861221287516e+04
6.376662718491271517e+04
6.393582459608224599e+04
6.411478248716043163e+04
6.430337424363769242e+04
6.450148852665509912e+04
6.470894755641024676e+04
6.492557163466778729e+04
6.515117410735049634e+04
6.538556248345311178e+04
6.562853802140355401e+04
6.587989569654541265e+04
6.613942681724624708e+04
6.640691862579896406e+04
6.668215502515377011e+04
6.443386613533011405e+04
6.463820541659727314e+04
6.423893795373079047e+04
6.405359482907597703e+04
6.387800403473685583e+04
6.371232564414341323e+04
6.355671204564363143e+04
6.341130743630950019e+04
6.327624751197585283e+04
6.315165946269658161e+04
6.303766219257225748e+04
6.293436646010018740e+04
6.284187480900211813e+04
6.276027892721062381e+04
6.268967209937894950e+04
6.263010516200145503e+04
6.258162126395363157e+04
6.254428541332929308e+04
6.251807036384511593e+04
6.250298106056100369e+04
6.249913995867994527e+04
6.250658477855773526e+04
6.252527173399864114e+04
6.255516003001576610e+04
6.259619299908506946e+04
6.264833905623238388e+04
6.271157347758983815e+04
6.278579321991808683e+04
6.287089745743084495e+04
6.296688748808566743e+04
6.307384059840074769e+04
6.319167314171217004e+04
6.332011186556999019e+04
6.345887121805699280e+04
6.360779822053392854e+04
6.376684770156689774e+04
6.393588358226315904e+04
6.411477911740561103e+04
6.430336800791252608e+04
6.450148033613452571e+04
6.470894009739267494e+04
6.492556634886696702e+04
6.515117162064363947e+04
6.538556194179972954e+04
6.562853810647490900e+04
6.587989618408976821e+04
6.613942787031824992e+04
6.485177531232006731e+04
6.507438753083222400e+04
6.463820650025620853e+04
6.443386755756407365e+04
6.423893920510492171e+04
6.405359576394227770e+04
6.387800474077873514e+04
6.371232629428584914e+04
6.355671260422396153e+04
6.341130733483841323e+04
6.327624544739336852e+04
6.315165354449153529e+04
6.303765035330403043e+04
6.293434595282978989e+04
6.284184811758191790e+04
6.276027259827461239e+04
6.268964779048714990e+04
6.263007585332077724e+04
6.258159501951290440e+04
6.254416050759909558e+04
6.251783629704473424e+04
6.250276793899774202e+04
6.249899197746894788e+04
6.250647988201631233e+04
6.252517796327049291e+04
6.255506697383656865e+04
6.259615020369104604e+04
6.264835165541015886e+04
6.271155813932653837e+04
6.278577110963539599e+04
6.287107161082050152e+04
6.296737942634337378e+04
6.307451546611366939e+04
6.319226401902801445e+04
6.332044079742621398e+04
6.345899425141551910e+04
6.360784169845110591e+04
6.376685567766565509e+04
6.393588757081241783e+04
6.411477863725199859e+04
6.430336477739212569e+04
6.450147617000868922e+04
6.470893657075131341e+04
6.492556393914695218e+04
6.515116990651001106e+04
6.538556086226952175e+04
6.562853820456870017e+04
6.530585097119279817e+04
6.554596646000229521e+04
6.507438860742317775e+04
6.485177672545274982e+04
6.463820774313758011e+04
6.443386851134267636e+04
6.423893991915760125e+04
6.405359648734413349e+04
6.387800586204614956e+04
6.371232813054375583e+04
6.355671500436669885e+04
6.341130916050783708e+04
6.327624402737335186e+04
6.315164213776954421e+04
6.303761529670908203e+04
6.293430368922487105e+04
6.284178864844234340e+04
6.276016330471001129e+04
6.268954351109472191e+04
6.262993768280959921e+04
6.258133567501077778e+04
6.254387021490232291e+04
6.251764701520388917e+04
6.250268573348389327e+04
6.249895642759633483e+04
6.250645215006149374e+04
6.252519458387236955e+04
6.255515615790969605e+04
6.259624514851922868e+04
6.264838564757274435e+04
6.271167733911055984e+04
6.278611940254311048e+04
6.287154473078686715e+04
6.296781860367823538e+04
6.307478368548955768e+04
6.319235037528071553e+04
6.332045884597164695e+04
6.345900070036664692e+04
6.360784728420647298e+04
6.376686089026960690e+04
6.393588996602284169e+04
6.411477872093633050e+04
6.430336348275597993e+04
6.450147418938304327e+04
6.470893435274512740e+04
6.492556169111054623e+04
6.515116852007980197e+04
6.579453280201765301e+04
6.605134155019097670e+04
6.554596752883047157e+04
6.530585237435073213e+04
6.507438984209803311e+04
6.485177767243859125e+04
6.463820840431813849e+04
6.443386900557108311e+04
6.423894053245230316e+04
6.405359773233847227e+04
6.387800844280920137e+04
6.371233264335059357e+04
6.355672117880507722e+04
6.341131099664867361e+04
6.327621856123304315e+04
6.315157623717895331e+04
6.303752063133965567e+04
6.293411225453147199e+04
6.284155742496441962e+04
6.275994853755979420e+04
6.268927774521076208e+04
6.262962583470134996e+04
6.258110930499850656e+04
6.254377832393663266e+04
6.251763339157617156e+04
6.250270458186196629e+04
6.249901917175792187e+04
6.250658444098965992e+04
6.252537137064564740e+04
6.255529622292173008e+04
6.259635117405273922e+04
6.264862624767114175e+04
6.271202083881102590e+04
6.278643275486224593e+04
6.287175572074861702e+04
6.296789838958657492e+04
6.307479288056334917e+04
6.319234988584029634e+04
6.332045938669537281e+04
6.345900347194229835e+04
6.360785182178018295e+04
6.376686381466197781e+04
6.393589162130327168e+04
6.411477900888841395e+04
6.430336253083249176e+04
6.450147226986196620e+04
6.470893230936451437e+04
6.631618300768268819e+04
6.658884102840967535e+04
6.605134261102452001e+04
6.579453419496664719e+04
6.554596875480475137e+04
6.530585331491812394e+04
6.507439049864507979e+04
6.485177810036216397e+04
6.463820870894469408e+04
6.443386940667301678e+04
6.423894150985003216e+04
6.405360020461757085e+04
6.387801377169093030e+04
6.371233752429825108e+04
6.355670757464028429e+04
6.341124711677554296e+04
6.327610100239032181e+04
6.315136084411259071e+04
6.303716654936958366e+04
6.293379429329954291e+04
6.284128729431412648e+04
6.275967687822550215e+04
6.268908584367472213e+04
6.262956744256292586e+04
6.258112441853823839e+04
6.254383861939922645e+04
6.251774608825703035e+04
6.250286165735370014e+04
6.249920825047713151e+04
6.250677669783070451e+04
6.252550813914620085e+04
6.255543824462978955e+04
6.259657220703671192e+04
6.264883429947280820e+04
6.271217121387198131e+04
6.278650127523796255e+04
6.287176939146270888e+04
6.296789698010202846e+04
6.307479017101760837e+04
6.319234780686323211e+04
6.332046054126714444e+04
6.345900581432431500e+04
6.360785398369680479e+04
6.376686560942512733e+04
6.393589238539001235e+04
6.411477855370249017e+04
6.430336130801102991e+04
6.686909896350798954e+04
6.715673448978985834e+04
6.658884208070042951e+04
6.631618438984565728e+04
6.605134382777665451e+04
6.579453512856118323e+04
6.554596940647927113e+04
6.530585373984864418e+04
6.507439076214515808e+04
6.485177826548583107e+04
6.463820887589611084e+04
6.443386986359413277e+04
6.423894306167859031e+04
6.405359993616014253e+04
6.387799825954515836e+04
6.371229618185223808e+04
6.355660611504894769e+04
6.341104226736071723e+04
6.327571452351527842e+04
6.315091695969572902e+04
6.303687293550078175e+04
6.293359679665812291e+04
6.284118339608141832e+04
6.275971265558436426e+04
6.268917968150295928e+04
6.262969691201355454e+04
6.258131242403575015e+04
6.254403898347506038e+04
6.251791633462804748e+04
6.250300744140520692e+04
6.249933993097531493e+04
6.250687133194151102e+04
6.252561662573536887e+04
6.255555384191923804e+04
6.259665659718625102e+04
6.264888040534866741e+04
6.271218234734725411e+04
6.278650365592064190e+04
6.287176911218623718e+04
6.296789473974954308e+04
6.307478857408192562e+04
6.319234766024143755e+04
6.332046079244495922e+04
6.345900683795497753e+04
6.360785514391861943e+04
6.376686621219201334e+04
6.393589261519969295e+04
6.745152549209709105e+04
6.775324491741186648e+04
6.715673553389114386e+04
6.686910033530792862e+04
6.658884328851428290e+04
6.631618531650007935e+04
6.605134447450167499e+04
6.579453554988747055e+04
6.554596966738764604e+04
6.530585389664039394e+04
6.507439084309127793e+04
6.485177826037117484e+04
6.463820882945542689e+04
6.443386877865667338e+04
6.423890706427713303e+04
6.405357198200933635e+04
6.387796052804329520e+04
6.371212420914444374e+04
6.355624707133460470e+04
6.341053467300041666e+04
6.327534054257479875e+04
6.315077070251266559e+04
6.303686888393815752e+04
6.293373498385214043e+04
6.284138847554975655e+04
6.275994565640680958e+04
6.268947259924796526e+04
6.262997874938735185e+04
6.258149233690136316e+04
6.254411140369783243e+04
6.251796702856927732e+04
6.250308902333126753e+04
6.249940571009250561e+04
6.250692843803821597e+04
6.252565577929295978e+04
6.255557530184421921e+04
6.259666192062758637e+04
6.264888301599853003e+04
6.271218458115209796e+04
6.278650419680072082e+04
6.287176821232424118e+04
6.296789358590100164e+04
6.307478736263565224e+04
6.319234709073704289e+04
6.332046089591770578e+04
6.345900718057082122e+04
6.360785590671648242e+04
6.806166659341221384e+04
6.837656009393696149e+04
6.775324595568006043e+04
6.745152685516419297e+04
6.715673673412023345e+04
6.686910125598388549e+04
6.658884393080319569e+04
6.631618573452749115e+04
6.605134473255842749e+04
6.579453570342670719e+04
6.554596975796419429e+04
6.530585393540167570e+04
6.507439079873977607e+04
6.485177634377001232e+04
6.463812703972542658e+04
6.443378610629479954e+04
6.423891260133352625e+04
6.405346803152343637e+04
6.387757414035291731e+04
6.371158883664753375e+04
6.355576536338592268e+04
6.341035311417000048e+04
6.327540317579807743e+04
6.315098579234650970e+04
6.303716781568311126e+04
6.293406561664469336e+04
6.284177434919142252e+04
6.276032224656618200e+04
6.268970897221469204e+04
6.263002345721706661e+04
6.258144261374200141e+04
6.254414240554000571e+04
6.251806119829456293e+04
6.250314557987617445e+04
6.249943425684113026e+04
6.250693853614632826e+04
6.252565516633269726e+04
6.255557334593540145e+04
6.259666311694350588e+04
6.264888402921145462e+04
6.271218504803744145e+04
6.278650390471377614e+04
6.287176741104378016e+04
6.296789254945122957e+04
6.307478650952877797e+04
6.319234656190447276e+04
6.332046098319199518e+04
6.869769651266485744e+04
6.902484329562405765e+04
6.837656113474282029e+04
6.806166795570540125e+04
6.775324715406645555e+04
6.745152777392810094e+04
6.715673737427001470e+04
6.686910167173482478e+04
6.658884418641126831e+04
6.631618588477087906e+04
6.605134481838429929e+04
6.579453574908491282e+04
6.554596979450785147e+04
6.530585232164045010e+04
6.507424575411181286e+04
6.485152377477901609e+04
6.463807051547503943e+04
6.443370185892493464e+04
6.423846180388971698e+04
6.405275839315342455e+04
6.387698413139972399e+04
6.371130769841201982e+04
6.355583358366447646e+04
6.341062295522857312e+04
6.327576139370189776e+04
6.315137123820430133e+04
6.303758869804745336e+04
6.293448009686181467e+04
6.284207176948239794e+04
6.276039223384965590e+04
6.268960273104087537e+04
6.262995404098160361e+04
6.258153966027797287e+04
6.254424525032486417e+04
6.251810306835573283e+04
6.250316031738033780e+04
6.249943645968085184e+04
6.250693670686348196e+04
6.252565516290819505e+04
6.255557331109642837e+04
6.259666313363646623e+04
6.264888410124112124e+04
6.271218492990569939e+04
6.278650332848791004e+04
6.287176655129426945e+04
6.296789164577582414e+04
6.307478589834220475e+04
6.935777004974563897e+04
6.969624319514173840e+04
6.902484436485567130e+04
6.869769789594423492e+04
6.837656234772490279e+04
6.806166888300480787e+04
6.775324779839931580e+04
6.745152819116279716e+04
6.715673762979269668e+04
6.686910182124590210e+04
6.658884427016221161e+04
6.631618592791733681e+04
6.605134485398558900e+04
6.579453434533944528e+04
6.554579516871878877e+04
6.530533976216573501e+04
6.507393020767191774e+04
6.485137225368366489e+04
6.463750674867553607e+04
6.443268280314502772e+04
6.423761383904895047e+04
6.405238923472767783e+04
6.387703931864353945e+04
6.371162286552228761e+04
6.355626405880216043e+04
6.341104119558818638e+04
6.327616513681001379e+04
6.315174855992574157e+04
6.303786710045887594e+04
6.293458239867186057e+04
6.284197316685784608e+04
6.276023098465956718e+04
6.268961255837330827e+04
6.263007962884133303e+04
6.258160300131103577e+04
6.254426581305904983e+04
6.251810999732505297e+04
6.250316205226149759e+04
6.249943625291593344e+04
6.250693591975187155e+04
6.252565406034439366e+04
6.255557265090313012e+04
6.259666259386349702e+04
6.264888356697541167e+04
6.271218421728969406e+04
6.278650250162349403e+04
6.287176593508510996e+04
7.004003205670468742e+04
7.038890292044907983e+04
6.969624436402450374e+04
6.935777151351701468e+04
6.902484563687276386e+04
6.869769886077559204e+04
6.837656301311965217e+04
6.806166931077071058e+04
6.775324805853792350e+04
6.745152834312529012e+04
6.715673771802151168e+04
6.686910187376153772e+04
6.658884429184067994e+04
6.631617168471483456e+04
6.605119403887202498e+04
6.579389373723015888e+04
6.554507013010172523e+04
6.530509143784214393e+04
6.507336851459198078e+04
6.485002064083786536e+04
6.463629824878197542e+04
6.443224182420928264e+04
6.423775046665664559e+04
6.405280742228992312e+04
6.387757395013424684e+04
6.371213696313495893e+04
6.355664176248630974e+04
6.341134758861152659e+04
6.327634392829624267e+04
6.315179828719505895e+04
6.303780423394800164e+04
6.293441107052998268e+04
6.284186047724101809e+04
6.276029694866170030e+04
6.268968299594023119e+04
6.263009809665183275e+04
6.258161055600285908e+04
6.254426979502409085e+04
6.251811217556733754e+04
6.250316274583267659e+04
6.249943585195072956e+04
6.250693500976395444e+04
6.252565296876220964e+04
6.255557156985905749e+04
6.259666151489786716e+04
6.264888255910464795e+04
6.271218371266778558e+04
7.074262608590837044e+04
7.110096824718320568e+04
7.038890436667478934e+04
7.004003374849566899e+04
6.969624580569968384e+04
6.935777258852665545e+04
6.902484636621149548e+04
6.869769932282863010e+04
6.837656329040662968e+04
6.806166947456670459e+04
6.775324816216134059e+04
6.745152842047566082e+04
6.715673779999134422e+04
6.686909901939136034e+04
6.658873150530130079e+04
6.631567356460528390e+04
6.605019662966017495e+04
6.579340965276707720e+04
6.554475350272403739e+04
6.530385066170249047e+04
6.507195207958899118e+04
6.484960218565367541e+04
6.463664564417082147e+04
6.443288945330015849e+04
6.423844195251909696e+04
6.405348708907267428e+04
6.387801783005022298e+04
6.371235404073699465e+04
6.355673098492569989e+04
6.341125551168468519e+04
6.327625091659559257e+04
6.315171089590222255e+04
6.303765752110182802e+04
6.293437460833247314e+04
6.284190471816338686e+04
6.276031230899335787e+04
6.268968692557510803e+04
6.263010047736100387e+04
6.258161281498902827e+04
6.254427153359588556e+04
6.251811309292265651e+04
6.250316279588412726e+04
6.249943512467073742e+04
6.250693376862796867e+04
6.252565147936913854e+04
6.255557008833887085e+04
6.259666068877995713e+04
7.146370216371411516e+04
7.183059492734984087e+04
7.110097035450451949e+04
7.074262832936330233e+04
7.038890623105804843e+04
7.004003510874773201e+04
6.969624670817055448e+04
6.935777314878984180e+04
6.902484669680990919e+04
6.869769952563480183e+04
6.837656344211728720e+04
6.806166962027680711e+04
6.775324833066052815e+04
6.745152806902497832e+04
6.715665841540158726e+04
6.686872779485724459e+04
6.658782229093702335e+04
6.631492128049272287e+04
6.605019906161891413e+04
6.579294963144032226e+04
6.554347676096741634e+04
6.530338734965112963e+04
6.507248821728706389e+04
6.485055637906264019e+04
6.463753783495193784e+04
6.443374061588312179e+04
6.423906309097898338e+04
6.405365963578696392e+04
6.387800115718886809e+04
6.371218104793447856e+04
6.355649364310031524e+04
6.341124203179976757e+04
6.327623045029956847e+04
6.315163886336940777e+04
6.303766821049622376e+04
6.293439193211796373e+04
6.284190741885275202e+04
6.276031266653422063e+04
6.268968741791441425e+04
6.263010149379720679e+04
6.258161389379506727e+04
6.254427226802935911e+04
6.251811312512998848e+04
6.250316206007477012e+04
6.249943377145232080e+04
6.250693210596580320e+04
6.252565024992971303e+04
7.220142363951729203e+04
7.257595516272624081e+04
7.183059835651346657e+04
7.146370555929276452e+04
7.110097315348136181e+04
7.074263036833184015e+04
7.038890757219577790e+04
7.004003593557419663e+04
6.969624719212153286e+04
6.935777346668746031e+04
6.902484697459962626e+04
6.869769985235478089e+04
6.837656385193089955e+04
6.806166959830443375e+04
6.775318735114259471e+04
6.745117028337123338e+04
6.715583246026273991e+04
6.686794721917531569e+04
6.658793982481116836e+04
6.631525189153256360e+04
6.604975624395335035e+04
6.579245948771762778e+04
6.554408263335395895e+04
6.530451314124083729e+04
6.507355097146300250e+04
6.485152972695638891e+04
6.463833263797467953e+04
6.443395797099461925e+04
6.423889283543227793e+04
6.405347031519381562e+04
6.387769118382811575e+04
6.371208727466077107e+04
6.355665976335659070e+04
6.341127040740031953e+04
6.327622915591880883e+04
6.315165666994958156e+04
6.303767580271875340e+04
6.293439267975440453e+04
6.284190779182612459e+04
6.276031290287774027e+04
6.268968774338260846e+04
6.263010189398023067e+04
6.258161410849428648e+04
6.254427198420534842e+04
6.251811222983428888e+04
6.250316069235640316e+04
6.249943256513871165e+04
7.295397302326113277e+04
7.333524326278515218e+04
7.257596065554635425e+04
7.220142901621283090e+04
7.183060294550807157e+04
7.146370905764683266e+04
7.110097553952813905e+04
7.074263188705236826e+04
7.038890848170011304e+04
7.004003656585258432e+04
6.969624775456242787e+04
6.935777418375828711e+04
6.902484793420399365e+04
6.869770032025613182e+04
6.837655221192109457e+04
6.806136661164280667e+04
6.775230505042073491e+04
6.745044193165976321e+04
6.715611626662763592e+04
6.686883795579003345e+04
6.658835167165675375e+04
6.631508576869794342e+04
6.605000261023234634e+04
6.579338582395589037e+04
6.554513851571029227e+04
6.530547658871737076e+04
6.507439646598922991e+04
6.485182546925382485e+04
6.463807824452486966e+04
6.443368776005090331e+04
6.423870949128492066e+04
6.405328561503980745e+04
6.387790048385439877e+04
6.371229959435869387e+04
6.355669086259627511e+04
6.341129220994430216e+04
6.327624146908126568e+04
6.315166381109103531e+04
6.303767875936181372e+04
6.293439360622218373e+04
6.284190828821977630e+04
6.276031292098118138e+04
6.268968756292265607e+04
6.263010154766141204e+04
6.258161341211714898e+04
6.254427095300584915e+04
6.251811135691223171e+04
7.371955692476646800e+04
7.410668052747235924e+04
7.333525085219938774e+04
7.295398091439095151e+04
7.257596799384483893e+04
7.220143516859704687e+04
7.183060756537698035e+04
7.146371226047642995e+04
7.110097761352613452e+04
7.074263334234704962e+04
7.038890965749237512e+04
7.004003799181204522e+04
6.969624968534847721e+04
6.935777568345431064e+04
6.902489754115008691e+04
6.869758976973935205e+04
6.837585633135783428e+04
6.806051346976654895e+04
6.775275449377368204e+04
6.745176506388290727e+04
6.715711203601851594e+04
6.686910874648106983e+04
6.658839343065983849e+04
6.631556107176201476e+04
6.605080053408943058e+04
6.579418325179550448e+04
6.554586008835662506e+04
6.530581509532322525e+04
6.507419994435162516e+04
6.485149643483173713e+04
6.463801868241099874e+04
6.443364639956077008e+04
6.423878462911315000e+04
6.405359297313812567e+04
6.387799442491684022e+04
6.371231333136229659e+04
6.355670091954053350e+04
6.341130036846225266e+04
6.327624730993498815e+04
6.315166819965546165e+04
6.303768086908382975e+04
6.293439431839997269e+04
6.284190808747172559e+04
6.276031234836977819e+04
6.268968673321647657e+04
6.263010053225066076e+04
6.258161270299825264e+04
7.449641068228748918e+04
7.488851939176992164e+04
7.410668841231470287e+04
7.371956644420257362e+04
7.333526101561171527e+04
7.295399069594869798e+04
7.257597648201622360e+04
7.220144194412848447e+04
7.183061265549196105e+04
7.146371591788316437e+04
7.110098027298356465e+04
7.074263599723309744e+04
7.038891285025328398e+04
7.004004116806313687e+04
6.969633856022043619e+04
6.935789458177356573e+04
6.902459220863728842e+04
6.869689128121326212e+04
6.837610248917022545e+04
6.806215672507263662e+04
6.775419399065322068e+04
6.745233785998017993e+04
6.715714370591666375e+04
6.686915952218176972e+04
6.658879691644859849e+04
6.631608557275364001e+04
6.605128053947747685e+04
6.579449515375663759e+04
6.554585384378250455e+04
6.530564347826617450e+04
6.507418737036480888e+04
6.485167600715405570e+04
6.463808978199149715e+04
6.443387723505553004e+04
6.423894042070617434e+04
6.405359181846827414e+04
6.387799819882997690e+04
6.371231882144586416e+04
6.355670647719215049e+04
6.341130519354657736e+04
6.327625085583693726e+04
6.315167028186903190e+04
6.303768153014124982e+04
6.293439395761652122e+04
6.284190724188173044e+04
6.276031121744990378e+04
6.268968589772163978e+04
7.528280320181652496e+04
7.567904688920167973e+04
7.488852395904529840e+04
7.449641872000264993e+04
7.410669915477681207e+04
7.371957894044193381e+04
7.333527401798244682e+04
7.295400321488325426e+04
7.257598809963920212e+04
7.220145119987022190e+04
7.183061951453666552e+04
7.146372132449033961e+04
7.110098456875947886e+04
7.074264053010811040e+04
7.038900167591171339e+04
7.004032870541683224e+04
6.969638105748947419e+04
6.935758153529571427e+04
6.902458301792122074e+04
6.869822765551468183e+04
6.837774756508976861e+04
6.806294303776988818e+04
6.775424640111478220e+04
6.745217743608960882e+04
6.715721312542053056e+04
6.686940774237681762e+04
6.658905874131080054e+04
6.631634837706020335e+04
6.605148037936702895e+04
6.579463027488850639e+04
6.554598600540973712e+04
6.530583602966336912e+04
6.507435002225780772e+04
6.485174198421471374e+04
6.463820818651621084e+04
6.443386829791922355e+04
6.423893850477446540e+04
6.405359335755976645e+04
6.387800105022831849e+04
6.371232224567641970e+04
6.355670975662016281e+04
6.341130782822742913e+04
6.327625236383260199e+04
6.315167057849676348e+04
6.303768103409026662e+04
6.293439296139974613e+04
6.284190634807342576e+04
7.607704120222358324e+04
7.647658749679521134e+04
7.567904520402842900e+04
7.528280568440376373e+04
7.488853064498820459e+04
7.449642964561039116e+04
7.410671378851358895e+04
7.371959679420311295e+04
7.333529640199578716e+04
7.295402373848283605e+04
7.257600519745012571e+04
7.220146426158306713e+04
7.183062877877938445e+04
7.146372400166571606e+04
7.110104236986853357e+04
7.074297287813131697e+04
7.038932860517434892e+04
7.004021327216661302e+04
6.969638083095072943e+04
6.935823199621199456e+04
6.902595779114311154e+04
6.869908072239377361e+04
6.837784220673913660e+04
6.806269001969874080e+04
6.775411287174523750e+04
6.745222494950819237e+04
6.715733964187641686e+04
6.686965642430879234e+04
6.658936080503837729e+04
6.631675426938990131e+04
6.605182308737390849e+04
6.579475149642447650e+04
6.554601997863908764e+04
6.530583252527967124e+04
6.507438251606147969e+04
6.485177560238014121e+04
6.463820759135465050e+04
6.443386832990727999e+04
6.423893922035267315e+04
6.405359461170045688e+04
6.387800270991298748e+04
6.371232400906045950e+04
6.355671116395801073e+04
6.341130849462157494e+04
6.327625224795877148e+04
6.315166993782720965e+04
6.303768039468055940e+04
7.687747096625537961e+04
7.727950544485611317e+04
7.647658046118057973e+04
7.607703644221571449e+04
7.567904375036210695e+04
7.528280897745346010e+04
7.488853991019130626e+04
7.449644641615815635e+04
7.410675023295973369e+04
7.371963199626863934e+04
7.333533067261871474e+04
7.295405395921612217e+04
7.257602905664964055e+04
7.220147011222473520e+04
7.183064569402615598e+04
7.146396611823100829e+04
7.110153473145698081e+04
7.074302955500262033e+04
7.038921401573307230e+04
7.004047879182234465e+04
6.969706173907149059e+04
6.935894439889474597e+04
6.902609916983936273e+04
6.869884333026481909e+04
6.837760606492073566e+04
6.806260147124070500e+04
6.775415164280630415e+04
6.745246135950779717e+04
6.715765912167755596e+04
6.687004264714637247e+04
6.658978858731925720e+04
6.631680477661830082e+04
6.605153196561204095e+04
6.579455311300010362e+04
6.554596238220916712e+04
6.530585171208681277e+04
6.507438892445537931e+04
6.485177691350928944e+04
6.463820816479722271e+04
6.443386884774358623e+04
6.423893953932391014e+04
6.405359503159709129e+04
6.387800317637845728e+04
6.371232426215230225e+04
6.355671099214052083e+04
6.341130802594128909e+04
6.327625193410948850e+04
7.768247806051858061e+04
7.808620653891999973e+04
7.727949757923124707e+04
7.687746182465906895e+04
7.647657129739812808e+04
7.607702933434712759e+04
7.567904116008903657e+04
7.528281429639217095e+04
7.488856477428817016e+04
7.449648549251537770e+04
7.410679747124106507e+04
7.371968475265493908e+04
7.333537890410042019e+04
7.295408628007759398e+04
7.257600018987555814e+04
7.220155905980222451e+04
7.183105984213000920e+04
7.146424311947809474e+04
7.110131916802082560e+04
7.074303656899138878e+04
7.038945789766155940e+04
7.004084492290161143e+04
6.969725177345468546e+04
6.935883261443192896e+04
6.902587344484790810e+04
6.869868841647492081e+04
6.837759339292046207e+04
6.806280537040316267e+04
6.775444532183953561e+04
6.745267198007293337e+04
6.715788225985868485e+04
6.687000174907180190e+04
6.658922167229384650e+04
6.631624268354357628e+04
6.605134675032093946e+04
6.579453850190427329e+04
6.554597009462417918e+04
6.530585297844703746e+04
6.507438991634330159e+04
6.485177781905084703e+04
6.463820860152999376e+04
6.443386867139298556e+04
6.423893912604054640e+04
6.405359451133943367e+04
6.387800250708786916e+04
6.371232353466557106e+04
6.355671067356596905e+04
7.849048823363444535e+04
7.889513954173408274e+04
7.808620186791398737e+04
7.768246984278800664e+04
7.727948603219869256e+04
7.687744827359229384e+04
7.647655761285682092e+04
7.607701841213551234e+04
7.567903998458407295e+04
7.528283666528906906e+04
7.488860652963565371e+04
7.449654579558086698e+04
7.410686285686427436e+04
7.371976073636574438e+04
7.333531431819965655e+04
7.295400816296838457e+04
7.257616081513326208e+04
7.220184933547391847e+04
7.183097719121033151e+04
7.146404284615571669e+04
7.110140523779550858e+04
7.074317195901479863e+04
7.038962531162607775e+04
7.004091015782560862e+04
6.969715366596102831e+04
6.935871866797377879e+04
6.902589294244373741e+04
6.869889592346300196e+04
6.837785687385906931e+04
6.806287742855152464e+04
6.775428901913929440e+04
6.745240947912313277e+04
6.715721641108089534e+04
6.686918261498848733e+04
6.658884362060019339e+04
6.631619200471365184e+04
6.605134760404503322e+04
6.579453736935042252e+04
6.554596991957591672e+04
6.530585365995927714e+04
6.507439064467547723e+04
6.485177797459845169e+04
6.463820800084724760e+04
6.443386768685732386e+04
6.423893795144484466e+04
6.405359331392048625e+04
6.387800180401876423e+04
7.929997047803686291e+04
7.970479715046973433e+04
7.889513862383835658e+04
7.849048424377525225e+04
7.808619369788568292e+04
7.768245733393622504e+04
7.727946950694495172e+04
7.687742811626901675e+04
7.647653662139653170e+04
7.607700565790894325e+04
7.567903748446523969e+04
7.528286996611817449e+04
7.488866180859463930e+04
7.449665305359954073e+04
7.410679595297713240e+04
7.371946641772368457e+04
7.333521403023951279e+04
7.295406321969526471e+04
7.257623680511112616e+04
7.220174962110460910e+04
7.183099351038802706e+04
7.146417802650273370e+04
7.110154395568495966e+04
7.074335887273940898e+04
7.038970085747320263e+04
7.004092582301823131e+04
6.969729542979708640e+04
6.935900736732568475e+04
6.902618399375180888e+04
6.869894123442146520e+04
6.837747465776596800e+04
6.806232562177506043e+04
6.775363494437834015e+04
6.745161029949555814e+04
6.715671227713752887e+04
6.686910222513217013e+04
6.658884517115917697e+04
6.631618683291952766e+04
6.605134615986810240e+04
6.579453661336697405e+04
6.554597013060568133e+04
6.530585381975275232e+04
6.507439016932149389e+04
6.485177692192950781e+04
6.463820662423082831e+04
6.443386618841948075e+04
6.423893684736530849e+04
8.010943954874212795e+04
8.051371663566489588e+04
7.970479837390687317e+04
7.929997037646063836e+04
7.889513571357088222e+04
7.849047758990580041e+04
7.808618259185038914e+04
7.768244034786567499e+04
7.727944482036288537e+04
7.687739681965429918e+04
7.647650568419032788e+04
7.607698450377296831e+04
7.567903324043098837e+04
7.528293852150050225e+04
7.488864572927347035e+04
7.449613095827643701e+04
7.410634031765644613e+04
7.371940301361936145e+04
7.333528136579935381e+04
7.295428584218828473e+04
7.257641498117604351e+04
7.220196779332436563e+04
7.183120975057927717e+04
7.146442819552704168e+04
7.110175229303594097e+04
7.074350519072190218e+04
7.038997736129206896e+04
7.004133842600580829e+04
6.969769912269835186e+04
6.935911214284645393e+04
6.902576111589948414e+04
6.869815692463149026e+04
6.837678154526057187e+04
6.806172201672600931e+04
6.775320883539499482e+04
6.745150677505922795e+04
6.715672633362216584e+04
6.686909694937788299e+04
6.658884327010183188e+04
6.631618651462213893e+04
6.605134570388779684e+04
6.579453613019554177e+04
6.554596940704666486e+04
6.530585268271314999e+04
6.507438872597140289e+04
6.485177534998193005e+04
6.463820540057558537e+04
8.091745572483743308e+04
8.132048020232403360e+04
8.051371872548740066e+04
8.010944152431348630e+04
7.970479914549119712e+04
7.929996926501221606e+04
7.889513204037658579e+04
7.849047014304077311e+04
7.808616838600544725e+04
7.768241529530937260e+04
7.727940624796556949e+04
7.687734641443759028e+04
7.647645230515842559e+04
7.607693606574943988e+04
7.567897251671784034e+04
7.528234019260601781e+04
7.488750464801455382e+04
7.449609728430098039e+04
7.410669266045535915e+04
7.371991462060534104e+04
7.333586155129986582e+04
7.295469540240243077e+04
7.257674138585706532e+04
7.220229084525705548e+04
7.183151529370578646e+04
7.146466318017953017e+04
7.110207863412761071e+04
7.074399199900226085e+04
7.039049142888408096e+04
7.004157444761402439e+04
6.969732994647401210e+04
6.935821160792776209e+04
6.902496119901156635e+04
6.869771075451852812e+04
6.837652405344815634e+04
6.806164218443562277e+04
6.775322964887617854e+04
6.745151586526384926e+04
6.715673146044778696e+04
6.686909948340563278e+04
6.658884387718874495e+04
6.631618611919302202e+04
6.605134469803751563e+04
6.579453477014716191e+04
6.554596778484039532e+04
6.530585101738319645e+04
6.507438751343223703e+04
8.172262381011612888e+04
8.212371510835883964e+04
8.132048266522724589e+04
8.091745854665430670e+04
8.051372122598071292e+04
8.010944341595696460e+04
7.970480028001934988e+04
7.929996937714915839e+04
7.889512994168924342e+04
7.849046233670628862e+04
7.808614906471171707e+04
7.768237718593611498e+04
7.727934363605651015e+04
7.687726844988438825e+04
7.647630000664883119e+04
7.607654886047221953e+04
7.567786164635889872e+04
7.528230737508992024e+04
7.488885706794755242e+04
7.449707107038570393e+04
7.410758996577096696e+04
7.372055607153294841e+04
7.333627787423845439e+04
7.295506958891871909e+04
7.257713790037964645e+04
7.220263478878834576e+04
7.183184539648979262e+04
7.146510679193113174e+04
7.110261235740290431e+04
7.074437429628479003e+04
7.039025781618083420e+04
7.004062896769665531e+04
6.969634793732181424e+04
6.935776985355645593e+04
6.902482101888854231e+04
6.869767803507301142e+04
6.837654526521169464e+04
6.806165529164300824e+04
6.775323823467828333e+04
6.745152226869687729e+04
6.715673454270248476e+04
6.686910049876385892e+04
6.658884349621213914e+04
6.631618487509306578e+04
6.605134300130984047e+04
6.579453295179815905e+04
6.554596644129212655e+04
8.252359333777437860e+04
8.292209357523733343e+04
8.212371733824475086e+04
8.172262677114307007e+04
8.132048583586972381e+04
8.091746182902301371e+04
8.051372455344312766e+04
8.010944697759213159e+04
7.970480423906385840e+04
7.929997331316037162e+04
7.889513132332811074e+04
7.849045505598111777e+04
7.808612251214502612e+04
7.768233511408527556e+04
7.727926005193358287e+04
7.687701806105335709e+04
7.647587494763475843e+04
7.607637090783136955e+04
7.567972531665406132e+04
7.528406730069544574e+04
7.488989765890246781e+04
7.449775445277515973e+04
7.410798074072963209e+04
7.372088575413571380e+04
7.333671667409090151e+04
7.295555850241697044e+04
7.257757013552218268e+04
7.220300467403806397e+04
7.183223612703925755e+04
7.146548992858247948e+04
7.110259364025013929e+04
7.074348857137758750e+04
7.038908945406629937e+04
7.004004613221657928e+04
6.969624385210270702e+04
6.935776503764852532e+04
6.902483570620695536e+04
6.869768839893492986e+04
6.837655368928909593e+04
6.806166185186688381e+04
6.775324285817953933e+04
6.745152503615252499e+04
6.715673553505948803e+04
6.686910005294851726e+04
6.658884222166136897e+04
6.631618317347484117e+04
6.605134153016918572e+04
8.331905897060886491e+04
8.371433253044077719e+04
8.292209471333058900e+04
8.252359556833049282e+04
8.212372024414959014e+04
8.172263052037610032e+04
8.132049037614771805e+04
8.091746710856333084e+04
8.051373057491697546e+04
8.010945442020642804e+04
7.970481377886509290e+04
7.929998459570428531e+04
7.889514029482901969e+04
7.849046367129322607e+04
7.808613955849787453e+04
7.768225866553581727e+04
7.727917303072467621e+04
7.687743262730998686e+04
7.647760743525609723e+04
7.607889509930599888e+04
7.568093253844087303e+04
7.528446833398695162e+04
7.489000783477589721e+04
7.449787408218094788e+04
7.410833058391747181e+04
7.372146550791292975e+04
7.333736857929408143e+04
7.295602240541232459e+04
7.257776351383041765e+04
7.220311324919277104e+04
7.183227440472798480e+04
7.146486040817986941e+04
7.110131077351047134e+04
7.074267510287936602e+04
7.038892822731200431e+04
7.004004545280312595e+04
6.969624826067053073e+04
6.935776970610315038e+04
6.902484107900196977e+04
6.869769345828039513e+04
6.837655805024111760e+04
6.806166521427522821e+04
6.775324481757673493e+04
6.745152559869353718e+04
6.715673507289298868e+04
6.686909891446521215e+04
6.658884100576810306e+04
8.410776030412960972e+04
8.449919320616299228e+04
8.371433222933705838e+04
8.331905967681673064e+04
8.292209622607070196e+04
8.252359833586930472e+04
8.212372484010085464e+04
8.172263695812391234e+04
8.132049800464035070e+04
8.091747590679218411e+04
8.051374102640659839e+04
8.010946839431529224e+04
7.970483318718652299e+04
7.930000679763090739e+04
7.889519873460708186e+04
7.849048405516742787e+04
7.808611621828228817e+04
7.768274345982803789e+04
7.728072071698917716e+04
7.687960973764053779e+04
7.647879087765319855e+04
7.607886861802985368e+04
7.568054991336635430e+04
7.528421711094916100e+04
7.489009121672141191e+04
7.449839667884389928e+04
7.410918183362750278e+04
7.372225203278477420e+04
7.333754290482640499e+04
7.295570832819749194e+04
7.257745438691398886e+04
7.220267597935088270e+04
7.183113015108423133e+04
7.146379009338810283e+04
7.110100867213121091e+04
7.074265410063639865e+04
7.038892193011901691e+04
7.004004259908657696e+04
6.969624852900033875e+04
6.935777161645772867e+04
6.902484355545362632e+04
6.869769590155941842e+04
6.837655988718509616e+04
6.806166621070455585e+04
6.775324498865463829e+04
6.745152513779183209e+04
6.715673446589533705e+04
8.488848096274358977e+04
8.527548063174178242e+04
8.449919212052754301e+04
8.410775957083214598e+04
8.371433179006334103e+04
8.331906007543255691e+04
8.292209878221935651e+04
8.252360385753209994e+04
8.212373299456981476e+04
8.172264740403577161e+04
8.132051001061384159e+04
8.091748997930173937e+04
8.051375830318318913e+04
8.010948166118373047e+04
7.970480229296300968e+04
7.929997171392040036e+04
7.889504202883283142e+04
7.849071099746956315e+04
7.808730594859556004e+04
7.768453458494225924e+04
7.728170762254083820e+04
7.687921914301817014e+04
7.647789849972508091e+04
7.607820728354301536e+04
7.568025094906520098e+04
7.528449536989621993e+04
7.489101434310294280e+04
7.449953260430689261e+04
7.410963415315643942e+04
7.372163856133543595e+04
7.333658745840171468e+04
7.295503120878738991e+04
7.257658196781350125e+04
7.220154891969461460e+04
7.183062740154650237e+04
7.146373219831706956e+04
7.110099478534494119e+04
7.074264547214609047e+04
7.038891663155413698e+04
7.004004010036592081e+04
6.969624786279434920e+04
6.935777189094662026e+04
6.902484421115319128e+04
6.869769643041613745e+04
6.837656007143274473e+04
6.806166608658053156e+04
6.775324489626011928e+04
8.566004755678323272e+04
8.604204303954458737e+04
8.527547986620645679e+04
8.488847983409375593e+04
8.449919043755627354e+04
8.410775770962971728e+04
8.371433091038830753e+04
8.331906173666108225e+04
8.292210402599956433e+04
8.252361289291088178e+04
8.212374581313951057e+04
8.172266445958559052e+04
8.132052898558090965e+04
8.091750620896139299e+04
8.051355516647940385e+04
8.010911736539543199e+04
7.970444929220354243e+04
7.929981686017637549e+04
7.889581289194450073e+04
7.849211989143495157e+04
7.808815117144312535e+04
7.768398801076170639e+04
7.728051171101148066e+04
7.687828422370967746e+04
7.647726934963528765e+04
7.607813413357660465e+04
7.568109404300847382e+04
7.528584286655324104e+04
7.489185636930282635e+04
7.449892728869029088e+04
7.410811214477896283e+04
7.372037446524018014e+04
7.333576855715093552e+04
7.295411256737729127e+04
7.257596527670645446e+04
7.220144432929069444e+04
7.183061818616797973e+04
7.146372344476327999e+04
7.110098666699416935e+04
7.074263942568126367e+04
7.038891255241552426e+04
7.004003750026519992e+04
6.969624638035769749e+04
6.935777109887839470e+04
6.902484367698982533e+04
6.869769605658634100e+04
6.837656007880602556e+04
8.642132923127750109e+04
8.679777120188894332e+04
8.604204311167840206e+04
8.566004708037522505e+04
8.527547837484042975e+04
8.488847731521283276e+04
8.449918730969504395e+04
8.410775519636448007e+04
8.371433050006037229e+04
8.331906391961954068e+04
8.292211185554320400e+04
8.252363101152064337e+04
8.212376748365425738e+04
8.172269635940364969e+04
8.132020814366507693e+04
8.091660720784070145e+04
8.051276344946575409e+04
8.010879365350784792e+04
7.970489186728805362e+04
7.930104437585255073e+04
7.889670013873688004e+04
7.849176484501779487e+04
7.808697244899009820e+04
7.768300489487861341e+04
7.727976342072454281e+04
7.687793430878625077e+04
7.647791766119519889e+04
7.607949600948051375e+04
7.568216684674069984e+04
7.528548054326507554e+04
7.489005668685660930e+04
7.449714635077821731e+04
7.410705702601985831e+04
7.371968327604771184e+04
7.333524116574836080e+04
7.295397809006700118e+04
7.257597004479063617e+04
7.220143969576772361e+04
7.183061267168521590e+04
7.146371670109960542e+04
7.110098077547377034e+04
7.074263454579208337e+04
7.038890874590371095e+04
7.004003482637736306e+04
6.969624449822686438e+04
6.935776984844477556e+04
6.902484328724424995e+04
8.717123752672290721e+04
8.754159771380671009e+04
8.679777184761081298e+04
8.642132964194365195e+04
8.604204269189773186e+04
8.566004550710254989e+04
8.527547554810567817e+04
8.488847340251757123e+04
8.449918282430640829e+04
8.410775072514722706e+04
8.371432873668208777e+04
8.331906726476743643e+04
8.292212557054475474e+04
8.252366525234926667e+04
8.212346266371704405e+04
8.172139926433410437e+04
8.131837914145296963e+04
8.091615497226365551e+04
8.051328349799154967e+04
8.010997736079800234e+04
7.970598471669851278e+04
7.930110907427647908e+04
7.889583961677546904e+04
7.849092708321535611e+04
7.808634946175980440e+04
7.768260261689445178e+04
7.728021302725901478e+04
7.687915162079098809e+04
7.647900823396026681e+04
7.607939229448582046e+04
7.568043763304089953e+04
7.528345665613219899e+04
7.488883960885718989e+04
7.449653789595118724e+04
7.410669725672612549e+04
7.371956182554976840e+04
7.333525523853926279e+04
7.295398330873553641e+04
7.257596950120977999e+04
7.220143580490234308e+04
7.183060738348949235e+04
7.146371131102103391e+04
7.110097571990820870e+04
7.074263026546390029e+04
7.038890535949742480e+04
7.004003230949187127e+04
6.969624319072201615e+04
8.790872580000357993e+04
8.827249624616662913e+04
8.754159851332457038e+04
8.717123844583086611e+04
8.679777233191968116e+04
8.642132940784424136e+04
8.604204149477080500e+04
8.566004306273923430e+04
8.527547154164334643e+04
8.488846745932853082e+04
8.449917442417579878e+04
8.410774267721474462e+04
8.371432549078244483e+04
8.331905774774427118e+04
8.292192143153726647e+04
8.252241719898764859e+04
8.212072885698929895e+04
8.172041375350192538e+04
8.131951603454632277e+04
8.091755714421080484e+04
8.051456084708665730e+04
8.011047073408852157e+04
7.970557650364446454e+04
7.930050616911939869e+04
7.889549013173430285e+04
7.849071064188856690e+04
7.808668210304605600e+04
7.768359648888483935e+04
7.728116664385508921e+04
7.687915591862004658e+04
7.647757988518381899e+04
7.607737535557107185e+04
7.567928235569818935e+04
7.528294553684884158e+04
7.488857992480882967e+04
7.449643923114029167e+04
7.410670578955934616e+04
7.371957226044086565e+04
7.333525781966376235e+04
7.295398272624665697e+04
7.257596627871878445e+04
7.220143130862824910e+04
7.183060251254825562e+04
7.146370651886473934e+04
7.110097141306991398e+04
7.074262664562229475e+04
7.038890291687368881e+04
8.863278809437963355e+04
8.898948077923811798e+04
8.827249703969141410e+04
8.790872684618465428e+04
8.754159936508767714e+04
8.717123896160062577e+04
8.679777242204944196e+04
8.642132894293853315e+04
8.604204005467804382e+04
8.566003985127722262e+04
8.527546542794919515e+04
8.488845728931245685e+04
8.449916035960790759e+04
8.410772854617070698e+04
8.371422425997762184e+04
8.331830094865566934e+04
8.291949777009882382e+04
8.252050967151719669e+04
8.212214166944158205e+04
8.172221588331327075e+04
8.132089454702088551e+04
8.091824984978562861e+04
8.051449716666019231e+04
8.011008279042919457e+04
7.970545248983678175e+04
7.930058503348306112e+04
7.889582289057646994e+04
7.849147181943793839e+04
7.808746053084301820e+04
7.768361542828964593e+04
7.728006686602051195e+04
7.687740189520594140e+04
7.647652913802150579e+04
7.607711224228762148e+04
7.567911852076819923e+04
7.528285966084114625e+04
7.488856523226997524e+04
7.449644541661319090e+04
7.410670595467054227e+04
7.371956984200490115e+04
7.333525517271930585e+04
7.295397912542065023e+04
7.257596215738241153e+04
7.220142690280497482e+04
7.183059815563079610e+04
7.146370246214616054e+04
7.110096824208476755e+04
8.934245825366601639e+04
8.969160482412706187e+04
8.898948156937559543e+04
8.863278913503435615e+04
8.827249795831344090e+04
8.790872753965375887e+04
8.754159987589639786e+04
8.717123938186373562e+04
8.679777278751175618e+04
8.642132891957795073e+04
8.604203867825164343e+04
8.566003538576608116e+04
8.527545562901138328e+04
8.488844014849932864e+04
8.449914448866523162e+04
8.410744148832494102e+04
8.371281076765232137e+04
8.331607766457449179e+04
8.291997556213244388e+04
8.252259354767821787e+04
8.212349570083954313e+04
8.172289673013382708e+04
8.132096930280193919e+04
8.091800706739071757e+04
8.051443743006727891e+04
8.011036715400397952e+04
7.970588598624440783e+04
7.930117047020564496e+04
7.889642255010969529e+04
7.849151312708941987e+04
7.808658161747048143e+04
7.768219026290303736e+04
7.727910572243177739e+04
7.687734830871435406e+04
7.647655471414201020e+04
7.607706953918044746e+04
7.567910584120954445e+04
7.528285316743934527e+04
7.488856099037254171e+04
7.449643652898851724e+04
7.410669849567247729e+04
7.371956471851820243e+04
7.333525074390308873e+04
7.295397492393190623e+04
7.257595806882642501e+04
7.220142306319974887e+04
7.183059492306815810e+04
9.003680926744516182e+04
9.037796064832265256e+04
8.969160561856301501e+04
8.934245929618283117e+04
8.898948248832864920e+04
8.863278984062123345e+04
8.827249847173388116e+04
8.790872799587424379e+04
8.754160049557965249e+04
8.717124040755424357e+04
8.679777421844370838e+04
8.642133010566174926e+04
8.604203779971043696e+04
8.566002907066156331e+04
8.527545091327682894e+04
8.488841033576057816e+04
8.449845158566924511e+04
8.410570418729232915e+04
8.371201845174674236e+04
8.331746170835025259e+04
8.292107757762934489e+04
8.252306696571456268e+04
8.212358411177989910e+04
8.172277618656538834e+04
8.132090601553460874e+04
8.091827048428067064e+04
8.051498822111547634e+04
8.011095268079308153e+04
7.970629591731297842e+04
7.930122931333657471e+04
7.889572646824053663e+04
7.849030531127452559e+04
7.808571055936519406e+04
7.768215188209452026e+04
7.727932225288695190e+04
7.687739804913975240e+04
7.647657556171201577e+04
7.607707458539254731e+04
7.567909016513453389e+04
7.528284030596721277e+04
7.488854670230259944e+04
7.449642525411886163e+04
7.410669124624035612e+04
7.371955920568190049e+04
7.333524619586920016e+04
7.295397118458418117e+04
7.257595516854671587e+04
9.071495249817323929e+04
9.104767850305372849e+04
9.037796146645140834e+04
9.003681032904569292e+04
8.969160655241050699e+04
8.934246001150917436e+04
8.898948298708982475e+04
8.863279019057296682e+04
8.827249882362002973e+04
8.790872862124485255e+04
8.754160181736598315e+04
8.717124287810870737e+04
8.679777792388915259e+04
8.642133388049701171e+04
8.604203498991276138e+04
8.566000642304420762e+04
8.527505246370217355e+04
8.488704137815421564e+04
8.449662284152545908e+04
8.410539603928349970e+04
8.371240698454277299e+04
8.331757623181089002e+04
8.292111874868710584e+04
8.252312510159504018e+04
8.212361996213941893e+04
8.172296290540293558e+04
8.132148139618591813e+04
8.091898206201031280e+04
8.051536465202175896e+04
8.011090295220982807e+04
7.970574842679167341e+04
7.930015558555962343e+04
7.889483186958164151e+04
7.849015567126932729e+04
7.808595958567957859e+04
7.768230459749708825e+04
7.727940638650681649e+04
7.687744718418752018e+04
7.647659478877641959e+04
7.607707066326662607e+04
7.567907545491392375e+04
7.528282456228703086e+04
7.488853467139601707e+04
7.449641668297133583e+04
7.410668473355477909e+04
7.371955448584393889e+04
7.333524329001636943e+04
9.137603692527271050e+04
9.169992586808708438e+04
9.104767939537618076e+04
9.071495362323561858e+04
9.037796245082044334e+04
9.003681108060129918e+04
8.969160707468162582e+04
8.934246034987928579e+04
8.898948320940371195e+04
8.863279041286336724e+04
8.827249928196094697e+04
8.790872980341616494e+04
8.754160454455680156e+04
8.717124810858369165e+04
8.679777811831666622e+04
8.642119784926685679e+04
8.604159639116770995e+04
8.565876502667703608e+04
8.527225584834865003e+04
8.488484631817865011e+04
8.449600372455990873e+04
8.410516126192707452e+04
8.371242735751882719e+04
8.331788045128974773e+04
8.292146120602982410e+04
8.252343967149638047e+04
8.212417396516160807e+04
8.172373068334284471e+04
8.132192702503508190e+04
8.091883894383024017e+04
8.051479117663866782e+04
8.010996137574675959e+04
7.970480763020647282e+04
7.929981959054357139e+04
7.889497733688680455e+04
7.849032125062830164e+04
7.808606982662224618e+04
7.768238340715048253e+04
7.727946221576977405e+04
7.687746805959512130e+04
7.647659841249098827e+04
7.607706010013166815e+04
7.567906224955893413e+04
7.528281408293027198e+04
7.488852575605713355e+04
7.449640983627723472e+04
7.410668057651039271e+04
9.201924840468862385e+04
9.233390671304549323e+04
9.169992694936406042e+04
9.137603821579001669e+04
9.104768051507607743e+04
9.071495447365329892e+04
9.037796303963403625e+04
9.003681145976214611e+04
8.969160730517034244e+04
8.934246048896845605e+04
8.898948331613490882e+04
8.863279063369275536e+04
8.827250001292418165e+04
8.790873194499447709e+04
8.754160426603612723e+04
8.717099526179704117e+04
8.679707413444544363e+04
8.641963529484339233e+04
8.603794390286978160e+04
8.565443278557495796e+04
8.527040547776487074e+04
8.488442812675035384e+04
8.449622412615494977e+04
8.410582737023480877e+04
8.371328762790058681e+04
8.331859995163620624e+04
8.292215992417969392e+04
8.252416972746304236e+04
8.212462828515023284e+04
8.172357632923843630e+04
8.132129219580278732e+04
8.091797211380442604e+04
8.051392339259428263e+04
8.010947982183264685e+04
7.970478801227851363e+04
7.929990454237320228e+04
7.889504886991564126e+04
7.849039958765172923e+04
7.808613958400646516e+04
7.768244096702705428e+04
7.727948939675067959e+04
7.687747515994000423e+04
7.647659437083250668e+04
7.607705259906993888e+04
7.567905379552301019e+04
7.528280585230652650e+04
7.488851944250900124e+04
9.264380894415039802e+04
9.294886078166500374e+04
9.233390820812550373e+04
9.201925006954361743e+04
9.169992838936935004e+04
9.137603931044893397e+04
9.104768127444597485e+04
9.071495496249369171e+04
9.037796333527904062e+04
9.003681164043468016e+04
8.969160740714984422e+04
8.934246056207099173e+04
8.898948341025107948e+04
8.863279088140104432e+04
8.827249683845811523e+04
8.790843406847544247e+04
8.754059438071692421e+04
8.716894256474777649e+04
8.679316435630862543e+04
8.641385706718491565e+04
8.603456126931226754e+04
8.565407107185297355e+04
8.527117148729661130e+04
8.488566218085108267e+04
8.449768723196961218e+04
8.410720466518371541e+04
8.371430738384366850e+04
8.331937767445169447e+04
8.292251559204842488e+04
8.252395886469120160e+04
8.212400122527252825e+04
8.172282385119472747e+04
8.132058292361831991e+04
8.091755173130166077e+04
8.051379768319234427e+04
8.010947512494231341e+04
7.970479084945046634e+04
7.929993512006451783e+04
7.889509407454772736e+04
7.849044693208570243e+04
7.808617664611514192e+04
7.768246516429875919e+04
7.727949967585905688e+04
7.687747594826227578e+04
7.647659124084129871e+04
7.607704651408367499e+04
7.567904690573010885e+04
9.324897595358947001e+04
9.354406290175090544e+04
9.294886303051712457e+04
9.264381134283212305e+04
9.233391032691311557e+04
9.201925172285870940e+04
9.169992956165688520e+04
9.137604007846547756e+04
9.104768174422456650e+04
9.071495526523451554e+04
9.037796352048129484e+04
9.003681183746882016e+04
8.969160770485775720e+04
8.934246088766639878e+04
8.898946557842189213e+04
8.863249772743874928e+04
8.827136354127326922e+04
8.790616886373626767e+04
8.753653840850481356e+04
8.716298453969814000e+04
8.678832445226244454e+04
8.641329906043356459e+04
8.603617558834454394e+04
8.565615109939400281e+04
8.527329415981877537e+04
8.488774189396471775e+04
8.449921602647770487e+04
8.410812713841158256e+04
8.371466646025540831e+04
8.331908634494690341e+04
8.292188805751677137e+04
8.252341035671049030e+04
8.212357627165653685e+04
8.172261827424152580e+04
8.132055002426552528e+04
8.091750656130496645e+04
8.051375773715435935e+04
8.010945876166842936e+04
7.970479612724555773e+04
7.929995490034449904e+04
7.889511972787386912e+04
7.849047110490783234e+04
7.808619392772892024e+04
7.768247448189825809e+04
7.727950384748999204e+04
7.687747557822415547e+04
7.647658745405622176e+04
9.383404145557670563e+04
9.411882232551118068e+04
9.354406620111448865e+04
9.324897953649731062e+04
9.294886639425547037e+04
9.264381414111393678e+04
9.233391241486223589e+04
9.201925315790977038e+04
9.169993047402742377e+04
9.137604069492378039e+04
9.104768216082821891e+04
9.071495569145177433e+04
9.037796426915952179e+04
9.003681298885455180e+04
8.969160453609465912e+04
8.934215192341059446e+04
8.898839192192158953e+04
8.863020390717675036e+04
8.826764159088722954e+04
8.790072236041039287e+04
8.753158148632688972e+04
8.716179955719484133e+04
8.679047031040581351e+04
8.641629071004154684e+04
8.603895416152897815e+04
8.565878873077093158e+04
8.527539048555564659e+04
8.488891545497429615e+04
8.449971988308666914e+04
8.410788285448787792e+04
8.371397150430137117e+04
8.331862673187360633e+04
8.292180034286061709e+04
8.252335471508528281e+04
8.212361203985470638e+04
8.172260118368199619e+04
8.132048966219575959e+04
8.091748109659059264e+04
8.051374162844587408e+04
8.010945306828325556e+04
7.970479985295051301e+04
7.929996530735187116e+04
7.889513142899777449e+04
7.849048161199453170e+04
7.808620168167348311e+04
7.768247930528124562e+04
7.727950535344704986e+04
9.439833135542979289e+04
9.467248209802591009e+04
9.411882654016395099e+04
9.383404643120091350e+04
9.354407138136994035e+04
9.324898429357458372e+04
9.294887026427038654e+04
9.264381703359314997e+04
9.233391439247981180e+04
9.201925453501503216e+04
9.169993145028197614e+04
9.137604152938949119e+04
9.104768357560581353e+04
9.071495810638218245e+04
9.037796472391298448e+04
9.003643899447309377e+04
8.969050083045677457e+04
8.934007666469969263e+04
8.898502995354197628e+04
8.862574470666311390e+04
8.826314142634386371e+04
8.789912114535663568e+04
8.753351884128154779e+04
8.716530633387727721e+04
8.679378094049383071e+04
8.641934669465525076e+04
8.604149295339276432e+04
8.566025887412393058e+04
8.527608750991409761e+04
8.488893498178599111e+04
8.449903778842576139e+04
8.410733566157497989e+04
8.371406200534083473e+04
8.331886863576548058e+04
8.292194985132629517e+04
8.252349383578602283e+04
8.212366212310250557e+04
8.172261268564074999e+04
8.132048890312120784e+04
8.091747349536530965e+04
8.051373389279151161e+04
8.010944871697050985e+04
7.970480008179314609e+04
7.929996857240230020e+04
7.889513626518561796e+04
7.849048689511182602e+04
7.808620643633858708e+04
9.494120505919349671e+04
9.520441845269744226e+04
9.467248637998687627e+04
9.439833712519296387e+04
9.411883349377021659e+04
9.383405369212909136e+04
9.354407802050163446e+04
9.324898987926695554e+04
9.294887453471602930e+04
9.264382018213647825e+04
9.233391665632506192e+04
9.201925618985552865e+04
9.169993378402142844e+04
9.137604588518293167e+04
9.104768555355940771e+04
9.071449391846393701e+04
9.037662410610285588e+04
9.003451659377453325e+04
8.968773891918460140e+04
8.933648742611835769e+04
8.898150750316469930e+04
8.862410331620326906e+04
8.826458829623115889e+04
8.790245534655560914e+04
8.753699295726674609e+04
8.716853464028726739e+04
8.679656772047112463e+04
8.642101425557617040e+04
8.604235297566434019e+04
8.566064019887134782e+04
8.527566495517875592e+04
8.488823164938956324e+04
8.449898481574296602e+04
8.410769846563984174e+04
8.371425304112014419e+04
8.331897218394296942e+04
8.292201666655109148e+04
8.252353240822283260e+04
8.212369030727782228e+04
8.172262002269468212e+04
8.132049083345309191e+04
8.091746752702504455e+04
8.051372645943956741e+04
8.010944425323729229e+04
7.970479859672383463e+04
7.929996955595506006e+04
7.889513945967663312e+04
9.546205536067513458e+04
9.571404023094852164e+04
9.520442173840590112e+04
9.494121024981756636e+04
9.467249388114501198e+04
9.439834626858615957e+04
9.411884303533042839e+04
9.383406294902092486e+04
9.354408619389991509e+04
9.324899668458977249e+04
9.294887982241254940e+04
9.264382402622315567e+04
9.233392053915616998e+04
9.201926356472173939e+04
9.169989425139536615e+04
9.137558313060716318e+04
9.104608573656901717e+04
9.071236335143160250e+04
9.037454167697812954e+04
9.003190386910812231e+04
8.968523144157027127e+04
8.933517860236925480e+04
8.898248085156430898e+04
8.862685612116301490e+04
8.826777664217946585e+04
8.790550667680066545e+04
8.753974345303895825e+04
8.717027887545854901e+04
8.679748728303499229e+04
8.642163926722604083e+04
8.604241637517166964e+04
8.565999739595538995e+04
8.527534938409755705e+04
8.488849142843061418e+04
8.449920383029789082e+04
8.410773954309413966e+04
8.371429064286961511e+04
8.331901090719223430e+04
8.292205510414637683e+04
8.252356631929489959e+04
8.212370799481934228e+04
8.172262615062887198e+04
8.132048693042283412e+04
8.091746163448020525e+04
8.051372127445536898e+04
8.010944045241287677e+04
7.970479709231092420e+04
9.596030792577809189e+04
9.620078834136051591e+04
9.571404242131223145e+04
9.546205907516596199e+04
9.520442782144578814e+04
9.494121898556039378e+04
9.467250448933530424e+04
9.439835833191446727e+04
9.411885552793806710e+04
9.383407529682033055e+04
9.354409723530482734e+04
9.324900595539600181e+04
9.294888758205289196e+04
9.264383692049641104e+04
9.233391645644094388e+04
9.201889439261511143e+04
9.169841265043934982e+04
9.137293811846450262e+04
9.104426304716644518e+04
9.071098807787419355e+04
9.037299991779726406e+04
9.003117033901765535e+04
8.968589044328492309e+04
8.933733918067078048e+04
8.898531528162948962e+04
8.862940843467060768e+04
8.827009723565366585e+04
8.790712837069010129e+04
8.754066750186852005e+04
8.717101223174498591e+04
8.679799854736230918e+04
8.642139896411607333e+04
8.604195220157476433e+04
8.566003588238848897e+04
8.527552146809121768e+04
8.488850799968450156e+04
8.449919905879341241e+04
8.410774859453458339e+04
8.371431141863824450e+04
8.331903714872094861e+04
8.292207852695148904e+04
8.252358546718208527e+04
8.212371364239203103e+04
8.172262494846107438e+04
8.132048357583396137e+04
8.091745701542322058e+04
8.051371658621914685e+04
9.643541986287625332e+04
9.666413525869918521e+04
9.620079060387925711e+04
9.596031078548480582e+04
9.571404634487659496e+04
9.546206524772506964e+04
9.520443651347044215e+04
9.494123048572069092e+04
9.467251845175992639e+04
9.439837531345985190e+04
9.411887352735822788e+04
9.383409359196720470e+04
9.354411396973668889e+04
9.324903059414146992e+04
9.294890169231499021e+04
9.264359443711156200e+04
9.233274925453639298e+04
9.201636916801276675e+04
9.169638242668910243e+04
9.137262637819506926e+04
9.104398223228902498e+04
9.071079965590512438e+04
9.037363989014946856e+04
9.003271052301234158e+04
8.968807628500605642e+04
8.933930259896308417e+04
8.898680792992851639e+04
8.863063605175811972e+04
8.827095554477749101e+04
8.790795097431296017e+04
8.754145903961494332e+04
8.717129597556577937e+04
8.679768028617311211e+04
8.642127428427145060e+04
8.604204487729317043e+04
8.566006943706728634e+04
8.527550333322719962e+04
8.488849556548074179e+04
8.449919716324839101e+04
8.410775783792573202e+04
8.371432501365315693e+04
8.331905130354803987e+04
8.292208810221073509e+04
8.252358977719026734e+04
8.212371473082962621e+04
8.172262351322523318e+04
8.132048014740653161e+04
9.688687856484838994e+04
9.710358455933594087e+04
9.666413853702064080e+04
9.643542323970259167e+04
9.620079390552495897e+04
9.596031478100318054e+04
9.571405163028225070e+04
9.546207240291241033e+04
9.520444681139673048e+04
9.494124750769835373e+04
9.467253895967191784e+04
9.439840122782393883e+04
9.411890224688446324e+04
9.383413688224437647e+04
9.354414314910951362e+04
9.324879882342489145e+04
9.294798739206134633e+04
9.264165799913751835e+04
9.233049296116204641e+04
9.201605242025591724e+04
9.169710986884032900e+04
9.137318127368779096e+04
9.104468469911931606e+04
9.071196983300214924e+04
9.037516808245099674e+04
9.003417606251638790e+04
8.968906898902011744e+04
8.934006367880367907e+04
8.898744680336724559e+04
8.863150773300038418e+04
8.827200130262288440e+04
8.790864678775402717e+04
8.754151307602894667e+04
8.717113503901009972e+04
8.679772235832543811e+04
8.642131271439997363e+04
8.604204421487350191e+04
8.566005993281422707e+04
8.527549320574291050e+04
8.488849099589759135e+04
8.449919785951676022e+04
8.410776126068730082e+04
8.371433044434789917e+04
8.331905588470672956e+04
8.292209116742432525e+04
8.252359156268740480e+04
8.212371504903513414e+04
9.731420199228035926e+04
9.751867047452337283e+04
9.710358789940031420e+04
9.688688262164162006e+04
9.666414276319999772e+04
9.643542750139243435e+04
9.620079812028208107e+04
9.596031864225184836e+04
9.571405628528266971e+04
9.546207698233604606e+04
9.520446000013622688e+04
9.494127155337693694e+04
9.467257168752350844e+04
9.439845764207236061e+04
9.411891990071440523e+04
9.383387217944728036e+04
9.354322216315787227e+04
9.324720931262591330e+04
9.294614758569690457e+04
9.264088565284771903e+04
9.233151899712481827e+04
9.201728901196911465e+04
9.169806508963713713e+04
9.137415409290412208e+04
9.104590484108758392e+04
9.071311582581563562e+04
9.037595729855397076e+04
9.003466180983233789e+04
8.968946858717153373e+04
8.934080554534029216e+04
8.898867951884721697e+04
8.863254441315431905e+04
8.827241844859381672e+04
8.790862417278182693e+04
8.754152417403075378e+04
8.717117959591583349e+04
8.679774258699479105e+04
8.642131845577464264e+04
8.604204466534372477e+04
8.566005555602285312e+04
8.527548956567917776e+04
8.488848845756621449e+04
8.449919691746437456e+04
8.410776155455506523e+04
8.371433148019152577e+04
8.331905767430244305e+04
8.292209352201739966e+04
9.771693951074038341e+04
9.790895745888857346e+04
9.751867165921417472e+04
9.731420493999292376e+04
9.710359215434378712e+04
9.688688822344738583e+04
9.666414898656017613e+04
9.643543218889762647e+04
9.620080155674314301e+04
9.596032091517692606e+04
9.571405903651937842e+04
9.546208090568264015e+04
9.520447938057448482e+04
9.494131909640855156e+04
9.467261619953105401e+04
9.439820526935621456e+04
9.411796934208483435e+04
9.383237947609723778e+04
9.354168769163097022e+04
9.324635536907178175e+04
9.294666156767163193e+04
9.264226864674367243e+04
9.233279249164914654e+04
9.201826794846814300e+04
9.169913654836696514e+04
9.137516573615318339e+04
9.104650159325060667e+04
9.071344674263817433e+04
9.037627835297961428e+04
9.003521860283415299e+04
8.969060693858849118e+04
8.934208802217386256e+04
8.898939213776907127e+04
8.863271675995097030e+04
8.827243239254456421e+04
8.790866821405489463e+04
8.754155351040710229e+04
8.717120403014350450e+04
8.679775563109036011e+04
8.642132460369940964e+04
8.604204595308048010e+04
8.566005359042715281e+04
8.527548631223285338e+04
8.488848540648144262e+04
8.449919478275986330e+04
8.410776078869668709e+04
8.371433248636139615e+04
9.809467169125791406e+04
9.827403979283173976e+04
9.790895543422435003e+04
9.771693930673303839e+04
9.751867328712542076e+04
9.731420925873082888e+04
9.710359952049212006e+04
9.688689744445774704e+04
9.666415779190066678e+04
9.643543934356026875e+04
9.620080399730319914e+04
9.596031999086796714e+04
9.571405939159572881e+04
9.546208589475440385e+04
9.520453833584323002e+04
9.494123655492148828e+04
9.467176486425629992e+04
9.439669846265915839e+04
9.411665102029772243e+04
9.383164518554271490e+04
9.354197784393977781e+04
9.324755038853680890e+04
9.294808060704723175e+04
9.264339734923576179e+04
9.233385167515702778e+04
9.201925919879075082e+04
9.169968634267254674e+04
9.137537709946838731e+04
9.104675118190259673e+04
9.071396535042719916e+04
9.037713516339396301e+04
9.003640489910698670e+04
8.969149044624413364e+04
8.934242189917957876e+04
8.898944023169098364e+04
8.863274536899990926e+04
8.827245618882525014e+04
8.790869085853321303e+04
8.754157208146684570e+04
8.717122143805889937e+04
8.679776419893569255e+04
8.642132818699863856e+04
8.604204546436069359e+04
8.566005115509060852e+04
8.527548324956237047e+04
8.488848261590176844e+04
8.449919316367171996e+04
9.844700858864038310e+04
9.861354122983675916e+04
9.827403591806757322e+04
9.809466830291964288e+04
9.790895289501850493e+04
9.771693881563066680e+04
9.751867712274756923e+04
9.731421767509385245e+04
9.710361184450188011e+04
9.688691185178259911e+04
9.666417135128630616e+04
9.643544670971848245e+04
9.620080381309358927e+04
9.596032064398938383e+04
9.571411336584342644e+04
9.546216970439272700e+04
9.520396948795767094e+04
9.493976959485346742e+04
9.467046843230749073e+04
9.439615662580325443e+04
9.411685670185544586e+04
9.383264031261065975e+04
9.354334599634089682e+04
9.324879717038063973e+04
9.294920455743175989e+04
9.264443000771546212e+04
9.233446701628289884e+04
9.201945347450574627e+04
9.169975360614813690e+04
9.137579889424245630e+04
9.104743240153069200e+04
9.071472751182550564e+04
9.037786097538824833e+04
9.003679428582447872e+04
8.969158720412263938e+04
8.934243454041420773e+04
8.898945437692903215e+04
8.863276107327024511e+04
8.827247178926788911e+04
8.790870600076025585e+04
8.754158420575206401e+04
8.717122962902048312e+04
8.679776824441137433e+04
8.642132917355005338e+04
8.604204437901609344e+04
8.566004880213034630e+04
8.527548058092551946e+04
9.877358843930425064e+04
9.892711468727148895e+04
9.861353799677133793e+04
9.844700424509278673e+04
9.827403062627725012e+04
9.809466287764233130e+04
9.790894953379582148e+04
9.771694002125876432e+04
9.751868442674136895e+04
9.731423198592559493e+04
9.710363345070387004e+04
9.688693479348935944e+04
9.666419305188713770e+04
9.643547043513615790e+04
9.620087063256611873e+04
9.596046128445980139e+04
9.571397315407260612e+04
9.546108182941745326e+04
9.520260784410788619e+04
9.493920480357094493e+04
9.467064675368105236e+04
9.439694006756751332e+04
9.411805328968474350e+04
9.383385677915414271e+04
9.354449551872414304e+04
9.324986457843228709e+04
9.294990482448269904e+04
9.264466546677979932e+04
9.233436281348524790e+04
9.201950443556475511e+04
9.170024512008583406e+04
9.137620109682774637e+04
9.104767519495372835e+04
9.071495052379515255e+04
9.037796235836925916e+04
9.003680323065171251e+04
8.969159341556178697e+04
8.934244301005091984e+04
8.898946411347943649e+04
8.863277153595886193e+04
8.827248229470453225e+04
8.790871507370233303e+04
8.754159101570009079e+04
8.717123392835166305e+04
8.679777022384693555e+04
8.642132913499271672e+04
8.604204297888273140e+04
9.907407780582259875e+04
9.921444195695001690e+04
9.892711352577207435e+04
9.877358562420458475e+04
9.861353308230557013e+04
9.844699730047954654e+04
9.827402231220749673e+04
9.809465544520114781e+04
9.790894540752848843e+04
9.771694248728598177e+04
9.751870114366420603e+04
9.731425620181602426e+04
9.710367064909932378e+04
9.688699516106810188e+04
9.666428107348024787e+04
9.643569084708821902e+04
9.620102112962474348e+04
9.595992796091501077e+04
9.571264618408631941e+04
9.546016837207430217e+04
9.520261380238241691e+04
9.493977405993441062e+04
9.467159540344188281e+04
9.439800737452848989e+04
9.411911426183026924e+04
9.383486663930246141e+04
9.354520924570864008e+04
9.325010416893304500e+04
9.294969081933049893e+04
9.264429705187905347e+04
9.233441010505858867e+04
9.201970513437216869e+04
9.170004508301288297e+04
9.137604641668805561e+04
9.104768996520405926e+04
9.071496155755237851e+04
9.037796323238982586e+04
9.003680594450677745e+04
8.969159789066552185e+04
8.934244852460974653e+04
8.898947074971742404e+04
8.863277873053979420e+04
8.827248902718552563e+04
8.790872065874854161e+04
8.754159506169891392e+04
8.717123625521729991e+04
8.679777113777643535e+04
9.934817221366103331e+04
9.947523342511807277e+04
9.921444264825344726e+04
9.907407739514333662e+04
9.892711117311134876e+04
9.877358081912406487e+04
9.861352539537787379e+04
9.844698669375288591e+04
9.827400998101511505e+04
9.809464378600912460e+04
9.790893683691858314e+04
9.771694577442744048e+04
9.751872332370560616e+04
9.731431650352843280e+04
9.710375021999936143e+04
9.688717582984111505e+04
9.666463592767294904e+04
9.643565543599483499e+04
9.620003535922757874e+04
9.595862307103814965e+04
9.571215245219659118e+04
9.546046382064178761e+04
9.520333885886722419e+04
9.494067347793934459e+04
9.467251000142202247e+04
9.439886755603214260e+04
9.411972925868105085e+04
9.383506871682289056e+04
9.354491247154994926e+04
9.324949548981660337e+04
9.294924190569430357e+04
9.264426989587472053e+04
9.233410141776503588e+04
9.201923332728970854e+04
9.169992992687180231e+04
9.137605090423721413e+04
9.104769092142918089e+04
9.071495966779782611e+04
9.037796307427615102e+04
9.003680735855374951e+04
8.969160052166481910e+04
8.934245261557186313e+04
8.898947552717487270e+04
8.863278352082644415e+04
8.827249330407014349e+04
8.790872403486176336e+04
8.754159765656680975e+04
9.959559628049355524e+04
9.970922782093340356e+04
9.947523510474675277e+04
9.934817361771578726e+04
9.921444295538462757e+04
9.907407603637241118e+04
9.892710745947695978e+04
9.877357373182922311e+04
9.861351383359456668e+04
9.844697029325053154e+04
9.827398926314192067e+04
9.809462120726153080e+04
9.790890948635357199e+04
9.771694537431023491e+04
9.751874538178388320e+04
9.731434304518082354e+04
9.710402775389091403e+04
9.688751624392204394e+04
9.666405178401414014e+04
9.643413209955785715e+04
9.619887211338087218e+04
9.595848364680020313e+04
9.571270274219394196e+04
9.546129566381622863e+04
9.520417410839971853e+04
9.494142302044846292e+04
9.467301042891097313e+04
9.439899515340405924e+04
9.411940422218157619e+04
9.383438841812631290e+04
9.354422683379564842e+04
9.324921996538892563e+04
9.294907223769275879e+04
9.264376159608586750e+04
9.233389493615472747e+04
9.201925712147197919e+04
9.169993987519860093e+04
9.137604953731007117e+04
9.104768800308770733e+04
9.071495770146789437e+04
9.037796241184195969e+04
9.003680817082147405e+04
8.969160264223658305e+04
8.934245547258445004e+04
8.898947861727145209e+04
8.863278649383121228e+04
8.827249620367922762e+04
9.981610294857707049e+04
9.991619199518987443e+04
9.970922977897462260e+04
9.959559853348821343e+04
9.947523703235339781e+04
9.934817489598090469e+04
9.921444314704445424e+04
9.907407434469573491e+04
9.892710243445460219e+04
9.877356338356307242e+04
9.861349603179674887e+04
9.844694208669150248e+04
9.827395407040882856e+04
9.809457534087613749e+04
9.790888040086776891e+04
9.771684157370706089e+04
9.751875915139471181e+04
9.731473735276907973e+04
9.710388709982205182e+04
9.688606604168548074e+04
9.666235825561849924e+04
9.643344498411775567e+04
9.619921074249663798e+04
9.595935150158044416e+04
9.571360549466387602e+04
9.546211009788497176e+04
9.520473877611082571e+04
9.494153997733783035e+04
9.467271229988888081e+04
9.439837774131959304e+04
9.411874370220121637e+04
9.383402405736323271e+04
9.354418569299839146e+04
9.324897683801937092e+04
9.294885417880590830e+04
9.264382313979852188e+04
9.233392227552965051e+04
9.201926185144712508e+04
9.169993811203095538e+04
9.137604641464310407e+04
9.104768517026559857e+04
9.071495577887857507e+04
9.037796179701259825e+04
9.003680870419584971e+04
8.969160390592273325e+04
8.934245715375784494e+04
8.898948075229029928e+04
1.000094730326142599e+05
1.000959207267796592e+05
9.991619364330556709e+04
9.981610522672830848e+04
9.970923226222330413e+04
9.959560114924349182e+04
9.947523958680080250e+04
9.934817705631139688e+04
9.921444410537321528e+04
9.907407274492514262e+04
9.892709588203793101e+04
9.877354818826557312e+04
9.861346651703474345e+04
9.844690009118079615e+04
9.827387994233811332e+04
9.809444845080668165e+04
9.790862586408872448e+04
9.771698605125017639e+04
9.751889736544158950e+04
9.731368512794074195e+04
9.710204253553366289e+04
9.688491811446077190e+04
9.666243827796359255e+04
9.643435245014942484e+04
9.620029595178732416e+04
9.596041940496586903e+04
9.571450148819196329e+04
9.546248410957399756e+04
9.520452586314453220e+04
9.494103980744785804e+04
9.467220032172340143e+04
9.439812239828855672e+04
9.411880180459788244e+04
9.383408863355958601e+04
9.354408866220066557e+04
9.324901695532875601e+04
9.294889284632199269e+04
9.264382913126180938e+04
9.233392168662456970e+04
9.201925971728529839e+04
9.169993504832139297e+04
9.137604315202152065e+04
9.104768247110959783e+04
9.071495409257936990e+04
9.037796110044336820e+04
9.003680875822447706e+04
8.969160480989515781e+04
1.001755153468656354e+05
1.002482365460327128e+05
1.000959215933529777e+05
1.000094746742556308e+05
9.991619578246360470e+04
9.981610803412547102e+04
9.970923579470506229e+04
9.959560530503722839e+04
9.947524390356765070e+04
9.934818108878505882e+04
9.921444694414264814e+04
9.907407227410860651e+04
9.892708758897295047e+04
9.877352916750514123e+04
9.861344318821043998e+04
9.844684193907241570e+04
9.827367136125045363e+04
9.809431709548177605e+04
9.790879169464594452e+04
9.771639205403804954e+04
9.751732689637581643e+04
9.731237494628445711e+04
9.710191021270432975e+04
9.688580468121054582e+04
9.666370749216678087e+04
9.643576110558780783e+04
9.620169209375388164e+04
9.596129928515607025e+04
9.571462530446604069e+04
9.546204326587490505e+04
9.520412670005735708e+04
9.494089806282729842e+04
9.467235023973433999e+04
9.439832938412984367e+04
9.411886050945927855e+04
9.383410273685936409e+04
9.354411768671561731e+04
9.324901310062443372e+04
9.294888587531616213e+04
9.264382488504728826e+04
9.233391829098045127e+04
9.201925619251513854e+04
9.169993145704235940e+04
9.137603998323953419e+04
9.104768014135897101e+04
9.071495259734748106e+04
9.037796064125082921e+04
1.003140665504129865e+05
1.003729895805512060e+05
1.002482366654660436e+05
1.001755160595630441e+05
1.000959227376071503e+05
1.000094765086633852e+05
9.991619893573202717e+04
9.981611272326462495e+04
9.970924163391224283e+04
9.959561209537267860e+04
9.947525130683272437e+04
9.934818894471616659e+04
9.921445381988841109e+04
9.907407463060702139e+04
9.892711555572628276e+04
9.877358645060700655e+04
9.861346754608910123e+04
9.844665426323607971e+04
9.827357123263442190e+04
9.809396646261529531e+04
9.790769447748512903e+04
9.771526920155833068e+04
9.751710190447852074e+04
9.731318442891059385e+04
9.710327419531899795e+04
9.688749037334036257e+04
9.666559641353816551e+04
9.643725405290140770e+04
9.620234525148927059e+04
9.596104168872104492e+04
9.571409718434129900e+04
9.546188719420686539e+04
9.520426048889767844e+04
9.494113217304082355e+04
9.467248062812077114e+04
9.439837480572263303e+04
9.411887894820242946e+04
9.383408843864260416e+04
9.354410045173617254e+04
9.324900123741821153e+04
9.294887829895205505e+04
9.264381952918297611e+04
9.233391380513722834e+04
9.201925218404225598e+04
9.169992810779584397e+04
9.137603742611040070e+04
9.104767849764658604e+04
1.004249906486628315e+05
1.004700574385571526e+05
1.003729895003554993e+05
1.003140666623107827e+05
1.002482368085105409e+05
1.001755163876263978e+05
1.000959242096400558e+05
1.000094799164626165e+05
9.991620442211220507e+04
9.981612059991987189e+04
9.970925107603863580e+04
9.959562335673230700e+04
9.947526434907071234e+04
9.934819890480260074e+04
9.921448391951818485e+04
9.907421508647956944e+04
9.892729166698765766e+04
9.877362565806026396e+04
9.861318125161381613e+04
9.844625529903295683e+04
9.827282881859810732e+04
9.809315876863226003e+04
9.790752006934735982e+04
9.771598198374411731e+04
9.751841111298394389e+04
9.731495913023721369e+04
9.710541906382894376e+04
9.688950678819658060e+04
9.666682715895566798e+04
9.643728043506566610e+04
9.620160200011562847e+04
9.596053404355375096e+04
9.571400784052391828e+04
9.546196737581431807e+04
9.520435923988476861e+04
9.494120802969489887e+04
9.467251538646414701e+04
9.439836541396593384e+04
9.411885861184280657e+04
9.383407151688321028e+04
9.354408723043165810e+04
9.324899145852691436e+04
9.294887112791281834e+04
9.264381396276607120e+04
9.233390940855060762e+04
9.201924889183048799e+04
9.169992586041882169e+04
1.005081787729755888e+05
1.005393451191697241e+05
1.004700576541049086e+05
1.004249908017630951e+05
1.003729892979798606e+05
1.003140661058435653e+05
1.002482363286028267e+05
1.001755169324275921e+05
1.000959270612229157e+05
1.000094868465914769e+05
9.991621355384228809e+04
9.981613280633113754e+04
9.970926656583756267e+04
9.959563598183727299e+04
9.947526433107930643e+04
9.934835527428107162e+04
9.921475285465351772e+04
9.907437510948150884e+04
9.892708947684253508e+04
9.877302385540865362e+04
9.861249310429712932e+04
9.844566929203366453e+04
9.827273904108903662e+04
9.809375364556687418e+04
9.790863695415167604e+04
9.771760235495353118e+04
9.752047552561311750e+04
9.731708098902388883e+04
9.710702691678029078e+04
9.688982968318862549e+04
9.666580476762396574e+04
9.643617541283107130e+04
9.620106018114076869e+04
9.596022819401549350e+04
9.571395373603589542e+04
9.546201248308306094e+04
9.520440747014556837e+04
9.494121063073347614e+04
9.467249835160275688e+04
9.439835236040783639e+04
9.411884588329237886e+04
9.383405939190297795e+04
9.354407685986807337e+04
9.324898325521683728e+04
9.294886480607262638e+04
9.264380941644481209e+04
9.233390670121466974e+04
1.005635493867254700e+05
1.005807849376887316e+05
1.005393456709007587e+05
1.005081793114946922e+05
1.004700577647924511e+05
1.004249903364382189e+05
1.003729881776558032e+05
1.003140647291792702e+05
1.002482358717394673e+05
1.001755181976318127e+05
1.000959318732717657e+05
1.000094949412780115e+05
9.991622790686470398e+04
9.981614837275251921e+04
9.970927234684856376e+04
9.959575667353662720e+04
9.947556213502067840e+04
9.934852927334651758e+04
9.921463902399221843e+04
9.907381058094778564e+04
9.892633862705646607e+04
9.877248410150954442e+04
9.861240982591996726e+04
9.844613793418010755e+04
9.827359750536656065e+04
9.809502438946197799e+04
9.791034298284882971e+04
9.771940738739968219e+04
9.752207194164837711e+04
9.731763505833287491e+04
9.710584127348299080e+04
9.688801257174044440e+04
9.666467768892628374e+04
9.643556170901737642e+04
9.620074771060176136e+04
9.596025592783407774e+04
9.571400512007187353e+04
9.546203662010371045e+04
9.520441273453163740e+04
9.494120822588090959e+04
9.467249440982723900e+04
9.439834478628047509e+04
9.411883604642954015e+04
9.383404985942662461e+04
9.354406865629104141e+04
9.324897684234932240e+04
9.294886076753260568e+04
1.005910484297041112e+05
1.005943364641088847e+05
1.005807856227977900e+05
1.005635502161858749e+05
1.005393462270044693e+05
1.005081794024026603e+05
1.004700572291664575e+05
1.004249890223238035e+05
1.003729861486021400e+05
1.003140627186442143e+05
1.002482350060604076e+05
1.001755199042751774e+05
1.000959391519026831e+05
1.000095125050688366e+05
9.991623681715560087e+04
9.981620865145871358e+04
9.970949687665085366e+04
9.959590267940185731e+04
9.947542971061759454e+04
9.934809827804261295e+04
9.921394521924767469e+04
9.907325740770298580e+04
9.892619429614786350e+04
9.877281094435912382e+04
9.861302026948035927e+04
9.844700782194222847e+04
9.827480795109046448e+04
9.809629459916702763e+04
9.791146986638021190e+04
9.771994330156441720e+04
9.752100474694003060e+04
9.731533739651030919e+04
9.710414569985958224e+04
9.688713339721824741e+04
9.666415164054138586e+04
9.643538248099457996e+04
9.620075049822706205e+04
9.596027917416287528e+04
9.571402177316635789e+04
9.546204453773684509e+04
9.520441759112238651e+04
9.494120921731476847e+04
9.467249061279151647e+04
9.439833755913644563e+04
9.411882823120984540e+04
9.383404253155208426e+04
9.354406288524124830e+04
1.005906491540281131e+05
1.005799864855392370e+05
1.005943371619940735e+05
1.005910493451858783e+05
1.005807863980180555e+05
1.005635507179056440e+05
1.005393463604719145e+05
1.005081790075076715e+05
1.004700560781084205e+05
1.004249868960447639e+05
1.003729829013709677e+05
1.003140590106049058e+05
1.002482330360283813e+05
1.001755207035105414e+05
1.000959251754531870e+05
1.000095268157395039e+05
9.991636408856212802e+04
9.981630664270813577e+04
9.970930347783757315e+04
9.959550294547430531e+04
9.947490569207305089e+04
9.934760264628201548e+04
9.921375982674238912e+04
9.907344993625341158e+04
9.892662763152107073e+04
9.877336765234409540e+04
9.861375712534015474e+04
9.844776445162449090e+04
9.827537429215385055e+04
9.809662396141995850e+04
9.791079306832571456e+04
9.771780663347723021e+04
9.751899772479063540e+04
9.731439016572078981e+04
9.710364667850878322e+04
9.688686813184070343e+04
9.666411584131256677e+04
9.643539512098417617e+04
9.620076864487830608e+04
9.596029210718808463e+04
9.571403164916619426e+04
9.546205166684153664e+04
9.520442035670427140e+04
9.494120712136861403e+04
9.467248587160785974e+04
9.439833172479465429e+04
9.411882230256602634e+04
1.005623519673678529e+05
1.005377489947617869e+05
1.005799871792840277e+05
1.005906500693672424e+05
1.005943379733353358e+05
1.005910499643276416e+05
1.005807868108827970e+05
1.005635509148056008e+05
1.005393462313805212e+05
1.005081782781728980e+05
1.004700542655827594e+05
1.004249833410592983e+05
1.003729770689233410e+05
1.003140445409146341e+05
1.002481917539032438e+05
1.001754798082065099e+05
1.000959705373527686e+05
1.000095418903990212e+05
9.991612639015028253e+04
9.981586569035916182e+04
9.970888467967837641e+04
9.959515729348578316e+04
9.947474426890096220e+04
9.934771391515398864e+04
9.921408127414679620e+04
9.907383571077835222e+04
9.892702093712170608e+04
9.877373000091766880e+04
9.861392754780076211e+04
9.844777250679997087e+04
9.827505424765397038e+04
9.809520840963099909e+04
9.790898577274131821e+04
9.771693142055433418e+04
9.751871542146739375e+04
9.731421809582610149e+04
9.710359274304022256e+04
9.688687218724866398e+04
9.666412534754288208e+04
9.643540682590963843e+04
9.620077843635178579e+04
9.596030076070311770e+04
9.571403768316254718e+04
9.546205405482708011e+04
9.520441941096169467e+04
9.494120440493318893e+04
9.467248206751256657e+04
1.005061844646423560e+05
1.004676652049450931e+05
1.005377496781247319e+05
1.005623528741097107e+05
1.005799879817155743e+05
1.005906506885997951e+05
1.005943384091054177e+05
1.005910502632654825e+05
1.005807870283397642e+05
1.005635510372801655e+05
1.005393460570764873e+05
1.005081772480536602e+05
1.004700513570610347e+05
1.004249711681028275e+05
1.003729258112797979e+05
1.003139574096233555e+05
1.002481560661374824e+05
1.001754454859172110e+05
1.000957173677135288e+05
1.000090859925424447e+05
9.991571648543021001e+04
9.981564431860328477e+04
9.970882380838129029e+04
9.959526326377013174e+04
9.947501648725497944e+04
9.934804180230223574e+04
9.921431591268644843e+04
9.907393911953974748e+04
9.892700018437026301e+04
9.877355669797516020e+04
9.861379488762623805e+04
9.844723462570960692e+04
9.827390396608704759e+04
9.809449788540966983e+04
9.790891937346803024e+04
9.771695298783057660e+04
9.751869125395132869e+04
9.731421523161658843e+04
9.710359039601952827e+04
9.688687574476482405e+04
9.666413044652684766e+04
9.643541357891728694e+04
9.620078466335649136e+04
9.596030487527868536e+04
9.571403922876682191e+04
9.546205416593053087e+04
9.520441841909459617e+04
1.004222014678849810e+05
1.003698035827662097e+05
1.004676658518775512e+05
1.005061853453972290e+05
1.005377504626542795e+05
1.005623534803990042e+05
1.005799884047452215e+05
1.005906509587066394e+05
1.005943385829743929e+05
1.005910504244240728e+05
1.005807872622987488e+05
1.005635513250638614e+05
1.005393460286214249e+05
1.005081735417375021e+05
1.004700133765806240e+05
1.004248697148294159e+05
1.003728280314668664e+05
1.003138926149548497e+05
1.002479477184756106e+05
1.001750374776547542e+05
1.000953294591521844e+05
1.000089161849731609e+05
9.991576254878565669e+04
9.981581150595236977e+04
9.970909258836961817e+04
9.959559295377852686e+04
9.947524380094761727e+04
9.934805052730061288e+04
9.921419235084112734e+04
9.907376856266800314e+04
9.892691846249112859e+04
9.877356380024338432e+04
9.861338349051678961e+04
9.844678955298656365e+04
9.827392104107938940e+04
9.809466893704487302e+04
9.790895965354127111e+04
9.771695126791257644e+04
9.751868386562801606e+04
9.731421030104132660e+04
9.710358846351457760e+04
9.688687733755132649e+04
9.666413390706042992e+04
9.643541680752432148e+04
9.620078674481222697e+04
9.596030637236103939e+04
9.571404020396030683e+04
1.003104850613161834e+05
1.002442599041173235e+05
1.003698041235391283e+05
1.004222022676570341e+05
1.004676665808031830e+05
1.005061859177308361e+05
1.005377508683698979e+05
1.005623537420446955e+05
1.005799885499639204e+05
1.005906510221004719e+05
1.005943386307446635e+05
1.005910505877089890e+05
1.005807877151001157e+05
1.005635514677881147e+05
1.005393247640856571e+05
1.005080904170522117e+05
1.004698918037783587e+05
1.004247833701851196e+05
1.003726901576919918e+05
1.003135942448420828e+05
1.002476262355100334e+05
1.001748980620839720e+05
1.000954301987375511e+05
1.000091559827466990e+05
9.991605666513129836e+04
9.981616078785975697e+04
9.970938607793599658e+04
9.959565729063922481e+04
9.947507690534368157e+04
9.934788599005462311e+04
9.921416245380498003e+04
9.907393557125254301e+04
9.892699995246897743e+04
9.877341760615872045e+04
9.861340753512211086e+04
9.844694190817943309e+04
9.827400294875004329e+04
9.809466336580166535e+04
9.790895916174065496e+04
9.771694844043788908e+04
9.751867946211538219e+04
9.731420673945984163e+04
9.710358758458202647e+04
9.688687772736536863e+04
9.666413467673027480e+04
9.643541788009728771e+04
9.620078833317283716e+04
1.001711446656708576e+05
1.000911573325842182e+05
1.002442601961614710e+05
1.003104856584637892e+05
1.003698047002360108e+05
1.004222027355777100e+05
1.004676669201261684e+05
1.005061861444226961e+05
1.005377510064821108e+05
1.005623538041172433e+05
1.005799885424897075e+05
1.005906509587596374e+05
1.005943386104871024e+05
1.005910508389603783e+05
1.005807782403828896e+05
1.005634953927917959e+05
1.005392117249113362e+05
1.005080005090644554e+05
1.004698123730854713e+05
1.004246150835525914e+05
1.003724687075581314e+05
1.003134891989735188e+05
1.002477299315521814e+05
1.001751630434533581e+05
1.000957386259485502e+05
1.000095102771459060e+05
9.991640866650927637e+04
9.981632651182667178e+04
9.970926014446698537e+04
9.959541861208876071e+04
9.947503821823796898e+04
9.934804912551387679e+04
9.921436978331441060e+04
9.907398255890798464e+04
9.892702063095715130e+04
9.877351898563253053e+04
9.861348994118218252e+04
9.844697436245398421e+04
9.827402234422683250e+04
9.809466943186566641e+04
9.790896152045503550e+04
9.771694593213882763e+04
9.751867582649881660e+04
9.731420444690290606e+04
9.710358603262761608e+04
9.688687692960190179e+04
9.666413528077812225e+04
1.000043171862286545e+05
9.991064652279573784e+04
1.000911571910381172e+05
1.001711448628987855e+05
1.002442604300440144e+05
1.003104858480304683e+05
1.003698048354959610e+05
1.004222028231615695e+05
1.004676669745246181e+05
1.005061861687033088e+05
1.005377510093611054e+05
1.005623537566087762e+05
1.005799884184864350e+05
1.005906509580640704e+05
1.005943382715548651e+05
1.005910274304606719e+05
1.005806886989144114e+05
1.005634104047196452e+05
1.005391718764229008e+05
1.005079242768163676e+05
1.004696862345027039e+05
1.004245356216847285e+05
1.003725419078312116e+05
1.003137162238641758e+05
1.002480128135705745e+05
1.001754831330995075e+05
1.000960941755944659e+05
1.000097426568923838e+05
9.991635393347802164e+04
9.981603479028040601e+04
9.970908807797341433e+04
9.959552736304338032e+04
9.947520028855302371e+04
9.934813274554756936e+04
9.921439481318595062e+04
9.907403348098229617e+04
9.892707365654849855e+04
9.877355459408524621e+04
9.861351484088382858e+04
9.844699350061475707e+04
9.827403356436861213e+04
9.809467380451843201e+04
9.790896039111986465e+04
9.771694353698870691e+04
9.751867317676045059e+04
9.731420187301466649e+04
9.710358460800351168e+04
9.981016723123918928e+04
9.970290574895085592e+04
9.991064592435675149e+04
1.000043168317300297e+05
1.000911568352566537e+05
1.001711444574567140e+05
1.002442600387785933e+05
1.003104855188517686e+05
1.003698045991986291e+05
1.004222026502189256e+05
1.004676668604242586e+05
1.005061860763050645e+05
1.005377508771952271e+05
1.005623537248051725e+05
1.005799916722497437e+05
1.005906593869586504e+05
1.005943144622386899e+05
1.005909533337248140e+05
1.005806616218120907e+05
1.005633812393823173e+05
1.005391034513334016e+05
1.005078606288372102e+05
1.004697107343952375e+05
1.004246843518528767e+05
1.003727597472608759e+05
1.003139632117858855e+05
1.002483039112055121e+05
1.001757171743513900e+05
1.000960988510431052e+05
1.000094669336368534e+05
9.991605584776577598e+04
9.981603296337711799e+04
9.970921616157237440e+04
9.959558114717599528e+04
9.947521520868188236e+04
9.934815161394905590e+04
9.921441951912852528e+04
9.907405463759787381e+04
9.892709272104837873e+04
9.877357119365596736e+04
9.861352927304840705e+04
9.844700449755991576e+04
9.827403790564079827e+04
9.809467422690101375e+04
9.790895925701357191e+04
9.771694108736487397e+04
9.751867052230087575e+04
9.958888722526373749e+04
9.946814104810747085e+04
9.970290516043464595e+04
9.981016653050524474e+04
9.991064492849457019e+04
1.000043155096720875e+05
1.000911553925438930e+05
1.001711431113427971e+05
1.002442589908335794e+05
1.003104847451083333e+05
1.003698040772013919e+05
1.004222023043912632e+05
1.004676664597216150e+05
1.005061853770436137e+05
1.005377526384162484e+05
1.005623691091458750e+05
1.005800175179114012e+05
1.005906291339850868e+05
1.005942397041838703e+05
1.005909145984048373e+05
1.005806052243142185e+05
1.005633182631924865e+05
1.005390822555420891e+05
1.005079262605101540e+05
1.004698480538666918e+05
1.004248493069385149e+05
1.003729497444304434e+05
1.003141392825913063e+05
1.002483512601706752e+05
1.001755177000429394e+05
1.000957807056064921e+05
1.000093611149737408e+05
9.991617393371794606e+04
9.981609832644024573e+04
9.970922227589547401e+04
9.959558889940282097e+04
9.947522459857293870e+04
9.934816072574890859e+04
9.921442957085934177e+04
9.907406528688191611e+04
9.892710389340500114e+04
9.877358153232693439e+04
9.861353634447290096e+04
9.844700828166784777e+04
9.827403950620275282e+04
9.809467381245260185e+04
9.790895747198438039e+04
9.934069724727723224e+04
9.920658638424777018e+04
9.946814143020073243e+04
9.958888699860655470e+04
9.970290410039185372e+04
9.981016450648220780e+04
9.991064212301321095e+04
1.000043123575892096e+05
1.000911526358314295e+05
1.001711407758740679e+05
1.002442572618193226e+05
1.003104836077384971e+05
1.003698030586236418e+05
1.004222008857282344e+05
1.004676642153841676e+05
1.005061877019578096e+05
1.005377768921283860e+05
1.005623781088623800e+05
1.005799248582824366e+05
1.005905110482136515e+05
1.005941565969092044e+05
1.005908324123666971e+05
1.005805490248642600e+05
1.005633204164810013e+05
1.005391472759105382e+05
1.005080223502095323e+05
1.004699572192404157e+05
1.004249508279158763e+05
1.003730021066798799e+05
1.003140553506863071e+05
1.002481198281761754e+05
1.001753801411846507e+05
1.000958790458157455e+05
1.000094692411814322e+05
9.991619119368820975e+04
9.981610115261534520e+04
9.970922578202717705e+04
9.959559212855114311e+04
9.947522871623122774e+04
9.934816581954299181e+04
9.921443573546642438e+04
9.907407212051902025e+04
9.892711008094139106e+04
9.877358631323445297e+04
9.861353954455976782e+04
9.844700993552959699e+04
9.827403976021015842e+04
9.906584485551959369e+04
9.891850383473465627e+04
9.920658841511110950e+04
9.934069855031231418e+04
9.946814154953695834e+04
9.958888565165677574e+04
9.970290076077461708e+04
9.981015949064226879e+04
9.991063653013166913e+04
1.000043069347441924e+05
1.000911479364894185e+05
1.001711372690675926e+05
1.002442546111178672e+05
1.003104807223075768e+05
1.003698004224547622e+05
1.004221905404142890e+05
1.004676501965177449e+05
1.005061906051143160e+05
1.005377158216719254e+05
1.005622083731189487e+05
1.005797733755835361e+05
1.005903969822965300e+05
1.005940685452055914e+05
1.005907927720725274e+05
1.005805616672326578e+05
1.005633645598220610e+05
1.005392117939874297e+05
1.005080852052877453e+05
1.004699927888313978e+05
1.004249486690503545e+05
1.003729171062720270e+05
1.003139565276473295e+05
1.002481754001723166e+05
1.001755128744671238e+05
1.000959211119919200e+05
1.000094733628833637e+05
9.991619266154784418e+04
9.981610229101828008e+04
9.970922724710532930e+04
9.959559410984917486e+04
9.947523136803247326e+04
9.934816916736925486e+04
9.921443939177413995e+04
9.907407555649452843e+04
9.892711300005241355e+04
9.877358859974669758e+04
9.861354117223892536e+04
9.876460563230811385e+04
9.860418381860014051e+04
9.891850699738843832e+04
9.906584795709293394e+04
9.920659070743304619e+04
9.934069962379049684e+04
9.946813998915581033e+04
9.958888081451359903e+04
9.970289341977809090e+04
9.981015033292199951e+04
9.991062736603683152e+04
1.000042984609617415e+05
1.000911408841887751e+05
1.001711302931578102e+05
1.002442501419284963e+05
1.003104792609007418e+05
1.003697633365594520e+05
1.004221473811341421e+05
1.004676175101623376e+05
1.005060604499979672e+05
1.005375146380079677e+05
1.005620529323138326e+05
1.005796576853898732e+05
1.005903269863161986e+05
1.005940415388926194e+05
1.005907996865616733e+05
1.005806001903360157e+05
1.005634236409239966e+05
1.005392503852262016e+05
1.005081072722016979e+05
1.004700123328017071e+05
1.004249406536121387e+05
1.003729439124459750e+05
1.003140623084451072e+05
1.002482366813074768e+05
1.001755160902087373e+05
1.000959220907947893e+05
1.000094739393442433e+05
9.991619317737691745e+04
9.981610295124007098e+04
9.970922814165362797e+04
9.959559532906861568e+04
9.947523284120320750e+04
9.934817079429019941e+04
9.921444105551199755e+04
9.907407717739067448e+04
9.892711463584915327e+04
9.843728417329052172e+04
9.826394535830240056e+04
9.860418664325622376e+04
9.876460943742627569e+04
9.891851100381201832e+04
9.906585167380819621e+04
9.920659311958683247e+04
9.934069901895579824e+04
9.946813484556293406e+04
9.958886969433967897e+04
9.970288080317627464e+04
9.981013607760601735e+04
9.991061266170740419e+04
1.000042821222322091e+05
1.000911243710849085e+05
1.001711464549101802e+05
1.002442503780082334e+05
1.003104230260428012e+05
1.003697342128333403e+05
1.004221093155547424e+05
1.004674680828317651e+05
1.005058773549707403e+05
1.005373776315646246e+05
1.005619617515572463e+05
1.005796059930523770e+05
1.005903090358448535e+05
1.005940720315728249e+05
1.005908681010255823e+05
1.005806658276032540e+05
1.005634600976827205e+05
1.005392951030776167e+05
1.005081658686863375e+05
1.004700466097550234e+05
1.004249825729891891e+05
1.003729893380812136e+05
1.003140674629760179e+05
1.002482378163667163e+05
1.001755168926890037e+05
1.000959224701894127e+05
1.000094741682629683e+05
9.991619338234722090e+04
9.981610321220295737e+04
9.970922846076027781e+04
9.959559571297065122e+04
9.947523331734362000e+04
9.934817137609445490e+04
9.921444193052382616e+04
9.808421441149729071e+04
9.789813635244137549e+04
9.826394677254640555e+04
9.843728706933093781e+04
9.860419057552459708e+04
9.876461413791340601e+04
9.891851631777630246e+04
9.906585627424523409e+04
9.920659427173649601e+04
9.934069594789011171e+04
9.946812557583313901e+04
9.958885647667065496e+04
9.970286071268697560e+04
9.981010805760481162e+04
9.991056743375588849e+04
1.000043069902624848e+05
1.000912111274173221e+05
1.001711800989816693e+05
1.002442671303786192e+05
1.003104756080132647e+05
1.003697119277914608e+05
1.004219674663602054e+05
1.004673121133034438e+05
1.005057662599869655e+05
1.005372942092880403e+05
1.005619326448911306e+05
1.005796417711485265e+05
1.005904025914072263e+05
1.005941816307501867e+05
1.005909480959737703e+05
1.005807167674343364e+05
1.005635281471811322e+05
1.005393535375463543e+05
1.005081832107524970e+05
1.004700607047713274e+05
1.004249935643309727e+05
1.003729916338668118e+05
1.003140685651042731e+05
1.002482384377614362e+05
1.001755171561107418e+05
1.000959225084050559e+05
1.000094740853257244e+05
9.991619321642623981e+04
9.981610298011498526e+04
9.970922820860515640e+04
9.959559550866491918e+04
9.947523342796888028e+04
9.770575918489911419e+04
9.750713387032179162e+04
9.789813632230016810e+04
9.808421555682639882e+04
9.826394902057583386e+04
9.843729051804485789e+04
9.860419543360690295e+04
9.876462051006848924e+04
9.891852342777185549e+04
9.906586174827290233e+04
9.920659568986685190e+04
9.934069149332004599e+04
9.946811113037152973e+04
9.958882908213151677e+04
9.970278802730049938e+04
9.981011297983156692e+04
9.991075160382599279e+04
1.000045205063926405e+05
1.000913862440753874e+05
1.001713632966201549e+05
1.002443773401361977e+05
1.003104225101033662e+05
1.003695534738204587e+05
1.004218237411907612e+05
1.004672161092484021e+05
1.005057292840792652e+05
1.005373532920926082e+05
1.005620592840386817e+05
1.005798073947025696e+05
1.005905511974086839e+05
1.005942746206927841e+05
1.005910106082197599e+05
1.005807804517740587e+05
1.005635578015948849e+05
1.005393520721098903e+05
1.005081845406009234e+05
1.004700617461507063e+05
1.004249938803995756e+05
1.003729920691545121e+05
1.003140688673535624e+05
1.002482385052680474e+05
1.001755170039003715e+05
1.000959221761051012e+05
1.000094736022228753e+05
9.991619261946876941e+04
9.981610235062502034e+04
9.970922785030293744e+04
9.730231017605254601e+04
9.709134447617192927e+04
9.750713277205846680e+04
9.770575868968038412e+04
9.789813647782948101e+04
9.808421658017521258e+04
9.826395129702513805e+04
9.843729468146462750e+04
9.860420194633008214e+04
9.876462934298154141e+04
9.891853409565071343e+04
9.906587145008078369e+04
9.920659906712752127e+04
9.934068447844152979e+04
9.946809257164668816e+04
9.958879679242002021e+04
9.970300987379132130e+04
9.981052628355070192e+04
9.991116974883136572e+04
1.000049274931503896e+05
1.000916421694795863e+05
1.001713718764019868e+05
1.002442061454298237e+05
1.003102119239293534e+05
1.003693965002362529e+05
1.004217411804987205e+05
1.004672487220681942e+05
1.005058770006182167e+05
1.005375727651094639e+05
1.005622820851270953e+05
1.005799643421478104e+05
1.005906309914335579e+05
1.005943217057604343e+05
1.005910480794960749e+05
1.005807898901256121e+05
1.005635549908846879e+05
1.005393506862797221e+05
1.005081833849020331e+05
1.004700611804350483e+05
1.004249936691284383e+05
1.003729919415685727e+05
1.003140686402286083e+05
1.002482381033226848e+05
1.001755164204056055e+05
1.000959214399337652e+05
1.000094727867773763e+05
9.991619204345492471e+04
9.687428882586916734e+04
9.665120459013823711e+04
9.709134260009413993e+04
9.730230846615693008e+04
9.750713118384852714e+04
9.770575745678973908e+04
9.789813587085406471e+04
9.808421706268854905e+04
9.826395368973522272e+04
9.843730005424896081e+04
9.860421147019429191e+04
9.876464384860613791e+04
9.891855299656948773e+04
9.906589087422756711e+04
9.920665206663541903e+04
9.934063460881724313e+04
9.946819165171931672e+04
9.958930576927769289e+04
9.970367330801310891e+04
9.981118224733664829e+04
9.991161561108675960e+04
1.000049565957406157e+05
1.000913922006303910e+05
1.001710397484840360e+05
1.002439289659313654e+05
1.003100280329511152e+05
1.003693676714531612e+05
1.004218887389305892e+05
1.004675096213972283e+05
1.005061573179002735e+05
1.005377841207166930e+05
1.005623831197157706e+05
1.005799910401255329e+05
1.005906450250607013e+05
1.005943370875709224e+05
1.005910507773870922e+05
1.005807888243805501e+05
1.005635536038302089e+05
1.005393494199131819e+05
1.005081824212697684e+05
1.004700604823800240e+05
1.004249931069277663e+05
1.003729913552045327e+05
1.003140679386505362e+05
1.002482372776338743e+05
1.001755155343148363e+05
1.000959207804107136e+05
9.642214691693907662e+04
9.618718087502772687e+04
9.665120247644440678e+04
9.687428641914132459e+04
9.709133975284294866e+04
9.730230546014515858e+04
9.750712831674666086e+04
9.770575495882659743e+04
9.789813399434729945e+04
9.808421659044227272e+04
9.826395615663577337e+04
9.843730775058768631e+04
9.860422694346809294e+04
9.876466790887527168e+04
9.891859136945071805e+04
9.906584553736330417e+04
9.920658515436266316e+04
9.934106051457881404e+04
9.946900910544664657e+04
9.959014014367690834e+04
9.970430633516887610e+04
9.981125772874023824e+04
9.991123090754797158e+04
1.000044296249322215e+05
1.000909330017946631e+05
1.001706808941764029e+05
1.002437634648362437e+05
1.003101251382311602e+05
1.003696460231616948e+05
1.004222137391713331e+05
1.004677495002686483e+05
1.005062618548384635e+05
1.005377843275431806e+05
1.005623620890150050e+05
1.005799890651805181e+05
1.005906505961434596e+05
1.005943380881028570e+05
1.005910506217840448e+05
1.005807881374262506e+05
1.005635526577804703e+05
1.005393484150018921e+05
1.005081814591351576e+05
1.004700595664518914e+05
1.004249921674247598e+05
1.003729903668482439e+05
1.003140669648465264e+05
1.002482365888676577e+05
9.594636650916906365e+04
9.569977064807753777e+04
9.618717956570278329e+04
9.642214471193013014e+04
9.665119917317958607e+04
9.687428220952156698e+04
9.709133502768933249e+04
9.730230060711353144e+04
9.750712345369473042e+04
9.770575016052815772e+04
9.789812989864194242e+04
9.808421450861413905e+04
9.826395881205175829e+04
9.843731352181527473e+04
9.860423420294413518e+04
9.876465553681715392e+04
9.891849741081819229e+04
9.906611318365101761e+04
9.920742451038600120e+04
9.934201874923148716e+04
9.946972331630795088e+04
9.959029860857017047e+04
9.970380807156926312e+04
9.981050453038763953e+04
9.991054505177379178e+04
1.000038417916705512e+05
1.000905359674011561e+05
1.001706376920239418e+05
1.002440106088398752e+05
1.003104876801055652e+05
1.003699192073932354e+05
1.004223052723240253e+05
1.004677174921603146e+05
1.005062081063556689e+05
1.005377598553828284e+05
1.005623577825428365e+05
1.005799896378007252e+05
1.005906507237801707e+05
1.005943382674450404e+05
1.005910504543524148e+05
1.005807875502507814e+05
1.005635517801350943e+05
1.005393473673187546e+05
1.005081803092854243e+05
1.004700583614081406e+05
1.004249910194719414e+05
1.003729896046544163e+05
9.544746009834809229e+04
9.518950232244808285e+04
9.569977105991616554e+04
9.594636570134951035e+04
9.618717712017509621e+04
9.642214052541716956e+04
9.665119334818446077e+04
9.687427515698173374e+04
9.709132734704209724e+04
9.730229232326493366e+04
9.750711522868991597e+04
9.770574211358901812e+04
9.789812245729890128e+04
9.808419881228943996e+04
9.826392912465683185e+04
9.843729932112600363e+04
9.860423631783669407e+04
9.876486312631440524e+04
9.891929729423065146e+04
9.906717015309356793e+04
9.920815994733550178e+04
9.934221714602613065e+04
9.946922702359645336e+04
9.958939274621281947e+04
9.970289674061308324e+04
9.980968588009354426e+04
9.990987074580196349e+04
1.000035530695112102e+05
1.000906546397396742e+05
1.001710019399119192e+05
1.002443596424422140e+05
1.003105983005783637e+05
1.003698626727505034e+05
1.004222228845112695e+05
1.004676807862061978e+05
1.005061948685288226e+05
1.005377561384273431e+05
1.005623562559514394e+05
1.005799889759397483e+05
1.005906507035629329e+05
1.005943382305376581e+05
1.005910501119464607e+05
1.005807868121867505e+05
1.005635507323622442e+05
1.005393461092104117e+05
1.005081790137487551e+05
1.004700574458647316e+05
9.492597115666973696e+04
9.465693588531862770e+04
9.518950430859481276e+04
9.544746123430971056e+04
9.569977063055023609e+04
9.594636328664835310e+04
9.618717218941701867e+04
9.642213240528739698e+04
9.665118322115082992e+04
9.687426250623360102e+04
9.709131460035008786e+04
9.730227998660593585e+04
9.750710287839215016e+04
9.770571013032786141e+04
9.789804667539031652e+04
9.808414190512245113e+04
9.826403969260041777e+04
9.843764731419330928e+04
9.860503298081266985e+04
9.876597864003118593e+04
9.892010728124121670e+04
9.906733332065267314e+04
9.920770572807645658e+04
9.934127473507459217e+04
9.946816443028002686e+04
9.958838034733624954e+04
9.970201441766943026e+04
9.980911824355852150e+04
9.990975950779549021e+04
1.000038373350388865e+05
1.000911071624713222e+05
1.001712385113424971e+05
1.002443146370543254e+05
1.003104944700204651e+05
1.003698171348578326e+05
1.004222123302705731e+05
1.004676744284590677e+05
1.005061913273472455e+05
1.005377536884387519e+05
1.005623547553921671e+05
1.005799885158854740e+05
1.005906505165514973e+05
1.005943378899550444e+05
1.005910494150505838e+05
1.005807857805083622e+05
1.005635495061300462e+05
1.005393451128617889e+05
9.438247540504159406e+04
9.410266341618448496e+04
9.465693819374391751e+04
9.492597344585468818e+04
9.518950571320636664e+04
9.544746141246252228e+04
9.569976876743898902e+04
9.594635789381533687e+04
9.618716266661038389e+04
9.642211472688337381e+04
9.665116565752646420e+04
9.687424464533333958e+04
9.709129580803071440e+04
9.730223272183828522e+04
9.750697193295120087e+04
9.770556205991684692e+04
9.789816390637976292e+04
9.808468769952264847e+04
9.826494365778686188e+04
9.843879737500283227e+04
9.860589730326173594e+04
9.876613446189661045e+04
9.891961363594517752e+04
9.906642851683481422e+04
9.920659901092277141e+04
9.934014529016874440e+04
9.946718075484679139e+04
9.958765060089492181e+04
9.970164138236828148e+04
9.980922194096822932e+04
9.991026610957163211e+04
1.000043204107635102e+05
1.000911993267549406e+05
1.001711591762854514e+05
1.002442689041838603e+05
1.003104933648738661e+05
1.003698118248979590e+05
1.004222087672360358e+05
1.004676712998142466e+05
1.005061888546523260e+05
1.005377521854365332e+05
1.005623538938669226e+05
1.005799879929916351e+05
1.005906499773418764e+05
1.005943371073616872e+05
1.005910484254307376e+05
1.005807849155017611e+05
9.381758185309836699e+04
9.352730963446886744e+04
9.410266510468158231e+04
9.438247747382595844e+04
9.465693978616343520e+04
9.492597486093403131e+04
9.518950680700140947e+04
9.544746103316512017e+04
9.569976388967635285e+04
9.594634692682519380e+04
9.618714570910569455e+04
9.642209544453829585e+04
9.665113814401603304e+04
9.687420946309760620e+04
9.709112044392747339e+04
9.730195055425004102e+04
9.750696940929342236e+04
9.770620308538409881e+04
9.789925704746134579e+04
9.808587992924721038e+04
9.826581778934877366e+04
9.843893357852485497e+04
9.860534022347147402e+04
9.876519942566566169e+04
9.891851748683383630e+04
9.906527166702901013e+04
9.920558266061155882e+04
9.933940917134568735e+04
9.946666997731609445e+04
9.958755630094783555e+04
9.970209337604114262e+04
9.980997388604884327e+04
9.991065701527071360e+04
1.000043294540337956e+05
1.000911629286221432e+05
1.001711503352999425e+05
1.002442659124393249e+05
1.003104910517784883e+05
1.003698093349596602e+05
1.004222063327392825e+05
1.004676692396966391e+05
1.005061872500017198e+05
1.005377510584752454e+05
1.005623530494397710e+05
1.005799871542368637e+05
1.005906490889454581e+05
1.005943364243425749e+05
9.323193251149899152e+04
9.293153246522882546e+04
9.352731142915489909e+04
9.381758360713957518e+04
9.410266568459942937e+04
9.438247782969045511e+04
9.465694097918491752e+04
9.492597670719125017e+04
9.518950818617588084e+04
9.544745957164780702e+04
9.569975467049283907e+04
9.594633217411569785e+04
9.618712059148569824e+04
9.642205947301980632e+04
9.665105924550443888e+04
9.687378865566737659e+04
9.709089961054355081e+04
9.730253307133734052e+04
9.750823378664672782e+04
9.770748454415182641e+04
9.790010973933618516e+04
9.808597051760587783e+04
9.826518550110427896e+04
9.843792008339562744e+04
9.860423427845648257e+04
9.876405805308640993e+04
9.891751094989843841e+04
9.906459079811950505e+04
9.920511229756462853e+04
9.933919548447291891e+04
9.946700336658902233e+04
9.958842336782150960e+04
9.970285795134794898e+04
9.981017655676246795e+04
9.991065121019883372e+04
1.000043215626149176e+05
1.000911615575270116e+05
1.001711491641968460e+05
1.002442644454597030e+05
1.003104893645909178e+05
1.003698075618154689e+05
1.004222046096900594e+05
1.004676677291111992e+05
1.005061859582208708e+05
1.005377499040680268e+05
1.005623519789739366e+05
1.005799864354833262e+05
9.262620176469344005e+04
9.231602363042037177e+04
9.293153571642405586e+04
9.323193534254202677e+04
9.352731221431441372e+04
9.381758273293920502e+04
9.410266476107151539e+04
9.438247767580869549e+04
9.465694253715932427e+04
9.492597935641497315e+04
9.518951048659141816e+04
9.544746348273959302e+04
9.569974748834614002e+04
9.594630717315693619e+04
9.618705554059450515e+04
9.642163846084066608e+04
9.665050873612785654e+04
9.687415225741651375e+04
9.709226269521756331e+04
9.730396895033303008e+04
9.750907056864182232e+04
9.770752622170350514e+04
9.789940849077711755e+04
9.808488496840481821e+04
9.826403690299853042e+04
9.843679173073056154e+04
9.860325891042046715e+04
9.876343920454633189e+04
9.891716770674688451e+04
9.906440770513688040e+04
9.920536170933663379e+04
9.934000397089443868e+04
9.946800078640511492e+04
9.958889146399458696e+04
9.970291180799587164e+04
9.981017190281451622e+04
9.991065004382985353e+04
1.000043208645394334e+05
1.000911607900310919e+05
1.001711482162777247e+05
1.002442632926711376e+05
1.003104880271169241e+05
1.003698061419509322e+05
1.004222031709688454e+05
1.004676663197770249e+05
1.005061846128518227e+05
1.005377489480031509e+05
9.200109733348990267e+04
9.168150928570392716e+04
9.231602807205538556e+04
9.262620639092760393e+04
9.293153903458056448e+04
9.323193589969784080e+04
9.352731092884087411e+04
9.381757954139761569e+04
9.410266195996727038e+04
9.438247713500807004e+04
9.465694484823085077e+04
9.492598576216360379e+04
9.518952185203893168e+04
9.544747568411038083e+04
9.569976490639289841e+04
9.594610128200157487e+04
9.618645572571526282e+04
9.642164777863146446e+04
9.665175269202918571e+04
9.687573067119771440e+04
9.709311204692542378e+04
9.730394795372585941e+04
9.750832587815965235e+04
9.770639465309238585e+04
9.789822001476201694e+04
9.808375051252938283e+04
9.826309580797342642e+04
9.843624424782137794e+04
9.860305985874915496e+04
9.876338760156788339e+04
9.891738672938213858e+04
9.906509616075544909e+04
9.920633411562973924e+04
9.934068102474864281e+04
9.946814686315483414e+04
9.958889239307235403e+04
9.970290956191817531e+04
9.981017080607054231e+04
9.991064941773419559e+04
1.000043203085974528e+05
1.000911601235283451e+05
1.001711473381548567e+05
1.002442622028873884e+05
1.003104867424113181e+05
1.003698047192614031e+05
1.004222017048966227e+05
1.004676651723420364e+05
9.135736259528937808e+04
9.102875069452862954e+04
9.168151296667764836e+04
9.200110243662638823e+04
9.231603367878623249e+04
9.262621058976925269e+04
9.293154112369696668e+04
9.323193557653426251e+04
9.352730706718507281e+04
9.381757495757169090e+04
9.410265653199703956e+04
9.438247624908563739e+04
9.465695433924953977e+04
9.492600796515676484e+04
9.518959480693191290e+04
9.544750287325192767e+04
9.569935152113925142e+04
9.594572611299064010e+04
9.618719185225879482e+04
9.642319544790632790e+04
9.665267038364162727e+04
9.687566121188795660e+04
9.709233178551132733e+04
9.730280627175436530e+04
9.750713247510902875e+04
9.770526175400469219e+04
9.789731718969864596e+04
9.808328968628543953e+04
9.826303936748339038e+04
9.843637854196893750e+04
9.860331714141661359e+04
9.876395895308385661e+04
9.891821371076926880e+04
9.906578621757247311e+04
9.920658244491771620e+04
9.934069817316105764e+04
9.946814396980161837e+04
9.958889040868643497e+04
9.970290847920125816e+04
9.981017019581135537e+04
9.991064893792026851e+04
1.000043197258154396e+05
1.000911593331016629e+05
1.001711462982581725e+05
1.002442609348331607e+05
1.003104853500106692e+05
1.003698035678282176e+05
9.069577738627133658e+04
9.035854491849367332e+04
9.102875210579880513e+04
9.135736601721982879e+04
9.168151802157289058e+04
9.200110858035187994e+04
9.231603958362375852e+04
9.262621623281938082e+04
9.293154300448221329e+04
9.323193297409598017e+04
9.352729972970369272e+04
9.381756293765868759e+04
9.410265003822506696e+04
9.438248264757926518e+04
9.465700376833121118e+04
9.492621792935386475e+04
9.518958551819129207e+04
9.544706976668686548e+04
9.569942294617796142e+04
9.594677305869640259e+04
9.618813632782107743e+04
9.642311227850672731e+04
9.665185334574284207e+04
9.687452401127408666e+04
9.709116740498907166e+04
9.730171223049135006e+04
9.750628615223173983e+04
9.770489440219599055e+04
9.789740254316428036e+04
9.808362212636455661e+04
9.826341394821037829e+04
9.843683981570512697e+04
9.860393270967229910e+04
9.876455480418517254e+04
9.891848135404869390e+04
9.906583329644003243e+04
9.920658319475520693e+04
9.934069708075677045e+04
9.946814278023672523e+04
9.958888956153200706e+04
9.970290791706759774e+04
9.981016969848185545e+04
9.991064831870242779e+04
1.000043188788650295e+05
1.000911582445394451e+05
1.001711450628176681e+05
1.002442599074259779e+05
9.001715738255401084e+04
8.967172553256538231e+04
9.035854394156411581e+04
9.069577789888209372e+04
9.102875426304613939e+04
9.135737008482830424e+04
9.168152393337660760e+04
9.200111610556354572e+04
9.231604899644444231e+04
9.262622491852227540e+04
9.293154714864550624e+04
9.323192609577765688e+04
9.352728551009781950e+04
9.381754919961740961e+04
9.410264108579966705e+04
9.438264561094313103e+04
9.465736158939705638e+04
9.492609519254941551e+04
9.518926661074218282e+04
9.544733768249036802e+04
9.570009720888159063e+04
9.594677808056422509e+04
9.618735988394195738e+04
9.642198720966005931e+04
9.665071826018112188e+04
9.687350891863349534e+04
9.709040850506671995e+04
9.730145854418555973e+04
9.750652351766020001e+04
9.770540247567054757e+04
9.789793839975151059e+04
9.808402907792218321e+04
9.826379946204951557e+04
9.843723158732258889e+04
9.860415080180059886e+04
9.876458085949200904e+04
9.891849000684125349e+04
9.906583692301111296e+04
9.920658425981101755e+04
9.934069703367997136e+04
9.946814242155168904e+04
9.958888913465685619e+04
9.970290738965918717e+04
9.981016897295175295e+04
9.991064736051188083e+04
1.000043177828153130e+05
1.000911573555431096e+05
8.932235456913393864e+04
8.896916336468781810e+04
8.967172247288825747e+04
9.001715493638902262e+04
9.035854248446541897e+04
9.069577782914075942e+04
9.102875613502452325e+04
9.135737456198236032e+04
9.168153175493401068e+04
9.200112743348703953e+04
9.231606378767307615e+04
9.262623280273872660e+04
9.293154649223446904e+04
9.323191818047668494e+04
9.352726060532337578e+04
9.381753400406608125e+04
9.410306717978818051e+04
9.438302307408355409e+04
9.465716292619390879e+04
9.492588631626016286e+04
9.518936691672478628e+04
9.544730284332549491e+04
9.569939505172008649e+04
9.594569433956748981e+04
9.618620593158226984e+04
9.642101343616668601e+04
9.665009059133195842e+04
9.687338349249791645e+04
9.709082142934067815e+04
9.730213899250002578e+04
9.750717712632332405e+04
9.770583428577815357e+04
9.789811935962678399e+04
9.808419573441840475e+04
9.826392525237797236e+04
9.843726016744645312e+04
9.860416396674419229e+04
9.876459021951653995e+04
9.891849526882410282e+04
9.906583977381186560e+04
9.920658539859882148e+04
9.934069730599656759e+04
9.946814222491333203e+04
9.958888859671338287e+04
9.970290655402567063e+04
9.981016796477547905e+04
9.991064656727407419e+04
8.861225897985526535e+04
8.825176725499967870e+04
8.896915871798823355e+04
8.932234959877490473e+04
8.967171756873857521e+04
9.001715052761214611e+04
9.035853907730437641e+04
9.069577622103854083e+04
9.102875751872158435e+04
9.135737946553602524e+04
9.168154233598390420e+04
9.200114433755639766e+04
9.231607980921510898e+04
9.262625049230561126e+04
9.293157366402243497e+04
9.323180322517966852e+04
9.352740969333659450e+04
9.381824574322781700e+04
9.410336653164630115e+04
9.438285368964627560e+04
9.465688689222723769e+04
9.492552441662568890e+04
9.518865790882411238e+04
9.544625417065969668e+04
9.569817697907886759e+04
9.594464479784273135e+04
9.618566600217478117e+04
9.642108693544904236e+04
9.665067428230417136e+04
9.687427603463409469e+04
9.709156460626983608e+04
9.730256011437777488e+04
9.750722833014512435e+04
9.770577925557922572e+04
9.789814243390176853e+04
9.808420838709441887e+04
9.826393275305298448e+04
9.843726940974644094e+04
9.860417217934261134e+04
9.876459628724162758e+04
9.891849936324899318e+04
9.906584181731000717e+04
9.920658626200385334e+04
9.934069736908971390e+04
9.946814171451888978e+04
9.958888773010302975e+04
9.970290581122564618e+04
8.788779954180608911e+04
8.752048482692074322e+04
8.825176271648304828e+04
8.861225277627467585e+04
8.896915114102182270e+04
8.932234109991045261e+04
8.967170881164357706e+04
9.001714241682815191e+04
9.035853282991233573e+04
9.069577191069473338e+04
9.102875671221858647e+04
9.135738407503359485e+04
9.168155798210260400e+04
9.200117276861239225e+04
9.231612859132660378e+04
9.262639222457038704e+04
9.293140794123393425e+04
9.323242116467065352e+04
9.352825653426616918e+04
9.381850990141526563e+04
9.410309649218409322e+04
9.438219445716153132e+04
9.465592255714598286e+04
9.492438067930057878e+04
9.518733120673376834e+04
9.544501897176227067e+04
9.569759599918175081e+04
9.594491739280936599e+04
9.618658465092479310e+04
9.642217753835738404e+04
9.665157852363766870e+04
9.687463449055707315e+04
9.709153993363071640e+04
9.730234532152442262e+04
9.750715833117319562e+04
9.770577543072127446e+04
9.789813869908655761e+04
9.808421011181280483e+04
9.826393745682510780e+04
9.843727535770753457e+04
9.860417749192740303e+04
9.876460015716892667e+04
9.891850181860358862e+04
9.906584305458230665e+04
9.920658653039636556e+04
9.934069694346647884e+04
9.946814111460461572e+04
8.714994366227832506e+04
8.677630325028668449e+04
8.752048328945343383e+04
8.788779492176543863e+04
8.825175489229084633e+04
8.861224188197775220e+04
8.896913749744044617e+04
8.932232606624410255e+04
8.967169508651432989e+04
9.001712984212285664e+04
9.035852106205113523e+04
9.069576157165056793e+04
9.102875272450241027e+04
9.135739694667900039e+04
9.168159241302982264e+04
9.200124618847180682e+04
9.231600652541581076e+04
9.262645438936911523e+04
9.293252219930918363e+04
9.323322312155377585e+04
9.352832968882564455e+04
9.381778751875284070e+04
9.410185654490708839e+04
9.438079740695086366e+04
9.465442983261852351e+04
9.492291864471272856e+04
9.518656333553913282e+04
9.544538427267911902e+04
9.569895521906972863e+04
9.594645468887970492e+04
9.618762179151747841e+04
9.642255793356119830e+04
9.665142713731505501e+04
9.687432621619768906e+04
9.709137491667846916e+04
9.730233387113426579e+04
9.750714986058988143e+04
9.770576642420212738e+04
9.789813716932914394e+04
9.808421137505456863e+04
9.826394105483044405e+04
9.843727922455217049e+04
9.860418077089609869e+04
9.876460249179253879e+04
9.891850312971096719e+04
9.906584345478517935e+04
9.920658643551554997e+04
8.639969737219666422e+04
8.602025001137098297e+04
8.677630653939770127e+04
8.714994382689718623e+04
8.752047928012099874e+04
8.788778626806626562e+04
8.825173990571389731e+04
8.861222112630981428e+04
8.896911426890057919e+04
8.932230297312930634e+04
8.967167326209275052e+04
9.001710959262523102e+04
9.035850089175194444e+04
9.069574894038758066e+04
9.102876196674257517e+04
9.135755112391214061e+04
9.168184322092188813e+04
9.200150138632462767e+04
9.231704993690761330e+04
9.262771030242404959e+04
9.293302216348155343e+04
9.323271381934703095e+04
9.352697907096221752e+04
9.381614499712327961e+04
9.410016913825855590e+04
9.437912994752882514e+04
9.465340829493927595e+04
9.492324030085511913e+04
9.518826930193275621e+04
9.544762636346845829e+04
9.570032668118945730e+04
9.594681002212950261e+04
9.618739247378603613e+04
9.642222737368919479e+04
9.665123860871209763e+04
9.687431663483857119e+04
9.709136511552600132e+04
9.730232495811983244e+04
9.750714245454961201e+04
9.770576327167137060e+04
9.789813694781974482e+04
9.808421294507985294e+04
9.826394335173304717e+04
9.843728149616015435e+04
9.860418258028097625e+04
9.876460365918734169e+04
9.891850385757569165e+04
8.563810711285338039e+04
8.525339368740162172e+04
8.602025679879481322e+04
8.639970305858744541e+04
8.677630928535715793e+04
8.714994245276490983e+04
8.752047017911361763e+04
8.788776650139444973e+04
8.825171194952109363e+04
8.861218778235442005e+04
8.896907929381646682e+04
8.932226916878823249e+04
8.967164164028163941e+04
9.001707850646752922e+04
9.035847873551618250e+04
9.069596434528265672e+04
9.102942510204238351e+04
9.135839326779723342e+04
9.168290856346487999e+04
9.200294656924688024e+04
9.231790504547661112e+04
9.262753584895304812e+04
9.293179254503453558e+04
9.323098332150222268e+04
9.352516337481899245e+04
9.381433216530985374e+04
9.409890709414897719e+04
9.437923802727955626e+04
9.465521167065558257e+04
9.492599063621583628e+04
9.519030875090933114e+04
9.544796619324263884e+04
9.569995975679832918e+04
9.594643069044697040e+04
9.618721441060605866e+04
9.642217622782806575e+04
9.665122816985756799e+04
9.687430813293410756e+04
9.709135774609976215e+04
9.730231981001327222e+04
9.750713931983358634e+04
9.770576209457975347e+04
9.789813689773580700e+04
9.808421378628055390e+04
9.826394450144679286e+04
9.843728264875129389e+04
9.860418381154201052e+04
8.486626202258393459e+04
8.447684470699391386e+04
8.525340038720812299e+04
8.563811546001095849e+04
8.602026511782109446e+04
8.639970982988517790e+04
8.677631177856672730e+04
8.714993528594051895e+04
8.752044970931905846e+04
8.788773324833247170e+04
8.825166847578309535e+04
8.861213832359381195e+04
8.896902716841117945e+04
8.932221755187977396e+04
8.967163065032334998e+04
9.001733240822590597e+04
9.035944633408843947e+04
9.069751570357019955e+04
9.103099346601264551e+04
9.135987490450228506e+04
9.168394389151954965e+04
9.200298736969994206e+04
9.231690333693330467e+04
9.262586792255057662e+04
9.292998082009529753e+04
9.322913651901988487e+04
9.352372424809211225e+04
9.381413662474231387e+04
9.410047717550424568e+04
9.438207525720610283e+04
9.465777172916110430e+04
9.492666106419156131e+04
9.518969360305265582e+04
9.544749272213775839e+04
9.569979754617875733e+04
9.594639248356242024e+04
9.618720411228430748e+04
9.642216785513523791e+04
9.665122068384759768e+04
9.687430203486185928e+04
9.709135323677194538e+04
9.730231676879018778e+04
9.750713702879149059e+04
9.770576094543463842e+04
9.789813656344958872e+04
9.808421398002254136e+04
9.826394532972497109e+04
8.408529497397998057e+04
8.369175606502074515e+04
8.447684876458370127e+04
8.486626909429386433e+04
8.525340971419225389e+04
8.563812620003598568e+04
8.602027637023612624e+04
8.639971810963083408e+04
8.677630944994131278e+04
8.714992109218881524e+04
8.752041780613533047e+04
8.788768622372737445e+04
8.825160250978247495e+04
8.861205873325660650e+04
8.896896945606927329e+04
8.932245234981678368e+04
8.967268068338156445e+04
9.001936148811051680e+04
9.036168092624402198e+04
9.069921971145033604e+04
9.103197679723998590e+04
9.135990530047255743e+04
9.168302130213566124e+04
9.200140164863178506e+04
9.231516884308848239e+04
9.262410957759989833e+04
9.292847446602310811e+04
9.322864033558988012e+04
9.352477254970172362e+04
9.381657047658984084e+04
9.410305779231259658e+04
9.438321488849841990e+04
9.465717587864439702e+04
9.492598310235864483e+04
9.518952206871332601e+04
9.544747886978612223e+04
9.569978959891258273e+04
9.594638500580011168e+04
9.618719713116485218e+04
9.642216142836352810e+04
9.665121526485095092e+04
9.687429779360885732e+04
9.709134959020507813e+04
9.730231387170970265e+04
9.750713517295748170e+04
9.770575982077645313e+04
9.789813631704096042e+04
8.329638182451132161e+04
8.289932398067209579e+04
8.369175777391683368e+04
8.408529901506812894e+04
8.447685519768726954e+04
8.486627801680806442e+04
8.525342134308374079e+04
8.563814064197434345e+04
8.602029135729461268e+04
8.639972847726296459e+04
8.677630745516900788e+04
8.714990000365358719e+04
8.752037138231679273e+04
8.788760634584100626e+04
8.825149580677862104e+04
8.861217084985871043e+04
8.896996100503951311e+04
8.932468692241846293e+04
8.967539306745445356e+04
9.002140897382015828e+04
9.036258258584597206e+04
9.069901856562036846e+04
9.103085746530834876e+04
9.135823382056680566e+04
9.168128858670884802e+04
9.199974239757872419e+04
9.231370960813823331e+04
9.262342072289648058e+04
9.292899645017755392e+04
9.323036309225806326e+04
9.352695938223677513e+04
9.381796738821345207e+04
9.410293102743204508e+04
9.438249955981802486e+04
9.465695453257013287e+04
9.492598522078715905e+04
9.518951622005338140e+04
9.544747340610141691e+04
9.569978427938140521e+04
9.594637945807843062e+04
9.618719177894352470e+04
9.642215655977389542e+04
9.665121086728804221e+04
9.687429380375794426e+04
9.709134654967389361e+04
9.730231164606504899e+04
9.750713384375399619e+04
8.250074066734524968e+04
8.210078848582218052e+04
8.289932536079864076e+04
8.329638394289049029e+04
8.369176093331286393e+04
8.408530347301113943e+04
8.447686156957631465e+04
8.486628810711910774e+04
8.525343683398740541e+04
8.563816096758989443e+04
8.602031597582488030e+04
8.639975009040646546e+04
8.677631330552342115e+04
8.714986834643404291e+04
8.752030946939271234e+04
8.788754155362113670e+04
8.825227485947993409e+04
8.861442757561587496e+04
8.897297922402578115e+04
8.932699651835615805e+04
8.967628614798578201e+04
9.002091127472264634e+04
9.036109530500018445e+04
9.069704517619514081e+04
9.102894506102202286e+04
9.135654039266718610e+04
9.167990403337815951e+04
9.199902708683312812e+04
9.231395482076257758e+04
9.262449691686476581e+04
9.293055482794648560e+04
9.323169614243933756e+04
9.352740128162111796e+04
9.381760164127002645e+04
9.410267799727478996e+04
9.438248783317006018e+04
9.465694705575751141e+04
9.492598029706561647e+04
9.518951230234814284e+04
9.544746941520244582e+04
9.569977999017435650e+04
9.594637494541019259e+04
9.618718730682223395e+04
9.642215222068177536e+04
9.665120709658633859e+04
9.687429085784881318e+04
9.709134447119182732e+04
8.169963286520150723e+04
8.129743392702825076e+04
8.210079092236627184e+04
8.250074299091364082e+04
8.289932746021023195e+04
8.329638578441535356e+04
8.369176216031555668e+04
8.408530504997835669e+04
8.447686705856713525e+04
8.486630075389346166e+04
8.525345977974843117e+04
8.563819567872925836e+04
8.602036139916053799e+04
8.639979078240517993e+04
8.677642779733687348e+04
8.714985243052919395e+04
8.752068208788544871e+04
8.788968742546869908e+04
8.825550847993534990e+04
8.861699802121166431e+04
8.897386116734040843e+04
8.932628168614069000e+04
8.967443847329790879e+04
9.001856954243067594e+04
9.035884360417630523e+04
9.069513476392300799e+04
9.102752334110926313e+04
9.135592983034129429e+04
9.168016854452436382e+04
9.199989051689016924e+04
9.231498081964619632e+04
9.262553323150490178e+04
9.293131732924388780e+04
9.323189370676246472e+04
9.352729640284880588e+04
9.381758238276255724e+04
9.410266943304026790e+04
9.438248165043357585e+04
9.465694289209596172e+04
9.492597715264321596e+04
9.518950928385769657e+04
9.544746606468800746e+04
9.569977625517493288e+04
9.594637096040711913e+04
9.618718345547450008e+04
9.642214895885185979e+04
9.665120461177034304e+04
8.089436429882807715e+04
8.049058936223248020e+04
8.129743699442820798e+04
8.169963622415307327e+04
8.210079395884217229e+04
8.250074537358147791e+04
8.289932777974482451e+04
8.329638282082138176e+04
8.369175786281671026e+04
8.408530275137796707e+04
8.447687166411780345e+04
8.486631830675005040e+04
8.525349681565340143e+04
8.563825512452539988e+04
8.602047522698737157e+04
8.640004221570072696e+04
8.677636063302496041e+04
8.715142404350977449e+04
8.752407712261873530e+04
8.789255575034792128e+04
8.825646257796492137e+04
8.861609941611714021e+04
8.897176330644851259e+04
8.932365176703140605e+04
8.967182920581668441e+04
9.001633407290407922e+04
9.035728983367206820e+04
9.069461990121139388e+04
9.102800063944033172e+04
9.135697907250623393e+04
9.168106277193567075e+04
9.200053582777279371e+04
9.231564798213784525e+04
9.262606939169620455e+04
9.293147381265410513e+04
9.323190176083408005e+04
9.352729812947225582e+04
9.381757948440288601e+04
9.410266582973388722e+04
9.438247870914363011e+04
9.465694054253271315e+04
9.492597485852015961e+04
9.518950664327874256e+04
9.544746295474901854e+04
9.569977294102231099e+04
9.594636785068729660e+04
9.618718091964717314e+04
8.008628634448582307e+04
7.968162882199957676e+04
8.049059151321374520e+04
8.089436761084667523e+04
8.129744082844568766e+04
8.169964023119072954e+04
8.210079692702177272e+04
8.250074452608694264e+04
8.289932228936981119e+04
8.329637318981773569e+04
8.369174600178156106e+04
8.408529254592717916e+04
8.447687274307890038e+04
8.486634217155681108e+04
8.525360343939533050e+04
8.563850218594052421e+04
8.602043557350874471e+04
8.640068524808542861e+04
8.677950827644340461e+04
8.715464394310336502e+04
8.752521492964185018e+04
8.789153899716063461e+04
8.825414139923772018e+04
8.861327825770255004e+04
8.896888753601429926e+04
8.932109959313693980e+04
8.967011746406671591e+04
9.001584450828807894e+04
9.035796918973128777e+04
9.069596267719539173e+04
9.102914136415958637e+04
9.135740234321425669e+04
9.168130997694916732e+04
9.200095196871848020e+04
9.231594526431999111e+04
9.262614200560907193e+04
9.293149561135226395e+04
9.323191152674450132e+04
9.352730104527220828e+04
9.381757938799388648e+04
9.410266473055561073e+04
9.438247733675746713e+04
9.465693889821249468e+04
9.492597274362797907e+04
9.518950413583632326e+04
9.544746037029447325e+04
9.569977070489275502e+04
7.927679604852602642e+04
7.887197139170723676e+04
7.968162882476169034e+04
8.008628789299041091e+04
8.049059427289688028e+04
8.089437162483044085e+04
8.129744572734880785e+04
8.169964402370585594e+04
8.210079689133878856e+04
8.250074077063314326e+04
8.289931022299143660e+04
8.329635263817303348e+04
8.369171762874761771e+04
8.408526414437017229e+04
8.447692758306948235e+04
8.486656596701842500e+04
8.525386082154700125e+04
8.563879454570448434e+04
8.602268633576284628e+04
8.640400898055576545e+04
8.678098239602330432e+04
8.715366713740055275e+04
8.752269227466460143e+04
8.788852177195997501e+04
8.825107726727011323e+04
8.861046569235004426e+04
8.896699401456986379e+04
8.932061672053002985e+04
8.967091039720502158e+04
9.001736209815625625e+04
9.035935437098921102e+04
9.069647068979487813e+04
9.102896334633747756e+04
9.135732704774911690e+04
9.168144821382714144e+04
9.200104980189718481e+04
9.231597720438252145e+04
9.262616459100262728e+04
9.293150937924084428e+04
9.323191886970377527e+04
9.352730432084634958e+04
9.381758035689464305e+04
9.410266452152498823e+04
9.438247632931802946e+04
9.465693725610365800e+04
9.492597076737442694e+04
9.518950238065981830e+04
7.846733535298237985e+04
7.806308108807601093e+04
7.887196897655805515e+04
7.927679474257472611e+04
7.968162866536322690e+04
8.008628932505378907e+04
8.049059772443113616e+04
8.089437655377699411e+04
8.129745104340821854e+04
8.169964904341031797e+04
8.210079657714893983e+04
8.250073124629539961e+04
8.289928314598610450e+04
8.329630296641784662e+04
8.369169637808069820e+04
8.408549084414383105e+04
8.447730074901744956e+04
8.486690512836490234e+04
8.525505438329135359e+04
8.564153291779519350e+04
8.602450689326792781e+04
8.640331084630590340e+04
8.677842092850810150e+04
8.715044487795530586e+04
8.751944932161409815e+04
8.788546800350077683e+04
8.824891056759383355e+04
8.860986182187031955e+04
8.896786488415929489e+04
8.932219267432147171e+04
8.967235010474106821e+04
9.001802005525377172e+04
9.035910265059793892e+04
9.069596563542319927e+04
9.102881261691999680e+04
9.135737702044089383e+04
9.168149636000535975e+04
9.200106773601753230e+04
9.231599530347836844e+04
9.262617849211976863e+04
9.293151889279253373e+04
9.323192452739294094e+04
9.352730711560217605e+04
9.381758129079551145e+04
9.410266414975190128e+04
9.438247510426417284e+04
9.465693594135482272e+04
7.765939079201461573e+04
7.725646649154691841e+04
7.806307659142349439e+04
7.846733107056784502e+04
7.887196507524796471e+04
7.927679198122746311e+04
7.968162790439819219e+04
8.008629093737965741e+04
8.049060220403410494e+04
8.089438405593876087e+04
8.129746110884963127e+04
8.169965704068289779e+04
8.210079461422540771e+04
8.250070489520480623e+04
8.289920442775236734e+04
8.329647062151190767e+04
8.369221660483987944e+04
8.408600458507752046e+04
8.447807783080851368e+04
8.486869193317589816e+04
8.525681522034198861e+04
8.564131700214113516e+04
8.602221745961513079e+04
8.640004759897814074e+04
8.677502792329649674e+04
8.714714044790640764e+04
8.751687635519042669e+04
8.788449946626111341e+04
8.824971978419621882e+04
8.861156110322535096e+04
8.896932517353263393e+04
8.932285245821544959e+04
8.967227342124767893e+04
9.001743514513439732e+04
9.035867919011173944e+04
9.069585651227661583e+04
9.102879049710468098e+04
9.135736873152501357e+04
9.168149966573860729e+04
9.200107781033370702e+04
9.231600717263833212e+04
9.262618817745393608e+04
9.293152551336295437e+04
9.323192847052740399e+04
9.352730893155939702e+04
9.381758146791080071e+04
9.410266347139766731e+04
7.685449342455930309e+04
7.645368008859107795e+04
7.725646092413600127e+04
7.765938434725222760e+04
7.806306917711719871e+04
7.846732378551126749e+04
7.887195903785810515e+04
7.927678824380102742e+04
7.968162722304662748e+04
8.008629464516813459e+04
8.049061014846616308e+04
8.089439661212760257e+04
8.129747791998025787e+04
8.169965753553564718e+04
8.210077098337993084e+04
8.250078514207592525e+04
8.289981939176323067e+04
8.329728354651699192e+04
8.369295377467958315e+04
8.408715220782716642e+04
8.447939675141924818e+04
8.486883892307640053e+04
8.525505959014831751e+04
8.563832007226681162e+04
8.601884204817305726e+04
8.639658541524490283e+04
8.677202093401177262e+04
8.714558625423508056e+04
8.751730968710630259e+04
8.788632066376099829e+04
8.825139832119063067e+04
8.861230367920489516e+04
8.896938433059160889e+04
8.932257900268502999e+04
8.967184203805163270e+04
9.001725296637225256e+04
9.035861554385484487e+04
9.069582603642011236e+04
9.102877068630176655e+04
9.135736289921554271e+04
9.168150185097982467e+04
9.200108550903470314e+04
9.231601525828834565e+04
9.262619436749817396e+04
9.293152975323400460e+04
9.323193077538746002e+04
9.352730968445782491e+04
7.605421775092212192e+04
7.565631727835493803e+04
7.645367539239682083e+04
7.685448675840336364e+04
7.725645149136388500e+04
7.765937330671852396e+04
7.806305809306722949e+04
7.846731424051897193e+04
7.887195214457456314e+04
7.927678493150880968e+04
7.968162851425200643e+04
8.008630047030987043e+04
8.049062404936651001e+04
8.089440521883977635e+04
8.129746474419916922e+04
8.169976871354867762e+04
8.210133003704417206e+04
8.250198221109995211e+04
8.290092458552848257e+04
8.329825406841821678e+04
8.369390103986632312e+04
8.408734198542244849e+04
8.447816437868762296e+04
8.486633353974878264e+04
8.525195124126983865e+04
8.563493860593553109e+04
8.601563225511813653e+04
8.639446536932534946e+04
8.677179138486516604e+04
8.714728345097134297e+04
8.751938986445627233e+04
8.788744159366178792e+04
8.825165639284391364e+04
8.861234027441499347e+04
8.896922670877109340e+04
8.932242858695915493e+04
8.967179154352452315e+04
9.001721415006292227e+04
9.035858365257897822e+04
9.069580002814148611e+04
9.102875936183019076e+04
9.135736098054288595e+04
9.168150525666872272e+04
9.200109065668232506e+04
9.231602003914820671e+04
9.262619823752030788e+04
9.293153249558999960e+04
7.526017989604467584e+04
7.486601498383912258e+04
7.565631567072807229e+04
7.605421347749490815e+04
7.645366702674700355e+04
7.685447452847012028e+04
7.725643703065365844e+04
7.765935860270507692e+04
7.806304503160728200e+04
7.846730378442800429e+04
7.887194512549530191e+04
7.927678056014102185e+04
7.968163064720825059e+04
8.008630544830307190e+04
8.049058673636474123e+04
8.089468033791918424e+04
8.129809943131469481e+04
8.170121174322412116e+04
8.210313850463909330e+04
8.250324047314823838e+04
8.290170294114896387e+04
8.329833238921659358e+04
8.369289671132114017e+04
8.408528121999367431e+04
8.447545079744452960e+04
8.486327368852788641e+04
8.524890426402447338e+04
8.563262963744242734e+04
8.601480586154935008e+04
8.639568044792297587e+04
8.677424339428124949e+04
8.714902268914117303e+04
8.752013209050071600e+04
8.788775249750737567e+04
8.825181087558581203e+04
8.861230636617727578e+04
8.896920849829183135e+04
8.932240042531170184e+04
8.967176405985851306e+04
9.001718878619093448e+04
9.035856474603233801e+04
9.069578779004838725e+04
9.102875442068885604e+04
9.135736133211938431e+04
9.168150737244264747e+04
9.200109372499033634e+04
9.231602362771739718e+04
7.447403616600869282e+04
7.408444982872197579e+04
7.486601767712370201e+04
7.526018013924264233e+04
7.565631182176461152e+04
7.605420425957388943e+04
7.645365314619262062e+04
7.685445758922492678e+04
7.725641917124275642e+04
7.765934140640428814e+04
7.806302913625950168e+04
7.846728996039195044e+04
7.887193425076251151e+04
7.927677967198878468e+04
7.968162536632915726e+04
8.008672525225947902e+04
8.049155817483540159e+04
8.089621534164698096e+04
8.130051272057741880e+04
8.170315038249974896e+04
8.210395465282975056e+04
8.250310372569269384e+04
8.290059855927676836e+04
8.329641095584844879e+04
8.369046484163716377e+04
8.408256661871446704e+04
8.447278403409892053e+04
8.486116874291167187e+04
8.524788095265980519e+04
8.563325242125293880e+04
8.601723463139437081e+04
8.639817373104246508e+04
8.677562832547903236e+04
8.714977167380003084e+04
8.752050986940019357e+04
8.788783138976519695e+04
8.825179484771634452e+04
8.861228932970306778e+04
8.896919052845786791e+04
8.932238219408574514e+04
8.967174674935454095e+04
9.001717397762431938e+04
9.035855457759466663e+04
9.069578242064802907e+04
9.102875210615985270e+04
9.135736116331837547e+04
9.168150925090404053e+04
7.369748136240117310e+04
7.331333581550970848e+04
7.408445626890123822e+04
7.447404143537515483e+04
7.486602008086360001e+04
7.526017776284478896e+04
7.565630366473205504e+04
7.605419064079190139e+04
7.645363537414443272e+04
7.685443677466629015e+04
7.725639618008625985e+04
7.765931724479651893e+04
7.806300576793233631e+04
7.846727195126751030e+04
7.887198083045064413e+04
7.927724545812238648e+04
7.968298747517213633e+04
8.008845199049610528e+04
8.049412215195367753e+04
8.089877620461636980e+04
8.130157799777797482e+04
8.170272348094498739e+04
8.210247165860228415e+04
8.250095353040737973e+04
8.289816356310933770e+04
8.329382723242862266e+04
8.368805197830407997e+04
8.408080017808293633e+04
8.447193863932452223e+04
8.486151000411604764e+04
8.524986328123853309e+04
8.563617186470628076e+04
8.601935620327277866e+04
8.639936628626348102e+04
8.677627317636116641e+04
8.714995510735838616e+04
8.752050062426668592e+04
8.788781733696076844e+04
8.825178413225222903e+04
8.861227843534405110e+04
8.896917961105045106e+04
8.932237062056828290e+04
8.967173652472691901e+04
9.001716595564580348e+04
9.035854897493864701e+04
9.069577869488019496e+04
9.102875064602440398e+04
7.293224660549133841e+04
7.255442145513366268e+04
7.331334390181650815e+04
7.369749020919798932e+04
7.408446428177163762e+04
7.447404685164288094e+04
7.486602100456554035e+04
7.526017299016364268e+04
7.565629284666589228e+04
7.605417381793980894e+04
7.645361160471518815e+04
7.685440630303416401e+04
7.725636049580734107e+04
7.765927222492374131e+04
7.806297497499955352e+04
7.846772125550052442e+04
7.887349502173492510e+04
7.927937712245213334e+04
7.968535202778836538e+04
8.009112640688083775e+04
8.049542937563400483e+04
8.089813430505614087e+04
8.129959522707722499e+04
8.170009666384251614e+04
8.209973828711487295e+04
8.249822768566447485e+04
8.289569176391472865e+04
8.329217565528668638e+04
8.368742748342252162e+04
8.408113073088531382e+04
8.447340060694060230e+04
8.486424504442310717e+04
8.525239661879377672e+04
8.563772229177504778e+04
8.602012649661766773e+04
8.639966358201285766e+04
8.677629619633576658e+04
8.714994572748783685e+04
8.752049234707305732e+04
8.788781058796397701e+04
8.825177747570426436e+04
8.861227132786030415e+04
8.896917233149225649e+04
8.932236357102300099e+04
8.967173024359958072e+04
9.001716044584370684e+04
9.035854488266247790e+04
7.218009658895550820e+04
7.180948628122861555e+04
7.255442855227240943e+04
7.293225618058179680e+04
7.331335482268669875e+04
7.369750114718865370e+04
7.408447374692953599e+04
7.447405303808859026e+04
7.486602244932002213e+04
7.526016798893282248e+04
7.565627870242533390e+04
7.605414825651478895e+04
7.645357234726483875e+04
7.685433514183286752e+04
7.725625371462178009e+04
7.765959170961500786e+04
7.806448213860842225e+04
7.847024747312201362e+04
7.887590753171144752e+04
7.928164592942291347e+04
7.968663579406873032e+04
8.009036963308704435e+04
8.049306091708430904e+04
8.089503218641840795e+04
8.129641892177709087e+04
8.169703432078509650e+04
8.209701926918595564e+04
8.249639239810967410e+04
8.289508414760800952e+04
8.329256480291296612e+04
8.368859527075929509e+04
8.408334238467720570e+04
8.447600287579075666e+04
8.486592421187824220e+04
8.525321132749102253e+04
8.563801757404580712e+04
8.602020344172183832e+04
8.639967233451061475e+04
8.677629551818483742e+04
8.714994337004919362e+04
8.752048888657968200e+04
8.788780677856928378e+04
8.825177325777868100e+04
8.861226658433424018e+04
8.896916724528057966e+04
8.932235835361207137e+04
8.967172553147848521e+04
7.144282564767469012e+04
7.108033668877270247e+04
7.180949081136625318e+04
7.218010417549988779e+04
7.255443876058800379e+04
7.293226853987289360e+04
7.331336861917565693e+04
7.369751540454335918e+04
7.408448730411962606e+04
7.447406314600516635e+04
7.486602590124309063e+04
7.526016021382446343e+04
7.565624986894176982e+04
7.605406586305667588e+04
7.645340238357172348e+04
7.685455718894793245e+04
7.725770449441423989e+04
7.766232898259475769e+04
7.806733879495605652e+04
7.847215274180070264e+04
7.887680511021634447e+04
7.928080060231166135e+04
7.968413892573898192e+04
8.008704319980560103e+04
8.048954850533478020e+04
8.089161966581690649e+04
8.129345867652239394e+04
8.169503463895367167e+04
8.209621482318080962e+04
8.249676223053976719e+04
8.289601869329613692e+04
8.329434088836841693e+04
8.369098114566503500e+04
8.408508608493959764e+04
8.447669675699750951e+04
8.486615752490526938e+04
8.525331811880655005e+04
8.563805264690968033e+04
8.602021975979534909e+04
8.639967951719115081e+04
8.677629791036630922e+04
8.714994322737432958e+04
8.752048745826804952e+04
8.788780436277348781e+04
8.825176994814780483e+04
8.861226266635314096e+04
8.896916340789168316e+04
7.072225260908126074e+04
7.036880103047341981e+04
7.108033893350926519e+04
7.144283024479119922e+04
7.180949783653255145e+04
7.218011390735478199e+04
7.255445146567677148e+04
7.293228448811742419e+04
7.331338787483640772e+04
7.369753714209909958e+04
7.408450844446757401e+04
7.447407858706374827e+04
7.486602941979862226e+04
7.526011642971295805e+04
7.565603227219836845e+04
7.605415043124224758e+04
7.645481379850437224e+04
7.685734373456683534e+04
7.726089663228135032e+04
7.766441620269404666e+04
7.806779162283144251e+04
7.847111412978859153e+04
7.887434693028943730e+04
7.927755547848224523e+04
7.968059684009113698e+04
8.008349366450581874e+04
8.048649361374608998e+04
8.088962951796040579e+04
8.129260569602633768e+04
8.169526537470774201e+04
8.209729928440661752e+04
8.249835335421058699e+04
8.289838643719053653e+04
8.329628023140279402e+04
8.369172602177488443e+04
8.408524502289523662e+04
8.447678467278630706e+04
8.486620251934959379e+04
8.525334833048919972e+04
8.563807268922851654e+04
8.602023166230124480e+04
8.639968614492472261e+04
8.677630069480092789e+04
8.714994374691536359e+04
8.752048628248793830e+04
8.788780199366282613e+04
8.825176733702089405e+04
7.002021473611921829e+04
6.967672393555312010e+04
7.036880222161205893e+04
7.072225500220373215e+04
7.108034266912384192e+04
7.144283574996249808e+04
7.180950584090418124e+04
7.218012546774337534e+04
7.255446793080982752e+04
7.293230752596940147e+04
7.331341707301897986e+04
7.369757019692106405e+04
7.408454056866753672e+04
7.447411659113263886e+04
7.486583109653214342e+04
7.525995667873424827e+04
7.565720309497891867e+04
7.605689766041759867e+04
7.645800840547360713e+04
7.685969354269500764e+04
7.726129332866922778e+04
7.766310277773653797e+04
7.806535079538839636e+04
7.846810006083111512e+04
7.887105931488254282e+04
7.927421669852659397e+04
7.967770572433287452e+04
8.008165318560654123e+04
8.048585285908213700e+04
8.088978890679926553e+04
8.129348861103305535e+04
8.169691736538235273e+04
8.209974999606140773e+04
8.250054857409905526e+04
8.289939042642182903e+04
8.329642692998168059e+04
8.369175273421652673e+04
8.408526769295326085e+04
8.447680962179253402e+04
8.486622621584452281e+04
8.525336722759348049e+04
8.563808647209036280e+04
8.602024054866765800e+04
8.639969103953840386e+04
8.677630269372732437e+04
8.714994352361347410e+04
8.752048492644028738e+04
6.933856199275668769e+04
6.900595981044483779e+04
6.967672493425531138e+04
7.002021620695442834e+04
7.036880407046434993e+04
7.072225740911190223e+04
7.108034601886081509e+04
7.144284092987385520e+04
7.180951446469446819e+04
7.218013992551011324e+04
7.255449141437059734e+04
7.293234187293736613e+04
7.331346177526151587e+04
7.369763316126266727e+04
7.408467083089321386e+04
7.447367439148471749e+04
7.486643572397627577e+04
7.526240083631406014e+04
7.566028969155455707e+04
7.605920794993861637e+04
7.645857310462376336e+04
7.685828964907657064e+04
7.725877397856138123e+04
7.766023074334172998e+04
7.806239181243635539e+04
7.846517729600158054e+04
7.886860364277340705e+04
7.927262047405683552e+04
7.967726947724589263e+04
8.008203542113228468e+04
8.048654546903335722e+04
8.089129010262039083e+04
8.129612117606194806e+04
8.169961137353711820e+04
8.210085990646295249e+04
8.250083251208711590e+04
8.289937602892053837e+04
8.329640271970062167e+04
8.369175430265864998e+04
8.408527894174148969e+04
8.447682477846268739e+04
8.486624125760837342e+04
8.525337989743426442e+04
8.563809559017478023e+04
8.602024645249417517e+04
8.639969397476810263e+04
8.677630333988439816e+04
6.867915081837166508e+04
6.835836548614427738e+04
6.900596080620255088e+04
6.933856329691868450e+04
6.967672616499436845e+04
7.002021734735619975e+04
7.036880510837763723e+04
7.072225846540679049e+04
7.108034773337312799e+04
7.144284494966789498e+04
7.180952384234777128e+04
7.218015922564396169e+04
7.255452552040452429e+04
7.293239093922205211e+04
7.331354075003963953e+04
7.369711443407666229e+04
7.408433225184897310e+04
7.447547085076890653e+04
7.486923968039509782e+04
7.526459362247414538e+04
7.566089611479951418e+04
7.605797677631430270e+04
7.645606454652581306e+04
7.685545867003669264e+04
7.725603367995450390e+04
7.765767502027250885e+04
7.806041335817927029e+04
7.846395570497000881e+04
7.886820669772555993e+04
7.927317003863801074e+04
7.967802962144215417e+04
8.008301682216608606e+04
8.048888993546506390e+04
8.089401931662895367e+04
8.129744227691392007e+04
8.169971767970504879e+04
8.210085975461428461e+04
8.250079210143345699e+04
8.289935521810820501e+04
8.329639419967251888e+04
8.369175536685007683e+04
8.408528593211901898e+04
8.447683423084170499e+04
8.486625066334714938e+04
8.525338793381142023e+04
8.563810150903953763e+04
8.602025007001290214e+04
6.804383622353324608e+04
6.773579200079484144e+04
6.835836645931095700e+04
6.867915210693639528e+04
6.900596193579875398e+04
6.933856417516169313e+04
6.967672670442392700e+04
7.002021732593214256e+04
7.036880424446881807e+04
7.072225678227284516e+04
7.108034623416712566e+04
7.144284648172087327e+04
7.180953380212410411e+04
7.218017786455666646e+04
7.255452684897214931e+04
7.293218597209062136e+04
7.331288388469969505e+04
7.369797153254655132e+04
7.408657464215219079e+04
7.447751002674580377e+04
7.486991465357319976e+04
7.526356960990975494e+04
7.565861164747971634e+04
7.605525209902778442e+04
7.645345063166000182e+04
7.685310278407756414e+04
7.725433010647654010e+04
7.765681841558018641e+04
7.806007073525989836e+04
7.846428058609961590e+04
7.886917643768181733e+04
7.927404377759312047e+04
7.967972023629309842e+04
8.008577524406550219e+04
8.049052222695814271e+04
8.089441845460666809e+04
8.129749133363110013e+04
8.169968510910125042e+04
8.210083268528127519e+04
8.250077154975703161e+04
8.289934254108315508e+04
8.329638898079717183e+04
8.369175587027166330e+04
8.408528996298846323e+04
8.447684001816893579e+04
8.486625682620599400e+04
8.525339370643046277e+04
6.743446298885288707e+04
6.714007551717973547e+04
6.773579291663695767e+04
6.804383746585721383e+04
6.835836755266699765e+04
6.867915294199516939e+04
6.900596249228242959e+04
6.933856433684988588e+04
6.967672610764957790e+04
7.002021530563308625e+04
7.036880003396277607e+04
7.072225013336256961e+04
7.108033860674132302e+04
7.144283990325099148e+04
7.180951033627591096e+04
7.218012879889410397e+04
7.255411098930781009e+04
7.293210245885726181e+04
7.331427450882566336e+04
7.369965994183627481e+04
7.408735817633279657e+04
7.447677311844493670e+04
7.486797016531741247e+04
7.526112543060623284e+04
7.565618502687237924e+04
7.605302609766105888e+04
7.645183793499511376e+04
7.685240308034959889e+04
7.725410588208054833e+04
7.765678828600412817e+04
7.806084908924334741e+04
7.846540872949319601e+04
7.887036654028257180e+04
7.927625581662538752e+04
7.968164485518034780e+04
8.008631464899731509e+04
8.049062355325343378e+04
8.089440070758447109e+04
8.129747157720186806e+04
8.169966537338882335e+04
8.210081537420327368e+04
8.250075840215977223e+04
8.289933431386132725e+04
8.329638519708235981e+04
8.369175566360041557e+04
8.408529246979611344e+04
8.447684468824991200e+04
6.685285616463496990e+04
6.657302739732795453e+04
6.714007632731167541e+04
6.743446413672296330e+04
6.773579392834632017e+04
6.804383823359181406e+04
6.835836808342246513e+04
6.867915325158483756e+04
6.900596248720350559e+04
6.933856362901646935e+04
6.967672384352452355e+04
7.002021005235397024e+04
7.036879005234190845e+04
7.072223446592710388e+04
7.108031233375291049e+04
7.144287664209619106e+04
7.180957326431655383e+04
7.217989363215274352e+04
7.255447406152385520e+04
7.293309741811249114e+04
7.331497483388968976e+04
7.369931095474657195e+04
7.408584984381197137e+04
7.447470767752558459e+04
7.486586027993123571e+04
7.525909913692191185e+04
7.565461607534269569e+04
7.605234276455781946e+04
7.645166540519935370e+04
7.685210841393168084e+04
7.725436750312399818e+04
7.765804247217600641e+04
7.806209036905741959e+04
7.846690037753677461e+04
7.887198297041507612e+04
7.927681282443487726e+04
7.968164658696153492e+04
8.008630720407025365e+04
8.049061354060449230e+04
8.089438836513242859e+04
8.129745792481415265e+04
8.169965191582748957e+04
8.210080362915240403e+04
8.250074936149195128e+04
8.289932820758777962e+04
8.329638222056969244e+04
8.369175602087478910e+04
6.630081076352101809e+04
6.603642348639627744e+04
6.657302807095921889e+04
6.685285717025182385e+04
6.714007719569372421e+04
6.743446476608137891e+04
6.773579433808221074e+04
6.804383847904625873e+04
6.835836821056857298e+04
6.867915319088078104e+04
6.900596196107361175e+04
6.933856186940829502e+04
6.967671916413529834e+04
7.002019961688261537e+04
7.036877419446405838e+04
7.072235909120472206e+04
7.108064885649850476e+04
7.144304009687206417e+04
7.180931822159446892e+04
7.218002221608467516e+04
7.255479106470514671e+04
7.293296972838803777e+04
7.331397529797605239e+04
7.369769459738016303e+04
7.408413447537559841e+04
7.447299686027120333e+04
7.486438940867340716e+04
7.525838404868093494e+04
7.565448308760345390e+04
7.605200535570704960e+04
7.645135312572051771e+04
7.685317673842904333e+04
7.725589143220701953e+04
7.765914466125174658e+04
7.806310489485130529e+04
7.846735398176051967e+04
7.887198336065049807e+04
7.927680855484541098e+04
7.968164226965197304e+04
8.008630136658569972e+04
8.049060581119306153e+04
8.089437907794961939e+04
8.129744784505690041e+04
8.169964216231982573e+04
8.210079495546895487e+04
8.250074246516329003e+04
8.289932392874358629e+04
6.578008068510783778e+04
6.553199268196139019e+04
6.603642407760351489e+04
6.630081163416069467e+04
6.657302875582234992e+04
6.685285757248719165e+04
6.714007736176512844e+04
6.743446478888650017e+04
6.773579430459665309e+04
6.804383840887741826e+04
6.835836808209458832e+04
6.867915289989874873e+04
6.900596100425998156e+04
6.933855891886995232e+04
6.967671342256529897e+04
7.002040325602517987e+04
7.036933140521284076e+04
7.072288976093874953e+04
7.108051882821564504e+04
7.144244795324253209e+04
7.180900372005494137e+04
7.217975208373187343e+04
7.255414276497926039e+04
7.293180197023278743e+04
7.331266023532279360e+04
7.369637735730268469e+04
7.408286536327302747e+04
7.447221923963729932e+04
7.486432424212923797e+04
7.525824610208660306e+04
7.565391921568058024e+04
7.605255267996127077e+04
7.645311649281276914e+04
7.685436121641217323e+04
7.725648757631448098e+04
7.765941336086693627e+04
7.806309441604158201e+04
7.846734646603197325e+04
7.887197959802471451e+04
7.927680560909812630e+04
7.968163866460636200e+04
8.008629637602456205e+04
8.049059936882001057e+04
8.089437159236654406e+04
8.129743996061570942e+04
8.169963448964391137e+04
8.210078844013063645e+04
6.529236692578704242e+04
6.506140489912187331e+04
6.553199337271982949e+04
6.578008155311626615e+04
6.603642464621372346e+04
6.630081178586796159e+04
6.657302855584975623e+04
6.685285716926453460e+04
6.714007692114515521e+04
6.743446439372176246e+04
6.773579396820910915e+04
6.804383814113361586e+04
6.835836778267238697e+04
6.867915245638576744e+04
6.900596224954792706e+04
6.933875151170624304e+04
6.967746206151873048e+04
7.002117790799573413e+04
7.036950456008540641e+04
7.072213631629831798e+04
7.107955743480801175e+04
7.144174398615882092e+04
7.180831168579797668e+04
7.217883852040702186e+04
7.255308531832126027e+04
7.293086165801661264e+04
7.331173690782093036e+04
7.369566607511187613e+04
7.408275405552363372e+04
7.447253529823779536e+04
7.486410421850219427e+04
7.525832879173922993e+04
7.565553212225653988e+04
7.605403059233872045e+04
7.645364638140302850e+04
7.685449329357846000e+04
7.725647300303011434e+04
7.765940080935970764e+04
7.806308749440312386e+04
7.846734294234518893e+04
7.887197736895365233e+04
7.927680311378264742e+04
7.968163519090526097e+04
8.008629167631106975e+04
8.049059371686885424e+04
8.089436536487679405e+04
8.129743389494747680e+04
6.483930521116871387e+04
6.462625856990023749e+04
6.506140590518918907e+04
6.529236803026560665e+04
6.553199405666489474e+04
6.578008163513256295e+04
6.603642412383663759e+04
6.630081081547858776e+04
6.657302743490408466e+04
6.685285609046170430e+04
6.714007604178057227e+04
6.743446367687270686e+04
6.773579326059242885e+04
6.804383729628672882e+04
6.835838174751668703e+04
6.867925467607562314e+04
6.900665013181006361e+04
6.933968238298162760e+04
6.967773583264394256e+04
7.002054551750721294e+04
7.036815417532266292e+04
7.072086197976116091e+04
7.107849811396672158e+04
7.144075955890626938e+04
7.180723722286276461e+04
7.217798991632532852e+04
7.255257116619496082e+04
7.293041486181989603e+04
7.331159114560762828e+04
7.369623642443105928e+04
7.408331022050829779e+04
7.447263555735595583e+04
7.486518663599142747e+04
7.525988333770423196e+04
7.565619735088141169e+04
7.605415614970651222e+04
7.645365255066574900e+04
7.685448756941984175e+04
7.725646629982402374e+04
7.765939605481611216e+04
7.806308478329070203e+04
7.846734115087335522e+04
7.887197545118848211e+04
7.927680040167155676e+04
7.968163159554815502e+04
8.008628740864865540e+04
8.049058934609910648e+04
6.442245331635288312e+04
6.422806784787680226e+04
6.462625993324004958e+04
6.483930672273883829e+04
6.506140698780409730e+04
6.529236843058440718e+04
6.553199358260267036e+04
6.578008031334151747e+04
6.603642228602514660e+04
6.630080875599599676e+04
6.657302566286512592e+04
6.685285439274105011e+04
6.714007451059912273e+04
6.743446203068546311e+04
6.773579415340234118e+04
6.804386176695908944e+04
6.835868842936745204e+04
6.868016396090338822e+04
6.900698742178158136e+04
6.933913525136587850e+04
6.967637364413806063e+04
7.001884708893996140e+04
7.036663941969750158e+04
7.071959048790995439e+04
7.107720042062856373e+04
7.143966307647776557e+04
7.180683775652051554e+04
7.217803863696457120e+04
7.255267752295520040e+04
7.293099665539781563e+04
7.331279013840558764e+04
7.369691933916961716e+04
7.408391423516930081e+04
7.447380807393344003e+04
7.486586431366730540e+04
7.526006560377440474e+04
7.565624203318583022e+04
7.605417616094979167e+04
7.645365910513752897e+04
7.685448813876762870e+04
7.725646513687096012e+04
7.765939486481060158e+04
7.806308363608231593e+04
7.846733956376701826e+04
7.887197317262219440e+04
7.927679762906930409e+04
7.968162882340680517e+04
6.404327833784581162e+04
6.386824972542246542e+04
6.422806936562570627e+04
6.442245515821562003e+04
6.462626149628182611e+04
6.483930773957027122e+04
6.506140712481964147e+04
6.529236748696697032e+04
6.553199161809309589e+04
6.578007757695796317e+04
6.603641911173750123e+04
6.630080539916492125e+04
6.657302230085832707e+04
6.685285120522796933e+04
6.714007295695271750e+04
6.743446015427802922e+04
6.773578650288707286e+04
6.804439221615901624e+04
6.835924476583789510e+04
6.867972670567354362e+04
6.900583090451075986e+04
6.933741993099408865e+04
6.967457589738800016e+04
7.001730753388546873e+04
7.036510917886125389e+04
7.071814015634563111e+04
7.107652657870692201e+04
7.144003715176715923e+04
7.180758037371262617e+04
7.217880249435632140e+04
7.255399760724416410e+04
7.293232706835637509e+04
7.331330712393012072e+04
7.369747564724707627e+04
7.408441184141884150e+04
7.447394823927253310e+04
7.486592550789950474e+04
7.526010937108880898e+04
7.565626940394188568e+04
7.605419135519252450e+04
7.645366642754984787e+04
7.685449110270100937e+04
7.725646607788630354e+04
7.765939461361929716e+04
7.806308238759996311e+04
7.846733765882140142e+04
7.887197141396235384e+04
6.370314394062820793e+04
6.354811128568169806e+04
6.386825114178888180e+04
6.404328023526608740e+04
6.422807117784357979e+04
6.442245668313305941e+04
6.462626248453110020e+04
6.483930785631537583e+04
6.506140605824317754e+04
6.529236531102144363e+04
6.553198818964336533e+04
6.578007275306610973e+04
6.603641373291211494e+04
6.630079943975726201e+04
6.657302179920264462e+04
6.685287416728395328e+04
6.714003832859995600e+04
6.743461939894351235e+04
6.773651728017808637e+04
6.804448524643898418e+04
6.835846764057720429e+04
6.867836265240641660e+04
6.900411653760579065e+04
6.933578610941559600e+04
6.967296458683088713e+04
7.001569011160181253e+04
7.036412112623575376e+04
7.071839087706012651e+04
7.107792248087946791e+04
7.144145144528384844e+04
7.180894238073921588e+04
7.218033425089599041e+04
7.255476824760659656e+04
7.293244120564447076e+04
7.331345755899559299e+04
7.369750464293685218e+04
7.408442526890628505e+04
7.447398121296540194e+04
7.486595950992334110e+04
7.526013621038722340e+04
7.565628855657880194e+04
7.605420325589225104e+04
7.645367298405636393e+04
7.685449424888215435e+04
7.725646686249419872e+04
7.765939375753363129e+04
7.806308113648726430e+04
6.340329768503718515e+04
6.326883733849638520e+04
6.354811252111553767e+04
6.370314567576305853e+04
6.386825287387887511e+04
6.404328184978367790e+04
6.422807262836961308e+04
6.442245776894721348e+04
6.462626291214567027e+04
6.483930755201241845e+04
6.506140418654453970e+04
6.529236035161298787e+04
6.553198196474288852e+04
6.578006440708274022e+04
6.603640782133046014e+04
6.630084289651786094e+04
6.657311428587678529e+04
6.685304650435222720e+04
6.714076924751793558e+04
6.743544106607305002e+04
6.773635660910811566e+04
6.804358239525207318e+04
6.835706551239390683e+04
6.867682120183385268e+04
6.900255909552119556e+04
6.933422032233478967e+04
6.967184518072147330e+04
7.001563423556556518e+04
7.036558327050930529e+04
7.072057425849589345e+04
7.107966196848051914e+04
7.144290600309990987e+04
7.180990358797211957e+04
7.218038137407746399e+04
7.255462374303821707e+04
7.293237732401637186e+04
7.331340390954913164e+04
7.369748937598132761e+04
7.408443061219439551e+04
7.447399937542410044e+04
7.486598204775950580e+04
7.526015542438466218e+04
7.565630212037407910e+04
7.605421199896295730e+04
7.645367780261696316e+04
7.685449591134807270e+04
7.725646656838797207e+04
6.314485883087023831e+04
6.303147869724574412e+04
6.326883847142963350e+04
6.340329924198548542e+04
6.354811402650861419e+04
6.370314705495526869e+04
6.386825419435173535e+04
6.404328317889809841e+04
6.422807393115679588e+04
6.442245898692405171e+04
6.462626354025289038e+04
6.483930669319117442e+04
6.506140047764751216e+04
6.529235401792731136e+04
6.553196283710023272e+04
6.578009008723379520e+04
6.603659290492796572e+04
6.630123722596144944e+04
6.657397715980872454e+04
6.685431398684665328e+04
6.714137354590662289e+04
6.743498093893103942e+04
6.773523473965209268e+04
6.804217490893542708e+04
6.835558870426846261e+04
6.867535214997080038e+04
6.900148776324768551e+04
6.933396712165541248e+04
6.967290525557608635e+04
7.001795946167643706e+04
7.036790796505668550e+04
7.072212425948500459e+04
7.108061473514320096e+04
7.144307712355793046e+04
7.180966725692212640e+04
7.218025011974174413e+04
7.255453835764266842e+04
7.293232450185333437e+04
7.331336892369780981e+04
7.369747823059275106e+04
7.408443423832398548e+04
7.447401420497607614e+04
7.486599789914836583e+04
7.526016794557016692e+04
7.565631132136446831e+04
7.605421760855858156e+04
7.645368018680765817e+04
6.292880703957102378e+04
6.283694137066646363e+04
6.303147980936876411e+04
6.314486030230979668e+04
6.326883981299322477e+04
6.340330036455777008e+04
6.354811498864999885e+04
6.370314801950202673e+04
6.386825532346749242e+04
6.404328462634979951e+04
6.422807591609316296e+04
6.442246095366048394e+04
6.462626420856342884e+04
6.483930510400802450e+04
6.506138743246907688e+04
6.529231422817531711e+04
6.553213116830639046e+04
6.578061436467101157e+04
6.603762275628503994e+04
6.630269808746945637e+04
6.657504431267257314e+04
6.685422893535561161e+04
6.714035939891891030e+04
6.743357103118175291e+04
6.773379305324402230e+04
6.804072071145543305e+04
6.835447839359921636e+04
6.867505297231975419e+04
6.900216107492275478e+04
6.933578823863681464e+04
6.967540810930698353e+04
7.001987390789070923e+04
7.036887910475103126e+04
7.072240228560844844e+04
7.108044738753743877e+04
7.144293908046385332e+04
7.180959196272742702e+04
7.218018418199800362e+04
7.255448460700806754e+04
7.293227960924989020e+04
7.331334871535269485e+04
7.369747520769792027e+04
7.408444125696607807e+04
7.447402418722267612e+04
7.486600762289238628e+04
7.526017626655206550e+04
7.565631737405397871e+04
6.275597220118701080e+04
6.268597692798924982e+04
6.283694248625872569e+04
6.292880849590493744e+04
6.303148109441257111e+04
6.314486130454146769e+04
6.326884054795459815e+04
6.340330093082977692e+04
6.354811556220876082e+04
6.370314882763448986e+04
6.386825666789268143e+04
6.404328685570333619e+04
6.422807908779146965e+04
6.442246420065883285e+04
6.462627013421417359e+04
6.483921507649061823e+04
6.506138400363374240e+04
6.529279859419901186e+04
6.553315296053842758e+04
6.578210533565715014e+04
6.603882950049419014e+04
6.630281548142625252e+04
6.657404689256298298e+04
6.685269544746268366e+04
6.713880889267379825e+04
6.743211753699362453e+04
6.773258641719007574e+04
6.804032818697985203e+04
6.835509631009318400e+04
6.867640595906655653e+04
6.900423844591052330e+04
6.933797201941900130e+04
6.967662072626462032e+04
7.002024178109722561e+04
7.036882728711752861e+04
7.072230509893513226e+04
7.108040012016713445e+04
7.144289091464901867e+04
7.180954642498899193e+04
7.218014219223005057e+04
7.255445261545815447e+04
7.293225887329841498e+04
7.331334092947364843e+04
7.369747632183333917e+04
7.408444559008892975e+04
7.447403070518885215e+04
7.486601504364247376e+04
6.262702548575850233e+04
6.257917427999694337e+04
6.268597804521778744e+04
6.275597366087722912e+04
6.283694376473096781e+04
6.292880947370944341e+04
6.303148177071187092e+04
6.314486172812801669e+04
6.326884079299282894e+04
6.340330112224400364e+04
6.354811592064338038e+04
6.370314973980584182e+04
6.386825867702573305e+04
6.404329043454202474e+04
6.422808195296870690e+04
6.442240927770842245e+04
6.462609582126627356e+04
6.483943063958350831e+04
6.506223860921929736e+04
6.529408096705999196e+04
6.553430773929494899e+04
6.578227311097837810e+04
6.603785925287946884e+04
6.630120670127555786e+04
6.657237509116168076e+04
6.685125124360159680e+04
6.713764039785521163e+04
6.743163326586766925e+04
6.773321661419123120e+04
6.804166534642472106e+04
6.835670859059326176e+04
6.867838799038417346e+04
6.900576382059630123e+04
6.933849622327867837e+04
6.967667876648220408e+04
7.002020377041530446e+04
7.036881377321755281e+04
7.072228121832020406e+04
7.108037343614049314e+04
7.144286227266238711e+04
7.180951829795626691e+04
7.218011789178493200e+04
7.255443613626156002e+04
7.293225019976454496e+04
7.331333722980688617e+04
7.369747681607387494e+04
7.408444982686646108e+04
6.254247189818777406e+04
6.251695309830732731e+04
6.257917539841221878e+04
6.262702694781580794e+04
6.268597932600806234e+04
6.275597463920205337e+04
6.283694444238025608e+04
6.292880989894386585e+04
6.303148198607887025e+04
6.314486175796188763e+04
6.326884067369258992e+04
6.340330097942252905e+04
6.354811610528868187e+04
6.370315072243588656e+04
6.386825698577257572e+04
6.404328870538080082e+04
6.422790567523202481e+04
6.442225173676422128e+04
6.462659358353245625e+04
6.484041230455924961e+04
6.506318017799920199e+04
6.529427249548162945e+04
6.553343164633426932e+04
6.578073082549437822e+04
6.603626060276395583e+04
6.629976859351516759e+04
6.657137409710910288e+04
6.685091139865755395e+04
6.713825304240539845e+04
6.743307354073312308e+04
6.773470855814467359e+04
6.804316101365610666e+04
6.835819926337033394e+04
6.867908958492097736e+04
6.900588960422876698e+04
6.933851037895369518e+04
6.967669500537136628e+04
7.002020561771666689e+04
7.036880793217325117e+04
7.072226938019305817e+04
7.108035736962029478e+04
7.144284438440432132e+04
7.180950228203264123e+04
7.218010513800977787e+04
7.255442704378468625e+04
7.293224458584190870e+04
7.331333575583455968e+04
6.250264458236694190e+04
6.249955904455413111e+04
6.251695421755401185e+04
6.254247336170802737e+04
6.257917668046942708e+04
6.262702792722044251e+04
6.268598000675816002e+04
6.275597507867297827e+04
6.283694469873831258e+04
6.292880999972136487e+04
6.303148191331647831e+04
6.314486145867174491e+04
6.326884012485216226e+04
6.340330001206209272e+04
6.354810667458898388e+04
6.370315162341942778e+04
6.386819485016359249e+04
6.404293437253371667e+04
6.422787462946033338e+04
6.442288506695488468e+04
6.462727613086704514e+04
6.484059271080345934e+04
6.506249361811907147e+04
6.529294304029111663e+04
6.553197984102630289e+04
6.577938808293170587e+04
6.603534953108358604e+04
6.629971318786431220e+04
6.657210232045590237e+04
6.685225842507281050e+04
6.713967031858046539e+04
6.743414176998705079e+04
6.773572780346222862e+04
6.804386167013116938e+04
6.835834690623630013e+04
6.867910907835488615e+04
6.900591730283759534e+04
6.933853016056749038e+04
6.967670617334671260e+04
7.002020959678468353e+04
7.036880553968269669e+04
7.072226167481992161e+04
7.108034759294131072e+04
7.144283411221147981e+04
7.180949271470130770e+04
7.218009682094647724e+04
7.255442136914505681e+04
6.250770101247212733e+04
6.252706094815560937e+04
6.249956016583117889e+04
6.250264604723278899e+04
6.251695550028593425e+04
6.254247434123240964e+04
6.257917736100333423e+04
6.262702836858486990e+04
6.268598027780526900e+04
6.275597523142178397e+04
6.283694475217433501e+04
6.292880991961641848e+04
6.303148158577654976e+04
6.314486068682721088e+04
6.326882537344216689e+04
6.340325196837342810e+04
6.354804224274660373e+04
6.370278112190516549e+04
6.386770001685261377e+04
6.404307342817384779e+04
6.422835862870918936e+04
6.442302559643617133e+04
6.462680547082471458e+04
6.483957227310470626e+04
6.506128567872012354e+04
6.529180133091982134e+04
6.553121983441395423e+04
6.577954509735816100e+04
6.603631747667001036e+04
6.630097252710277098e+04
6.657321954414767970e+04
6.685293102251974051e+04
6.714010365887073567e+04
6.743456009471690049e+04
6.773584211908838188e+04
6.804384865719958907e+04
6.835835410560083983e+04
6.867912493305395765e+04
6.900593436226743506e+04
6.933854317186820845e+04
6.967671432029666903e+04
7.002021213754525525e+04
7.036880377726278675e+04
7.072225713451619959e+04
7.108034130890369124e+04
7.144282692543177109e+04
7.180948620406432019e+04
6.255762118161815306e+04
6.259935001103562536e+04
6.252706208067543776e+04
6.250770248492198152e+04
6.249956145229392132e+04
6.250264702787015267e+04
6.251695618026420561e+04
6.254247478143285844e+04
6.257917763151883992e+04
6.262702852853765944e+04
6.268598036911981035e+04
6.275597527249006816e+04
6.283694472117226542e+04
6.292880977110716049e+04
6.303147823308518127e+04
6.314476539316677372e+04
6.326863426725540921e+04
6.340289876235234988e+04
6.354739243361132685e+04
6.370246271587227966e+04
6.386793326658226579e+04
6.404322930382980121e+04
6.422806518924088596e+04
6.442231734494558623e+04
6.462587293838365440e+04
6.483864482369579491e+04
6.506070090910210274e+04
6.529199946760547027e+04
6.553228617857091740e+04
6.578082044730168127e+04
6.603711793457259773e+04
6.630117873607295041e+04
6.657313105015120527e+04
6.685295005253305135e+04
6.714014902118784084e+04
6.743451321703671420e+04
6.773582027854498301e+04
6.804384027734016126e+04
6.835835700535123760e+04
6.867913484178915678e+04
6.900594536786760727e+04
6.933855194881679199e+04
6.967671925030727289e+04
7.002021371306985384e+04
7.036880240433340077e+04
7.072225347984985274e+04
7.108033663679905294e+04
6.265220784000322601e+04
6.271614106265958253e+04
6.259935119158030284e+04
6.255762268931237486e+04
6.252706338894717192e+04
6.250770347617661901e+04
6.249956213647653203e+04
6.250264746834136167e+04
6.251695644867181545e+04
6.254247493737850891e+04
6.257917771996735974e+04
6.262702858259264030e+04
6.268598040628416493e+04
6.275597524557263387e+04
6.283694451447764732e+04
6.292871737398812547e+04
6.303118790031281969e+04
6.314434467516918812e+04
6.326803420978337090e+04
6.340237415115151089e+04
6.354736737839230773e+04
6.370263547926596220e+04
6.386781920709237602e+04
6.404278289187642076e+04
6.422738163752624678e+04
6.442156539306484774e+04
6.462540040914007113e+04
6.483883820601565094e+04
6.506157195744796627e+04
6.529324913858797663e+04
6.553298859902466211e+04
6.578066153222546563e+04
6.603660575308253465e+04
6.630086252676947333e+04
6.657308625843709160e+04
6.685290875161143776e+04
6.714011904013874300e+04
6.743449607351473242e+04
6.773580568987938750e+04
6.804383643107539683e+04
6.835835887769737747e+04
6.867914189231021737e+04
6.900595269629803079e+04
6.933855718114211049e+04
6.967672207832045387e+04
7.002021414731621917e+04
7.036880099965482077e+04
6.279108877748934174e+04
6.287697582979866274e+04
6.271614239866940625e+04
6.265220947135182359e+04
6.259935258460790646e+04
6.255762373029442824e+04
6.252706409969230299e+04
6.250770392931165406e+04
6.249956240830667230e+04
6.250264762186949520e+04
6.251695653046297957e+04
6.254247497855991242e+04
6.257917774577052478e+04
6.262702857653330284e+04
6.268597930012488359e+04
6.275596277825153084e+04
6.283667831051474786e+04
6.292829555121648445e+04
6.303070326949105220e+04
6.314390544692301773e+04
6.326792299487582204e+04
6.340253390612352086e+04
6.354743080109450966e+04
6.370242725073539623e+04
6.386735307803319301e+04
6.404216437459125882e+04
6.422693026026722509e+04
6.442167081059377961e+04
6.462606308722131507e+04
6.483978020723568625e+04
6.506233923917118227e+04
6.529306530875956378e+04
6.553203530179640074e+04
6.578011548333751853e+04
6.603646949154850154e+04
6.630084997114386351e+04
6.657306358211503539e+04
6.685288757637591334e+04
6.714009885804665100e+04
6.743447739937319420e+04
6.773579777028334502e+04
6.804383502759625844e+04
6.835836210963659687e+04
6.867914651138828776e+04
6.900595671625634714e+04
6.933856013495649677e+04
6.967672390983585501e+04
6.297372106009895651e+04
6.308122812967639766e+04
6.287697755267662433e+04
6.279109074630605028e+04
6.271614404968803137e+04
6.265221068647578795e+04
6.259935340460061707e+04
6.255762424787675991e+04
6.252706440515476424e+04
6.250770409830423159e+04
6.249956249432009645e+04
6.250264765674444061e+04
6.251695653056720039e+04
6.254247467810183298e+04
6.257917633285038028e+04
6.262701148142117745e+04
6.268582490342265373e+04
6.275558999686562311e+04
6.283635478006605990e+04
6.292802862605408882e+04
6.303064826842364710e+04
6.314407873840032698e+04
6.326810222028801218e+04
6.340253274150128709e+04
6.354717499088999466e+04
6.370194678498499707e+04
6.386689795687009610e+04
6.404210197266247269e+04
6.422741749134448037e+04
6.442232061179450830e+04
6.462671864826860838e+04
6.483992316026086337e+04
6.506170987487333332e+04
6.529245030492689693e+04
6.553204119538425584e+04
6.578011814184678951e+04
6.603645248140546028e+04
6.630083515545996488e+04
6.657304807853979582e+04
6.685287294227302482e+04
6.714008744927028602e+04
6.743446922351590183e+04
6.773579450380515482e+04
6.804383572449002531e+04
6.835836392208731559e+04
6.867914897808399110e+04
6.900595977195182058e+04
6.319939704310212255e+04
6.332811084388985910e+04
6.308123054967527423e+04
6.297372373474121559e+04
6.287697982641042472e+04
6.279109245885742712e+04
6.271614522861276782e+04
6.265221144531155005e+04
6.259935385640603636e+04
6.255762450614661793e+04
6.252706454234438570e+04
6.250770416298010241e+04
6.249956250314970384e+04
6.250264717520688282e+04
6.251695426430273801e+04
6.254247067450394388e+04
6.257912932291285688e+04
6.262683398168259737e+04
6.268564974772105779e+04
6.275550771690646798e+04
6.283637120288907317e+04
6.292820663712872920e+04
6.303086429729632800e+04
6.314419628570490022e+04
6.326803411207580211e+04
6.340222417585292715e+04
6.354676400013902457e+04
6.370173524855593132e+04
6.386713862532435451e+04
6.404266388507848023e+04
6.422789847681866377e+04
6.442275015139151219e+04
6.462653343855543062e+04
6.483936930798686808e+04
6.506145796758168581e+04
6.529240701799525414e+04
6.553202285364430281e+04
6.578010389465400658e+04
6.603644077018830285e+04
6.630082328862721624e+04
6.657303894815051171e+04
6.685286482659373723e+04
6.714008136540785199e+04
6.743446600345654588e+04
6.773579302485358494e+04
6.804383556413369661e+04
6.835836542568950972e+04
6.346725199909647927e+04
6.361668448338127200e+04
6.332811400391493225e+04
6.319940073951650993e+04
6.308123394485520112e+04
6.297372656362035923e+04
6.287698196849133819e+04
6.279109396737186034e+04
6.271614619223924092e+04
6.265221203822761890e+04
6.259935419703424122e+04
6.255762472320914821e+04
6.252706467079307913e+04
6.250770395861136058e+04
6.249955937052988884e+04
6.250263914033636684e+04
6.251694097741417499e+04
6.254241416929571278e+04
6.257903563392943033e+04
6.262682542715407180e+04
6.268569505217971164e+04
6.275561727054320363e+04
6.283652729819158412e+04
6.292832203990610287e+04
6.303090173880755174e+04
6.314405553736682486e+04
6.326772848816694022e+04
6.340195401827125897e+04
6.354678366074935911e+04
6.370214418995318556e+04
6.386766580330859142e+04
6.404317842981262220e+04
6.422821332054195955e+04
6.442254150736799784e+04
6.462629649136630906e+04
6.483933885300953989e+04
6.506143419022916351e+04
6.529239056638409238e+04
6.553201034933115443e+04
6.578009363547037356e+04
6.603643350701208692e+04
6.630081868049269542e+04
6.657303355942385679e+04
6.685286038426937012e+04
6.714007803113889531e+04
6.743446348215677426e+04
6.773579192519448407e+04
6.377627342581658741e+04
6.394586709870234336e+04
6.361668757806815120e+04
6.346725637927359639e+04
6.332811866822352022e+04
6.319940533217418852e+04
6.308123804847777501e+04
6.297372993809806212e+04
6.287698442419873754e+04
6.279109562431246741e+04
6.271614721951959655e+04
6.265221273303218186e+04
6.259935478076792788e+04
6.255762518207516405e+04
6.252706195402627782e+04
6.250769439940300072e+04
6.249953128445174661e+04
6.250259705942482105e+04
6.251687327284360799e+04
6.254235707350046869e+04
6.257902781646158110e+04
6.262682588349239086e+04
6.268571445573139499e+04
6.275563529305047268e+04
6.283656199793316046e+04
6.292827821227769164e+04
6.303070699552710721e+04
6.314381806419373606e+04
6.326764303775780718e+04
6.340217422837952472e+04
6.354731853574851266e+04
6.370278467822935636e+04
6.386824448799533275e+04
6.404333249348955724e+04
6.422808772636848880e+04
6.442247624675997213e+04
6.462628130625552876e+04
6.483932539806568093e+04
6.506142251108641358e+04
6.529238023623704066e+04
6.553200262985107838e+04
6.578008810032808105e+04
6.603642922310263384e+04
6.630081481716567941e+04
6.657303002231362916e+04
6.685285704161644389e+04
6.714007544213623623e+04
6.412531209664005291e+04
6.431444529735013930e+04
6.394586849379340856e+04
6.377627700162740075e+04
6.361669248191877705e+04
6.346726236617702671e+04
6.332812534742402931e+04
6.319941205934683239e+04
6.308124385501548386e+04
6.297373445901468949e+04
6.287698757389360253e+04
6.279109774896863382e+04
6.271614894624296721e+04
6.265221419686749141e+04
6.259935238593257964e+04
6.255762487014901853e+04
6.252703405011203722e+04
6.250761117487346201e+04
6.249942217212753167e+04
6.250246957968670176e+04
6.251675113564779895e+04
6.254225106118295662e+04
6.257892461025709781e+04
6.262672947235647734e+04
6.268567187542931788e+04
6.275559872911405546e+04
6.283643029976911930e+04
6.292810216461725213e+04
6.303061627766996389e+04
6.314393167451082263e+04
6.326803686170233414e+04
6.340284282525155140e+04
6.354801487463962985e+04
6.370315764684911846e+04
6.386826642683344107e+04
6.404329196490484901e+04
6.422808251181046944e+04
6.442246717251357040e+04
6.462627255873804825e+04
6.483931691049761139e+04
6.506141472163124126e+04
6.529237429263970262e+04
6.553199841484343779e+04
6.578008459565918020e+04
6.603642590237034892e+04
6.630081157386796258e+04
6.657302733496023575e+04
6.451309404905378324e+04
6.472108612585956143e+04
6.431444389171095099e+04
6.412531292321191722e+04
6.394587131755821611e+04
6.377628179804728279e+04
6.361670018736621569e+04
6.346727258054396225e+04
6.332813615460713481e+04
6.319942225971993321e+04
6.308125218945035158e+04
6.297374072536675521e+04
6.287699249888808845e+04
6.279110206503839436e+04
6.271614719564865663e+04
6.265221049898911588e+04
6.259934954698063666e+04
6.255753386586098350e+04
6.252685595714083320e+04
6.250741865726490505e+04
6.249922929161766660e+04
6.250228943482748582e+04
6.251659603808237443e+04
6.254210919205273967e+04
6.257881686406343215e+04
6.262665472231696913e+04
6.268557092930044018e+04
6.275548668299464771e+04
6.283637075349523366e+04
6.292821109636146139e+04
6.303089312704742770e+04
6.314443534157849354e+04
6.326870205784982682e+04
6.340328692831782246e+04
6.354811507325914135e+04
6.370314892497565597e+04
6.386825782933728624e+04
6.404328679856046801e+04
6.422807730192863528e+04
6.442246194894789369e+04
6.462626688766048755e+04
6.483931181698894216e+04
6.506141051565840462e+04
6.529237077668772690e+04
6.553199511451114813e+04
6.578008144768224156e+04
6.603642343923571752e+04
6.493823217175616446e+04
6.516434956582088489e+04
6.472108286383683298e+04
6.451309165053249308e+04
6.431444276564594475e+04
6.412531332239756011e+04
6.394587575896176713e+04
6.377629170888910448e+04
6.361671419938420877e+04
6.346728968296077801e+04
6.332815293480695254e+04
6.319943738366363687e+04
6.308126584486026695e+04
6.297375348863201361e+04
6.287699056415371160e+04
6.279106632701976923e+04
6.271612883245243574e+04
6.265215118436582998e+04
6.259914893417005806e+04
6.255727463714651094e+04
6.252664087219256908e+04
6.250723781751713977e+04
6.249908519623248867e+04
6.250218312730492471e+04
6.251649891928932630e+04
6.254202467143983085e+04
6.257875360186905164e+04
6.262662162843065016e+04
6.268556696127770556e+04
6.275559998099874792e+04
6.283661883773683803e+04
6.292852872254606336e+04
6.303135049394838279e+04
6.314484019227747922e+04
6.326882892176415044e+04
6.340329351158935606e+04
6.354811212552419602e+04
6.370314721430509962e+04
6.386825507488704898e+04
6.404328383811782260e+04
6.422807395095401444e+04
6.442245845196585287e+04
6.462626348993101419e+04
6.483930862227013131e+04
6.506140732371719787e+04
6.529236763955309289e+04
6.553199264765305998e+04
6.539923774028673506e+04
6.564270135506345832e+04
6.516434678035043180e+04
6.493822846676799236e+04
6.472107856981720397e+04
6.451308732628679718e+04
6.431443997460878018e+04
6.412531546987460024e+04
6.394588588906905352e+04
6.377631237517372210e+04
6.361673743665756047e+04
6.346731527125591674e+04
6.332818190071606659e+04
6.319947002944452834e+04
6.308126286497638648e+04
6.297366413237242523e+04
6.287685795896918717e+04
6.279097101132362877e+04
6.271594214239653229e+04
6.265186451876295177e+04
6.259890516654877138e+04
6.255713750290065218e+04
6.252655809340241103e+04
6.250720041883210069e+04
6.249906371003410459e+04
6.250215376911562635e+04
6.251650114375504927e+04
6.254208491673500976e+04
6.257884343428939610e+04
6.262674994646111008e+04
6.268580323803002102e+04
6.275584763248669333e+04
6.283686256520749885e+04
6.292878802130836266e+04
6.303146821642151917e+04
6.314484996336812765e+04
6.326883238267653360e+04
6.340329574218915513e+04
6.354811243828290753e+04
6.370314642547115363e+04
6.386825358733518078e+04
6.404328192188194953e+04
6.422807174157211557e+04
6.442245598998962669e+04
6.462626072683703387e+04
6.483930570470020757e+04
6.506140487590120756e+04
6.589453320630853705e+04
6.615452586173400050e+04
6.564270032472936145e+04
6.539923516587241465e+04
6.516434230910996121e+04
6.493822230494167889e+04
6.472107070676792500e+04
6.451308018766302121e+04
6.431443882713336643e+04
6.412532154074826394e+04
6.394590296891608887e+04
6.377633594846376218e+04
6.361677586064581556e+04
6.346737432438798714e+04
6.332818754517178604e+04
6.319932556573522015e+04
6.308096418664179510e+04
6.297338853734059376e+04
6.287663036404035665e+04
6.279069013067929336e+04
6.271569148255783512e+04
6.265175059524294193e+04
6.259890409202032606e+04
6.255717565437632584e+04
6.252662362043755274e+04
6.250726125070350099e+04
6.249914195928819390e+04
6.250228631239448441e+04
6.251667514480204409e+04
6.254226093644186767e+04
6.257904567503113503e+04
6.262697362788435566e+04
6.268595108434924623e+04
6.275597042047591094e+04
6.283694189613905473e+04
6.292880256616442784e+04
6.303147349628702068e+04
6.314485453046287148e+04
6.326883527886061347e+04
6.340329722737419797e+04
6.354811279573940556e+04
6.370314593045220681e+04
6.386825247975993989e+04
6.404328029071240599e+04
6.422806960335763142e+04
6.442245351737419696e+04
6.462625855511682312e+04
6.642246640393655980e+04
6.669813881480520649e+04
6.615452596193664067e+04
6.589453245062420319e+04
6.564269785139636951e+04
6.539923058015546849e+04
6.516433519339506893e+04
6.493821225010850321e+04
6.472105914496257901e+04
6.451307133950956631e+04
6.431443673419052357e+04
6.412532930347116053e+04
6.394592765922260151e+04
6.377639344709525903e+04
6.361678634194733604e+04
6.346717600098357070e+04
6.332775242901928868e+04
6.319878483216116001e+04
6.308055769838156994e+04
6.297308150667556765e+04
6.287640966552103782e+04
6.279062024426893186e+04
6.271576346689154161e+04
6.265187493981638545e+04
6.259904599965281523e+04
6.255731467585635255e+04
6.252675590860319789e+04
6.250741943568762508e+04
6.249933590228953835e+04
6.250249161175460904e+04
6.251685920742649614e+04
6.254243516068410827e+04
6.257916970840596332e+04
6.262703283325356460e+04
6.268598705420305487e+04
6.275597692766538239e+04
6.283694277975417208e+04
6.292880546902484639e+04
6.303147685012307920e+04
6.314485708869813971e+04
6.326883707437001431e+04
6.340329810859545978e+04
6.354811279042675596e+04
6.370314516850560176e+04
6.386825104240058135e+04
6.404327836566331098e+04
6.422806783904045005e+04
6.698132388862995140e+04
6.727179971389727143e+04
6.669813907080951321e+04
6.642246662340714829e+04
6.615452524871569767e+04
6.589453046812693356e+04
6.564269411698596377e+04
6.539922408372187783e+04
6.516432495107064460e+04
6.493819815268157981e+04
6.472104150752521673e+04
6.451305456501947629e+04
6.431439022825155553e+04
6.412528120688975469e+04
6.394591211120709340e+04
6.377609286087845248e+04
6.361627445560212800e+04
6.346644207865867065e+04
6.332707093669291498e+04
6.319836326508306229e+04
6.308036223481420893e+04
6.297310788049130497e+04
6.287660017210324440e+04
6.279086160599157301e+04
6.271600044717814308e+04
6.265208190674047364e+04
6.259920367523979075e+04
6.255745367197535961e+04
6.252690049246037233e+04
6.250758448661662987e+04
6.249949617642863450e+04
6.250261652657686500e+04
6.251694866971122246e+04
6.254247814912377362e+04
6.257918493370230863e+04
6.262703489812702173e+04
6.268598412484999426e+04
6.275597591203248157e+04
6.283694323888645886e+04
6.292880696662488481e+04
6.303147851195070689e+04
6.314485858863880276e+04
6.326883790091375704e+04
6.340329815661030443e+04
6.354811208733496460e+04
6.370314386184694013e+04
6.386824971991069469e+04
6.756934192161008832e+04
6.787372374205834058e+04
6.727180005144703318e+04
6.698132432626356604e+04
6.669813899770038552e+04
6.642246592147510091e+04
6.615452398461512348e+04
6.589452835249459895e+04
6.564268993709313509e+04
6.539921593040916923e+04
6.516431046129801689e+04
6.493817501254597300e+04
6.472100912749133568e+04
6.451301994164920325e+04
6.431435495769927365e+04
6.412490296338299959e+04
6.394522658782367944e+04
6.377532124954873143e+04
6.361535141629847203e+04
6.346581207054814877e+04
6.332684540462488076e+04
6.319849325396479253e+04
6.308073987814650172e+04
6.297354329620808858e+04
6.287699471499797801e+04
6.279118258677943231e+04
6.271620093480375363e+04
6.265218293327616993e+04
6.259925852426854544e+04
6.255751945459702983e+04
6.252700017683361511e+04
6.250767675494070136e+04
6.249955251695638435e+04
6.250264658739274455e+04
6.251695929499425256e+04
6.254247923255265778e+04
6.257918202163599926e+04
6.262703198928372149e+04
6.268598214793668012e+04
6.275597513717061520e+04
6.283694315699167782e+04
6.292880762993504322e+04
6.303147931917512324e+04
6.314485894543755421e+04
6.326883769821393071e+04
6.340329742638376774e+04
6.354811128104888485e+04
6.818471762564836536e+04
6.850209304510144284e+04
6.787372442420203879e+04
6.756934257783961948e+04
6.727180022314436792e+04
6.698132389603713818e+04
6.669813820005439629e+04
6.642246522675747110e+04
6.615452362960609025e+04
6.589452759616516414e+04
6.564268651790059812e+04
6.539920562121117109e+04
6.516428768930992373e+04
6.493815197443491343e+04
6.472091141528342996e+04
6.451254020319734263e+04
6.431333599930545461e+04
6.412402322274400649e+04
6.394427029096977640e+04
6.377448640376819094e+04
6.361502846368999599e+04
6.346600243951963057e+04
6.332741124009853229e+04
6.319919096865923348e+04
6.308137687727194134e+04
6.297407377151169203e+04
6.287733096782783832e+04
6.279128411288500502e+04
6.271615246266757458e+04
6.265211306745491311e+04
6.259926288244446187e+04
6.255758472412501578e+04
6.252705057301371562e+04
6.250770074473755813e+04
6.249956194682229398e+04
6.250264846515193494e+04
6.251695833751893224e+04
6.254247737433039583e+04
6.257917997315694811e+04
6.262703006103204098e+04
6.268598066764140822e+04
6.275597436500833282e+04
6.283694298833971698e+04
6.292880754854629049e+04
6.303147902497468749e+04
6.314485842860470439e+04
6.326883732939115725e+04
6.882562051181041170e+04
6.915506727297720499e+04
6.850209399449480406e+04
6.818471866234070330e+04
6.787372499604149198e+04
6.756934251527981542e+04
6.727179952681834402e+04
6.698132289237384975e+04
6.669813761488531600e+04
6.642246597887646931e+04
6.615452613504017063e+04
6.589453059608612966e+04
6.564268541490921052e+04
6.539920444492784009e+04
6.516423241899650748e+04
6.493770708796088729e+04
6.471974208326817461e+04
6.451123048771928734e+04
6.431243867605447304e+04
6.412318044252711843e+04
6.394385237499091454e+04
6.377468620617714623e+04
6.361573374400733883e+04
6.346695211217454198e+04
6.332833734757790808e+04
6.320001583834582561e+04
6.308197506654253084e+04
6.297428922658185911e+04
6.287720846344665188e+04
6.279104799043792445e+04
6.271601967366778990e+04
6.265214109613897745e+04
6.259933363121820003e+04
6.255762103736124845e+04
6.252706301003923727e+04
6.250770322015145939e+04
6.249956225187995005e+04
6.250264810125631629e+04
6.251695748559328058e+04
6.254247608289999334e+04
6.257917848598960700e+04
6.262702862326536706e+04
6.268597954271439085e+04
6.275597348340871395e+04
6.283694210128209670e+04
6.292880671093626734e+04
6.303147867755568586e+04
6.949020274214465462e+04
6.983079332093753328e+04
6.915506831873099145e+04
6.882562180303219066e+04
6.850209496929515444e+04
6.818471914602936886e+04
6.787372488869035442e+04
6.756934177941226517e+04
6.727179834450276394e+04
6.698132193762285169e+04
6.669813826641738706e+04
6.642247007339517586e+04
6.615453466365042550e+04
6.589454419389722170e+04
6.564267000481415016e+04
6.539889380776562029e+04
6.516316303560186498e+04
6.493608235974483978e+04
6.471852086444994347e+04
6.451053748674766393e+04
6.431206410657447850e+04
6.412339301312810858e+04
6.394465618183470360e+04
6.377584139775630319e+04
6.361693102996875677e+04
6.346809358459376381e+04
6.332928230087187694e+04
6.320047621165471355e+04
6.308187491225334088e+04
6.297388711496419273e+04
6.287686851988781564e+04
6.279097832477113843e+04
6.271611737745599385e+04
6.265220825351012172e+04
6.259935294906350464e+04
6.255762339175388479e+04
6.252706357282956014e+04
6.250770351990411291e+04
6.249956226529484411e+04
6.250264774087799015e+04
6.251695672532975004e+04
6.254247497273435147e+04
6.257917719675335684e+04
6.262702724743383442e+04
6.268597809459601558e+04
6.275597209557417227e+04
6.283694133711306495e+04
7.017660829035520146e+04
7.052741422045101353e+04
7.088298132548927970e+04
7.124307715953681327e+04
6.983079441674066766e+04
6.949020413886439928e+04
6.915506950402662915e+04
6.882562263856905338e+04
6.850209543503199529e+04
6.818471920501624118e+04
6.787372442439172301e+04
6.756934069017654110e+04
6.727179689307119406e+04
6.698132135931977245e+04
6.669814126183582994e+04
6.642247871300116822e+04
6.615453377773599641e+04
6.589434853953402489e+04
6.564182084920210764e+04
6.539728098522117944e+04
6.516154551091130270e+04
6.493526109838570846e+04
6.471834275439319754e+04
6.451085093150907778e+04
6.431296840114445513e+04
6.412472810666671285e+04
6.394609218457099632e+04
6.377728141874206631e+04
6.361825336486627202e+04
6.346889565713347838e+04
6.332933151491011813e+04
6.319996901336746669e+04
6.308129075228330476e+04
6.297361003852633439e+04
6.287693108570369805e+04
6.279109211238706484e+04
6.271614592378245288e+04
6.265221132553974894e+04
6.259935320873040473e+04
6.255762370948386524e+04
6.252706382964860677e+04
6.250770358983317419e+04
6.249956205787616636e+04
6.250264717119993293e+04
6.251695576908984367e+04
6.254247364896539511e+04
6.257917559267914476e+04
6.262702553519678622e+04
6.268597688504108373e+04
7.160747383660770720e+04
7.197594064036755299e+04
7.234825234389415709e+04
7.272418079250269511e+04
7.052741541916051938e+04
7.124307851165185275e+04
7.017660977368155727e+04
6.983079571095669235e+04
6.949020511944011378e+04
6.915507019456144189e+04
6.882562313923801412e+04
6.850209579653333640e+04
6.818471930327486189e+04
6.787372390991932480e+04
6.756933920581593702e+04
6.727179480355068517e+04
6.698132099615526386e+04
6.669813078904581198e+04
6.642234490245285269e+04
6.615393735625482805e+04
6.589294145115149149e+04
6.564006908844901773e+04
6.539609552188005182e+04
6.516134430575597798e+04
6.493572613950193045e+04
6.471936900206904829e+04
6.451235063817843184e+04
6.431462138108247746e+04
6.412644957441966835e+04
6.394781348211225122e+04
6.377853661464975448e+04
6.361856536589164898e+04
6.346838227163057309e+04
6.332853001352308638e+04
6.319939490028601722e+04
6.308116312955244939e+04
6.297372363247157773e+04
6.287698177250776644e+04
6.279109349551203923e+04
6.271614554312470136e+04
6.265221116483839432e+04
6.259935327456166851e+04
6.255762378778060520e+04
6.252706376499127509e+04
6.250770329051957378e+04
6.249956141115556238e+04
6.250264611251999304e+04
6.251695431785270921e+04
6.254247195609458868e+04
6.257917423873383814e+04
7.310350383487546060e+04
7.348599686971098708e+04
7.387144098254469282e+04
7.425961597607245494e+04
7.197594212372206675e+04
7.272418224592809565e+04
7.088298295879668149e+04
7.160747564749683079e+04
7.052741685504226189e+04
7.017661088086558448e+04
6.983079649176294333e+04
6.949020569543195597e+04
6.915507074436792755e+04
6.882562382289915695e+04
6.850209660519554745e+04
6.818471986289374763e+04
6.787372336326020013e+04
6.756933666396910849e+04
6.727179195990052540e+04
6.698117828569462290e+04
6.669766749617153255e+04
6.642123272127454402e+04
6.615225218504887016e+04
6.589152767157876224e+04
6.563962447800931113e+04
6.539659634360412019e+04
6.516247108207346173e+04
6.493734834346769640e+04
6.472120107818647375e+04
6.451430335345026106e+04
6.431672395578616852e+04
6.412826677511451999e+04
6.394857189848596317e+04
6.377807714496463450e+04
6.361758609638084454e+04
6.346750392820974957e+04
6.332809721714825719e+04
6.319938678206732584e+04
6.308123176165503537e+04
6.297372502273198188e+04
6.287698091145566286e+04
6.279109298159330501e+04
6.271614516121556517e+04
6.265221094212284515e+04
6.259935305780696217e+04
6.255762346704515949e+04
6.252706320802363189e+04
6.250770239100780600e+04
6.249956014190655696e+04
6.250264458540769556e+04
6.251695306751341559e+04
7.465030658306494297e+04
7.504329707691939257e+04
7.543837708983225457e+04
7.583533434487298655e+04
7.348599808201652195e+04
7.425961699923612468e+04
7.234825424031385046e+04
7.310350560132424289e+04
7.124308015884907218e+04
7.197594396473708912e+04
7.088298428370991314e+04
7.052741781893542793e+04
7.017661156143466360e+04
6.983079703335779777e+04
6.949020630341600918e+04
6.915507166223875538e+04
6.882562526747207448e+04
6.850209850848893984e+04
6.818472136257901730e+04
6.787372507204920112e+04
6.756914747608551988e+04
6.727125575749549898e+04
6.698019213288846368e+04
6.669612394496907655e+04
6.641969221023096179e+04
6.615153434092845418e+04
6.589188472267445468e+04
6.564076093352062162e+04
6.539825562350800465e+04
6.516440053044611705e+04
6.493942867415463115e+04
6.472350144339120016e+04
6.451658643839444994e+04
6.431828250436848612e+04
6.412796078881997528e+04
6.394735590876274364e+04
6.377688632359381882e+04
6.361680238368169375e+04
6.346724810293066548e+04
6.332811403724415140e+04
6.319940084014110471e+04
6.308123293543444743e+04
6.297372519975170871e+04
6.287698050387520198e+04
6.279109243118555605e+04
6.271614462650624773e+04
6.265221039417223074e+04
6.259935239300468675e+04
6.255762255627451668e+04
6.252706200239950704e+04
6.250770097889479803e+04
6.249955902665483154e+04
7.623396540356554033e+04
7.663405991250088846e+04
7.703542314717452973e+04
7.743784607436107763e+04
7.504329849507850304e+04
7.583533713370795886e+04
7.387144249950874655e+04
7.465030817718202888e+04
7.272418409257275925e+04
7.348599967978564382e+04
7.160747725039930083e+04
7.234825601171492599e+04
7.124308144508062105e+04
7.088298529888912162e+04
7.052741861392410647e+04
7.017661223578751378e+04
6.983079773443499289e+04
6.949020731727480597e+04
6.915507355562491284e+04
6.882562841282066074e+04
6.850208428205091332e+04
6.818449430628171831e+04
6.787302421051549027e+04
6.756804677312380227e+04
6.726975303924066247e+04
6.697861099970288342e+04
6.669520775496051647e+04
6.641984216858558648e+04
6.615257447445165599e+04
6.589348501022411801e+04
6.564267990618804470e+04
6.540034259995096363e+04
6.516664393885267782e+04
6.494175451340329164e+04
6.472538874827447580e+04
6.451686639529042441e+04
6.431656572376593249e+04
6.412637279166038934e+04
6.394619277258936199e+04
6.377632181458798004e+04
6.361669939812816301e+04
6.346726201468185172e+04
6.332811827650657506e+04
6.319940159349804890e+04
6.308123308473395446e+04
6.297372482540192868e+04
6.287697983585300972e+04
6.279109163307624840e+04
6.271614373132171022e+04
6.265220933078887902e+04
6.259935111631549807e+04
6.255762114369853953e+04
6.252706094092911371e+04
7.784114258861984126e+04
7.824510700836910110e+04
7.864955859807587694e+04
7.905430005983490264e+04
7.663406477798648120e+04
7.743785254521529714e+04
7.543837965712224832e+04
7.623396998119642376e+04
7.425961840010758897e+04
7.504330040687129076e+04
7.310350722421803221e+04
7.387144375347452296e+04
7.197594558289412817e+04
7.272418576684768777e+04
7.160747879263748473e+04
7.124308286771968415e+04
7.088298656304362521e+04
7.052741967037382710e+04
7.017661313715155120e+04
6.983079893184857792e+04
6.949020953599295171e+04
6.915507432241569040e+04
6.882537383358248917e+04
6.850129245231953973e+04
6.818319316432207415e+04
6.787144171788770473e+04
6.756645063536014641e+04
6.726874938701320207e+04
6.697862836405061535e+04
6.669613768121648172e+04
6.642133996167640726e+04
6.615439504519160255e+04
6.589548138275502424e+04
6.564473173780959041e+04
6.540237624293638510e+04
6.516848412156235281e+04
6.494252202736790787e+04
6.472379770354890934e+04
6.451455010020482587e+04
6.431504624278938718e+04
6.412544211406284012e+04
6.394590031034629646e+04
6.377629329018219869e+04
6.361669905333249335e+04
6.346726055810076650e+04
6.332811774968804821e+04
6.319940124472321622e+04
6.308123251213310141e+04
6.297372397472773446e+04
6.287697876541179721e+04
6.279109037186592468e+04
6.271614229566041467e+04
6.265220781297266512e+04
6.259935001236426615e+04
7.945915074815842672e+04
7.986392664269154193e+04
8.026844470741118130e+04
8.067253281799763499e+04
7.824511287469194212e+04
7.905430238106111938e+04
7.703543000786779157e+04
7.784115030004993605e+04
7.583534078133555886e+04
7.663407113891972404e+04
7.465030948291560344e+04
7.543838229918142315e+04
7.348600097656383878e+04
7.425961933839792619e+04
7.234825794963036606e+04
7.310350889003291377e+04
7.197594779937576095e+04
7.160748114303276816e+04
7.124308505675299966e+04
7.088298839498891903e+04
7.052742119613422255e+04
7.017661497038677044e+04
6.983079754981321457e+04
6.948993212966983265e+04
6.915417961368906253e+04
6.882398492043244187e+04
6.849965616384767054e+04
6.818164093234918255e+04
6.787046832890175574e+04
6.756646119078884658e+04
6.726965917087932758e+04
6.698006670706723526e+04
6.669783353092816833e+04
6.642319959286518861e+04
6.615624720625707414e+04
6.589715181495138677e+04
6.564617501163540874e+04
6.540308184406519285e+04
6.516733558043214725e+04
6.493988944912583247e+04
6.472193675912739127e+04
6.451334036398938770e+04
6.431449502903193934e+04
6.412533593531412771e+04
6.394588679941790906e+04
6.377628817993987468e+04
6.361669584319358546e+04
6.346725869407394930e+04
6.332811655371318193e+04
6.319940018246791442e+04
6.308123131787445163e+04
6.297372257079667907e+04
6.287697717819139507e+04
6.279108871889995498e+04
6.271614107407656411e+04
8.107601161865754693e+04
8.147870960292841482e+04
8.188046768572124711e+04
8.228109302577015478e+04
7.986392474077189399e+04
8.067253084742552892e+04
7.864956409098995209e+04
7.945915148368332302e+04
7.743786114459192322e+04
7.824512095322307141e+04
7.623397559782785538e+04
7.703543935164826689e+04
7.504330208800974651e+04
7.583534530991069914e+04
7.387144466704578372e+04
7.465031048988396651e+04
7.272418831088836305e+04
7.348600286622902786e+04
7.234826135760264879e+04
7.197595159279796644e+04
7.160748488629401254e+04
7.124308836570077983e+04
7.088299166416072694e+04
7.052741663961588347e+04
7.017630904164876847e+04
6.982972721785020258e+04
6.948851116952630400e+04
6.915269938033469953e+04
6.882262570281059016e+04
6.849881748254316335e+04
6.818171533822984202e+04
6.787142933702615846e+04
6.756792451542611525e+04
6.727126553320973471e+04
6.698178649611001310e+04
6.669953833746255259e+04
6.642464317068074888e+04
6.615734374049548933e+04
6.589776835593854776e+04
6.564551588454280864e+04
6.540091909912537085e+04
6.516526748252836842e+04
6.493860982818649063e+04
6.472116546744693187e+04
6.451312026223692374e+04
6.431446490479438944e+04
6.412533022524247644e+04
6.394588211075212894e+04
6.377628418549863272e+04
6.361669290060540516e+04
6.346725654839747585e+04
6.332811479311288713e+04
6.319939848761813482e+04
6.308122956027835608e+04
6.297372081040582998e+04
6.287697585742163210e+04
8.268047771498828661e+04
8.307836391051237297e+04
8.347476402249495732e+04
8.386924743734112417e+04
8.147871658582154487e+04
8.228112345103916596e+04
8.026844181813576142e+04
8.107601082688380848e+04
7.905430597880891582e+04
7.986392205384012777e+04
7.784116145398664230e+04
7.864957165463028650e+04
7.663408053308901435e+04
7.743787525873002596e+04
7.543838564975546615e+04
7.623398425240280631e+04
7.425962023828904785e+04
7.504330405383356265e+04
7.310351233419832715e+04
7.387144682132866001e+04
7.272419310873409268e+04
7.234826722257808433e+04
7.197595771819801303e+04
7.160749161557697516e+04
7.124309157259658969e+04
7.088274094934383174e+04
7.052625018191989511e+04
7.017478515777683060e+04
6.982862856261470006e+04
6.948759951856125554e+04
6.915215047626639716e+04
6.882278910400602035e+04
6.849980911020348140e+04
6.818322029438028403e+04
6.787299158605762932e+04
6.756951478749199305e+04
6.727285867059919110e+04
6.698311671371017292e+04
6.670046325348799292e+04
6.642510544492265035e+04
6.615702025339931424e+04
6.589611711032535823e+04
6.564351891302909644e+04
6.539964737301587593e+04
6.516448040008774842e+04
6.493827461886828678e+04
6.472111161244982941e+04
6.451311486636145128e+04
6.431446148486361926e+04
6.412532598334658542e+04
6.394587791164516238e+04
6.377628055549241981e+04
6.361668992285771674e+04
6.346725405198048247e+04
6.332811257260009734e+04
6.319939650027032621e+04
6.308122818329193251e+04
8.426212037345518183e+04
8.465251316087599844e+04
8.504142199179648014e+04
8.542697564105945639e+04
8.307844558854376373e+04
8.386943633105720801e+04
8.188047669448422675e+04
8.268050222771619156e+04
8.067252460670656001e+04
8.147871132687722275e+04
7.945915066690015374e+04
8.026843328188775922e+04
7.824513526307516440e+04
7.905431254709890345e+04
7.703545537218736717e+04
7.784118275373736105e+04
7.583535227498749737e+04
7.663409619910681795e+04
7.465031212455352943e+04
7.543839052189806534e+04
7.348600692545431957e+04
7.425962258328328608e+04
7.310351979835711245e+04
7.272420131847186713e+04
7.234827863895232440e+04
7.197596933328546584e+04
7.160737766930127691e+04
7.124222959214144794e+04
7.088112154479276796e+04
7.052545552823174512e+04
7.017458068059054494e+04
6.982855864474370901e+04
6.948791289062304713e+04
6.915311204711154278e+04
6.882427022359873808e+04
6.850133351837367809e+04
6.818469023804596509e+04
6.787444131343220943e+04
6.757073174692959583e+04
6.727370620363453054e+04
6.698349749892705586e+04
6.670024388182572147e+04
6.642392261015568511e+04
6.615518851859887945e+04
6.589485015703887620e+04
6.564280817010086321e+04
6.539930301940258505e+04
6.516439360886497161e+04
6.493826319573460933e+04
6.472110637639943161e+04
6.451311076507833059e+04
6.431445728168902133e+04
6.412532172221726069e+04
6.394587390241440153e+04
6.377627698874292400e+04
6.361668685696375178e+04
6.346725150227375707e+04
6.332811093174829148e+04
8.581160031811612134e+04
8.619149525077431463e+04
8.657152183891997265e+04
8.694497782707359875e+04
8.465309186095207406e+04
8.542836093213448476e+04
8.347479864312637073e+04
8.426220881268748781e+04
8.228111798378870299e+04
8.307842432283809467e+04
8.107599854424448858e+04
8.188046084038802655e+04
7.986391545888908149e+04
8.067250854302932566e+04
7.864958943186338001e+04
7.945915253555297386e+04
7.743790039169386728e+04
7.824516337255206599e+04
7.623399765830692195e+04
7.703548100554697157e+04
7.504330699378610007e+04
7.583536157603969332e+04
7.387145076777283975e+04
7.465031347056078084e+04
7.348601403805213340e+04
7.310353372334057349e+04
7.272426225703231466e+04
7.234834935949789360e+04
7.197568592383277428e+04
7.160620686150429538e+04
7.124147204287328350e+04
7.088159759394770663e+04
7.052605081203208829e+04
7.017516706926378538e+04
6.982951324278391257e+04
6.948932702138223976e+04
6.915458156634292391e+04
6.882563850009540329e+04
6.850261021867286763e+04
6.818570266643304785e+04
6.787516293207701528e+04
6.757106620157879661e+04
6.727344064161070855e+04
6.698253374079753121e+04
6.669865797636681236e+04
6.642260845780547243e+04
6.615459434755766415e+04
6.589459482623219083e+04
6.564275597483577440e+04
6.539928123428417166e+04
6.516437996435625973e+04
6.493825466641582898e+04
6.472110068596169731e+04
6.451310596920881653e+04
6.431445281137203710e+04
6.412531749103259790e+04
6.394587004363940650e+04
6.377627370497019729e+04
6.361668459512007394e+04
8.731998820462491130e+04
8.768637645131659519e+04
8.619439221130152873e+04
8.694965926442544151e+04
8.581295752367777459e+04
8.504182137546512240e+04
8.386926899408742611e+04
8.465269131112708419e+04
8.268046972895016370e+04
8.347466126455701306e+04
8.147868961128361116e+04
8.228109238161309622e+04
8.026841875411848014e+04
8.107597729578150029e+04
7.905432987191124994e+04
7.986391162688321492e+04
7.784121833993289329e+04
7.864962775362297543e+04
7.663411697243429080e+04
7.743793122046942881e+04
7.543839238589648448e+04
7.623400540702087164e+04
7.425962435318263306e+04
7.504330424910642614e+04
7.387146990463336988e+04
7.348612943270562391e+04
7.310387206430552760e+04
7.272457147107808851e+04
7.234811419448129891e+04
7.197513064188377757e+04
7.160681407883860811e+04
7.124264537330265739e+04
7.088258075531235954e+04
7.052707690569122497e+04
7.017653349278279347e+04
6.983096554598619696e+04
6.949064742624927021e+04
6.915572124297897972e+04
6.882639187907917949e+04
6.850307295430758677e+04
6.818594474982868996e+04
6.787493617599875142e+04
6.757018288112604932e+04
6.727206434571079444e+04
6.698131233048978902e+04
6.669807946907548467e+04
6.642246461031744548e+04
6.615456418958761788e+04
6.589457262693416851e+04
6.564273627237521578e+04
6.539926607183537999e+04
6.516436931207590533e+04
6.493824727098766743e+04
6.472109496217902051e+04
6.451310112061074324e+04
6.431444844503497006e+04
6.412531368497066433e+04
6.394586719937590533e+04
8.805921834461281833e+04
8.841459650141240854e+04
8.879477313934748236e+04
8.912870120304194279e+04
8.769187033415236510e+04
8.657573968152001908e+04
8.732617282498857821e+04
8.619396435051583103e+04
8.542751586490917543e+04
8.426134669542890333e+04
8.503996074808917183e+04
8.307837319302398828e+04
8.386791576907403942e+04
8.188043985586617782e+04
8.268044513750962506e+04
8.067248719759917003e+04
8.147866790684497391e+04
7.945915851245047816e+04
8.026839372822518635e+04
7.824519056881142023e+04
7.905434126342496893e+04
7.703549641667555261e+04
7.784123019589205796e+04
7.583535765385633567e+04
7.663411235481649055e+04
7.465034450031848974e+04
7.543844429600761214e+04
7.425980335510511941e+04
7.387212238284075283e+04
7.348714747132289631e+04
7.310459181376776542e+04
7.272473359549760062e+04
7.234855124331494153e+04
7.197643099288712256e+04
7.160814172132022213e+04
7.124386550353695930e+04
7.088395981197129004e+04
7.052858157271565869e+04
7.017788612450855726e+04
6.983203337139722134e+04
6.949117093575205945e+04
6.915580210564682784e+04
6.882640373836316576e+04
6.850290633247872756e+04
6.818524140407587402e+04
6.787380615712318104e+04
6.756907439701230032e+04
6.727165230988450639e+04
6.698124369096333976e+04
6.669810896664140455e+04
6.642246899822459091e+04
6.615454613230594259e+04
6.589455683246707486e+04
6.564272263460856630e+04
6.539925528689554631e+04
6.516436093907075701e+04
6.493824081670963642e+04
6.472108973894574592e+04
6.451309680238877627e+04
6.431444534841446875e+04
8.948016563397082791e+04
8.982782127237484383e+04
9.015518409730185522e+04
9.051145026141968265e+04
8.842655689267860726e+04
8.918216635360612418e+04
8.806146111279407341e+04
8.695977456234038982e+04
8.770017760332080070e+04
8.656222034628134861e+04
8.580835469650309824e+04
8.464843793960288167e+04
8.542365663569995377e+04
8.347279510648197902e+04
8.425376905985594203e+04
8.228107004294951912e+04
8.307636004273715662e+04
8.107594574723434926e+04
8.188040686075708072e+04
7.986385603885079036e+04
8.067239913080849510e+04
7.864962883509752282e+04
7.945900485442052013e+04
7.743792265878332546e+04
7.824518186455218529e+04
7.623403632063500118e+04
7.703549207438761368e+04
7.504354804866164341e+04
7.583558245658462693e+04
7.465134378996430314e+04
7.426170847058387881e+04
7.387402993830044579e+04
7.348828786530098296e+04
7.310520832933420024e+04
7.272568230401056644e+04
7.234988378436712082e+04
7.197782498682528967e+04
7.160962288401962724e+04
7.124548321367405879e+04
7.088536316866411653e+04
7.052959563040942885e+04
7.017817541267485649e+04
6.983164500438210962e+04
6.949071426967451407e+04
6.915557013744095457e+04
6.882597279302873358e+04
6.850212110945224413e+04
6.818450113082879398e+04
6.787355995542895107e+04
6.756922149794118013e+04
6.727171887083914771e+04
6.698128117128931626e+04
6.669812410070135957e+04
6.642246937061556673e+04
6.615453739810992556e+04
6.589454723605728941e+04
6.564271345822118747e+04
6.539924713282849552e+04
6.516435430254814128e+04
6.493823546674547833e+04
6.472108611408956494e+04
9.082959270488574111e+04
9.117702231903879147e+04
9.140527149121664115e+04
9.182900250206966302e+04
8.983270260052352387e+04
9.033977187497772684e+04
8.963383197898967774e+04
8.875730066031480965e+04
8.927705938843160402e+04
8.844557650848133198e+04
8.727997223523279536e+04
8.793884914825663145e+04
8.692366461789283494e+04
8.618725754939670151e+04
8.502784480741301377e+04
8.580377301805111347e+04
8.385840461622050498e+04
8.462984450717928121e+04
8.267913659000152256e+04
8.346573811386164743e+04
8.147747981993232679e+04
8.227883091332274489e+04
8.026801362196297850e+04
8.107425777825179102e+04
7.905412880999034678e+04
7.986315461247309577e+04
7.784122194222221151e+04
7.864922315010066086e+04
7.663466225897712866e+04
7.743865637039953435e+04
7.543978387274047418e+04
7.623589239489476313e+04
7.504649802330274542e+04
7.465495254377645324e+04
7.426441989810518862e+04
7.387540145967765420e+04
7.348899437820700405e+04
7.310613606045594497e+04
7.272694222136210010e+04
7.235141220175492344e+04
7.197978014115527913e+04
7.161105182632403739e+04
7.124624860556529893e+04
7.088534697250115278e+04
7.052860914536641212e+04
7.017700992076216789e+04
6.983106390798551729e+04
6.949046912710990000e+04
6.915515113440738060e+04
6.882552106404230290e+04
6.850198012531462882e+04
6.818461062144879543e+04
6.787363236831383256e+04
6.756927393558826589e+04
6.727175503702595597e+04
6.698130078602580761e+04
6.669813132122073148e+04
6.642246864150419424e+04
6.615453289409594436e+04
6.589454061244646437e+04
6.564270658306464611e+04
6.539924085868229304e+04
6.516434950104478048e+04
9.080839115371706430e+04
9.135810393261996796e+04
9.182577367855740886e+04
9.018598227551416494e+04
8.969028005726833362e+04
8.911991749042941956e+04
8.894210392890156072e+04
8.851261088479838509e+04
8.757510650803642056e+04
8.810413922497170279e+04
8.727726939756810316e+04
8.664662723924804595e+04
8.539006492713566695e+04
8.610265135346363240e+04
8.423651198534101422e+04
8.499402922106994083e+04
8.307399624147915165e+04
8.384641213792549388e+04
8.187580052751129551e+04
8.267517034380916448e+04
8.067062925973259553e+04
8.147206600767625787e+04
7.945803925069261459e+04
8.026572756779489282e+04
7.824515140629409871e+04
7.905337233129132073e+04
7.703772555817154353e+04
7.784451167284611438e+04
7.583957074144067883e+04
7.663956058608296735e+04
7.544560207672449178e+04
7.505200667208999221e+04
7.465821050610118255e+04
7.426540513238620770e+04
7.387559935171648976e+04
7.348958677244959108e+04
7.310723418344657694e+04
7.272868595941441890e+04
7.235275101048879151e+04
7.198001602474947867e+04
7.161048296878977271e+04
7.124460853305390629e+04
7.088326587876857957e+04
7.052737135211836721e+04
7.017674718501734606e+04
6.983099459584383294e+04
6.949025259435051703e+04
6.915505224950694537e+04
6.882557122145289031e+04
6.850203010252027889e+04
6.818465581581401057e+04
6.787367158242936421e+04
6.756930352872335061e+04
6.727177526647615014e+04
6.698131157446985890e+04
6.669813569932857354e+04
6.642246823879143631e+04
6.615452911282792047e+04
6.589453540935856290e+04
6.564270124562695855e+04
9.076604157218639739e+04
9.129795472560344206e+04
9.182605983705275867e+04
9.021560910808409972e+04
8.958506374038629292e+04
8.910298391884916055e+04
8.852915442067314871e+04
8.791439901759881468e+04
8.731502730553319270e+04
8.674672236818092642e+04
8.571626862774377514e+04
8.629872674167509831e+04
8.461008657849160954e+04
8.536502624915927299e+04
8.345810482513134775e+04
8.422268360455743095e+04
8.226973817550019885e+04
8.305498407637089258e+04
8.106853379014891107e+04
8.186776599687340786e+04
8.066338011432315398e+04
7.986127474897023058e+04
7.865099194226691907e+04
7.945758265171262610e+04
7.744561267772375140e+04
7.825505167319622706e+04
7.624364603807024832e+04
7.704564319835782226e+04
7.584928016287751961e+04
7.545328251750289928e+04
7.505464115270633192e+04
7.465741921704098058e+04
7.426438314691175765e+04
7.387552213145107089e+04
7.349022481278023042e+04
7.310836882988795696e+04
7.272900578378273349e+04
7.235176623677370662e+04
7.197759119034976175e+04
7.160751529282501724e+04
7.124254786112438887e+04
7.088278629999321129e+04
7.052755290359257197e+04
7.017681261155533139e+04
6.983088915258126508e+04
6.949023809643737331e+04
6.915506166176444094e+04
6.882559233420759847e+04
6.850205684587455471e+04
6.818468206398724578e+04
6.787369433641193609e+04
6.756932078765913320e+04
6.727178735066890658e+04
6.698131865504469897e+04
6.669813783738826169e+04
6.642246694322706026e+04
6.615452571138080384e+04
9.076435227684362326e+04
9.130097994270669005e+04
9.182616418058490672e+04
9.021185755629674532e+04
8.968783469542469538e+04
8.912971232968340337e+04
8.852903698076943692e+04
8.793180786744959187e+04
8.734101221132984210e+04
8.676287558993064158e+04
8.610653555429277185e+04
8.498192814532743068e+04
8.557343976068249322e+04
8.383722343549785728e+04
8.459070676077369717e+04
8.266290972966584377e+04
8.341725106577585393e+04
8.146531241164660605e+04
8.225709478811024746e+04
8.105370216051219904e+04
8.025846932065533474e+04
7.906167645549746521e+04
7.986277349081926513e+04
7.785731612929243420e+04
7.867418058825831395e+04
7.665216874475264922e+04
7.745827724448757363e+04
7.625986435347179940e+04
7.585861940640247485e+04
7.545136079264069849e+04
7.504988940725603607e+04
7.465474947103908926e+04
7.426344977694576664e+04
7.387606869772181381e+04
7.349119457508756022e+04
7.310767095137485012e+04
7.272591918817137775e+04
7.234793494374070724e+04
7.197483344718599983e+04
7.160674572024941153e+04
7.124296657495168620e+04
7.088325656125049863e+04
7.052756919361518521e+04
7.017671422605622502e+04
6.983085239333227219e+04
6.949022447132485104e+04
6.915506478593188513e+04
6.882560449297637388e+04
6.850207258690767048e+04
6.818469781721038453e+04
6.787370840533367300e+04
6.756933199732500361e+04
6.727179477529258293e+04
6.698132230500959849e+04
6.669813864062269568e+04
9.076712635397147096e+04
9.130180884037322539e+04
9.182617602721201547e+04
9.022908397609241365e+04
8.968725507224498142e+04
8.911132517902068503e+04
8.852418014432635391e+04
8.793375894351089664e+04
8.734117522106242541e+04
8.672932293403573567e+04
8.611029948727291776e+04
8.541371333331863570e+04
8.492869448813036433e+04
8.423584356375411153e+04
8.372418679390031321e+04
8.304221953552924970e+04
8.182801087684242520e+04
8.246791144668163906e+04
8.142383768634074659e+04
8.065451947829853452e+04
7.947884237793243665e+04
8.026403569056552078e+04
7.827395833026226319e+04
7.911828737565633492e+04
7.706800598870919202e+04
7.786385950780189887e+04
7.668792918966089201e+04
7.625827889987906383e+04
7.584308122699736850e+04
7.544304692035575863e+04
7.504629601574239496e+04
7.465404705330722209e+04
7.426463642027924652e+04
7.387618313939719519e+04
7.348830859773355769e+04
7.310305319250516186e+04
7.272259097738272976e+04
7.234699959300567571e+04
7.197547149465321854e+04
7.160743860010986100e+04
7.124318045188505494e+04
7.088308426565701666e+04
7.052750606996913848e+04
7.017667082960893458e+04
6.983082886574121949e+04
6.949021595148580673e+04
6.915506637132802280e+04
6.882561168337205891e+04
6.850208228289398539e+04
6.818470789816451725e+04
6.787371733001609391e+04
6.756933878778362123e+04
6.727179954737810476e+04
9.077066625438466144e+04
9.130301078485843027e+04
9.182618525063154812e+04
9.022952180938319361e+04
8.967332969222926477e+04
8.909952046318055363e+04
8.851814866696666286e+04
8.793053446325717960e+04
8.733343391847763269e+04
8.672426674410990381e+04
8.609856822989710781e+04
8.549265137046510063e+04
8.489013363368292630e+04
8.428293119997940084e+04
8.367213567971299926e+04
8.301276859405943833e+04
8.226849264198470337e+04
8.175427562436524022e+04
8.105652584898515488e+04
7.989510455923601694e+04
8.052141410982042726e+04
7.965246236696465348e+04
7.862461385462099861e+04
7.922338991861217073e+04
7.749482889156752208e+04
7.827033273341460153e+04
7.708215057048777817e+04
7.664148215512024763e+04
7.623964958422536438e+04
7.583646372715679172e+04
7.544019554090616293e+04
7.504739247677866661e+04
7.465538899034880160e+04
7.426292385978023231e+04
7.387160298835365393e+04
7.348429533519272809e+04
7.310196774380137504e+04
7.272343459747901943e+04
7.234804182579049666e+04
7.197590518766788591e+04
7.160751194060483249e+04
7.124313517456075351e+04
7.088304451410488400e+04
7.052746821340681345e+04
7.017664558288427361e+04
6.983081440636527259e+04
6.949021048001277086e+04
6.915506699569779448e+04
6.882561591719264106e+04
6.850208827107019897e+04
6.818471431643272808e+04
6.787372361281416670e+04
9.077028829963841417e+04
9.130359382340828597e+04
9.182619355676928535e+04
9.022513802291272441e+04
8.966631226894364227e+04
8.909600623030831048e+04
8.851614440776144329e+04
8.792857487347109418e+04
8.733089239390824514e+04
8.672327152022600058e+04
8.611183639723302622e+04
8.550174035175041354e+04
8.488981297471182188e+04
8.426702759407040139e+04
8.362664544946068781e+04
8.296673049814309343e+04
8.232911674943479011e+04
8.169635100823211542e+04
8.108195897058241826e+04
8.031524861918564420e+04
7.971829627145879203e+04
7.901546620958986750e+04
7.791558036938832083e+04
7.870924438874250336e+04
7.738081569462135667e+04
7.788027157562969660e+04
7.705308601343036571e+04
7.663047584755909338e+04
7.623120834876982553e+04
7.583759885428227426e+04
7.544312402157059114e+04
7.504766855402254441e+04
7.465171853122801986e+04
7.425850931835947267e+04
7.386994989102393447e+04
7.348517970488202991e+04
7.310317960532272991e+04
7.272402621682653262e+04
7.234817781310046848e+04
7.197592259828622628e+04
7.160749484006500279e+04
7.124311257622471021e+04
7.088302009955387621e+04
7.052744648415468691e+04
7.017662968867705786e+04
6.983080501382098009e+04
6.949020636433025356e+04
6.915506676948575478e+04
6.882561847415343800e+04
6.850209296152887691e+04
9.076850284497129906e+04
9.130319680175006215e+04
9.182620327705489763e+04
9.022177683117844572e+04
8.966302333285241912e+04
8.909365280305610213e+04
8.851554547515038576e+04
8.792805310186762654e+04
8.733089355798429460e+04
8.672626504929685325e+04
8.611643619719479466e+04
8.550286355595786881e+04
8.488266232751031930e+04
8.424991799732270010e+04
8.360444819773205381e+04
8.296445129781879950e+04
8.232631783802965947e+04
8.168566011411634099e+04
8.101164715263838298e+04
8.032382062151467835e+04
7.954828006738152180e+04
7.906253165227510908e+04
7.842285898575242027e+04
7.783781370174557378e+04
7.741410033773565374e+04
7.701730176145261794e+04
7.663442028003308224e+04
7.623822523556117085e+04
7.584027824627691007e+04
7.544111105141601001e+04
7.504333542270558246e+04
7.464921058579758392e+04
7.425892432571230165e+04
7.387114096432203951e+04
7.348582171702729829e+04
7.310337990841851570e+04
7.272410076226193632e+04
7.234820850656938273e+04
7.197593266652022430e+04
7.160748816582041036e+04
7.124310097197059076e+04
7.088300408803267055e+04
7.052743219888696331e+04
7.017661894414947892e+04
6.983079804790757771e+04
6.949020307780575240e+04
6.915506722338484542e+04
9.076712275828271231e+04
9.130258592786094232e+04
9.182620845763459511e+04
9.022007490228326060e+04
8.966193061509377731e+04
8.909348624355641368e+04
8.851550552488419635e+04
8.792807995570922503e+04
8.733171388044775813e+04
8.672770500742059085e+04
8.611684348637166840e+04
8.550019206518892315e+04
8.487511454781929206e+04
8.424090761848639522e+04
8.360329980741671170e+04
8.295957965376375068e+04
8.231793540178849071e+04
8.166458398102356296e+04
8.099452981087304943e+04
8.030379929479137354e+04
7.969576403933823167e+04
7.905796036803140305e+04
7.848652504450411652e+04
7.814221872061524482e+04
7.777657970749161905e+04
7.744812215703334368e+04
7.704127317959246284e+04
7.663933334894345899e+04
7.623775154493983428e+04
7.583650561933765130e+04
7.543798501783444954e+04
7.504279875131335575e+04
7.465009955941171211e+04
7.425948702974409389e+04
7.387132669599950896e+04
7.348590201836888446e+04
7.310343361770406773e+04
7.272413795175612904e+04
7.234823327704677649e+04
7.197594207220136013e+04
7.160748422591247072e+04
7.124309097531030420e+04
7.088299298873011139e+04
7.052742200080577459e+04
7.017661087326111738e+04
6.983079328231610998e+04
9.076651519065722823e+04
9.130224112301743298e+04
9.182620948151727498e+04
9.021948876483115600e+04
8.966163037623804121e+04
8.909346357565304788e+04
8.851550386476062704e+04
8.792819941717007896e+04
8.733206510419545521e+04
8.672763750800750859e+04
8.611583845532195119e+04
8.549673880666376499e+04
8.487083899356874463e+04
8.423912259467474360e+04
8.360185365278173413e+04
8.296016298328711127e+04
8.231315243177575758e+04
8.165903192907474295e+04
8.100024471921673103e+04
8.036711334353985148e+04
7.969292009748739656e+04
7.893619521044932480e+04
7.839952608569513541e+04
7.824924130209429131e+04
7.784932913783974072e+04
7.744419833349240071e+04
7.703978361524210777e+04
7.663630880223434360e+04
7.623444864537080866e+04
7.583513917355393642e+04
7.543825218907720409e+04
7.504322555867367191e+04
7.465023066729422135e+04
7.425954113756962761e+04
7.387137381635008205e+04
7.348594327766135393e+04
7.310346528310670692e+04
7.272416134793126548e+04
7.234824553981212375e+04
7.197594281635405787e+04
7.160747952856949996e+04
7.124308345073046803e+04
7.088298442254906695e+04
7.052741416514606681e+04
9.076638629595040402e+04
9.130215879574058636e+04
9.182620907223009272e+04
9.021937721586111002e+04
8.966158120523764228e+04
8.909346344058879185e+04
8.851550539411585487e+04
8.792820508068236813e+04
8.733207734205067391e+04
8.672766657320670492e+04
8.611560068609977316e+04
8.549636935955990339e+04
8.487042971033627691e+04
8.423852224266498524e+04
8.360130475092593406e+04
8.295888500057917554e+04
8.231142233604525973e+04
8.166112031104836205e+04
8.101205469111751881e+04
8.036166310943874123e+04
7.970132378294326190e+04
7.903085671749427274e+04
7.867430841796187451e+04
7.825399466658108577e+04
7.784634218138000870e+04
7.744119442229783454e+04
7.703715222405595705e+04
7.663452150540580624e+04
7.623397891587864433e+04
7.583530388584885804e+04
7.543833773616097460e+04
7.504325249331080704e+04
7.465025981779959693e+04
7.425957204946389538e+04
7.387140259946398146e+04
7.348596880402827810e+04
7.310348557301649998e+04
7.272417183956541703e+04
7.234824946230649948e+04
7.197594201719957346e+04
7.160747519845746865e+04
7.124307707226889033e+04
9.076638587200449547e+04
9.130215845501003787e+04
9.182620891545934137e+04
9.021937693331648188e+04
8.966158113654477347e+04
8.909346350209791854e+04
8.851550549031370610e+04
8.792820517017909151e+04
8.733207886995615263e+04
8.672765948767714144e+04
8.611549244402357726e+04
8.549614270399587986e+04
8.487020049952006957e+04
8.423826812139170943e+04
8.360081942385937145e+04
8.295806761592459225e+04
8.231134511062079400e+04
8.166302490308933193e+04
8.101512723399703100e+04
8.037827718416201242e+04
7.978912059445232444e+04
7.945822494558210019e+04
7.905891418821697880e+04
7.865373697424713464e+04
7.824949584871408297e+04
7.784493802171778225e+04
7.743964293956868642e+04
7.703592107918331749e+04
7.663410757859954902e+04
7.623394845709559740e+04
7.583531368038225628e+04
7.543835130382508214e+04
7.504326965902386291e+04
7.465027850893909635e+04
7.425959103223397688e+04
7.387142076428704604e+04
7.348598292972083436e+04
7.310349517229082994e+04
7.272417731121719407e+04
7.234825107141093758e+04
7.197594052881619427e+04
9.076638599953327503e+04
9.130215859805910441e+04
9.182620906463729625e+04
9.021937703476710885e+04
8.966158122134291625e+04
8.909346359103200666e+04
8.851550557586096693e+04
8.792820522288518259e+04
8.733207745610993879e+04
8.672765436592987680e+04
8.611548554065411736e+04
8.549613755825451517e+04
8.487019570246455260e+04
8.423802352170321683e+04
8.360039907469996251e+04
8.295681162990214943e+04
8.230944832749299530e+04
8.166013507011911133e+04
8.101140894115901028e+04
8.031973479176465480e+04
7.987434323478507577e+04
7.946405398125194188e+04
7.906223291223782871e+04
7.865708017242210917e+04
7.824923809001536574e+04
7.784273219105282624e+04
7.743817952982212591e+04
7.703543497794907307e+04
7.663405275365337729e+04
7.623395340741092514e+04
7.583532098675327143e+04
7.543836069919622969e+04
7.504328056018803909e+04
7.465029086558883137e+04
7.425960321029857732e+04
7.387143129898839106e+04
7.348599116685440822e+04
7.310350085396844952e+04
7.272418068083524122e+04
9.076638610644900473e+04
9.130215871564373083e+04
9.182620918615181290e+04
9.021937712967548578e+04
8.966158130868883745e+04
8.909346367275669763e+04
8.851550563913416408e+04
8.792820522549193993e+04
8.733207730309547333e+04
8.672765394123934675e+04
8.611548479691255488e+04
8.549613122788077453e+04
8.487006151554484677e+04
8.423749652266908379e+04
8.359862671647254319e+04
8.295398027902105241e+04
8.230285777217458235e+04
8.165098137794452487e+04
8.104064355407314724e+04
8.067744529098483326e+04
8.026542565618321532e+04
7.986932290777312301e+04
7.947073984080184891e+04
7.906130836598707538e+04
7.865285741667386901e+04
7.824608363174913393e+04
7.784125696126965340e+04
7.743784684979988378e+04
7.703541781967453426e+04
7.663405530274876219e+04
7.623395713633905689e+04
7.583532601721161336e+04
7.543836736462984118e+04
7.504328852959530195e+04
7.465029904013247869e+04
7.425961074815172469e+04
7.387143781656409556e+04
7.348599678032076918e+04
9.076638620235027338e+04
9.130215881780581549e+04
9.182620929157327919e+04
9.021937721939881158e+04
8.966158139340201160e+04
8.909346375151442771e+04
8.851550570598880586e+04
8.792820522884493403e+04
8.733207702942403557e+04
8.672765303971001413e+04
8.611548288735667302e+04
8.549610433936046320e+04
8.486981708203953167e+04
8.423659351876315486e+04
8.359612728844080993e+04
8.294708878333050234e+04
8.227951559037367406e+04
8.153203240257351717e+04
8.103228499543755606e+04
8.067527697415019793e+04
8.027675148885029193e+04
7.987368960120844713e+04
7.946442365008011984e+04
7.905633473157809931e+04
7.864995160854342976e+04
7.824512559991890157e+04
7.784113984825332591e+04
7.743784573495147924e+04
7.703541904866257391e+04
7.663405717625435500e+04
7.623396005554510339e+04
7.583533013784330979e+04
7.543837225464518997e+04
7.504329364741173049e+04
7.465030409252933168e+04
7.425961591861020133e+04
9.076638629266146745e+04
9.130215891081164591e+04
9.182620938594592735e+04
9.021937730889084924e+04
8.966158148331637494e+04
8.909346385703807755e+04
8.851550589430784748e+04
8.792820547574904049e+04
8.733207662956214335e+04
8.672765080388858041e+04
8.611547846916255367e+04
8.549606284751977364e+04
8.486954515825746057e+04
8.423572941901822924e+04
8.359446885292010847e+04
8.294582086940322188e+04
8.228012665030540666e+04
8.172376515730205574e+04
8.148784336124126276e+04
8.108205317894239852e+04
8.067922017379586759e+04
8.027443492318979406e+04
7.986740456054615788e+04
7.946019581018910685e+04
7.905441945008242328e+04
7.864955815917368454e+04
7.824510842704093375e+04
7.784114060457247251e+04
7.743784637658757856e+04
7.703542007576675678e+04
7.663405880432827689e+04
7.623396228474286909e+04
7.583533275625815440e+04
7.543837513061182108e+04
7.504329704952229804e+04
9.076638638305601489e+04
9.130215899943500699e+04
9.182620947484170028e+04
9.021937741219268355e+04
8.966158160490491719e+04
8.909346410771070805e+04
8.851550678283431625e+04
8.792820716471185733e+04
8.733207617009013484e+04
8.672764416693616658e+04
8.611546992702441639e+04
8.549613348591781687e+04
8.486955502348560549e+04
8.423569578526839905e+04
8.359574047886476910e+04
8.295604222043247137e+04
8.228857005648630729e+04
8.188542297551699448e+04
8.148314946052445157e+04
8.108159044106645160e+04
8.067698594677411893e+04
8.027089986297143332e+04
7.986450123561867804e+04
7.945920443533010257e+04
7.905430339962235303e+04
7.864955916442931630e+04
7.824510883433691924e+04
7.784114088718623680e+04
7.743784674019609520e+04
7.703542067175704869e+04
7.663405962688877480e+04
7.623396332541071752e+04
7.583533434529716033e+04
9.076638648841886607e+04
9.130215908869188570e+04
9.182620956080278847e+04
9.021937757090649393e+04
8.966158183087396901e+04
8.909346500208602811e+04
8.851551086863182718e+04
8.792821505172127218e+04
8.733207413527183235e+04
8.672761951440048870e+04
8.611548391121215536e+04
8.549679743792959198e+04
8.487009740149491699e+04
8.423425116605704534e+04
8.359312157674883201e+04
8.301061742721626069e+04
8.266994173046611832e+04
8.227462843958036683e+04
8.188302307381773426e+04
8.148337449963843392e+04
8.107989103318873094e+04
8.067443926859887142e+04
8.026883520087745273e+04
7.986395313418029400e+04
7.945915612511569634e+04
7.905430342911614571e+04
7.864955905344570056e+04
7.824510861619528441e+04
7.784114064095630602e+04
7.743784652974683559e+04
7.703542053862761531e+04
7.663405994054645998e+04
9.076638665022018540e+04
9.130215918762715592e+04
9.182620964704634389e+04
9.021937790953447984e+04
8.966158235401444836e+04
8.909346847015207459e+04
8.851552724422099709e+04
8.792824685355489783e+04
8.733205227806781477e+04
8.672779549837343802e+04
8.611629675032697560e+04
8.549941648925177287e+04
8.487184815618270659e+04
8.422548626195658289e+04
8.351107593725065817e+04
8.303860575361877272e+04
8.267256616011248843e+04
8.228265166003185732e+04
8.188537839955856907e+04
8.148231499699562846e+04
8.107742063030472491e+04
8.067279639732342912e+04
8.026845641283663281e+04
7.986393284081015736e+04
7.945915505065760226e+04
7.905430255794727418e+04
7.864955825479050691e+04
7.824510782240339904e+04
7.784113988443474227e+04
7.743784613089941558e+04
9.076638699694380921e+04
9.130215932349278592e+04
9.182620973619096912e+04
9.021937878019399068e+04
8.966158361558786419e+04
8.909348094469525677e+04
8.851558148557126697e+04
8.792838262121436128e+04
8.733251331646887411e+04
8.672907025126377994e+04
8.612079108866110619e+04
8.550830652724130778e+04
8.488591441450704588e+04
8.424407762245116464e+04
8.370594497517032141e+04
8.347077167912053119e+04
8.307736542798398295e+04
8.268410975646896986e+04
8.228612944500526646e+04
8.188325401197840984e+04
8.147967738661789917e+04
8.107616963470747578e+04
8.067254300654069812e+04
8.026845288855793478e+04
7.986393067668116419e+04
7.945915336923125142e+04
7.905430117307932233e+04
7.864955707828409504e+04
7.824510708715126384e+04
9.076638790355972014e+04
9.130215958157827845e+04
9.182620983011265344e+04
9.021938110631592281e+04
8.966158627566280484e+04
8.909351945326554414e+04
8.851569820830016397e+04
8.792855474253819557e+04
8.733356308653177985e+04
8.673258344452305755e+04
8.612684022109177022e+04
8.552481771563696384e+04
8.492898016023162927e+04
8.426465450062391756e+04
8.386918522241165920e+04
8.347478644242210430e+04
8.308237838049665152e+04
8.268402152988442685e+04
8.228308430397413031e+04
8.188112839341098152e+04
8.147879595118328871e+04
8.107601966498105321e+04
8.067253864293542574e+04
8.026844989191651985e+04
7.986392833613464609e+04
7.945915158114027872e+04
7.905430014368412958e+04
9.076639036510385631e+04
9.130216022220313607e+04
9.182620992940524593e+04
9.021938705937680788e+04
8.966160700469619769e+04
8.909359855603599863e+04
8.851592865621675446e+04
8.792922202360651863e+04
8.733534816439443966e+04
8.673538480593102577e+04
8.613098454539665545e+04
8.552836007253669959e+04
8.497575802307056438e+04
8.463474965113548387e+04
8.425536271333265177e+04
8.386788632773309655e+04
8.347595168274252501e+04
8.308133288772239757e+04
8.268190158417919884e+04
8.228148518365326163e+04
8.188048933335965557e+04
8.147871583589557849e+04
8.107601560978648195e+04
8.067253527476993622e+04
8.026844722934810852e+04
7.986392671307630371e+04
9.076639664128182631e+04
9.130216197042648855e+04
9.182621003489238501e+04
9.021940104472705571e+04
8.966164024981817056e+04
8.909370136465974792e+04
8.851617124533397146e+04
8.792972804647455632e+04
8.733604123146239726e+04
8.673530245748207381e+04
8.612073987152852351e+04
8.544307615224676556e+04
8.499863582062073692e+04
8.463400266106780327e+04
8.425482936964383407e+04
8.386873718534556974e+04
8.347681693001381063e+04
8.307915747510445362e+04
8.268058403978934803e+04
8.228109871603567444e+04
8.188046297012554714e+04
8.147871233886522532e+04
8.107601235296379309e+04
8.067253287326224381e+04
9.076641061081945372e+04
9.130216654166505032e+04
9.182621014598243346e+04
9.021943008551624371e+04
8.966166969143926690e+04
8.909377154666844581e+04
8.851607663878321182e+04
8.792850071259627293e+04
8.733566190834938607e+04
8.673718848784816510e+04
8.613244133025190968e+04
8.560863101548797567e+04
8.539242437515575148e+04
8.502254116045875708e+04
8.464463837369398971e+04
8.426307560780893255e+04
8.386993230790985399e+04
8.347490324515097018e+04
8.307838000855287828e+04
8.268044978128287767e+04
8.228109513696607610e+04
8.188046014442933665e+04
8.147870968298605294e+04
9.076643471581657650e+04
9.130217692972302029e+04
9.182621026118489681e+04
9.021947959243378136e+04
8.966179693361942191e+04
8.909382804375638079e+04
8.851581117235602869e+04
8.792811951239495829e+04
8.733129258944063622e+04
8.673342149872037407e+04
8.613860026672542153e+04
8.576689204394863918e+04
8.540102017253036320e+04
8.503105670792367891e+04
8.465139593651106406e+04
8.426197725251984957e+04
8.386926271681563230e+04
8.347468179223200423e+04
8.307836515912157483e+04
8.268044914588877873e+04
8.228109325924517179e+04
9.076657705527012877e+04
9.130219513667351566e+04
9.182621036653203191e+04
9.021977968359278748e+04
8.966210393264878076e+04
8.909435221282596467e+04
8.851550121805044182e+04
8.676291377596647362e+04
8.792819687148509547e+04
8.729642839948147594e+04
8.646514339755516266e+04
8.613897598920007295e+04
8.578777863842161605e+04
8.542064433823041327e+04
8.504090162490612420e+04
8.465249949408516113e+04
8.426190650400699815e+04
8.386924902693998592e+04
8.347468318758976238e+04
8.307836466196402034e+04
9.076687354706095357e+04
9.130229274664826517e+04
9.182621004067834292e+04
9.022063661929177761e+04
8.966445295540457300e+04
8.910045069820542994e+04
8.853305844761693152e+04
8.713041347632820543e+04
8.788643677610707527e+04
8.683896629518820555e+04
8.652235562244306493e+04
8.617959428478090558e+04
8.580909942053873965e+04
8.542701657979583251e+04
8.504092706111622101e+04
8.465251707722868014e+04
8.426191056445553841e+04
8.386924963318828668e+04
9.076729358283542388e+04
9.130241892320990155e+04
9.182620909082209982e+04
9.022182867788481235e+04
8.966774708884011488e+04
8.910878617000042868e+04
8.854762144700654608e+04
8.751795326672181545e+04
8.808508368348811928e+04
8.723493017585558118e+04
8.691831388831888034e+04
8.656926268428667390e+04
8.619173930034629302e+04
8.581074714118835982e+04
8.542698896747372055e+04
8.504092308977710491e+04
8.465251815534108027e+04
9.076733237876504427e+04
9.130243847287360404e+04
9.182620708568935515e+04
9.022208594980923226e+04
8.966825667694078584e+04
8.910814698774334101e+04
8.854827378936386958e+04
8.791775753722070658e+04
8.764927335270970070e+04
8.731669108365831198e+04
8.694585114394121047e+04
8.657058594662431278e+04
8.619179216901135806e+04
8.581055456079344731e+04
8.542698356508470897e+04
9.076611920806212584e+04
9.130205925732234027e+04
9.182620414591534063e+04
9.021991751428171119e+04
8.965588096057302027e+04
8.907820355582737830e+04
8.845221102916992095e+04
8.805648267190344632e+04
8.768991163907853479e+04
8.732005411651288159e+04
8.694626249199009908e+04
8.656992966056440491e+04
8.619150132967800891e+04
9.076223798822394747e+04
9.130086384184651251e+04
9.182620207175084215e+04
9.020918125487134967e+04
8.962837778825113492e+04
8.910183326029064483e+04
8.878839165477656934e+04
8.842170037617937487e+04
8.805888253750641888e+04
8.768988578436458192e+04
8.731826064569549635e+04
8.694496878874253889e+04
9.075600143127824413e+04
9.129883914607769111e+04
9.182620070769132872e+04
9.018965423297928646e+04
8.954918762736862118e+04
8.912518778888712404e+04
8.879076995403021283e+04
8.842209158513743023e+04
8.805462617400650925e+04
8.768632186946150614e+04
9.075533732833829708e+04
9.129750785327125050e+04
9.182618459708728187e+04
9.019745433069077262e+04
8.971403938351031684e+04
8.950532362194075540e+04
8.913974774094250461e+04
8.877737304560681514e+04
8.841452555808797479e+04
9.076110960580296523e+04
9.129823765498383727e+04
9.182612126645003445e+04
9.019446487748730578e+04
8.983689848480896035e+04
8.948343609196122270e+04
8.912864885810167470e+04
9.080314153541224368e+04
9.129920729505929921e+04
9.182601703900274879e+04
9.050732084415649297e+04
9.016759978922869777e+04
8.982765695250961289e+04
9.124501373906694062e+04
9.182651321070127597e+04
9.081767580856553104e+04
9.051039202176727122e+04
9.138020078659859428e+04
9.182525095223361859e+04
9.117627579898609838e+04
9.182417022973718122e+04
1.142110202326815051e+05
1.305641214877704770e+05
1.305931608915809338e+05
1.070585997855630849e+05
1.115320909916583478e+05
1.305770704050811037e+05
1.305883207014630316e+05
1.098622005736635911e+05
9.713898088404936425e+04
8.819890845920512220e+04
1.115082777547844016e+05
1.305884019007537863e+05
9.557412884474803286e+04
9.673529447133952635e+04
8.895023260922955524e+04
8.046972247900512593e+04
7.320683442762483901e+04
1.116978906108841766e+05
1.305900688497155643e+05
9.574419279511687637e+04
8.242344681348330050e+04
8.096161031323880889e+04
7.369844102173559077e+04
6.705195561038209416e+04
6.142905058924949117e+04
1.118042169165153027e+05
1.305908063103361637e+05
9.596936522406198492e+04
8.263886530234244128e+04
1.118368726777632983e+05
1.305910365997857443e+05
5.655988347411528230e+04
5.237500545769450400e+04
7.120273602354069590e+04
7.208863774540823943e+04
6.700525531518946809e+04
6.157926127583530615e+04
4.861624158071624697e+04
4.568834006006800337e+04
9.608368490413601103e+04
8.290552729148927028e+04
7.200679411770909792e+04
1.118509146299823624e+05
1.305909849437223602e+05
9.607590500432712724e+04
5.222633297548425617e+04
6.276810472898945591e+04
6.167089359387529839e+04
5.678578407310254988e+04
4.312730288681742240e+04
4.112781492677060305e+04
4.524434027355031867e+04
8.293306621241023822e+04
7.209496714856738981e+04
6.319051285362848284e+04
5.702085766596156463e+04
1.118320160960124340e+05
1.305908812693887885e+05
9.612139609890063002e+04
8.298913551757061214e+04
1.118321746062423335e+05
1.305906136974018737e+05
4.906491825325988611e+04
5.455314085381606128e+04
5.217550154930420831e+04
3.967470004646434245e+04
3.854990707601296162e+04
4.458844220375630539e+04
4.107104682906763628e+04
4.216480744407924067e+04
3.898085572790141305e+04
7.208947406747700006e+04
6.311350582137260790e+04
5.572134645119429479e+04
5.034229154202086647e+04
9.610148743621392350e+04
8.294524911882459128e+04
7.208339765283044835e+04
1.117974832901528571e+05
1.305902356270273594e+05
9.603670748784458556e+04
1.117682368912553211e+05
1.305900351603491581e+05
4.594885136392267304e+04
4.824273430034118792e+04
3.799008787390171346e+04
3.790946346343622281e+04
3.814879350272287411e+04
3.918568971499447071e+04
4.182742578785509249e+04
3.948955460372322705e+04
3.803055389579958137e+04
4.525793175073347811e+04
6.308596025470670429e+04
5.569992719932540058e+04
4.973066993217028357e+04
4.516529253801150480e+04
8.292723047046012653e+04
7.201597512855750392e+04
6.305483602580314619e+04
9.597896276332670823e+04
8.283828285322866577e+04
1.117639260152302886e+05
1.305900115467829892e+05
9.599231853424212022e+04
1.117660169378713035e+05
1.305900514574922854e+05
4.261055286894342862e+04
3.807721514077326719e+04
3.919369948320401454e+04
3.945220824642414664e+04
3.807544909607070440e+04
3.801494099768272281e+04
4.183657599173054768e+04
5.568066144219099806e+04
4.972975080747154425e+04
4.508933431136648869e+04
4.166477676707137289e+04
7.200208364876751148e+04
6.302159694250929169e+04
5.565669447345463414e+04
8.283879680112381175e+04
7.192830194004789519e+04
9.597802492710536171e+04
8.275528872720779327e+04
1.117703106988118379e+05
1.305901215913009801e+05
9.597149360246931610e+04
1.117771864532508625e+05
1.305901995453371346e+05
3.946818367802901776e+04
3.918721343236100074e+04
3.808208289223499014e+04
3.800600992539586150e+04
3.918359627862764319e+04
3.930653042318089138e+04
4.970837498774921551e+04
4.505344146234926302e+04
4.158195960585970170e+04
3.925410601878919988e+04
6.299148466266615287e+04
5.563553985990092769e+04
4.969069220257405686e+04
7.193052512267010752e+04
6.297246211014911387e+04
8.273169119029300055e+04
7.188206006588180026e+04
9.597039993597811554e+04
8.272666249186739151e+04
1.117827399917854927e+05
1.305902679565944854e+05
9.595816032424719015e+04
1.117873454404251097e+05
1.305905537287510233e+05
3.807163554705355637e+04
3.800663559612945392e+04
3.918322520147406613e+04
3.805058534225192125e+04
4.503489809408824658e+04
4.157775644504285447e+04
3.923147496550853248e+04
3.804494458470730751e+04
5.562298641085197596e+04
4.967921202851270209e+04
4.502385507766573573e+04
6.296948805227554840e+04
5.562265119969512307e+04
7.192679872472093848e+04
6.298108702325945342e+04
8.284627819944580551e+04
7.197080557182863413e+04
9.603852956758053915e+04
8.285161586388899013e+04
1.118287275563126459e+05
1.305908050995641534e+05
9.603999094766855706e+04
1.118327798688288312e+05
1.305911170345758874e+05
3.801305330580720329e+04
3.918366052873150329e+04
3.801988637970283162e+04
4.156875186949642375e+04
3.922641826537253655e+04
3.804291428482702031e+04
3.802153170870214672e+04
4.967662895501669118e+04
4.501795209436005825e+04
4.156052230751779280e+04
5.563176748358854093e+04
4.968425203826142388e+04
6.300991806344720680e+04
5.565348222285954398e+04
7.200968190897529712e+04
6.303993264287219063e+04
8.286194546925545728e+04
7.204349835813959362e+04
9.612772280792369565e+04
8.297691471173930040e+04
1.118802494659959339e+05
1.305913214390681387e+05
9.616372863262503233e+04
1.118713127636226709e+05
1.305915272003412247e+05
3.918436040069718729e+04
3.918478564948545682e+04
3.922678948995912651e+04
3.804439756746700732e+04
3.802171536726177874e+04
3.918487660431494442e+04
4.502252957843822514e+04
4.155509836262165481e+04
3.923752312172670645e+04
4.969979256268317840e+04
4.503573441035438009e+04
5.567812143014846515e+04
4.971957063038431079e+04
6.306933826035142556e+04
5.570069320778738620e+04
7.205107258429149806e+04
6.309620471997677669e+04
8.299478500013034500e+04
7.213272280006650544e+04
9.614513758565556782e+04
8.307527030623251630e+04
1.119075994385713711e+05
1.305917337096312403e+05
9.620927394983258273e+04
1.119101493545528065e+05
1.305917278286695509e+05
3.804458368978794897e+04
3.802057762429293507e+04
3.918483308097889676e+04
4.156552216060031787e+04
3.923625730881945492e+04
3.804785856408895779e+04
4.505192858252750011e+04
4.157726671298090514e+04
4.973933067826805200e+04
4.506877278019900405e+04
5.572377277750198118e+04
4.975705651895581832e+04
6.313211810904790764e+04
5.574927411633378506e+04
7.214811174954379385e+04
6.317306351812337380e+04
8.307706710825604387e+04
7.221964385487587424e+04
9.618582406528650608e+04
8.312452109961421229e+04
1.119042868237156654e+05
1.305916028537885286e+05
9.621606768910137180e+04
1.118891313412790623e+05
1.305914059584823990e+05
1.118694052426971466e+05
1.305909615062670346e+05
3.802014629306028655e+04
3.918474476239609066e+04
3.925215315370714961e+04
3.804790299597501144e+04
3.801855442928421689e+04
4.158904675632608996e+04
3.924917230703899259e+04
4.508354667209392210e+04
4.160199546068188647e+04
4.977477187569098896e+04
4.509394338395805244e+04
5.577925036158135481e+04
4.979414062214124715e+04
6.320307691925233667e+04
5.580899817084695678e+04
7.222186729644385923e+04
6.324417635132564465e+04
8.309154944493890798e+04
7.225944416228003683e+04
9.618996065762413491e+04
8.310567589505067735e+04
9.612721013791026780e+04
1.118149189729603822e+05
1.305906442582963500e+05
9.613853159198987123e+04
1.118159978835738875e+05
1.305906538535334403e+05
3.918464285739402840e+04
3.805098790623893001e+04
3.801846945726784907e+04
3.918453982617298607e+04
3.926252237141702062e+04
3.805113066510928911e+04
4.161267356923423358e+04
3.926822450359736831e+04
4.510742344448525546e+04
4.161002064925534796e+04
4.981426794932800112e+04
4.512052702078177390e+04
5.583594104644099571e+04
4.983346717757364968e+04
6.325950177827158041e+04
5.585771592784398672e+04
7.222793905399192590e+04
6.326669554330050596e+04
8.307968206578535319e+04
7.223085348551589414e+04
8.299988145266665379e+04
9.608692690248868894e+04
8.294050298424021457e+04
1.118218898616282240e+05
1.305907595928054507e+05
9.607125548539125884e+04
1.118364428258609842e+05
1.305908659672947833e+05
3.801833039182569337e+04
3.918454596202223183e+04
3.804989352868492279e+04
3.801832747001144162e+04
3.926305095244127733e+04
3.804971941954009526e+04
4.163109733925241744e+04
3.925998283395897306e+04
4.513305264123572124e+04
4.162667071510151436e+04
4.985144921344562317e+04
4.514458878792668838e+04
5.586846034885168046e+04
4.986485585678840289e+04
6.325598139102084679e+04
5.586808733313765697e+04
7.220483704411528015e+04
6.323846433541187434e+04
7.214915174898320402e+04
8.294855143069643236e+04
7.213614596468681702e+04
9.606494486718213011e+04
8.299441097406143672e+04
1.118387414677853376e+05
1.305908166046562692e+05
9.611175826104154112e+04
1.118291708283345215e+05
1.305911739117069519e+05
3.918455064490435325e+04
3.801832861521840096e+04
3.918455005605219048e+04
3.805176634561490937e+04
3.801805747341093229e+04
3.927520581328694243e+04
3.805140288439609139e+04
4.163945946479695704e+04
3.927279027039773064e+04
4.515838380420617614e+04
4.163901492116317240e+04
4.986982138998359005e+04
4.516510671132273274e+04
5.585747160135008016e+04
4.986730873764365242e+04
6.321010265700228047e+04
5.583978464566617185e+04
6.318177201429349225e+04
7.213492115075727634e+04
6.316404379965650878e+04
8.295273854271945311e+04
7.213600264069600962e+04
9.614237425195392279e+04
8.303128160689740616e+04
1.118824009821945947e+05
1.305915459429625625e+05
9.617803850943174621e+04
1.119029868716472556e+05
1.305916452404912998e+05
3.918453342982244794e+04
3.801769920814644865e+04
3.918450029180247657e+04
3.805133766796737473e+04
3.801742936242462019e+04
3.927529095217934810e+04
3.805235358781234390e+04
4.165765713983917522e+04
3.927089564428502490e+04
4.516604150967427995e+04
4.164682862080416089e+04
4.985807580880582100e+04
4.516274188014163519e+04
5.581764267323515378e+04
4.984513964246058458e+04
5.579595536321105465e+04
6.315471051582086511e+04
5.577835815757750970e+04
7.214060074492197600e+04
6.314621593925429625e+04
8.305635113558867306e+04
7.211872320404958737e+04
9.619715969379676972e+04
8.303337356700570672e+04
1.119028477895745309e+05
1.305915747523343889e+05
9.618870483944116859e+04
1.118888650815029541e+05
1.305913327008004271e+05
3.918446604915364151e+04
3.801723708613347844e+04
3.918443793347950123e+04
3.805323274224060151e+04
3.801711677011556458e+04
3.927941447667078319e+04
3.805281102012233896e+04
4.165711354659924837e+04
3.927399633100500796e+04
4.515335668534416618e+04
4.164558360561501468e+04
4.514694621153010667e+04
4.982996916995730135e+04
4.981217882960542920e+04
5.576321711754732678e+04
4.979528706759284978e+04
6.313831793333055248e+04
5.575147624926140270e+04
7.213847027420593076e+04
6.311885862651715433e+04
8.302971715555802803e+04
7.210545661169546656e+04
9.615475167505354329e+04
8.297478444173144817e+04
1.118515551129068917e+05
1.305919028585127089e+05
9.613186276532837655e+04
1.119876157794668688e+05
1.305968656556001515e+05
3.918442330576723907e+04
3.801700162446561444e+04
3.918441269499280315e+04
3.805395760659288499e+04
3.801686888029686088e+04
3.928480633904828574e+04
3.805314969052373635e+04
4.164021073261303536e+04
3.927806606716206443e+04
4.164777896825196513e+04
4.513600590679347079e+04
4.511751450874338479e+04
4.510734605856512644e+04
4.977762738299078774e+04
5.573608156996557955e+04
4.975865907878079452e+04
6.308632485520295450e+04
5.571204964175071655e+04
7.200182275812503940e+04
6.304239676795902051e+04
8.291949869450253027e+04
7.189847803527447104e+04
9.585300807734239788e+04
8.318979184441051621e+04
1.126827583007662324e+05
1.306120614453587914e+05
9.685747558821937128e+04
1.146681640253104997e+05
1.305662622994131525e+05
3.918440345122708823e+04
3.801687002261273301e+04
3.918440009747310978e+04
3.805229579175417166e+04
3.801702449080442602e+04
3.926803754626982845e+04
3.805183681792705465e+04
3.926416355772318639e+04
4.163658792079908744e+04
4.161059101420306979e+04
4.160869535423137859e+04
4.508201442689880059e+04
4.974091250517900335e+04
4.506355797887011431e+04
5.570889872770870716e+04
4.971694375515868887e+04
6.271980430637667450e+04
5.579038008703087689e+04
7.163408346796740079e+04
6.257179627040166088e+04
7.225954479556597653e+04
8.063658038985703024e+04
8.433161426179157570e+04
9.664225958883897692e+04
1.070549191383511061e+05
3.918441204381868738e+04
3.801718519274156279e+04
3.918442789146100404e+04
3.805254221579235309e+04
3.801741250984132057e+04
3.805022985565633280e+04
3.926365524179422209e+04
3.925032649869409215e+04
3.924813319760796003e+04
4.158123725060895231e+04
4.505322774344711070e+04
4.156838116221324162e+04
4.501512027389914874e+04
4.967923873588357674e+04
4.953914714087904576e+04
5.444897680098842829e+04
5.589499078017182183e+04
6.195157772164455673e+04
6.682530268202268053e+04
7.255572479284730798e+04
7.944348315838286362e+04
8.819689183073340973e+04
3.918445094557256380e+04
3.801784055797041947e+04
3.918448860857202089e+04
3.801847561474273243e+04
3.804991381254105363e+04
3.804714020248984889e+04
3.804525493305624695e+04
3.923552633138221427e+04
4.156120259441491362e+04
3.922923963627521152e+04
4.153654163152119145e+04
4.497137738528058981e+04
4.492325302273668785e+04
4.835805074010708631e+04
4.995348262927270116e+04
5.254016117368783307e+04
5.671226194933207444e+04
6.141638569662201917e+04
6.676426086853568268e+04
7.321105933815675962e+04
3.918454508560914837e+04
3.918462040585537761e+04
3.801929789018799056e+04
3.802016215242880571e+04
3.802033756735990028e+04
3.804511020481777814e+04
3.923031894556338375e+04
3.804412036388823617e+04
3.922289180621122796e+04
4.153106748457703361e+04
4.155405327702730574e+04
4.498000729918499565e+04
4.558589463917834655e+04
4.877615896354923461e+04
5.238615455876728083e+04
5.656171519198823808e+04
6.143133696535757190e+04
3.918470586344529875e+04
3.918475489620084409e+04
3.918477192846162507e+04
3.802064045033144794e+04
3.804664202767369716e+04
3.802066346167588199e+04
3.804442768120280380e+04
3.923204153774689621e+04
3.924871515118046227e+04
4.169124920774583006e+04
4.142995577583891281e+04
4.318111698319704010e+04
4.567230452469328884e+04
4.873905369686845370e+04
5.237632973205531016e+04
3.918478343466501246e+04
3.802083590118733991e+04
3.918479900605793227e+04
3.802072681672916951e+04
3.804522696899486618e+04
3.804921424580679013e+04
3.926272656863839802e+04
3.943764055616421683e+04
4.106426247024125041e+04
4.311687762808438856e+04
4.568801495127747330e+04
3.918480799369447777e+04
3.918466445348207344e+04
3.801808239036529994e+04
3.801496326297919586e+04
3.805235460089617845e+04
3.802051596265147964e+04
3.850695646710382425e+04
3.958732734290725784e+04
4.112642481034465163e+04
3.918439119194597151e+04
3.918398474127501686e+04
3.801176058792967524e+04
3.795169650017358072e+04
3.799032575018332864e+04
3.855178625372951501e+04
3.917998919453685812e+04
3.918495588149159448e+04
3.811555049216836778e+04
3.790769758263583208e+04
3.917127532802509086e+04
