0.000000000000000000e+00,-1.123756321360323135e-02
1.000000000000000000e+00,9.851312681903386104e-02
2.000000000000000000e+00,1.148236870757555483e-01
3.000000000000000000e+00,6.433723315719078184e-02
4.000000000000000000e+00,-9.698417538547424166e-02
5.000000000000000000e+00,1.733465346471299573e-04
6.000000000000000000e+00,8.540184017548818618e-02
7.000000000000000000e+00,1.452055425628603069e-01
8.000000000000000000e+00,5.119718576771770807e-02
9.000000000000000000e+00,-9.120888479793393122e-02
1.000000000000000000e+01,-1.268058001612791807e-01
1.100000000000000000e+01,7.746336616610302594e-02
1.200000000000000000e+01,1.661802396562602480e-01
1.300000000000000000e+01,-2.431061548214694112e-03
1.400000000000000000e+01,-1.722089463245706220e-01
1.500000000000000000e+01,-1.092861829956726927e-01
1.600000000000000000e+01,5.186615113174922187e-02
1.700000000000000000e+01,-1.489406031957143939e-02
1.800000000000000000e+01,2.177292216370987354e-01
1.900000000000000000e+01,-1.258903219491269709e-01
2.000000000000000000e+01,-1.901853753326462337e-01
2.100000000000000000e+01,4.736986889657576749e-02
2.200000000000000000e+01,-1.563002895847816487e-01
2.300000000000000000e+01,1.025359415685974385e-01
2.400000000000000000e+01,-7.326545957124173947e-02
2.500000000000000000e+01,-1.749897214676534030e-01
2.600000000000000000e+01,-1.083108797898877165e-02
2.700000000000000000e+01,1.585535595338566917e-01
2.800000000000000000e+01,1.113934070214867567e-01
2.900000000000000000e+01,-8.380932711723088069e-02
3.000000000000000000e+01,-1.378406973184777007e-01
3.100000000000000000e+01,-5.956810395702656635e-02
3.200000000000000000e+01,-1.143957546438548467e-01
3.300000000000000000e+01,6.975197481283337830e-02
3.400000000000000000e+01,1.526546423656769125e-01
3.500000000000000000e+01,-7.695566680896497036e-02
3.600000000000000000e+01,-7.881972181309439274e-02
3.700000000000000000e+01,-3.919554776942141272e-02
3.800000000000000000e+01,6.935047223672421990e-02
3.900000000000000000e+01,1.670988514821292736e-01
4.000000000000000000e+01,4.767907086694056495e-04
4.100000000000000000e+01,-1.198638433230214684e-01
4.200000000000000000e+01,-1.107816602860467597e-01
4.300000000000000000e+01,1.852390823119029473e-01
4.400000000000000000e+01,2.692129059149888509e-02
4.500000000000000000e+01,-9.485641364789630658e-02
4.600000000000000000e+01,-1.054803489387146631e-01
4.700000000000000000e+01,-4.999012620872751028e-02
4.800000000000000000e+01,-3.135837673939045889e-03
4.900000000000000000e+01,5.181706469220487971e-02
5.000000000000000000e+01,-3.112110951588004104e-02
5.100000000000000000e+01,-6.830982821323899890e-02
5.200000000000000000e+01,1.084680361419530781e-02
5.300000000000000000e+01,7.229327003643409855e-02
5.400000000000000000e+01,1.368769254545243730e-01
5.500000000000000000e+01,-3.811297937525167517e-02
5.600000000000000000e+01,-8.025579578617099419e-02
5.700000000000000000e+01,-7.942739036771714889e-02
5.800000000000000000e+01,-2.134296498400141684e-01
5.900000000000000000e+01,4.996564457242742840e-02
6.000000000000000000e+01,3.304978013944182003e-01
6.100000000000000000e+01,-1.749802505104222639e-02
6.200000000000000000e+01,-4.481327007185384459e-03
6.300000000000000000e+01,-6.986210133349404772e-02
6.400000000000000000e+01,1.294520102299638320e-01
6.500000000000000000e+01,-6.279637240890174887e-02
6.600000000000000000e+01,5.453311989904029156e-03
6.700000000000000000e+01,-1.623483390628365636e-02
6.800000000000000000e+01,1.428916280648278581e-01
6.900000000000000000e+01,1.802858724050328265e-01
7.000000000000000000e+01,3.138646275542882336e-01
7.100000000000000000e+01,4.051126448620567810e-02
7.200000000000000000e+01,-3.643687434664163310e-02
7.300000000000000000e+01,4.049269668081897922e-02
7.400000000000000000e+01,2.469971613059249449e-01
7.500000000000000000e+01,1.318928413857992643e-01
7.600000000000000000e+01,1.095169640583239096e-01
7.700000000000000000e+01,-1.060230921644408214e-02
7.800000000000000000e+01,-5.693928528410396178e-02
7.900000000000000000e+01,7.107670040749788920e-02
8.000000000000000000e+01,1.892610187843118130e-01
8.100000000000000000e+01,1.835021374063179056e-01
8.200000000000000000e+01,6.755609349577883227e-03
8.300000000000000000e+01,-1.343705348079990702e-01
8.400000000000000000e+01,1.812331234553957171e-02
8.500000000000000000e+01,2.281753853223505990e-01
8.600000000000000000e+01,-8.191760904677777844e-02
8.700000000000000000e+01,-1.012450759270550893e-01
8.800000000000000000e+01,-8.593086385990683640e-03
8.900000000000000000e+01,-1.023205816814615754e-01
9.000000000000000000e+01,-2.363670496069789906e-01
9.100000000000000000e+01,-6.112739619309376371e-02
9.200000000000000000e+01,-1.997385241058451666e-01
9.300000000000000000e+01,-2.212618933246186248e-01
9.400000000000000000e+01,-3.947995774625317478e-01
9.500000000000000000e+01,-1.382534956794491676e-01
9.600000000000000000e+01,-1.793310875581224373e-01
9.700000000000000000e+01,-1.575624921829091585e-01
9.800000000000000000e+01,-3.744245249557257016e-01
9.900000000000000000e+01,-5.002578723646008418e-01
1.000000000000000000e+02,-5.402631205620737065e-01
1.010000000000000000e+02,-3.516351017864515205e-01
1.020000000000000000e+02,-4.416336614909595060e-01
1.030000000000000000e+02,-5.788116243934675609e-01
1.040000000000000000e+02,-6.344323560845425147e-01
1.050000000000000000e+02,-6.914165016233696504e-01
1.060000000000000000e+02,-7.427892244303517799e-01
1.070000000000000000e+02,-6.913408230259718845e-01
1.080000000000000000e+02,-8.364137607817953013e-01
1.090000000000000000e+02,-7.490823749452610869e-01
1.100000000000000000e+02,-9.300144049615672870e-01
1.110000000000000000e+02,-7.110296608814639097e-01
1.120000000000000000e+02,-6.303657862561442560e-01
1.130000000000000000e+02,-7.748938063382732055e-01
1.140000000000000000e+02,-7.492818558827911701e-01
1.150000000000000000e+02,-9.564249763713463803e-01
1.160000000000000000e+02,-6.957184292416183080e-01
1.170000000000000000e+02,-5.046606302362623975e-01
1.180000000000000000e+02,-4.911028545887252128e-01
1.190000000000000000e+02,-4.158712417034061692e-01
1.200000000000000000e+02,-5.737056590843655490e-01
1.210000000000000000e+02,-3.574130248655179032e-01
1.220000000000000000e+02,-1.855520206218523593e-01
1.230000000000000000e+02,-6.553418934172485777e-01
1.240000000000000000e+02,-5.064580469774517812e-01
1.250000000000000000e+02,-6.071302622759463530e-01
1.260000000000000000e+02,-4.973792291673835297e-01
1.270000000000000000e+02,-4.969703912548161240e-01
1.280000000000000000e+02,-7.214910144944095549e-01
1.290000000000000000e+02,-2.829898540521476602e-01
1.300000000000000000e+02,-5.491428662131567773e-01
1.310000000000000000e+02,-3.608850738574719275e-01
1.320000000000000000e+02,-4.961807009891284759e-01
1.330000000000000000e+02,-1.630604274312980329e-01
1.340000000000000000e+02,-1.752125134340245249e-01
1.350000000000000000e+02,-5.916966226286980435e-01
1.360000000000000000e+02,-3.235392668001638716e-01
1.370000000000000000e+02,-2.580417323523833198e-02
1.380000000000000000e+02,1.528795336086463952e-01
1.390000000000000000e+02,9.499338757947517475e-02
1.400000000000000000e+02,-3.315224993523115116e-02
1.410000000000000000e+02,-8.843105743070248104e-02
1.420000000000000000e+02,-8.429223793052428859e-04
1.430000000000000000e+02,1.139223482572773727e-02
1.440000000000000000e+02,-3.966944117104009848e-02
1.450000000000000000e+02,-5.777207646966642240e-02
1.460000000000000000e+02,-1.315222335297716039e-01
1.470000000000000000e+02,-3.702332445220847534e-02
1.480000000000000000e+02,3.392742536447824336e-02
1.490000000000000000e+02,1.269142267415055425e-01
1.500000000000000000e+02,4.458379519421994119e-02
1.510000000000000000e+02,-1.202247553022734589e-01
1.520000000000000000e+02,-8.893095653343308093e-02
1.530000000000000000e+02,1.073337435579800742e-01
1.540000000000000000e+02,1.064888161690653867e-01
1.550000000000000000e+02,9.982434272606843795e-02
1.560000000000000000e+02,1.873692922264533212e-02
1.570000000000000000e+02,-4.747375877179211418e-02
1.580000000000000000e+02,-1.183019603429870392e-01
1.590000000000000000e+02,6.221747923615822407e-02
1.600000000000000000e+02,1.221148825999986698e-01
1.610000000000000000e+02,-6.071180584473950814e-03
1.620000000000000000e+02,-3.855319039289604177e-01
1.630000000000000000e+02,-8.688826603060478826e-02
1.640000000000000000e+02,6.251129556768972306e-02
1.650000000000000000e+02,1.348472207448159765e-01
1.660000000000000000e+02,-6.560582740722936679e-02
1.670000000000000000e+02,-1.517870331833152953e-02
1.680000000000000000e+02,-1.320600491546682631e-01
1.690000000000000000e+02,-2.175183415114541330e-02
1.700000000000000000e+02,-8.588812903542802912e-02
1.710000000000000000e+02,1.342543610526148075e-02
1.720000000000000000e+02,-1.660205147433247985e-01
1.730000000000000000e+02,-1.883967132623032559e-01
1.740000000000000000e+02,9.545905225142055361e-02
1.750000000000000000e+02,-2.051907995032036247e-01
1.760000000000000000e+02,-1.198095215842766813e-02
1.770000000000000000e+02,-6.094183506547395240e-02
1.780000000000000000e+02,-1.139200462599645608e-01
1.790000000000000000e+02,-5.746454378834248491e-03
1.800000000000000000e+02,1.240947842471942786e-01
1.810000000000000000e+02,-3.031510539834842421e-01
1.820000000000000000e+02,-8.705644531152148535e-03
1.830000000000000000e+02,-3.385017900459935669e-02
1.840000000000000000e+02,-6.774359216210901202e-02
1.850000000000000000e+02,7.973770207419117462e-02
1.860000000000000000e+02,2.549413338760783687e-02
1.870000000000000000e+02,-1.417709177539386474e-02
1.880000000000000000e+02,-2.014674437299410203e-01
1.890000000000000000e+02,-7.637231165606062078e-02
1.900000000000000000e+02,1.799367745094365700e-01
1.910000000000000000e+02,5.180558592875403323e-02
1.920000000000000000e+02,7.212702745346910582e-02
1.930000000000000000e+02,-4.032985508358349208e-02
1.940000000000000000e+02,-1.105015868500214549e-01
1.950000000000000000e+02,-1.335249758292452460e-01
1.960000000000000000e+02,2.654213711185305358e-01
1.970000000000000000e+02,4.010915877467039481e-01
1.980000000000000000e+02,2.279002192484215761e-01
1.990000000000000000e+02,2.911499554220553510e-01
2.000000000000000000e+02,4.111592234662168055e-01
2.010000000000000000e+02,4.668925760639214273e-01
2.020000000000000000e+02,4.093031364084117607e-01
2.030000000000000000e+02,3.829770972036294907e-03
2.040000000000000000e+02,2.346306694545963467e-01
2.050000000000000000e+02,2.150022594166728362e-01
2.060000000000000000e+02,2.789087933733268021e-01
2.070000000000000000e+02,3.568686673221777572e-01
2.080000000000000000e+02,7.099874560882877272e-01
2.090000000000000000e+02,2.556383109259960928e-01
2.100000000000000000e+02,2.531293408876654216e-01
2.110000000000000000e+02,3.526666095648313681e-01
2.120000000000000000e+02,4.664342880111139733e-01
2.130000000000000000e+02,4.246273682717874309e-01
2.140000000000000000e+02,6.533128739398441631e-01
2.150000000000000000e+02,3.045244103851736384e-01
2.160000000000000000e+02,4.263622272907418020e-01
2.170000000000000000e+02,5.692935031089035869e-01
2.180000000000000000e+02,4.379693342289372460e-01
2.190000000000000000e+02,4.781524886730809110e-01
2.200000000000000000e+02,2.315577508590099254e-01
2.210000000000000000e+02,5.090720336200232898e-01
2.220000000000000000e+02,4.990681557017785375e-01
2.230000000000000000e+02,4.622218337510757835e-01
2.240000000000000000e+02,2.252305838084502354e-01
2.250000000000000000e+02,6.085499698604656116e-01
2.260000000000000000e+02,-1.737554937014225420e-02
2.270000000000000000e+02,1.561195854702222552e-01
2.280000000000000000e+02,3.330758954112504888e-01
2.290000000000000000e+02,2.138444116577507825e-01
2.300000000000000000e+02,-1.236926889637597476e-01
2.310000000000000000e+02,7.254899351921122175e-02
2.320000000000000000e+02,2.956390397345795007e-01
2.330000000000000000e+02,2.868291106994899642e-01
2.340000000000000000e+02,2.435558872748739834e-01
2.350000000000000000e+02,-2.683509791546029311e-02
2.360000000000000000e+02,6.774628193871261306e-02
2.370000000000000000e+02,1.400136104850595586e-01
2.380000000000000000e+02,3.236480332299999652e-01
2.390000000000000000e+02,2.056853910384144335e-01
2.400000000000000000e+02,-1.669243234757735728e-01
2.410000000000000000e+02,-2.747146789712479609e-01
2.420000000000000000e+02,-2.618498878399366792e-02
2.430000000000000000e+02,-1.887285655936188355e-02
2.440000000000000000e+02,-3.175278762780620045e-02
2.450000000000000000e+02,-3.485660599076598198e-01
2.460000000000000000e+02,-9.109232605869793664e-02
2.470000000000000000e+02,-2.130958252334257952e-01
2.480000000000000000e+02,-9.074844934981557421e-02
2.490000000000000000e+02,-2.172753693951318121e-01
2.500000000000000000e+02,-3.385335591273775369e-01
2.510000000000000000e+02,-2.989603520881224386e-01
2.520000000000000000e+02,-7.366620103817804743e-01
2.530000000000000000e+02,-2.299357830601596042e-01
2.540000000000000000e+02,1.060903519670592932e-01
2.550000000000000000e+02,-9.564071855277578305e-02
2.560000000000000000e+02,-2.375639112428473698e-02
2.570000000000000000e+02,-3.315665565360259581e-01
2.580000000000000000e+02,5.098693288560296466e-02
2.590000000000000000e+02,-6.910125297543756595e-02
2.600000000000000000e+02,1.349995316016634472e-01
2.610000000000000000e+02,-2.193961639840055211e-01
2.620000000000000000e+02,-4.436086043168902537e-01
2.630000000000000000e+02,-1.943951822541296615e-01
2.640000000000000000e+02,2.476578581773293819e-01
2.650000000000000000e+02,5.733338687395223010e-02
2.660000000000000000e+02,-4.230500290718175460e-01
2.670000000000000000e+02,-3.380845852268073992e-01
2.680000000000000000e+02,-1.230755592387013375e-01
2.690000000000000000e+02,3.166725428431743650e-02
2.700000000000000000e+02,3.928234648861519962e-02
2.710000000000000000e+02,1.960297567161080057e-01
2.720000000000000000e+02,6.567901444629231644e-02
2.730000000000000000e+02,9.704249501025864755e-02
2.740000000000000000e+02,1.021533767100610279e-02
2.750000000000000000e+02,3.560297145814119713e-01
2.760000000000000000e+02,2.174915065767086264e-01
2.770000000000000000e+02,-2.004133193759609077e-01
2.780000000000000000e+02,-1.221344271444620710e-01
2.790000000000000000e+02,-4.815931645127197180e-02
2.800000000000000000e+02,7.873891743043937019e-02
2.810000000000000000e+02,1.852319514852769911e-01
2.820000000000000000e+02,-1.960413401645344500e-01
2.830000000000000000e+02,8.968382524621495988e-03
2.840000000000000000e+02,6.980973534626022659e-01
2.850000000000000000e+02,9.487817017559257993e-02
2.860000000000000000e+02,1.930663341495509888e-01
2.870000000000000000e+02,-1.302816404742290768e-01
2.880000000000000000e+02,8.383034030974095829e-02
2.890000000000000000e+02,2.564090910328380435e-01
2.900000000000000000e+02,7.420049533642476547e-01
2.910000000000000000e+02,3.178139200319177737e-01
2.920000000000000000e+02,6.603876353589577253e-01
2.930000000000000000e+02,4.212008824326838319e-01
2.940000000000000000e+02,5.093585421263966406e-01
2.950000000000000000e+02,7.429801865306788766e-01
2.960000000000000000e+02,7.975132143738254964e-01
2.970000000000000000e+02,4.929912908271272265e-01
2.980000000000000000e+02,6.853027547235412964e-01
2.990000000000000000e+02,4.267470256342773549e-01
3.000000000000000000e+02,4.987973585114110486e-01
3.010000000000000000e+02,7.403382123508215340e-01
3.020000000000000000e+02,7.166839607449319027e-01
3.030000000000000000e+02,6.347496059283629366e-01
3.040000000000000000e+02,3.461559285314204093e-01
3.050000000000000000e+02,7.457290738747774927e-01
3.060000000000000000e+02,4.595151324235831058e-01
3.070000000000000000e+02,9.701302870746024709e-01
3.080000000000000000e+02,8.770405890577535057e-01
3.090000000000000000e+02,9.809676373170157504e-01
3.100000000000000000e+02,7.582449431410587248e-01
3.110000000000000000e+02,8.260793665125192309e-01
3.120000000000000000e+02,8.017375810485058985e-01
3.130000000000000000e+02,6.848464536452971707e-01
3.140000000000000000e+02,7.330636225067315159e-01
3.150000000000000000e+02,5.022701311068111796e-01
3.160000000000000000e+02,5.492887290974415304e-01
3.170000000000000000e+02,5.192000042550812822e-01
3.180000000000000000e+02,3.935674273321362882e-01
3.190000000000000000e+02,8.121397807810635250e-01
3.200000000000000000e+02,1.208063254187070334e-01
3.210000000000000000e+02,4.318863948967405220e-01
3.220000000000000000e+02,5.558884467552405173e-01
3.230000000000000000e+02,3.175967317359389419e-01
3.240000000000000000e+02,6.543973319080766959e-01
3.250000000000000000e+02,4.968061194920562196e-01
3.260000000000000000e+02,2.544468270211525107e-01
3.270000000000000000e+02,5.163720850932981277e-01
3.280000000000000000e+02,3.865531251119403433e-01
3.290000000000000000e+02,5.565342382505517049e-01
3.300000000000000000e+02,9.863378945053283831e-01
3.310000000000000000e+02,7.641771802340548980e-01
3.320000000000000000e+02,5.614008025443777417e-01
3.330000000000000000e+02,9.120518226822560415e-01
3.340000000000000000e+02,8.236179734079186465e-01
3.350000000000000000e+02,4.163746257382849869e-01
3.360000000000000000e+02,7.571143638064383730e-01
3.370000000000000000e+02,6.916031284191264117e-01
3.380000000000000000e+02,9.626190894232946604e-01
3.390000000000000000e+02,7.710625984140249134e-01
3.400000000000000000e+02,9.709631541081589212e-01
3.410000000000000000e+02,8.902843413700859410e-01
3.420000000000000000e+02,8.876218387186566305e-01
3.430000000000000000e+02,1.152663310380052764e+00
3.440000000000000000e+02,1.100852835177183131e+00
3.450000000000000000e+02,7.096428915736779919e-01
3.460000000000000000e+02,1.469711197009665016e+00
3.470000000000000000e+02,3.567026239098678442e-01
3.480000000000000000e+02,1.056209135592844461e+00
3.490000000000000000e+02,1.137803594132022589e+00
3.500000000000000000e+02,8.485828911382035100e-01
3.510000000000000000e+02,8.474530513024720602e-01
3.520000000000000000e+02,8.707718388557099676e-01
3.530000000000000000e+02,8.972250084160625638e-01
3.540000000000000000e+02,8.194445010950177632e-01
3.550000000000000000e+02,9.910785192587255876e-01
3.560000000000000000e+02,7.208032265315594822e-01
3.570000000000000000e+02,7.248374845359880636e-01
3.580000000000000000e+02,1.015792279581752666e+00
3.590000000000000000e+02,6.942007770614955220e-01
3.600000000000000000e+02,8.350779935538192866e-01
3.610000000000000000e+02,6.659671476373146826e-01
3.620000000000000000e+02,4.645169198676236677e-01
3.630000000000000000e+02,7.479124782624588796e-01
3.640000000000000000e+02,8.638699357821806313e-01
3.650000000000000000e+02,1.033104440279902114e+00
3.660000000000000000e+02,7.809108097505580437e-01
3.670000000000000000e+02,8.128712763859723411e-01
3.680000000000000000e+02,5.141355056051156724e-01
3.690000000000000000e+02,8.436551666608466116e-01
3.700000000000000000e+02,9.204044438786831428e-01
3.710000000000000000e+02,6.948776377098029311e-01
3.720000000000000000e+02,1.894298192006942938e-01
3.730000000000000000e+02,8.661128752603531877e-01
3.740000000000000000e+02,1.011296878887192552e+00
3.750000000000000000e+02,7.565957450749954960e-01
3.760000000000000000e+02,1.014928002928403794e+00
3.770000000000000000e+02,7.385566020415833544e-01
3.780000000000000000e+02,9.323187826893274410e-01
3.790000000000000000e+02,8.796723277882332326e-01
3.800000000000000000e+02,7.663787358802741645e-01
3.810000000000000000e+02,1.100132561815487797e+00
3.820000000000000000e+02,1.181714385849564009e+00
3.830000000000000000e+02,1.229139789039036534e+00
3.840000000000000000e+02,1.371492125921115246e+00
3.850000000000000000e+02,1.562672923632138167e+00
3.860000000000000000e+02,1.319670036852772510e+00
3.870000000000000000e+02,1.443893882770240555e+00
3.880000000000000000e+02,1.277009555551588571e+00
3.890000000000000000e+02,1.325538011994479071e+00
3.900000000000000000e+02,1.594323797802535525e+00
3.910000000000000000e+02,1.500477003538224441e+00
3.920000000000000000e+02,1.668647047625742230e+00
3.930000000000000000e+02,1.465301873634158758e+00
3.940000000000000000e+02,1.273393630846520352e+00
3.950000000000000000e+02,1.491876658327691674e+00
3.960000000000000000e+02,1.679080908095919922e+00
3.970000000000000000e+02,1.282957190730963593e+00
3.980000000000000000e+02,1.159456689446359601e+00
3.990000000000000000e+02,1.383306357753977700e+00
4.000000000000000000e+02,1.219232307592953868e+00
4.010000000000000000e+02,1.326460874469526763e+00
4.020000000000000000e+02,1.336795847025702422e+00
4.030000000000000000e+02,1.325582929222359985e+00
4.040000000000000000e+02,1.288540669195871402e+00
4.050000000000000000e+02,1.306957399379850226e+00
4.060000000000000000e+02,1.312973328896411607e+00
4.070000000000000000e+02,1.521436641773530551e+00
4.080000000000000000e+02,1.499671857947971088e+00
4.090000000000000000e+02,1.132728273461400814e+00
4.100000000000000000e+02,1.176978602490041048e+00
4.110000000000000000e+02,1.068226273830680695e+00
4.120000000000000000e+02,9.814936780382704784e-01
4.130000000000000000e+02,7.455799788205899059e-01
4.140000000000000000e+02,7.270965608977351113e-01
4.150000000000000000e+02,8.515908565076808490e-01
4.160000000000000000e+02,1.257452759130522679e+00
4.170000000000000000e+02,1.372153158890529356e+00
4.180000000000000000e+02,9.283372058535827032e-01
4.190000000000000000e+02,1.126257333374415914e+00
4.200000000000000000e+02,9.304700545112856158e-01
4.210000000000000000e+02,1.218244737594177840e+00
4.220000000000000000e+02,1.570851595398568890e+00
4.230000000000000000e+02,1.148158173925555081e+00
4.240000000000000000e+02,1.170934004626335678e+00
4.250000000000000000e+02,9.898504082848023078e-01
4.260000000000000000e+02,1.042772523148690178e+00
4.270000000000000000e+02,1.054288120830539466e+00
4.280000000000000000e+02,1.053274926257800503e+00
4.290000000000000000e+02,1.178604202033443293e+00
4.300000000000000000e+02,1.166330451695587023e+00
4.310000000000000000e+02,1.064235902458959160e+00
4.320000000000000000e+02,1.151890519684446001e+00
4.330000000000000000e+02,1.275569640551577955e+00
4.340000000000000000e+02,1.518246290607831117e+00
4.350000000000000000e+02,8.404318182753557354e-01
4.360000000000000000e+02,1.035867283984559073e+00
4.370000000000000000e+02,1.081191872839121881e+00
4.380000000000000000e+02,1.454362827598274954e+00
4.390000000000000000e+02,1.289375732676145692e+00
4.400000000000000000e+02,1.693675524926269826e+00
4.410000000000000000e+02,1.331257982526505845e+00
4.420000000000000000e+02,1.468871773595784358e+00
4.430000000000000000e+02,1.614004297780142982e+00
4.440000000000000000e+02,1.228005654745125685e+00
4.450000000000000000e+02,1.394889027006162241e+00
4.460000000000000000e+02,1.452673845031378752e+00
4.470000000000000000e+02,1.325580202238680005e+00
4.480000000000000000e+02,1.821161452511743217e+00
4.490000000000000000e+02,1.602161207900001161e+00
4.500000000000000000e+02,1.525837161600792635e+00
4.510000000000000000e+02,1.471691241181254384e+00
4.520000000000000000e+02,1.620421669391866493e+00
4.530000000000000000e+02,1.869133218986508194e+00
4.540000000000000000e+02,1.895102991642094503e+00
4.550000000000000000e+02,1.883280641497590668e+00
4.560000000000000000e+02,1.649150317941595167e+00
4.570000000000000000e+02,1.635678102665405920e+00
4.580000000000000000e+02,1.752528284686944771e+00
4.590000000000000000e+02,1.878711892462298971e+00
4.600000000000000000e+02,1.782001473400550484e+00
4.610000000000000000e+02,1.922431124311361206e+00
4.620000000000000000e+02,1.717074507909399195e+00
4.630000000000000000e+02,1.798464395990587272e+00
4.640000000000000000e+02,2.020706987971286672e+00
4.650000000000000000e+02,1.791889021027940121e+00
4.660000000000000000e+02,1.791741415883139954e+00
4.670000000000000000e+02,2.110980817948371779e+00
4.680000000000000000e+02,1.717075738801339568e+00
4.690000000000000000e+02,1.940170638235605205e+00
4.700000000000000000e+02,2.066817597025000897e+00
4.710000000000000000e+02,2.081775187399980798e+00
4.720000000000000000e+02,2.089586902957496051e+00
4.730000000000000000e+02,2.047828957096110791e+00
4.740000000000000000e+02,2.030329713411955783e+00
4.750000000000000000e+02,2.025440131781877096e+00
4.760000000000000000e+02,1.908802000224514295e+00
4.770000000000000000e+02,1.741534566344189461e+00
4.780000000000000000e+02,1.703775452387639611e+00
4.790000000000000000e+02,1.910396134560820691e+00
4.800000000000000000e+02,2.168882620285585539e+00
4.810000000000000000e+02,1.678594765399699762e+00
4.820000000000000000e+02,1.819391773473396201e+00
4.830000000000000000e+02,1.747971523189294274e+00
4.840000000000000000e+02,1.699091780001302121e+00
4.850000000000000000e+02,1.907785883463458454e+00
4.860000000000000000e+02,1.812246790789718620e+00
4.870000000000000000e+02,1.765580748588606586e+00
4.880000000000000000e+02,1.708678360542597252e+00
4.890000000000000000e+02,1.562051190495140629e+00
4.900000000000000000e+02,1.738500018186416085e+00
4.910000000000000000e+02,1.741192928635917792e+00
4.920000000000000000e+02,1.780233328404000392e+00
4.930000000000000000e+02,1.645461612498723580e+00
4.940000000000000000e+02,1.490996924511615473e+00
4.950000000000000000e+02,2.218547331027422853e+00
4.960000000000000000e+02,1.766113390598955446e+00
4.970000000000000000e+02,1.578516879885349056e+00
4.980000000000000000e+02,1.531243841178352882e+00
4.990000000000000000e+02,1.575964371465708336e+00
5.000000000000000000e+02,1.170317013100297787e+00
5.010000000000000000e+02,1.629768652844547416e+00
5.020000000000000000e+02,1.379884266259787884e+00
5.030000000000000000e+02,1.284436706923542282e+00
5.040000000000000000e+02,1.395184830326564374e+00
5.050000000000000000e+02,1.460487727561092575e+00
5.060000000000000000e+02,1.307083508090894020e+00
5.070000000000000000e+02,1.278995114829926782e+00
5.080000000000000000e+02,1.304483127597007908e+00
5.090000000000000000e+02,1.147761185394333472e+00
5.100000000000000000e+02,1.192911989433295572e+00
5.110000000000000000e+02,1.367887547227073064e+00
5.120000000000000000e+02,1.391951620350493801e+00
5.130000000000000000e+02,1.161996992465908596e+00
5.140000000000000000e+02,1.365808120210728394e+00
5.150000000000000000e+02,1.506221585136112262e+00
5.160000000000000000e+02,1.553780572483036027e+00
5.170000000000000000e+02,1.479244655387684571e+00
5.180000000000000000e+02,1.144963232729451441e+00
5.190000000000000000e+02,1.124425602027585569e+00
5.200000000000000000e+02,1.143600691074135423e+00
5.210000000000000000e+02,1.243489530546420863e+00
5.220000000000000000e+02,1.376805892974476642e+00
5.230000000000000000e+02,1.266359436364132840e+00
5.240000000000000000e+02,1.092088134037298541e+00
5.250000000000000000e+02,8.567963700196484789e-01
5.260000000000000000e+02,9.833131343955633374e-01
5.270000000000000000e+02,1.201341782790664947e+00
5.280000000000000000e+02,1.382894878587213494e+00
5.290000000000000000e+02,1.279689759443016772e+00
5.300000000000000000e+02,9.945796555841269759e-01
5.310000000000000000e+02,1.271067072411039334e+00
5.320000000000000000e+02,1.384898587907676948e+00
5.330000000000000000e+02,1.549553392998732626e+00
5.340000000000000000e+02,1.129492780606563329e+00
5.350000000000000000e+02,1.193153608809964350e+00
5.360000000000000000e+02,1.447307159357077655e+00
5.370000000000000000e+02,1.017564919005279123e+00
5.380000000000000000e+02,1.313982623350924861e+00
5.390000000000000000e+02,1.325123850432516015e+00
5.400000000000000000e+02,1.380840475087202979e+00
5.410000000000000000e+02,1.054538847234220533e+00
5.420000000000000000e+02,1.331547999623569734e+00
5.430000000000000000e+02,1.395383362015238937e+00
5.440000000000000000e+02,1.625332853424116930e+00
5.450000000000000000e+02,1.404952618945308096e+00
5.460000000000000000e+02,1.285594935853659582e+00
5.470000000000000000e+02,1.106263673268054415e+00
5.480000000000000000e+02,1.848899166716905906e+00
5.490000000000000000e+02,1.715371118254132465e+00
5.500000000000000000e+02,1.621345037574215331e+00
5.510000000000000000e+02,1.702406211546028336e+00
5.520000000000000000e+02,1.686254411622054139e+00
5.530000000000000000e+02,1.453897711577231133e+00
5.540000000000000000e+02,1.913338660739721808e+00
5.550000000000000000e+02,1.630247375562143830e+00
5.560000000000000000e+02,1.611579982517611143e+00
5.570000000000000000e+02,1.439740938186582664e+00
5.580000000000000000e+02,1.956387306093104739e+00
5.590000000000000000e+02,1.752484768207544841e+00
5.600000000000000000e+02,1.689961075404895485e+00
5.610000000000000000e+02,1.603516460850181513e+00
5.620000000000000000e+02,2.053484283316244330e+00
5.630000000000000000e+02,2.022766506472185810e+00
5.640000000000000000e+02,2.207195872733161313e+00
5.650000000000000000e+02,2.073467115031716546e+00
5.660000000000000000e+02,1.935976974704779918e+00
5.670000000000000000e+02,1.947715910594516764e+00
5.680000000000000000e+02,2.111800266114693070e+00
5.690000000000000000e+02,2.392091600157578490e+00
5.700000000000000000e+02,2.049384291771287003e+00
5.710000000000000000e+02,2.145117922209553107e+00
5.720000000000000000e+02,1.999863812303250610e+00
5.730000000000000000e+02,2.163029099427752122e+00
5.740000000000000000e+02,2.330787399824909123e+00
5.750000000000000000e+02,2.161137138129592739e+00
5.760000000000000000e+02,2.267868236777051294e+00
5.770000000000000000e+02,2.083070662173061027e+00
5.780000000000000000e+02,2.158057533000409034e+00
5.790000000000000000e+02,2.296567132736133221e+00
5.800000000000000000e+02,2.316450825361321630e+00
5.810000000000000000e+02,2.337446784473404815e+00
5.820000000000000000e+02,2.188947059824311037e+00
5.830000000000000000e+02,2.279190253282761258e+00
5.840000000000000000e+02,1.882684045070021517e+00
5.850000000000000000e+02,2.203558944779302919e+00
5.860000000000000000e+02,2.566684074554566486e+00
5.870000000000000000e+02,2.688040273081023557e+00
5.880000000000000000e+02,2.496141527617317557e+00
5.890000000000000000e+02,2.533891315171006298e+00
5.900000000000000000e+02,2.513859616278524278e+00
5.910000000000000000e+02,2.596444222956393766e+00
5.920000000000000000e+02,1.811406056428912503e+00
5.930000000000000000e+02,2.145615902494045546e+00
5.940000000000000000e+02,2.179055781320807572e+00
5.950000000000000000e+02,2.409023597769791802e+00
5.960000000000000000e+02,2.322500407530620592e+00
5.970000000000000000e+02,2.591318807753961284e+00
5.980000000000000000e+02,1.955903822958304339e+00
5.990000000000000000e+02,2.401878775838005353e+00
6.000000000000000000e+02,2.320745137368518840e+00
6.010000000000000000e+02,2.153191246450950391e+00
6.020000000000000000e+02,2.321631653255318284e+00
6.030000000000000000e+02,2.496586663427125874e+00
6.040000000000000000e+02,2.404181507051025957e+00
6.050000000000000000e+02,2.266763182727600245e+00
6.060000000000000000e+02,2.009516579791105428e+00
6.070000000000000000e+02,2.285695436964703564e+00
6.080000000000000000e+02,2.113489944152863842e+00
6.090000000000000000e+02,1.795202597178821025e+00
6.100000000000000000e+02,1.994924730326316675e+00
6.110000000000000000e+02,1.890936794515709840e+00
6.120000000000000000e+02,2.160855318978432305e+00
6.130000000000000000e+02,2.020056192477557300e+00
6.140000000000000000e+02,2.015555637956402801e+00
6.150000000000000000e+02,1.908109100927002144e+00
6.160000000000000000e+02,1.844807905278293525e+00
6.170000000000000000e+02,1.964315380467542171e+00
6.180000000000000000e+02,2.199655531451551571e+00
6.190000000000000000e+02,1.951815719246727587e+00
6.200000000000000000e+02,1.821569869347380966e+00
6.210000000000000000e+02,1.852557181876912873e+00
6.220000000000000000e+02,2.113825407466137563e+00
6.230000000000000000e+02,2.078569062964474412e+00
6.240000000000000000e+02,2.097074267693099348e+00
6.250000000000000000e+02,1.867885904888694659e+00
6.260000000000000000e+02,2.042381970112169931e+00
6.270000000000000000e+02,2.241051470089355124e+00
6.280000000000000000e+02,2.102222654156586934e+00
6.290000000000000000e+02,1.908057530564121418e+00
6.300000000000000000e+02,1.428453804859879384e+00
6.310000000000000000e+02,1.686394614087201038e+00
6.320000000000000000e+02,1.524914704823557621e+00
6.330000000000000000e+02,1.358673334945926570e+00
6.340000000000000000e+02,1.849407022750398699e+00
6.350000000000000000e+02,1.404505888013052539e+00
6.360000000000000000e+02,1.642494272015028844e+00
6.370000000000000000e+02,1.556542410702416834e+00
6.380000000000000000e+02,1.848353911570138841e+00
6.390000000000000000e+02,1.645344135755799186e+00
6.400000000000000000e+02,1.707525198104537179e+00
6.410000000000000000e+02,1.923126730144068208e+00
6.420000000000000000e+02,1.745967969728551950e+00
6.430000000000000000e+02,1.995004454524432536e+00
6.440000000000000000e+02,1.617600841957935742e+00
6.450000000000000000e+02,1.754433172380731598e+00
6.460000000000000000e+02,1.459325921167356377e+00
6.470000000000000000e+02,1.559529863344352840e+00
6.480000000000000000e+02,1.659672058375549319e+00
6.490000000000000000e+02,1.757992972720720637e+00
6.500000000000000000e+02,1.490349498662125516e+00
6.510000000000000000e+02,1.605557292768015287e+00
6.520000000000000000e+02,1.653247253786367832e+00
6.530000000000000000e+02,1.329408933729118836e+00
6.540000000000000000e+02,1.860067265534662173e+00
6.550000000000000000e+02,1.817854426926840183e+00
6.560000000000000000e+02,1.555374332394415582e+00
6.570000000000000000e+02,1.731539251935176882e+00
6.580000000000000000e+02,1.777299458178519309e+00
6.590000000000000000e+02,1.763460004403279768e+00
6.600000000000000000e+02,2.035089271693125923e+00
6.610000000000000000e+02,2.423014115047599226e+00
6.620000000000000000e+02,2.190430390442559716e+00
6.630000000000000000e+02,1.958418253459409009e+00
6.640000000000000000e+02,2.379292380157337572e+00
6.650000000000000000e+02,2.754898554974787306e+00
6.660000000000000000e+02,2.116573666971609757e+00
6.670000000000000000e+02,2.040173441033295454e+00
6.680000000000000000e+02,2.532610190183527177e+00
6.690000000000000000e+02,2.178053287898526591e+00
6.700000000000000000e+02,2.410795180514516911e+00
6.710000000000000000e+02,2.058539712156613355e+00
6.720000000000000000e+02,1.966203155490579002e+00
6.730000000000000000e+02,2.097148686975149001e+00
6.740000000000000000e+02,2.720268018211314587e+00
6.750000000000000000e+02,2.401475647609172537e+00
6.760000000000000000e+02,2.663126037024047932e+00
6.770000000000000000e+02,2.266780479792180003e+00
6.780000000000000000e+02,2.375958862091813284e+00
6.790000000000000000e+02,2.328991132433341438e+00
6.800000000000000000e+02,2.681703447693606801e+00
6.810000000000000000e+02,2.756053646492148346e+00
6.820000000000000000e+02,2.521652496507193142e+00
6.830000000000000000e+02,2.002241086774603218e+00
6.840000000000000000e+02,2.253534098472828262e+00
6.850000000000000000e+02,2.248673033723499248e+00
6.860000000000000000e+02,2.293328587434611876e+00
6.870000000000000000e+02,2.371039190910776639e+00
6.880000000000000000e+02,2.452277232602922297e+00
6.890000000000000000e+02,2.348991984366515240e+00
6.900000000000000000e+02,2.319199752374828005e+00
6.910000000000000000e+02,2.324080136534847796e+00
6.920000000000000000e+02,2.308820896639397713e+00
6.930000000000000000e+02,2.418949560355992734e+00
6.940000000000000000e+02,2.647301452080677020e+00
6.950000000000000000e+02,2.475341415152771507e+00
6.960000000000000000e+02,2.242574561009711864e+00
6.970000000000000000e+02,2.721219583072429504e+00
6.980000000000000000e+02,2.474305202777846713e+00
6.990000000000000000e+02,2.550794567177085526e+00
7.000000000000000000e+02,2.456915810408596190e+00
7.010000000000000000e+02,2.509031542048190566e+00
7.020000000000000000e+02,2.472437943803654115e+00
7.030000000000000000e+02,2.585099659350583501e+00
7.040000000000000000e+02,2.403334585164787818e+00
7.050000000000000000e+02,2.649238441448927173e+00
7.060000000000000000e+02,2.255101401539499673e+00
7.070000000000000000e+02,2.440394496985017980e+00
7.080000000000000000e+02,2.568894993199332788e+00
7.090000000000000000e+02,2.454083682732272287e+00
7.100000000000000000e+02,2.459103455812012839e+00
7.110000000000000000e+02,2.915136724568549553e+00
7.120000000000000000e+02,2.736292537343774978e+00
7.130000000000000000e+02,3.021229672507619313e+00
7.140000000000000000e+02,2.695645304559100452e+00
7.150000000000000000e+02,2.762035292788481922e+00
7.160000000000000000e+02,2.833176056410803945e+00
7.170000000000000000e+02,3.120163159973307287e+00
7.180000000000000000e+02,2.788708271268039329e+00
7.190000000000000000e+02,2.713191033638317151e+00
7.200000000000000000e+02,2.526717378963745819e+00
7.210000000000000000e+02,2.888548660406940360e+00
7.220000000000000000e+02,2.769556607752469368e+00
7.230000000000000000e+02,2.739131630812295715e+00
7.240000000000000000e+02,2.547162636753835585e+00
7.250000000000000000e+02,2.745794492956806998e+00
7.260000000000000000e+02,2.842655028254986949e+00
7.270000000000000000e+02,2.799520782807068287e+00
7.280000000000000000e+02,2.927918786624440273e+00
7.290000000000000000e+02,2.962804727227305701e+00
7.300000000000000000e+02,2.839747193497080158e+00
7.310000000000000000e+02,2.544145832901481441e+00
7.320000000000000000e+02,2.552997322435618610e+00
7.330000000000000000e+02,2.910838054229717198e+00
7.340000000000000000e+02,2.925428656118172821e+00
7.350000000000000000e+02,2.898337644939503299e+00
7.360000000000000000e+02,2.808908929776695373e+00
7.370000000000000000e+02,2.899891578047352425e+00
7.380000000000000000e+02,2.823349158621514920e+00
7.390000000000000000e+02,2.674219783785137583e+00
7.400000000000000000e+02,2.960558410365956128e+00
7.410000000000000000e+02,2.623992414121932182e+00
7.420000000000000000e+02,2.755127826630853871e+00
7.430000000000000000e+02,2.680198777085052164e+00
7.440000000000000000e+02,2.830131289166391895e+00
7.450000000000000000e+02,2.344546563959348351e+00
7.460000000000000000e+02,2.013287596511385225e+00
7.470000000000000000e+02,2.544966021084583474e+00
7.480000000000000000e+02,2.694080957389153319e+00
7.490000000000000000e+02,2.642788499693090376e+00
7.500000000000000000e+02,2.374256151038473206e+00
7.510000000000000000e+02,2.331929990945342368e+00
7.520000000000000000e+02,2.320009730154160010e+00
7.530000000000000000e+02,2.735421663340204645e+00
7.540000000000000000e+02,3.030680090908087543e+00
7.550000000000000000e+02,2.724090668880967403e+00
7.560000000000000000e+02,2.558091769147678995e+00
7.570000000000000000e+02,2.510732460741516903e+00
7.580000000000000000e+02,2.748568065177820152e+00
7.590000000000000000e+02,3.144069899178628447e+00
7.600000000000000000e+02,2.679408977429236227e+00
7.610000000000000000e+02,2.685351135030849434e+00
7.620000000000000000e+02,2.443649928266351967e+00
7.630000000000000000e+02,2.625490635780017179e+00
7.640000000000000000e+02,2.898489915327076005e+00
7.650000000000000000e+02,2.606723396542645510e+00
7.660000000000000000e+02,2.522884893860217304e+00
7.670000000000000000e+02,2.713974072627844070e+00
7.680000000000000000e+02,2.569730081275274358e+00
7.690000000000000000e+02,2.345705993842680748e+00
7.700000000000000000e+02,3.041947416403852689e+00
7.710000000000000000e+02,2.905746842609649772e+00
7.720000000000000000e+02,2.783392799161867437e+00
7.730000000000000000e+02,2.788329084539908020e+00
7.740000000000000000e+02,2.806059890959623271e+00
7.750000000000000000e+02,2.966019665405623229e+00
7.760000000000000000e+02,2.905757710479007550e+00
7.770000000000000000e+02,2.885072421757079564e+00
7.780000000000000000e+02,2.705348658395612560e+00
7.790000000000000000e+02,2.825919519349702203e+00
7.800000000000000000e+02,2.791579322430803867e+00
7.810000000000000000e+02,3.217515465893013626e+00
7.820000000000000000e+02,2.792528235723571228e+00
7.830000000000000000e+02,2.653416520552171587e+00
7.840000000000000000e+02,3.037308660387696424e+00
7.850000000000000000e+02,3.087089592819581618e+00
7.860000000000000000e+02,2.820000871159251243e+00
7.870000000000000000e+02,2.843923977467975650e+00
7.880000000000000000e+02,2.868804251398806571e+00
7.890000000000000000e+02,2.733123079486711848e+00
7.900000000000000000e+02,3.228664920159446616e+00
7.910000000000000000e+02,2.950578114989573120e+00
7.920000000000000000e+02,2.844467024164086144e+00
7.930000000000000000e+02,2.648493730165034421e+00
7.940000000000000000e+02,2.808702545018573637e+00
7.950000000000000000e+02,2.859971830036921681e+00
7.960000000000000000e+02,2.835593380974336775e+00
7.970000000000000000e+02,2.914494942562615876e+00
7.980000000000000000e+02,2.682431736139458955e+00
7.990000000000000000e+02,3.228142312223166943e+00
8.000000000000000000e+02,3.199120975616500218e+00
8.010000000000000000e+02,3.006198682356433949e+00
8.020000000000000000e+02,3.328858584922793185e+00
8.030000000000000000e+02,2.936686237922986109e+00
8.040000000000000000e+02,2.567235180884552825e+00
8.050000000000000000e+02,2.899614461801673482e+00
8.060000000000000000e+02,3.043446177978212042e+00
8.070000000000000000e+02,3.217373463431540515e+00
8.080000000000000000e+02,3.058414810240368986e+00
8.090000000000000000e+02,2.727318972713049128e+00
8.100000000000000000e+02,2.733913472940987965e+00
8.110000000000000000e+02,3.186852508978347043e+00
8.120000000000000000e+02,2.961202884253250733e+00
8.130000000000000000e+02,3.063665607196626173e+00
8.140000000000000000e+02,2.905587892634273306e+00
8.150000000000000000e+02,2.844663890920728910e+00
8.160000000000000000e+02,2.817493844766438382e+00
8.170000000000000000e+02,3.009815617377306740e+00
8.180000000000000000e+02,2.575570553221230075e+00
8.190000000000000000e+02,2.729336557156022636e+00
8.200000000000000000e+02,2.789401891648306542e+00
8.210000000000000000e+02,2.803830045064957588e+00
8.220000000000000000e+02,3.081899012480766586e+00
8.230000000000000000e+02,2.600661352785333058e+00
8.240000000000000000e+02,2.861777902275134178e+00
8.250000000000000000e+02,2.737664933440706161e+00
8.260000000000000000e+02,2.846494772618672453e+00
8.270000000000000000e+02,3.025805957283811409e+00
8.280000000000000000e+02,2.882187661072930229e+00
8.290000000000000000e+02,2.685203395392185222e+00
8.300000000000000000e+02,2.735604725161593809e+00
8.310000000000000000e+02,2.684181032755132090e+00
8.320000000000000000e+02,3.222415094520363787e+00
8.330000000000000000e+02,3.140814863968572457e+00
8.340000000000000000e+02,3.229929332016135302e+00
8.350000000000000000e+02,3.049781259007410927e+00
8.360000000000000000e+02,3.311722918181220443e+00
8.370000000000000000e+02,3.017186640173323386e+00
8.380000000000000000e+02,3.102886643186486104e+00
8.390000000000000000e+02,3.668362271924355600e+00
8.400000000000000000e+02,3.359307280356622627e+00
8.410000000000000000e+02,3.190255255846737636e+00
8.420000000000000000e+02,3.092408087322290111e+00
8.430000000000000000e+02,3.519918272670082615e+00
8.440000000000000000e+02,3.576629323155966045e+00
8.450000000000000000e+02,3.500605734505617406e+00
8.460000000000000000e+02,3.672368185056787304e+00
8.470000000000000000e+02,3.475774555649493447e+00
8.480000000000000000e+02,3.877229877904651900e+00
8.490000000000000000e+02,3.515435690011861958e+00
8.500000000000000000e+02,3.375506120507240304e+00
8.510000000000000000e+02,3.641614127750756769e+00
8.520000000000000000e+02,3.493010378447013675e+00
8.530000000000000000e+02,3.862961427381922608e+00
8.540000000000000000e+02,3.800233448041602902e+00
8.550000000000000000e+02,3.784172680479523265e+00
8.560000000000000000e+02,3.566642457033326608e+00
8.570000000000000000e+02,3.659653353461851388e+00
8.580000000000000000e+02,3.600821492836783211e+00
8.590000000000000000e+02,3.651950449295292334e+00
8.600000000000000000e+02,3.786432945262730332e+00
8.610000000000000000e+02,3.625230737820499982e+00
8.620000000000000000e+02,3.818628112295361809e+00
8.630000000000000000e+02,3.255365662779177605e+00
8.640000000000000000e+02,3.443570192227824567e+00
8.650000000000000000e+02,3.380220057592647986e+00
8.660000000000000000e+02,3.048134821429373975e+00
8.670000000000000000e+02,3.224963570258683188e+00
8.680000000000000000e+02,3.295812448709799725e+00
8.690000000000000000e+02,3.662024764280229050e+00
8.700000000000000000e+02,3.904774670714094675e+00
8.710000000000000000e+02,3.507915655242874298e+00
8.720000000000000000e+02,3.091868206175535150e+00
8.730000000000000000e+02,3.358126375584517209e+00
8.740000000000000000e+02,3.564104842446515597e+00
8.750000000000000000e+02,3.621850926508765500e+00
8.760000000000000000e+02,3.622828729132162362e+00
8.770000000000000000e+02,3.534176529574964309e+00
8.780000000000000000e+02,3.410778717677186211e+00
8.790000000000000000e+02,3.853880691600785280e+00
8.800000000000000000e+02,3.559367800698390205e+00
8.810000000000000000e+02,3.350585398300131246e+00
8.820000000000000000e+02,3.276066375043377388e+00
8.830000000000000000e+02,3.380266739643311702e+00
8.840000000000000000e+02,3.424590681329067188e+00
8.850000000000000000e+02,3.439230282722116616e+00
8.860000000000000000e+02,3.789479338025139032e+00
8.870000000000000000e+02,3.783932342421591599e+00
8.880000000000000000e+02,3.481984793216769791e+00
8.890000000000000000e+02,3.530455405293476456e+00
8.900000000000000000e+02,3.608184564852577658e+00
8.910000000000000000e+02,3.430882977843624282e+00
8.920000000000000000e+02,3.458745648148400242e+00
8.930000000000000000e+02,3.475591939376640571e+00
8.940000000000000000e+02,3.384847244361965046e+00
8.950000000000000000e+02,3.179013498061975529e+00
8.960000000000000000e+02,3.511756394360217914e+00
8.970000000000000000e+02,3.349612045016518991e+00
8.980000000000000000e+02,3.549513865223033804e+00
8.990000000000000000e+02,3.437930257508097664e+00
9.000000000000000000e+02,3.022670134907200268e+00
9.010000000000000000e+02,3.496426668495850709e+00
9.020000000000000000e+02,3.348361766135890871e+00
9.030000000000000000e+02,3.629973320626913580e+00
9.040000000000000000e+02,2.832545452547102105e+00
9.050000000000000000e+02,3.424842586333893824e+00
9.060000000000000000e+02,3.339480312965418030e+00
9.070000000000000000e+02,3.392757129668784177e+00
9.080000000000000000e+02,3.496218022560646954e+00
9.090000000000000000e+02,2.993985390524372736e+00
9.100000000000000000e+02,3.194138972335220483e+00
9.110000000000000000e+02,3.414744894015394827e+00
9.120000000000000000e+02,3.648565927365836625e+00
9.130000000000000000e+02,3.739666421419281850e+00
9.140000000000000000e+02,3.304011094980987107e+00
9.150000000000000000e+02,3.235837506073802938e+00
9.160000000000000000e+02,3.612911540270348887e+00
9.170000000000000000e+02,3.422160237000903216e+00
9.180000000000000000e+02,3.627930156260046779e+00
9.190000000000000000e+02,3.286681145001539850e+00
9.200000000000000000e+02,3.521481231951017143e+00
9.210000000000000000e+02,3.387008515915542084e+00
9.220000000000000000e+02,3.451576404649665086e+00
9.230000000000000000e+02,3.444823366178168200e+00
9.240000000000000000e+02,3.540227553972570718e+00
9.250000000000000000e+02,3.497631847172062436e+00
9.260000000000000000e+02,3.696968977155369984e+00
9.270000000000000000e+02,4.013681162104094646e+00
9.280000000000000000e+02,3.979951492946861347e+00
9.290000000000000000e+02,3.713599715389147793e+00
9.300000000000000000e+02,3.690692965921188673e+00
9.310000000000000000e+02,3.936952760050537847e+00
9.320000000000000000e+02,3.714072585794640613e+00
9.330000000000000000e+02,3.859359909964878987e+00
9.340000000000000000e+02,3.763133728926711719e+00
9.350000000000000000e+02,3.693141432666770640e+00
9.360000000000000000e+02,3.659937397946693149e+00
9.370000000000000000e+02,4.027788483371679717e+00
9.380000000000000000e+02,4.002176278201985404e+00
9.390000000000000000e+02,3.948631575311237096e+00
9.400000000000000000e+02,3.670799069640725332e+00
9.410000000000000000e+02,3.478666718982720951e+00
9.420000000000000000e+02,3.692045634711923263e+00
9.430000000000000000e+02,3.842945924210217079e+00
9.440000000000000000e+02,4.114348626132210640e+00
9.450000000000000000e+02,3.856725282050618819e+00
9.460000000000000000e+02,3.782933224507002645e+00
9.470000000000000000e+02,3.675590986636994462e+00
9.480000000000000000e+02,4.082678819299547790e+00
9.490000000000000000e+02,3.838951274786382761e+00
9.500000000000000000e+02,3.761115730656569678e+00
9.510000000000000000e+02,3.676029389724719820e+00
9.520000000000000000e+02,4.030741192172786036e+00
9.530000000000000000e+02,4.107103535243982861e+00
9.540000000000000000e+02,4.035991199847846822e+00
9.550000000000000000e+02,3.893092522209581574e+00
9.560000000000000000e+02,3.270921857796951215e+00
9.570000000000000000e+02,3.665782068561562745e+00
9.580000000000000000e+02,3.805513325209852304e+00
9.590000000000000000e+02,3.705140319858063691e+00
9.600000000000000000e+02,3.652977107362274545e+00
9.610000000000000000e+02,3.511933707482378431e+00
9.620000000000000000e+02,3.739885532681257452e+00
9.630000000000000000e+02,3.494956495611025282e+00
9.640000000000000000e+02,3.923256196041354116e+00
9.650000000000000000e+02,3.741884297948754323e+00
9.660000000000000000e+02,3.417503401788426487e+00
9.670000000000000000e+02,3.819825509622645221e+00
9.680000000000000000e+02,3.828782822803145969e+00
9.690000000000000000e+02,3.699383431396892519e+00
9.700000000000000000e+02,3.818132135424742835e+00
9.710000000000000000e+02,3.928669028485193948e+00
9.720000000000000000e+02,3.638119685589281005e+00
9.730000000000000000e+02,3.744934118070397666e+00
9.740000000000000000e+02,3.609045289231395781e+00
9.750000000000000000e+02,3.910831568365843669e+00
9.760000000000000000e+02,3.642979801553059449e+00
9.770000000000000000e+02,3.653848067710047776e+00
9.780000000000000000e+02,3.523459601851004042e+00
9.790000000000000000e+02,3.558319545197085265e+00
9.800000000000000000e+02,3.704535957611263530e+00
9.810000000000000000e+02,3.445180089996736417e+00
9.820000000000000000e+02,3.689665922080758609e+00
9.830000000000000000e+02,3.541234144898079972e+00
9.840000000000000000e+02,3.561611676957974648e+00
9.850000000000000000e+02,3.844004447092288945e+00
9.860000000000000000e+02,3.879086980574079302e+00
9.870000000000000000e+02,3.758044136045922023e+00
9.880000000000000000e+02,4.219380858646141874e+00
9.890000000000000000e+02,3.918182801293950135e+00
9.900000000000000000e+02,4.198958232289653481e+00
9.910000000000000000e+02,4.226378949735749124e+00
9.920000000000000000e+02,4.127908116096576485e+00
9.930000000000000000e+02,4.555027428007414336e+00
9.940000000000000000e+02,4.582420467230342354e+00
9.950000000000000000e+02,4.647335099296350691e+00
9.960000000000000000e+02,4.506997750448337392e+00
9.970000000000000000e+02,4.601907484127560899e+00
9.980000000000000000e+02,4.393188993055334279e+00
9.990000000000000000e+02,4.651920004491854499e+00
1.000000000000000000e+03,4.618143671704541653e+00
1.001000000000000000e+03,4.391400519145594927e+00
1.002000000000000000e+03,4.634401510878574548e+00
1.003000000000000000e+03,3.988543489993016777e+00
1.004000000000000000e+03,4.263737509257627067e+00
1.005000000000000000e+03,4.522724881025857790e+00
1.006000000000000000e+03,4.935762283988842647e+00
1.007000000000000000e+03,4.860641735151373766e+00
1.008000000000000000e+03,4.754320675461620738e+00
1.009000000000000000e+03,4.522573652473645289e+00
1.010000000000000000e+03,4.190280725849202526e+00
1.011000000000000000e+03,4.464363532464161288e+00
1.012000000000000000e+03,4.712114334732707910e+00
1.013000000000000000e+03,4.507981475733095600e+00
1.014000000000000000e+03,4.595213177239292790e+00
1.015000000000000000e+03,4.654021862750478356e+00
1.016000000000000000e+03,4.757591213634655425e+00
1.017000000000000000e+03,5.139655587960366923e+00
1.018000000000000000e+03,4.805583212304307850e+00
1.019000000000000000e+03,4.290110866440516091e+00
1.020000000000000000e+03,4.529283279875693680e+00
1.021000000000000000e+03,4.592301750145823647e+00
1.022000000000000000e+03,4.868764437108917598e+00
1.023000000000000000e+03,4.114635659903574272e+00
1.024000000000000000e+03,4.167519015476194078e+00
1.025000000000000000e+03,4.051964467640669199e+00
1.026000000000000000e+03,3.898024085292299823e+00
1.027000000000000000e+03,4.483298505518980903e+00
1.028000000000000000e+03,4.331582118128948444e+00
1.029000000000000000e+03,4.411445726304018322e+00
1.030000000000000000e+03,4.307497824535025721e+00
1.031000000000000000e+03,4.134752185680696357e+00
1.032000000000000000e+03,4.285961282895565994e+00
1.033000000000000000e+03,4.295426201369322072e+00
1.034000000000000000e+03,4.051037414161219985e+00
1.035000000000000000e+03,4.011513687997195099e+00
1.036000000000000000e+03,4.128102585933000057e+00
1.037000000000000000e+03,4.173359137019521548e+00
1.038000000000000000e+03,4.473684750989817438e+00
1.039000000000000000e+03,4.041236885467993645e+00
1.040000000000000000e+03,4.111955452938611977e+00
1.041000000000000000e+03,4.187847368602414022e+00
1.042000000000000000e+03,4.298031944776478319e+00
1.043000000000000000e+03,4.589721726670279445e+00
1.044000000000000000e+03,4.504247951784750903e+00
1.045000000000000000e+03,4.354552539218432550e+00
1.046000000000000000e+03,4.651411728377839339e+00
1.047000000000000000e+03,4.217982602590949703e+00
1.048000000000000000e+03,4.256057674783692235e+00
1.049000000000000000e+03,4.389921127057534456e+00
1.050000000000000000e+03,4.123025389045856137e+00
1.051000000000000000e+03,4.064429206869281330e+00
1.052000000000000000e+03,4.268887441429084717e+00
1.053000000000000000e+03,4.335461780340772897e+00
1.054000000000000000e+03,4.390155268152007295e+00
1.055000000000000000e+03,4.178735156700971842e+00
1.056000000000000000e+03,4.449749068726714718e+00
1.057000000000000000e+03,3.927984438740636186e+00
1.058000000000000000e+03,4.269143406219948034e+00
1.059000000000000000e+03,4.246233637499481794e+00
1.060000000000000000e+03,4.468594278301770473e+00
1.061000000000000000e+03,4.019016247181766310e+00
1.062000000000000000e+03,4.213376383525584856e+00
1.063000000000000000e+03,4.108464317305193347e+00
1.064000000000000000e+03,3.897703562048319803e+00
1.065000000000000000e+03,4.527151294173205720e+00
1.066000000000000000e+03,4.190256360845062034e+00
1.067000000000000000e+03,4.130874394889072931e+00
1.068000000000000000e+03,4.188342727609935423e+00
1.069000000000000000e+03,4.571970228135358028e+00
1.070000000000000000e+03,4.213692191908839924e+00
1.071000000000000000e+03,4.207196779142551968e+00
1.072000000000000000e+03,3.905701544813720449e+00
1.073000000000000000e+03,4.425663003447701804e+00
1.074000000000000000e+03,4.127952191742373600e+00
1.075000000000000000e+03,4.245305169332483253e+00
1.076000000000000000e+03,4.303486208690040726e+00
1.077000000000000000e+03,4.325152308084773800e+00
1.078000000000000000e+03,3.968283870662266732e+00
1.079000000000000000e+03,4.232596036450369859e+00
1.080000000000000000e+03,4.366874917970360315e+00
1.081000000000000000e+03,4.614701108070401681e+00
1.082000000000000000e+03,4.205129341922363650e+00
1.083000000000000000e+03,3.775260754622522530e+00
1.084000000000000000e+03,3.913389383132115373e+00
1.085000000000000000e+03,4.364967864947240983e+00
1.086000000000000000e+03,4.556054525666235477e+00
1.087000000000000000e+03,4.524744001124605397e+00
1.088000000000000000e+03,4.349241495828258586e+00
1.089000000000000000e+03,4.337872360371341607e+00
1.090000000000000000e+03,4.071335133638124937e+00
1.091000000000000000e+03,4.425414569148413690e+00
1.092000000000000000e+03,4.380164958049211243e+00
1.093000000000000000e+03,4.408216401889948344e+00
1.094000000000000000e+03,4.430397100249087394e+00
1.095000000000000000e+03,4.506966867656712061e+00
1.096000000000000000e+03,4.549073580297232411e+00
1.097000000000000000e+03,4.753923865029309859e+00
1.098000000000000000e+03,4.771626224856879261e+00
1.099000000000000000e+03,4.372071984087877894e+00
1.100000000000000000e+03,4.756037425749765291e+00
1.101000000000000000e+03,4.854340237587016382e+00
1.102000000000000000e+03,4.874424110120497033e+00
1.103000000000000000e+03,4.619508338640423872e+00
1.104000000000000000e+03,4.578344447091730274e+00
1.105000000000000000e+03,4.767800934950657599e+00
1.106000000000000000e+03,4.539733503175400919e+00
1.107000000000000000e+03,4.691804263885244630e+00
1.108000000000000000e+03,4.410884279533494379e+00
1.109000000000000000e+03,4.511565056769085480e+00
1.110000000000000000e+03,4.341667989255268090e+00
1.111000000000000000e+03,4.306240198533643593e+00
1.112000000000000000e+03,4.581332052169283742e+00
1.113000000000000000e+03,4.878674594212367488e+00
1.114000000000000000e+03,4.146734332107248733e+00
1.115000000000000000e+03,4.435093161500597958e+00
1.116000000000000000e+03,4.525272467508527185e+00
1.117000000000000000e+03,4.465722441953797528e+00
1.118000000000000000e+03,4.741793932899124542e+00
1.119000000000000000e+03,4.540701416458739814e+00
1.120000000000000000e+03,4.628747659459148345e+00
1.121000000000000000e+03,4.715931458816378985e+00
1.122000000000000000e+03,4.776279885823181637e+00
1.123000000000000000e+03,4.696619237022285454e+00
1.124000000000000000e+03,4.946295615123589506e+00
1.125000000000000000e+03,4.639007779837951873e+00
1.126000000000000000e+03,4.942704873999033133e+00
1.127000000000000000e+03,4.919831896913133384e+00
1.128000000000000000e+03,4.600905765419183169e+00
1.129000000000000000e+03,4.663610697994491794e+00
1.130000000000000000e+03,4.763935693371140090e+00
1.131000000000000000e+03,4.563512740704587678e+00
1.132000000000000000e+03,4.544149121685556736e+00
1.133000000000000000e+03,4.364191609965343943e+00
1.134000000000000000e+03,4.726081622293229145e+00
1.135000000000000000e+03,4.129109864969113808e+00
1.136000000000000000e+03,4.922800343649854860e+00
1.137000000000000000e+03,4.740595935096070690e+00
1.138000000000000000e+03,4.991572849672681222e+00
1.139000000000000000e+03,4.749648389343224864e+00
1.140000000000000000e+03,4.820844125667836266e+00
1.141000000000000000e+03,4.728250418719739834e+00
1.142000000000000000e+03,4.937893523699501408e+00
1.143000000000000000e+03,5.076179299816282686e+00
1.144000000000000000e+03,4.886041961977703352e+00
1.145000000000000000e+03,4.566700280147264479e+00
1.146000000000000000e+03,4.952438806191243437e+00
1.147000000000000000e+03,4.847400940425044880e+00
1.148000000000000000e+03,5.246365141028292101e+00
1.149000000000000000e+03,4.989796528828645883e+00
1.150000000000000000e+03,4.715375111704549482e+00
1.151000000000000000e+03,4.838933733860195652e+00
1.152000000000000000e+03,4.733116000606870877e+00
1.153000000000000000e+03,4.997600967192907362e+00
1.154000000000000000e+03,5.085438976182929061e+00
1.155000000000000000e+03,4.588291301764851227e+00
1.156000000000000000e+03,4.747600050907607283e+00
1.157000000000000000e+03,4.757603108067113062e+00
1.158000000000000000e+03,5.031619867599085971e+00
1.159000000000000000e+03,4.938516466610941791e+00
1.160000000000000000e+03,4.937592091786002335e+00
1.161000000000000000e+03,5.088962457428706898e+00
1.162000000000000000e+03,4.968462073411099134e+00
1.163000000000000000e+03,5.001222417458376590e+00
1.164000000000000000e+03,5.233116582138906736e+00
1.165000000000000000e+03,5.195037053709398833e+00
1.166000000000000000e+03,5.143864507455147006e+00
1.167000000000000000e+03,5.128128529552202330e+00
1.168000000000000000e+03,5.092415621801428927e+00
1.169000000000000000e+03,5.241019483469401052e+00
1.170000000000000000e+03,5.140478348908754214e+00
1.171000000000000000e+03,5.114321651881437170e+00
1.172000000000000000e+03,4.945089235869269295e+00
1.173000000000000000e+03,5.018744189065183825e+00
1.174000000000000000e+03,5.310814858591525578e+00
1.175000000000000000e+03,5.494024820485631899e+00
1.176000000000000000e+03,4.871101905205455829e+00
1.177000000000000000e+03,4.730260164486709940e+00
1.178000000000000000e+03,4.588386325343185135e+00
1.179000000000000000e+03,4.746338970850436212e+00
1.180000000000000000e+03,4.793231261040411972e+00
1.181000000000000000e+03,4.481645151723058440e+00
1.182000000000000000e+03,4.715054820428416171e+00
1.183000000000000000e+03,4.516476686796098150e+00
1.184000000000000000e+03,4.746298161771981050e+00
1.185000000000000000e+03,4.770287253425333773e+00
1.186000000000000000e+03,4.745742958001447853e+00
1.187000000000000000e+03,4.659560810107351791e+00
1.188000000000000000e+03,4.232349238494601096e+00
1.189000000000000000e+03,4.950915193833455241e+00
1.190000000000000000e+03,4.780364601223634047e+00
1.191000000000000000e+03,4.808533830007695187e+00
1.192000000000000000e+03,4.749218007997394686e+00
1.193000000000000000e+03,4.651201043059005613e+00
1.194000000000000000e+03,4.771096801524802089e+00
1.195000000000000000e+03,4.770463090858943822e+00
1.196000000000000000e+03,4.687671458174427208e+00
1.197000000000000000e+03,4.603125932211496796e+00
1.198000000000000000e+03,4.524369224578165927e+00
1.199000000000000000e+03,4.553651210997537113e+00
1.200000000000000000e+03,4.312499256503657286e+00
1.201000000000000000e+03,4.345610032235436293e+00
1.202000000000000000e+03,4.372907470546821607e+00
1.203000000000000000e+03,4.232244318946098538e+00
1.204000000000000000e+03,4.198079519439388285e+00
1.205000000000000000e+03,4.138717904311480567e+00
1.206000000000000000e+03,3.988701341566848413e+00
1.207000000000000000e+03,4.231336008262562842e+00
1.208000000000000000e+03,3.998757287146557537e+00
1.209000000000000000e+03,4.343091402140800916e+00
1.210000000000000000e+03,4.474905993058635012e+00
1.211000000000000000e+03,4.491552920988554298e+00
1.212000000000000000e+03,4.799952840160548462e+00
1.213000000000000000e+03,4.562095032931600791e+00
1.214000000000000000e+03,4.231969812561843014e+00
1.215000000000000000e+03,4.519680114196956922e+00
1.216000000000000000e+03,4.517783151212476866e+00
1.217000000000000000e+03,4.567260348829083938e+00
1.218000000000000000e+03,4.809887155080971866e+00
1.219000000000000000e+03,4.446370752187094766e+00
1.220000000000000000e+03,4.365879152886735781e+00
1.221000000000000000e+03,4.396184032242397066e+00
1.222000000000000000e+03,4.502588271805541886e+00
1.223000000000000000e+03,4.262941534644683728e+00
1.224000000000000000e+03,4.265346782344185961e+00
1.225000000000000000e+03,4.080483605097786182e+00
1.226000000000000000e+03,4.260336941386656306e+00
1.227000000000000000e+03,4.409335128132717330e+00
1.228000000000000000e+03,3.806454934148520319e+00
1.229000000000000000e+03,4.076346446454577332e+00
1.230000000000000000e+03,4.508880245533198661e+00
1.231000000000000000e+03,4.339930390410311034e+00
1.232000000000000000e+03,4.619274215441024012e+00
1.233000000000000000e+03,4.568444132474425601e+00
1.234000000000000000e+03,4.516201204265518854e+00
1.235000000000000000e+03,4.379446735400222224e+00
1.236000000000000000e+03,4.347416113964680306e+00
1.237000000000000000e+03,4.682631762741197079e+00
1.238000000000000000e+03,4.798414529018259600e+00
1.239000000000000000e+03,4.426686780481952965e+00
1.240000000000000000e+03,4.562504701735937473e+00
1.241000000000000000e+03,4.265127544920808589e+00
1.242000000000000000e+03,4.355120748180643986e+00
1.243000000000000000e+03,4.562693162681838999e+00
1.244000000000000000e+03,4.685718687946716088e+00
1.245000000000000000e+03,4.373239139013488597e+00
1.246000000000000000e+03,4.426933845429820380e+00
1.247000000000000000e+03,4.450561347990444006e+00
1.248000000000000000e+03,4.496277988702363615e+00
1.249000000000000000e+03,4.728723763475489505e+00
1.250000000000000000e+03,4.451560874600522411e+00
1.251000000000000000e+03,4.356169251623002836e+00
1.252000000000000000e+03,4.140725169699164709e+00
1.253000000000000000e+03,4.756984543358376172e+00
1.254000000000000000e+03,4.992232575670618289e+00
1.255000000000000000e+03,4.603964652055678286e+00
1.256000000000000000e+03,4.498655310692102560e+00
1.257000000000000000e+03,4.298007411508633524e+00
1.258000000000000000e+03,4.885731658082742790e+00
1.259000000000000000e+03,4.869313626671784689e+00
1.260000000000000000e+03,4.896505754635232854e+00
1.261000000000000000e+03,4.919838855361282626e+00
1.262000000000000000e+03,4.786218697047092796e+00
1.263000000000000000e+03,4.841503826255565635e+00
1.264000000000000000e+03,4.881403505228990802e+00
1.265000000000000000e+03,4.818449344951075908e+00
1.266000000000000000e+03,4.575386032866054720e+00
1.267000000000000000e+03,4.701797123057093408e+00
1.268000000000000000e+03,4.774740238468469400e+00
1.269000000000000000e+03,4.879718590551704871e+00
1.270000000000000000e+03,4.938035232270634012e+00
1.271000000000000000e+03,4.869373021422389591e+00
1.272000000000000000e+03,5.180510691686389890e+00
1.273000000000000000e+03,4.712733410438602277e+00
1.274000000000000000e+03,4.877177170404122464e+00
1.275000000000000000e+03,5.115525598783123407e+00
1.276000000000000000e+03,4.766555996065052092e+00
1.277000000000000000e+03,4.730225376455553743e+00
1.278000000000000000e+03,4.549063801475734081e+00
1.279000000000000000e+03,4.892823174214422366e+00
1.280000000000000000e+03,4.937067827322964675e+00
1.281000000000000000e+03,4.886765286179542755e+00
1.282000000000000000e+03,4.469388635303682911e+00
1.283000000000000000e+03,4.362652630158308398e+00
1.284000000000000000e+03,4.298721314131420002e+00
1.285000000000000000e+03,4.379576516531375141e+00
1.286000000000000000e+03,4.375991983678391151e+00
1.287000000000000000e+03,4.335775664703650278e+00
1.288000000000000000e+03,4.175515514158469443e+00
1.289000000000000000e+03,4.176022821852314770e+00
1.290000000000000000e+03,4.295312160912429178e+00
1.291000000000000000e+03,4.339348278892541266e+00
1.292000000000000000e+03,4.371366204280705325e+00
1.293000000000000000e+03,4.353804640178328356e+00
1.294000000000000000e+03,4.308693039976188466e+00
1.295000000000000000e+03,4.353703440219309329e+00
1.296000000000000000e+03,4.533874857219114318e+00
1.297000000000000000e+03,4.216098435044806081e+00
1.298000000000000000e+03,4.006858081579204978e+00
1.299000000000000000e+03,4.137358902240674041e+00
1.300000000000000000e+03,4.303525331278799548e+00
1.301000000000000000e+03,4.225373830152378218e+00
1.302000000000000000e+03,4.306925989752728334e+00
1.303000000000000000e+03,3.977966133121305869e+00
1.304000000000000000e+03,4.100356149377443415e+00
1.305000000000000000e+03,4.292826800404942134e+00
1.306000000000000000e+03,4.358733687582616589e+00
1.307000000000000000e+03,4.328931197621415095e+00
1.308000000000000000e+03,4.250358932729535688e+00
1.309000000000000000e+03,4.147356867676914582e+00
1.310000000000000000e+03,4.173901582974383295e+00
1.311000000000000000e+03,4.139565564207180692e+00
1.312000000000000000e+03,4.575637978748695822e+00
1.313000000000000000e+03,4.475629086966439907e+00
1.314000000000000000e+03,4.643484170244642328e+00
1.315000000000000000e+03,4.660174151031752032e+00
1.316000000000000000e+03,4.585110374455585891e+00
1.317000000000000000e+03,4.921583187109177970e+00
1.318000000000000000e+03,4.838573331829444157e+00
1.319000000000000000e+03,4.799187293289699063e+00
1.320000000000000000e+03,4.707157876694754606e+00
1.321000000000000000e+03,4.782299730063973797e+00
1.322000000000000000e+03,4.887642636141715791e+00
1.323000000000000000e+03,4.779608019165444865e+00
1.324000000000000000e+03,4.759161723859347326e+00
1.325000000000000000e+03,4.301022123268071873e+00
1.326000000000000000e+03,4.298997454546443109e+00
1.327000000000000000e+03,4.903089916384531399e+00
1.328000000000000000e+03,4.899427587321794952e+00
1.329000000000000000e+03,4.811547851424227140e+00
1.330000000000000000e+03,4.853749055371469723e+00
1.331000000000000000e+03,4.805435333887182026e+00
1.332000000000000000e+03,5.155912946196254509e+00
1.333000000000000000e+03,5.428537940483019852e+00
1.334000000000000000e+03,5.164900479558988344e+00
1.335000000000000000e+03,5.201165086217137912e+00
1.336000000000000000e+03,5.019436573072845853e+00
1.337000000000000000e+03,5.223494854153194922e+00
1.338000000000000000e+03,5.336506034125002351e+00
1.339000000000000000e+03,5.228461494679364385e+00
1.340000000000000000e+03,5.112702825903840065e+00
1.341000000000000000e+03,5.147128400660757386e+00
1.342000000000000000e+03,5.240845537964673895e+00
1.343000000000000000e+03,5.251568989697455336e+00
1.344000000000000000e+03,5.245494439187516456e+00
1.345000000000000000e+03,5.260737524708982704e+00
1.346000000000000000e+03,5.299824291446189939e+00
1.347000000000000000e+03,5.600820891962742465e+00
1.348000000000000000e+03,5.965876248594734754e+00
1.349000000000000000e+03,5.862527157966788138e+00
1.350000000000000000e+03,5.866238873400352105e+00
1.351000000000000000e+03,5.749535743473102478e+00
1.352000000000000000e+03,5.728307501822810899e+00
1.353000000000000000e+03,5.805079334690641524e+00
1.354000000000000000e+03,5.869095747153602716e+00
1.355000000000000000e+03,5.920146681856364168e+00
1.356000000000000000e+03,5.636701935399569763e+00
1.357000000000000000e+03,5.730442010785230522e+00
1.358000000000000000e+03,5.745383427915944807e+00
1.359000000000000000e+03,5.842096079119373897e+00
1.360000000000000000e+03,5.776767462338628256e+00
1.361000000000000000e+03,5.744511614051896586e+00
1.362000000000000000e+03,5.295989441519662222e+00
1.363000000000000000e+03,5.253256533343724222e+00
1.364000000000000000e+03,5.610001259482427116e+00
1.365000000000000000e+03,5.492565429941411281e+00
1.366000000000000000e+03,5.455431823452522977e+00
1.367000000000000000e+03,5.399871587351380064e+00
1.368000000000000000e+03,5.286918658858319908e+00
1.369000000000000000e+03,5.414905697283723285e+00
1.370000000000000000e+03,5.988659860914419930e+00
1.371000000000000000e+03,5.657667212626012798e+00
1.372000000000000000e+03,5.507796899956172609e+00
1.373000000000000000e+03,5.481506611687348318e+00
1.374000000000000000e+03,5.696325072271679169e+00
1.375000000000000000e+03,5.601878420182078600e+00
1.376000000000000000e+03,4.952228788211051835e+00
1.377000000000000000e+03,5.129549268463155620e+00
1.378000000000000000e+03,4.623591792505156839e+00
1.379000000000000000e+03,4.246928202071238445e+00
1.380000000000000000e+03,4.456400858862682668e+00
1.381000000000000000e+03,4.377920901593788550e+00
1.382000000000000000e+03,4.166356326447012037e+00
1.383000000000000000e+03,4.179115638517628462e+00
1.384000000000000000e+03,4.218968074238350852e+00
1.385000000000000000e+03,4.294855080938809522e+00
1.386000000000000000e+03,4.684147466576754404e+00
1.387000000000000000e+03,4.269761598839261652e+00
1.388000000000000000e+03,4.537432153767421816e+00
1.389000000000000000e+03,4.369973606073489947e+00
1.390000000000000000e+03,4.372831746109421935e+00
1.391000000000000000e+03,4.299628643175220866e+00
1.392000000000000000e+03,4.498208207449197360e+00
1.393000000000000000e+03,4.210117108645008877e+00
1.394000000000000000e+03,4.140941934890384424e+00
1.395000000000000000e+03,4.374374203135058536e+00
1.396000000000000000e+03,4.458105783116375953e+00
1.397000000000000000e+03,4.463687786837247096e+00
1.398000000000000000e+03,4.481411259754787046e+00
1.399000000000000000e+03,4.599325498019037894e+00
1.400000000000000000e+03,4.224784342756601419e+00
1.401000000000000000e+03,4.381399775684161391e+00
1.402000000000000000e+03,4.062662503501576872e+00
1.403000000000000000e+03,4.212797866060761898e+00
1.404000000000000000e+03,4.094562788482126514e+00
1.405000000000000000e+03,4.360335328192951998e+00
1.406000000000000000e+03,4.683072304684814391e+00
1.407000000000000000e+03,4.588791146005665844e+00
1.408000000000000000e+03,4.871811188581291141e+00
1.409000000000000000e+03,4.804714900876898120e+00
1.410000000000000000e+03,4.922301767622400348e+00
1.411000000000000000e+03,4.945555477279846457e+00
1.412000000000000000e+03,5.059314387370428712e+00
1.413000000000000000e+03,4.900016371426805684e+00
1.414000000000000000e+03,4.899649873011018286e+00
1.415000000000000000e+03,4.560546276882950778e+00
1.416000000000000000e+03,4.610218981647818737e+00
1.417000000000000000e+03,4.434947138741145878e+00
1.418000000000000000e+03,4.511296822827908670e+00
1.419000000000000000e+03,4.649701050032859939e+00
1.420000000000000000e+03,4.441534732353030535e+00
1.421000000000000000e+03,4.559234638778869808e+00
1.422000000000000000e+03,4.624191242730184115e+00
1.423000000000000000e+03,5.027384399436748197e+00
1.424000000000000000e+03,4.548485923300338740e+00
1.425000000000000000e+03,4.472268809596876338e+00
1.426000000000000000e+03,4.554479565159923027e+00
1.427000000000000000e+03,4.470551783245364064e+00
1.428000000000000000e+03,4.733508166429880148e+00
1.429000000000000000e+03,4.626062175661026288e+00
1.430000000000000000e+03,4.457946142172364290e+00
1.431000000000000000e+03,4.470741692993382088e+00
1.432000000000000000e+03,4.592412848417037452e+00
1.433000000000000000e+03,4.734751553459497941e+00
1.434000000000000000e+03,4.648616642873570015e+00
1.435000000000000000e+03,4.598250643339582666e+00
1.436000000000000000e+03,4.560987336701407102e+00
1.437000000000000000e+03,4.616235254407877520e+00
1.438000000000000000e+03,4.714229559581633922e+00
1.439000000000000000e+03,4.901502282423338741e+00
1.440000000000000000e+03,4.530975003084382280e+00
1.441000000000000000e+03,4.491963123348925890e+00
1.442000000000000000e+03,4.478565944804665300e+00
1.443000000000000000e+03,4.553560412342123165e+00
1.444000000000000000e+03,4.269747488645179168e+00
1.445000000000000000e+03,4.653356454714415058e+00
1.446000000000000000e+03,4.636028421218948203e+00
1.447000000000000000e+03,4.761996585395316117e+00
1.448000000000000000e+03,4.858815122465519387e+00
1.449000000000000000e+03,4.505613364634772466e+00
1.450000000000000000e+03,4.395235410236123741e+00
1.451000000000000000e+03,4.326406298932634620e+00
1.452000000000000000e+03,4.118584238911558337e+00
1.453000000000000000e+03,4.417656715851857818e+00
1.454000000000000000e+03,4.448694315573310298e+00
1.455000000000000000e+03,4.330700662262166212e+00
1.456000000000000000e+03,4.124143322461488737e+00
1.457000000000000000e+03,4.199821328186169822e+00
1.458000000000000000e+03,4.437640284780951738e+00
1.459000000000000000e+03,4.628364372007069960e+00
1.460000000000000000e+03,4.348102895513879851e+00
1.461000000000000000e+03,4.320190913605860494e+00
1.462000000000000000e+03,4.337014235757887803e+00
1.463000000000000000e+03,4.418073096370349617e+00
1.464000000000000000e+03,4.582420580260755827e+00
1.465000000000000000e+03,4.474565658289893832e+00
1.466000000000000000e+03,4.387810909489811451e+00
1.467000000000000000e+03,4.369643880005529724e+00
1.468000000000000000e+03,4.346296873089351642e+00
1.469000000000000000e+03,4.391612463644247732e+00
1.470000000000000000e+03,4.625559323224879726e+00
1.471000000000000000e+03,4.521587256544721711e+00
1.472000000000000000e+03,4.178605222874870684e+00
1.473000000000000000e+03,4.792151374580918777e+00
1.474000000000000000e+03,5.014273715066672743e+00
1.475000000000000000e+03,4.881072810094934766e+00
1.476000000000000000e+03,4.925418359118386213e+00
1.477000000000000000e+03,4.828814028210562270e+00
1.478000000000000000e+03,4.979944092608310946e+00
1.479000000000000000e+03,5.218771665003487215e+00
1.480000000000000000e+03,5.359981892718064245e+00
1.481000000000000000e+03,5.260536674530226442e+00
1.482000000000000000e+03,5.247582835914476718e+00
1.483000000000000000e+03,5.151755643056219469e+00
1.484000000000000000e+03,5.076203353542591223e+00
1.485000000000000000e+03,5.364015157367457043e+00
1.486000000000000000e+03,5.144216082732996576e+00
1.487000000000000000e+03,5.222840878966136913e+00
1.488000000000000000e+03,5.103850374267118184e+00
1.489000000000000000e+03,5.029688974963696602e+00
1.490000000000000000e+03,5.244903599580901243e+00
1.491000000000000000e+03,5.596705268834890390e+00
1.492000000000000000e+03,5.128954205069409689e+00
1.493000000000000000e+03,5.014029773027773196e+00
1.494000000000000000e+03,4.964556335868270942e+00
1.495000000000000000e+03,5.131401540726908905e+00
1.496000000000000000e+03,5.293516259841100080e+00
1.497000000000000000e+03,5.148863161467458482e+00
1.498000000000000000e+03,5.109217690536836720e+00
1.499000000000000000e+03,5.090314976735885288e+00
1.500000000000000000e+03,5.064837608108417655e+00
1.501000000000000000e+03,5.167750953747903608e+00
1.502000000000000000e+03,5.492996102434431371e+00
1.503000000000000000e+03,5.147917206465526974e+00
1.504000000000000000e+03,4.814442478748848231e+00
1.505000000000000000e+03,4.798658054088082103e+00
1.506000000000000000e+03,4.883526533966444205e+00
1.507000000000000000e+03,4.938690979506016987e+00
1.508000000000000000e+03,4.953845007679307244e+00
1.509000000000000000e+03,4.852136793705100537e+00
1.510000000000000000e+03,4.978908333790089458e+00
1.511000000000000000e+03,4.895844719599510064e+00
1.512000000000000000e+03,5.045248441601590805e+00
1.513000000000000000e+03,4.643326964428737824e+00
1.514000000000000000e+03,4.996203442352133095e+00
1.515000000000000000e+03,4.907297276412828424e+00
1.516000000000000000e+03,5.156134332528386821e+00
1.517000000000000000e+03,5.528097665397314842e+00
1.518000000000000000e+03,5.136623697457401327e+00
1.519000000000000000e+03,5.262545913117728347e+00
1.520000000000000000e+03,4.838449785415859239e+00
1.521000000000000000e+03,5.047788642718478158e+00
1.522000000000000000e+03,5.280053116841655125e+00
1.523000000000000000e+03,5.353385546720056176e+00
1.524000000000000000e+03,5.283991835082427535e+00
1.525000000000000000e+03,5.304868523915506451e+00
1.526000000000000000e+03,5.265939087241490846e+00
1.527000000000000000e+03,5.392503170427876746e+00
1.528000000000000000e+03,5.362789957386353557e+00
1.529000000000000000e+03,5.365269892996785472e+00
1.530000000000000000e+03,5.319794484328837392e+00
1.531000000000000000e+03,5.293090221728556699e+00
1.532000000000000000e+03,5.365109237512756479e+00
1.533000000000000000e+03,5.355597187780440471e+00
1.534000000000000000e+03,5.457492126880508110e+00
1.535000000000000000e+03,5.378910836030725839e+00
1.536000000000000000e+03,5.385745155015195351e+00
1.537000000000000000e+03,5.458172413921251298e+00
1.538000000000000000e+03,5.520662926902876855e+00
1.539000000000000000e+03,5.426960902369026840e+00
1.540000000000000000e+03,5.036183172278093423e+00
1.541000000000000000e+03,5.014843325134723528e+00
1.542000000000000000e+03,5.266122579467325870e+00
1.543000000000000000e+03,5.308588485232474952e+00
1.544000000000000000e+03,5.280462574133357734e+00
1.545000000000000000e+03,5.090477048960236672e+00
1.546000000000000000e+03,5.331834622750522001e+00
1.547000000000000000e+03,5.462811669655561531e+00
1.548000000000000000e+03,5.703054564555449346e+00
1.549000000000000000e+03,5.645187277178338014e+00
1.550000000000000000e+03,5.411849039466751776e+00
1.551000000000000000e+03,5.423393111388794097e+00
1.552000000000000000e+03,5.096226973556114537e+00
1.553000000000000000e+03,5.352746755786510491e+00
1.554000000000000000e+03,5.399746028154359223e+00
1.555000000000000000e+03,5.310723958074138551e+00
1.556000000000000000e+03,5.112243504253774162e+00
1.557000000000000000e+03,4.916316839838298591e+00
1.558000000000000000e+03,5.220202379668511306e+00
1.559000000000000000e+03,5.198295086146411670e+00
1.560000000000000000e+03,5.284809414440458930e+00
1.561000000000000000e+03,5.213898915611355100e+00
1.562000000000000000e+03,4.946047016737721513e+00
1.563000000000000000e+03,5.374396902396200382e+00
1.564000000000000000e+03,5.133808262100854947e+00
1.565000000000000000e+03,5.231838864688699076e+00
1.566000000000000000e+03,5.189312284287851185e+00
1.567000000000000000e+03,4.945285392462282381e+00
1.568000000000000000e+03,4.981977372755435063e+00
1.569000000000000000e+03,5.327407546435459551e+00
1.570000000000000000e+03,5.275911889372927099e+00
1.571000000000000000e+03,5.119808121662738465e+00
1.572000000000000000e+03,5.086805646672956982e+00
1.573000000000000000e+03,5.138391123418023732e+00
1.574000000000000000e+03,5.232725763954432452e+00
1.575000000000000000e+03,5.541258494988603900e+00
1.576000000000000000e+03,5.351058165203598449e+00
1.577000000000000000e+03,5.231537827565334808e+00
1.578000000000000000e+03,5.180186672076988685e+00
1.579000000000000000e+03,5.254307999422530351e+00
1.580000000000000000e+03,5.296141670879404906e+00
1.581000000000000000e+03,4.904204963445758736e+00
1.582000000000000000e+03,5.156619703789499631e+00
1.583000000000000000e+03,5.203569719488559286e+00
1.584000000000000000e+03,5.194007510483908518e+00
1.585000000000000000e+03,5.313902128782742373e+00
1.586000000000000000e+03,5.258362662048628344e+00
1.587000000000000000e+03,4.856562978026399691e+00
1.588000000000000000e+03,5.208723441809542720e+00
1.589000000000000000e+03,5.125321542560017818e+00
1.590000000000000000e+03,5.194679432612102410e+00
1.591000000000000000e+03,5.194817420794247020e+00
1.592000000000000000e+03,5.199984782714869525e+00
1.593000000000000000e+03,5.252781668048306152e+00
1.594000000000000000e+03,5.539476916875823775e+00
1.595000000000000000e+03,5.427711755565551854e+00
1.596000000000000000e+03,5.962984905117705736e+00
1.597000000000000000e+03,5.503618044050577751e+00
1.598000000000000000e+03,5.371280566766886366e+00
1.599000000000000000e+03,5.319732214719165242e+00
1.600000000000000000e+03,5.675366240555471009e+00
1.601000000000000000e+03,5.695323793553158431e+00
1.602000000000000000e+03,5.714586111218734388e+00
1.603000000000000000e+03,5.924408999769495310e+00
1.604000000000000000e+03,5.549307713051915947e+00
1.605000000000000000e+03,5.551040480766822327e+00
1.606000000000000000e+03,5.483003088793284796e+00
1.607000000000000000e+03,5.616484645414242749e+00
1.608000000000000000e+03,5.423072249363462660e+00
1.609000000000000000e+03,5.245088598177935602e+00
1.610000000000000000e+03,5.219477310354788457e+00
1.611000000000000000e+03,5.378447927202514300e+00
1.612000000000000000e+03,5.416502106944694361e+00
1.613000000000000000e+03,5.307083299048966474e+00
1.614000000000000000e+03,5.230710314571608066e+00
1.615000000000000000e+03,5.358447652804661843e+00
1.616000000000000000e+03,4.969092972978188527e+00
1.617000000000000000e+03,5.505655192661999209e+00
1.618000000000000000e+03,5.314860598583233120e+00
1.619000000000000000e+03,5.433713252510421476e+00
1.620000000000000000e+03,5.213845949748616704e+00
1.621000000000000000e+03,5.243280695374438416e+00
1.622000000000000000e+03,5.414182203305571761e+00
1.623000000000000000e+03,5.397526735829694111e+00
1.624000000000000000e+03,5.194665160767495848e+00
1.625000000000000000e+03,5.063478982777293247e+00
1.626000000000000000e+03,5.008073272150800115e+00
1.627000000000000000e+03,5.185751029692937664e+00
1.628000000000000000e+03,5.184798299521792941e+00
1.629000000000000000e+03,5.032444063066796147e+00
1.630000000000000000e+03,4.580131105942579772e+00
1.631000000000000000e+03,4.659281462548443109e+00
1.632000000000000000e+03,4.913032790040489317e+00
1.633000000000000000e+03,4.928015407020302163e+00
1.634000000000000000e+03,4.854255948766734718e+00
1.635000000000000000e+03,4.862314103608865956e+00
1.636000000000000000e+03,4.783205372314972337e+00
1.637000000000000000e+03,4.912543114931003707e+00
1.638000000000000000e+03,4.953420054710877096e+00
1.639000000000000000e+03,4.959550668886089753e+00
1.640000000000000000e+03,4.916604373125003313e+00
1.641000000000000000e+03,5.058783369340489777e+00
1.642000000000000000e+03,4.793056638379916023e+00
1.643000000000000000e+03,5.073084084023266271e+00
1.644000000000000000e+03,4.902980309877348120e+00
1.645000000000000000e+03,4.961689246364060502e+00
1.646000000000000000e+03,4.451793207382852557e+00
1.647000000000000000e+03,5.074749915340938777e+00
1.648000000000000000e+03,5.014402318533400127e+00
1.649000000000000000e+03,5.037897106418684601e+00
1.650000000000000000e+03,4.934676570289075137e+00
1.651000000000000000e+03,4.963179099594857924e+00
1.652000000000000000e+03,4.852002862296681762e+00
1.653000000000000000e+03,4.995319409606081784e+00
1.654000000000000000e+03,4.929920312548679462e+00
1.655000000000000000e+03,4.872724275853451914e+00
1.656000000000000000e+03,4.836287267883401242e+00
1.657000000000000000e+03,4.941614546800946250e+00
1.658000000000000000e+03,5.121680819967772358e+00
1.659000000000000000e+03,5.130324851129444141e+00
1.660000000000000000e+03,5.095063308899222321e+00
1.661000000000000000e+03,4.951310946792788492e+00
1.662000000000000000e+03,4.904200241654942616e+00
1.663000000000000000e+03,4.953871499338614370e+00
1.664000000000000000e+03,5.045123122507266800e+00
1.665000000000000000e+03,5.079503758869544860e+00
1.666000000000000000e+03,4.972264123045848194e+00
1.667000000000000000e+03,4.883644412095065057e+00
1.668000000000000000e+03,5.017888148542170690e+00
1.669000000000000000e+03,5.121293945862831265e+00
1.670000000000000000e+03,5.108407476221620058e+00
1.671000000000000000e+03,5.388955036391645415e+00
1.672000000000000000e+03,5.054970488951089358e+00
1.673000000000000000e+03,4.985547817913011492e+00
1.674000000000000000e+03,5.113932246539759419e+00
1.675000000000000000e+03,5.271868986899496790e+00
1.676000000000000000e+03,4.992985064930270944e+00
1.677000000000000000e+03,4.960559611650962708e+00
1.678000000000000000e+03,4.966172083250912195e+00
1.679000000000000000e+03,5.022746098524803138e+00
1.680000000000000000e+03,5.112736642390955488e+00
1.681000000000000000e+03,5.045471607648896573e+00
1.682000000000000000e+03,4.968800861392595358e+00
1.683000000000000000e+03,5.028967592566543132e+00
1.684000000000000000e+03,5.041064042525582600e+00
1.685000000000000000e+03,5.087379797386581082e+00
1.686000000000000000e+03,5.034638260047100466e+00
1.687000000000000000e+03,4.827042432131424476e+00
1.688000000000000000e+03,4.921196065825795607e+00
1.689000000000000000e+03,4.761703674701960765e+00
1.690000000000000000e+03,5.063178485485151370e+00
1.691000000000000000e+03,5.053822486291243088e+00
1.692000000000000000e+03,4.935846939699886526e+00
1.693000000000000000e+03,4.971583774935491640e+00
1.694000000000000000e+03,4.575823226723116477e+00
1.695000000000000000e+03,4.872090733342444580e+00
1.696000000000000000e+03,4.874796138766840592e+00
1.697000000000000000e+03,4.818132807195235401e+00
1.698000000000000000e+03,4.539847873325428829e+00
1.699000000000000000e+03,4.354333082821284506e+00
1.700000000000000000e+03,4.682390689231319847e+00
1.701000000000000000e+03,4.606657581506055088e+00
1.702000000000000000e+03,4.525617812065608092e+00
1.703000000000000000e+03,4.300531171210221437e+00
1.704000000000000000e+03,4.264814456995202896e+00
1.705000000000000000e+03,4.420056950754536196e+00
1.706000000000000000e+03,4.540449102341832521e+00
1.707000000000000000e+03,4.627873843454725744e+00
1.708000000000000000e+03,4.469121757241332205e+00
1.709000000000000000e+03,4.472698721415190981e+00
1.710000000000000000e+03,4.309030997425303156e+00
1.711000000000000000e+03,4.510317539882215954e+00
1.712000000000000000e+03,4.703929498154275635e+00
1.713000000000000000e+03,4.450277706810577882e+00
1.714000000000000000e+03,4.222605485055967556e+00
1.715000000000000000e+03,4.394022891593238889e+00
1.716000000000000000e+03,4.387128964329807701e+00
1.717000000000000000e+03,4.533900463339695541e+00
1.718000000000000000e+03,4.507624717633154532e+00
1.719000000000000000e+03,4.453931444961210850e+00
1.720000000000000000e+03,4.601580915468765909e+00
1.721000000000000000e+03,4.624716982756193140e+00
1.722000000000000000e+03,4.526643378281257846e+00
1.723000000000000000e+03,4.215218102590401195e+00
1.724000000000000000e+03,4.539838016751431837e+00
1.725000000000000000e+03,4.635948553783053150e+00
1.726000000000000000e+03,4.767385853994803746e+00
1.727000000000000000e+03,4.883598251565617332e+00
1.728000000000000000e+03,5.098962451182615929e+00
1.729000000000000000e+03,4.937197963809698997e+00
1.730000000000000000e+03,4.676798522287969107e+00
1.731000000000000000e+03,4.783306743548907392e+00
1.732000000000000000e+03,4.991194729905422456e+00
1.733000000000000000e+03,5.035769177372327654e+00
1.734000000000000000e+03,4.923287359560587717e+00
1.735000000000000000e+03,4.970621868894814277e+00
1.736000000000000000e+03,4.965802175788461170e+00
1.737000000000000000e+03,4.773751260412951503e+00
1.738000000000000000e+03,4.983396914812299627e+00
1.739000000000000000e+03,5.305722551053762892e+00
1.740000000000000000e+03,4.811860160125585040e+00
1.741000000000000000e+03,4.637750916049252048e+00
1.742000000000000000e+03,4.785738379016756916e+00
1.743000000000000000e+03,4.937435634470217494e+00
1.744000000000000000e+03,5.002014848267992697e+00
1.745000000000000000e+03,4.769374775147866785e+00
1.746000000000000000e+03,4.665961830153175782e+00
1.747000000000000000e+03,4.505332295000387788e+00
1.748000000000000000e+03,4.280691207491530648e+00
1.749000000000000000e+03,4.693898723303483678e+00
1.750000000000000000e+03,4.674939912044273171e+00
1.751000000000000000e+03,4.269765117807925670e+00
1.752000000000000000e+03,3.976002229147078904e+00
1.753000000000000000e+03,4.292662381790836257e+00
1.754000000000000000e+03,4.205686733961574220e+00
1.755000000000000000e+03,4.010541022594737548e+00
1.756000000000000000e+03,3.747936985372239516e+00
1.757000000000000000e+03,3.949441868423215762e+00
1.758000000000000000e+03,4.192389783921856683e+00
1.759000000000000000e+03,4.461297292333205711e+00
1.760000000000000000e+03,4.352921925139860981e+00
1.761000000000000000e+03,4.058405653640229538e+00
1.762000000000000000e+03,3.708689226717638121e+00
1.763000000000000000e+03,4.101073408098579343e+00
1.764000000000000000e+03,4.249764311041105636e+00
1.765000000000000000e+03,4.316150345160194135e+00
1.766000000000000000e+03,4.043678104940988227e+00
1.767000000000000000e+03,3.957693479762157462e+00
1.768000000000000000e+03,4.120064378860501364e+00
1.769000000000000000e+03,3.714852584003894176e+00
1.770000000000000000e+03,4.064993927535055285e+00
1.771000000000000000e+03,3.928528073794965270e+00
1.772000000000000000e+03,3.939288685649393162e+00
1.773000000000000000e+03,3.782244934902605049e+00
1.774000000000000000e+03,4.235482418726106424e+00
1.775000000000000000e+03,4.189119956348143603e+00
1.776000000000000000e+03,3.819661335646980849e+00
1.777000000000000000e+03,4.128702716209547319e+00
1.778000000000000000e+03,4.331991679563641284e+00
1.779000000000000000e+03,4.398369821285930570e+00
1.780000000000000000e+03,4.639589928535593266e+00
1.781000000000000000e+03,5.373981173251181964e+00
1.782000000000000000e+03,5.309116514141024368e+00
1.783000000000000000e+03,4.988778762595418748e+00
1.784000000000000000e+03,5.429673104111259363e+00
1.785000000000000000e+03,5.415904913050065161e+00
1.786000000000000000e+03,4.972694152909692633e+00
1.787000000000000000e+03,5.163625968958355017e+00
1.788000000000000000e+03,5.178626760162239329e+00
1.789000000000000000e+03,4.864847033713595614e+00
1.790000000000000000e+03,5.514792714193078815e+00
1.791000000000000000e+03,5.716128385189331418e+00
1.792000000000000000e+03,5.258450852690704558e+00
1.793000000000000000e+03,5.200981784174398825e+00
1.794000000000000000e+03,5.164153938073789973e+00
1.795000000000000000e+03,5.363476785266170666e+00
1.796000000000000000e+03,5.233392630561169767e+00
1.797000000000000000e+03,5.567442375877628358e+00
1.798000000000000000e+03,5.249005486496029604e+00
1.799000000000000000e+03,5.166000153827812191e+00
1.800000000000000000e+03,5.334466600206532405e+00
1.801000000000000000e+03,5.299964221855901769e+00
1.802000000000000000e+03,5.619665197638807896e+00
1.803000000000000000e+03,5.077909440762360838e+00
1.804000000000000000e+03,5.307063728821962201e+00
1.805000000000000000e+03,5.360315897191230583e+00
1.806000000000000000e+03,5.484078018326871806e+00
1.807000000000000000e+03,5.340022982177652366e+00
1.808000000000000000e+03,5.239574758306165592e+00
1.809000000000000000e+03,5.036302048848887658e+00
1.810000000000000000e+03,4.899461575773041311e+00
1.811000000000000000e+03,5.180681813632044275e+00
1.812000000000000000e+03,4.882010547954382496e+00
1.813000000000000000e+03,5.027033587094628331e+00
1.814000000000000000e+03,4.788166222526770710e+00
1.815000000000000000e+03,5.034994571468074831e+00
1.816000000000000000e+03,4.839595743399395467e+00
1.817000000000000000e+03,5.017841715761668375e+00
1.818000000000000000e+03,4.958307873724907999e+00
1.819000000000000000e+03,5.127015985772214179e+00
1.820000000000000000e+03,5.179285302872790986e+00
1.821000000000000000e+03,5.165868271748813356e+00
1.822000000000000000e+03,4.923147038946824594e+00
1.823000000000000000e+03,5.110045231991864334e+00
1.824000000000000000e+03,5.172515483680938608e+00
1.825000000000000000e+03,5.035664323127980069e+00
1.826000000000000000e+03,5.150648086041353046e+00
1.827000000000000000e+03,4.855735107185836341e+00
1.828000000000000000e+03,4.927394875041694711e+00
1.829000000000000000e+03,4.782695801456488205e+00
1.830000000000000000e+03,4.973423608632444370e+00
1.831000000000000000e+03,5.029095585391440082e+00
1.832000000000000000e+03,4.918643586665312206e+00
1.833000000000000000e+03,4.915824447340239267e+00
1.834000000000000000e+03,4.779603746814331089e+00
1.835000000000000000e+03,5.070911857204838391e+00
1.836000000000000000e+03,4.698891329701234909e+00
1.837000000000000000e+03,4.874450677439242874e+00
1.838000000000000000e+03,5.142853068193942612e+00
1.839000000000000000e+03,5.379783537970384444e+00
1.840000000000000000e+03,5.000354059048287780e+00
1.841000000000000000e+03,4.908630179988898057e+00
1.842000000000000000e+03,5.408756173638878728e+00
1.843000000000000000e+03,5.497186578160397019e+00
1.844000000000000000e+03,5.692970172524215222e+00
1.845000000000000000e+03,5.340826482236816553e+00
1.846000000000000000e+03,5.244998085100500695e+00
1.847000000000000000e+03,5.527250942690095314e+00
1.848000000000000000e+03,5.841352819579800126e+00
1.849000000000000000e+03,5.733230749054937903e+00
1.850000000000000000e+03,5.492336145808303982e+00
1.851000000000000000e+03,6.036171708081462306e+00
1.852000000000000000e+03,5.718363941705982612e+00
1.853000000000000000e+03,5.950532220618393708e+00
1.854000000000000000e+03,6.213578691281004041e+00
1.855000000000000000e+03,6.283837472432601601e+00
1.856000000000000000e+03,6.227931712532996045e+00
1.857000000000000000e+03,6.610690620152494645e+00
1.858000000000000000e+03,6.748248896344642311e+00
1.859000000000000000e+03,7.045523573716042876e+00
1.860000000000000000e+03,7.207439693211957987e+00
1.861000000000000000e+03,7.114777641790452023e+00
1.862000000000000000e+03,7.067788074866341752e+00
1.863000000000000000e+03,7.407775011368300078e+00
1.864000000000000000e+03,7.874691126463651436e+00
1.865000000000000000e+03,8.004430461832223287e+00
1.866000000000000000e+03,8.378961789995127418e+00
1.867000000000000000e+03,8.318837112273744339e+00
1.868000000000000000e+03,8.525073638461590164e+00
1.869000000000000000e+03,8.741632544226888513e+00
1.870000000000000000e+03,8.844847289553701586e+00
1.871000000000000000e+03,9.532386678385259771e+00
1.872000000000000000e+03,9.346027260029181605e+00
1.873000000000000000e+03,9.641897915070209990e+00
1.874000000000000000e+03,9.597197761425073637e+00
1.875000000000000000e+03,1.030697183508272552e+01
1.876000000000000000e+03,1.022337288280933798e+01
1.877000000000000000e+03,1.077479555607343187e+01
1.878000000000000000e+03,1.096194529470778356e+01
1.879000000000000000e+03,1.136511081755708474e+01
1.880000000000000000e+03,1.177677966187025582e+01
1.881000000000000000e+03,1.204912034037276669e+01
1.882000000000000000e+03,1.248203108918223947e+01
1.883000000000000000e+03,1.229640946241261190e+01
1.884000000000000000e+03,1.285029125672273231e+01
1.885000000000000000e+03,1.317844179065630605e+01
1.886000000000000000e+03,1.370449667832236429e+01
1.887000000000000000e+03,1.374564343637083041e+01
1.888000000000000000e+03,1.442156707307045416e+01
1.889000000000000000e+03,1.472243405761226498e+01
1.890000000000000000e+03,1.519296435343112606e+01
1.891000000000000000e+03,1.537353633460377011e+01
1.892000000000000000e+03,1.564410334289989457e+01
1.893000000000000000e+03,1.594117387808238639e+01
1.894000000000000000e+03,1.637248367356758649e+01
1.895000000000000000e+03,1.666356007353989099e+01
1.896000000000000000e+03,1.728614977085787530e+01
1.897000000000000000e+03,1.747292720470705518e+01
1.898000000000000000e+03,1.772455537896442124e+01
1.899000000000000000e+03,1.789066346837140387e+01
1.900000000000000000e+03,1.848001450853016081e+01
1.901000000000000000e+03,1.854949068510342514e+01
1.902000000000000000e+03,1.944560269770605743e+01
1.903000000000000000e+03,1.925718410767777300e+01
1.904000000000000000e+03,1.961752051827919985e+01
1.905000000000000000e+03,1.996611595852617427e+01
1.906000000000000000e+03,2.045218326373090179e+01
1.907000000000000000e+03,2.051787692074880098e+01
1.908000000000000000e+03,2.095424651756745504e+01
1.909000000000000000e+03,2.106371346777286391e+01
1.910000000000000000e+03,2.118396986978266128e+01
1.911000000000000000e+03,2.140851744873294038e+01
1.912000000000000000e+03,2.142703631412081577e+01
1.913000000000000000e+03,2.175084441661607570e+01
1.914000000000000000e+03,2.200529705588727936e+01
1.915000000000000000e+03,2.198401795202333986e+01
1.916000000000000000e+03,2.235202664635632175e+01
1.917000000000000000e+03,2.231428478226118273e+01
1.918000000000000000e+03,2.234683822585646240e+01
1.919000000000000000e+03,2.248337117015277542e+01
1.920000000000000000e+03,2.270641395920888783e+01
1.921000000000000000e+03,2.279872399117859416e+01
1.922000000000000000e+03,2.361055145594615112e+01
1.923000000000000000e+03,2.323244589483690348e+01
1.924000000000000000e+03,2.336096508825964335e+01
1.925000000000000000e+03,2.349558572446824556e+01
1.926000000000000000e+03,2.360740177953754326e+01
1.927000000000000000e+03,2.367995280605674324e+01
1.928000000000000000e+03,2.381891120046882904e+01
1.929000000000000000e+03,2.391435320691230970e+01
1.930000000000000000e+03,2.407687518053986508e+01
1.931000000000000000e+03,2.406683607093112798e+01
1.932000000000000000e+03,2.412391352314924831e+01
1.933000000000000000e+03,2.415278272973792895e+01
1.934000000000000000e+03,2.473006966862449119e+01
1.935000000000000000e+03,2.430207043463488858e+01
1.936000000000000000e+03,2.431841012119591738e+01
1.937000000000000000e+03,2.440207215082178038e+01
1.938000000000000000e+03,2.441605571967888011e+01
1.939000000000000000e+03,2.435349102659632692e+01
1.940000000000000000e+03,2.443069045858648636e+01
1.941000000000000000e+03,2.451057930952973507e+01
1.942000000000000000e+03,2.467788338201948051e+01
1.943000000000000000e+03,2.449206025390449071e+01
1.944000000000000000e+03,2.462054122655269595e+01
1.945000000000000000e+03,2.506376986760314907e+01
1.946000000000000000e+03,2.488615405992127450e+01
1.947000000000000000e+03,2.479582578593636200e+01
1.948000000000000000e+03,2.504529473424705799e+01
1.949000000000000000e+03,2.495039941565820385e+01
1.950000000000000000e+03,2.467406544068988339e+01
1.951000000000000000e+03,2.468372395135558861e+01
1.952000000000000000e+03,2.507720881745852282e+01
1.953000000000000000e+03,2.536469196511484725e+01
1.954000000000000000e+03,2.519111516435650699e+01
1.955000000000000000e+03,2.523110057089165181e+01
1.956000000000000000e+03,2.525865567247636889e+01
1.957000000000000000e+03,2.502402500256987494e+01
1.958000000000000000e+03,2.515778687709850914e+01
1.959000000000000000e+03,2.532517294932090479e+01
1.960000000000000000e+03,2.536124150311654901e+01
1.961000000000000000e+03,2.522397535460623530e+01
1.962000000000000000e+03,2.526558226117366246e+01
1.963000000000000000e+03,2.522964588163523558e+01
1.964000000000000000e+03,2.540726438050666047e+01
1.965000000000000000e+03,2.519674677080556080e+01
1.966000000000000000e+03,2.539917988743254895e+01
1.967000000000000000e+03,2.535623157876110412e+01
1.968000000000000000e+03,2.512635754647133979e+01
1.969000000000000000e+03,2.548583894679660844e+01
1.970000000000000000e+03,2.543522905635357390e+01
1.971000000000000000e+03,2.522578606604500351e+01
1.972000000000000000e+03,2.524213612515391603e+01
1.973000000000000000e+03,2.533283626753380346e+01
1.974000000000000000e+03,2.528528039758866086e+01
1.975000000000000000e+03,2.551054560117903947e+01
1.976000000000000000e+03,2.544852228576069209e+01
1.977000000000000000e+03,2.513762912833882623e+01
1.978000000000000000e+03,2.518095195285520305e+01
1.979000000000000000e+03,2.552216900423623613e+01
1.980000000000000000e+03,2.555018024387397801e+01
1.981000000000000000e+03,2.560319952838872837e+01
1.982000000000000000e+03,2.493050781039016783e+01
1.983000000000000000e+03,2.489906584152969060e+01
1.984000000000000000e+03,2.506744846295085338e+01
1.985000000000000000e+03,2.472601163753024167e+01
1.986000000000000000e+03,2.501764900074018172e+01
1.987000000000000000e+03,2.521414530859680525e+01
1.988000000000000000e+03,2.497191199587735255e+01
1.989000000000000000e+03,2.486591220125523449e+01
1.990000000000000000e+03,2.560264493184943646e+01
1.991000000000000000e+03,2.509057621108900804e+01
1.992000000000000000e+03,2.513193323344232510e+01
1.993000000000000000e+03,2.473675361232889358e+01
1.994000000000000000e+03,2.507275837512468897e+01
1.995000000000000000e+03,2.545208281920573867e+01
1.996000000000000000e+03,2.508174837480238395e+01
1.997000000000000000e+03,2.524322683780573584e+01
1.998000000000000000e+03,2.517500575873146929e+01
1.999000000000000000e+03,2.474115660178301113e+01
2.000000000000000000e+03,2.518591264105410943e+01
2.001000000000000000e+03,2.502499543147971650e+01
2.002000000000000000e+03,2.477699590867802470e+01
2.003000000000000000e+03,2.507814324900823522e+01
2.004000000000000000e+03,2.521152468521904311e+01
2.005000000000000000e+03,2.513794610042111088e+01
2.006000000000000000e+03,2.544485315761417610e+01
2.007000000000000000e+03,2.548653029338057152e+01
2.008000000000000000e+03,2.559454607421417904e+01
2.009000000000000000e+03,2.546771596395584680e+01
2.010000000000000000e+03,2.531283924227122384e+01
2.011000000000000000e+03,2.544889413602392381e+01
2.012000000000000000e+03,2.548179018116260153e+01
2.013000000000000000e+03,2.523856930154227740e+01
2.014000000000000000e+03,2.533593687677355533e+01
2.015000000000000000e+03,2.495346772121096279e+01
2.016000000000000000e+03,2.513247829188978599e+01
2.017000000000000000e+03,2.519013557621052968e+01
2.018000000000000000e+03,2.523425236902380675e+01
2.019000000000000000e+03,2.527814530480059929e+01
2.020000000000000000e+03,2.528595372269226260e+01
2.021000000000000000e+03,2.497153993704799646e+01
2.022000000000000000e+03,2.487187104290743989e+01
2.023000000000000000e+03,2.546365206505783974e+01
2.024000000000000000e+03,2.510332088091836766e+01
2.025000000000000000e+03,2.476312611794027774e+01
2.026000000000000000e+03,2.479245137262857668e+01
2.027000000000000000e+03,2.502172908210093638e+01
2.028000000000000000e+03,2.531767888034537251e+01
2.029000000000000000e+03,2.513131706617931371e+01
2.030000000000000000e+03,2.519230070654590392e+01
2.031000000000000000e+03,2.499563577487828780e+01
2.032000000000000000e+03,2.497304348932090790e+01
2.033000000000000000e+03,2.523397633070772272e+01
2.034000000000000000e+03,2.488109314807133998e+01
2.035000000000000000e+03,2.467259772645494564e+01
2.036000000000000000e+03,2.472398380728505529e+01
2.037000000000000000e+03,2.495015871404059737e+01
2.038000000000000000e+03,2.487983030943274443e+01
2.039000000000000000e+03,2.498880640293629796e+01
2.040000000000000000e+03,2.470804181291742907e+01
2.041000000000000000e+03,2.470540443430517286e+01
2.042000000000000000e+03,2.523345965619398257e+01
2.043000000000000000e+03,2.534971854306684591e+01
2.044000000000000000e+03,2.539633736130568309e+01
2.045000000000000000e+03,2.509252204980388257e+01
2.046000000000000000e+03,2.520844010522415601e+01
2.047000000000000000e+03,2.520452019757370365e+01
2.048000000000000000e+03,2.509698885087151865e+01
2.049000000000000000e+03,2.534608593591617165e+01
2.050000000000000000e+03,2.533467822540892911e+01
2.051000000000000000e+03,2.517249934308068404e+01
2.052000000000000000e+03,2.508069780475990029e+01
2.053000000000000000e+03,2.524274967990008989e+01
2.054000000000000000e+03,2.538109329254336188e+01
2.055000000000000000e+03,2.527339714876252330e+01
2.056000000000000000e+03,2.513685954817453450e+01
2.057000000000000000e+03,2.516036356479958158e+01
2.058000000000000000e+03,2.517240826093923189e+01
2.059000000000000000e+03,2.536280092818423881e+01
2.060000000000000000e+03,2.534486343415047216e+01
2.061000000000000000e+03,2.504967547020270402e+01
2.062000000000000000e+03,2.507658329134412512e+01
2.063000000000000000e+03,2.528879716416255619e+01
2.064000000000000000e+03,2.531195280299563422e+01
2.065000000000000000e+03,2.538006079312788188e+01
2.066000000000000000e+03,2.535181866247598492e+01
2.067000000000000000e+03,2.515337990503812549e+01
2.068000000000000000e+03,2.529458052868496765e+01
2.069000000000000000e+03,2.541131386539376891e+01
2.070000000000000000e+03,2.558557994716330342e+01
2.071000000000000000e+03,2.510587408842959434e+01
2.072000000000000000e+03,2.496221370159595310e+01
2.073000000000000000e+03,2.493432961084020860e+01
2.074000000000000000e+03,2.521063658900255078e+01
2.075000000000000000e+03,2.513446087768608450e+01
2.076000000000000000e+03,2.509748504661879309e+01
2.077000000000000000e+03,2.493618418416444626e+01
2.078000000000000000e+03,2.500138314131423201e+01
2.079000000000000000e+03,2.504304058111592823e+01
2.080000000000000000e+03,2.517725809525276759e+01
2.081000000000000000e+03,2.521386470989936157e+01
2.082000000000000000e+03,2.533145937782763824e+01
2.083000000000000000e+03,2.531803126329978326e+01
2.084000000000000000e+03,2.533086066398900016e+01
2.085000000000000000e+03,2.552564335962162545e+01
2.086000000000000000e+03,2.546248679784353541e+01
2.087000000000000000e+03,2.528294024726417533e+01
2.088000000000000000e+03,2.527878018665847293e+01
2.089000000000000000e+03,2.544695561606758361e+01
2.090000000000000000e+03,2.546361267528615357e+01
2.091000000000000000e+03,2.549971212133404919e+01
2.092000000000000000e+03,2.540138489076207051e+01
2.093000000000000000e+03,2.537310484642610930e+01
2.094000000000000000e+03,2.528428823578779117e+01
2.095000000000000000e+03,2.518264202093002879e+01
2.096000000000000000e+03,2.536574593983487347e+01
2.097000000000000000e+03,2.549026451609648802e+01
2.098000000000000000e+03,2.527053455633825152e+01
2.099000000000000000e+03,2.531225733241421949e+01
2.100000000000000000e+03,2.562535856491387776e+01
2.101000000000000000e+03,2.541198984627320812e+01
2.102000000000000000e+03,2.553608296284421186e+01
2.103000000000000000e+03,2.541806970860290349e+01
2.104000000000000000e+03,2.539330877331509839e+01
2.105000000000000000e+03,2.540046644146715593e+01
2.106000000000000000e+03,2.551643741238845209e+01
2.107000000000000000e+03,2.555684079704722222e+01
2.108000000000000000e+03,2.530749977092216696e+01
2.109000000000000000e+03,2.566024661275664442e+01
2.110000000000000000e+03,2.501979256189254031e+01
2.111000000000000000e+03,2.517204760304911915e+01
2.112000000000000000e+03,2.532292750735368969e+01
2.113000000000000000e+03,2.523860124499623225e+01
2.114000000000000000e+03,2.502714883342446939e+01
2.115000000000000000e+03,2.509327671244282243e+01
2.116000000000000000e+03,2.513543170422477502e+01
2.117000000000000000e+03,2.521876079823688599e+01
2.118000000000000000e+03,2.513119297487450865e+01
2.119000000000000000e+03,2.501656681395370896e+01
2.120000000000000000e+03,2.537162593564693580e+01
2.121000000000000000e+03,2.524520040699208323e+01
2.122000000000000000e+03,2.527945540470193819e+01
2.123000000000000000e+03,2.521238968065970809e+01
2.124000000000000000e+03,2.528878120417493136e+01
2.125000000000000000e+03,2.505846535131458808e+01
2.126000000000000000e+03,2.530995637007361410e+01
2.127000000000000000e+03,2.518105270183058408e+01
2.128000000000000000e+03,2.519380842645899676e+01
2.129000000000000000e+03,2.498224569808112960e+01
2.130000000000000000e+03,2.509316414029267150e+01
2.131000000000000000e+03,2.516338852142918014e+01
2.132000000000000000e+03,2.537465762698426275e+01
2.133000000000000000e+03,2.550041330713317222e+01
2.134000000000000000e+03,2.550542626967135718e+01
2.135000000000000000e+03,2.523464993019626235e+01
2.136000000000000000e+03,2.517124127802258116e+01
2.137000000000000000e+03,2.551340643827899513e+01
2.138000000000000000e+03,2.495746298574657729e+01
2.139000000000000000e+03,2.493066775300193072e+01
2.140000000000000000e+03,2.467063886105379567e+01
2.141000000000000000e+03,2.466320793250426391e+01
2.142000000000000000e+03,2.466493471581072328e+01
2.143000000000000000e+03,2.500346518548111874e+01
2.144000000000000000e+03,2.499120129075123486e+01
2.145000000000000000e+03,2.478390357278571088e+01
2.146000000000000000e+03,2.484317870716982668e+01
2.147000000000000000e+03,2.489963970744046406e+01
2.148000000000000000e+03,2.494180744078321155e+01
2.149000000000000000e+03,2.502456606358216717e+01
2.150000000000000000e+03,2.489831408858262307e+01
2.151000000000000000e+03,2.464531089509046424e+01
2.152000000000000000e+03,2.445661961066983991e+01
2.153000000000000000e+03,2.468061864764237612e+01
2.154000000000000000e+03,2.461308567141368897e+01
2.155000000000000000e+03,2.472650825188374668e+01
2.156000000000000000e+03,2.464265352661686848e+01
2.157000000000000000e+03,2.451211144685952092e+01
2.158000000000000000e+03,2.459826410772430094e+01
2.159000000000000000e+03,2.432920591135343358e+01
2.160000000000000000e+03,2.432193053041104847e+01
2.161000000000000000e+03,2.400695032955987074e+01
2.162000000000000000e+03,2.404126970770136040e+01
2.163000000000000000e+03,2.401657060809347755e+01
2.164000000000000000e+03,2.415243356992460022e+01
2.165000000000000000e+03,2.410427420822752964e+01
2.166000000000000000e+03,2.413814835857741059e+01
2.167000000000000000e+03,2.429953524193559744e+01
2.168000000000000000e+03,2.393347462006954629e+01
2.169000000000000000e+03,2.467644600849816072e+01
2.170000000000000000e+03,2.479600018568245545e+01
2.171000000000000000e+03,2.451624373553275404e+01
2.172000000000000000e+03,2.463296317097524124e+01
2.173000000000000000e+03,2.479757432596171896e+01
2.174000000000000000e+03,2.454702411814867347e+01
2.175000000000000000e+03,2.459238172744235484e+01
2.176000000000000000e+03,2.453515732953905726e+01
2.177000000000000000e+03,2.442784050077614566e+01
2.178000000000000000e+03,2.438792763243853656e+01
2.179000000000000000e+03,2.454404417433938335e+01
2.180000000000000000e+03,2.424637492020793417e+01
2.181000000000000000e+03,2.490971613015453201e+01
2.182000000000000000e+03,2.470823565367962971e+01
2.183000000000000000e+03,2.464110692567926719e+01
2.184000000000000000e+03,2.473977426813345559e+01
2.185000000000000000e+03,2.500419654549110149e+01
2.186000000000000000e+03,2.477520615953373806e+01
2.187000000000000000e+03,2.473789386763409937e+01
2.188000000000000000e+03,2.503466302076932948e+01
2.189000000000000000e+03,2.461897566126989645e+01
2.190000000000000000e+03,2.466739924107878679e+01
2.191000000000000000e+03,2.482134025830390911e+01
2.192000000000000000e+03,2.465147401003965655e+01
2.193000000000000000e+03,2.480139138222548212e+01
2.194000000000000000e+03,2.467156205135400171e+01
2.195000000000000000e+03,2.511115481049564835e+01
2.196000000000000000e+03,2.510029311072043967e+01
2.197000000000000000e+03,2.485758519829525781e+01
2.198000000000000000e+03,2.462264221595120262e+01
2.199000000000000000e+03,2.454704895328480774e+01
2.200000000000000000e+03,2.462808875122712848e+01
2.201000000000000000e+03,2.474530126495470483e+01
2.202000000000000000e+03,2.476386076621033894e+01
2.203000000000000000e+03,2.465962081873778189e+01
2.204000000000000000e+03,2.457739469322133985e+01
2.205000000000000000e+03,2.464091557697812718e+01
2.206000000000000000e+03,2.473306094935400878e+01
2.207000000000000000e+03,2.468585565903084600e+01
2.208000000000000000e+03,2.440063966489150715e+01
2.209000000000000000e+03,2.443360675344768040e+01
2.210000000000000000e+03,2.482447299434833354e+01
2.211000000000000000e+03,2.493309913479502882e+01
2.212000000000000000e+03,2.489178135094409328e+01
2.213000000000000000e+03,2.498545387645613047e+01
2.214000000000000000e+03,2.480014573072762474e+01
2.215000000000000000e+03,2.468510246663503338e+01
2.216000000000000000e+03,2.515561879141555934e+01
2.217000000000000000e+03,2.524727330524687119e+01
2.218000000000000000e+03,2.507007036777044107e+01
2.219000000000000000e+03,2.504825215987702691e+01
2.220000000000000000e+03,2.487367619743830360e+01
2.221000000000000000e+03,2.494725963946924452e+01
2.222000000000000000e+03,2.524805763381246848e+01
2.223000000000000000e+03,2.519255869413276017e+01
2.224000000000000000e+03,2.513507596163288227e+01
2.225000000000000000e+03,2.488027236811408827e+01
2.226000000000000000e+03,2.504451880355304283e+01
2.227000000000000000e+03,2.519861776820541976e+01
2.228000000000000000e+03,2.520578346199814490e+01
2.229000000000000000e+03,2.477297441401772105e+01
2.230000000000000000e+03,2.488319241192547437e+01
2.231000000000000000e+03,2.490276941219896045e+01
2.232000000000000000e+03,2.515256428058567906e+01
2.233000000000000000e+03,2.509419326779290671e+01
2.234000000000000000e+03,2.498080507573216025e+01
2.235000000000000000e+03,2.488178447386847836e+01
2.236000000000000000e+03,2.489095113184180619e+01
2.237000000000000000e+03,2.530154090360308672e+01
2.238000000000000000e+03,2.529329379509830034e+01
2.239000000000000000e+03,2.525714358284794514e+01
2.240000000000000000e+03,2.487908943925399896e+01
2.241000000000000000e+03,2.474291531522552390e+01
2.242000000000000000e+03,2.484245682245111908e+01
2.243000000000000000e+03,2.490282329312754328e+01
2.244000000000000000e+03,2.491273042776024838e+01
2.245000000000000000e+03,2.456727388120055977e+01
2.246000000000000000e+03,2.438025652044736091e+01
2.247000000000000000e+03,2.440979225505029504e+01
2.248000000000000000e+03,2.454861962407891696e+01
2.249000000000000000e+03,2.462669047516098786e+01
2.250000000000000000e+03,2.452535982813151705e+01
2.251000000000000000e+03,2.437771986148438685e+01
2.252000000000000000e+03,2.436454692902135832e+01
2.253000000000000000e+03,2.441661222732611236e+01
2.254000000000000000e+03,2.460837318631230985e+01
2.255000000000000000e+03,2.440583781385154083e+01
2.256000000000000000e+03,2.428920940086692326e+01
2.257000000000000000e+03,2.436334493606932128e+01
2.258000000000000000e+03,2.436928436400450693e+01
2.259000000000000000e+03,2.447224241555904456e+01
2.260000000000000000e+03,2.436234970018782775e+01
2.261000000000000000e+03,2.439236953464418178e+01
2.262000000000000000e+03,2.422427430071277499e+01
2.263000000000000000e+03,2.443137545734959915e+01
2.264000000000000000e+03,2.420128625577828885e+01
2.265000000000000000e+03,2.434129301397581102e+01
2.266000000000000000e+03,2.385593537884618343e+01
2.267000000000000000e+03,2.401056338096634946e+01
2.268000000000000000e+03,2.397523356215210555e+01
2.269000000000000000e+03,2.411362142237685546e+01
2.270000000000000000e+03,2.416808187740828728e+01
2.271000000000000000e+03,2.387427762973486622e+01
2.272000000000000000e+03,2.399601337736341833e+01
2.273000000000000000e+03,2.387469810101217504e+01
2.274000000000000000e+03,2.408840332630512648e+01
2.275000000000000000e+03,2.398917582670472015e+01
2.276000000000000000e+03,2.414324417123737732e+01
2.277000000000000000e+03,2.374321430439338698e+01
2.278000000000000000e+03,2.367319551927321797e+01
2.279000000000000000e+03,2.388014545595270022e+01
2.280000000000000000e+03,2.401207684867765835e+01
2.281000000000000000e+03,2.383072148939502810e+01
2.282000000000000000e+03,2.375373810833438526e+01
2.283000000000000000e+03,2.375981957585346649e+01
2.284000000000000000e+03,2.378384413629424543e+01
2.285000000000000000e+03,2.370714926790640931e+01
2.286000000000000000e+03,2.402706638997321775e+01
2.287000000000000000e+03,2.391173540342974846e+01
2.288000000000000000e+03,2.365288160616334423e+01
2.289000000000000000e+03,2.365022773088848851e+01
2.290000000000000000e+03,2.382349328879250905e+01
2.291000000000000000e+03,2.375355111268620689e+01
2.292000000000000000e+03,2.360523397671613921e+01
2.293000000000000000e+03,2.368845188909424238e+01
2.294000000000000000e+03,2.364015089399001468e+01
2.295000000000000000e+03,2.374257366966583760e+01
2.296000000000000000e+03,2.377963661461314260e+01
2.297000000000000000e+03,2.360606906475199906e+01
2.298000000000000000e+03,2.363040842779685491e+01
2.299000000000000000e+03,2.348812364766554239e+01
2.300000000000000000e+03,2.352665697890342145e+01
2.301000000000000000e+03,2.355819624029821568e+01
2.302000000000000000e+03,2.381946863716965979e+01
2.303000000000000000e+03,2.355366038544816831e+01
2.304000000000000000e+03,2.347916408911037323e+01
2.305000000000000000e+03,2.347879309250618007e+01
2.306000000000000000e+03,2.397756579253918474e+01
2.307000000000000000e+03,2.346755424907250998e+01
2.308000000000000000e+03,2.373669735972773864e+01
2.309000000000000000e+03,2.351885596165971393e+01
2.310000000000000000e+03,2.311746104327063378e+01
2.311000000000000000e+03,2.355446226851506353e+01
2.312000000000000000e+03,2.377073731369046783e+01
2.313000000000000000e+03,2.355635858132068350e+01
2.314000000000000000e+03,2.339182312443707445e+01
2.315000000000000000e+03,2.358669601966369100e+01
2.316000000000000000e+03,2.379878047927673990e+01
2.317000000000000000e+03,2.349874349708261079e+01
2.318000000000000000e+03,2.347819145601885538e+01
2.319000000000000000e+03,2.336809342521939570e+01
2.320000000000000000e+03,2.340292972961445628e+01
2.321000000000000000e+03,2.332732700609033927e+01
2.322000000000000000e+03,2.350873463883283776e+01
2.323000000000000000e+03,2.349928061552776626e+01
2.324000000000000000e+03,2.339473042461492014e+01
2.325000000000000000e+03,2.312068458501740409e+01
2.326000000000000000e+03,2.333944801460586405e+01
2.327000000000000000e+03,2.338655378522551587e+01
2.328000000000000000e+03,2.333329407781101494e+01
2.329000000000000000e+03,2.329797194051554854e+01
2.330000000000000000e+03,2.326488831320874340e+01
2.331000000000000000e+03,2.292599977487381935e+01
2.332000000000000000e+03,2.332620274426143325e+01
2.333000000000000000e+03,2.315506463139535853e+01
2.334000000000000000e+03,2.311304771755371235e+01
2.335000000000000000e+03,2.303342505766520532e+01
2.336000000000000000e+03,2.293890034617332674e+01
2.337000000000000000e+03,2.308747688306211288e+01
2.338000000000000000e+03,2.313773243234093258e+01
2.339000000000000000e+03,2.298753641145162874e+01
2.340000000000000000e+03,2.257368359707022876e+01
2.341000000000000000e+03,2.266973100032750565e+01
2.342000000000000000e+03,2.264160234345401435e+01
2.343000000000000000e+03,2.270338517579372706e+01
2.344000000000000000e+03,2.255282373053780987e+01
2.345000000000000000e+03,2.262167236409774063e+01
2.346000000000000000e+03,2.247739002933027308e+01
2.347000000000000000e+03,2.266239696257982672e+01
2.348000000000000000e+03,2.262437389435704915e+01
2.349000000000000000e+03,2.302169544468743467e+01
2.350000000000000000e+03,2.296166069156189948e+01
2.351000000000000000e+03,2.280845774351486099e+01
2.352000000000000000e+03,2.287653225235733601e+01
2.353000000000000000e+03,2.285352003980532842e+01
2.354000000000000000e+03,2.295601349843938266e+01
2.355000000000000000e+03,2.298126505829655386e+01
2.356000000000000000e+03,2.312446139800836420e+01
2.357000000000000000e+03,2.286754859142919116e+01
2.358000000000000000e+03,2.287798900806439306e+01
2.359000000000000000e+03,2.286051513868101637e+01
2.360000000000000000e+03,2.294928854019227060e+01
2.361000000000000000e+03,2.299044876095041445e+01
2.362000000000000000e+03,2.307820684745425410e+01
2.363000000000000000e+03,2.293755372141655613e+01
2.364000000000000000e+03,2.307178622261812251e+01
2.365000000000000000e+03,2.309233851251364200e+01
2.366000000000000000e+03,2.291075181695668661e+01
2.367000000000000000e+03,2.294321339129122350e+01
2.368000000000000000e+03,2.302493468367321228e+01
2.369000000000000000e+03,2.301468809300503437e+01
2.370000000000000000e+03,2.343619626586960436e+01
2.371000000000000000e+03,2.336396732286087286e+01
2.372000000000000000e+03,2.322658991785771931e+01
2.373000000000000000e+03,2.301031182266244457e+01
2.374000000000000000e+03,2.340633275421315318e+01
2.375000000000000000e+03,2.336060948699864070e+01
2.376000000000000000e+03,2.323628407561610487e+01
2.377000000000000000e+03,2.312425837918754823e+01
2.378000000000000000e+03,2.330680836516107490e+01
2.379000000000000000e+03,2.266297271863406948e+01
2.380000000000000000e+03,2.307027737683163693e+01
2.381000000000000000e+03,2.265168686971031065e+01
2.382000000000000000e+03,2.267943280787454441e+01
2.383000000000000000e+03,2.254915697165109378e+01
2.384000000000000000e+03,2.247345684535737220e+01
2.385000000000000000e+03,2.269117633398862210e+01
2.386000000000000000e+03,2.272055953690332686e+01
2.387000000000000000e+03,2.262756115192856399e+01
2.388000000000000000e+03,2.243052708703591946e+01
2.389000000000000000e+03,2.248356697133160864e+01
2.390000000000000000e+03,2.258117528332306279e+01
2.391000000000000000e+03,2.262479269558242123e+01
2.392000000000000000e+03,2.283385806332825041e+01
2.393000000000000000e+03,2.259571595249111553e+01
2.394000000000000000e+03,2.255544912829020632e+01
2.395000000000000000e+03,2.287135722663959569e+01
2.396000000000000000e+03,2.286686253004287295e+01
2.397000000000000000e+03,2.262629395657035403e+01
2.398000000000000000e+03,2.251627317147620388e+01
2.399000000000000000e+03,2.285222657381561362e+01
2.400000000000000000e+03,2.288551294761437305e+01
2.401000000000000000e+03,2.304827692199511091e+01
2.402000000000000000e+03,2.292830073208713415e+01
2.403000000000000000e+03,2.284353982158789975e+01
2.404000000000000000e+03,2.268514006431774277e+01
2.405000000000000000e+03,2.292324124665403673e+01
2.406000000000000000e+03,2.294430057430104952e+01
2.407000000000000000e+03,2.288428943405059712e+01
2.408000000000000000e+03,2.277464702113651640e+01
2.409000000000000000e+03,2.275564606009290003e+01
2.410000000000000000e+03,2.252164970424350443e+01
2.411000000000000000e+03,2.341835033547166489e+01
2.412000000000000000e+03,2.350510218565413112e+01
2.413000000000000000e+03,2.346078070501861035e+01
2.414000000000000000e+03,2.344111218610774472e+01
2.415000000000000000e+03,2.336650474425946555e+01
2.416000000000000000e+03,2.351208933022839886e+01
2.417000000000000000e+03,2.347772119204090657e+01
2.418000000000000000e+03,2.340569905760894898e+01
2.419000000000000000e+03,2.325049064037223445e+01
2.420000000000000000e+03,2.325329671231162720e+01
2.421000000000000000e+03,2.311889311090630983e+01
2.422000000000000000e+03,2.331522378923517635e+01
2.423000000000000000e+03,2.323602263748659880e+01
2.424000000000000000e+03,2.316574351902427864e+01
2.425000000000000000e+03,2.310273633318989894e+01
2.426000000000000000e+03,2.316610054851173928e+01
2.427000000000000000e+03,2.334961218482704837e+01
2.428000000000000000e+03,2.331149703442497056e+01
2.429000000000000000e+03,2.280375286940613577e+01
2.430000000000000000e+03,2.250909552827791416e+01
2.431000000000000000e+03,2.262680867930987461e+01
2.432000000000000000e+03,2.268503986965849251e+01
2.433000000000000000e+03,2.292534554343411202e+01
2.434000000000000000e+03,2.264571725422069903e+01
2.435000000000000000e+03,2.272931327419508563e+01
2.436000000000000000e+03,2.273864087191316230e+01
2.437000000000000000e+03,2.268503042016853399e+01
2.438000000000000000e+03,2.254586702013086708e+01
2.439000000000000000e+03,2.255706393590707748e+01
2.440000000000000000e+03,2.257711167623505588e+01
2.441000000000000000e+03,2.220224300391993921e+01
2.442000000000000000e+03,2.207195406002109550e+01
2.443000000000000000e+03,2.213092496896550543e+01
2.444000000000000000e+03,2.239769748732068066e+01
2.445000000000000000e+03,2.213346459200704075e+01
2.446000000000000000e+03,2.265040112550872919e+01
2.447000000000000000e+03,2.241464076767687530e+01
2.448000000000000000e+03,2.248421835900900945e+01
2.449000000000000000e+03,2.235909407938152071e+01
2.450000000000000000e+03,2.236866017536096862e+01
2.451000000000000000e+03,2.243722804134200643e+01
2.452000000000000000e+03,2.193501452079490122e+01
2.453000000000000000e+03,2.224084806216623988e+01
2.454000000000000000e+03,2.256867318794808241e+01
2.455000000000000000e+03,2.216719244989820581e+01
2.456000000000000000e+03,2.190049518935880357e+01
2.457000000000000000e+03,2.239997216785671341e+01
2.458000000000000000e+03,2.243355934433538579e+01
2.459000000000000000e+03,2.267016731850931777e+01
2.460000000000000000e+03,2.263210050729690792e+01
2.461000000000000000e+03,2.218218565915832485e+01
2.462000000000000000e+03,2.247861249226542668e+01
2.463000000000000000e+03,2.239412814945204389e+01
2.464000000000000000e+03,2.275903085899875578e+01
2.465000000000000000e+03,2.261783308001866288e+01
2.466000000000000000e+03,2.227992600938712542e+01
2.467000000000000000e+03,2.182281295165269341e+01
2.468000000000000000e+03,2.249678532817872423e+01
2.469000000000000000e+03,2.282576913345964797e+01
2.470000000000000000e+03,2.269342733787160071e+01
2.471000000000000000e+03,2.279929454730791605e+01
2.472000000000000000e+03,2.271424528902792161e+01
2.473000000000000000e+03,2.265820326329326662e+01
2.474000000000000000e+03,2.274465110186401517e+01
2.475000000000000000e+03,2.273188218939692007e+01
2.476000000000000000e+03,2.255983956424283932e+01
2.477000000000000000e+03,2.245213422800252445e+01
2.478000000000000000e+03,2.237513795002018924e+01
2.479000000000000000e+03,2.265943557553897847e+01
2.480000000000000000e+03,2.303295419473287708e+01
2.481000000000000000e+03,2.228354987175003998e+01
2.482000000000000000e+03,2.244217126992064948e+01
2.483000000000000000e+03,2.254891182115740378e+01
2.484000000000000000e+03,2.260353283520360534e+01
2.485000000000000000e+03,2.265452077415006826e+01
2.486000000000000000e+03,2.264234969998809888e+01
2.487000000000000000e+03,2.256994518191401511e+01
2.488000000000000000e+03,2.259911521979407567e+01
2.489000000000000000e+03,2.256430055868816353e+01
2.490000000000000000e+03,2.262933870756871002e+01
2.491000000000000000e+03,2.274259803486959441e+01
2.492000000000000000e+03,2.264808425530308966e+01
2.493000000000000000e+03,2.256559427429642639e+01
2.494000000000000000e+03,2.258892020799892109e+01
2.495000000000000000e+03,2.254553428348461708e+01
2.496000000000000000e+03,2.288436809606875499e+01
2.497000000000000000e+03,2.263685857446943217e+01
2.498000000000000000e+03,2.284151132591455990e+01
2.499000000000000000e+03,2.285576841200410669e+01
2.500000000000000000e+03,2.298891718175943666e+01
2.501000000000000000e+03,2.273514499049087689e+01
2.502000000000000000e+03,2.278788312450747000e+01
2.503000000000000000e+03,2.281832525424200142e+01
2.504000000000000000e+03,2.258605878517942855e+01
2.505000000000000000e+03,2.262441607399182786e+01
2.506000000000000000e+03,2.287682717808386101e+01
2.507000000000000000e+03,2.287826932225421928e+01
2.508000000000000000e+03,2.268705563409583803e+01
2.509000000000000000e+03,2.243425370793557150e+01
2.510000000000000000e+03,2.253183533711633046e+01
2.511000000000000000e+03,2.266432547071770998e+01
2.512000000000000000e+03,2.264555433392558825e+01
2.513000000000000000e+03,2.266214096367110642e+01
2.514000000000000000e+03,2.260801753228661681e+01
2.515000000000000000e+03,2.243426772161213734e+01
2.516000000000000000e+03,2.261166134796420835e+01
2.517000000000000000e+03,2.271019104596167182e+01
2.518000000000000000e+03,2.270489253546305264e+01
2.519000000000000000e+03,2.259260303224198552e+01
2.520000000000000000e+03,2.233201694492250411e+01
2.521000000000000000e+03,2.241738843474219323e+01
2.522000000000000000e+03,2.245441436210308339e+01
2.523000000000000000e+03,2.244718625339742957e+01
2.524000000000000000e+03,2.230600028358855624e+01
2.525000000000000000e+03,2.242817848850369700e+01
2.526000000000000000e+03,2.228624959261648186e+01
2.527000000000000000e+03,2.249675349138223623e+01
2.528000000000000000e+03,2.247168800972136893e+01
2.529000000000000000e+03,2.230950631475834101e+01
2.530000000000000000e+03,2.224305587014942986e+01
2.531000000000000000e+03,2.222439619476033457e+01
2.532000000000000000e+03,2.212515875337263793e+01
2.533000000000000000e+03,2.252881691677851705e+01
2.534000000000000000e+03,2.213918711597322897e+01
2.535000000000000000e+03,2.223415833745494652e+01
2.536000000000000000e+03,2.214850404802048445e+01
2.537000000000000000e+03,2.243952429867346154e+01
2.538000000000000000e+03,2.246032883637431610e+01
2.539000000000000000e+03,2.242302521285429862e+01
2.540000000000000000e+03,2.256301897649199617e+01
2.541000000000000000e+03,2.247251160918806789e+01
2.542000000000000000e+03,2.255558996245098768e+01
2.543000000000000000e+03,2.278665408402225978e+01
2.544000000000000000e+03,2.266406817901108184e+01
2.545000000000000000e+03,2.263606627709857833e+01
2.546000000000000000e+03,2.232290594638015335e+01
2.547000000000000000e+03,2.249068858107278857e+01
2.548000000000000000e+03,2.267692439040535390e+01
2.549000000000000000e+03,2.264033809472621783e+01
2.550000000000000000e+03,2.273773571535496529e+01
2.551000000000000000e+03,2.291248938549117042e+01
2.552000000000000000e+03,2.308298157445601362e+01
2.553000000000000000e+03,2.284148825060866983e+01
2.554000000000000000e+03,2.292369623281217628e+01
2.555000000000000000e+03,2.288126723899086556e+01
2.556000000000000000e+03,2.277398057572421664e+01
2.557000000000000000e+03,2.298215745114223552e+01
2.558000000000000000e+03,2.282887152856501700e+01
2.559000000000000000e+03,2.295579134715882930e+01
2.560000000000000000e+03,2.293008560655894712e+01
2.561000000000000000e+03,2.282831495722314230e+01
2.562000000000000000e+03,2.240023346464755605e+01
2.563000000000000000e+03,2.245513649054947791e+01
2.564000000000000000e+03,2.273342261925681385e+01
2.565000000000000000e+03,2.284310868850304388e+01
2.566000000000000000e+03,2.288997819451955706e+01
2.567000000000000000e+03,2.247907811793007227e+01
2.568000000000000000e+03,2.264187066594818276e+01
2.569000000000000000e+03,2.277711525390268577e+01
2.570000000000000000e+03,2.265541306968747293e+01
2.571000000000000000e+03,2.240614513269770214e+01
2.572000000000000000e+03,2.232555052700827858e+01
2.573000000000000000e+03,2.249503782611277813e+01
2.574000000000000000e+03,2.263730395550991403e+01
2.575000000000000000e+03,2.255937133455644883e+01
2.576000000000000000e+03,2.264320036379033851e+01
2.577000000000000000e+03,2.238147499680556507e+01
2.578000000000000000e+03,2.235691429878058045e+01
2.579000000000000000e+03,2.277449716007253144e+01
2.580000000000000000e+03,2.244093545121955202e+01
2.581000000000000000e+03,2.255653495274974674e+01
2.582000000000000000e+03,2.233540040518048286e+01
2.583000000000000000e+03,2.228970251348873433e+01
2.584000000000000000e+03,2.279366562242433147e+01
2.585000000000000000e+03,2.261715058510713661e+01
2.586000000000000000e+03,2.289492553596024749e+01
2.587000000000000000e+03,2.243270218758510737e+01
2.588000000000000000e+03,2.230891864807785652e+01
2.589000000000000000e+03,2.241726542987868953e+01
2.590000000000000000e+03,2.253083338765310017e+01
2.591000000000000000e+03,2.263115026807458463e+01
2.592000000000000000e+03,2.269745397193156222e+01
2.593000000000000000e+03,2.242094373076270841e+01
2.594000000000000000e+03,2.252067135123890651e+01
2.595000000000000000e+03,2.264898007121690426e+01
2.596000000000000000e+03,2.270815829494288351e+01
2.597000000000000000e+03,2.272373466433231215e+01
2.598000000000000000e+03,2.260660229328329862e+01
2.599000000000000000e+03,2.254403044566811332e+01
2.600000000000000000e+03,2.259254487916415144e+01
2.601000000000000000e+03,2.258967243877674846e+01
2.602000000000000000e+03,2.270517496296988824e+01
2.603000000000000000e+03,2.255563148826541209e+01
2.604000000000000000e+03,2.258803419412850744e+01
2.605000000000000000e+03,2.265349290952121564e+01
2.606000000000000000e+03,2.264545280223832080e+01
2.607000000000000000e+03,2.263702924843494202e+01
2.608000000000000000e+03,2.266245356073431694e+01
2.609000000000000000e+03,2.257695882055667269e+01
2.610000000000000000e+03,2.250650198041642369e+01
2.611000000000000000e+03,2.267646901132876991e+01
2.612000000000000000e+03,2.268307646345714090e+01
2.613000000000000000e+03,2.268239830249367373e+01
2.614000000000000000e+03,2.238863524863915444e+01
2.615000000000000000e+03,2.260870896491971394e+01
2.616000000000000000e+03,2.262333133842222210e+01
2.617000000000000000e+03,2.272711521362333897e+01
2.618000000000000000e+03,2.255856622569638148e+01
2.619000000000000000e+03,2.288114174568446657e+01
2.620000000000000000e+03,2.258719484317699511e+01
2.621000000000000000e+03,2.269454282252355881e+01
2.622000000000000000e+03,2.286688275264197046e+01
2.623000000000000000e+03,2.260168947601538747e+01
2.624000000000000000e+03,2.253905192757674314e+01
2.625000000000000000e+03,2.255754243529766612e+01
2.626000000000000000e+03,2.268287500183134853e+01
2.627000000000000000e+03,2.260550262196112570e+01
2.628000000000000000e+03,2.268745427197426068e+01
2.629000000000000000e+03,2.262349298762492467e+01
2.630000000000000000e+03,2.266523642175035036e+01
2.631000000000000000e+03,2.238560585120255197e+01
2.632000000000000000e+03,2.264922587412309340e+01
2.633000000000000000e+03,2.291829043835794266e+01
2.634000000000000000e+03,2.288676006221762549e+01
2.635000000000000000e+03,2.258824943448681566e+01
2.636000000000000000e+03,2.291116589160526829e+01
2.637000000000000000e+03,2.280579113155528859e+01
2.638000000000000000e+03,2.298398829304968416e+01
2.639000000000000000e+03,2.295696410874312576e+01
2.640000000000000000e+03,2.296768360821753063e+01
2.641000000000000000e+03,2.287109366713526271e+01
2.642000000000000000e+03,2.256194744768590965e+01
2.643000000000000000e+03,2.291967068545699604e+01
2.644000000000000000e+03,2.300314130749975305e+01
2.645000000000000000e+03,2.281491570495160914e+01
2.646000000000000000e+03,2.278477838764186458e+01
2.647000000000000000e+03,2.294770055833922484e+01
2.648000000000000000e+03,2.308614364893795212e+01
2.649000000000000000e+03,2.294543721387557866e+01
2.650000000000000000e+03,2.301305032325476319e+01
2.651000000000000000e+03,2.317993275999729619e+01
2.652000000000000000e+03,2.281294345204150531e+01
2.653000000000000000e+03,2.286313113025530797e+01
2.654000000000000000e+03,2.302547159141823130e+01
2.655000000000000000e+03,2.311005691571372722e+01
2.656000000000000000e+03,2.283551073766719952e+01
2.657000000000000000e+03,2.286157109468822668e+01
2.658000000000000000e+03,2.274896909019220814e+01
2.659000000000000000e+03,2.274040146197751255e+01
2.660000000000000000e+03,2.259595738812305399e+01
2.661000000000000000e+03,2.257650905882269754e+01
2.662000000000000000e+03,2.217787081454398646e+01
2.663000000000000000e+03,2.229737397472783655e+01
2.664000000000000000e+03,2.237239067607024268e+01
2.665000000000000000e+03,2.267451481952458892e+01
2.666000000000000000e+03,2.264886402661684528e+01
2.667000000000000000e+03,2.249265290961547947e+01
2.668000000000000000e+03,2.240790685362062717e+01
2.669000000000000000e+03,2.266931049365853923e+01
2.670000000000000000e+03,2.270651426954030327e+01
2.671000000000000000e+03,2.264129469655340188e+01
2.672000000000000000e+03,2.244172239868728269e+01
2.673000000000000000e+03,2.251843586933529906e+01
2.674000000000000000e+03,2.272103423169466296e+01
2.675000000000000000e+03,2.274299355161949521e+01
2.676000000000000000e+03,2.277429739822525789e+01
2.677000000000000000e+03,2.259365634339274109e+01
2.678000000000000000e+03,2.250520679654630740e+01
2.679000000000000000e+03,2.268248733431631337e+01
2.680000000000000000e+03,2.266470618400358106e+01
2.681000000000000000e+03,2.273340593721235336e+01
2.682000000000000000e+03,2.259660190695022663e+01
2.683000000000000000e+03,2.248279481558215309e+01
2.684000000000000000e+03,2.257674711134839640e+01
2.685000000000000000e+03,2.274105306024150508e+01
2.686000000000000000e+03,2.270206529727972367e+01
2.687000000000000000e+03,2.231442832065904724e+01
2.688000000000000000e+03,2.319986451760720314e+01
2.689000000000000000e+03,2.264995207709958080e+01
2.690000000000000000e+03,2.305195946462163192e+01
2.691000000000000000e+03,2.304894242106509239e+01
2.692000000000000000e+03,2.291761061886577977e+01
2.693000000000000000e+03,2.286977913159411813e+01
2.694000000000000000e+03,2.255261452790213994e+01
2.695000000000000000e+03,2.260917111223553633e+01
2.696000000000000000e+03,2.256148416192105088e+01
2.697000000000000000e+03,2.261349729048721713e+01
2.698000000000000000e+03,2.248558336261540802e+01
2.699000000000000000e+03,2.253813444974183966e+01
2.700000000000000000e+03,2.243675378824134370e+01
2.701000000000000000e+03,2.272251736475240236e+01
2.702000000000000000e+03,2.264246806099744447e+01
2.703000000000000000e+03,2.255665909191746010e+01
2.704000000000000000e+03,2.246717764578072263e+01
2.705000000000000000e+03,2.261430143989214514e+01
2.706000000000000000e+03,2.281012737793336953e+01
2.707000000000000000e+03,2.265959342999783388e+01
2.708000000000000000e+03,2.258753180550487372e+01
2.709000000000000000e+03,2.244585309976986665e+01
2.710000000000000000e+03,2.256412510484521761e+01
2.711000000000000000e+03,2.279841448913001756e+01
2.712000000000000000e+03,2.268533731081097571e+01
2.713000000000000000e+03,2.270926574091960148e+01
2.714000000000000000e+03,2.256305673657179511e+01
2.715000000000000000e+03,2.262346928020320291e+01
2.716000000000000000e+03,2.259380846960910816e+01
2.717000000000000000e+03,2.277586121881423153e+01
2.718000000000000000e+03,2.265223037009530316e+01
2.719000000000000000e+03,2.254983215082685533e+01
2.720000000000000000e+03,2.258787892935373876e+01
2.721000000000000000e+03,2.259183053001951791e+01
2.722000000000000000e+03,2.265786751782101405e+01
2.723000000000000000e+03,2.274299068504477006e+01
2.724000000000000000e+03,2.253791850291738541e+01
2.725000000000000000e+03,2.234202758014051327e+01
2.726000000000000000e+03,2.265526212349491431e+01
2.727000000000000000e+03,2.257381357855552295e+01
2.728000000000000000e+03,2.265321307050553301e+01
2.729000000000000000e+03,2.279637846180203908e+01
2.730000000000000000e+03,2.249793089386202638e+01
2.731000000000000000e+03,2.264823136374770840e+01
2.732000000000000000e+03,2.265759577966974803e+01
2.733000000000000000e+03,2.305755739470416188e+01
2.734000000000000000e+03,2.274124785980929531e+01
2.735000000000000000e+03,2.247249076702865267e+01
2.736000000000000000e+03,2.231705352151908883e+01
2.737000000000000000e+03,2.247679057012193837e+01
2.738000000000000000e+03,2.256534954190699693e+01
2.739000000000000000e+03,2.247593246598260919e+01
2.740000000000000000e+03,2.242167300307642464e+01
2.741000000000000000e+03,2.235885184903065692e+01
2.742000000000000000e+03,2.250254374407539615e+01
2.743000000000000000e+03,2.261205657107925049e+01
2.744000000000000000e+03,2.256090744703401896e+01
2.745000000000000000e+03,2.237439051972756587e+01
2.746000000000000000e+03,2.220184133470144161e+01
2.747000000000000000e+03,2.214998435882555583e+01
2.748000000000000000e+03,2.236116234451835183e+01
2.749000000000000000e+03,2.247852166224269155e+01
2.750000000000000000e+03,2.230684223198931093e+01
2.751000000000000000e+03,2.221774226761106874e+01
2.752000000000000000e+03,2.228019954016259518e+01
2.753000000000000000e+03,2.230951120060071702e+01
2.754000000000000000e+03,2.254680640190218455e+01
2.755000000000000000e+03,2.228255544516119713e+01
2.756000000000000000e+03,2.226422464100127030e+01
2.757000000000000000e+03,2.213482298560857586e+01
2.758000000000000000e+03,2.245306513253255076e+01
2.759000000000000000e+03,2.239820616763212868e+01
2.760000000000000000e+03,2.221304467786303860e+01
2.761000000000000000e+03,2.240145446363757742e+01
2.762000000000000000e+03,2.218335578103944883e+01
2.763000000000000000e+03,2.253720067932254523e+01
2.764000000000000000e+03,2.203936141114803604e+01
2.765000000000000000e+03,2.246004822777463517e+01
2.766000000000000000e+03,2.225848651052958971e+01
2.767000000000000000e+03,2.235351446569073985e+01
2.768000000000000000e+03,2.224348929187555157e+01
2.769000000000000000e+03,2.246080162431428917e+01
2.770000000000000000e+03,2.254043391734213841e+01
2.771000000000000000e+03,2.238164152754010772e+01
2.772000000000000000e+03,2.233286582260855369e+01
2.773000000000000000e+03,2.236100552329108382e+01
2.774000000000000000e+03,2.232073310431994884e+01
2.775000000000000000e+03,2.279760967338649635e+01
2.776000000000000000e+03,2.255265244671219804e+01
2.777000000000000000e+03,2.253655135500903839e+01
2.778000000000000000e+03,2.245207464161773814e+01
2.779000000000000000e+03,2.249417261138860269e+01
2.780000000000000000e+03,2.274814614827711523e+01
2.781000000000000000e+03,2.267753618159750317e+01
2.782000000000000000e+03,2.258359344353378262e+01
2.783000000000000000e+03,2.250444156463066037e+01
2.784000000000000000e+03,2.257445322284051770e+01
2.785000000000000000e+03,2.266768431802349681e+01
2.786000000000000000e+03,2.261623898206115868e+01
2.787000000000000000e+03,2.221532015141623972e+01
2.788000000000000000e+03,2.247363979414203428e+01
2.789000000000000000e+03,2.267690172057613651e+01
2.790000000000000000e+03,2.276002461382950770e+01
2.791000000000000000e+03,2.283789247980327630e+01
2.792000000000000000e+03,2.323971881202272982e+01
2.793000000000000000e+03,2.246022569867746199e+01
2.794000000000000000e+03,2.275489766383910251e+01
2.795000000000000000e+03,2.274269700466719613e+01
2.796000000000000000e+03,2.294244286400096300e+01
2.797000000000000000e+03,2.269558525377168223e+01
2.798000000000000000e+03,2.302560499286942175e+01
2.799000000000000000e+03,2.271495870684422158e+01
2.800000000000000000e+03,2.278517090571321901e+01
2.801000000000000000e+03,2.293082451215716944e+01
2.802000000000000000e+03,2.289448473802261219e+01
2.803000000000000000e+03,2.267336765285499567e+01
2.804000000000000000e+03,2.264855510166184160e+01
2.805000000000000000e+03,2.277012463474833481e+01
2.806000000000000000e+03,2.281535982106428051e+01
2.807000000000000000e+03,2.272803995952407874e+01
2.808000000000000000e+03,2.281836820358360285e+01
2.809000000000000000e+03,2.262386542819980662e+01
2.810000000000000000e+03,2.264377125021519532e+01
2.811000000000000000e+03,2.295068193336972939e+01
2.812000000000000000e+03,2.285186846978021791e+01
2.813000000000000000e+03,2.276047699969612736e+01
2.814000000000000000e+03,2.266244825562331044e+01
2.815000000000000000e+03,2.283879443828359612e+01
2.816000000000000000e+03,2.273336776604760701e+01
2.817000000000000000e+03,2.291276318463265582e+01
2.818000000000000000e+03,2.254674215008050098e+01
2.819000000000000000e+03,2.256625389307284735e+01
