0.000000000000000000e+00,6.213015376920369426e-02
1.000000000000000000e+00,-2.119359327249445424e-01
2.000000000000000000e+00,-6.299971213201184528e-02
3.000000000000000000e+00,8.881947503680386047e-02
4.000000000000000000e+00,6.207871838341576937e-02
5.000000000000000000e+00,9.764793134655963547e-02
6.000000000000000000e+00,-1.693940960274353813e-02
7.000000000000000000e+00,-1.623497511129592952e-02
8.000000000000000000e+00,1.714063651035880459e-02
9.000000000000000000e+00,1.204706272418271107e-01
1.000000000000000000e+01,1.084595599733564203e-02
1.100000000000000000e+01,-1.946313632703005475e-02
1.200000000000000000e+01,-1.315617643164304074e-01
1.300000000000000000e+01,-6.101576209607415674e-02
1.400000000000000000e+01,6.088074157661067798e-02
1.500000000000000000e+01,1.027372535451281099e-01
1.600000000000000000e+01,-7.570542251857093063e-02
1.700000000000000000e+01,-2.081728735285863774e-01
1.800000000000000000e+01,-3.452030072455770926e-02
1.900000000000000000e+01,7.365518385966420001e-02
2.000000000000000000e+01,2.042070767185867330e-01
2.100000000000000000e+01,1.459453178397501216e-01
2.200000000000000000e+01,-3.002737388142290992e-02
2.300000000000000000e+01,-1.519465914577999011e-01
2.400000000000000000e+01,9.386009769179853857e-02
2.500000000000000000e+01,6.495321363032519058e-02
2.600000000000000000e+01,-4.128588258558261309e-02
2.700000000000000000e+01,-9.670128516097284410e-02
2.800000000000000000e+01,-6.587849008351387425e-02
2.900000000000000000e+01,6.276808310698586690e-02
3.000000000000000000e+01,9.690790006773430942e-02
3.100000000000000000e+01,2.700434927644214389e-02
3.200000000000000000e+01,-3.841137399628527516e-02
3.300000000000000000e+01,-2.011564334588295533e-01
3.400000000000000000e+01,7.724900221951824797e-03
3.500000000000000000e+01,2.247359578496915117e-02
3.600000000000000000e+01,1.873169610926811723e-01
3.700000000000000000e+01,-3.514436185038195132e-02
3.800000000000000000e+01,-1.025290635250032945e-01
3.900000000000000000e+01,-9.471756282361762369e-02
4.000000000000000000e+01,1.863122463714503296e-02
4.100000000000000000e+01,1.753686338599998451e-01
4.200000000000000000e+01,-1.091331975342151317e-01
4.300000000000000000e+01,-9.605679157247570821e-02
4.400000000000000000e+01,-2.466289059336225775e-01
4.500000000000000000e+01,7.863427641435821736e-02
4.600000000000000000e+01,1.853558091391741547e-01
4.700000000000000000e+01,1.979905187693565410e-02
4.800000000000000000e+01,-8.336971376305611636e-02
4.900000000000000000e+01,-1.727261059807858323e-01
5.000000000000000000e+01,-9.013289224105804076e-03
5.100000000000000000e+01,-5.728764061999584017e-02
5.200000000000000000e+01,7.914522293802843389e-02
5.300000000000000000e+01,7.131353350613027497e-02
5.400000000000000000e+01,-5.819621866976900509e-02
5.500000000000000000e+01,-1.913225179281664162e-02
5.600000000000000000e+01,1.264866679462889332e-01
5.700000000000000000e+01,2.504326637835982416e-01
5.800000000000000000e+01,1.986840678647991409e-02
5.900000000000000000e+01,-1.431374980881696679e-01
6.000000000000000000e+01,-4.655044129295771160e-02
6.100000000000000000e+01,3.201495136765362959e-02
6.200000000000000000e+01,9.695005874753945263e-02
6.300000000000000000e+01,4.549941601192464269e-02
6.400000000000000000e+01,9.611923641745416524e-02
6.500000000000000000e+01,-5.058853354271194980e-02
6.600000000000000000e+01,-6.892918074569419351e-02
6.700000000000000000e+01,-1.971811937141366156e-01
6.800000000000000000e+01,-3.534161969888283822e-02
6.900000000000000000e+01,-5.145195919595015738e-02
7.000000000000000000e+01,-1.371946219718233051e-01
7.100000000000000000e+01,-1.277588646523417915e-01
7.200000000000000000e+01,9.487430701013732648e-02
7.300000000000000000e+01,4.140844836623345376e-02
7.400000000000000000e+01,9.503590360308022955e-02
7.500000000000000000e+01,-6.755512616326189712e-02
7.600000000000000000e+01,-5.614999732424837131e-02
7.700000000000000000e+01,4.961789842312951809e-02
7.800000000000000000e+01,3.095884948188067365e-01
7.900000000000000000e+01,-3.184131585146292992e-02
8.000000000000000000e+01,-1.363167809024960764e-01
8.100000000000000000e+01,-3.139736034988059588e-02
8.200000000000000000e+01,1.735864996893923470e-02
8.300000000000000000e+01,-8.912499821784859722e-03
8.400000000000000000e+01,7.634965522533126991e-02
8.500000000000000000e+01,-5.939174031717424362e-02
8.600000000000000000e+01,-1.371330681762038262e-01
8.700000000000000000e+01,3.413402313121667586e-02
8.800000000000000000e+01,1.402008694455054716e-01
8.900000000000000000e+01,1.382100868154983730e-01
9.000000000000000000e+01,8.141398813481703911e-02
9.100000000000000000e+01,3.666696422173117836e-02
9.200000000000000000e+01,-8.126999253562866565e-02
9.300000000000000000e+01,5.392048613993074418e-02
9.400000000000000000e+01,-1.541913633111614834e-01
9.500000000000000000e+01,-4.198573539733681248e-02
9.600000000000000000e+01,-8.622823288319617085e-02
9.700000000000000000e+01,1.190726328105117665e-02
9.800000000000000000e+01,2.608138845752778351e-02
9.900000000000000000e+01,-1.714486338300238166e-01
1.000000000000000000e+02,4.768951454862389860e-02
1.010000000000000000e+02,-1.288556395306639513e-01
1.020000000000000000e+02,-5.487726154389822170e-02
1.030000000000000000e+02,-1.390463683863949612e-03
1.040000000000000000e+02,3.319993956144216829e-02
1.050000000000000000e+02,4.981194210300707303e-02
1.060000000000000000e+02,-1.073771610942029706e-02
1.070000000000000000e+02,-1.426040230192273939e-01
1.080000000000000000e+02,-9.060214293436348598e-02
1.090000000000000000e+02,-2.236320708435140525e-01
1.100000000000000000e+02,3.525872585522227265e-01
1.110000000000000000e+02,1.824591772686127988e-01
1.120000000000000000e+02,-1.545222439501649503e-01
1.130000000000000000e+02,-1.059894605538431733e-01
1.140000000000000000e+02,5.759976547719157514e-02
1.150000000000000000e+02,6.178693049972748541e-02
1.160000000000000000e+02,7.764291152320015876e-02
1.170000000000000000e+02,-5.699369498962678776e-02
1.180000000000000000e+02,-1.415547435798804043e-01
1.190000000000000000e+02,-2.237868078925293880e-02
1.200000000000000000e+02,5.827222322739756405e-02
1.210000000000000000e+02,9.215755950662213314e-02
1.220000000000000000e+02,-1.309843901670729727e-01
1.230000000000000000e+02,-3.777981525178216587e-02
1.240000000000000000e+02,1.230712033707064001e-01
1.250000000000000000e+02,4.248261125641821651e-02
1.260000000000000000e+02,1.235512511006135183e-01
1.270000000000000000e+02,-9.851423018608987392e-03
1.280000000000000000e+02,-4.057961009254484330e-01
1.290000000000000000e+02,3.632769105358717859e-02
1.300000000000000000e+02,1.271477401733895340e-01
1.310000000000000000e+02,1.636671655895449440e-01
1.320000000000000000e+02,6.905687537985785718e-02
1.330000000000000000e+02,-2.052885920103080519e-01
1.340000000000000000e+02,2.185396037127592117e-01
1.350000000000000000e+02,1.520631830055073075e-01
1.360000000000000000e+02,1.397230881360789212e-01
1.370000000000000000e+02,1.959475171525080356e-02
1.380000000000000000e+02,-8.207196788329243486e-02
1.390000000000000000e+02,-5.229188245337924174e-02
1.400000000000000000e+02,1.468469336911069900e-01
1.410000000000000000e+02,2.221321167230975724e-01
1.420000000000000000e+02,7.214594010728445084e-02
1.430000000000000000e+02,1.327829221379236424e-01
1.440000000000000000e+02,2.299786000421858989e-01
1.450000000000000000e+02,3.006690935650563890e-01
1.460000000000000000e+02,4.450960730053558079e-01
1.470000000000000000e+02,3.473030719982754810e-01
1.480000000000000000e+02,1.902516529169888670e-01
1.490000000000000000e+02,1.595603500576950884e-01
1.500000000000000000e+02,2.798113928367662595e-01
1.510000000000000000e+02,2.834038381812388763e-01
1.520000000000000000e+02,-1.096523954977865478e-02
1.530000000000000000e+02,2.609551522679863234e-01
1.540000000000000000e+02,1.240575503794081463e-01
1.550000000000000000e+02,1.490105439616389582e-01
1.560000000000000000e+02,3.090873939533441139e-01
1.570000000000000000e+02,2.584239658477078816e-01
1.580000000000000000e+02,2.819961882371944117e-01
1.590000000000000000e+02,1.480528740757459660e-01
1.600000000000000000e+02,1.170220018894406883e-01
1.610000000000000000e+02,2.891419631886453789e-01
1.620000000000000000e+02,2.691240006996942213e-01
1.630000000000000000e+02,4.067373543562790017e-01
1.640000000000000000e+02,1.118127016598707835e-01
1.650000000000000000e+02,9.719192456919432954e-02
1.660000000000000000e+02,1.344967034530008543e-01
1.670000000000000000e+02,3.718754369734824650e-01
1.680000000000000000e+02,2.157494469477781729e-01
1.690000000000000000e+02,1.887483170233808794e-01
1.700000000000000000e+02,1.028388568480967102e-01
1.710000000000000000e+02,8.987056856021635731e-02
1.720000000000000000e+02,3.254393042983932949e-01
1.730000000000000000e+02,8.030130678027455615e-02
1.740000000000000000e+02,6.421451511916243665e-03
1.750000000000000000e+02,-2.239520924598523144e-02
1.760000000000000000e+02,-6.382167352321635456e-02
1.770000000000000000e+02,7.236188877204806358e-03
1.780000000000000000e+02,3.069047161514715238e-02
1.790000000000000000e+02,-1.422000089348201060e-02
1.800000000000000000e+02,-1.936710192225819804e-02
1.810000000000000000e+02,-5.389219705499365132e-02
1.820000000000000000e+02,1.199787414612182856e-01
1.830000000000000000e+02,1.668725053212289922e-01
1.840000000000000000e+02,-4.303767058203493423e-02
1.850000000000000000e+02,-2.647582193818900920e-02
1.860000000000000000e+02,-7.187094067869136127e-02
1.870000000000000000e+02,4.642652156597402296e-02
1.880000000000000000e+02,-1.370622248739267190e-03
1.890000000000000000e+02,9.306840171325675426e-02
1.900000000000000000e+02,-4.846239466610365726e-02
1.910000000000000000e+02,-2.445043237397243052e-01
1.920000000000000000e+02,-5.868597852066308879e-02
1.930000000000000000e+02,1.276181922442962136e-02
1.940000000000000000e+02,1.713769171830706317e-01
1.950000000000000000e+02,-7.052503085964913210e-02
1.960000000000000000e+02,-2.501983113876028730e-02
1.970000000000000000e+02,-8.427384827712508519e-02
1.980000000000000000e+02,5.903245906076266120e-02
1.990000000000000000e+02,1.107145220413577186e-01
2.000000000000000000e+02,8.088704504502272630e-02
2.010000000000000000e+02,-7.566024170776065871e-02
2.020000000000000000e+02,8.306791852568021217e-02
2.030000000000000000e+02,-7.821494035003422052e-03
2.040000000000000000e+02,1.376717016117362524e-02
2.050000000000000000e+02,-4.737639876858233678e-02
2.060000000000000000e+02,-9.378992001204493334e-02
2.070000000000000000e+02,-8.805122318241119517e-02
2.080000000000000000e+02,5.948570607576809943e-02
2.090000000000000000e+02,5.950169472626622852e-02
2.100000000000000000e+02,-1.588591234315722134e-01
2.110000000000000000e+02,2.713244409345570984e-01
2.120000000000000000e+02,-5.618170682001991656e-01
2.130000000000000000e+02,-1.402210338919970822e-01
2.140000000000000000e+02,2.444385475932320251e-02
2.150000000000000000e+02,-1.185233227914216647e-01
2.160000000000000000e+02,-2.702239399810504317e-01
2.170000000000000000e+02,-2.989237849322105012e-01
2.180000000000000000e+02,-1.661843385255787620e-01
2.190000000000000000e+02,-6.752159460276772884e-02
2.200000000000000000e+02,-6.499556392979406738e-02
2.210000000000000000e+02,-7.618885330793301325e-03
2.220000000000000000e+02,-2.019663446649692939e-01
2.230000000000000000e+02,-4.689378933401062710e-01
2.240000000000000000e+02,-2.124579550893261892e-01
2.250000000000000000e+02,2.421408703321251965e-01
2.260000000000000000e+02,-6.013066097423439005e-02
2.270000000000000000e+02,-2.994018614491015251e-01
2.280000000000000000e+02,-2.057179680429495339e-01
2.290000000000000000e+02,-7.441101154550233687e-02
2.300000000000000000e+02,-1.784062075929751523e-01
2.310000000000000000e+02,-1.733156126419314602e-01
2.320000000000000000e+02,-2.602618811279802102e-01
2.330000000000000000e+02,-1.870771944431424971e-01
2.340000000000000000e+02,-8.701607729293570070e-02
2.350000000000000000e+02,-1.437207010781426375e-01
2.360000000000000000e+02,-2.602027987626262528e-02
2.370000000000000000e+02,-8.953716524150612255e-02
2.380000000000000000e+02,-3.508816070813027266e-01
2.390000000000000000e+02,-2.535859163900854862e-01
2.400000000000000000e+02,8.132467722390046561e-02
2.410000000000000000e+02,-2.087630380117310169e-01
2.420000000000000000e+02,3.816768716416681084e-02
2.430000000000000000e+02,-5.200158691878536965e-03
2.440000000000000000e+02,-1.764243737802278222e-01
2.450000000000000000e+02,3.493186615645083037e-02
2.460000000000000000e+02,7.740029953576482713e-02
2.470000000000000000e+02,-2.675709995580050071e-01
2.480000000000000000e+02,-3.107418784634807252e-01
2.490000000000000000e+02,-5.568024172828036633e-01
2.500000000000000000e+02,-5.399858460415469796e-01
2.510000000000000000e+02,-3.374117192081962369e-01
2.520000000000000000e+02,-6.001659650618231812e-01
2.530000000000000000e+02,-3.460071800755211147e-01
2.540000000000000000e+02,-7.086800948621242435e-01
2.550000000000000000e+02,-4.433812321808626722e-01
2.560000000000000000e+02,-3.266556350395367625e-01
2.570000000000000000e+02,-2.961593866940606112e-01
2.580000000000000000e+02,-3.734252714571009157e-01
2.590000000000000000e+02,-6.343397437233688763e-01
2.600000000000000000e+02,-6.281612251116320822e-01
2.610000000000000000e+02,-7.317162188639740883e-01
2.620000000000000000e+02,-2.978856207209233942e-01
2.630000000000000000e+02,-2.731048422919366558e-01
2.640000000000000000e+02,-5.207263403946054137e-01
2.650000000000000000e+02,-4.186914988340150745e-01
2.660000000000000000e+02,-3.979847801520474126e-01
2.670000000000000000e+02,-5.895649338346731216e-01
2.680000000000000000e+02,-5.223075323779913237e-01
2.690000000000000000e+02,-5.636781152989642774e-01
2.700000000000000000e+02,-5.504014892108295420e-01
2.710000000000000000e+02,-4.144476157486287615e-01
2.720000000000000000e+02,-5.064427309249179832e-01
2.730000000000000000e+02,-5.649376874621327982e-01
2.740000000000000000e+02,-5.129806065846734819e-01
2.750000000000000000e+02,-6.278730762173589941e-01
2.760000000000000000e+02,-2.669033597501924704e-01
2.770000000000000000e+02,-2.120237606905288619e-01
2.780000000000000000e+02,-4.672288850828827389e-01
2.790000000000000000e+02,-9.619811807624542577e-02
2.800000000000000000e+02,-4.867293358541864290e-01
2.810000000000000000e+02,-4.935089466661403135e-01
2.820000000000000000e+02,-1.627399219971298050e-01
2.830000000000000000e+02,-1.780706351043775948e-01
2.840000000000000000e+02,-4.659537161018805218e-01
2.850000000000000000e+02,-2.557703479510525790e-01
2.860000000000000000e+02,-3.262482023827348310e-01
2.870000000000000000e+02,-4.063542579142181976e-01
2.880000000000000000e+02,-1.698108053705665310e-01
2.890000000000000000e+02,-8.639583239234999157e-02
2.900000000000000000e+02,-1.386287781242377670e-01
2.910000000000000000e+02,-3.833170014286459426e-01
2.920000000000000000e+02,-4.118004750687775939e-01
2.930000000000000000e+02,-1.302318060006196765e-02
2.940000000000000000e+02,2.646939353013272322e-02
2.950000000000000000e+02,-2.747804537537675285e-01
2.960000000000000000e+02,-6.648621739995669300e-01
2.970000000000000000e+02,-4.211106184610524661e-01
2.980000000000000000e+02,1.850567206070199422e-01
2.990000000000000000e+02,6.416745089431194482e-02
3.000000000000000000e+02,1.409734540733459107e-01
3.010000000000000000e+02,1.886106068268504909e-01
3.020000000000000000e+02,1.101025845952222360e-01
3.030000000000000000e+02,7.615958004969308748e-03
3.040000000000000000e+02,4.254904104942811016e-02
3.050000000000000000e+02,-3.943471369095712387e-01
3.060000000000000000e+02,-6.652388229462882774e-02
3.070000000000000000e+02,-3.825875546716052400e-02
3.080000000000000000e+02,4.051598821736022982e-02
3.090000000000000000e+02,3.042346407036844447e-01
3.100000000000000000e+02,1.393811005413107540e-01
3.110000000000000000e+02,-1.240504285393087130e-01
3.120000000000000000e+02,1.163035164184765130e-01
3.130000000000000000e+02,1.307941050171099739e-01
3.140000000000000000e+02,1.507075720826661080e-01
3.150000000000000000e+02,9.852310769479387387e-02
3.160000000000000000e+02,2.892349871119582749e-01
3.170000000000000000e+02,9.310641246700267215e-02
3.180000000000000000e+02,-8.644836574700227871e-02
3.190000000000000000e+02,1.149662680344873816e-01
3.200000000000000000e+02,1.823298859261698324e-01
3.210000000000000000e+02,3.382073414199841810e-02
3.220000000000000000e+02,6.301899576217200039e-02
3.230000000000000000e+02,5.588902009620065614e-02
3.240000000000000000e+02,9.765877800418436283e-02
3.250000000000000000e+02,3.049773302908602712e-01
3.260000000000000000e+02,2.651931768875346318e-01
3.270000000000000000e+02,-1.514060506347147672e-01
3.280000000000000000e+02,-2.351104003953679855e-01
3.290000000000000000e+02,-2.431726493474028750e-01
3.300000000000000000e+02,-2.381629569100157939e-01
3.310000000000000000e+02,-1.396683392628877973e-01
3.320000000000000000e+02,-2.183360524274273462e-01
3.330000000000000000e+02,-9.331210418748422941e-02
3.340000000000000000e+02,-3.140532322747203176e-01
3.350000000000000000e+02,1.470636895658949117e-01
3.360000000000000000e+02,1.777824528635461310e-01
3.370000000000000000e+02,2.199734362292182221e-01
3.380000000000000000e+02,9.372595889186721707e-02
3.390000000000000000e+02,-2.916990075130295595e-02
3.400000000000000000e+02,3.013449963507848217e-01
3.410000000000000000e+02,2.166287578646868273e-01
3.420000000000000000e+02,1.818551872397464186e-01
3.430000000000000000e+02,2.150455888988891673e-01
3.440000000000000000e+02,-5.480991438247286018e-02
3.450000000000000000e+02,1.639037604440242157e-01
3.460000000000000000e+02,3.910588892701500896e-01
3.470000000000000000e+02,8.750103716823184885e-02
3.480000000000000000e+02,1.455768483260614365e-01
3.490000000000000000e+02,8.400883757145449771e-02
3.500000000000000000e+02,4.232358427583257643e-02
3.510000000000000000e+02,3.557497156590316290e-01
3.520000000000000000e+02,-5.234823200199478777e-02
3.530000000000000000e+02,-1.119731414359657895e-01
3.540000000000000000e+02,-1.736172590793295112e-01
3.550000000000000000e+02,2.484768148730563397e-01
3.560000000000000000e+02,2.162360004490692933e-01
3.570000000000000000e+02,2.521570521103799201e-01
3.580000000000000000e+02,2.879077378133131360e-01
3.590000000000000000e+02,5.182260366287913533e-02
3.600000000000000000e+02,1.982757435073177199e-01
3.610000000000000000e+02,1.597486419913023425e-01
3.620000000000000000e+02,3.375577202836825830e-01
3.630000000000000000e+02,7.609373720079251613e-02
3.640000000000000000e+02,-1.344533727404451096e-02
3.650000000000000000e+02,1.675696644116011214e-01
3.660000000000000000e+02,1.655862567564440890e-01
3.670000000000000000e+02,1.905166871786542204e-01
3.680000000000000000e+02,2.124826338127502601e-01
3.690000000000000000e+02,-1.030142545225447293e-01
3.700000000000000000e+02,2.140922601872891073e-02
3.710000000000000000e+02,-3.420748438416874870e-02
3.720000000000000000e+02,1.802250053602649504e-01
3.730000000000000000e+02,1.702400285395940516e-01
3.740000000000000000e+02,-1.970979828816993296e-01
3.750000000000000000e+02,7.439833472773471623e-02
3.760000000000000000e+02,-2.538398990866898020e-01
3.770000000000000000e+02,2.639417366285404798e-01
3.780000000000000000e+02,2.331599524675426471e-01
3.790000000000000000e+02,2.888655122277806742e-01
3.800000000000000000e+02,-1.184312456201248726e-01
3.810000000000000000e+02,-1.553189174789486593e-01
3.820000000000000000e+02,4.297796003680613985e-01
3.830000000000000000e+02,3.940300228854762832e-01
3.840000000000000000e+02,2.837137892424272945e-01
3.850000000000000000e+02,-7.848834640502524995e-03
3.860000000000000000e+02,-8.873789293751434271e-02
3.870000000000000000e+02,7.018367615632729872e-02
3.880000000000000000e+02,3.661277650359502367e-01
3.890000000000000000e+02,1.934584423431676692e-01
3.900000000000000000e+02,8.173254805160548586e-02
3.910000000000000000e+02,1.414197959680145722e-01
3.920000000000000000e+02,1.177558563874604169e-01
3.930000000000000000e+02,1.075774532717614085e-01
3.940000000000000000e+02,4.126253627169301774e-01
3.950000000000000000e+02,9.308903283835490150e-03
3.960000000000000000e+02,1.255120195002833450e-01
3.970000000000000000e+02,3.187202567351184457e-01
3.980000000000000000e+02,-8.418389704158291131e-02
3.990000000000000000e+02,2.725243214158061811e-01
4.000000000000000000e+02,9.643921161546959581e-03
4.010000000000000000e+02,2.031449735337423346e-01
4.020000000000000000e+02,3.517395532700587357e-02
4.030000000000000000e+02,1.350964446856349477e-01
4.040000000000000000e+02,2.483012428565827823e-01
4.050000000000000000e+02,4.026134425145098117e-01
4.060000000000000000e+02,1.174498974988765071e-01
4.070000000000000000e+02,-7.343967158453021393e-02
4.080000000000000000e+02,4.460587969804951092e-01
4.090000000000000000e+02,4.121532929225470987e-01
4.100000000000000000e+02,4.128500747163398321e-01
4.110000000000000000e+02,2.650909396646691230e-01
4.120000000000000000e+02,3.458035151143453723e-01
4.130000000000000000e+02,6.909285245011234089e-01
4.140000000000000000e+02,1.998130278343462352e-01
4.150000000000000000e+02,3.723872294837241581e-01
4.160000000000000000e+02,1.034384728021101596e-01
4.170000000000000000e+02,1.320919445198653064e-01
4.180000000000000000e+02,-1.474087102651763792e-02
4.190000000000000000e+02,4.139801674728533776e-01
4.200000000000000000e+02,5.424332826603718294e-01
4.210000000000000000e+02,4.626427715079299841e-01
4.220000000000000000e+02,3.367403616539481614e-01
4.230000000000000000e+02,5.668571008434816205e-01
4.240000000000000000e+02,6.438665240696622716e-01
4.250000000000000000e+02,3.947874001470810246e-01
4.260000000000000000e+02,3.419924840994644777e-01
4.270000000000000000e+02,3.318078374882938997e-01
4.280000000000000000e+02,2.458719679352588949e-01
4.290000000000000000e+02,-3.051194669443479945e-03
4.300000000000000000e+02,3.975864525030482488e-01
4.310000000000000000e+02,3.611140290456805735e-01
4.320000000000000000e+02,1.558545001716276079e-01
4.330000000000000000e+02,1.733146048572079267e-01
4.340000000000000000e+02,1.484757334560605213e-01
4.350000000000000000e+02,5.115758341575480372e-01
4.360000000000000000e+02,3.713491465955615078e-01
4.370000000000000000e+02,2.698113748181631966e-01
4.380000000000000000e+02,2.840651186780702719e-01
4.390000000000000000e+02,4.473156141187085710e-01
4.400000000000000000e+02,4.776373075602672325e-01
4.410000000000000000e+02,3.832428860285235217e-01
4.420000000000000000e+02,3.240002042374301450e-01
4.430000000000000000e+02,2.636145785171798428e-01
4.440000000000000000e+02,3.125968490265448319e-01
4.450000000000000000e+02,4.056952946767470314e-01
4.460000000000000000e+02,2.789161230420104109e-01
4.470000000000000000e+02,1.698297094277812225e-01
4.480000000000000000e+02,1.954959005877658362e-01
4.490000000000000000e+02,2.524476042631925710e-01
4.500000000000000000e+02,1.484040214717092521e-01
4.510000000000000000e+02,4.288548730100959494e-01
4.520000000000000000e+02,2.617585891930457320e-01
4.530000000000000000e+02,3.271489467257069905e-01
4.540000000000000000e+02,2.033206835699676307e-01
4.550000000000000000e+02,4.068483029337041090e-01
4.560000000000000000e+02,4.357550455316826499e-01
4.570000000000000000e+02,5.919665013606937309e-01
4.580000000000000000e+02,4.116103162213008426e-01
4.590000000000000000e+02,3.352365907241263709e-01
4.600000000000000000e+02,4.938552305102955620e-01
4.610000000000000000e+02,2.985779321687619392e-01
4.620000000000000000e+02,5.301759165296119347e-01
4.630000000000000000e+02,9.915232851182648188e-02
4.640000000000000000e+02,-4.863148657644723871e-02
4.650000000000000000e+02,1.944434598041633322e-01
4.660000000000000000e+02,2.309069667690227812e-01
4.670000000000000000e+02,2.136070773087132002e-01
4.680000000000000000e+02,4.239681323614366004e-01
4.690000000000000000e+02,-7.712735843266549374e-02
4.700000000000000000e+02,-1.103282768852313633e-02
4.710000000000000000e+02,1.158543331161888124e-01
4.720000000000000000e+02,1.338173012523168892e-01
4.730000000000000000e+02,2.020075739316109509e-01
4.740000000000000000e+02,2.218343400193979464e-01
4.750000000000000000e+02,-4.919352826374202847e-02
4.760000000000000000e+02,6.219301322416587174e-02
4.770000000000000000e+02,3.724782237999935131e-01
4.780000000000000000e+02,2.074572343710712474e-01
4.790000000000000000e+02,1.834349651455969010e-01
4.800000000000000000e+02,-8.808304800739255591e-03
4.810000000000000000e+02,1.266456082137850658e-01
4.820000000000000000e+02,1.392696246356240897e-01
4.830000000000000000e+02,2.925856079937423360e-01
4.840000000000000000e+02,3.117522782583287411e-01
4.850000000000000000e+02,1.772747165882370690e-01
4.860000000000000000e+02,2.630748134763151724e-01
4.870000000000000000e+02,3.976016668243754770e-01
4.880000000000000000e+02,1.606909363201357022e-01
4.890000000000000000e+02,1.266103253509687221e-01
4.900000000000000000e+02,3.413189500775240526e-01
4.910000000000000000e+02,7.006258195626326180e-02
4.920000000000000000e+02,1.533834386998373100e-01
4.930000000000000000e+02,6.454551332932120244e-01
4.940000000000000000e+02,2.840212590170407836e-01
4.950000000000000000e+02,9.620090869872968686e-02
4.960000000000000000e+02,3.559900106589913293e-01
4.970000000000000000e+02,1.279103988973345762e-01
4.980000000000000000e+02,3.702419856066485604e-01
4.990000000000000000e+02,2.743535213426788744e-01
5.000000000000000000e+02,4.761133920710482886e-02
5.010000000000000000e+02,1.320711561206758256e-01
5.020000000000000000e+02,1.509375539841134317e-01
5.030000000000000000e+02,4.932517882719373303e-01
5.040000000000000000e+02,1.947246911848067585e-01
5.050000000000000000e+02,2.603681244160217512e-01
5.060000000000000000e+02,7.077970957437446087e-02
5.070000000000000000e+02,2.727959312604272268e-02
5.080000000000000000e+02,3.611342193856640903e-01
5.090000000000000000e+02,5.303125650326707685e-01
5.100000000000000000e+02,2.574951798401154401e-01
5.110000000000000000e+02,2.112023779187847117e-01
5.120000000000000000e+02,2.892947835201918616e-02
5.130000000000000000e+02,2.733906372036236654e-01
5.140000000000000000e+02,7.033880821713518472e-01
5.150000000000000000e+02,1.911360929741152681e-01
5.160000000000000000e+02,2.667114871626811157e-01
5.170000000000000000e+02,-1.850860381267631083e-01
5.180000000000000000e+02,-9.250989656885574841e-02
5.190000000000000000e+02,1.224310726677368955e-02
5.200000000000000000e+02,2.451515660433720156e-01
5.210000000000000000e+02,1.539884577202478844e-01
5.220000000000000000e+02,2.057986733837581239e-01
5.230000000000000000e+02,-1.007744085140725027e-01
5.240000000000000000e+02,1.091722680798191264e-01
5.250000000000000000e+02,2.394011168570915893e-01
5.260000000000000000e+02,3.294223417232505779e-01
5.270000000000000000e+02,4.339111926507165790e-03
5.280000000000000000e+02,-9.599623271940296854e-02
5.290000000000000000e+02,1.922968587282146077e-02
5.300000000000000000e+02,1.801157484928540553e-01
5.310000000000000000e+02,4.148416993707669531e-02
5.320000000000000000e+02,7.881359327093036271e-02
5.330000000000000000e+02,-1.124104432384420565e-01
5.340000000000000000e+02,4.118829856239565601e-02
5.350000000000000000e+02,6.448429230261561174e-02
5.360000000000000000e+02,1.376161313678691545e-01
5.370000000000000000e+02,2.078274247511018857e-01
5.380000000000000000e+02,-1.997334432536898574e-01
5.390000000000000000e+02,3.387537818993187344e-02
5.400000000000000000e+02,2.193221197131144384e-01
5.410000000000000000e+02,-4.363581868938166963e-02
5.420000000000000000e+02,1.400512772888311969e-03
5.430000000000000000e+02,-3.318846880048231252e-01
5.440000000000000000e+02,4.044444228660803303e-03
5.450000000000000000e+02,4.193727408115034694e-02
5.460000000000000000e+02,5.386819745518444114e-01
5.470000000000000000e+02,5.692288466123524016e-01
5.480000000000000000e+02,4.732168666026268511e-01
5.490000000000000000e+02,3.427343930143669226e-01
5.500000000000000000e+02,2.534013129276755927e-01
5.510000000000000000e+02,3.655419909015651947e-01
5.520000000000000000e+02,1.710663468331997672e-01
5.530000000000000000e+02,3.671251289079973112e-01
5.540000000000000000e+02,1.704237904935183845e-01
5.550000000000000000e+02,1.496221055126852606e-01
5.560000000000000000e+02,2.388012746709272105e-01
5.570000000000000000e+02,2.159403864037340859e-01
5.580000000000000000e+02,1.706198857568739513e-01
5.590000000000000000e+02,2.184789891066607204e-01
5.600000000000000000e+02,2.946431293350740277e-01
5.610000000000000000e+02,2.466340681349390163e-01
5.620000000000000000e+02,4.570741670106964194e-01
5.630000000000000000e+02,4.824277367262332361e-01
5.640000000000000000e+02,1.250076918920871305e-01
5.650000000000000000e+02,2.002134873253094971e-01
5.660000000000000000e+02,6.887650763623599515e-01
5.670000000000000000e+02,3.859964049095625516e-01
5.680000000000000000e+02,5.054086841816685105e-01
5.690000000000000000e+02,2.356748478751341802e-01
5.700000000000000000e+02,2.383249620903448718e-01
5.710000000000000000e+02,3.749282388741078109e-01
5.720000000000000000e+02,4.011412138431724173e-01
5.730000000000000000e+02,2.042045292317020144e-01
5.740000000000000000e+02,4.585643787017446571e-01
5.750000000000000000e+02,3.085657456753875261e-01
5.760000000000000000e+02,2.425081027531779121e-01
5.770000000000000000e+02,6.913261144828664051e-01
5.780000000000000000e+02,6.056588037309036388e-01
5.790000000000000000e+02,3.066231778867427593e-01
5.800000000000000000e+02,3.923660670350531121e-01
5.810000000000000000e+02,3.080776145231536312e-01
5.820000000000000000e+02,5.420000840447245505e-01
5.830000000000000000e+02,5.654215984575764464e-01
5.840000000000000000e+02,4.342361206268327001e-01
5.850000000000000000e+02,2.314022319989705867e-01
5.860000000000000000e+02,1.295258146696932899e-01
5.870000000000000000e+02,4.728914415122829618e-01
5.880000000000000000e+02,3.370235394234672999e-01
5.890000000000000000e+02,1.678585473599742972e-01
5.900000000000000000e+02,4.449078259346983533e-01
5.910000000000000000e+02,4.837733617589377588e-01
5.920000000000000000e+02,2.434304624767860692e-01
5.930000000000000000e+02,6.282390030246799428e-01
5.940000000000000000e+02,6.138236680663323730e-01
5.950000000000000000e+02,2.307554402796117010e-01
5.960000000000000000e+02,9.702993823445499322e-02
5.970000000000000000e+02,1.649313970131715545e-01
5.980000000000000000e+02,4.971683147829241145e-01
5.990000000000000000e+02,2.837349487358358235e-01
6.000000000000000000e+02,1.582209291540876417e-01
6.010000000000000000e+02,3.453578553388398920e-01
6.020000000000000000e+02,5.018717144897461013e-01
6.030000000000000000e+02,3.888841644408162074e-02
6.040000000000000000e+02,2.993241951408932011e-01
6.050000000000000000e+02,3.454882278147228813e-01
6.060000000000000000e+02,7.579358018952250808e-02
6.070000000000000000e+02,-8.753608571720780662e-02
6.080000000000000000e+02,1.282756209003236836e-01
6.090000000000000000e+02,3.436712192939809229e-01
6.100000000000000000e+02,1.906549421783396148e-01
6.110000000000000000e+02,2.930109780508503015e-01
6.120000000000000000e+02,8.811044964347469755e-02
6.130000000000000000e+02,-6.123974506255840111e-03
6.140000000000000000e+02,2.253786900538107818e-01
6.150000000000000000e+02,4.951952881918592758e-02
6.160000000000000000e+02,2.198687466892346731e-01
6.170000000000000000e+02,-1.450375771866724284e-01
6.180000000000000000e+02,1.315211920895135167e-01
6.190000000000000000e+02,6.605206586356815457e-02
6.200000000000000000e+02,-2.237430231859143803e-01
6.210000000000000000e+02,2.280392420711384593e-01
6.220000000000000000e+02,1.365916848463188393e-01
6.230000000000000000e+02,-1.285655156176471470e-01
6.240000000000000000e+02,-2.852960148233190663e-01
6.250000000000000000e+02,3.201022073178377281e-01
6.260000000000000000e+02,1.329415745560501572e-01
6.270000000000000000e+02,-1.004068482422814934e-01
6.280000000000000000e+02,-1.912416158187690285e-01
6.290000000000000000e+02,2.171848957563637939e-02
6.300000000000000000e+02,1.645351013022334774e-01
6.310000000000000000e+02,3.740854813663151979e-01
6.320000000000000000e+02,2.973537411105085515e-01
6.330000000000000000e+02,-1.592153458056986548e-01
6.340000000000000000e+02,-2.228525804834124990e-03
6.350000000000000000e+02,5.125189838832524547e-01
6.360000000000000000e+02,-1.578924209078797214e-01
6.370000000000000000e+02,8.700852296668465380e-02
6.380000000000000000e+02,-2.273117474930772819e-01
6.390000000000000000e+02,-1.029049293211546090e-01
6.400000000000000000e+02,-1.336055327948307281e-02
6.410000000000000000e+02,-1.612123919133859606e-01
6.420000000000000000e+02,-2.013356953578279707e-02
6.430000000000000000e+02,-5.028959789675509218e-02
6.440000000000000000e+02,-2.620458083143132888e-01
6.450000000000000000e+02,7.176863200495917083e-03
6.460000000000000000e+02,1.089565535158674991e-02
6.470000000000000000e+02,2.264132600785206950e-01
6.480000000000000000e+02,2.294355574790125640e-01
6.490000000000000000e+02,-1.103681628187355990e-01
6.500000000000000000e+02,9.258534168917337270e-04
6.510000000000000000e+02,4.146863228516011191e-01
6.520000000000000000e+02,1.520506428575753022e-01
6.530000000000000000e+02,1.139723881609358974e-01
6.540000000000000000e+02,6.532680098711038386e-03
6.550000000000000000e+02,3.025176574183828793e-01
6.560000000000000000e+02,3.044098051377929215e-01
6.570000000000000000e+02,2.488409157777394798e-01
6.580000000000000000e+02,-6.823221235009874208e-02
6.590000000000000000e+02,2.478177053145363962e-01
6.600000000000000000e+02,1.689751748184981639e-01
6.610000000000000000e+02,3.982832847946385924e-01
6.620000000000000000e+02,3.374501609148842229e-01
6.630000000000000000e+02,3.310204614452028071e-01
6.640000000000000000e+02,3.149675019055960812e-01
6.650000000000000000e+02,1.396302055666148734e-01
6.660000000000000000e+02,3.269473356153588250e-01
6.670000000000000000e+02,3.923827018359788976e-01
6.680000000000000000e+02,5.239746437029999537e-01
6.690000000000000000e+02,5.623740300807118786e-02
6.700000000000000000e+02,3.419261122865298042e-01
6.710000000000000000e+02,1.290917715451226633e-01
6.720000000000000000e+02,-8.963518372413539770e-02
6.730000000000000000e+02,1.908874511604657653e-01
6.740000000000000000e+02,1.604940456629496415e-01
6.750000000000000000e+02,2.391160939116190876e-02
6.760000000000000000e+02,1.714964649294097587e-01
6.770000000000000000e+02,6.635105056795662648e-01
6.780000000000000000e+02,7.884540460946197760e-01
6.790000000000000000e+02,-4.910525933918358232e-03
6.800000000000000000e+02,8.113423567359465127e-02
6.810000000000000000e+02,2.732892378773996711e-01
6.820000000000000000e+02,8.243116466174912893e-02
6.830000000000000000e+02,3.953261398718064257e-01
6.840000000000000000e+02,1.987573471186376284e-01
6.850000000000000000e+02,1.490873726782775410e-01
6.860000000000000000e+02,7.674970799347913264e-02
6.870000000000000000e+02,4.382168216404627170e-01
6.880000000000000000e+02,4.702892045887111516e-01
6.890000000000000000e+02,4.236477634690396510e-01
6.900000000000000000e+02,2.709830049621830828e-01
6.910000000000000000e+02,1.106641602189916140e-01
6.920000000000000000e+02,-1.066953602557408620e-01
6.930000000000000000e+02,-2.519307490766131696e-02
6.940000000000000000e+02,4.232404319630636569e-01
6.950000000000000000e+02,2.198266935926753152e-01
6.960000000000000000e+02,1.323996477185029885e-02
6.970000000000000000e+02,1.906701628282211347e-01
6.980000000000000000e+02,3.991973028326898931e-01
6.990000000000000000e+02,2.932431553599094687e-01
7.000000000000000000e+02,2.965330107015046179e-01
7.010000000000000000e+02,5.019398914867807537e-01
7.020000000000000000e+02,3.364451562813019492e-01
7.030000000000000000e+02,5.145266679088387196e-01
7.040000000000000000e+02,4.917704472691794559e-01
7.050000000000000000e+02,4.269952964594775913e-01
7.060000000000000000e+02,3.932376719508931529e-01
7.070000000000000000e+02,4.916024687008790361e-01
7.080000000000000000e+02,5.413829732797243999e-01
7.090000000000000000e+02,4.768656336898667303e-01
7.100000000000000000e+02,3.262286794503110321e-01
7.110000000000000000e+02,2.914318692394280985e-01
7.120000000000000000e+02,1.548267709669104986e-01
7.130000000000000000e+02,7.806023312876564368e-01
7.140000000000000000e+02,4.468977912515295636e-01
7.150000000000000000e+02,6.267036594245267711e-01
7.160000000000000000e+02,4.277607920667594876e-01
7.170000000000000000e+02,3.850668852167201672e-01
7.180000000000000000e+02,3.089071202826519924e-01
7.190000000000000000e+02,3.142168881309077011e-01
7.200000000000000000e+02,6.038464357669222071e-01
7.210000000000000000e+02,3.793960370669889892e-01
7.220000000000000000e+02,4.109136224379052460e-01
7.230000000000000000e+02,2.838251228580916385e-01
7.240000000000000000e+02,5.415060519296907016e-01
7.250000000000000000e+02,5.001352861846971587e-01
7.260000000000000000e+02,1.463996236205327428e-01
7.270000000000000000e+02,3.022921238326490290e-01
7.280000000000000000e+02,1.532017465763022834e-01
7.290000000000000000e+02,7.788500961340680262e-02
7.300000000000000000e+02,2.873463805720615216e-01
7.310000000000000000e+02,2.569789331982125224e-01
7.320000000000000000e+02,3.228735076789650549e-01
7.330000000000000000e+02,1.072175703143831982e-01
7.340000000000000000e+02,3.657258061859453013e-01
7.350000000000000000e+02,2.133524139540157460e-01
7.360000000000000000e+02,4.362776614611925119e-01
7.370000000000000000e+02,1.964722145421907984e-01
7.380000000000000000e+02,2.081814699906387733e-01
7.390000000000000000e+02,1.482527153375172990e-01
7.400000000000000000e+02,1.404934966215008740e-01
7.410000000000000000e+02,4.084892497708788595e-01
7.420000000000000000e+02,4.396398331407536109e-03
7.430000000000000000e+02,2.107546404510178550e-01
7.440000000000000000e+02,2.336175476429372677e-01
7.450000000000000000e+02,3.849777005472418967e-01
7.460000000000000000e+02,5.341441127657853283e-01
7.470000000000000000e+02,4.421599443670418128e-01
7.480000000000000000e+02,4.096230860864759626e-01
7.490000000000000000e+02,3.020312230040008705e-01
7.500000000000000000e+02,4.052239950464498475e-01
7.510000000000000000e+02,5.264539103415130095e-01
7.520000000000000000e+02,5.555012223542213912e-01
7.530000000000000000e+02,2.082382896440854725e-01
7.540000000000000000e+02,1.442383982123901509e-01
7.550000000000000000e+02,5.526655899296680774e-01
7.560000000000000000e+02,5.902494057438633090e-01
7.570000000000000000e+02,6.716691904236916644e-01
7.580000000000000000e+02,5.003215166142063186e-01
7.590000000000000000e+02,5.312694183339591314e-01
7.600000000000000000e+02,4.656791832812904874e-01
7.610000000000000000e+02,4.603829120367132766e-01
7.620000000000000000e+02,6.981318205614926997e-01
7.630000000000000000e+02,6.112099647399836799e-01
7.640000000000000000e+02,5.228646632747823153e-01
7.650000000000000000e+02,5.540524846706159634e-01
7.660000000000000000e+02,3.645931404749233606e-01
7.670000000000000000e+02,4.792561846479452270e-01
7.680000000000000000e+02,4.016991088202805371e-01
7.690000000000000000e+02,2.591673354919312722e-01
7.700000000000000000e+02,2.058649022956622332e-01
7.710000000000000000e+02,5.125832264479659450e-01
7.720000000000000000e+02,3.711699673654928477e-01
7.730000000000000000e+02,1.261407192288431234e-01
7.740000000000000000e+02,4.442206818692214232e-01
7.750000000000000000e+02,8.783851873541487221e-02
7.760000000000000000e+02,4.116202405693028532e-01
7.770000000000000000e+02,1.328090548834347517e-01
7.780000000000000000e+02,3.470052372835890631e-01
7.790000000000000000e+02,2.359515839198956799e-01
7.800000000000000000e+02,-1.303742947994036006e-01
7.810000000000000000e+02,-5.921144880412071432e-02
7.820000000000000000e+02,7.677174272076263684e-01
7.830000000000000000e+02,1.862487230352055656e-01
7.840000000000000000e+02,1.895298873266718642e-01
7.850000000000000000e+02,2.613338038856280465e-01
7.860000000000000000e+02,1.893741169175076067e-01
7.870000000000000000e+02,4.670428334520619340e-01
7.880000000000000000e+02,3.858055298820760037e-01
7.890000000000000000e+02,2.846617622100571232e-01
7.900000000000000000e+02,5.160373623864160653e-01
7.910000000000000000e+02,-1.286619472063164349e-01
7.920000000000000000e+02,2.940751413782703438e-01
7.930000000000000000e+02,6.351546412992248314e-01
7.940000000000000000e+02,4.215409808458608354e-01
7.950000000000000000e+02,4.989165582114338249e-01
7.960000000000000000e+02,3.982923754559308804e-01
7.970000000000000000e+02,4.329823415967599676e-01
7.980000000000000000e+02,7.779886542724711029e-01
7.990000000000000000e+02,7.038162725839433032e-01
8.000000000000000000e+02,5.539069627623609549e-01
8.010000000000000000e+02,4.339826719113781817e-01
8.020000000000000000e+02,6.475348360795916136e-01
8.030000000000000000e+02,4.724180030005683539e-01
8.040000000000000000e+02,5.696769759992050819e-01
8.050000000000000000e+02,4.987654488302588618e-01
8.060000000000000000e+02,5.221171580635957099e-01
8.070000000000000000e+02,4.205737260687484325e-01
8.080000000000000000e+02,5.886120443290612236e-01
8.090000000000000000e+02,5.484204144419400073e-01
8.100000000000000000e+02,6.290397314187766709e-01
8.110000000000000000e+02,5.593706519997966309e-01
8.120000000000000000e+02,1.643473807549667431e-01
8.130000000000000000e+02,3.726723520113709442e-01
8.140000000000000000e+02,7.208252970136516113e-01
8.150000000000000000e+02,7.620421693415367903e-01
8.160000000000000000e+02,4.611039199557194213e-01
8.170000000000000000e+02,4.472977958969745482e-01
8.180000000000000000e+02,2.797458218695520471e-01
8.190000000000000000e+02,5.510064757141429626e-01
8.200000000000000000e+02,7.225182805897457650e-01
8.210000000000000000e+02,7.755100501696708948e-01
8.220000000000000000e+02,3.613097531555279907e-01
8.230000000000000000e+02,3.822676201026647402e-01
8.240000000000000000e+02,4.289249438286345528e-01
8.250000000000000000e+02,7.305608895012072335e-01
8.260000000000000000e+02,4.820002088465487056e-01
8.270000000000000000e+02,4.256378982386258003e-01
8.280000000000000000e+02,2.584874103551381141e-01
8.290000000000000000e+02,4.919998900645357054e-01
8.300000000000000000e+02,7.289964880697152871e-01
8.310000000000000000e+02,5.582024243104314332e-01
8.320000000000000000e+02,6.910112010639418711e-01
8.330000000000000000e+02,2.662883495929607158e-01
8.340000000000000000e+02,7.043527881130501322e-01
8.350000000000000000e+02,7.952158047884878567e-01
8.360000000000000000e+02,4.358128067887506729e-01
8.370000000000000000e+02,4.598992126563973271e-01
8.380000000000000000e+02,4.938429325683679205e-01
8.390000000000000000e+02,4.254070242356622344e-01
8.400000000000000000e+02,3.107801995633772685e-01
8.410000000000000000e+02,6.908972293762571937e-01
8.420000000000000000e+02,4.625700392863776322e-01
8.430000000000000000e+02,6.023697323693170125e-01
8.440000000000000000e+02,5.076774695510704039e-01
8.450000000000000000e+02,4.285896189983240401e-01
8.460000000000000000e+02,8.252223553147531865e-01
8.470000000000000000e+02,5.073844345000124711e-01
8.480000000000000000e+02,3.071180182735093744e-01
8.490000000000000000e+02,5.826323267761387426e-01
8.500000000000000000e+02,2.933370826230122241e-01
8.510000000000000000e+02,4.434077493299521944e-01
8.520000000000000000e+02,6.144015356730226918e-01
8.530000000000000000e+02,5.727086503098496317e-01
8.540000000000000000e+02,2.136826348100808737e-01
8.550000000000000000e+02,3.911058655004600038e-01
8.560000000000000000e+02,4.335181877924755289e-01
8.570000000000000000e+02,6.080597683088606598e-01
8.580000000000000000e+02,5.874577947046709658e-01
8.590000000000000000e+02,4.928055781543844716e-01
8.600000000000000000e+02,4.630994542948673742e-01
8.610000000000000000e+02,6.862211235207523741e-01
8.620000000000000000e+02,5.871230230895513325e-01
8.630000000000000000e+02,6.618085408131553216e-01
8.640000000000000000e+02,4.450686621427656364e-01
8.650000000000000000e+02,4.236965712895436331e-01
8.660000000000000000e+02,6.582188902893928439e-01
8.670000000000000000e+02,7.463332704582654742e-01
8.680000000000000000e+02,6.106370494908469615e-01
8.690000000000000000e+02,3.638353024799961810e-01
8.700000000000000000e+02,5.616727271947989930e-01
8.710000000000000000e+02,4.450740012030975357e-01
8.720000000000000000e+02,5.633162955493575819e-01
8.730000000000000000e+02,5.478425476952111239e-01
8.740000000000000000e+02,6.901119469846602739e-01
8.750000000000000000e+02,4.298203032161680426e-01
8.760000000000000000e+02,3.711733237657193207e-01
8.770000000000000000e+02,7.522352637094806838e-01
8.780000000000000000e+02,6.359402716987893056e-01
8.790000000000000000e+02,6.493579221163024995e-01
8.800000000000000000e+02,3.511628107309394120e-01
8.810000000000000000e+02,6.256647844301830297e-01
8.820000000000000000e+02,8.323985950155264879e-01
8.830000000000000000e+02,6.871623300747824459e-01
8.840000000000000000e+02,7.561921048492925568e-01
8.850000000000000000e+02,7.332319838199534701e-01
8.860000000000000000e+02,3.331472247386016439e-01
8.870000000000000000e+02,4.931787886644944940e-01
8.880000000000000000e+02,7.249911483112034816e-01
8.890000000000000000e+02,5.970404147923139559e-01
8.900000000000000000e+02,3.758623780971473982e-01
8.910000000000000000e+02,2.148339495185416781e-01
8.920000000000000000e+02,4.515730990487240581e-01
8.930000000000000000e+02,5.375462563300973384e-01
8.940000000000000000e+02,4.671208654138596650e-01
8.950000000000000000e+02,5.926289456707543035e-01
8.960000000000000000e+02,5.100360573439288725e-01
8.970000000000000000e+02,6.058944912082726564e-01
8.980000000000000000e+02,7.193845750863819832e-01
8.990000000000000000e+02,6.249753175450247777e-01
9.000000000000000000e+02,5.387102347922240186e-01
9.010000000000000000e+02,3.135775058881263844e-01
9.020000000000000000e+02,8.101468582643271965e-01
9.030000000000000000e+02,9.220949010266079604e-01
9.040000000000000000e+02,9.649807205541456323e-01
9.050000000000000000e+02,1.044457246602890521e+00
9.060000000000000000e+02,6.297496087042284696e-01
9.070000000000000000e+02,5.395094741919155279e-01
9.080000000000000000e+02,1.217720117334583296e+00
9.090000000000000000e+02,8.945380488756158321e-01
9.100000000000000000e+02,8.636578207336129687e-01
9.110000000000000000e+02,7.990463216353225206e-01
9.120000000000000000e+02,7.531882264643587899e-01
9.130000000000000000e+02,1.016296086922631847e+00
9.140000000000000000e+02,6.317549996678757385e-01
9.150000000000000000e+02,1.172030285568253616e+00
9.160000000000000000e+02,1.036441649373574192e+00
9.170000000000000000e+02,4.575197565221752471e-01
9.180000000000000000e+02,6.332851889143571444e-01
9.190000000000000000e+02,7.723627669174282229e-01
9.200000000000000000e+02,1.243743597404035839e+00
9.210000000000000000e+02,1.123323144774917015e+00
9.220000000000000000e+02,9.161652143229910283e-01
9.230000000000000000e+02,1.092586985540672684e+00
9.240000000000000000e+02,9.292102001679584111e-01
9.250000000000000000e+02,1.419991131751235480e+00
9.260000000000000000e+02,1.161252149563647196e+00
9.270000000000000000e+02,1.025796405864793037e+00
9.280000000000000000e+02,1.054671765856506793e+00
9.290000000000000000e+02,1.242911141397103902e+00
9.300000000000000000e+02,1.189472448565491725e+00
9.310000000000000000e+02,1.072345380305286699e+00
9.320000000000000000e+02,8.374926759539474963e-01
9.330000000000000000e+02,8.920941230202619199e-01
9.340000000000000000e+02,9.797633814627115800e-01
9.350000000000000000e+02,1.079860481133838590e+00
9.360000000000000000e+02,9.999215973192590035e-01
9.370000000000000000e+02,8.828625307380983944e-01
9.380000000000000000e+02,9.527156147261593988e-01
9.390000000000000000e+02,7.134690837178248035e-01
9.400000000000000000e+02,1.010485917212846863e+00
9.410000000000000000e+02,8.450135902334880988e-01
9.420000000000000000e+02,1.074510151612893649e+00
9.430000000000000000e+02,7.600445198070351349e-01
9.440000000000000000e+02,8.969585288204032780e-01
9.450000000000000000e+02,9.723854004055346723e-01
9.460000000000000000e+02,1.064515404016503686e+00
9.470000000000000000e+02,8.284503368949494018e-01
9.480000000000000000e+02,9.489768554884683294e-01
9.490000000000000000e+02,7.352507826730240170e-01
9.500000000000000000e+02,4.803034013472974317e-01
9.510000000000000000e+02,7.713445942008383405e-01
9.520000000000000000e+02,7.226029819755808159e-01
9.530000000000000000e+02,5.779173296475969002e-01
9.540000000000000000e+02,5.243697737125285752e-01
9.550000000000000000e+02,7.769474011209083208e-01
9.560000000000000000e+02,8.181428671942491127e-01
9.570000000000000000e+02,8.093144451156643049e-01
9.580000000000000000e+02,8.271388019038207196e-01
9.590000000000000000e+02,6.678611062952815036e-01
9.600000000000000000e+02,6.940875947828130110e-01
9.610000000000000000e+02,5.874094628101607096e-01
9.620000000000000000e+02,7.195773584872970918e-01
9.630000000000000000e+02,6.196311606873741162e-01
9.640000000000000000e+02,6.074393456900361032e-01
9.650000000000000000e+02,7.329408275027733399e-01
9.660000000000000000e+02,7.298769254120354155e-01
9.670000000000000000e+02,8.515803035561587686e-01
9.680000000000000000e+02,6.328077128241468285e-01
9.690000000000000000e+02,8.411415225239553539e-01
9.700000000000000000e+02,4.412040857942181593e-01
9.710000000000000000e+02,5.194891329022249815e-01
9.720000000000000000e+02,4.014695135403417714e-01
9.730000000000000000e+02,7.530393435382191081e-01
9.740000000000000000e+02,6.651178601710103777e-01
9.750000000000000000e+02,2.137276151708485117e-01
9.760000000000000000e+02,6.890236556513714694e-01
9.770000000000000000e+02,6.399973921609186656e-01
9.780000000000000000e+02,6.969310332074889480e-01
9.790000000000000000e+02,6.790157786367893022e-01
9.800000000000000000e+02,4.394713488303618187e-01
9.810000000000000000e+02,7.469533968493216047e-01
9.820000000000000000e+02,7.956378392584294579e-01
9.830000000000000000e+02,5.873904598299244384e-01
9.840000000000000000e+02,8.934356202426049220e-01
9.850000000000000000e+02,6.305431815459270339e-01
9.860000000000000000e+02,5.226050799974568672e-01
9.870000000000000000e+02,6.776500555631390643e-01
9.880000000000000000e+02,6.132088917325224653e-01
9.890000000000000000e+02,9.971242083952314150e-01
9.900000000000000000e+02,6.866701829510628574e-01
9.910000000000000000e+02,3.065615442453485384e-01
9.920000000000000000e+02,5.698730404765004476e-01
9.930000000000000000e+02,8.148008544467457703e-01
9.940000000000000000e+02,1.025861826738247107e+00
9.950000000000000000e+02,1.001307899273659263e+00
9.960000000000000000e+02,9.842361481226326037e-01
9.970000000000000000e+02,6.962751989970308308e-01
9.980000000000000000e+02,1.016379040321625959e+00
9.990000000000000000e+02,1.254134742167934524e+00
1.000000000000000000e+03,9.241822288583091405e-01
1.001000000000000000e+03,9.862903464784231744e-01
1.002000000000000000e+03,8.001110497984696979e-01
1.003000000000000000e+03,1.047339437223912206e+00
1.004000000000000000e+03,1.120404531840810458e+00
1.005000000000000000e+03,1.077968169060100623e+00
1.006000000000000000e+03,6.389282920758525552e-01
1.007000000000000000e+03,9.120424745183269843e-01
1.008000000000000000e+03,9.444308457073721241e-01
1.009000000000000000e+03,1.163718094242437662e+00
1.010000000000000000e+03,1.087988950323821813e+00
1.011000000000000000e+03,8.726033886267857698e-01
1.012000000000000000e+03,1.237205717830879736e+00
1.013000000000000000e+03,1.222169377076684604e+00
1.014000000000000000e+03,1.609464122493312388e+00
1.015000000000000000e+03,1.237625422303164191e+00
1.016000000000000000e+03,8.936969724743759613e-01
1.017000000000000000e+03,7.653008033982191538e-01
1.018000000000000000e+03,9.445001793368010823e-01
1.019000000000000000e+03,1.064103844805547094e+00
1.020000000000000000e+03,1.368629522292744038e+00
1.021000000000000000e+03,1.186458161742719675e+00
1.022000000000000000e+03,9.817707591783919607e-01
1.023000000000000000e+03,1.251559060087394704e+00
1.024000000000000000e+03,7.898649176194123545e-01
1.025000000000000000e+03,8.244533238656053253e-01
1.026000000000000000e+03,8.111795431614989837e-01
1.027000000000000000e+03,8.555546887180851545e-01
1.028000000000000000e+03,5.573531990401683345e-01
1.029000000000000000e+03,8.881770006951661411e-01
1.030000000000000000e+03,6.288957857371224591e-01
1.031000000000000000e+03,6.039126943692660898e-01
1.032000000000000000e+03,4.183374215587574718e-01
1.033000000000000000e+03,6.144435727189234697e-01
1.034000000000000000e+03,3.861566924009977586e-01
1.035000000000000000e+03,8.112791833361676641e-01
1.036000000000000000e+03,9.167285910779765512e-01
1.037000000000000000e+03,7.301152788274583028e-01
1.038000000000000000e+03,4.321584844390489732e-01
1.039000000000000000e+03,7.558371231588616457e-01
1.040000000000000000e+03,6.184330019804153977e-01
1.041000000000000000e+03,9.529918397365639837e-01
1.042000000000000000e+03,5.876509660889859266e-01
1.043000000000000000e+03,6.928401549812637228e-01
1.044000000000000000e+03,3.918785158131837254e-01
1.045000000000000000e+03,2.675669451013530931e-01
1.046000000000000000e+03,9.684443415092065521e-01
1.047000000000000000e+03,6.616898775556128154e-01
1.048000000000000000e+03,4.115363007487201630e-01
1.049000000000000000e+03,6.053619802063356925e-01
1.050000000000000000e+03,6.045217457244155268e-01
1.051000000000000000e+03,5.058161018135148845e-01
1.052000000000000000e+03,4.424257940533913303e-01
1.053000000000000000e+03,6.058410456383116482e-01
1.054000000000000000e+03,4.607444735125429958e-01
1.055000000000000000e+03,4.606480888921350991e-01
1.056000000000000000e+03,7.655565407131834643e-01
1.057000000000000000e+03,6.388243684485702678e-01
1.058000000000000000e+03,5.115536432440271897e-01
1.059000000000000000e+03,6.341407905745676254e-01
1.060000000000000000e+03,7.281282634242204344e-01
1.061000000000000000e+03,8.805413300244279151e-01
1.062000000000000000e+03,5.338859678359917371e-01
1.063000000000000000e+03,7.821659938933133160e-01
1.064000000000000000e+03,3.661717477298849777e-01
1.065000000000000000e+03,2.625231000975472573e-01
1.066000000000000000e+03,4.566664957720153462e-01
1.067000000000000000e+03,2.032637280006376890e-01
1.068000000000000000e+03,3.773411803263121422e-01
1.069000000000000000e+03,2.240620064880862183e-01
1.070000000000000000e+03,4.649042027326527604e-01
1.071000000000000000e+03,4.562257636988013010e-01
1.072000000000000000e+03,8.029352620309568866e-01
1.073000000000000000e+03,4.560394063414024979e-01
1.074000000000000000e+03,4.947565664852487943e-01
1.075000000000000000e+03,5.857854564785045515e-01
1.076000000000000000e+03,6.256849341933039543e-01
1.077000000000000000e+03,8.069769668299056065e-01
1.078000000000000000e+03,8.994477524923127909e-01
1.079000000000000000e+03,8.773376999745587934e-01
1.080000000000000000e+03,8.009080414306348761e-01
1.081000000000000000e+03,5.756893140286183375e-01
1.082000000000000000e+03,7.809569770182485104e-01
1.083000000000000000e+03,1.030351263253992844e+00
1.084000000000000000e+03,1.264139202053181865e+00
1.085000000000000000e+03,7.310374496671228073e-01
1.086000000000000000e+03,8.105140668143064886e-01
1.087000000000000000e+03,6.829859928896888643e-01
1.088000000000000000e+03,6.140326978657288937e-01
1.089000000000000000e+03,8.639533191254127331e-01
1.090000000000000000e+03,6.800054661961250080e-01
1.091000000000000000e+03,6.524133738301711727e-01
1.092000000000000000e+03,8.662501567764020471e-01
1.093000000000000000e+03,7.906739047294371048e-01
1.094000000000000000e+03,1.144580035459348721e+00
1.095000000000000000e+03,1.126203753945364872e+00
1.096000000000000000e+03,8.250031627627336661e-01
1.097000000000000000e+03,9.542788371942063641e-01
1.098000000000000000e+03,1.183996064048569830e+00
1.099000000000000000e+03,1.172475045385108494e+00
1.100000000000000000e+03,1.164976271419572385e+00
1.101000000000000000e+03,7.926637416816606496e-01
1.102000000000000000e+03,8.361129205386945706e-01
1.103000000000000000e+03,1.020481444827285644e+00
1.104000000000000000e+03,9.429146454416912349e-01
1.105000000000000000e+03,7.743844100306063183e-01
1.106000000000000000e+03,6.081334265160851515e-01
1.107000000000000000e+03,5.235661738878212290e-01
1.108000000000000000e+03,5.785564300073902100e-01
1.109000000000000000e+03,7.203523146022333679e-01
1.110000000000000000e+03,1.060661396916686927e+00
1.111000000000000000e+03,4.627818192925733931e-01
1.112000000000000000e+03,6.546741237118054446e-01
1.113000000000000000e+03,8.398074403191604365e-01
1.114000000000000000e+03,6.792287049085465878e-01
1.115000000000000000e+03,1.099088416254591527e+00
1.116000000000000000e+03,7.497743673970588274e-01
1.117000000000000000e+03,6.710916323224104252e-01
1.118000000000000000e+03,7.392134310624738358e-01
1.119000000000000000e+03,8.566152289622396276e-01
1.120000000000000000e+03,5.872897986924053848e-01
1.121000000000000000e+03,8.237918591200092955e-01
1.122000000000000000e+03,8.810869492270043679e-01
1.123000000000000000e+03,5.610524941603673987e-01
1.124000000000000000e+03,6.705482761585681573e-01
1.125000000000000000e+03,7.512945702841342666e-01
1.126000000000000000e+03,6.790675135758530434e-01
1.127000000000000000e+03,4.287189074108306297e-01
1.128000000000000000e+03,2.424534047740187215e-01
1.129000000000000000e+03,5.974701621880337266e-01
1.130000000000000000e+03,5.611595652047364213e-01
1.131000000000000000e+03,6.275950908637353276e-01
1.132000000000000000e+03,5.840261080424716811e-01
1.133000000000000000e+03,6.211509254330001006e-01
1.134000000000000000e+03,4.763921061987193006e-01
1.135000000000000000e+03,6.589675625639686007e-01
1.136000000000000000e+03,6.588529211850324696e-01
1.137000000000000000e+03,6.468494771171564572e-01
1.138000000000000000e+03,5.776288942239816704e-01
1.139000000000000000e+03,5.159622502352610995e-01
1.140000000000000000e+03,7.832931119147013010e-01
1.141000000000000000e+03,7.230603044852228489e-01
1.142000000000000000e+03,7.269576831431024955e-01
1.143000000000000000e+03,8.371257332142124641e-01
1.144000000000000000e+03,6.194582314216062757e-01
1.145000000000000000e+03,6.882091379203343351e-01
1.146000000000000000e+03,6.246751263132495069e-01
1.147000000000000000e+03,7.811484682241842670e-01
1.148000000000000000e+03,5.963416733733073460e-01
1.149000000000000000e+03,6.238385233934866658e-01
1.150000000000000000e+03,5.650950541142929495e-01
1.151000000000000000e+03,5.837738995337884429e-01
1.152000000000000000e+03,5.777565337757529784e-01
1.153000000000000000e+03,4.483037758013945773e-01
1.154000000000000000e+03,2.405052953719324094e-01
1.155000000000000000e+03,6.672348245014422252e-01
1.156000000000000000e+03,6.577958518681471523e-01
1.157000000000000000e+03,7.434846960557823792e-01
1.158000000000000000e+03,6.759547396981994138e-01
1.159000000000000000e+03,5.818395333520661739e-01
1.160000000000000000e+03,2.591688797776233733e-01
1.161000000000000000e+03,7.651583255779145221e-01
1.162000000000000000e+03,8.367398258704507041e-01
1.163000000000000000e+03,6.693877199784126208e-01
1.164000000000000000e+03,5.742373649627742216e-01
1.165000000000000000e+03,4.890840608199223949e-01
1.166000000000000000e+03,7.522978766082165647e-01
1.167000000000000000e+03,7.970138804356936557e-01
1.168000000000000000e+03,6.892407292754643144e-01
1.169000000000000000e+03,4.494769417217865382e-01
1.170000000000000000e+03,6.902787673562166271e-01
1.171000000000000000e+03,7.112805467337798282e-01
1.172000000000000000e+03,7.185483914993403554e-01
1.173000000000000000e+03,8.434098734695822941e-01
1.174000000000000000e+03,6.007851841835785134e-01
1.175000000000000000e+03,5.708922257255180099e-01
1.176000000000000000e+03,6.587599555737833068e-01
1.177000000000000000e+03,7.537547567258543468e-01
1.178000000000000000e+03,7.600616789638224846e-01
1.179000000000000000e+03,8.568530502455343756e-01
1.180000000000000000e+03,1.002099230421887421e+00
1.181000000000000000e+03,1.033341952339076997e+00
1.182000000000000000e+03,1.094871070449207728e+00
1.183000000000000000e+03,1.166367716097422402e+00
1.184000000000000000e+03,1.163691494437097740e+00
1.185000000000000000e+03,9.282165336992620475e-01
1.186000000000000000e+03,9.554654063707473943e-01
1.187000000000000000e+03,1.119676592980570984e+00
1.188000000000000000e+03,1.225946932373151999e+00
1.189000000000000000e+03,1.134604985351912898e+00
1.190000000000000000e+03,1.086134881926152485e+00
1.191000000000000000e+03,9.719335485644203798e-01
1.192000000000000000e+03,1.154657923763792837e+00
1.193000000000000000e+03,1.139852790982304853e+00
1.194000000000000000e+03,1.167296176068035596e+00
1.195000000000000000e+03,1.100727237422565619e+00
1.196000000000000000e+03,9.356887431191382998e-01
1.197000000000000000e+03,1.076383788544964082e+00
1.198000000000000000e+03,1.272586049538293018e+00
1.199000000000000000e+03,1.213397325484461220e+00
1.200000000000000000e+03,1.074548253381221841e+00
1.201000000000000000e+03,1.019743049699621373e+00
1.202000000000000000e+03,1.088273262228292015e+00
1.203000000000000000e+03,1.046273724062100285e+00
1.204000000000000000e+03,1.355801851651361911e+00
1.205000000000000000e+03,1.087380460018759099e+00
1.206000000000000000e+03,7.540977954099914449e-01
1.207000000000000000e+03,8.358178395693248719e-01
1.208000000000000000e+03,8.037190920835890484e-01
1.209000000000000000e+03,6.900710564253482726e-01
1.210000000000000000e+03,6.432295416870518201e-01
1.211000000000000000e+03,5.396158032752355060e-01
1.212000000000000000e+03,4.968610130690475635e-01
1.213000000000000000e+03,5.647661379995639885e-01
1.214000000000000000e+03,7.112893641288651203e-01
1.215000000000000000e+03,7.043330064744660612e-01
1.216000000000000000e+03,7.881921239681346503e-01
1.217000000000000000e+03,4.322685123721732858e-01
1.218000000000000000e+03,4.948907515773555699e-01
1.219000000000000000e+03,7.073541155510130185e-01
1.220000000000000000e+03,7.597774420955747399e-01
1.221000000000000000e+03,5.872338522857661891e-01
1.222000000000000000e+03,4.844113462881486920e-01
1.223000000000000000e+03,5.384831470630168093e-01
1.224000000000000000e+03,6.106984715376483353e-01
1.225000000000000000e+03,7.575329200120271000e-01
1.226000000000000000e+03,5.837283038586613682e-01
1.227000000000000000e+03,4.974904326553289402e-01
1.228000000000000000e+03,5.622582149225403558e-01
1.229000000000000000e+03,6.246144880382367148e-01
1.230000000000000000e+03,7.243274711285885292e-01
1.231000000000000000e+03,6.417271931390454709e-01
1.232000000000000000e+03,7.051461339797164829e-01
1.233000000000000000e+03,4.263269387346237393e-01
1.234000000000000000e+03,6.505285173961320444e-01
1.235000000000000000e+03,8.273183856835416572e-01
1.236000000000000000e+03,8.945273470053095588e-01
1.237000000000000000e+03,6.940750691797614724e-01
1.238000000000000000e+03,6.737159669268494300e-01
1.239000000000000000e+03,7.699159848674828055e-01
1.240000000000000000e+03,9.723284048175115934e-01
1.241000000000000000e+03,7.944322743751470739e-01
1.242000000000000000e+03,8.385704579420450999e-01
1.243000000000000000e+03,7.713738765156509247e-01
1.244000000000000000e+03,7.044005710962613076e-01
1.245000000000000000e+03,9.430851280877499132e-01
1.246000000000000000e+03,9.807502106656124097e-01
1.247000000000000000e+03,9.079098236170189962e-01
1.248000000000000000e+03,7.049269683286562005e-01
1.249000000000000000e+03,7.826025382018582111e-01
1.250000000000000000e+03,6.731252415385154952e-01
1.251000000000000000e+03,7.946121370187527733e-01
1.252000000000000000e+03,8.815775415974462792e-01
1.253000000000000000e+03,7.105184396725596763e-01
1.254000000000000000e+03,5.709667073202991938e-01
1.255000000000000000e+03,6.149023159939920324e-01
1.256000000000000000e+03,7.525662048466591481e-01
1.257000000000000000e+03,7.211938214338715625e-01
1.258000000000000000e+03,6.895039852086713994e-01
1.259000000000000000e+03,5.503199847111133192e-01
1.260000000000000000e+03,5.739127930521867871e-01
1.261000000000000000e+03,7.907099101201878755e-01
1.262000000000000000e+03,8.075958197427322016e-01
1.263000000000000000e+03,9.482697546355572937e-01
1.264000000000000000e+03,3.440747132262267916e-01
1.265000000000000000e+03,5.018701812744241764e-01
1.266000000000000000e+03,5.812136099863124405e-01
1.267000000000000000e+03,8.748755812373851803e-01
1.268000000000000000e+03,7.680430860512221791e-01
1.269000000000000000e+03,4.651840471632043283e-01
1.270000000000000000e+03,3.691435263489598051e-01
1.271000000000000000e+03,4.832661385884031158e-01
1.272000000000000000e+03,7.424024373206035143e-01
1.273000000000000000e+03,6.538410298482637550e-01
1.274000000000000000e+03,5.851993791849692261e-01
1.275000000000000000e+03,4.316944525454517456e-01
1.276000000000000000e+03,6.287819479291989477e-01
1.277000000000000000e+03,5.678332364090387108e-01
1.278000000000000000e+03,6.068534707498938197e-01
1.279000000000000000e+03,7.037222167587825483e-01
1.280000000000000000e+03,5.086809448135487521e-01
1.281000000000000000e+03,5.500122561127966936e-01
1.282000000000000000e+03,7.457922911781411646e-01
1.283000000000000000e+03,7.852672563180568277e-01
1.284000000000000000e+03,6.696500841688125538e-01
1.285000000000000000e+03,6.252541938145843581e-01
1.286000000000000000e+03,5.160557375304365424e-01
1.287000000000000000e+03,7.702387340965836104e-01
1.288000000000000000e+03,7.528368340628908140e-01
1.289000000000000000e+03,8.574642075993458290e-01
1.290000000000000000e+03,6.493253712645949971e-01
1.291000000000000000e+03,4.884168629482519841e-01
1.292000000000000000e+03,4.198686711966964080e-01
1.293000000000000000e+03,6.726450639731864634e-01
1.294000000000000000e+03,9.284442173642583063e-01
1.295000000000000000e+03,7.171458930760500339e-01
1.296000000000000000e+03,6.994705422154620100e-01
1.297000000000000000e+03,6.955238949557915884e-01
1.298000000000000000e+03,9.609866082482051430e-01
1.299000000000000000e+03,1.114421540839442892e+00
1.300000000000000000e+03,9.149768380659217826e-01
1.301000000000000000e+03,7.799310219595085858e-01
1.302000000000000000e+03,5.693551484694714393e-01
1.303000000000000000e+03,8.237931996628344855e-01
1.304000000000000000e+03,9.278319640079623065e-01
1.305000000000000000e+03,8.704531886699087284e-01
1.306000000000000000e+03,7.315667494282289685e-01
1.307000000000000000e+03,7.517654410924372588e-01
1.308000000000000000e+03,7.928583465730519864e-01
1.309000000000000000e+03,9.370156616885050305e-01
1.310000000000000000e+03,8.474103499124623351e-01
1.311000000000000000e+03,8.134641339974804097e-01
1.312000000000000000e+03,8.608168071520788667e-01
1.313000000000000000e+03,7.563643728020411627e-01
1.314000000000000000e+03,8.420844651409986614e-01
1.315000000000000000e+03,9.679310049840146313e-01
1.316000000000000000e+03,7.381756723496357697e-01
1.317000000000000000e+03,6.258252461882338746e-01
1.318000000000000000e+03,7.290342522956911875e-01
1.319000000000000000e+03,8.613282662326295913e-01
1.320000000000000000e+03,9.707318586350418554e-01
1.321000000000000000e+03,9.580797454711204031e-01
1.322000000000000000e+03,7.251751318666062041e-01
1.323000000000000000e+03,7.746291471211477209e-01
1.324000000000000000e+03,8.320441776773696008e-01
1.325000000000000000e+03,9.195822268931903576e-01
1.326000000000000000e+03,7.401718445788429968e-01
1.327000000000000000e+03,5.447045074389922359e-01
1.328000000000000000e+03,5.201740462377641983e-01
1.329000000000000000e+03,5.565822906251287616e-01
1.330000000000000000e+03,8.228562460578794369e-01
1.331000000000000000e+03,6.830461318838352280e-01
1.332000000000000000e+03,5.694650603247108922e-01
1.333000000000000000e+03,5.825005019412565765e-01
1.334000000000000000e+03,6.947386519756177936e-01
1.335000000000000000e+03,7.440666424399999812e-01
1.336000000000000000e+03,8.212795983577463321e-01
1.337000000000000000e+03,2.948447712426238154e-01
1.338000000000000000e+03,5.802182019868593610e-01
1.339000000000000000e+03,5.683848820758059528e-01
1.340000000000000000e+03,7.268882226980475370e-01
1.341000000000000000e+03,7.983158932218896719e-01
1.342000000000000000e+03,8.439626665137118788e-01
1.343000000000000000e+03,5.580074651712134681e-01
1.344000000000000000e+03,5.522330919873710275e-01
1.345000000000000000e+03,9.500348687471620313e-01
1.346000000000000000e+03,9.939029276564883553e-01
1.347000000000000000e+03,9.086043104641050583e-01
1.348000000000000000e+03,9.408556387711994873e-01
1.349000000000000000e+03,9.661525316297361332e-01
1.350000000000000000e+03,9.329277866265912600e-01
1.351000000000000000e+03,9.964335024364989746e-01
1.352000000000000000e+03,9.364501975234100772e-01
1.353000000000000000e+03,9.516334818007450291e-01
1.354000000000000000e+03,8.571390199509130170e-01
1.355000000000000000e+03,1.136705619780835841e+00
1.356000000000000000e+03,1.206797270154278179e+00
1.357000000000000000e+03,1.228365812767439058e+00
1.358000000000000000e+03,1.392753270126439791e+00
1.359000000000000000e+03,1.104629385877663905e+00
1.360000000000000000e+03,9.751285602247163897e-01
1.361000000000000000e+03,1.137153267010810431e+00
1.362000000000000000e+03,1.261996517997345135e+00
1.363000000000000000e+03,1.217789233335709209e+00
1.364000000000000000e+03,9.760319637317820263e-01
1.365000000000000000e+03,8.127730103492507574e-01
1.366000000000000000e+03,1.075348347879886202e+00
1.367000000000000000e+03,1.206541473970111911e+00
1.368000000000000000e+03,1.214727602407409845e+00
1.369000000000000000e+03,1.001913806143470698e+00
1.370000000000000000e+03,9.959878580367583778e-01
1.371000000000000000e+03,1.114374747023613388e+00
1.372000000000000000e+03,1.265653341231228302e+00
1.373000000000000000e+03,1.013377299881906835e+00
1.374000000000000000e+03,1.091434613126831321e+00
1.375000000000000000e+03,7.372450171742599423e-01
1.376000000000000000e+03,6.841859965143674005e-01
1.377000000000000000e+03,8.354888931238746430e-01
1.378000000000000000e+03,8.462930568867038650e-01
1.379000000000000000e+03,9.018581155135896310e-01
1.380000000000000000e+03,6.987188958518236737e-01
1.381000000000000000e+03,7.513960842927127626e-01
1.382000000000000000e+03,9.628429568201168909e-01
1.383000000000000000e+03,1.174177251197040528e+00
1.384000000000000000e+03,9.684431777486199877e-01
1.385000000000000000e+03,7.804920663925083435e-01
1.386000000000000000e+03,8.852088189679965247e-01
1.387000000000000000e+03,1.188100267487974593e+00
1.388000000000000000e+03,9.581600046468474741e-01
1.389000000000000000e+03,1.072663367631763176e+00
1.390000000000000000e+03,9.381498259690284058e-01
1.391000000000000000e+03,8.737753672588879361e-01
1.392000000000000000e+03,8.842944552728648766e-01
1.393000000000000000e+03,1.031822644893264584e+00
1.394000000000000000e+03,1.171002464639028906e+00
1.395000000000000000e+03,7.504030230450446926e-01
1.396000000000000000e+03,8.572359132741553811e-01
1.397000000000000000e+03,1.103470511879439675e+00
1.398000000000000000e+03,6.626170123618995156e-01
1.399000000000000000e+03,9.851067839342357857e-01
1.400000000000000000e+03,8.874237634322708068e-01
1.401000000000000000e+03,9.579658717619083941e-01
1.402000000000000000e+03,7.828190648131394536e-01
1.403000000000000000e+03,1.016175510139874838e+00
1.404000000000000000e+03,1.020764488398297587e+00
1.405000000000000000e+03,1.055725593261752193e+00
1.406000000000000000e+03,7.923034537908497654e-01
1.407000000000000000e+03,8.810959788579559859e-01
1.408000000000000000e+03,8.587089530686462524e-01
1.409000000000000000e+03,1.057764388563592339e+00
1.410000000000000000e+03,8.973990580122945815e-01
1.411000000000000000e+03,8.806988147895740138e-01
1.412000000000000000e+03,6.286281976254239900e-01
1.413000000000000000e+03,7.415089885833060501e-01
1.414000000000000000e+03,9.111155886164420403e-01
1.415000000000000000e+03,9.017638292450447235e-01
1.416000000000000000e+03,8.342898513030336805e-01
1.417000000000000000e+03,7.614739056001267326e-01
1.418000000000000000e+03,6.715365813532402361e-01
1.419000000000000000e+03,8.331057768567757815e-01
1.420000000000000000e+03,9.231553937047023428e-01
1.421000000000000000e+03,7.401151576435275325e-01
1.422000000000000000e+03,7.881030505756431159e-01
1.423000000000000000e+03,7.008192269842242750e-01
1.424000000000000000e+03,1.051975002569904616e+00
1.425000000000000000e+03,7.872693807237798325e-01
1.426000000000000000e+03,7.913100654667049039e-01
1.427000000000000000e+03,6.992362766431736709e-01
1.428000000000000000e+03,6.698724987144715204e-01
1.429000000000000000e+03,9.254613210558918501e-01
1.430000000000000000e+03,7.842178659139067420e-01
1.431000000000000000e+03,7.228348141387942460e-01
1.432000000000000000e+03,8.287669331604038403e-01
1.433000000000000000e+03,6.713960928106080805e-01
1.434000000000000000e+03,7.042807223400789907e-01
1.435000000000000000e+03,8.381559714709058140e-01
1.436000000000000000e+03,9.493807640189755315e-01
1.437000000000000000e+03,6.470699979889302789e-01
1.438000000000000000e+03,4.689024535534814797e-01
1.439000000000000000e+03,7.111817157243084386e-01
1.440000000000000000e+03,8.113793583708012180e-01
1.441000000000000000e+03,8.421603512357154209e-01
1.442000000000000000e+03,7.610813019985912531e-01
1.443000000000000000e+03,6.620911582324208178e-01
1.444000000000000000e+03,9.467128872841741316e-01
1.445000000000000000e+03,7.898880736868367780e-01
1.446000000000000000e+03,8.714435476244396517e-01
1.447000000000000000e+03,8.000276432731295850e-01
1.448000000000000000e+03,7.347508196945209402e-01
1.449000000000000000e+03,6.378476767951649640e-01
1.450000000000000000e+03,7.668334377081132969e-01
1.451000000000000000e+03,8.454718577224293874e-01
1.452000000000000000e+03,8.655200123348402164e-01
1.453000000000000000e+03,8.134266758560270150e-01
1.454000000000000000e+03,5.891648320054616583e-01
1.455000000000000000e+03,9.869316516020099073e-01
1.456000000000000000e+03,9.104914630271310205e-01
1.457000000000000000e+03,1.157280415006231467e+00
1.458000000000000000e+03,7.494883316637429571e-01
1.459000000000000000e+03,6.542682242479171961e-01
1.460000000000000000e+03,7.100902434378272288e-01
1.461000000000000000e+03,8.468492167466328269e-01
1.462000000000000000e+03,1.107118508506042653e+00
1.463000000000000000e+03,7.500317424458537996e-01
1.464000000000000000e+03,6.624226843199850778e-01
1.465000000000000000e+03,7.918884880986586383e-01
1.466000000000000000e+03,7.199831734301098685e-01
1.467000000000000000e+03,9.491464589908868987e-01
1.468000000000000000e+03,8.973457920211047600e-01
1.469000000000000000e+03,7.320497120530513602e-01
1.470000000000000000e+03,6.876521653084732844e-01
1.471000000000000000e+03,5.297689327571584172e-01
1.472000000000000000e+03,7.876581558175952402e-01
1.473000000000000000e+03,7.858472702704015767e-01
1.474000000000000000e+03,7.551085550040944616e-01
1.475000000000000000e+03,5.878098119804949784e-01
1.476000000000000000e+03,4.996291810851881676e-01
1.477000000000000000e+03,7.814136519932890490e-01
1.478000000000000000e+03,8.989107716715396545e-01
1.479000000000000000e+03,7.731058096302105831e-01
1.480000000000000000e+03,7.210521224881116797e-01
1.481000000000000000e+03,6.594943785498965649e-01
1.482000000000000000e+03,7.872988785535395273e-01
1.483000000000000000e+03,1.040166614890831509e+00
1.484000000000000000e+03,8.741562277402505909e-01
1.485000000000000000e+03,5.199829814034734321e-01
1.486000000000000000e+03,7.139702355099829534e-01
1.487000000000000000e+03,6.266915193695670183e-01
1.488000000000000000e+03,7.108351065239524313e-01
1.489000000000000000e+03,6.546246357554925677e-01
1.490000000000000000e+03,5.310551363491958776e-01
1.491000000000000000e+03,4.725955890127919723e-01
1.492000000000000000e+03,5.613880944132143558e-01
1.493000000000000000e+03,7.192734158267087841e-01
1.494000000000000000e+03,7.207337512171354543e-01
1.495000000000000000e+03,6.853399191307405491e-01
1.496000000000000000e+03,1.916885925728997186e-01
1.497000000000000000e+03,4.813947804017936205e-01
1.498000000000000000e+03,5.808853343489054355e-01
1.499000000000000000e+03,8.168623368630608672e-01
1.500000000000000000e+03,8.199449955660186307e-01
1.501000000000000000e+03,7.564941767280356499e-01
1.502000000000000000e+03,1.050290592197729023e+00
1.503000000000000000e+03,1.100986390090330724e+00
1.504000000000000000e+03,1.222863314517182776e+00
1.505000000000000000e+03,1.169287056481940645e+00
1.506000000000000000e+03,1.053277135404606657e+00
1.507000000000000000e+03,9.665952923458166479e-01
1.508000000000000000e+03,1.254047333157334299e+00
1.509000000000000000e+03,9.388638629599561636e-01
1.510000000000000000e+03,1.391615968963296979e+00
1.511000000000000000e+03,1.120147852829126434e+00
1.512000000000000000e+03,1.056074892182890190e+00
1.513000000000000000e+03,1.392023687970961765e+00
1.514000000000000000e+03,1.433349383532963373e+00
1.515000000000000000e+03,1.481843531260057079e+00
1.516000000000000000e+03,1.494985912342714274e+00
1.517000000000000000e+03,1.310454278755422752e+00
1.518000000000000000e+03,1.189551817247899379e+00
1.519000000000000000e+03,1.541492609962250571e+00
1.520000000000000000e+03,1.475627390393121852e+00
1.521000000000000000e+03,1.410852029280111219e+00
1.522000000000000000e+03,1.289874000337822402e+00
1.523000000000000000e+03,1.260149856516780353e+00
1.524000000000000000e+03,1.499351554161686195e+00
1.525000000000000000e+03,1.404594058589097250e+00
1.526000000000000000e+03,1.279637189646854800e+00
1.527000000000000000e+03,1.303395340809008429e+00
1.528000000000000000e+03,1.492166457617291275e+00
1.529000000000000000e+03,9.434700489272234147e-01
1.530000000000000000e+03,1.184397534942534636e+00
1.531000000000000000e+03,1.342284450619049219e+00
1.532000000000000000e+03,9.325437289638398575e-01
1.533000000000000000e+03,6.651893392988117437e-01
1.534000000000000000e+03,9.004025073972692361e-01
1.535000000000000000e+03,9.629147433858948890e-01
1.536000000000000000e+03,1.072553879899794449e+00
1.537000000000000000e+03,1.108398507948403111e+00
1.538000000000000000e+03,6.759918403064018033e-01
1.539000000000000000e+03,8.702898706695920694e-01
1.540000000000000000e+03,7.540967210631992490e-01
1.541000000000000000e+03,9.529714723335995785e-01
1.542000000000000000e+03,7.940848889286563628e-01
1.543000000000000000e+03,7.163398522872612695e-01
1.544000000000000000e+03,8.090589434598581819e-01
1.545000000000000000e+03,7.935998307940483887e-01
1.546000000000000000e+03,9.693407237701593404e-01
1.547000000000000000e+03,8.872169167879156992e-01
1.548000000000000000e+03,7.812552498723763783e-01
1.549000000000000000e+03,6.332667904597901742e-01
1.550000000000000000e+03,3.282006773684689183e-01
1.551000000000000000e+03,1.221891326612261630e-01
1.552000000000000000e+03,4.071331936927267692e-01
1.553000000000000000e+03,7.795082541649916985e-02
1.554000000000000000e+03,-1.100517889842745345e-01
1.555000000000000000e+03,-2.771634665523897700e-02
1.556000000000000000e+03,8.230721455305983758e-02
1.557000000000000000e+03,8.330891270862000875e-02
1.558000000000000000e+03,7.775501742257201476e-02
1.559000000000000000e+03,-1.778894525886348665e-02
1.560000000000000000e+03,1.132533929714360510e-01
1.561000000000000000e+03,1.360910801497294265e-01
1.562000000000000000e+03,1.676948801422802338e-01
1.563000000000000000e+03,3.924512567702115318e-02
1.564000000000000000e+03,-7.492689024426846256e-03
1.565000000000000000e+03,-6.732346171818875957e-02
1.566000000000000000e+03,3.248376574315164911e-02
1.567000000000000000e+03,3.082781560601045023e-01
1.568000000000000000e+03,5.284014849106172251e-02
1.569000000000000000e+03,6.113001423861680328e-02
1.570000000000000000e+03,1.113266619614577957e-02
1.571000000000000000e+03,2.803963541187762254e-01
1.572000000000000000e+03,1.395206507305068455e-01
1.573000000000000000e+03,1.438881479837542110e-01
1.574000000000000000e+03,5.719377711934930941e-02
1.575000000000000000e+03,-2.997977180979330414e-01
1.576000000000000000e+03,-1.632257313866962156e-01
1.577000000000000000e+03,1.383595772518651512e-01
1.578000000000000000e+03,2.545414188481906481e-01
1.579000000000000000e+03,2.774119739028456100e-01
1.580000000000000000e+03,6.108417669112632398e-01
1.581000000000000000e+03,9.096539183784733140e-01
1.582000000000000000e+03,8.905043862268432475e-01
1.583000000000000000e+03,9.687005893097069276e-01
1.584000000000000000e+03,8.360746640540067665e-01
1.585000000000000000e+03,9.366604574527401805e-01
1.586000000000000000e+03,8.246027664930347667e-01
1.587000000000000000e+03,8.413660180111200981e-01
1.588000000000000000e+03,1.046819035563826050e+00
1.589000000000000000e+03,9.374841695296096677e-01
1.590000000000000000e+03,7.668113704782797413e-01
1.591000000000000000e+03,8.471152467642720785e-01
1.592000000000000000e+03,9.604655715701504448e-01
1.593000000000000000e+03,8.798932514645204650e-01
1.594000000000000000e+03,9.620374736079693179e-01
1.595000000000000000e+03,9.686147130024139740e-01
1.596000000000000000e+03,7.995101526601972042e-01
1.597000000000000000e+03,9.660870230194701369e-01
1.598000000000000000e+03,9.366619012573359493e-01
1.599000000000000000e+03,1.145428025774194447e+00
1.600000000000000000e+03,9.370496598718339731e-01
1.601000000000000000e+03,7.929392402071590018e-01
1.602000000000000000e+03,9.295883994485748536e-01
1.603000000000000000e+03,9.061139683552402735e-01
1.604000000000000000e+03,9.987372817829796023e-01
1.605000000000000000e+03,1.061511217035370880e+00
1.606000000000000000e+03,8.733129194541159324e-01
1.607000000000000000e+03,7.672186621421064334e-01
1.608000000000000000e+03,8.089127068419663669e-01
1.609000000000000000e+03,9.209129019335018373e-01
1.610000000000000000e+03,8.480164838047878906e-01
1.611000000000000000e+03,7.148398427087960805e-01
1.612000000000000000e+03,6.644834191884184671e-01
1.613000000000000000e+03,7.825897012113481876e-01
1.614000000000000000e+03,9.057930125524005227e-01
1.615000000000000000e+03,8.397541196352968917e-01
1.616000000000000000e+03,7.634716090107638298e-01
1.617000000000000000e+03,7.358098371759961287e-01
1.618000000000000000e+03,7.571182404010321498e-01
1.619000000000000000e+03,9.873876949767668165e-01
1.620000000000000000e+03,9.553059737933298212e-01
1.621000000000000000e+03,8.246746127180688557e-01
1.622000000000000000e+03,7.148914482220887212e-01
1.623000000000000000e+03,6.791426095147521380e-01
1.624000000000000000e+03,8.858909629699042165e-01
1.625000000000000000e+03,8.525092756645966663e-01
1.626000000000000000e+03,8.534785037307083266e-01
1.627000000000000000e+03,6.732060733089184623e-01
1.628000000000000000e+03,9.454197679927589526e-01
1.629000000000000000e+03,5.093351004193140685e-01
1.630000000000000000e+03,8.639513490245791516e-01
1.631000000000000000e+03,6.788372875845812837e-01
1.632000000000000000e+03,7.652491355827566455e-01
1.633000000000000000e+03,6.770476409788246386e-01
1.634000000000000000e+03,6.448635658313972563e-01
1.635000000000000000e+03,5.815816661645123453e-01
1.636000000000000000e+03,6.490412660032125469e-01
1.637000000000000000e+03,8.124858061654566255e-01
1.638000000000000000e+03,7.146767652209524702e-01
1.639000000000000000e+03,6.807968369576333778e-01
1.640000000000000000e+03,9.152814561016062722e-01
1.641000000000000000e+03,7.679008867981360620e-01
1.642000000000000000e+03,9.145470620757998326e-01
1.643000000000000000e+03,7.287431236711847671e-01
1.644000000000000000e+03,7.345481371969233564e-01
1.645000000000000000e+03,8.365958540287683487e-01
1.646000000000000000e+03,9.087924010093439975e-01
1.647000000000000000e+03,8.822105580402378466e-01
1.648000000000000000e+03,8.474481604390908807e-01
1.649000000000000000e+03,6.673986170239007976e-01
1.650000000000000000e+03,8.060952442805553453e-01
1.651000000000000000e+03,8.976378038785366442e-01
1.652000000000000000e+03,1.089911359501720245e+00
1.653000000000000000e+03,8.230617621274731732e-01
1.654000000000000000e+03,7.259180203389892228e-01
1.655000000000000000e+03,8.164242413272398968e-01
1.656000000000000000e+03,8.355264359906856564e-01
1.657000000000000000e+03,8.880344667137264336e-01
1.658000000000000000e+03,9.218816106303180380e-01
1.659000000000000000e+03,8.856628912110178220e-01
1.660000000000000000e+03,8.286771711632980875e-01
1.661000000000000000e+03,9.392298272352879174e-01
1.662000000000000000e+03,1.048515575765385011e+00
1.663000000000000000e+03,9.157628572025673375e-01
1.664000000000000000e+03,7.810222621924711728e-01
1.665000000000000000e+03,9.236384952009899507e-01
1.666000000000000000e+03,5.793584242447074040e-01
1.667000000000000000e+03,1.124357216271372195e+00
1.668000000000000000e+03,1.304045419574838549e+00
1.669000000000000000e+03,8.622597974624366390e-01
1.670000000000000000e+03,8.557191870330052019e-01
1.671000000000000000e+03,9.872316513883496736e-01
1.672000000000000000e+03,9.821606218410463551e-01
1.673000000000000000e+03,1.135932722711187504e+00
1.674000000000000000e+03,8.534438144458553754e-01
1.675000000000000000e+03,8.869483590325009104e-01
1.676000000000000000e+03,8.078122896208481674e-01
1.677000000000000000e+03,1.115559731319879067e+00
1.678000000000000000e+03,9.390223792021641369e-01
1.679000000000000000e+03,9.493352987667429410e-01
1.680000000000000000e+03,8.113518356442743773e-01
1.681000000000000000e+03,1.027380029118768690e+00
1.682000000000000000e+03,9.913281399716624698e-01
1.683000000000000000e+03,1.094173387856902879e+00
1.684000000000000000e+03,1.021776541020505080e+00
1.685000000000000000e+03,9.820816076312750553e-01
1.686000000000000000e+03,9.202978662195535620e-01
1.687000000000000000e+03,7.918358893578194557e-01
1.688000000000000000e+03,6.904861582694615807e-01
1.689000000000000000e+03,1.000988550699578594e+00
1.690000000000000000e+03,7.717823651712575339e-01
1.691000000000000000e+03,7.122607981578286118e-01
1.692000000000000000e+03,8.370470702058946388e-01
1.693000000000000000e+03,8.670558829068948370e-01
1.694000000000000000e+03,9.146276307575649245e-01
1.695000000000000000e+03,7.791804903341670308e-01
1.696000000000000000e+03,6.832949037553994742e-01
1.697000000000000000e+03,7.476975622925742249e-01
1.698000000000000000e+03,8.118489022411319311e-01
1.699000000000000000e+03,9.761067409647645743e-01
1.700000000000000000e+03,7.713552554549641949e-01
1.701000000000000000e+03,5.734369187913369581e-01
1.702000000000000000e+03,5.958989680332101857e-01
1.703000000000000000e+03,8.315131732325817815e-01
1.704000000000000000e+03,9.404049953012383334e-01
1.705000000000000000e+03,5.692123215668514202e-01
1.706000000000000000e+03,4.494526382088898653e-01
1.707000000000000000e+03,7.491726049443109270e-01
1.708000000000000000e+03,8.933112457690417507e-01
1.709000000000000000e+03,6.716967376410608592e-01
1.710000000000000000e+03,5.968411037338591241e-01
1.711000000000000000e+03,5.062183228993758499e-01
1.712000000000000000e+03,4.309373525119619686e-01
1.713000000000000000e+03,5.199946024727408744e-01
1.714000000000000000e+03,6.484462573098888072e-01
1.715000000000000000e+03,5.956455772547847305e-01
1.716000000000000000e+03,5.524558604265689121e-01
1.717000000000000000e+03,6.796981056823938605e-01
1.718000000000000000e+03,6.079920355119160513e-01
1.719000000000000000e+03,8.090026992431864628e-01
1.720000000000000000e+03,8.531742374408737284e-01
1.721000000000000000e+03,8.828339476530896457e-01
1.722000000000000000e+03,6.914596337544796079e-01
1.723000000000000000e+03,5.526441819243842479e-01
1.724000000000000000e+03,7.638262808385019031e-01
1.725000000000000000e+03,9.044958460455235771e-01
1.726000000000000000e+03,6.238671601145038270e-01
1.727000000000000000e+03,5.528274970995019633e-01
1.728000000000000000e+03,6.071323741523813045e-01
1.729000000000000000e+03,7.628229517535399795e-01
1.730000000000000000e+03,8.836835271628620259e-01
1.731000000000000000e+03,8.717082661773866148e-01
1.732000000000000000e+03,6.176447688205153330e-01
1.733000000000000000e+03,6.738990085017290133e-01
1.734000000000000000e+03,4.645262925407622756e-01
1.735000000000000000e+03,8.260223348369183372e-01
1.736000000000000000e+03,7.927486327681516620e-01
1.737000000000000000e+03,7.756985883284730487e-01
1.738000000000000000e+03,3.667274165436554267e-01
1.739000000000000000e+03,7.223664113409139498e-01
1.740000000000000000e+03,8.157616712383319868e-01
1.741000000000000000e+03,1.124946267032128633e+00
1.742000000000000000e+03,9.682999110192413994e-01
1.743000000000000000e+03,9.420671199737169488e-01
1.744000000000000000e+03,9.648456573963238858e-01
1.745000000000000000e+03,1.072298198144798764e+00
1.746000000000000000e+03,1.202989352515053678e+00
1.747000000000000000e+03,9.357958814069010645e-01
1.748000000000000000e+03,1.103285860710572885e+00
1.749000000000000000e+03,6.888667472284857318e-01
1.750000000000000000e+03,1.006795437801206505e+00
1.751000000000000000e+03,8.007456686862750583e-01
1.752000000000000000e+03,1.136144103608712763e+00
1.753000000000000000e+03,7.134706271264474875e-01
1.754000000000000000e+03,5.022881888531194328e-01
1.755000000000000000e+03,8.202681530444768665e-01
1.756000000000000000e+03,8.360996772393571863e-01
1.757000000000000000e+03,6.236796957216006465e-01
1.758000000000000000e+03,6.939765404427575834e-01
1.759000000000000000e+03,1.086451181188565096e+00
1.760000000000000000e+03,6.360209847010345197e-01
1.761000000000000000e+03,1.168350611669488837e+00
1.762000000000000000e+03,9.003415224550359586e-01
1.763000000000000000e+03,6.113366528864296878e-01
1.764000000000000000e+03,6.328625349805043765e-01
1.765000000000000000e+03,4.946456578319513575e-01
1.766000000000000000e+03,8.083696561234219313e-01
1.767000000000000000e+03,1.107415898291291390e+00
1.768000000000000000e+03,6.120763693388073801e-01
1.769000000000000000e+03,5.424111350832150347e-01
1.770000000000000000e+03,5.042732020965359219e-01
1.771000000000000000e+03,6.905204556437942731e-01
1.772000000000000000e+03,1.002258001817357913e+00
1.773000000000000000e+03,8.745665917867928574e-01
1.774000000000000000e+03,8.521131018835339521e-01
1.775000000000000000e+03,5.543626200803917214e-01
1.776000000000000000e+03,6.806100791285152329e-01
1.777000000000000000e+03,9.644547461211934181e-01
1.778000000000000000e+03,7.010393404185462085e-01
1.779000000000000000e+03,4.633255703264698155e-01
1.780000000000000000e+03,5.326388865381105342e-01
1.781000000000000000e+03,8.402472368117775980e-01
1.782000000000000000e+03,7.012657266272430689e-01
1.783000000000000000e+03,9.866640232913198583e-01
1.784000000000000000e+03,1.061569731622123758e+00
1.785000000000000000e+03,6.264661395475789041e-01
1.786000000000000000e+03,9.572079731021200244e-01
1.787000000000000000e+03,8.876012433269271362e-01
1.788000000000000000e+03,9.314995687410345671e-01
1.789000000000000000e+03,7.834759846404621975e-01
1.790000000000000000e+03,9.189016721197488247e-01
1.791000000000000000e+03,1.136406756227031023e+00
1.792000000000000000e+03,1.015139592423638604e+00
1.793000000000000000e+03,8.754944770025885337e-01
1.794000000000000000e+03,8.625204991622793527e-01
1.795000000000000000e+03,6.892492463425680116e-01
1.796000000000000000e+03,5.813311144988746459e-01
1.797000000000000000e+03,4.184533218086312623e-01
1.798000000000000000e+03,7.704972736745225870e-01
1.799000000000000000e+03,1.193522288738551707e+00
1.800000000000000000e+03,8.458150676671645218e-01
1.801000000000000000e+03,9.021023112143149447e-01
1.802000000000000000e+03,5.849975934944412481e-01
1.803000000000000000e+03,7.253810012037741339e-01
1.804000000000000000e+03,1.000436601893991639e+00
1.805000000000000000e+03,9.909542702554773319e-01
1.806000000000000000e+03,3.834405242895148058e-01
1.807000000000000000e+03,7.843456436452711511e-01
1.808000000000000000e+03,7.748102082846367589e-01
1.809000000000000000e+03,8.580754075539680503e-01
1.810000000000000000e+03,6.301819430251069942e-01
1.811000000000000000e+03,6.524964601498757233e-01
1.812000000000000000e+03,7.534380816981576245e-01
1.813000000000000000e+03,8.964939448626230156e-01
1.814000000000000000e+03,8.680449694601756194e-01
1.815000000000000000e+03,9.347163935805202772e-01
1.816000000000000000e+03,6.300843712096780846e-01
1.817000000000000000e+03,3.172918508727204934e-01
1.818000000000000000e+03,1.029229642160049307e+00
1.819000000000000000e+03,8.179472101450456778e-01
1.820000000000000000e+03,8.686461016281538106e-01
1.821000000000000000e+03,8.023999960062419001e-01
1.822000000000000000e+03,5.593131596169433895e-01
1.823000000000000000e+03,8.203848800121650298e-01
1.824000000000000000e+03,7.265242339112453207e-01
1.825000000000000000e+03,1.141573906353134937e+00
1.826000000000000000e+03,8.886314117436102666e-01
1.827000000000000000e+03,8.330407203819575335e-01
1.828000000000000000e+03,7.363786770801983295e-01
1.829000000000000000e+03,7.702595936422351741e-01
1.830000000000000000e+03,7.903775937788602990e-01
1.831000000000000000e+03,9.374182555239812809e-01
1.832000000000000000e+03,6.650824532796617561e-01
1.833000000000000000e+03,4.550924518327180701e-01
1.834000000000000000e+03,8.403389821361877399e-01
1.835000000000000000e+03,7.238472727004511276e-01
1.836000000000000000e+03,8.248609765277041816e-01
1.837000000000000000e+03,5.116673381388356923e-01
1.838000000000000000e+03,8.678855494926468461e-01
1.839000000000000000e+03,8.639402012353816218e-01
1.840000000000000000e+03,8.604594653622972267e-01
1.841000000000000000e+03,1.182569784437794480e+00
1.842000000000000000e+03,8.916013277350932631e-01
1.843000000000000000e+03,8.701868784641211274e-01
1.844000000000000000e+03,6.466482837696843067e-01
1.845000000000000000e+03,7.324904200423858480e-01
1.846000000000000000e+03,9.942763630244320083e-01
1.847000000000000000e+03,6.295585927625235723e-01
1.848000000000000000e+03,8.595001934567578772e-01
1.849000000000000000e+03,7.496133060109837487e-01
1.850000000000000000e+03,1.095249165217629495e+00
1.851000000000000000e+03,1.133912855289745947e+00
1.852000000000000000e+03,1.177322902379576375e+00
1.853000000000000000e+03,9.381292029614239913e-01
1.854000000000000000e+03,9.408649230361747495e-01
1.855000000000000000e+03,9.545304283749919128e-01
1.856000000000000000e+03,1.149731361212176450e+00
1.857000000000000000e+03,1.211026583413727931e+00
1.858000000000000000e+03,9.023985215229737289e-01
1.859000000000000000e+03,9.501396669156120245e-01
1.860000000000000000e+03,1.040515063675864882e+00
1.861000000000000000e+03,1.073342037846939157e+00
1.862000000000000000e+03,1.304474137637633424e+00
1.863000000000000000e+03,1.096535955020118358e+00
1.864000000000000000e+03,1.121171313650531465e+00
1.865000000000000000e+03,1.105112950813110118e+00
1.866000000000000000e+03,1.117303313646102580e+00
1.867000000000000000e+03,1.338804812201329852e+00
1.868000000000000000e+03,1.387606806239841895e+00
1.869000000000000000e+03,1.109566371211057056e+00
1.870000000000000000e+03,1.124013194836989582e+00
1.871000000000000000e+03,1.208144183044810971e+00
1.872000000000000000e+03,1.337147399735607367e+00
1.873000000000000000e+03,1.625993708916575242e+00
1.874000000000000000e+03,1.283190435121019712e+00
1.875000000000000000e+03,1.233923925893238405e+00
1.876000000000000000e+03,1.417285866966350394e+00
1.877000000000000000e+03,1.783001483330946435e+00
1.878000000000000000e+03,1.311645828421705184e+00
1.879000000000000000e+03,1.412133255242149055e+00
1.880000000000000000e+03,1.425250443290712044e+00
1.881000000000000000e+03,1.290527875544409842e+00
1.882000000000000000e+03,1.473175504762350485e+00
1.883000000000000000e+03,1.670246366790360426e+00
1.884000000000000000e+03,1.942859755644835484e+00
1.885000000000000000e+03,1.559457376875572621e+00
1.886000000000000000e+03,1.493798354385928562e+00
1.887000000000000000e+03,1.713624038542852279e+00
1.888000000000000000e+03,1.738959834830974938e+00
1.889000000000000000e+03,1.740084171732829699e+00
1.890000000000000000e+03,1.626799657583476666e+00
1.891000000000000000e+03,1.792812094582775018e+00
1.892000000000000000e+03,1.693139068108926892e+00
1.893000000000000000e+03,1.810414955951452853e+00
1.894000000000000000e+03,1.786471780358334094e+00
1.895000000000000000e+03,1.776028667424886631e+00
1.896000000000000000e+03,1.935848739974188160e+00
1.897000000000000000e+03,1.536030222777488241e+00
1.898000000000000000e+03,1.901778648619090628e+00
1.899000000000000000e+03,2.029843279001612544e+00
1.900000000000000000e+03,1.844315989230250974e+00
1.901000000000000000e+03,1.743089365200324536e+00
1.902000000000000000e+03,2.058449090139051307e+00
1.903000000000000000e+03,1.833056735371521473e+00
1.904000000000000000e+03,1.932969637077302849e+00
1.905000000000000000e+03,2.003312026512753974e+00
1.906000000000000000e+03,1.670298903646854960e+00
1.907000000000000000e+03,1.677892090791312185e+00
1.908000000000000000e+03,1.788030897892125104e+00
1.909000000000000000e+03,2.001079414512513033e+00
1.910000000000000000e+03,2.284157385890996927e+00
1.911000000000000000e+03,1.793839966716429757e+00
1.912000000000000000e+03,1.916540041726771948e+00
1.913000000000000000e+03,2.031192275118531398e+00
1.914000000000000000e+03,2.204662936123390260e+00
1.915000000000000000e+03,2.172479025509701067e+00
1.916000000000000000e+03,1.748131500221518309e+00
1.917000000000000000e+03,2.136099166316368425e+00
1.918000000000000000e+03,1.969847797221408570e+00
1.919000000000000000e+03,2.349817105158202413e+00
1.920000000000000000e+03,2.480382991390383651e+00
1.921000000000000000e+03,1.982114351632881410e+00
1.922000000000000000e+03,2.135287717448708378e+00
1.923000000000000000e+03,1.953598435884594586e+00
1.924000000000000000e+03,2.332726050970004739e+00
1.925000000000000000e+03,2.399374620547546133e+00
1.926000000000000000e+03,2.205034592748049693e+00
1.927000000000000000e+03,2.396383922929274934e+00
1.928000000000000000e+03,2.107152551816423358e+00
1.929000000000000000e+03,2.181089000990924287e+00
1.930000000000000000e+03,2.392952239036950868e+00
1.931000000000000000e+03,2.098830749995184597e+00
1.932000000000000000e+03,2.159241314091882913e+00
1.933000000000000000e+03,2.147668096626191847e+00
1.934000000000000000e+03,2.165910039232331386e+00
1.935000000000000000e+03,2.140825352173252760e+00
1.936000000000000000e+03,2.316034361117268681e+00
1.937000000000000000e+03,2.277726173760936668e+00
1.938000000000000000e+03,2.149277170323907526e+00
1.939000000000000000e+03,2.228410003973293918e+00
1.940000000000000000e+03,2.483076138934176225e+00
1.941000000000000000e+03,2.237866546384221778e+00
1.942000000000000000e+03,2.124941448765834018e+00
1.943000000000000000e+03,2.161062589300502434e+00
1.944000000000000000e+03,2.346709671626634020e+00
1.945000000000000000e+03,2.396299778987680540e+00
1.946000000000000000e+03,2.603700233872094927e+00
1.947000000000000000e+03,2.544920329205216269e+00
1.948000000000000000e+03,2.182172179696170833e+00
1.949000000000000000e+03,2.060811119208304287e+00
1.950000000000000000e+03,2.331130782315943950e+00
1.951000000000000000e+03,2.347468924402770885e+00
1.952000000000000000e+03,2.328937027756423195e+00
1.953000000000000000e+03,2.284136921303796086e+00
1.954000000000000000e+03,2.402071864824394165e+00
1.955000000000000000e+03,2.255216245781414663e+00
1.956000000000000000e+03,2.393569224709595211e+00
1.957000000000000000e+03,3.052123275718134465e+00
1.958000000000000000e+03,2.337959119450555789e+00
1.959000000000000000e+03,2.173219064030355696e+00
1.960000000000000000e+03,2.418344061336910933e+00
1.961000000000000000e+03,2.329591262436231158e+00
1.962000000000000000e+03,2.588929804496891585e+00
1.963000000000000000e+03,2.190199760435667109e+00
1.964000000000000000e+03,2.175475318411540737e+00
1.965000000000000000e+03,2.786395920473862198e+00
1.966000000000000000e+03,2.147553471978988604e+00
1.967000000000000000e+03,2.462326143117636423e+00
1.968000000000000000e+03,2.365930075425072499e+00
1.969000000000000000e+03,2.232164828510528221e+00
1.970000000000000000e+03,2.145582515527171275e+00
1.971000000000000000e+03,2.210288201110609307e+00
1.972000000000000000e+03,2.366313797979224365e+00
1.973000000000000000e+03,2.400080313936003851e+00
1.974000000000000000e+03,2.450571819272592489e+00
1.975000000000000000e+03,2.117324236846979790e+00
1.976000000000000000e+03,2.419926985867308478e+00
1.977000000000000000e+03,2.193655895298872061e+00
1.978000000000000000e+03,2.426089748022944637e+00
1.979000000000000000e+03,2.452380174942833335e+00
1.980000000000000000e+03,2.181718535491229627e+00
1.981000000000000000e+03,2.425606792401720391e+00
1.982000000000000000e+03,2.419387768407327943e+00
1.983000000000000000e+03,2.802497943577507922e+00
1.984000000000000000e+03,2.314348987004384295e+00
1.985000000000000000e+03,2.345902080508505350e+00
1.986000000000000000e+03,2.396119777005444984e+00
1.987000000000000000e+03,2.430074064717860249e+00
1.988000000000000000e+03,2.455371042424481232e+00
1.989000000000000000e+03,2.443556259383643958e+00
1.990000000000000000e+03,2.673970995886788771e+00
1.991000000000000000e+03,2.747622768233688451e+00
1.992000000000000000e+03,2.865463239071218915e+00
1.993000000000000000e+03,2.740381606055586339e+00
1.994000000000000000e+03,2.677189951463612605e+00
1.995000000000000000e+03,2.637448262341807403e+00
1.996000000000000000e+03,2.469696466044946526e+00
1.997000000000000000e+03,2.682966135873135372e+00
1.998000000000000000e+03,2.553563228872626212e+00
1.999000000000000000e+03,2.659233407298872809e+00
2.000000000000000000e+03,2.640481058323232766e+00
2.001000000000000000e+03,2.696888820611866855e+00
2.002000000000000000e+03,2.721853557569446469e+00
2.003000000000000000e+03,2.824388144684754298e+00
2.004000000000000000e+03,2.697018451291234520e+00
2.005000000000000000e+03,2.690772371417781805e+00
2.006000000000000000e+03,2.385757918864376936e+00
2.007000000000000000e+03,2.509641070659627271e+00
2.008000000000000000e+03,2.809497356589337969e+00
2.009000000000000000e+03,2.738834216758503803e+00
2.010000000000000000e+03,2.587850389162744680e+00
2.011000000000000000e+03,2.575335234081564728e+00
2.012000000000000000e+03,2.670318782467676844e+00
2.013000000000000000e+03,2.435869285399868467e+00
2.014000000000000000e+03,2.502549127158344433e+00
2.015000000000000000e+03,2.719838807628313315e+00
2.016000000000000000e+03,2.687472629221626441e+00
2.017000000000000000e+03,2.513784860483366579e+00
2.018000000000000000e+03,2.598702579799766710e+00
2.019000000000000000e+03,2.871909184545392790e+00
2.020000000000000000e+03,2.512865776917651672e+00
2.021000000000000000e+03,2.579740752140037952e+00
2.022000000000000000e+03,2.609006247990884209e+00
2.023000000000000000e+03,2.559545737745766214e+00
2.024000000000000000e+03,2.412395455622335039e+00
2.025000000000000000e+03,2.604372870328428125e+00
2.026000000000000000e+03,2.531538047403917524e+00
2.027000000000000000e+03,2.187202504797578939e+00
2.028000000000000000e+03,2.294554828311938799e+00
2.029000000000000000e+03,2.225022295436338116e+00
2.030000000000000000e+03,2.914071693801243423e+00
2.031000000000000000e+03,2.469880114853336917e+00
2.032000000000000000e+03,2.327240826536127738e+00
2.033000000000000000e+03,2.356633090681951259e+00
2.034000000000000000e+03,2.145099776872794184e+00
2.035000000000000000e+03,2.551162928119783402e+00
2.036000000000000000e+03,2.677350102003311694e+00
2.037000000000000000e+03,2.509442796016085886e+00
2.038000000000000000e+03,2.470153477455681035e+00
2.039000000000000000e+03,2.837067375791617163e+00
2.040000000000000000e+03,2.551741112608964634e+00
2.041000000000000000e+03,2.588092989784278153e+00
2.042000000000000000e+03,2.648522210538057475e+00
2.043000000000000000e+03,2.554871836531823259e+00
2.044000000000000000e+03,2.484082641016010395e+00
2.045000000000000000e+03,2.539904613511649867e+00
2.046000000000000000e+03,2.588863691249347898e+00
2.047000000000000000e+03,2.544090037128596826e+00
2.048000000000000000e+03,2.414895568592149822e+00
2.049000000000000000e+03,2.176134010856705547e+00
2.050000000000000000e+03,2.345134670260568654e+00
2.051000000000000000e+03,2.512199320449434392e+00
2.052000000000000000e+03,2.382964765124691020e+00
2.053000000000000000e+03,2.275883846012991096e+00
2.054000000000000000e+03,2.247377889210059543e+00
2.055000000000000000e+03,2.359529583934081298e+00
2.056000000000000000e+03,2.494688080688124643e+00
2.057000000000000000e+03,2.185848536247923413e+00
2.058000000000000000e+03,2.320685792193673436e+00
2.059000000000000000e+03,2.291507128908656377e+00
2.060000000000000000e+03,2.119691958185147218e+00
2.061000000000000000e+03,2.340917771277432280e+00
2.062000000000000000e+03,2.328590458102482330e+00
2.063000000000000000e+03,2.328444322731661575e+00
2.064000000000000000e+03,2.174129467109171543e+00
2.065000000000000000e+03,2.349074484970323784e+00
2.066000000000000000e+03,2.219305402274754702e+00
2.067000000000000000e+03,2.467874007455516328e+00
2.068000000000000000e+03,2.423965560975640976e+00
2.069000000000000000e+03,2.326759902869657726e+00
2.070000000000000000e+03,2.242349755705895564e+00
2.071000000000000000e+03,2.322047220845184334e+00
2.072000000000000000e+03,2.523731791871666630e+00
2.073000000000000000e+03,2.398321764141848167e+00
2.074000000000000000e+03,2.357754474826956326e+00
2.075000000000000000e+03,2.360107680383296547e+00
2.076000000000000000e+03,2.582421226589015184e+00
2.077000000000000000e+03,3.088399539778274416e+00
2.078000000000000000e+03,2.611864716357418903e+00
2.079000000000000000e+03,2.651581303935282019e+00
2.080000000000000000e+03,2.851583701514578628e+00
2.081000000000000000e+03,2.793824729709051269e+00
2.082000000000000000e+03,2.886098578665886816e+00
2.083000000000000000e+03,3.011752040895959048e+00
2.084000000000000000e+03,2.913249003089270595e+00
2.085000000000000000e+03,2.781690114737873643e+00
2.086000000000000000e+03,2.812658947588071889e+00
2.087000000000000000e+03,2.806781823732763304e+00
2.088000000000000000e+03,2.959097400482801898e+00
2.089000000000000000e+03,2.941485716784915105e+00
2.090000000000000000e+03,2.755350894404649864e+00
2.091000000000000000e+03,2.408738272026141658e+00
2.092000000000000000e+03,2.804711483770893743e+00
2.093000000000000000e+03,2.823685045064156629e+00
2.094000000000000000e+03,2.894895581253209560e+00
2.095000000000000000e+03,2.757042346452003745e+00
2.096000000000000000e+03,2.661336597130751436e+00
2.097000000000000000e+03,2.639274374045752491e+00
2.098000000000000000e+03,2.814616516731359930e+00
2.099000000000000000e+03,2.776666717646302462e+00
2.100000000000000000e+03,2.555928662339976842e+00
2.101000000000000000e+03,2.337516973206703152e+00
2.102000000000000000e+03,2.550497265512904566e+00
2.103000000000000000e+03,2.637337818456953364e+00
2.104000000000000000e+03,2.889329043301704480e+00
2.105000000000000000e+03,2.503601441923466453e+00
2.106000000000000000e+03,2.270189673944522202e+00
2.107000000000000000e+03,2.374550418900149840e+00
2.108000000000000000e+03,2.252497272862595601e+00
2.109000000000000000e+03,2.514935249173466669e+00
2.110000000000000000e+03,2.383006071901257350e+00
2.111000000000000000e+03,2.096039886260877783e+00
2.112000000000000000e+03,2.207844027724869207e+00
2.113000000000000000e+03,2.233980914890574265e+00
2.114000000000000000e+03,2.406107346391733071e+00
2.115000000000000000e+03,2.325955649846895401e+00
2.116000000000000000e+03,2.244799236762220040e+00
2.117000000000000000e+03,2.195955068973180602e+00
2.118000000000000000e+03,2.052600919185341599e+00
2.119000000000000000e+03,2.698688579545123201e+00
2.120000000000000000e+03,2.528960885495555200e+00
2.121000000000000000e+03,2.341883487210526305e+00
2.122000000000000000e+03,2.431309125505467961e+00
2.123000000000000000e+03,2.420202324617332756e+00
2.124000000000000000e+03,2.368024429812913834e+00
2.125000000000000000e+03,2.455883359049051418e+00
2.126000000000000000e+03,2.428767321438361826e+00
2.127000000000000000e+03,2.462153607476971207e+00
2.128000000000000000e+03,2.417227464264409598e+00
2.129000000000000000e+03,2.520337811647487047e+00
2.130000000000000000e+03,2.639920061099756854e+00
2.131000000000000000e+03,2.780477260434915721e+00
2.132000000000000000e+03,2.450871569047558207e+00
2.133000000000000000e+03,2.631659462527791593e+00
2.134000000000000000e+03,2.524156611094904967e+00
2.135000000000000000e+03,2.879882554581302490e+00
2.136000000000000000e+03,2.975478341851850228e+00
2.137000000000000000e+03,2.476970110218324805e+00
2.138000000000000000e+03,2.373658791271679558e+00
2.139000000000000000e+03,2.849385328412814555e+00
2.140000000000000000e+03,2.553800095130575709e+00
2.141000000000000000e+03,2.697866897228321292e+00
2.142000000000000000e+03,2.583957365117143468e+00
2.143000000000000000e+03,2.426457054660838608e+00
2.144000000000000000e+03,2.465391533847838268e+00
2.145000000000000000e+03,2.563907211083813031e+00
2.146000000000000000e+03,2.630660201865719028e+00
2.147000000000000000e+03,2.799330733856567832e+00
2.148000000000000000e+03,2.490283436562234165e+00
2.149000000000000000e+03,2.359074102040535692e+00
2.150000000000000000e+03,2.708505102795433217e+00
2.151000000000000000e+03,2.633711947946271170e+00
2.152000000000000000e+03,2.589187322490821952e+00
2.153000000000000000e+03,2.270819562948130255e+00
2.154000000000000000e+03,2.654827998835074254e+00
2.155000000000000000e+03,2.417953652497513595e+00
2.156000000000000000e+03,2.862665827220769454e+00
2.157000000000000000e+03,2.580469331163875779e+00
2.158000000000000000e+03,2.508579176235571584e+00
2.159000000000000000e+03,2.432376474297359703e+00
2.160000000000000000e+03,2.547162388298378044e+00
2.161000000000000000e+03,2.840861977385360504e+00
2.162000000000000000e+03,2.726705567355359516e+00
2.163000000000000000e+03,2.479318936542339813e+00
2.164000000000000000e+03,2.409237042914095461e+00
2.165000000000000000e+03,2.116554932527006994e+00
2.166000000000000000e+03,2.439669611113371772e+00
2.167000000000000000e+03,2.417665384610814261e+00
2.168000000000000000e+03,2.437941125457535829e+00
2.169000000000000000e+03,2.233187799951648067e+00
2.170000000000000000e+03,2.211282249337739536e+00
2.171000000000000000e+03,2.333113828975072135e+00
2.172000000000000000e+03,2.280989781656003412e+00
2.173000000000000000e+03,2.334732874223776289e+00
2.174000000000000000e+03,2.199351117224095375e+00
2.175000000000000000e+03,2.233893678704865771e+00
2.176000000000000000e+03,2.292471797424722624e+00
2.177000000000000000e+03,2.330252511282897121e+00
2.178000000000000000e+03,2.344386247899236331e+00
2.179000000000000000e+03,2.367769846876850437e+00
2.180000000000000000e+03,2.233718162265124985e+00
2.181000000000000000e+03,2.191204665347602276e+00
2.182000000000000000e+03,2.309004630516882095e+00
2.183000000000000000e+03,2.380288927733468007e+00
2.184000000000000000e+03,2.348112377091368330e+00
2.185000000000000000e+03,2.133339758619542614e+00
2.186000000000000000e+03,2.154250083286405548e+00
2.187000000000000000e+03,2.376790584083035007e+00
2.188000000000000000e+03,2.551180189435461099e+00
2.189000000000000000e+03,2.553228183210378699e+00
2.190000000000000000e+03,2.480050131744977904e+00
2.191000000000000000e+03,2.730249304472069927e+00
2.192000000000000000e+03,2.239317383736605827e+00
2.193000000000000000e+03,2.561498860070111405e+00
2.194000000000000000e+03,2.506491061269447318e+00
2.195000000000000000e+03,2.713301825313686688e+00
2.196000000000000000e+03,2.402780995036459810e+00
2.197000000000000000e+03,2.513053928640132995e+00
2.198000000000000000e+03,2.452805149849363264e+00
2.199000000000000000e+03,2.526131013373599465e+00
2.200000000000000000e+03,2.583563416943042146e+00
2.201000000000000000e+03,2.588621971656175358e+00
2.202000000000000000e+03,2.653258048602943564e+00
2.203000000000000000e+03,2.491903659267742377e+00
2.204000000000000000e+03,2.595127880316633995e+00
2.205000000000000000e+03,2.401880258806847301e+00
2.206000000000000000e+03,2.335903730657925781e+00
2.207000000000000000e+03,2.382762713688586942e+00
2.208000000000000000e+03,2.374835500972697133e+00
2.209000000000000000e+03,2.574069840152047206e+00
2.210000000000000000e+03,2.480313511947122240e+00
2.211000000000000000e+03,2.333448445832900564e+00
2.212000000000000000e+03,2.230983223869514642e+00
2.213000000000000000e+03,2.418814614198167234e+00
2.214000000000000000e+03,2.882195648731462168e+00
2.215000000000000000e+03,2.496154670723173208e+00
2.216000000000000000e+03,2.508224266020188775e+00
2.217000000000000000e+03,2.228786710242688596e+00
2.218000000000000000e+03,2.607573716652336504e+00
2.219000000000000000e+03,2.249573888126071619e+00
2.220000000000000000e+03,2.218616749559728873e+00
2.221000000000000000e+03,2.170481756059376099e+00
2.222000000000000000e+03,1.990170418803049346e+00
2.223000000000000000e+03,2.053127541331868589e+00
2.224000000000000000e+03,2.167482135125366582e+00
2.225000000000000000e+03,2.257523891064274757e+00
2.226000000000000000e+03,2.295780239897946995e+00
2.227000000000000000e+03,2.192075432793189727e+00
2.228000000000000000e+03,2.046300195739529482e+00
2.229000000000000000e+03,2.126036467640772365e+00
2.230000000000000000e+03,2.262139245413867794e+00
2.231000000000000000e+03,2.266122916500155515e+00
2.232000000000000000e+03,2.046378203134116447e+00
2.233000000000000000e+03,2.050813000750513648e+00
2.234000000000000000e+03,2.175302797940426913e+00
2.235000000000000000e+03,2.264703770447879183e+00
2.236000000000000000e+03,2.366993436162897702e+00
2.237000000000000000e+03,2.284384677180804957e+00
2.238000000000000000e+03,2.100467018650059359e+00
2.239000000000000000e+03,2.092799889422029658e+00
2.240000000000000000e+03,2.230411382165807144e+00
2.241000000000000000e+03,2.271071953988873737e+00
2.242000000000000000e+03,2.207598061627372044e+00
2.243000000000000000e+03,1.970645591635544092e+00
2.244000000000000000e+03,2.107705103013526760e+00
2.245000000000000000e+03,2.290405777084575156e+00
2.246000000000000000e+03,2.458865274923176969e+00
2.247000000000000000e+03,2.278941089372799045e+00
2.248000000000000000e+03,2.080623210729788397e+00
2.249000000000000000e+03,2.098771681278076784e+00
2.250000000000000000e+03,2.249690507016519181e+00
2.251000000000000000e+03,2.204955359565906381e+00
2.252000000000000000e+03,2.291395056867814084e+00
2.253000000000000000e+03,2.168446982563674297e+00
2.254000000000000000e+03,1.974379564516330454e+00
2.255000000000000000e+03,2.153503211060030065e+00
2.256000000000000000e+03,2.271302482298760861e+00
2.257000000000000000e+03,2.236576728163315320e+00
2.258000000000000000e+03,2.119056015043981667e+00
2.259000000000000000e+03,1.926297124021724372e+00
2.260000000000000000e+03,2.095721800408763880e+00
2.261000000000000000e+03,2.173394965248207189e+00
2.262000000000000000e+03,2.229468610106486448e+00
2.263000000000000000e+03,1.940282881481539601e+00
2.264000000000000000e+03,2.163866109196108667e+00
2.265000000000000000e+03,2.085148876070109125e+00
2.266000000000000000e+03,2.149776677193272700e+00
2.267000000000000000e+03,2.157465360094957152e+00
2.268000000000000000e+03,2.116537562426095143e+00
2.269000000000000000e+03,2.042089030251389659e+00
2.270000000000000000e+03,2.064247399190258125e+00
2.271000000000000000e+03,2.014908559515658837e+00
2.272000000000000000e+03,2.321866447731975924e+00
2.273000000000000000e+03,2.126024787718269415e+00
2.274000000000000000e+03,2.079254550117394906e+00
2.275000000000000000e+03,2.179356934157666625e+00
2.276000000000000000e+03,2.124296500554888834e+00
2.277000000000000000e+03,2.430374840291890326e+00
2.278000000000000000e+03,2.265154775054992076e+00
2.279000000000000000e+03,2.197973415831443678e+00
2.280000000000000000e+03,2.130617350960128942e+00
2.281000000000000000e+03,2.159636110832650946e+00
2.282000000000000000e+03,2.078974513093203580e+00
2.283000000000000000e+03,2.211541708978777443e+00
2.284000000000000000e+03,2.184100289723732047e+00
2.285000000000000000e+03,2.134824530881052063e+00
2.286000000000000000e+03,1.924483649466187885e+00
2.287000000000000000e+03,2.224189420678448048e+00
2.288000000000000000e+03,2.279104162196659455e+00
2.289000000000000000e+03,2.211274836843716507e+00
2.290000000000000000e+03,2.141209802548413421e+00
2.291000000000000000e+03,2.061935331147179529e+00
2.292000000000000000e+03,2.166090832551652134e+00
2.293000000000000000e+03,2.269122899454778075e+00
2.294000000000000000e+03,2.255499348898668988e+00
2.295000000000000000e+03,2.169129894466169883e+00
2.296000000000000000e+03,2.088868443075264203e+00
2.297000000000000000e+03,2.145295237976359015e+00
2.298000000000000000e+03,2.286360333757226471e+00
2.299000000000000000e+03,2.256858602300338301e+00
2.300000000000000000e+03,2.369531549668405734e+00
2.301000000000000000e+03,1.997614097076974460e+00
2.302000000000000000e+03,1.954481778900579503e+00
2.303000000000000000e+03,2.180164355132166332e+00
2.304000000000000000e+03,2.103209805713607938e+00
2.305000000000000000e+03,2.161875632640604117e+00
2.306000000000000000e+03,2.033765293024273557e+00
2.307000000000000000e+03,1.941036363404596621e+00
2.308000000000000000e+03,1.972773270365902443e+00
2.309000000000000000e+03,2.210847168103542870e+00
2.310000000000000000e+03,2.130852974990158799e+00
2.311000000000000000e+03,1.969301665328083706e+00
2.312000000000000000e+03,1.963405532492768613e+00
2.313000000000000000e+03,2.051041932245522226e+00
2.314000000000000000e+03,2.093087930916705197e+00
2.315000000000000000e+03,2.043270850419383944e+00
2.316000000000000000e+03,2.022619004183347169e+00
2.317000000000000000e+03,1.849058827433110341e+00
2.318000000000000000e+03,1.988540484276676956e+00
2.319000000000000000e+03,2.083549122775879336e+00
2.320000000000000000e+03,2.158846886591394565e+00
2.321000000000000000e+03,1.721181805281818189e+00
2.322000000000000000e+03,1.886148543686145151e+00
2.323000000000000000e+03,1.907982938160451170e+00
2.324000000000000000e+03,2.095688868487633361e+00
2.325000000000000000e+03,2.078854624095435533e+00
2.326000000000000000e+03,2.066368827937500985e+00
2.327000000000000000e+03,1.916549433628709220e+00
2.328000000000000000e+03,1.906505875016220486e+00
2.329000000000000000e+03,1.995698304981454285e+00
2.330000000000000000e+03,2.045728685987326934e+00
2.331000000000000000e+03,2.180221099233583093e+00
2.332000000000000000e+03,1.889152793775858541e+00
2.333000000000000000e+03,1.963190391146635294e+00
2.334000000000000000e+03,1.959539661861697812e+00
2.335000000000000000e+03,2.027435600790197245e+00
2.336000000000000000e+03,2.158709100368064515e+00
2.337000000000000000e+03,2.051938906018112352e+00
2.338000000000000000e+03,1.799588695857655685e+00
2.339000000000000000e+03,1.858770959859056715e+00
2.340000000000000000e+03,1.815309893154437582e+00
2.341000000000000000e+03,1.793744545318426642e+00
2.342000000000000000e+03,1.716076008145615006e+00
2.343000000000000000e+03,1.538762997398438692e+00
2.344000000000000000e+03,1.693436674045183832e+00
2.345000000000000000e+03,1.721551481992430688e+00
2.346000000000000000e+03,1.897965514099405393e+00
2.347000000000000000e+03,1.720900221825527598e+00
2.348000000000000000e+03,1.589323257433447711e+00
2.349000000000000000e+03,1.596096973763462490e+00
2.350000000000000000e+03,1.630021612424232824e+00
2.351000000000000000e+03,1.704076786492968232e+00
2.352000000000000000e+03,1.854374302445436218e+00
2.353000000000000000e+03,1.745144731617386036e+00
2.354000000000000000e+03,1.674393547585329767e+00
2.355000000000000000e+03,1.774759997714350446e+00
2.356000000000000000e+03,1.939354429153846260e+00
2.357000000000000000e+03,2.022778868392580698e+00
2.358000000000000000e+03,1.917556924835041476e+00
2.359000000000000000e+03,1.807980522743105611e+00
2.360000000000000000e+03,1.887905113031745019e+00
2.361000000000000000e+03,1.907707820477004601e+00
2.362000000000000000e+03,1.809857000521431170e+00
2.363000000000000000e+03,1.911977104278917095e+00
2.364000000000000000e+03,1.791466542369045678e+00
2.365000000000000000e+03,1.691942346898867244e+00
2.366000000000000000e+03,1.805553107543263591e+00
2.367000000000000000e+03,1.826692268632777116e+00
2.368000000000000000e+03,1.662183988037948090e+00
2.369000000000000000e+03,1.474256800038764581e+00
2.370000000000000000e+03,1.756209531928443646e+00
2.371000000000000000e+03,1.855701885660174577e+00
2.372000000000000000e+03,2.213454867609235155e+00
2.373000000000000000e+03,2.221475438609321174e+00
2.374000000000000000e+03,1.878470238257152536e+00
2.375000000000000000e+03,1.989122067776414982e+00
2.376000000000000000e+03,1.926550018564576083e+00
2.377000000000000000e+03,1.985623489044014756e+00
2.378000000000000000e+03,2.015013264835160633e+00
2.379000000000000000e+03,2.070112812577127315e+00
2.380000000000000000e+03,1.875225671591469689e+00
2.381000000000000000e+03,1.950321428234894183e+00
2.382000000000000000e+03,2.037734107582160448e+00
2.383000000000000000e+03,2.103413914583221356e+00
2.384000000000000000e+03,1.950992692803526607e+00
2.385000000000000000e+03,1.897237285074584667e+00
2.386000000000000000e+03,1.621790722042558031e+00
2.387000000000000000e+03,2.018951054913709076e+00
2.388000000000000000e+03,1.976894655005528634e+00
2.389000000000000000e+03,2.010455013256116974e+00
2.390000000000000000e+03,1.861259174966770402e+00
2.391000000000000000e+03,1.848000608991029026e+00
2.392000000000000000e+03,1.886648400711341100e+00
2.393000000000000000e+03,2.071171160815997947e+00
2.394000000000000000e+03,1.988880326074715210e+00
2.395000000000000000e+03,2.006612474116116207e+00
2.396000000000000000e+03,2.151024405705998621e+00
2.397000000000000000e+03,2.078192438136567954e+00
2.398000000000000000e+03,2.218868367279256848e+00
2.399000000000000000e+03,2.208537904928132622e+00
2.400000000000000000e+03,2.013194627159048178e+00
2.401000000000000000e+03,1.728121092935022141e+00
2.402000000000000000e+03,1.385510023917557731e+00
2.403000000000000000e+03,1.586854683685751777e+00
2.404000000000000000e+03,2.147211373064725315e+00
2.405000000000000000e+03,2.055151943979408369e+00
2.406000000000000000e+03,1.880181066450058891e+00
2.407000000000000000e+03,2.000107220699367083e+00
2.408000000000000000e+03,2.318565202432778971e+00
2.409000000000000000e+03,2.130418479021349842e+00
2.410000000000000000e+03,1.947788381884623776e+00
2.411000000000000000e+03,2.018483612287631068e+00
2.412000000000000000e+03,1.959382517353621678e+00
2.413000000000000000e+03,2.005808870298518620e+00
2.414000000000000000e+03,2.034952746685988689e+00
2.415000000000000000e+03,2.038059426740819635e+00
2.416000000000000000e+03,1.719870985756345894e+00
2.417000000000000000e+03,1.730696456985401088e+00
2.418000000000000000e+03,1.700958438702642184e+00
2.419000000000000000e+03,1.838282413912608160e+00
2.420000000000000000e+03,1.861141714981100703e+00
2.421000000000000000e+03,1.822077436168812126e+00
2.422000000000000000e+03,1.639472525755497179e+00
2.423000000000000000e+03,1.699046755510948525e+00
2.424000000000000000e+03,1.601880277841419842e+00
2.425000000000000000e+03,1.960692516159241228e+00
2.426000000000000000e+03,1.669072246814316207e+00
2.427000000000000000e+03,1.817685702225625866e+00
2.428000000000000000e+03,1.631083210621153468e+00
2.429000000000000000e+03,1.792439220035425107e+00
2.430000000000000000e+03,1.815876403952444207e+00
2.431000000000000000e+03,1.749116417489654962e+00
2.432000000000000000e+03,1.685374233500566810e+00
2.433000000000000000e+03,1.635413604971235557e+00
2.434000000000000000e+03,1.592731416190253269e+00
2.435000000000000000e+03,1.519773504296979993e+00
2.436000000000000000e+03,1.867206611167889108e+00
2.437000000000000000e+03,1.757837417893920673e+00
2.438000000000000000e+03,1.910457355480382535e+00
2.439000000000000000e+03,1.660808798329018732e+00
2.440000000000000000e+03,1.727162615698089931e+00
2.441000000000000000e+03,1.724799594467511188e+00
2.442000000000000000e+03,1.958965795268622356e+00
2.443000000000000000e+03,1.757030272725695896e+00
2.444000000000000000e+03,1.885166742985517896e+00
2.445000000000000000e+03,1.998848066190554329e+00
2.446000000000000000e+03,2.077691597169626370e+00
2.447000000000000000e+03,2.109881378206390323e+00
2.448000000000000000e+03,1.913840581778539551e+00
2.449000000000000000e+03,1.929465988335486104e+00
2.450000000000000000e+03,1.907591215251709382e+00
2.451000000000000000e+03,2.195654668218062877e+00
2.452000000000000000e+03,2.065339116643577277e+00
2.453000000000000000e+03,2.168290001399518996e+00
2.454000000000000000e+03,2.151046612998763319e+00
2.455000000000000000e+03,2.328696870785698092e+00
2.456000000000000000e+03,2.366677500918813681e+00
2.457000000000000000e+03,2.301813651016396456e+00
2.458000000000000000e+03,2.254892443443051064e+00
2.459000000000000000e+03,2.190549310758865609e+00
2.460000000000000000e+03,1.942103889373303804e+00
2.461000000000000000e+03,2.171037438069697956e+00
2.462000000000000000e+03,2.489815562389216641e+00
2.463000000000000000e+03,2.406987844523017284e+00
2.464000000000000000e+03,2.182726517309193870e+00
2.465000000000000000e+03,2.217879360828225010e+00
2.466000000000000000e+03,2.241021093151086774e+00
2.467000000000000000e+03,2.422464609461482343e+00
2.468000000000000000e+03,2.026768910767212883e+00
2.469000000000000000e+03,2.218454671172251480e+00
2.470000000000000000e+03,2.224770225955833958e+00
2.471000000000000000e+03,2.262256540840027252e+00
2.472000000000000000e+03,2.167275203355467195e+00
2.473000000000000000e+03,2.173930350615064011e+00
2.474000000000000000e+03,1.929128506231827744e+00
2.475000000000000000e+03,1.874534060790278289e+00
2.476000000000000000e+03,2.000188846288268429e+00
2.477000000000000000e+03,2.041973294823669516e+00
2.478000000000000000e+03,2.199318146141391761e+00
2.479000000000000000e+03,1.989478579470886466e+00
2.480000000000000000e+03,2.047904780776353739e+00
2.481000000000000000e+03,1.949671351108310580e+00
2.482000000000000000e+03,2.251192374336659530e+00
2.483000000000000000e+03,1.934634471171081893e+00
2.484000000000000000e+03,1.903757591553461470e+00
2.485000000000000000e+03,1.808088955005005216e+00
2.486000000000000000e+03,1.783540391546281079e+00
2.487000000000000000e+03,1.867108427214055899e+00
2.488000000000000000e+03,1.857711432757836789e+00
2.489000000000000000e+03,1.818797670315878356e+00
2.490000000000000000e+03,1.883946122986077887e+00
2.491000000000000000e+03,1.782901620603730919e+00
2.492000000000000000e+03,1.769453802452892077e+00
2.493000000000000000e+03,2.018397030232433664e+00
2.494000000000000000e+03,1.918876061929217336e+00
2.495000000000000000e+03,1.870063995003118817e+00
2.496000000000000000e+03,1.759633825343818403e+00
2.497000000000000000e+03,1.679416785846557403e+00
2.498000000000000000e+03,2.235431285015474057e+00
2.499000000000000000e+03,1.942886206063739962e+00
2.500000000000000000e+03,1.854534039681905666e+00
2.501000000000000000e+03,1.717460447093191567e+00
2.502000000000000000e+03,1.776930231700723395e+00
2.503000000000000000e+03,1.818531430613096189e+00
2.504000000000000000e+03,2.000699449837664456e+00
2.505000000000000000e+03,1.873186774700227986e+00
2.506000000000000000e+03,1.758867318920879663e+00
2.507000000000000000e+03,1.606004555014046264e+00
2.508000000000000000e+03,1.839587962172676727e+00
2.509000000000000000e+03,1.987720565134389217e+00
2.510000000000000000e+03,1.857345199804699698e+00
2.511000000000000000e+03,1.727708074897850388e+00
2.512000000000000000e+03,1.734067198480725214e+00
2.513000000000000000e+03,2.113728628619203853e+00
2.514000000000000000e+03,1.790699104007992926e+00
2.515000000000000000e+03,1.895539955512623997e+00
2.516000000000000000e+03,1.912441000224366361e+00
2.517000000000000000e+03,1.921282466767108899e+00
2.518000000000000000e+03,1.856001925305093003e+00
2.519000000000000000e+03,1.844258259623804630e+00
2.520000000000000000e+03,1.909520603515130865e+00
2.521000000000000000e+03,1.864460221703239773e+00
2.522000000000000000e+03,1.856294910509580731e+00
2.523000000000000000e+03,1.934396953518266571e+00
2.524000000000000000e+03,1.811707050317942214e+00
2.525000000000000000e+03,2.043458850871023191e+00
2.526000000000000000e+03,1.508523032050723023e+00
2.527000000000000000e+03,1.734243883184607427e+00
2.528000000000000000e+03,1.664143244309757463e+00
2.529000000000000000e+03,1.698581475413559305e+00
2.530000000000000000e+03,1.877114447049510915e+00
2.531000000000000000e+03,1.791916515360699957e+00
2.532000000000000000e+03,1.695696058815707508e+00
2.533000000000000000e+03,1.738402722170427683e+00
2.534000000000000000e+03,1.687300107531689131e+00
2.535000000000000000e+03,1.753376642295787491e+00
2.536000000000000000e+03,1.857907662380831049e+00
2.537000000000000000e+03,1.730685209010291770e+00
2.538000000000000000e+03,1.565782071626057093e+00
2.539000000000000000e+03,1.679146278945569337e+00
2.540000000000000000e+03,1.694012454726341099e+00
2.541000000000000000e+03,1.887788107594016829e+00
2.542000000000000000e+03,1.680902131625778617e+00
2.543000000000000000e+03,1.674791840713036883e+00
2.544000000000000000e+03,1.721215897098474112e+00
2.545000000000000000e+03,1.696239272109673735e+00
2.546000000000000000e+03,1.771352452597482197e+00
2.547000000000000000e+03,1.862315261496581886e+00
2.548000000000000000e+03,1.630362148398858846e+00
2.549000000000000000e+03,1.641863509417634814e+00
2.550000000000000000e+03,1.736534214583374647e+00
2.551000000000000000e+03,1.833494367662237945e+00
2.552000000000000000e+03,1.889130978783588599e+00
2.553000000000000000e+03,1.422177770008302922e+00
2.554000000000000000e+03,1.674790551524697024e+00
2.555000000000000000e+03,1.602636654436602859e+00
2.556000000000000000e+03,1.848393853064738579e+00
2.557000000000000000e+03,1.913537495157068724e+00
2.558000000000000000e+03,1.800878106457022509e+00
2.559000000000000000e+03,1.579985816404993804e+00
2.560000000000000000e+03,1.710023582620728178e+00
2.561000000000000000e+03,1.829101317079790734e+00
2.562000000000000000e+03,1.801006557557341514e+00
2.563000000000000000e+03,1.771029105724120756e+00
2.564000000000000000e+03,1.696779600490585960e+00
2.565000000000000000e+03,1.621072081752638949e+00
2.566000000000000000e+03,1.863163662096762430e+00
2.567000000000000000e+03,1.927893467625216628e+00
2.568000000000000000e+03,1.853105688627474379e+00
2.569000000000000000e+03,1.701588591063242895e+00
2.570000000000000000e+03,1.660599126185509977e+00
2.571000000000000000e+03,1.789418770121741220e+00
2.572000000000000000e+03,1.721152323312847399e+00
2.573000000000000000e+03,1.801778374694467555e+00
2.574000000000000000e+03,1.733885747012808842e+00
2.575000000000000000e+03,1.619100859666227299e+00
2.576000000000000000e+03,1.623842793376963911e+00
2.577000000000000000e+03,1.732139813385540572e+00
2.578000000000000000e+03,1.870585881610000056e+00
2.579000000000000000e+03,1.803302291425706638e+00
2.580000000000000000e+03,1.634516540741490331e+00
2.581000000000000000e+03,1.626480000552848360e+00
2.582000000000000000e+03,1.746860315878019154e+00
2.583000000000000000e+03,2.047144573160287084e+00
2.584000000000000000e+03,1.970451878082140951e+00
2.585000000000000000e+03,1.813532154672777175e+00
2.586000000000000000e+03,1.658155130691705281e+00
2.587000000000000000e+03,1.828131243908363679e+00
2.588000000000000000e+03,2.042061499547748404e+00
2.589000000000000000e+03,1.939409846586988895e+00
2.590000000000000000e+03,1.795109064300465906e+00
2.591000000000000000e+03,1.720489813882846608e+00
2.592000000000000000e+03,1.667731207097485235e+00
2.593000000000000000e+03,2.046516747989833185e+00
2.594000000000000000e+03,1.962332412231910794e+00
2.595000000000000000e+03,1.779640248653046708e+00
2.596000000000000000e+03,1.862753240719372538e+00
2.597000000000000000e+03,1.663004112394728340e+00
2.598000000000000000e+03,1.819805404367711876e+00
2.599000000000000000e+03,1.899784599344575442e+00
2.600000000000000000e+03,1.843947082994012554e+00
2.601000000000000000e+03,1.854960560346571530e+00
2.602000000000000000e+03,1.800623764663477733e+00
2.603000000000000000e+03,1.924436459694240042e+00
2.604000000000000000e+03,1.908347001746101057e+00
2.605000000000000000e+03,1.825230939668243568e+00
2.606000000000000000e+03,1.782153813825342770e+00
2.607000000000000000e+03,1.726756679892878399e+00
2.608000000000000000e+03,1.803986903396652242e+00
2.609000000000000000e+03,1.947101967056830807e+00
2.610000000000000000e+03,1.818079947104036975e+00
2.611000000000000000e+03,1.805131138436683047e+00
2.612000000000000000e+03,1.785795120070265751e+00
2.613000000000000000e+03,1.804332016763215529e+00
2.614000000000000000e+03,1.825531250380675097e+00
2.615000000000000000e+03,1.910457850437297322e+00
2.616000000000000000e+03,1.940199332466966187e+00
2.617000000000000000e+03,2.016495151367684979e+00
2.618000000000000000e+03,1.782278764957731187e+00
2.619000000000000000e+03,1.918553389110633667e+00
2.620000000000000000e+03,1.995666708506208975e+00
2.621000000000000000e+03,1.800186087008473379e+00
2.622000000000000000e+03,1.687367726041445248e+00
2.623000000000000000e+03,1.670432539455378507e+00
2.624000000000000000e+03,1.865555144964493817e+00
2.625000000000000000e+03,1.888729622319587964e+00
2.626000000000000000e+03,1.931554457727105989e+00
2.627000000000000000e+03,1.744741463494524858e+00
2.628000000000000000e+03,1.847895117165344381e+00
2.629000000000000000e+03,1.581386030083499206e+00
2.630000000000000000e+03,1.871456370154024329e+00
2.631000000000000000e+03,1.816718157126699706e+00
2.632000000000000000e+03,1.674906171872563077e+00
2.633000000000000000e+03,1.715063112380584842e+00
2.634000000000000000e+03,1.810130422179947240e+00
2.635000000000000000e+03,1.838881449844380178e+00
2.636000000000000000e+03,1.910529270432372195e+00
2.637000000000000000e+03,1.892010803071807690e+00
2.638000000000000000e+03,1.727568291452593829e+00
2.639000000000000000e+03,1.739759437363541661e+00
2.640000000000000000e+03,1.888351515712530793e+00
2.641000000000000000e+03,1.741965035500518288e+00
2.642000000000000000e+03,1.562822725781426225e+00
2.643000000000000000e+03,1.307604284744694922e+00
2.644000000000000000e+03,1.436466800500435070e+00
2.645000000000000000e+03,1.396108446217586341e+00
2.646000000000000000e+03,1.564513814409319803e+00
2.647000000000000000e+03,1.451656958695556554e+00
2.648000000000000000e+03,1.294009762479419345e+00
2.649000000000000000e+03,1.170304540533088300e+00
2.650000000000000000e+03,1.359386304103191723e+00
2.651000000000000000e+03,1.592859852239197238e+00
2.652000000000000000e+03,1.416296857754859362e+00
2.653000000000000000e+03,1.386377296071178655e+00
2.654000000000000000e+03,1.246853582238372393e+00
2.655000000000000000e+03,1.465010195520471958e+00
2.656000000000000000e+03,1.404504349818819886e+00
2.657000000000000000e+03,1.589555888861740485e+00
2.658000000000000000e+03,1.342330230587035267e+00
2.659000000000000000e+03,1.366853167179186146e+00
2.660000000000000000e+03,1.354847746281863996e+00
2.661000000000000000e+03,1.508072621916726197e+00
2.662000000000000000e+03,1.412439842933602918e+00
2.663000000000000000e+03,1.640105351442433967e+00
2.664000000000000000e+03,1.314869067518260159e+00
2.665000000000000000e+03,1.378638495975780032e+00
2.666000000000000000e+03,1.536216824924879321e+00
2.667000000000000000e+03,1.388948880373169104e+00
2.668000000000000000e+03,1.458435864547925620e+00
2.669000000000000000e+03,1.393734443406473789e+00
2.670000000000000000e+03,1.206298319460564539e+00
2.671000000000000000e+03,1.583783857173985510e+00
2.672000000000000000e+03,1.811011326763692475e+00
2.673000000000000000e+03,1.897814736998852725e+00
2.674000000000000000e+03,1.769209051360654206e+00
2.675000000000000000e+03,1.481238749923954545e+00
2.676000000000000000e+03,1.784519634372413233e+00
2.677000000000000000e+03,1.930478362079009136e+00
2.678000000000000000e+03,1.954345958133811179e+00
2.679000000000000000e+03,1.876032994893806594e+00
2.680000000000000000e+03,1.646879410550406764e+00
2.681000000000000000e+03,1.685523076526914688e+00
2.682000000000000000e+03,1.711756007238512733e+00
2.683000000000000000e+03,1.954947455703694992e+00
2.684000000000000000e+03,1.919727217593125701e+00
2.685000000000000000e+03,1.384406864675919557e+00
2.686000000000000000e+03,1.701477275577956361e+00
2.687000000000000000e+03,1.668340021875366563e+00
2.688000000000000000e+03,1.946613329352245403e+00
2.689000000000000000e+03,1.931704657709119477e+00
2.690000000000000000e+03,1.759830004118004165e+00
2.691000000000000000e+03,1.687387206301821152e+00
2.692000000000000000e+03,1.992018824173914071e+00
2.693000000000000000e+03,2.092924917623937731e+00
2.694000000000000000e+03,2.162819167346702542e+00
2.695000000000000000e+03,2.034496812920395747e+00
2.696000000000000000e+03,1.980698245428130111e+00
2.697000000000000000e+03,1.947634459371220039e+00
2.698000000000000000e+03,2.060065165469714632e+00
2.699000000000000000e+03,1.799701962477982420e+00
2.700000000000000000e+03,2.031161125544083124e+00
2.701000000000000000e+03,1.829789410465020305e+00
2.702000000000000000e+03,1.925238002099497470e+00
2.703000000000000000e+03,2.086664318042637856e+00
2.704000000000000000e+03,2.135434320312536549e+00
2.705000000000000000e+03,2.009620748245560584e+00
2.706000000000000000e+03,2.219944538991366567e+00
2.707000000000000000e+03,1.872085717434263996e+00
2.708000000000000000e+03,1.809413835513551394e+00
2.709000000000000000e+03,1.943849356296941000e+00
2.710000000000000000e+03,1.748735044643667358e+00
2.711000000000000000e+03,1.595701840070741007e+00
2.712000000000000000e+03,1.591346567813996193e+00
2.713000000000000000e+03,1.817048678050446675e+00
2.714000000000000000e+03,2.072334325414629141e+00
2.715000000000000000e+03,1.702645069676288481e+00
2.716000000000000000e+03,1.735292392280521678e+00
2.717000000000000000e+03,1.731046905008321701e+00
2.718000000000000000e+03,1.610697424928031474e+00
2.719000000000000000e+03,1.772660537324973529e+00
2.720000000000000000e+03,1.767178754721606015e+00
2.721000000000000000e+03,1.571859570986388066e+00
2.722000000000000000e+03,1.557217702631134459e+00
2.723000000000000000e+03,1.535891137167367360e+00
2.724000000000000000e+03,1.640647613095723267e+00
2.725000000000000000e+03,1.616611581774910933e+00
2.726000000000000000e+03,1.875415844588737890e+00
2.727000000000000000e+03,1.475472085352058871e+00
2.728000000000000000e+03,1.722089068698270165e+00
2.729000000000000000e+03,1.579644333595481953e+00
2.730000000000000000e+03,1.631689994247888853e+00
2.731000000000000000e+03,1.678586459910349049e+00
2.732000000000000000e+03,1.711144409010916467e+00
2.733000000000000000e+03,1.883486106797689574e+00
2.734000000000000000e+03,1.775312510802966148e+00
2.735000000000000000e+03,1.929162669442767930e+00
2.736000000000000000e+03,1.901290843102696027e+00
2.737000000000000000e+03,1.604412446191016528e+00
2.738000000000000000e+03,2.424973610125519041e+00
2.739000000000000000e+03,2.160825023251645938e+00
2.740000000000000000e+03,2.167557078310436758e+00
2.741000000000000000e+03,2.213609739718243485e+00
2.742000000000000000e+03,2.185935336435952170e+00
2.743000000000000000e+03,2.093787568478251426e+00
2.744000000000000000e+03,2.056295618441933204e+00
2.745000000000000000e+03,2.097267075963204164e+00
2.746000000000000000e+03,2.159576847437692404e+00
2.747000000000000000e+03,2.124495087831582030e+00
2.748000000000000000e+03,2.275176684653418935e+00
2.749000000000000000e+03,1.987766650306534322e+00
2.750000000000000000e+03,2.142322580757801465e+00
2.751000000000000000e+03,2.261413819604050968e+00
2.752000000000000000e+03,2.442415499396183520e+00
2.753000000000000000e+03,2.390920771939463840e+00
2.754000000000000000e+03,2.310120663817474274e+00
2.755000000000000000e+03,2.407891807583026456e+00
2.756000000000000000e+03,2.460100292454931115e+00
2.757000000000000000e+03,2.498915191189754026e+00
2.758000000000000000e+03,2.436683128593948311e+00
2.759000000000000000e+03,2.428075561992361742e+00
2.760000000000000000e+03,2.235125144326234103e+00
2.761000000000000000e+03,2.234171073311843170e+00
2.762000000000000000e+03,2.374217753489742400e+00
2.763000000000000000e+03,2.204519610090977633e+00
2.764000000000000000e+03,2.073011282250131870e+00
2.765000000000000000e+03,2.169348864927291842e+00
2.766000000000000000e+03,2.135638480401031991e+00
2.767000000000000000e+03,2.313893888345172289e+00
2.768000000000000000e+03,2.479519415439673580e+00
2.769000000000000000e+03,2.068865517434906209e+00
2.770000000000000000e+03,1.824112548726689598e+00
2.771000000000000000e+03,2.332241474250452917e+00
2.772000000000000000e+03,2.353805035075819063e+00
2.773000000000000000e+03,2.387859345136410738e+00
2.774000000000000000e+03,2.234786575720923096e+00
2.775000000000000000e+03,2.086957801645982880e+00
2.776000000000000000e+03,2.315866093711426377e+00
2.777000000000000000e+03,2.388673970965930149e+00
2.778000000000000000e+03,2.414807114537341981e+00
2.779000000000000000e+03,2.493072995314571383e+00
2.780000000000000000e+03,2.516660906170806289e+00
2.781000000000000000e+03,1.861864438531428689e+00
2.782000000000000000e+03,2.311289277953534338e+00
2.783000000000000000e+03,2.302716044960402719e+00
2.784000000000000000e+03,2.187646642609950121e+00
2.785000000000000000e+03,1.860607249941468089e+00
2.786000000000000000e+03,1.958147331176996797e+00
2.787000000000000000e+03,1.843647083691100752e+00
2.788000000000000000e+03,2.069809444890788441e+00
2.789000000000000000e+03,1.993006282455526135e+00
2.790000000000000000e+03,1.921311999948413174e+00
2.791000000000000000e+03,2.006326406129089968e+00
2.792000000000000000e+03,1.732118439661800791e+00
2.793000000000000000e+03,1.994477004696273426e+00
2.794000000000000000e+03,2.129942627783612430e+00
2.795000000000000000e+03,1.726096726404092951e+00
2.796000000000000000e+03,1.933256419881845822e+00
2.797000000000000000e+03,1.886739680481835046e+00
2.798000000000000000e+03,2.053277712446849979e+00
2.799000000000000000e+03,2.063793381099292112e+00
2.800000000000000000e+03,1.924202335855193846e+00
2.801000000000000000e+03,1.847856799758301083e+00
2.802000000000000000e+03,1.794186610981265417e+00
2.803000000000000000e+03,1.943998591653235852e+00
2.804000000000000000e+03,1.917824799055867446e+00
2.805000000000000000e+03,1.741686068370531748e+00
2.806000000000000000e+03,1.806486524770816615e+00
2.807000000000000000e+03,1.766006114784370418e+00
2.808000000000000000e+03,1.578107526283700324e+00
2.809000000000000000e+03,1.758441097893682636e+00
2.810000000000000000e+03,1.863675495968055262e+00
2.811000000000000000e+03,1.793740542668549764e+00
2.812000000000000000e+03,1.710296755357282761e+00
2.813000000000000000e+03,1.778502019441069670e+00
2.814000000000000000e+03,1.961142496680287950e+00
2.815000000000000000e+03,2.009924645995551984e+00
2.816000000000000000e+03,1.913606214863802224e+00
2.817000000000000000e+03,1.648257787988980594e+00
2.818000000000000000e+03,1.872483580621689292e+00
2.819000000000000000e+03,1.815922182851301470e+00
