0.000000000000000000e+00,2.385688159714530465e-01
1.000000000000000000e+00,1.620991069744042445e-01
2.000000000000000000e+00,-2.150104035029090088e-01
3.000000000000000000e+00,-3.744071758122519133e-02
4.000000000000000000e+00,2.217585360430610053e-02
5.000000000000000000e+00,1.000933710900868134e-01
6.000000000000000000e+00,-1.599699673594163207e-01
7.000000000000000000e+00,1.219980257457554951e-02
8.000000000000000000e+00,-3.370491284395457643e-02
9.000000000000000000e+00,2.234375894049268341e-01
1.000000000000000000e+01,1.666143463351158205e-01
1.100000000000000000e+01,9.544240079462794346e-02
1.200000000000000000e+01,6.091118877333037696e-02
1.300000000000000000e+01,-2.616330042574840573e-02
1.400000000000000000e+01,7.723628325786056903e-02
1.500000000000000000e+01,4.524394868157878835e-01
1.600000000000000000e+01,-1.107076793332383846e-01
1.700000000000000000e+01,-5.764347130922406470e-02
1.800000000000000000e+01,8.294469131037349868e-03
1.900000000000000000e+01,4.752107635913878358e-02
2.000000000000000000e+01,-6.013205509459478015e-02
2.100000000000000000e+01,8.388954045978389007e-02
2.200000000000000000e+01,-1.150369086639483063e-01
2.300000000000000000e+01,-1.077862800607025107e-01
2.400000000000000000e+01,1.488838475633139646e-01
2.500000000000000000e+01,6.544376680949012814e-02
2.600000000000000000e+01,1.977514058894749502e-02
2.700000000000000000e+01,-1.562212017099933459e-01
2.800000000000000000e+01,-4.039934738328850861e-01
2.900000000000000000e+01,-4.189564780843814673e-01
3.000000000000000000e+01,-1.948284305470034949e-01
3.100000000000000000e+01,-1.228059515571932325e-01
3.200000000000000000e+01,-1.475528463627447107e-01
3.300000000000000000e+01,-3.457554157975311071e-01
3.400000000000000000e+01,-2.601701036254007171e-01
3.500000000000000000e+01,-3.114894877290851904e-01
3.600000000000000000e+01,-5.408884354524351457e-02
3.700000000000000000e+01,-6.107291464711872564e-02
3.800000000000000000e+01,-1.793207222569163650e-01
3.900000000000000000e+01,3.422882245786199040e-02
4.000000000000000000e+01,5.073698786427238705e-02
4.100000000000000000e+01,2.904125306841882637e-01
4.200000000000000000e+01,6.568731718687390586e-01
4.300000000000000000e+01,2.531311282063016810e-01
4.400000000000000000e+01,1.256329466078729973e-01
4.500000000000000000e+01,-8.043831693465117172e-02
4.600000000000000000e+01,4.621849128017175845e-01
4.700000000000000000e+01,1.840443384819379635e-01
4.800000000000000000e+01,1.393653939498767924e-02
4.900000000000000000e+01,-1.475780359066388159e-01
5.000000000000000000e+01,-1.078523797180280519e-01
5.100000000000000000e+01,4.026047077579147926e-02
5.200000000000000000e+01,-1.557568325884721716e-01
5.300000000000000000e+01,-1.349777310301925326e-01
5.400000000000000000e+01,-2.032307636510091720e-01
5.500000000000000000e+01,1.175399690940393538e-01
5.600000000000000000e+01,1.997920643231842486e-01
5.700000000000000000e+01,2.139923602826838134e-01
5.800000000000000000e+01,2.856988042865933886e-01
5.900000000000000000e+01,3.568042542556155161e-01
6.000000000000000000e+01,2.006079673008503428e-01
6.100000000000000000e+01,5.661448388509817686e-01
6.200000000000000000e+01,4.437651668317216802e-01
6.300000000000000000e+01,3.604678300034035998e-01
6.400000000000000000e+01,2.546023246599187773e-01
6.500000000000000000e+01,3.023690426401623443e-01
6.600000000000000000e+01,3.706261264885232776e-01
6.700000000000000000e+01,5.744490078725192905e-01
6.800000000000000000e+01,1.483501290773726611e-01
6.900000000000000000e+01,4.310574344545305414e-01
7.000000000000000000e+01,2.220732009596321221e-02
7.100000000000000000e+01,-1.416247372370219582e-01
7.200000000000000000e+01,3.363574404837366139e-02
7.300000000000000000e+01,1.334258819628934833e-01
7.400000000000000000e+01,1.067153424794618222e-01
7.500000000000000000e+01,-3.275694677333940152e-01
7.600000000000000000e+01,-2.847392383725508291e-01
7.700000000000000000e+01,2.896219419667598327e-01
7.800000000000000000e+01,3.118713067858713828e-02
7.900000000000000000e+01,1.788493640785843164e-01
8.000000000000000000e+01,5.809532250091492545e-02
8.100000000000000000e+01,5.295598685453459242e-02
8.200000000000000000e+01,2.033379980611532689e-01
8.300000000000000000e+01,3.045081211462513648e-01
8.400000000000000000e+01,2.626476058550931691e-01
8.500000000000000000e+01,1.552259598974862487e-01
8.600000000000000000e+01,1.477990665945939086e-01
8.700000000000000000e+01,1.826991941469683634e-01
8.800000000000000000e+01,5.043701955733242981e-01
8.900000000000000000e+01,9.816630320510319474e-02
9.000000000000000000e+01,8.446783349173209166e-02
9.100000000000000000e+01,-3.414649966351919474e-02
9.200000000000000000e+01,-1.348100619505178677e-01
9.300000000000000000e+01,1.274245025636393247e-01
9.400000000000000000e+01,8.190510819058463565e-02
9.500000000000000000e+01,1.124586741707726684e-01
9.600000000000000000e+01,1.648618229085421771e-02
9.700000000000000000e+01,3.321711647649382843e-02
9.800000000000000000e+01,-1.651402075297555005e-01
9.900000000000000000e+01,1.689511346916978962e-01
1.000000000000000000e+02,1.547664275304277970e-01
1.010000000000000000e+02,1.404157458213788345e-01
1.020000000000000000e+02,2.122943423146552572e-02
1.030000000000000000e+02,-4.786898751028460797e-02
1.040000000000000000e+02,3.000563584112193594e-01
1.050000000000000000e+02,2.745180546106296138e-01
1.060000000000000000e+02,5.446315773507098834e-03
1.070000000000000000e+02,-2.306762275806312212e-03
1.080000000000000000e+02,6.226336517636418821e-03
1.090000000000000000e+02,2.958199519244102821e-02
1.100000000000000000e+02,2.736039979699984026e-01
1.110000000000000000e+02,1.505347704165345690e-01
1.120000000000000000e+02,-1.358985152563964294e-02
1.130000000000000000e+02,2.539744487313095461e-02
1.140000000000000000e+02,1.784225923415728443e-01
1.150000000000000000e+02,-3.595830872306797488e-02
1.160000000000000000e+02,2.469348628747161656e-03
1.170000000000000000e+02,-2.028466259986836939e-01
1.180000000000000000e+02,-2.564702733300200377e-02
1.190000000000000000e+02,6.785003112114944279e-02
1.200000000000000000e+02,6.019197138301529693e-02
1.210000000000000000e+02,7.100124621314904405e-02
1.220000000000000000e+02,7.921361757349094923e-02
1.230000000000000000e+02,-1.216562823141403016e-01
1.240000000000000000e+02,-2.895874293116880438e-02
1.250000000000000000e+02,4.836627758996214083e-02
1.260000000000000000e+02,3.731106887567053887e-02
1.270000000000000000e+02,1.616028461927737359e-01
1.280000000000000000e+02,-1.406641483104136836e-01
1.290000000000000000e+02,-2.356910294162948283e-01
1.300000000000000000e+02,1.272995501554156916e-01
1.310000000000000000e+02,2.250949145032230814e-01
1.320000000000000000e+02,-1.425551590434642052e-02
1.330000000000000000e+02,-1.182695602994218720e-02
1.340000000000000000e+02,-6.779996278056692194e-02
1.350000000000000000e+02,4.404791590233290283e-02
1.360000000000000000e+02,7.876581205946392439e-03
1.370000000000000000e+02,2.887235724350387805e-02
1.380000000000000000e+02,-1.170092276378146834e-01
1.390000000000000000e+02,-9.590502607781763167e-02
1.400000000000000000e+02,-4.005328911640183148e-02
1.410000000000000000e+02,1.482858611854931397e-02
1.420000000000000000e+02,2.221811969085020766e-01
1.430000000000000000e+02,9.326549834035130493e-02
1.440000000000000000e+02,2.130267592376319796e-02
1.450000000000000000e+02,-7.809537281905996886e-02
1.460000000000000000e+02,2.025696560749333519e-02
1.470000000000000000e+02,9.030240778928085021e-02
1.480000000000000000e+02,6.923044017723556723e-03
1.490000000000000000e+02,-7.926912329024422832e-02
1.500000000000000000e+02,-8.267174528038596926e-02
1.510000000000000000e+02,-3.482897777775079834e-02
1.520000000000000000e+02,4.494519147860126518e-02
1.530000000000000000e+02,7.637534615931895754e-02
1.540000000000000000e+02,-2.865761464279851234e-01
1.550000000000000000e+02,-1.337240928879761537e-01
1.560000000000000000e+02,2.828069181323792161e-02
1.570000000000000000e+02,5.518196086283790047e-02
1.580000000000000000e+02,4.746883282483310706e-02
1.590000000000000000e+02,-1.028034221045628915e-01
1.600000000000000000e+02,-8.630331376889344153e-03
1.610000000000000000e+02,-7.789536347318826159e-02
1.620000000000000000e+02,8.134629512272298357e-02
1.630000000000000000e+02,1.310120401000216539e-01
1.640000000000000000e+02,-2.537773024091147245e-02
1.650000000000000000e+02,-1.970471499974483232e-01
1.660000000000000000e+02,-4.077495385860528676e-02
1.670000000000000000e+02,-6.357925024117855317e-02
1.680000000000000000e+02,2.710397058500910172e-02
1.690000000000000000e+02,1.158856122492210594e-01
1.700000000000000000e+02,-1.042624293917518569e-01
1.710000000000000000e+02,-7.044410684559157532e-02
1.720000000000000000e+02,-8.602376222321683752e-03
1.730000000000000000e+02,1.389019502041186904e-01
1.740000000000000000e+02,-1.336293106207253611e-02
1.750000000000000000e+02,-5.472428416227840403e-02
1.760000000000000000e+02,-8.798227766409902340e-02
1.770000000000000000e+02,-3.120820076393498316e-02
1.780000000000000000e+02,5.205550936510402321e-02
1.790000000000000000e+02,4.558979157078182909e-02
1.800000000000000000e+02,1.276730732480803321e-01
1.810000000000000000e+02,-1.714148293812432222e-01
1.820000000000000000e+02,-2.674028792699567614e-02
1.830000000000000000e+02,1.438514806821537539e-01
1.840000000000000000e+02,-3.541988499551235181e-02
1.850000000000000000e+02,-1.007111573642271718e-01
1.860000000000000000e+02,-1.012797165153571516e-01
1.870000000000000000e+02,-1.447973963842434930e-01
1.880000000000000000e+02,3.245453032195584897e-01
1.890000000000000000e+02,1.457618074404893049e-01
1.900000000000000000e+02,-1.192331902584164299e-02
1.910000000000000000e+02,9.490804447308431868e-03
1.920000000000000000e+02,-3.011139480969043242e-02
1.930000000000000000e+02,-2.207753793817660709e-03
1.940000000000000000e+02,1.286445434936945853e-01
1.950000000000000000e+02,1.840043501694022809e-01
1.960000000000000000e+02,2.357783969878846086e-01
1.970000000000000000e+02,4.610508504963295451e-02
1.980000000000000000e+02,9.347622826000051566e-02
1.990000000000000000e+02,3.597306644300454215e-01
2.000000000000000000e+02,4.274886661759414452e-01
2.010000000000000000e+02,1.535593955180442893e-01
2.020000000000000000e+02,1.853025136867125777e-02
2.030000000000000000e+02,1.335182018350336286e-01
2.040000000000000000e+02,2.317660048152060948e-01
2.050000000000000000e+02,1.713033041380633004e-01
2.060000000000000000e+02,1.189922825369901793e-01
2.070000000000000000e+02,1.448134954301395494e-01
2.080000000000000000e+02,5.176337477953102395e-02
2.090000000000000000e+02,3.493447336393543656e-01
2.100000000000000000e+02,2.315620462219140085e-01
2.110000000000000000e+02,3.867832653812462440e-01
2.120000000000000000e+02,2.003255877584357858e-01
2.130000000000000000e+02,1.516919915144172570e-01
2.140000000000000000e+02,3.487266639333395646e-01
2.150000000000000000e+02,3.490372625022050701e-01
2.160000000000000000e+02,2.697649401985154349e-01
2.170000000000000000e+02,-2.448922662640720116e-01
2.180000000000000000e+02,1.071265728248380761e-01
2.190000000000000000e+02,5.805514833313998313e-01
2.200000000000000000e+02,3.108265343661489877e-01
2.210000000000000000e+02,3.044968401639353006e-01
2.220000000000000000e+02,2.189389826941157136e-01
2.230000000000000000e+02,1.025821800474613354e-01
2.240000000000000000e+02,2.436041435727278881e-01
2.250000000000000000e+02,3.806326375978790200e-01
2.260000000000000000e+02,1.114529941364161142e-01
2.270000000000000000e+02,1.023435936453276213e-01
2.280000000000000000e+02,-1.468594936962286102e-01
2.290000000000000000e+02,-1.880014427401681676e-01
2.300000000000000000e+02,1.194484034548767559e-01
2.310000000000000000e+02,1.816916298859577727e-01
2.320000000000000000e+02,1.038696366418544181e-01
2.330000000000000000e+02,-7.993733625378982022e-02
2.340000000000000000e+02,-2.815658493983164840e-02
2.350000000000000000e+02,-3.884904877061189088e-02
2.360000000000000000e+02,5.108310265344137568e-02
2.370000000000000000e+02,-3.578787357049853513e-02
2.380000000000000000e+02,-8.642894861067167145e-03
2.390000000000000000e+02,-6.076580234686940196e-02
2.400000000000000000e+02,-5.622321597615680122e-02
2.410000000000000000e+02,2.739543246202729154e-01
2.420000000000000000e+02,6.359070114414436259e-02
2.430000000000000000e+02,-2.542106078145979220e-01
2.440000000000000000e+02,-1.649515012470344211e-01
2.450000000000000000e+02,6.292265328048808615e-03
2.460000000000000000e+02,4.555511134611094082e-02
2.470000000000000000e+02,-4.148621566779177317e-02
2.480000000000000000e+02,1.189881252545662849e-01
2.490000000000000000e+02,-3.818230479179067494e-02
2.500000000000000000e+02,-8.338296652665999620e-04
2.510000000000000000e+02,1.261435485039783672e-02
2.520000000000000000e+02,-5.054861117489037325e-02
2.530000000000000000e+02,-1.575709491072079804e-01
2.540000000000000000e+02,-8.744965455508828256e-02
2.550000000000000000e+02,-2.344268142701935731e-01
2.560000000000000000e+02,1.399201818498913563e-01
2.570000000000000000e+02,1.528169824652612918e-01
2.580000000000000000e+02,1.633154046055135256e-01
2.590000000000000000e+02,-5.663828447844343472e-02
2.600000000000000000e+02,2.602226926159124654e-01
2.610000000000000000e+02,3.170275273802238281e-01
2.620000000000000000e+02,2.456329107552266688e-01
2.630000000000000000e+02,2.515776990402656677e-01
2.640000000000000000e+02,-4.237483214030434570e-02
2.650000000000000000e+02,-4.390250349516604256e-02
2.660000000000000000e+02,7.768637930985447526e-02
2.670000000000000000e+02,6.966176595638280677e-02
2.680000000000000000e+02,2.003207367610164991e-01
2.690000000000000000e+02,6.115595040778593061e-02
2.700000000000000000e+02,-1.978402110278351667e-02
2.710000000000000000e+02,1.394296463157255750e-01
2.720000000000000000e+02,3.626094628134055586e-01
2.730000000000000000e+02,4.271330650071767931e-01
2.740000000000000000e+02,3.824566684314579246e-01
2.750000000000000000e+02,-2.160076038945496490e-02
2.760000000000000000e+02,-2.345995582705395210e-01
2.770000000000000000e+02,-4.642792304303651196e-01
2.780000000000000000e+02,-1.194744528213987633e-01
2.790000000000000000e+02,-2.436637509563501502e-01
2.800000000000000000e+02,-1.421099083019994325e-02
2.810000000000000000e+02,1.259856841455586629e-01
2.820000000000000000e+02,-1.574028281924969574e-01
2.830000000000000000e+02,-5.448119283764313314e-02
2.840000000000000000e+02,-1.650015215836864169e-01
2.850000000000000000e+02,-2.009890237490929987e-02
2.860000000000000000e+02,-1.861171708296017191e-01
2.870000000000000000e+02,-1.748124907454957633e-01
2.880000000000000000e+02,-5.325401328712703330e-02
2.890000000000000000e+02,-8.054344017247996868e-02
2.900000000000000000e+02,1.456229892314348517e-01
2.910000000000000000e+02,3.395654130023867401e-02
2.920000000000000000e+02,-1.424869677672688795e-01
2.930000000000000000e+02,-5.175168426517445797e-02
2.940000000000000000e+02,-4.215527836144660756e-01
2.950000000000000000e+02,-3.488257697705389182e-01
2.960000000000000000e+02,-5.787286136920848367e-01
2.970000000000000000e+02,-6.190767208104417385e-01
2.980000000000000000e+02,-1.167016971160779182e-01
2.990000000000000000e+02,-2.812453892036740899e-01
3.000000000000000000e+02,-2.923091673076222419e-01
3.010000000000000000e+02,-9.924067107306600022e-02
3.020000000000000000e+02,-4.844304423528298931e-01
3.030000000000000000e+02,-4.671048578080290725e-01
3.040000000000000000e+02,-4.515091851563484693e-01
3.050000000000000000e+02,1.584703409302687938e-01
3.060000000000000000e+02,-3.051722166849996642e-01
3.070000000000000000e+02,1.540643882001032638e-01
3.080000000000000000e+02,7.256358355393310866e-02
3.090000000000000000e+02,3.198743208048349662e-01
3.100000000000000000e+02,1.638122173084498034e-01
3.110000000000000000e+02,-4.339317697658118256e-02
3.120000000000000000e+02,1.066327469210038292e-01
3.130000000000000000e+02,1.131929793035479914e-02
3.140000000000000000e+02,6.127382537577638622e-02
3.150000000000000000e+02,1.167217933229159066e-01
3.160000000000000000e+02,2.970540227716226278e-01
3.170000000000000000e+02,3.565352404624523297e-01
3.180000000000000000e+02,4.469417324867500096e-02
3.190000000000000000e+02,2.891052441015213859e-01
3.200000000000000000e+02,4.095034185640782365e-01
3.210000000000000000e+02,3.614474606921541655e-01
3.220000000000000000e+02,2.416477118198244456e-01
3.230000000000000000e+02,7.164215128999812388e-02
3.240000000000000000e+02,3.322656182896362997e-01
3.250000000000000000e+02,5.889621263115532024e-01
3.260000000000000000e+02,6.267771890710116534e-01
3.270000000000000000e+02,5.973960146441926744e-01
3.280000000000000000e+02,5.811746563456031689e-01
3.290000000000000000e+02,6.075212304641134375e-01
3.300000000000000000e+02,7.130647209218503590e-01
3.310000000000000000e+02,8.688484672744853921e-01
3.320000000000000000e+02,6.015048323306362299e-01
3.330000000000000000e+02,5.219741975309697413e-01
3.340000000000000000e+02,4.195380497210029480e-01
3.350000000000000000e+02,7.327356258621066099e-01
3.360000000000000000e+02,1.157547882572841580e+00
3.370000000000000000e+02,7.053424516524341437e-01
3.380000000000000000e+02,3.351182210046596555e-01
3.390000000000000000e+02,4.800229921361711671e-01
3.400000000000000000e+02,7.666294539860125656e-01
3.410000000000000000e+02,8.825733746077196740e-01
3.420000000000000000e+02,6.400023324158186089e-01
3.430000000000000000e+02,5.247297240952827346e-01
3.440000000000000000e+02,5.208358902367226095e-01
3.450000000000000000e+02,7.567360134507012948e-01
3.460000000000000000e+02,3.428090367077591960e-01
3.470000000000000000e+02,5.067670938763839672e-01
3.480000000000000000e+02,2.204256724694567404e-01
3.490000000000000000e+02,1.523450610509201886e-01
3.500000000000000000e+02,2.140209446665757576e-01
3.510000000000000000e+02,5.879291484518770483e-01
3.520000000000000000e+02,6.875458812652719409e-01
3.530000000000000000e+02,3.729724475146244389e-01
3.540000000000000000e+02,1.373277546014098627e-01
3.550000000000000000e+02,3.412097240920719532e-01
3.560000000000000000e+02,2.977058660122291478e-01
3.570000000000000000e+02,2.182689105097781190e-01
3.580000000000000000e+02,6.380987946769079988e-01
3.590000000000000000e+02,1.943001268592497166e-01
3.600000000000000000e+02,3.114611783525387256e-01
3.610000000000000000e+02,2.518810779214117890e-01
3.620000000000000000e+02,5.627086179328064652e-01
3.630000000000000000e+02,5.535704364929249222e-01
3.640000000000000000e+02,4.229143858341637419e-01
3.650000000000000000e+02,1.082857934679834488e-01
3.660000000000000000e+02,2.630139427646280836e-01
3.670000000000000000e+02,4.727158436556000431e-01
3.680000000000000000e+02,5.961439289134072839e-01
3.690000000000000000e+02,3.750500950495176955e-01
3.700000000000000000e+02,4.509420930686603990e-01
3.710000000000000000e+02,2.335009959457917672e-02
3.720000000000000000e+02,2.973054947824666505e-01
3.730000000000000000e+02,1.072800095288803379e-01
3.740000000000000000e+02,2.674301578163840731e-01
3.750000000000000000e+02,1.304957719162080365e-01
3.760000000000000000e+02,4.640082839175124207e-01
3.770000000000000000e+02,6.193608341741543288e-01
3.780000000000000000e+02,5.036459315118799740e-01
3.790000000000000000e+02,1.743053127902184918e-01
3.800000000000000000e+02,1.411718330916786335e-01
3.810000000000000000e+02,3.876541560967123323e-01
3.820000000000000000e+02,3.728849550187090522e-01
3.830000000000000000e+02,7.874462784002478344e-01
3.840000000000000000e+02,4.795138870623906757e-01
3.850000000000000000e+02,2.049666549593812115e-01
3.860000000000000000e+02,2.345335751569382343e-01
3.870000000000000000e+02,3.305847251323869584e-01
3.880000000000000000e+02,5.113843554498587185e-01
3.890000000000000000e+02,3.665185339815320575e-01
3.900000000000000000e+02,2.572074347161198982e-01
3.910000000000000000e+02,3.947109580798544015e-01
3.920000000000000000e+02,3.027848423243642562e-01
3.930000000000000000e+02,4.645287419858233346e-01
3.940000000000000000e+02,7.127077694904833116e-01
3.950000000000000000e+02,7.840129528196910780e-01
3.960000000000000000e+02,6.211812996004617560e-01
3.970000000000000000e+02,4.733123530292332459e-01
3.980000000000000000e+02,7.821192831430368031e-01
3.990000000000000000e+02,7.126023688225853192e-01
4.000000000000000000e+02,5.215083542497516156e-01
4.010000000000000000e+02,1.113433982618599050e+00
4.020000000000000000e+02,7.637538613959400369e-01
4.030000000000000000e+02,1.054376340682918523e+00
4.040000000000000000e+02,1.331476922680698616e+00
4.050000000000000000e+02,1.092308724848318979e+00
4.060000000000000000e+02,8.307642425574881528e-01
4.070000000000000000e+02,1.107963210630531048e+00
4.080000000000000000e+02,6.200818772957128466e-01
4.090000000000000000e+02,1.164031904118925320e+00
4.100000000000000000e+02,1.137686875811387610e+00
4.110000000000000000e+02,8.025032033389192243e-01
4.120000000000000000e+02,8.677206885254225011e-01
4.130000000000000000e+02,1.194687812604957378e+00
4.140000000000000000e+02,1.222101804339327469e+00
4.150000000000000000e+02,1.155337194234616227e+00
4.160000000000000000e+02,1.221679024226261401e+00
4.170000000000000000e+02,1.059530645244152858e+00
4.180000000000000000e+02,1.248377072653343411e+00
4.190000000000000000e+02,9.400085302736040926e-01
4.200000000000000000e+02,1.152077757718824591e+00
4.210000000000000000e+02,1.090281738292770086e+00
4.220000000000000000e+02,9.080872346833190889e-01
4.230000000000000000e+02,9.555861882781868655e-01
4.240000000000000000e+02,1.016001118644538348e+00
4.250000000000000000e+02,1.008390572180184463e+00
4.260000000000000000e+02,1.008803930236764623e+00
4.270000000000000000e+02,1.192281869976097974e+00
4.280000000000000000e+02,7.947258568254100819e-01
4.290000000000000000e+02,9.763667263177795430e-01
4.300000000000000000e+02,9.462362013401267591e-01
4.310000000000000000e+02,1.329809827401854605e+00
4.320000000000000000e+02,1.016310189347395587e+00
4.330000000000000000e+02,7.547432886605633939e-01
4.340000000000000000e+02,8.351422185006613930e-01
4.350000000000000000e+02,8.687332308729940333e-01
4.360000000000000000e+02,8.152089498031742654e-01
4.370000000000000000e+02,9.928957803151688966e-01
4.380000000000000000e+02,7.567904806169106768e-01
4.390000000000000000e+02,8.700632254492955964e-01
4.400000000000000000e+02,7.797653150088912355e-01
4.410000000000000000e+02,8.542032739879112935e-01
4.420000000000000000e+02,6.336392371778123422e-01
4.430000000000000000e+02,6.766570740994468647e-01
4.440000000000000000e+02,9.463096076603896289e-01
4.450000000000000000e+02,9.089070287613714161e-01
4.460000000000000000e+02,8.437637926549774736e-01
4.470000000000000000e+02,1.061917512360653681e+00
4.480000000000000000e+02,1.189707344960197366e+00
4.490000000000000000e+02,1.104295919684871174e+00
4.500000000000000000e+02,1.006750243055554384e+00
4.510000000000000000e+02,1.028405840281059858e+00
4.520000000000000000e+02,1.213912672818262539e+00
4.530000000000000000e+02,1.116911619990090143e+00
4.540000000000000000e+02,1.190007592653647528e+00
4.550000000000000000e+02,7.331276931688944787e-01
4.560000000000000000e+02,5.878385492751537766e-01
4.570000000000000000e+02,1.297710818460104720e+00
4.580000000000000000e+02,1.161715906599484427e+00
4.590000000000000000e+02,9.651031135498460145e-01
4.600000000000000000e+02,6.260225492955214799e-01
4.610000000000000000e+02,1.007489416865946508e+00
4.620000000000000000e+02,1.000930185744581369e+00
4.630000000000000000e+02,1.304162159746842686e+00
4.640000000000000000e+02,1.003294516853537433e+00
4.650000000000000000e+02,1.097636104245321542e+00
4.660000000000000000e+02,1.053378057951949831e+00
4.670000000000000000e+02,1.175786048625160785e+00
4.680000000000000000e+02,1.406599725549961377e+00
4.690000000000000000e+02,1.104856698899271850e+00
4.700000000000000000e+02,1.134089975951668938e+00
4.710000000000000000e+02,1.062802392039501997e+00
4.720000000000000000e+02,1.421041913228483944e+00
4.730000000000000000e+02,1.014549759658496253e+00
4.740000000000000000e+02,1.302326083959960634e+00
4.750000000000000000e+02,1.357922466329244404e+00
4.760000000000000000e+02,1.260030751469559673e+00
4.770000000000000000e+02,1.374747537024257227e+00
4.780000000000000000e+02,1.355894910293582889e+00
4.790000000000000000e+02,1.674224692399711056e+00
4.800000000000000000e+02,1.010470293254958740e+00
4.810000000000000000e+02,1.807866417778263068e+00
4.820000000000000000e+02,1.934007423664268366e+00
4.830000000000000000e+02,1.602004382871013988e+00
4.840000000000000000e+02,1.582327244807985034e+00
4.850000000000000000e+02,1.085930162354996398e+00
4.860000000000000000e+02,1.354859200726391544e+00
4.870000000000000000e+02,1.509794233715827438e+00
4.880000000000000000e+02,1.830052606773428847e+00
4.890000000000000000e+02,1.501642521752407200e+00
4.900000000000000000e+02,1.674370583887319519e+00
4.910000000000000000e+02,1.527526784152674066e+00
4.920000000000000000e+02,1.304386857630976726e+00
4.930000000000000000e+02,1.442462787554895876e+00
4.940000000000000000e+02,1.599900403927724701e+00
4.950000000000000000e+02,1.522854187787461511e+00
4.960000000000000000e+02,1.358832703011339627e+00
4.970000000000000000e+02,1.602432436135536431e+00
4.980000000000000000e+02,1.441282533537131316e+00
4.990000000000000000e+02,1.839046505526807040e+00
5.000000000000000000e+02,1.917195624405525711e+00
5.010000000000000000e+02,1.436209065575567267e+00
5.020000000000000000e+02,1.415826573178570191e+00
5.030000000000000000e+02,1.548363268728858655e+00
5.040000000000000000e+02,1.926163581219185295e+00
5.050000000000000000e+02,1.674524818110875612e+00
5.060000000000000000e+02,1.471206865320505486e+00
5.070000000000000000e+02,1.330771850523798872e+00
5.080000000000000000e+02,1.307456769143222619e+00
5.090000000000000000e+02,1.286266336657164722e+00
5.100000000000000000e+02,1.500371269050105205e+00
5.110000000000000000e+02,1.519937428875462349e+00
5.120000000000000000e+02,8.685718838552665133e-01
5.130000000000000000e+02,1.000173225933303156e+00
5.140000000000000000e+02,7.523272201637860590e-01
5.150000000000000000e+02,1.165881961033948366e+00
5.160000000000000000e+02,1.116684940899397072e+00
5.170000000000000000e+02,1.013974925431319951e+00
5.180000000000000000e+02,1.255448581679935005e+00
5.190000000000000000e+02,9.775962249750765887e-01
5.200000000000000000e+02,1.407174407925248394e+00
5.210000000000000000e+02,9.817975499951622220e-01
5.220000000000000000e+02,8.989195735274587706e-01
5.230000000000000000e+02,7.772752731069658694e-01
5.240000000000000000e+02,9.986128206790804152e-01
5.250000000000000000e+02,4.687107490009335686e-01
5.260000000000000000e+02,1.107575276246421714e+00
5.270000000000000000e+02,9.975742785734024176e-01
5.280000000000000000e+02,5.414850391384561368e-01
5.290000000000000000e+02,7.535625420604927793e-01
5.300000000000000000e+02,8.082169073916166679e-01
5.310000000000000000e+02,1.228955838171440496e+00
5.320000000000000000e+02,6.362937762190237212e-01
5.330000000000000000e+02,9.126739363417492035e-01
5.340000000000000000e+02,4.197337529584083127e-01
5.350000000000000000e+02,1.009583501539461858e+00
5.360000000000000000e+02,9.055913607662086084e-01
5.370000000000000000e+02,4.142587841220811695e-01
5.380000000000000000e+02,8.320051828731042098e-01
5.390000000000000000e+02,9.524251464545058221e-01
5.400000000000000000e+02,1.217601296919617493e+00
5.410000000000000000e+02,1.553714759611926066e+00
5.420000000000000000e+02,1.198098788834012218e+00
5.430000000000000000e+02,1.052038105156005043e+00
5.440000000000000000e+02,1.138862128875350876e+00
5.450000000000000000e+02,1.286240242520624744e+00
5.460000000000000000e+02,1.366678257492836668e+00
5.470000000000000000e+02,1.393448457265801244e+00
5.480000000000000000e+02,1.164223163421941987e+00
5.490000000000000000e+02,9.756302775067299260e-01
5.500000000000000000e+02,1.149598025023747860e+00
5.510000000000000000e+02,1.107390530273576257e+00
5.520000000000000000e+02,1.380812223631925351e+00
5.530000000000000000e+02,1.442868759813392021e+00
5.540000000000000000e+02,1.505198223209026853e+00
5.550000000000000000e+02,1.038088924798276969e+00
5.560000000000000000e+02,1.534356529590756857e+00
5.570000000000000000e+02,1.621887910004706335e+00
5.580000000000000000e+02,1.554394508151220489e+00
5.590000000000000000e+02,1.424579023722333915e+00
5.600000000000000000e+02,1.604589092131713635e+00
5.610000000000000000e+02,1.471936552073658477e+00
5.620000000000000000e+02,1.667007296586712428e+00
5.630000000000000000e+02,1.636230719807739487e+00
5.640000000000000000e+02,1.494710739073304318e+00
5.650000000000000000e+02,1.240598340187663462e+00
5.660000000000000000e+02,1.473828654226610135e+00
5.670000000000000000e+02,1.577370908653054293e+00
5.680000000000000000e+02,1.826201028378459545e+00
5.690000000000000000e+02,1.638388705579031157e+00
5.700000000000000000e+02,1.290371107053151389e+00
5.710000000000000000e+02,1.343997564780213816e+00
5.720000000000000000e+02,1.575832550637829232e+00
5.730000000000000000e+02,1.702275132699883287e+00
5.740000000000000000e+02,1.727825229165550924e+00
5.750000000000000000e+02,1.447942567278689863e+00
5.760000000000000000e+02,1.306987500271688196e+00
5.770000000000000000e+02,2.026352214851669942e+00
5.780000000000000000e+02,1.719543734939124491e+00
5.790000000000000000e+02,1.790898560587753430e+00
5.800000000000000000e+02,1.535820461919703783e+00
5.810000000000000000e+02,1.648161307395378250e+00
5.820000000000000000e+02,1.363511264206153317e+00
5.830000000000000000e+02,1.610081095654395833e+00
5.840000000000000000e+02,1.584702507673456884e+00
5.850000000000000000e+02,1.403652820991774020e+00
5.860000000000000000e+02,1.375013615679083534e+00
5.870000000000000000e+02,1.448506967850749394e+00
5.880000000000000000e+02,1.646342450838112370e+00
5.890000000000000000e+02,1.836011836826341836e+00
5.900000000000000000e+02,1.653596026382437412e+00
5.910000000000000000e+02,1.321729963906977279e+00
5.920000000000000000e+02,1.122591709532884341e+00
5.930000000000000000e+02,1.778749872983866442e+00
5.940000000000000000e+02,1.692908904918743795e+00
5.950000000000000000e+02,1.765703944357230659e+00
5.960000000000000000e+02,1.697648149546778118e+00
5.970000000000000000e+02,1.679124545116231770e+00
5.980000000000000000e+02,1.654850649812406926e+00
5.990000000000000000e+02,2.246489791358668331e+00
6.000000000000000000e+02,1.609898590170897092e+00
6.010000000000000000e+02,1.402241279005743912e+00
6.020000000000000000e+02,1.255276938444046531e+00
6.030000000000000000e+02,1.547333644143847220e+00
6.040000000000000000e+02,1.830456968819711427e+00
6.050000000000000000e+02,1.815655611273479408e+00
6.060000000000000000e+02,1.332993321697419686e+00
6.070000000000000000e+02,1.444671396342605663e+00
6.080000000000000000e+02,1.365649189786130924e+00
6.090000000000000000e+02,1.494801671156171574e+00
6.100000000000000000e+02,1.520171305296907915e+00
6.110000000000000000e+02,1.579608722601933746e+00
6.120000000000000000e+02,1.335955974045764494e+00
6.130000000000000000e+02,1.506276109311286193e+00
6.140000000000000000e+02,1.259795443798895853e+00
6.150000000000000000e+02,1.560313247285248339e+00
6.160000000000000000e+02,1.658902660788201811e+00
6.170000000000000000e+02,1.549117093045292659e+00
6.180000000000000000e+02,1.010144653483478150e+00
6.190000000000000000e+02,1.245571121987151697e+00
6.200000000000000000e+02,1.248940631528969503e+00
6.210000000000000000e+02,1.398583112652555416e+00
6.220000000000000000e+02,1.526729792210436365e+00
6.230000000000000000e+02,1.059106461871056615e+00
6.240000000000000000e+02,1.277400984696747788e+00
6.250000000000000000e+02,1.244794021308023968e+00
6.260000000000000000e+02,1.394700213536694600e+00
6.270000000000000000e+02,1.695111452013890130e+00
6.280000000000000000e+02,1.287272180205228045e+00
6.290000000000000000e+02,1.198635917995850786e+00
6.300000000000000000e+02,1.538450943384230163e+00
6.310000000000000000e+02,1.975554163741298330e+00
6.320000000000000000e+02,1.542425943606773320e+00
6.330000000000000000e+02,1.792785656459635169e+00
6.340000000000000000e+02,1.905678840931251505e+00
6.350000000000000000e+02,1.951543469647796680e+00
6.360000000000000000e+02,1.877435399985488473e+00
6.370000000000000000e+02,2.193439457464914533e+00
6.380000000000000000e+02,1.902484892641270298e+00
6.390000000000000000e+02,1.999837311702999054e+00
6.400000000000000000e+02,2.100932298337502946e+00
6.410000000000000000e+02,1.838846776927079318e+00
6.420000000000000000e+02,1.865695756400878480e+00
6.430000000000000000e+02,1.772318894755353647e+00
6.440000000000000000e+02,2.039185029993006992e+00
6.450000000000000000e+02,2.063140706781645406e+00
6.460000000000000000e+02,1.816345553191974327e+00
6.470000000000000000e+02,2.051593953240736568e+00
6.480000000000000000e+02,2.361856481055390145e+00
6.490000000000000000e+02,2.333270601868581817e+00
6.500000000000000000e+02,2.086486794187977889e+00
6.510000000000000000e+02,2.401526579330875766e+00
6.520000000000000000e+02,2.250579368368375466e+00
6.530000000000000000e+02,2.489104309077710742e+00
6.540000000000000000e+02,2.128012104596295195e+00
6.550000000000000000e+02,2.077659893500097610e+00
6.560000000000000000e+02,1.829246082052686129e+00
6.570000000000000000e+02,2.107489306834508191e+00
6.580000000000000000e+02,2.222110624117749289e+00
6.590000000000000000e+02,1.893276087098176186e+00
6.600000000000000000e+02,2.087869245767407733e+00
6.610000000000000000e+02,1.689991041361345925e+00
6.620000000000000000e+02,1.735978147580194308e+00
6.630000000000000000e+02,1.833664834357735751e+00
6.640000000000000000e+02,1.574512314376005140e+00
6.650000000000000000e+02,1.782254297852617464e+00
6.660000000000000000e+02,2.142218197905243038e+00
6.670000000000000000e+02,2.114667558674524273e+00
6.680000000000000000e+02,2.192270536443347240e+00
6.690000000000000000e+02,2.099464247455361310e+00
6.700000000000000000e+02,2.033749362766120949e+00
6.710000000000000000e+02,1.943030696360006360e+00
6.720000000000000000e+02,2.022650579717102381e+00
6.730000000000000000e+02,2.094964284827314671e+00
6.740000000000000000e+02,1.988235577789668085e+00
6.750000000000000000e+02,1.803984030429103491e+00
6.760000000000000000e+02,2.034854868041560128e+00
6.770000000000000000e+02,1.835175941632299024e+00
6.780000000000000000e+02,2.074031903320570969e+00
6.790000000000000000e+02,2.183915295253811450e+00
6.800000000000000000e+02,1.912252238266271664e+00
6.810000000000000000e+02,1.815789294109687591e+00
6.820000000000000000e+02,1.994883238510967161e+00
6.830000000000000000e+02,2.104283129847442702e+00
6.840000000000000000e+02,2.638017746020470788e+00
6.850000000000000000e+02,2.031137450226392360e+00
6.860000000000000000e+02,1.895703690598443236e+00
6.870000000000000000e+02,1.976792646795907382e+00
6.880000000000000000e+02,2.212914350267485730e+00
6.890000000000000000e+02,2.584098672346048176e+00
6.900000000000000000e+02,2.414790360882558495e+00
6.910000000000000000e+02,1.858888586528835818e+00
6.920000000000000000e+02,2.138409470069849050e+00
6.930000000000000000e+02,2.195460487762184165e+00
6.940000000000000000e+02,2.265476812917506244e+00
6.950000000000000000e+02,1.969854242382512055e+00
6.960000000000000000e+02,1.949249973405474456e+00
6.970000000000000000e+02,1.907869602698633038e+00
6.980000000000000000e+02,2.210942508791432726e+00
6.990000000000000000e+02,2.307124446779599047e+00
7.000000000000000000e+02,2.280247765132937587e+00
7.010000000000000000e+02,1.828901030349523893e+00
7.020000000000000000e+02,1.819898579974088104e+00
7.030000000000000000e+02,2.153062325832331148e+00
7.040000000000000000e+02,2.083249895075834246e+00
7.050000000000000000e+02,2.303318840019568103e+00
7.060000000000000000e+02,2.243836508111566097e+00
7.070000000000000000e+02,1.988843711074852028e+00
7.080000000000000000e+02,2.151070246355053950e+00
7.090000000000000000e+02,2.337203635952942893e+00
7.100000000000000000e+02,2.087511543138707903e+00
7.110000000000000000e+02,2.057854838695633237e+00
7.120000000000000000e+02,2.283234763834615766e+00
7.130000000000000000e+02,2.183980149028819095e+00
7.140000000000000000e+02,2.297011172493168552e+00
7.150000000000000000e+02,2.233390444302247424e+00
7.160000000000000000e+02,1.923148192287851943e+00
7.170000000000000000e+02,1.982058095044638035e+00
7.180000000000000000e+02,2.044232921915979606e+00
7.190000000000000000e+02,1.858761868209722001e+00
7.200000000000000000e+02,2.288779149891927656e+00
7.210000000000000000e+02,1.799556194389043684e+00
7.220000000000000000e+02,2.187846784083681051e+00
7.230000000000000000e+02,1.752524136006569977e+00
7.240000000000000000e+02,1.975655974681315596e+00
7.250000000000000000e+02,2.381810421278053536e+00
7.260000000000000000e+02,2.376059665116447395e+00
7.270000000000000000e+02,2.145818189382526775e+00
7.280000000000000000e+02,2.007918840432112439e+00
7.290000000000000000e+02,1.830167000975422953e+00
7.300000000000000000e+02,2.260137265779313509e+00
7.310000000000000000e+02,2.212379251114664491e+00
7.320000000000000000e+02,1.910137672105349127e+00
7.330000000000000000e+02,1.949043139120616219e+00
7.340000000000000000e+02,2.282313266160687970e+00
7.350000000000000000e+02,2.151244198449824729e+00
7.360000000000000000e+02,2.086452668992516468e+00
7.370000000000000000e+02,2.181695516759142084e+00
7.380000000000000000e+02,2.137709873501415281e+00
7.390000000000000000e+02,2.120324169225324074e+00
7.400000000000000000e+02,2.076651336476608378e+00
7.410000000000000000e+02,2.294347112713248649e+00
7.420000000000000000e+02,1.888239324770968786e+00
7.430000000000000000e+02,1.867015752352374491e+00
7.440000000000000000e+02,2.306324144524463993e+00
7.450000000000000000e+02,1.791583877281910375e+00
7.460000000000000000e+02,2.192082498168438587e+00
7.470000000000000000e+02,2.316322602385002760e+00
7.480000000000000000e+02,2.046749292908891515e+00
7.490000000000000000e+02,2.275927023499664692e+00
7.500000000000000000e+02,2.195847617089316195e+00
7.510000000000000000e+02,2.512092476689468779e+00
7.520000000000000000e+02,2.439729177563481510e+00
7.530000000000000000e+02,2.504312166573429810e+00
7.540000000000000000e+02,2.196496214899517518e+00
7.550000000000000000e+02,2.273039855438795609e+00
7.560000000000000000e+02,2.529202071864667722e+00
7.570000000000000000e+02,2.409542199169647514e+00
7.580000000000000000e+02,2.555424918317875438e+00
7.590000000000000000e+02,2.414568102670095140e+00
7.600000000000000000e+02,2.254625333080046534e+00
7.610000000000000000e+02,2.220301928424965876e+00
7.620000000000000000e+02,2.480987980757329403e+00
7.630000000000000000e+02,2.603151591697829836e+00
7.640000000000000000e+02,2.348962066462179532e+00
7.650000000000000000e+02,2.184428710564461973e+00
7.660000000000000000e+02,2.499899633319418335e+00
7.670000000000000000e+02,2.313722861663840114e+00
7.680000000000000000e+02,2.412522701679820081e+00
7.690000000000000000e+02,2.533390348598272279e+00
7.700000000000000000e+02,2.867655166499206043e+00
7.710000000000000000e+02,2.594540049709639362e+00
7.720000000000000000e+02,2.315472614007224372e+00
7.730000000000000000e+02,2.512698770396688097e+00
7.740000000000000000e+02,2.473103781206063001e+00
7.750000000000000000e+02,2.382214373608558144e+00
7.760000000000000000e+02,2.015094054141555180e+00
7.770000000000000000e+02,2.215137308510812364e+00
7.780000000000000000e+02,2.569219652356554917e+00
7.790000000000000000e+02,2.328078098840101084e+00
7.800000000000000000e+02,2.641608087300258312e+00
7.810000000000000000e+02,2.245247080249045180e+00
7.820000000000000000e+02,2.123515116231384336e+00
7.830000000000000000e+02,2.388278387564644945e+00
7.840000000000000000e+02,2.430292352209778350e+00
7.850000000000000000e+02,2.029101928720859149e+00
7.860000000000000000e+02,2.214790703370939084e+00
7.870000000000000000e+02,1.805097473248935103e+00
7.880000000000000000e+02,2.395818242644947027e+00
7.890000000000000000e+02,2.866778861924636157e+00
7.900000000000000000e+02,2.365547204439386153e+00
7.910000000000000000e+02,2.116450290131885126e+00
7.920000000000000000e+02,2.317049780289272665e+00
7.930000000000000000e+02,2.693803362436420379e+00
7.940000000000000000e+02,2.471600418986354075e+00
7.950000000000000000e+02,2.529465546895309114e+00
7.960000000000000000e+02,2.235026752922111726e+00
7.970000000000000000e+02,2.442870978047186004e+00
7.980000000000000000e+02,2.261525147488444798e+00
7.990000000000000000e+02,2.478880781210815787e+00
8.000000000000000000e+02,2.497859061959128102e+00
8.010000000000000000e+02,2.163884235200337791e+00
8.020000000000000000e+02,2.723612269447190037e+00
8.030000000000000000e+02,2.638327775171808387e+00
8.040000000000000000e+02,2.808325971283964773e+00
8.050000000000000000e+02,3.243265152446917821e+00
8.060000000000000000e+02,2.839950813021127729e+00
8.070000000000000000e+02,2.455938414982944185e+00
8.080000000000000000e+02,2.733430376523906524e+00
8.090000000000000000e+02,2.562625317162432470e+00
8.100000000000000000e+02,3.007615762941022286e+00
8.110000000000000000e+02,3.115721315018672666e+00
8.120000000000000000e+02,2.959569098961364109e+00
8.130000000000000000e+02,2.929088699969263576e+00
8.140000000000000000e+02,3.117652563409138544e+00
8.150000000000000000e+02,3.089428020116852469e+00
8.160000000000000000e+02,2.988987703520270767e+00
8.170000000000000000e+02,2.769014189422012162e+00
8.180000000000000000e+02,2.894091468089099450e+00
8.190000000000000000e+02,2.789327068786908725e+00
8.200000000000000000e+02,3.116595267290651172e+00
8.210000000000000000e+02,3.202043862740124425e+00
8.220000000000000000e+02,3.007466986067842907e+00
8.230000000000000000e+02,2.822810988702260548e+00
8.240000000000000000e+02,3.130264447805553019e+00
8.250000000000000000e+02,3.400865679479383896e+00
8.260000000000000000e+02,3.396444951261489376e+00
8.270000000000000000e+02,2.808798121240973167e+00
8.280000000000000000e+02,3.183446581915374551e+00
8.290000000000000000e+02,3.027137428701453636e+00
8.300000000000000000e+02,3.175479250163658840e+00
8.310000000000000000e+02,3.543170072061761822e+00
8.320000000000000000e+02,3.440873626076294656e+00
8.330000000000000000e+02,3.292678611928712584e+00
8.340000000000000000e+02,3.311871736695639612e+00
8.350000000000000000e+02,2.737710619295185666e+00
8.360000000000000000e+02,3.201393329474324645e+00
8.370000000000000000e+02,3.011914799551490329e+00
8.380000000000000000e+02,2.929546495101370329e+00
8.390000000000000000e+02,2.552119916380432674e+00
8.400000000000000000e+02,3.022891547736735962e+00
8.410000000000000000e+02,2.751706448009373585e+00
8.420000000000000000e+02,3.123744022163558842e+00
8.430000000000000000e+02,2.764428573109301457e+00
8.440000000000000000e+02,2.987625197559055312e+00
8.450000000000000000e+02,2.873882122063983413e+00
8.460000000000000000e+02,3.030982284935095361e+00
8.470000000000000000e+02,3.004787258774950676e+00
8.480000000000000000e+02,3.233381633469727401e+00
8.490000000000000000e+02,2.709323110327578998e+00
8.500000000000000000e+02,2.856037197847527853e+00
8.510000000000000000e+02,2.942538871947232071e+00
8.520000000000000000e+02,2.965349986637620727e+00
8.530000000000000000e+02,2.938100585807607690e+00
8.540000000000000000e+02,2.703865969585903972e+00
8.550000000000000000e+02,2.868144936358121289e+00
8.560000000000000000e+02,3.257222271482278497e+00
8.570000000000000000e+02,2.762490379537045460e+00
8.580000000000000000e+02,2.503299084234541727e+00
8.590000000000000000e+02,2.244756965458663434e+00
8.600000000000000000e+02,2.681365116224988743e+00
8.610000000000000000e+02,2.705245531683187821e+00
8.620000000000000000e+02,2.480745932453295222e+00
8.630000000000000000e+02,2.954435568675661372e+00
8.640000000000000000e+02,2.710358997834009465e+00
8.650000000000000000e+02,2.438102885402297026e+00
8.660000000000000000e+02,2.496385042477588190e+00
8.670000000000000000e+02,2.835357335249505617e+00
8.680000000000000000e+02,2.982962051358870159e+00
8.690000000000000000e+02,2.632013048577554581e+00
8.700000000000000000e+02,2.788691685288212430e+00
8.710000000000000000e+02,2.506620580630223305e+00
8.720000000000000000e+02,3.004927600606094984e+00
8.730000000000000000e+02,2.940289795102816406e+00
8.740000000000000000e+02,2.852734955783848392e+00
8.750000000000000000e+02,3.080735796398350157e+00
8.760000000000000000e+02,2.931443291163772891e+00
8.770000000000000000e+02,2.934796025222328630e+00
8.780000000000000000e+02,3.301048722223542953e+00
8.790000000000000000e+02,2.795627712271137710e+00
8.800000000000000000e+02,2.719948441008777085e+00
8.810000000000000000e+02,2.867448591527506530e+00
8.820000000000000000e+02,2.991878853041648689e+00
8.830000000000000000e+02,3.325680562267483431e+00
8.840000000000000000e+02,3.109489274109828116e+00
8.850000000000000000e+02,2.804143604732710848e+00
8.860000000000000000e+02,2.781117383742167881e+00
8.870000000000000000e+02,3.029229922395008323e+00
8.880000000000000000e+02,2.930007457020804118e+00
8.890000000000000000e+02,3.220762006435915925e+00
8.900000000000000000e+02,3.066030283516262944e+00
8.910000000000000000e+02,2.971626387355084553e+00
8.920000000000000000e+02,2.757075850647441317e+00
8.930000000000000000e+02,3.054713392734186073e+00
8.940000000000000000e+02,2.978614095149620500e+00
8.950000000000000000e+02,2.736704059215902429e+00
8.960000000000000000e+02,3.452154969668471463e+00
8.970000000000000000e+02,3.053308813644515674e+00
8.980000000000000000e+02,3.221887649251880870e+00
8.990000000000000000e+02,3.055451528975350328e+00
9.000000000000000000e+02,3.126091875772940565e+00
9.010000000000000000e+02,3.052638346668246072e+00
9.020000000000000000e+02,2.826455994556276607e+00
9.030000000000000000e+02,3.267997904271372711e+00
9.040000000000000000e+02,2.947620315208605124e+00
9.050000000000000000e+02,2.917986973363576819e+00
9.060000000000000000e+02,3.096854716483386394e+00
9.070000000000000000e+02,3.081152801538582509e+00
9.080000000000000000e+02,3.203139591957848697e+00
9.090000000000000000e+02,3.244949961346760947e+00
9.100000000000000000e+02,3.139513654547534838e+00
9.110000000000000000e+02,3.322438497003223468e+00
9.120000000000000000e+02,3.179008502658527746e+00
9.130000000000000000e+02,3.097530322864852970e+00
9.140000000000000000e+02,3.364653029508140936e+00
9.150000000000000000e+02,3.208023616457224669e+00
9.160000000000000000e+02,3.439345379054755902e+00
9.170000000000000000e+02,3.140319329467378129e+00
9.180000000000000000e+02,3.378812046877978315e+00
9.190000000000000000e+02,3.577972211231657873e+00
9.200000000000000000e+02,3.321604665652412525e+00
9.210000000000000000e+02,3.344957136841317791e+00
9.220000000000000000e+02,3.501025622973996665e+00
9.230000000000000000e+02,3.470494626635041158e+00
9.240000000000000000e+02,3.366428434075503962e+00
9.250000000000000000e+02,3.413972762251538562e+00
9.260000000000000000e+02,3.593034920912990149e+00
9.270000000000000000e+02,3.723086861090327382e+00
9.280000000000000000e+02,3.389894831418573951e+00
9.290000000000000000e+02,3.220416773179425984e+00
9.300000000000000000e+02,3.378676400963944282e+00
9.310000000000000000e+02,3.285788308347519227e+00
9.320000000000000000e+02,3.092050777739848044e+00
9.330000000000000000e+02,3.305221411353137295e+00
9.340000000000000000e+02,3.465667819888172296e+00
9.350000000000000000e+02,3.416065885812562541e+00
9.360000000000000000e+02,3.697012710424333548e+00
9.370000000000000000e+02,3.798099923567105130e+00
9.380000000000000000e+02,3.600345428617442778e+00
9.390000000000000000e+02,3.594585050779571134e+00
9.400000000000000000e+02,3.376821102649182116e+00
9.410000000000000000e+02,3.459362021758082051e+00
9.420000000000000000e+02,3.713958633695749967e+00
9.430000000000000000e+02,4.004546537657753369e+00
9.440000000000000000e+02,3.607029477341890722e+00
9.450000000000000000e+02,3.512592233886525417e+00
9.460000000000000000e+02,3.679468760068911326e+00
9.470000000000000000e+02,3.936666367828401292e+00
9.480000000000000000e+02,3.443448001452359630e+00
9.490000000000000000e+02,3.375515254037594559e+00
9.500000000000000000e+02,3.186162314426480346e+00
9.510000000000000000e+02,3.363900121925815334e+00
9.520000000000000000e+02,3.627755045663103584e+00
9.530000000000000000e+02,3.864175580832295953e+00
9.540000000000000000e+02,3.506313605900291730e+00
9.550000000000000000e+02,3.340563401024519763e+00
9.560000000000000000e+02,3.283043326532808948e+00
9.570000000000000000e+02,3.394852755256799526e+00
9.580000000000000000e+02,3.735485474447982845e+00
9.590000000000000000e+02,3.354364242514710881e+00
9.600000000000000000e+02,3.159242223467861432e+00
9.610000000000000000e+02,3.486259848600850475e+00
9.620000000000000000e+02,3.751531164011147279e+00
9.630000000000000000e+02,3.593576884669625660e+00
9.640000000000000000e+02,3.197681547491637577e+00
9.650000000000000000e+02,3.385663257366811063e+00
9.660000000000000000e+02,3.381495266844824599e+00
9.670000000000000000e+02,3.572210381417683323e+00
9.680000000000000000e+02,3.893830762578327498e+00
9.690000000000000000e+02,3.628084034821306147e+00
9.700000000000000000e+02,3.213086776164235214e+00
9.710000000000000000e+02,3.445925049453518518e+00
9.720000000000000000e+02,3.226971188502744781e+00
9.730000000000000000e+02,3.421948891123340886e+00
9.740000000000000000e+02,3.605821575502088372e+00
9.750000000000000000e+02,3.385549664282887949e+00
9.760000000000000000e+02,3.510796944540100384e+00
9.770000000000000000e+02,3.694285534172983443e+00
9.780000000000000000e+02,3.856065854552326755e+00
9.790000000000000000e+02,3.356106519312363812e+00
9.800000000000000000e+02,3.808213833503417245e+00
9.810000000000000000e+02,3.830376788757974715e+00
9.820000000000000000e+02,3.679330820199328222e+00
9.830000000000000000e+02,3.772154604341048767e+00
9.840000000000000000e+02,3.986852028244070922e+00
9.850000000000000000e+02,4.113109548416595374e+00
9.860000000000000000e+02,3.560782100872652567e+00
9.870000000000000000e+02,3.793797198165844708e+00
9.880000000000000000e+02,3.947217453935144338e+00
9.890000000000000000e+02,4.355760367517759413e+00
9.900000000000000000e+02,3.828459747496434140e+00
9.910000000000000000e+02,3.802671838902014212e+00
9.920000000000000000e+02,3.871965547708760447e+00
9.930000000000000000e+02,4.351920312299722760e+00
9.940000000000000000e+02,3.938029082152635585e+00
9.950000000000000000e+02,3.954247894052632883e+00
9.960000000000000000e+02,4.195697700832094590e+00
9.970000000000000000e+02,4.408981172822143968e+00
9.980000000000000000e+02,4.414572337565911830e+00
9.990000000000000000e+02,4.276474463204315235e+00
1.000000000000000000e+03,4.207843031847183113e+00
1.001000000000000000e+03,4.303055183291125907e+00
1.002000000000000000e+03,3.971277545575389034e+00
1.003000000000000000e+03,3.734026010758205061e+00
1.004000000000000000e+03,4.192729404201342547e+00
1.005000000000000000e+03,4.590621483556444282e+00
1.006000000000000000e+03,4.114850844432041299e+00
1.007000000000000000e+03,4.247047957925277117e+00
1.008000000000000000e+03,4.508451648557115554e+00
1.009000000000000000e+03,4.516489108692042009e+00
1.010000000000000000e+03,3.804994342533237539e+00
1.011000000000000000e+03,3.668332762429362681e+00
1.012000000000000000e+03,4.004759331804033984e+00
1.013000000000000000e+03,3.794448409137956446e+00
1.014000000000000000e+03,4.250244627440783241e+00
1.015000000000000000e+03,4.350392369924731995e+00
1.016000000000000000e+03,4.066923157739867456e+00
1.017000000000000000e+03,4.151675815490668775e+00
1.018000000000000000e+03,3.778258239426471654e+00
1.019000000000000000e+03,4.156281190400568093e+00
1.020000000000000000e+03,4.172041874528457761e+00
1.021000000000000000e+03,4.643715201447568219e+00
1.022000000000000000e+03,4.530100450042365168e+00
1.023000000000000000e+03,3.531594864424704827e+00
1.024000000000000000e+03,3.740675694107821858e+00
1.025000000000000000e+03,3.558213119921048051e+00
1.026000000000000000e+03,3.556039458051150959e+00
1.027000000000000000e+03,3.533683809832625311e+00
1.028000000000000000e+03,3.983843098321173226e+00
1.029000000000000000e+03,3.485355951854976375e+00
1.030000000000000000e+03,3.765084742480695024e+00
1.031000000000000000e+03,3.472646026381424278e+00
1.032000000000000000e+03,3.552900092776913432e+00
1.033000000000000000e+03,3.775483139907987340e+00
1.034000000000000000e+03,3.723717599959562197e+00
1.035000000000000000e+03,4.003631062506669558e+00
1.036000000000000000e+03,3.871018917730804088e+00
1.037000000000000000e+03,3.714034569219078374e+00
1.038000000000000000e+03,3.750651409689011562e+00
1.039000000000000000e+03,3.717578062095062474e+00
1.040000000000000000e+03,3.839506719965935400e+00
1.041000000000000000e+03,4.098896490345150134e+00
1.042000000000000000e+03,3.770519100586799954e+00
1.043000000000000000e+03,3.973768479340957338e+00
1.044000000000000000e+03,3.969965054125680570e+00
1.045000000000000000e+03,3.788335687836949628e+00
1.046000000000000000e+03,3.856489066776566776e+00
1.047000000000000000e+03,3.719701940844795107e+00
1.048000000000000000e+03,4.116940888929431885e+00
1.049000000000000000e+03,3.434460165497854156e+00
1.050000000000000000e+03,3.600557351375340609e+00
1.051000000000000000e+03,3.475066273372230619e+00
1.052000000000000000e+03,3.535502656561662516e+00
1.053000000000000000e+03,4.119917787412346044e+00
1.054000000000000000e+03,3.807989434563015863e+00
1.055000000000000000e+03,3.834647745488586335e+00
1.056000000000000000e+03,4.047795856060733222e+00
1.057000000000000000e+03,4.389003189293653406e+00
1.058000000000000000e+03,3.874036565165389856e+00
1.059000000000000000e+03,3.934103675271289902e+00
1.060000000000000000e+03,3.846531502846800787e+00
1.061000000000000000e+03,4.034989564749976942e+00
1.062000000000000000e+03,3.727637980814102470e+00
1.063000000000000000e+03,4.604683227433609360e+00
1.064000000000000000e+03,4.378717369521291758e+00
1.065000000000000000e+03,3.886335983089824531e+00
1.066000000000000000e+03,3.875190774838804142e+00
1.067000000000000000e+03,4.089708486354574291e+00
1.068000000000000000e+03,4.176707445190104728e+00
1.069000000000000000e+03,4.124343083838824420e+00
1.070000000000000000e+03,4.166870397216572819e+00
1.071000000000000000e+03,3.966443696565923993e+00
1.072000000000000000e+03,4.140533373687172336e+00
1.073000000000000000e+03,4.049943152398178370e+00
1.074000000000000000e+03,4.191060478315026039e+00
1.075000000000000000e+03,3.759434416672018386e+00
1.076000000000000000e+03,4.490314775745544829e+00
1.077000000000000000e+03,4.006984262233464378e+00
1.078000000000000000e+03,4.197467001979698686e+00
1.079000000000000000e+03,4.001654297503898228e+00
1.080000000000000000e+03,4.081153471415944978e+00
1.081000000000000000e+03,3.976561842216482123e+00
1.082000000000000000e+03,4.050735715927658909e+00
1.083000000000000000e+03,4.162872017155343052e+00
1.084000000000000000e+03,4.093679390635329263e+00
1.085000000000000000e+03,4.012878275446467136e+00
1.086000000000000000e+03,4.073394240670076272e+00
1.087000000000000000e+03,3.831913131584934629e+00
1.088000000000000000e+03,4.370444467194154470e+00
1.089000000000000000e+03,4.351152410717514130e+00
1.090000000000000000e+03,4.306635116085173465e+00
1.091000000000000000e+03,3.872932461747657928e+00
1.092000000000000000e+03,4.120020900457610935e+00
1.093000000000000000e+03,4.248906869894283567e+00
1.094000000000000000e+03,4.365998166078224330e+00
1.095000000000000000e+03,4.352976601683176128e+00
1.096000000000000000e+03,4.370614085982028385e+00
1.097000000000000000e+03,3.877007863314787972e+00
1.098000000000000000e+03,4.247091396550538356e+00
1.099000000000000000e+03,4.502244641281807347e+00
1.100000000000000000e+03,4.371315092305644967e+00
1.101000000000000000e+03,3.822476303456071367e+00
1.102000000000000000e+03,3.872466993306769911e+00
1.103000000000000000e+03,4.301892509814052801e+00
1.104000000000000000e+03,4.289378667819772062e+00
1.105000000000000000e+03,4.132483274149582719e+00
1.106000000000000000e+03,3.896526735416442566e+00
1.107000000000000000e+03,4.332690900534970524e+00
1.108000000000000000e+03,4.126789886526724516e+00
1.109000000000000000e+03,4.062536430544665400e+00
1.110000000000000000e+03,4.469660352546712012e+00
1.111000000000000000e+03,3.950117721825342265e+00
1.112000000000000000e+03,4.197904610282404470e+00
1.113000000000000000e+03,4.053147497502256336e+00
1.114000000000000000e+03,4.636269105560650416e+00
1.115000000000000000e+03,4.623078370362432743e+00
1.116000000000000000e+03,4.476133883785263556e+00
1.117000000000000000e+03,4.156236489863580630e+00
1.118000000000000000e+03,4.237381596814222107e+00
1.119000000000000000e+03,4.066160754443732372e+00
1.120000000000000000e+03,4.487472206860814161e+00
1.121000000000000000e+03,4.385364974228778578e+00
1.122000000000000000e+03,4.034661351367145876e+00
1.123000000000000000e+03,4.337282488305265638e+00
1.124000000000000000e+03,4.291643067187099980e+00
1.125000000000000000e+03,4.411928576105546007e+00
1.126000000000000000e+03,4.018895720307118502e+00
1.127000000000000000e+03,4.131184491473101517e+00
1.128000000000000000e+03,4.189212603974499238e+00
1.129000000000000000e+03,4.003217354849566867e+00
1.130000000000000000e+03,4.439187892766137011e+00
1.131000000000000000e+03,4.559787615923314164e+00
1.132000000000000000e+03,4.367431492658544023e+00
1.133000000000000000e+03,4.307981055555890393e+00
1.134000000000000000e+03,4.376039922872833721e+00
1.135000000000000000e+03,4.708981312294953092e+00
1.136000000000000000e+03,4.233932625864119892e+00
1.137000000000000000e+03,4.497390945948811058e+00
1.138000000000000000e+03,4.371538053159381931e+00
1.139000000000000000e+03,4.424960491143545838e+00
1.140000000000000000e+03,4.174850362984439123e+00
1.141000000000000000e+03,4.798867395079205345e+00
1.142000000000000000e+03,4.795448342427794941e+00
1.143000000000000000e+03,4.706075165721204101e+00
1.144000000000000000e+03,4.577773415040349292e+00
1.145000000000000000e+03,4.799111199444818787e+00
1.146000000000000000e+03,4.836334254938412514e+00
1.147000000000000000e+03,4.803240067296409066e+00
1.148000000000000000e+03,4.777688034785916749e+00
1.149000000000000000e+03,4.701273185288102674e+00
1.150000000000000000e+03,4.617320363809661821e+00
1.151000000000000000e+03,4.734529911638187372e+00
1.152000000000000000e+03,4.817853214530991579e+00
1.153000000000000000e+03,5.128374026587041890e+00
1.154000000000000000e+03,4.599692486124963509e+00
1.155000000000000000e+03,4.562403635364045584e+00
1.156000000000000000e+03,4.513061117413095680e+00
1.157000000000000000e+03,4.950731830557774771e+00
1.158000000000000000e+03,4.416389696650156793e+00
1.159000000000000000e+03,4.389572468662345628e+00
1.160000000000000000e+03,4.353130106719955705e+00
1.161000000000000000e+03,4.418362931072728372e+00
1.162000000000000000e+03,4.582330213211912806e+00
1.163000000000000000e+03,4.610354924405479338e+00
1.164000000000000000e+03,4.543449220372925978e+00
1.165000000000000000e+03,4.178235804359825778e+00
1.166000000000000000e+03,4.337466890841797706e+00
1.167000000000000000e+03,4.351572768649296208e+00
1.168000000000000000e+03,4.448255489501411475e+00
1.169000000000000000e+03,4.329622228753477131e+00
1.170000000000000000e+03,3.902664022552492451e+00
1.171000000000000000e+03,3.931880189880321286e+00
1.172000000000000000e+03,3.852444535581441176e+00
1.173000000000000000e+03,4.266626643026354415e+00
1.174000000000000000e+03,4.211355197128312966e+00
1.175000000000000000e+03,4.041418780589351556e+00
1.176000000000000000e+03,3.893552061304081935e+00
1.177000000000000000e+03,4.114245959521015905e+00
1.178000000000000000e+03,3.939793467170769947e+00
1.179000000000000000e+03,4.137903473650300867e+00
1.180000000000000000e+03,4.075579608766167539e+00
1.181000000000000000e+03,3.962064618867824795e+00
1.182000000000000000e+03,4.043114396544996936e+00
1.183000000000000000e+03,4.251285619627285683e+00
1.184000000000000000e+03,3.902342997599011820e+00
1.185000000000000000e+03,4.104691798343914400e+00
1.186000000000000000e+03,4.310899330729307977e+00
1.187000000000000000e+03,4.354143282422276329e+00
1.188000000000000000e+03,4.499325472689918115e+00
1.189000000000000000e+03,4.526031939632058076e+00
1.190000000000000000e+03,4.396018427079668278e+00
1.191000000000000000e+03,4.187849271728737222e+00
1.192000000000000000e+03,4.644258103102448132e+00
1.193000000000000000e+03,4.421602638038287125e+00
1.194000000000000000e+03,4.410074929238338548e+00
1.195000000000000000e+03,4.527223306871315245e+00
1.196000000000000000e+03,4.393466534190849870e+00
1.197000000000000000e+03,4.361086587399388037e+00
1.198000000000000000e+03,4.347762040769735492e+00
1.199000000000000000e+03,4.398987138079340831e+00
1.200000000000000000e+03,4.464859497034581182e+00
1.201000000000000000e+03,4.097829352935109526e+00
1.202000000000000000e+03,4.199131818075255040e+00
1.203000000000000000e+03,4.404559733567205981e+00
1.204000000000000000e+03,4.480338259538181767e+00
1.205000000000000000e+03,4.598388055522285356e+00
1.206000000000000000e+03,4.310090637551311055e+00
1.207000000000000000e+03,4.249626810694402401e+00
1.208000000000000000e+03,4.338768017249630127e+00
1.209000000000000000e+03,4.584393690559461554e+00
1.210000000000000000e+03,4.564489902031933610e+00
1.211000000000000000e+03,4.570505392912225240e+00
1.212000000000000000e+03,4.236324916870705337e+00
1.213000000000000000e+03,4.204985056750397909e+00
1.214000000000000000e+03,4.509707136691338825e+00
1.215000000000000000e+03,4.554440279741725384e+00
1.216000000000000000e+03,4.804836042669426988e+00
1.217000000000000000e+03,4.109112721816165603e+00
1.218000000000000000e+03,4.275548670702795206e+00
1.219000000000000000e+03,4.308334482087165185e+00
1.220000000000000000e+03,4.425103412045062967e+00
1.221000000000000000e+03,4.507530920200455427e+00
1.222000000000000000e+03,4.462745363720335590e+00
1.223000000000000000e+03,4.317363891850006574e+00
1.224000000000000000e+03,4.374912898025368868e+00
1.225000000000000000e+03,4.168825763062965706e+00
1.226000000000000000e+03,4.402238033977877052e+00
1.227000000000000000e+03,4.343477002357432504e+00
1.228000000000000000e+03,4.502238081227091904e+00
1.229000000000000000e+03,4.445237419889186192e+00
1.230000000000000000e+03,4.708443300550858801e+00
1.231000000000000000e+03,4.586739433003470978e+00
1.232000000000000000e+03,4.381872169698708852e+00
1.233000000000000000e+03,4.233699875248887246e+00
1.234000000000000000e+03,4.325181245496499294e+00
1.235000000000000000e+03,4.460607162328473763e+00
1.236000000000000000e+03,4.553028035178924071e+00
1.237000000000000000e+03,4.793898694871108646e+00
1.238000000000000000e+03,4.529460298893224213e+00
1.239000000000000000e+03,4.274256666283254624e+00
1.240000000000000000e+03,4.411761287581721369e+00
1.241000000000000000e+03,4.577192773618381061e+00
1.242000000000000000e+03,4.543331135635704676e+00
1.243000000000000000e+03,4.502985896835554058e+00
1.244000000000000000e+03,4.315507770420633271e+00
1.245000000000000000e+03,4.437387690624730041e+00
1.246000000000000000e+03,4.434350365280683270e+00
1.247000000000000000e+03,4.451507760524147095e+00
1.248000000000000000e+03,4.539088449989822749e+00
1.249000000000000000e+03,4.174264398597713921e+00
1.250000000000000000e+03,4.347432768623621158e+00
1.251000000000000000e+03,4.432543448696874222e+00
1.252000000000000000e+03,4.516913605168014101e+00
1.253000000000000000e+03,4.769359961542852133e+00
1.254000000000000000e+03,4.484410332257826148e+00
1.255000000000000000e+03,4.318160271564562613e+00
1.256000000000000000e+03,4.390667727433321232e+00
1.257000000000000000e+03,4.500964166838484104e+00
1.258000000000000000e+03,4.466977235753146758e+00
1.259000000000000000e+03,4.434787630852950358e+00
1.260000000000000000e+03,4.379164001481775870e+00
1.261000000000000000e+03,4.373379309307235729e+00
1.262000000000000000e+03,4.497754063526870461e+00
1.263000000000000000e+03,4.520478823002847868e+00
1.264000000000000000e+03,4.249043140102294558e+00
1.265000000000000000e+03,4.308219191448302787e+00
1.266000000000000000e+03,4.439294360968581543e+00
1.267000000000000000e+03,4.432411362197789195e+00
1.268000000000000000e+03,4.289112790045361834e+00
1.269000000000000000e+03,4.252068704068181937e+00
1.270000000000000000e+03,4.016538709616733094e+00
1.271000000000000000e+03,4.255808704586351077e+00
1.272000000000000000e+03,4.373683717282482064e+00
1.273000000000000000e+03,4.170142912256202372e+00
1.274000000000000000e+03,4.541022367822087347e+00
1.275000000000000000e+03,4.302985311326779083e+00
1.276000000000000000e+03,4.185593138475042885e+00
1.277000000000000000e+03,4.032668480011459167e+00
1.278000000000000000e+03,4.513971136031651454e+00
1.279000000000000000e+03,4.397175426652332852e+00
1.280000000000000000e+03,4.133976012330834671e+00
1.281000000000000000e+03,3.965705019425511235e+00
1.282000000000000000e+03,4.187509729069208930e+00
1.283000000000000000e+03,4.467119284258529888e+00
1.284000000000000000e+03,4.367784991280377227e+00
1.285000000000000000e+03,4.379047112942997089e+00
1.286000000000000000e+03,4.514162167789558033e+00
1.287000000000000000e+03,4.136445910762620137e+00
1.288000000000000000e+03,4.307682783241784108e+00
1.289000000000000000e+03,4.305219195248064956e+00
1.290000000000000000e+03,4.231689157551148384e+00
1.291000000000000000e+03,4.273903347393448904e+00
1.292000000000000000e+03,4.125859667426856170e+00
1.293000000000000000e+03,4.221088782834215181e+00
1.294000000000000000e+03,4.705697715992374519e+00
1.295000000000000000e+03,4.527310604093208291e+00
1.296000000000000000e+03,4.583582020540054813e+00
1.297000000000000000e+03,4.654537785087171642e+00
1.298000000000000000e+03,4.726002975043380516e+00
1.299000000000000000e+03,4.901733909041637638e+00
1.300000000000000000e+03,4.662343392250419605e+00
1.301000000000000000e+03,4.574617406781209539e+00
1.302000000000000000e+03,4.539164179024928636e+00
1.303000000000000000e+03,4.191960955858352378e+00
1.304000000000000000e+03,4.708911331278896384e+00
1.305000000000000000e+03,4.683433599767604427e+00
1.306000000000000000e+03,4.600023793231824421e+00
1.307000000000000000e+03,4.509651010941526650e+00
1.308000000000000000e+03,4.518340927948694130e+00
1.309000000000000000e+03,4.878026600114058198e+00
1.310000000000000000e+03,4.822832740709053212e+00
1.311000000000000000e+03,4.918106739807212691e+00
1.312000000000000000e+03,4.681809737481322564e+00
1.313000000000000000e+03,4.744112382308792064e+00
1.314000000000000000e+03,4.717066515207669397e+00
1.315000000000000000e+03,4.787547186617355344e+00
1.316000000000000000e+03,4.716129884131266436e+00
1.317000000000000000e+03,5.085569239021479504e+00
1.318000000000000000e+03,4.540472646178168148e+00
1.319000000000000000e+03,4.897712107817866034e+00
1.320000000000000000e+03,4.835589928163085638e+00
1.321000000000000000e+03,5.328657863146161411e+00
1.322000000000000000e+03,4.762868809444992912e+00
1.323000000000000000e+03,4.960109533102484036e+00
1.324000000000000000e+03,4.581193545346623708e+00
1.325000000000000000e+03,4.620463340066552682e+00
1.326000000000000000e+03,4.667170314612675064e+00
1.327000000000000000e+03,4.317410092880180628e+00
1.328000000000000000e+03,4.835228120191765733e+00
1.329000000000000000e+03,4.623472486915878754e+00
1.330000000000000000e+03,4.930051195211439641e+00
1.331000000000000000e+03,5.042789370580325503e+00
1.332000000000000000e+03,4.947555151767236481e+00
1.333000000000000000e+03,4.674757301157407063e+00
1.334000000000000000e+03,4.900914257750719649e+00
1.335000000000000000e+03,4.882863654100582096e+00
1.336000000000000000e+03,5.038890557386626057e+00
1.337000000000000000e+03,5.101420587161261011e+00
1.338000000000000000e+03,4.501310857275975685e+00
1.339000000000000000e+03,4.257126909257030078e+00
1.340000000000000000e+03,4.462075897942975544e+00
1.341000000000000000e+03,4.541483032124944863e+00
1.342000000000000000e+03,4.735454540282542091e+00
1.343000000000000000e+03,4.668691047207065736e+00
1.344000000000000000e+03,4.391002780263890237e+00
1.345000000000000000e+03,4.495774457701874560e+00
1.346000000000000000e+03,4.563722045300779406e+00
1.347000000000000000e+03,4.667233645466605019e+00
1.348000000000000000e+03,4.501914027107718042e+00
1.349000000000000000e+03,4.606405620758134312e+00
1.350000000000000000e+03,4.600675770543570131e+00
1.351000000000000000e+03,4.484953020653173361e+00
1.352000000000000000e+03,4.649957275588267436e+00
1.353000000000000000e+03,4.686237710107677756e+00
1.354000000000000000e+03,4.465535762443383128e+00
1.355000000000000000e+03,4.641692194616221734e+00
1.356000000000000000e+03,4.728683984734298740e+00
1.357000000000000000e+03,4.485844065439777317e+00
1.358000000000000000e+03,4.302031786179160378e+00
1.359000000000000000e+03,4.143418319833347851e+00
1.360000000000000000e+03,4.167916544006814661e+00
1.361000000000000000e+03,4.278708487853897680e+00
1.362000000000000000e+03,4.636380434553993624e+00
1.363000000000000000e+03,4.690633706749355092e+00
1.364000000000000000e+03,4.546471775683536443e+00
1.365000000000000000e+03,4.422812791662079412e+00
1.366000000000000000e+03,4.356802717597475727e+00
1.367000000000000000e+03,4.642649751620388621e+00
1.368000000000000000e+03,4.936940276629365520e+00
1.369000000000000000e+03,4.674630084536158137e+00
1.370000000000000000e+03,4.590039834519769713e+00
1.371000000000000000e+03,5.071733133300280194e+00
1.372000000000000000e+03,4.711499188876278943e+00
1.373000000000000000e+03,4.752806613093211396e+00
1.374000000000000000e+03,4.758982577431117633e+00
1.375000000000000000e+03,4.529027169129072661e+00
1.376000000000000000e+03,4.564359025846177254e+00
1.377000000000000000e+03,4.697749374914809373e+00
1.378000000000000000e+03,4.758719213478896926e+00
1.379000000000000000e+03,4.695081716828068075e+00
1.380000000000000000e+03,4.527601243140020770e+00
1.381000000000000000e+03,4.394375265621278892e+00
1.382000000000000000e+03,4.671866706446717643e+00
1.383000000000000000e+03,4.661930955188552161e+00
1.384000000000000000e+03,4.785155419409893973e+00
1.385000000000000000e+03,4.300500541820692746e+00
1.386000000000000000e+03,4.526055987694829419e+00
1.387000000000000000e+03,4.668676921156033721e+00
1.388000000000000000e+03,4.717182602116031909e+00
1.389000000000000000e+03,4.862587617951082741e+00
1.390000000000000000e+03,4.545336734456397743e+00
1.391000000000000000e+03,4.310164334589363655e+00
1.392000000000000000e+03,4.336077022150168325e+00
1.393000000000000000e+03,4.283455779967850319e+00
1.394000000000000000e+03,4.363529352041265241e+00
1.395000000000000000e+03,4.343818947233357264e+00
1.396000000000000000e+03,4.288638779641697596e+00
1.397000000000000000e+03,4.253066921171511083e+00
1.398000000000000000e+03,4.315444721650898430e+00
1.399000000000000000e+03,4.635616498347774339e+00
1.400000000000000000e+03,4.424986857999209988e+00
1.401000000000000000e+03,4.309745486440863971e+00
1.402000000000000000e+03,4.211624071764282107e+00
1.403000000000000000e+03,4.309148876904542291e+00
1.404000000000000000e+03,4.409747911555051303e+00
1.405000000000000000e+03,4.318626345197458249e+00
1.406000000000000000e+03,4.409323237293026665e+00
1.407000000000000000e+03,4.166181989665176388e+00
1.408000000000000000e+03,4.360557116311367665e+00
1.409000000000000000e+03,4.486223663533463579e+00
1.410000000000000000e+03,4.271399992350891850e+00
1.411000000000000000e+03,4.392156369073232369e+00
1.412000000000000000e+03,4.327523109378184074e+00
1.413000000000000000e+03,4.193116383925794111e+00
1.414000000000000000e+03,4.333726902503190814e+00
1.415000000000000000e+03,4.402949958182176715e+00
1.416000000000000000e+03,4.259061159510977745e+00
1.417000000000000000e+03,4.242201982459066656e+00
1.418000000000000000e+03,4.110815168247096807e+00
1.419000000000000000e+03,4.265516076474808571e+00
1.420000000000000000e+03,4.491649539274421343e+00
1.421000000000000000e+03,4.447633542259481487e+00
1.422000000000000000e+03,4.322771340840175114e+00
1.423000000000000000e+03,4.231860778396050904e+00
1.424000000000000000e+03,4.380444875489085454e+00
1.425000000000000000e+03,4.271688807600273030e+00
1.426000000000000000e+03,4.435045964983989286e+00
1.427000000000000000e+03,4.299464440829201983e+00
1.428000000000000000e+03,4.303564776353143273e+00
1.429000000000000000e+03,4.614902060817196450e+00
1.430000000000000000e+03,4.742131890301577002e+00
1.431000000000000000e+03,4.862215420058735305e+00
1.432000000000000000e+03,4.819941043886412757e+00
1.433000000000000000e+03,4.465335055317645185e+00
1.434000000000000000e+03,4.527902162292459565e+00
1.435000000000000000e+03,4.769206643939861934e+00
1.436000000000000000e+03,4.808456746512903557e+00
1.437000000000000000e+03,4.820778478469929240e+00
1.438000000000000000e+03,4.748101513187006795e+00
1.439000000000000000e+03,4.713519586619285384e+00
1.440000000000000000e+03,4.718472849918519785e+00
1.441000000000000000e+03,4.741860709517511374e+00
1.442000000000000000e+03,4.807781403545614118e+00
1.443000000000000000e+03,4.736809102296189344e+00
1.444000000000000000e+03,4.624969392140775071e+00
1.445000000000000000e+03,4.743250967372229177e+00
1.446000000000000000e+03,4.792182413275245523e+00
1.447000000000000000e+03,5.102318484210775829e+00
1.448000000000000000e+03,4.699707032776831994e+00
1.449000000000000000e+03,4.614202453410429783e+00
1.450000000000000000e+03,4.590815957564094774e+00
1.451000000000000000e+03,4.676332361996630382e+00
1.452000000000000000e+03,4.795375758233857866e+00
1.453000000000000000e+03,4.662931577232845015e+00
1.454000000000000000e+03,4.660191916990168437e+00
1.455000000000000000e+03,4.582334498907309595e+00
1.456000000000000000e+03,4.851256276051964633e+00
1.457000000000000000e+03,4.812578391740827577e+00
1.458000000000000000e+03,4.502428277415916114e+00
1.459000000000000000e+03,4.311510199159249268e+00
1.460000000000000000e+03,4.321665712402751325e+00
1.461000000000000000e+03,4.384959012349143315e+00
1.462000000000000000e+03,4.441189865989946028e+00
1.463000000000000000e+03,4.575875571601929259e+00
1.464000000000000000e+03,4.393878250938878516e+00
1.465000000000000000e+03,4.255916354318199701e+00
1.466000000000000000e+03,4.366724738902251879e+00
1.467000000000000000e+03,4.511526900163154608e+00
1.468000000000000000e+03,4.478195503684355039e+00
1.469000000000000000e+03,4.380685423048299221e+00
1.470000000000000000e+03,4.198944609842054199e+00
1.471000000000000000e+03,4.275417286513259363e+00
1.472000000000000000e+03,4.459727162033815695e+00
1.473000000000000000e+03,4.428643263747312986e+00
1.474000000000000000e+03,4.365937981628944087e+00
1.475000000000000000e+03,4.439692945973315652e+00
1.476000000000000000e+03,4.536387519118476597e+00
1.477000000000000000e+03,4.630209005614886131e+00
1.478000000000000000e+03,4.248961405658984170e+00
1.479000000000000000e+03,4.372266731848295507e+00
1.480000000000000000e+03,4.370521372801071891e+00
1.481000000000000000e+03,4.110538514151253153e+00
1.482000000000000000e+03,4.143372812408093964e+00
1.483000000000000000e+03,4.368375772599863538e+00
1.484000000000000000e+03,4.249215615184604999e+00
1.485000000000000000e+03,4.172989130424173965e+00
1.486000000000000000e+03,4.077116620936983793e+00
1.487000000000000000e+03,3.898832442566382728e+00
1.488000000000000000e+03,4.148789012273489618e+00
1.489000000000000000e+03,4.257162199323285989e+00
1.490000000000000000e+03,4.247567207136777157e+00
1.491000000000000000e+03,4.095934294381843088e+00
1.492000000000000000e+03,4.155948219386493392e+00
1.493000000000000000e+03,4.001373056338875855e+00
1.494000000000000000e+03,4.404316700805555485e+00
1.495000000000000000e+03,4.290729944561359588e+00
1.496000000000000000e+03,4.160432523690703377e+00
1.497000000000000000e+03,4.125003796774091569e+00
1.498000000000000000e+03,4.097098216417784045e+00
1.499000000000000000e+03,4.086946350712427289e+00
1.500000000000000000e+03,4.272170702701366451e+00
1.501000000000000000e+03,4.178147122350646114e+00
1.502000000000000000e+03,3.847287035418832435e+00
1.503000000000000000e+03,4.121712467414852199e+00
1.504000000000000000e+03,3.942504575254504484e+00
1.505000000000000000e+03,4.050872730079413842e+00
1.506000000000000000e+03,3.676106222442737437e+00
1.507000000000000000e+03,3.843504373882064673e+00
1.508000000000000000e+03,4.449180216519168951e+00
1.509000000000000000e+03,4.267174047098270862e+00
1.510000000000000000e+03,4.708973080494629926e+00
1.511000000000000000e+03,4.682154399567093783e+00
1.512000000000000000e+03,4.351382317033529290e+00
1.513000000000000000e+03,4.322158682376205263e+00
1.514000000000000000e+03,4.460958320661016607e+00
1.515000000000000000e+03,4.420796792085460503e+00
1.516000000000000000e+03,4.479590232498634528e+00
1.517000000000000000e+03,4.342646981149276719e+00
1.518000000000000000e+03,4.325090767055952412e+00
1.519000000000000000e+03,4.479584260007327678e+00
1.520000000000000000e+03,4.475690587516755414e+00
1.521000000000000000e+03,4.363759551830528771e+00
1.522000000000000000e+03,4.374742057585591759e+00
1.523000000000000000e+03,4.265121302664893754e+00
1.524000000000000000e+03,4.311323307743559319e+00
1.525000000000000000e+03,4.469698597079945657e+00
1.526000000000000000e+03,4.458765516020290143e+00
1.527000000000000000e+03,4.353548215670250521e+00
1.528000000000000000e+03,4.337773330417759254e+00
1.529000000000000000e+03,4.295439687666783968e+00
1.530000000000000000e+03,4.487233409112279858e+00
1.531000000000000000e+03,4.401826329017382911e+00
1.532000000000000000e+03,4.375474148332036073e+00
1.533000000000000000e+03,4.383489791635895472e+00
1.534000000000000000e+03,4.301356225126208521e+00
1.535000000000000000e+03,4.369194465710187991e+00
1.536000000000000000e+03,4.349277307819629179e+00
1.537000000000000000e+03,4.452824178769559715e+00
1.538000000000000000e+03,4.279114975510497132e+00
1.539000000000000000e+03,4.376896177525527065e+00
1.540000000000000000e+03,4.245270776457190642e+00
1.541000000000000000e+03,4.520609194443246714e+00
1.542000000000000000e+03,4.481169807313053255e+00
1.543000000000000000e+03,4.516104515511966788e+00
1.544000000000000000e+03,4.336130247811321503e+00
1.545000000000000000e+03,4.269731101169699450e+00
1.546000000000000000e+03,4.222521270544370431e+00
1.547000000000000000e+03,4.549104956968992752e+00
1.548000000000000000e+03,4.519073301962389877e+00
1.549000000000000000e+03,4.303972602493193023e+00
1.550000000000000000e+03,4.372106549587075897e+00
1.551000000000000000e+03,3.923125895654308692e+00
1.552000000000000000e+03,4.468229136565975423e+00
1.553000000000000000e+03,4.487341737798609564e+00
1.554000000000000000e+03,4.419904102428019677e+00
1.555000000000000000e+03,4.676512467884976765e+00
1.556000000000000000e+03,4.211506947118736299e+00
1.557000000000000000e+03,4.618035454353080382e+00
1.558000000000000000e+03,4.539301293837917584e+00
1.559000000000000000e+03,4.332581283293655439e+00
1.560000000000000000e+03,4.225310086295692713e+00
1.561000000000000000e+03,4.445539176454768260e+00
1.562000000000000000e+03,4.557854891219935034e+00
1.563000000000000000e+03,4.268936918796579327e+00
1.564000000000000000e+03,4.136668569515390637e+00
1.565000000000000000e+03,4.184280767581625149e+00
1.566000000000000000e+03,4.202562305980745982e+00
1.567000000000000000e+03,4.205339116738514349e+00
1.568000000000000000e+03,4.343787244166012584e+00
1.569000000000000000e+03,4.121283873215886295e+00
1.570000000000000000e+03,4.105408197932351122e+00
1.571000000000000000e+03,4.126840006969082708e+00
1.572000000000000000e+03,4.126406902525413756e+00
1.573000000000000000e+03,4.276416721722958947e+00
1.574000000000000000e+03,4.258045264251156148e+00
1.575000000000000000e+03,4.065542165239558692e+00
1.576000000000000000e+03,4.044969010401491261e+00
1.577000000000000000e+03,4.532105090771571199e+00
1.578000000000000000e+03,4.501693861678930375e+00
1.579000000000000000e+03,4.404519225031780394e+00
1.580000000000000000e+03,4.379557548561932911e+00
1.581000000000000000e+03,4.186072805574975852e+00
1.582000000000000000e+03,4.301827548146864189e+00
1.583000000000000000e+03,4.163745931578143988e+00
1.584000000000000000e+03,4.503154444730711248e+00
1.585000000000000000e+03,4.320278467356274632e+00
1.586000000000000000e+03,4.215572905670109449e+00
1.587000000000000000e+03,4.331863511958879087e+00
1.588000000000000000e+03,4.384971169212573905e+00
1.589000000000000000e+03,4.478647056063139509e+00
1.590000000000000000e+03,4.311697788988633206e+00
1.591000000000000000e+03,4.310323724153831471e+00
1.592000000000000000e+03,4.483023917253330382e+00
1.593000000000000000e+03,4.639902949096112117e+00
1.594000000000000000e+03,4.796881471563005483e+00
1.595000000000000000e+03,4.756177466095441453e+00
1.596000000000000000e+03,4.570181886713209352e+00
1.597000000000000000e+03,4.609389092383917585e+00
1.598000000000000000e+03,4.255366863143960288e+00
1.599000000000000000e+03,4.713489988400958453e+00
1.600000000000000000e+03,4.797533252882244525e+00
1.601000000000000000e+03,4.499879456666678657e+00
1.602000000000000000e+03,4.445116746258482188e+00
1.603000000000000000e+03,4.507482135499877529e+00
1.604000000000000000e+03,4.672799183070338813e+00
1.605000000000000000e+03,4.825607601850190775e+00
1.606000000000000000e+03,4.945636646209691456e+00
1.607000000000000000e+03,4.323421504732337439e+00
1.608000000000000000e+03,4.211262801068856199e+00
1.609000000000000000e+03,4.538313818541638511e+00
1.610000000000000000e+03,4.487250367870959877e+00
1.611000000000000000e+03,4.447990105582529274e+00
1.612000000000000000e+03,4.395547097535226655e+00
1.613000000000000000e+03,4.355723343342384091e+00
1.614000000000000000e+03,4.482775730440615725e+00
1.615000000000000000e+03,4.212506056275440613e+00
1.616000000000000000e+03,4.054191582709785635e+00
1.617000000000000000e+03,4.275146829117439040e+00
1.618000000000000000e+03,3.945786223121399594e+00
1.619000000000000000e+03,4.095324412804450809e+00
1.620000000000000000e+03,4.210003741154975998e+00
1.621000000000000000e+03,4.138159925681518025e+00
1.622000000000000000e+03,4.138897237158944087e+00
1.623000000000000000e+03,3.839671610916882472e+00
1.624000000000000000e+03,4.012126467930844598e+00
1.625000000000000000e+03,4.505485623852515609e+00
1.626000000000000000e+03,4.560913006759544253e+00
1.627000000000000000e+03,4.522472156883186045e+00
1.628000000000000000e+03,4.217693714522072312e+00
1.629000000000000000e+03,4.364959850333860913e+00
1.630000000000000000e+03,4.572971167028692996e+00
1.631000000000000000e+03,4.547940021951267120e+00
1.632000000000000000e+03,4.172322686535668623e+00
1.633000000000000000e+03,4.173113243255929028e+00
1.634000000000000000e+03,4.375504446847215512e+00
1.635000000000000000e+03,4.590327057142671308e+00
1.636000000000000000e+03,4.715323010117153935e+00
1.637000000000000000e+03,4.360889937684156337e+00
1.638000000000000000e+03,4.416879053682164269e+00
1.639000000000000000e+03,4.304661746832893598e+00
1.640000000000000000e+03,4.559712689827343901e+00
1.641000000000000000e+03,4.467030867905682712e+00
1.642000000000000000e+03,4.398120234558029473e+00
1.643000000000000000e+03,4.531200732269107689e+00
1.644000000000000000e+03,4.504039436431218846e+00
1.645000000000000000e+03,4.558270189232188407e+00
1.646000000000000000e+03,4.507141866735900670e+00
1.647000000000000000e+03,4.876840406271039541e+00
1.648000000000000000e+03,4.751940434126004753e+00
1.649000000000000000e+03,4.580018817817240517e+00
1.650000000000000000e+03,4.668298969080806771e+00
1.651000000000000000e+03,4.687529878150187734e+00
1.652000000000000000e+03,4.779813466736960059e+00
1.653000000000000000e+03,4.850198372136541813e+00
1.654000000000000000e+03,4.414005329914960640e+00
1.655000000000000000e+03,4.276206359472968899e+00
1.656000000000000000e+03,4.390595362783379585e+00
1.657000000000000000e+03,4.527382048659177372e+00
1.658000000000000000e+03,4.410076095522930117e+00
1.659000000000000000e+03,4.341033678773837501e+00
1.660000000000000000e+03,4.364711554423679196e+00
1.661000000000000000e+03,4.331134424501779989e+00
1.662000000000000000e+03,4.594343679613683840e+00
1.663000000000000000e+03,4.413137924097464193e+00
1.664000000000000000e+03,4.401405286875804457e+00
1.665000000000000000e+03,4.328626441878066444e+00
1.666000000000000000e+03,4.328410167334825864e+00
1.667000000000000000e+03,4.494777809594048712e+00
1.668000000000000000e+03,4.575112865949781060e+00
1.669000000000000000e+03,4.504323073175438452e+00
1.670000000000000000e+03,4.351705894718503664e+00
1.671000000000000000e+03,4.359190443794507708e+00
1.672000000000000000e+03,4.448674510135362858e+00
1.673000000000000000e+03,4.502393674761239417e+00
1.674000000000000000e+03,4.458259250312837096e+00
1.675000000000000000e+03,4.225535880435584701e+00
1.676000000000000000e+03,4.482029571150295766e+00
1.677000000000000000e+03,4.474477159410517935e+00
1.678000000000000000e+03,4.544419764011758289e+00
1.679000000000000000e+03,4.481620268894235259e+00
1.680000000000000000e+03,4.529587791890168802e+00
1.681000000000000000e+03,4.130126644556315618e+00
1.682000000000000000e+03,4.008505291178702912e+00
1.683000000000000000e+03,4.223837864409564880e+00
1.684000000000000000e+03,4.347396904254493322e+00
1.685000000000000000e+03,4.212619400957676952e+00
1.686000000000000000e+03,3.975216949879441852e+00
1.687000000000000000e+03,3.993547930879822960e+00
1.688000000000000000e+03,4.025588150009729915e+00
1.689000000000000000e+03,4.366555858472242591e+00
1.690000000000000000e+03,4.031112251951203262e+00
1.691000000000000000e+03,3.945810951652331422e+00
1.692000000000000000e+03,4.090807830619271890e+00
1.693000000000000000e+03,4.065043256272814709e+00
1.694000000000000000e+03,4.027884975505383380e+00
1.695000000000000000e+03,3.987486757946877347e+00
1.696000000000000000e+03,3.831116073843249925e+00
1.697000000000000000e+03,4.107351885095988031e+00
1.698000000000000000e+03,4.180200971850973168e+00
1.699000000000000000e+03,4.286074146371818827e+00
1.700000000000000000e+03,4.448945164663169471e+00
1.701000000000000000e+03,4.202861417674168543e+00
1.702000000000000000e+03,4.015921259450744962e+00
1.703000000000000000e+03,3.891241538268725986e+00
1.704000000000000000e+03,4.268122679412432952e+00
1.705000000000000000e+03,4.127869889958475369e+00
1.706000000000000000e+03,4.102118812509997881e+00
1.707000000000000000e+03,4.059538068479458417e+00
1.708000000000000000e+03,3.942720989501487860e+00
1.709000000000000000e+03,3.999855337740890970e+00
1.710000000000000000e+03,4.307038615616022526e+00
1.711000000000000000e+03,4.369825213309805001e+00
1.712000000000000000e+03,4.302457654821957966e+00
1.713000000000000000e+03,4.189290190243748491e+00
1.714000000000000000e+03,4.388168887737069923e+00
1.715000000000000000e+03,4.669105886206039280e+00
1.716000000000000000e+03,4.531804912030224841e+00
1.717000000000000000e+03,4.493637289219537756e+00
1.718000000000000000e+03,4.793255387086483132e+00
1.719000000000000000e+03,4.553425421163674436e+00
1.720000000000000000e+03,4.621848394152322292e+00
1.721000000000000000e+03,4.541336237586825142e+00
1.722000000000000000e+03,4.470014504300372948e+00
1.723000000000000000e+03,4.393279356482349129e+00
1.724000000000000000e+03,4.545814791266177934e+00
1.725000000000000000e+03,4.707134614151767593e+00
1.726000000000000000e+03,4.867523008374758930e+00
1.727000000000000000e+03,4.322839159298852429e+00
1.728000000000000000e+03,4.194034170977836595e+00
1.729000000000000000e+03,4.258674270006117091e+00
1.730000000000000000e+03,4.319207791472601699e+00
1.731000000000000000e+03,4.446864863556166725e+00
1.732000000000000000e+03,4.326126268529570496e+00
1.733000000000000000e+03,4.327796961864863512e+00
1.734000000000000000e+03,4.121267235375382754e+00
1.735000000000000000e+03,4.424582389974235141e+00
1.736000000000000000e+03,4.592410335692229673e+00
1.737000000000000000e+03,4.500754172458038660e+00
1.738000000000000000e+03,4.474459983742007374e+00
1.739000000000000000e+03,4.273881483564990980e+00
1.740000000000000000e+03,4.479196566898083098e+00
1.741000000000000000e+03,4.418960863132829431e+00
1.742000000000000000e+03,4.702028731514113602e+00
1.743000000000000000e+03,4.410643820494782652e+00
1.744000000000000000e+03,4.665746153204506363e+00
1.745000000000000000e+03,4.551726891012491727e+00
1.746000000000000000e+03,4.066895465690156364e+00
1.747000000000000000e+03,5.020145067230982860e+00
1.748000000000000000e+03,4.491612062186888465e+00
1.749000000000000000e+03,4.632346837318122468e+00
1.750000000000000000e+03,4.670413551135243146e+00
1.751000000000000000e+03,4.363190927897036886e+00
1.752000000000000000e+03,4.904692090784312342e+00
1.753000000000000000e+03,4.620339278254987470e+00
1.754000000000000000e+03,4.441130222392379423e+00
1.755000000000000000e+03,4.492818454295447239e+00
1.756000000000000000e+03,4.723469132655877090e+00
1.757000000000000000e+03,4.585847605314223863e+00
1.758000000000000000e+03,4.659494319378590710e+00
1.759000000000000000e+03,4.649562990454596978e+00
1.760000000000000000e+03,4.413143038821571551e+00
1.761000000000000000e+03,4.458929317496341582e+00
1.762000000000000000e+03,4.788963304300791535e+00
1.763000000000000000e+03,4.984859226912785601e+00
1.764000000000000000e+03,4.541661874474706373e+00
1.765000000000000000e+03,4.969382683220359809e+00
1.766000000000000000e+03,4.378279308840186346e+00
1.767000000000000000e+03,4.597267542035323729e+00
1.768000000000000000e+03,4.665342721020966366e+00
1.769000000000000000e+03,4.485377622825369670e+00
1.770000000000000000e+03,3.942228403299561812e+00
1.771000000000000000e+03,4.357884739243699457e+00
1.772000000000000000e+03,4.322739895232238894e+00
1.773000000000000000e+03,4.617528471323836037e+00
1.774000000000000000e+03,4.501862697324681584e+00
1.775000000000000000e+03,4.253794877536621222e+00
1.776000000000000000e+03,4.376725646804528580e+00
1.777000000000000000e+03,4.042613371404929268e+00
1.778000000000000000e+03,4.593407682511604584e+00
1.779000000000000000e+03,4.920540234708173699e+00
1.780000000000000000e+03,4.140595743746774637e+00
1.781000000000000000e+03,4.166140100622826914e+00
1.782000000000000000e+03,4.323520122354768347e+00
1.783000000000000000e+03,4.584229855965006983e+00
1.784000000000000000e+03,4.813959863520351767e+00
1.785000000000000000e+03,4.342938040961892732e+00
1.786000000000000000e+03,4.097603710168641555e+00
1.787000000000000000e+03,4.450095807004497139e+00
1.788000000000000000e+03,4.545741530580262868e+00
1.789000000000000000e+03,4.221347608626076386e+00
1.790000000000000000e+03,4.310238736010846061e+00
1.791000000000000000e+03,4.294918188801483794e+00
1.792000000000000000e+03,4.221522508812883601e+00
1.793000000000000000e+03,4.441403670160754658e+00
1.794000000000000000e+03,4.396557007445891507e+00
1.795000000000000000e+03,4.487286693415938998e+00
1.796000000000000000e+03,4.423866839315937938e+00
1.797000000000000000e+03,4.247175423993314602e+00
1.798000000000000000e+03,4.336801471742732339e+00
1.799000000000000000e+03,4.528962657684531656e+00
1.800000000000000000e+03,3.912811312189769186e+00
1.801000000000000000e+03,4.519526306239130875e+00
1.802000000000000000e+03,4.241858068450375718e+00
1.803000000000000000e+03,4.182108312430488972e+00
1.804000000000000000e+03,4.322198711176609365e+00
1.805000000000000000e+03,4.254330673772781957e+00
1.806000000000000000e+03,4.360316448873747142e+00
1.807000000000000000e+03,4.070983993351267038e+00
1.808000000000000000e+03,4.295320295802243393e+00
1.809000000000000000e+03,4.192047982496094782e+00
1.810000000000000000e+03,4.164544562362553215e+00
1.811000000000000000e+03,4.587936460936838934e+00
1.812000000000000000e+03,3.810948434444524580e+00
1.813000000000000000e+03,4.082856372799157363e+00
1.814000000000000000e+03,4.616715673510803697e+00
1.815000000000000000e+03,4.663409774655915996e+00
1.816000000000000000e+03,4.544919846020317955e+00
1.817000000000000000e+03,4.173277551028970578e+00
1.818000000000000000e+03,3.889664050145479557e+00
1.819000000000000000e+03,4.363819606009845309e+00
1.820000000000000000e+03,4.176756630210451959e+00
1.821000000000000000e+03,4.375794239002761543e+00
1.822000000000000000e+03,4.408828336676802628e+00
1.823000000000000000e+03,4.377442922289210614e+00
1.824000000000000000e+03,4.408043563772892526e+00
1.825000000000000000e+03,4.605557698939374944e+00
1.826000000000000000e+03,4.606881845708306500e+00
1.827000000000000000e+03,4.389289422326348777e+00
1.828000000000000000e+03,3.834869977149410580e+00
1.829000000000000000e+03,4.518311028168390919e+00
1.830000000000000000e+03,4.428012154578289561e+00
1.831000000000000000e+03,4.865632492378453300e+00
1.832000000000000000e+03,5.005342059956330303e+00
1.833000000000000000e+03,4.606294951020660555e+00
1.834000000000000000e+03,4.455999756824096103e+00
1.835000000000000000e+03,4.823090700188397584e+00
1.836000000000000000e+03,4.742263613830522750e+00
1.837000000000000000e+03,5.055693032228777639e+00
1.838000000000000000e+03,4.972100926709327240e+00
1.839000000000000000e+03,5.290825167309761490e+00
1.840000000000000000e+03,4.786288833615604865e+00
1.841000000000000000e+03,4.922252019330100481e+00
1.842000000000000000e+03,5.218636278492795988e+00
1.843000000000000000e+03,5.224829707948582147e+00
1.844000000000000000e+03,5.192394003186727502e+00
1.845000000000000000e+03,4.914013416692324832e+00
1.846000000000000000e+03,5.492108130384221631e+00
1.847000000000000000e+03,5.670251813165250176e+00
1.848000000000000000e+03,5.483304738431217906e+00
1.849000000000000000e+03,5.753653941604047084e+00
1.850000000000000000e+03,5.458500962342639262e+00
1.851000000000000000e+03,5.738182268026559285e+00
1.852000000000000000e+03,5.538531038472727985e+00
1.853000000000000000e+03,5.796536834608095212e+00
1.854000000000000000e+03,5.948177860158888386e+00
1.855000000000000000e+03,5.744659840594606770e+00
1.856000000000000000e+03,6.120403121064295959e+00
1.857000000000000000e+03,6.394421526837506420e+00
1.858000000000000000e+03,6.413093895260622901e+00
1.859000000000000000e+03,6.301526058701290900e+00
1.860000000000000000e+03,6.488442368403783078e+00
1.861000000000000000e+03,6.849703340322363054e+00
1.862000000000000000e+03,6.988456766026993172e+00
1.863000000000000000e+03,7.364667346920127144e+00
1.864000000000000000e+03,7.186899949664816489e+00
1.865000000000000000e+03,7.455594458544997138e+00
1.866000000000000000e+03,7.629301011210861461e+00
1.867000000000000000e+03,7.809914075938647393e+00
1.868000000000000000e+03,8.382925365063941925e+00
1.869000000000000000e+03,8.548818849415237509e+00
1.870000000000000000e+03,8.682657746754017580e+00
1.871000000000000000e+03,8.760805454158196781e+00
1.872000000000000000e+03,8.966707395523510371e+00
1.873000000000000000e+03,9.396329072238133406e+00
1.874000000000000000e+03,9.835420488305201658e+00
1.875000000000000000e+03,9.970888937120026441e+00
1.876000000000000000e+03,1.002142293754165614e+01
1.877000000000000000e+03,1.048781850005321736e+01
1.878000000000000000e+03,1.104080161425810758e+01
1.879000000000000000e+03,1.105704439220665769e+01
1.880000000000000000e+03,1.104448897403298702e+01
1.881000000000000000e+03,1.156142000674697989e+01
1.882000000000000000e+03,1.163120155276778789e+01
1.883000000000000000e+03,1.246247254876938371e+01
1.884000000000000000e+03,1.265394985409528594e+01
1.885000000000000000e+03,1.317962490015363031e+01
1.886000000000000000e+03,1.299330169162108817e+01
1.887000000000000000e+03,1.369707397325692888e+01
1.888000000000000000e+03,1.415465465624427210e+01
1.889000000000000000e+03,1.419939365860443914e+01
1.890000000000000000e+03,1.457255665764228958e+01
1.891000000000000000e+03,1.494655542899811707e+01
1.892000000000000000e+03,1.529749877242022471e+01
1.893000000000000000e+03,1.578611959375843909e+01
1.894000000000000000e+03,1.603871417448451808e+01
1.895000000000000000e+03,1.648678345045398075e+01
1.896000000000000000e+03,1.659578538684400328e+01
1.897000000000000000e+03,1.725857907951999337e+01
1.898000000000000000e+03,1.724366966725694539e+01
1.899000000000000000e+03,1.747822527951387173e+01
1.900000000000000000e+03,1.814380900631417859e+01
1.901000000000000000e+03,1.799006808392382339e+01
1.902000000000000000e+03,1.824052943569456531e+01
1.903000000000000000e+03,1.864370830399159118e+01
1.904000000000000000e+03,1.911594875392586701e+01
1.905000000000000000e+03,1.904500320445472994e+01
1.906000000000000000e+03,1.947304530981192272e+01
1.907000000000000000e+03,1.963551039761462746e+01
1.908000000000000000e+03,2.033132146115871564e+01
1.909000000000000000e+03,2.036523473542217033e+01
1.910000000000000000e+03,2.051419619503465697e+01
1.911000000000000000e+03,2.045495849694382073e+01
1.912000000000000000e+03,2.068833381214156830e+01
1.913000000000000000e+03,2.146995921451258127e+01
1.914000000000000000e+03,2.140748191101785025e+01
1.915000000000000000e+03,2.191993976713012060e+01
1.916000000000000000e+03,2.179127528435544647e+01
1.917000000000000000e+03,2.203226487983897997e+01
1.918000000000000000e+03,2.222892997277612892e+01
1.919000000000000000e+03,2.194540855995018802e+01
1.920000000000000000e+03,2.241370509654275978e+01
1.921000000000000000e+03,2.273204141103861176e+01
1.922000000000000000e+03,2.257334955425095657e+01
1.923000000000000000e+03,2.269583490603674747e+01
1.924000000000000000e+03,2.286893108612356684e+01
1.925000000000000000e+03,2.330896736200544339e+01
1.926000000000000000e+03,2.351742536023042618e+01
1.927000000000000000e+03,2.323469232121707506e+01
1.928000000000000000e+03,2.323826814122329054e+01
1.929000000000000000e+03,2.334139757212938449e+01
1.930000000000000000e+03,2.362814107359227833e+01
1.931000000000000000e+03,2.333656969850090235e+01
1.932000000000000000e+03,2.365225882883425967e+01
1.933000000000000000e+03,2.341572596851041510e+01
1.934000000000000000e+03,2.373765384613715312e+01
1.935000000000000000e+03,2.366885355563434246e+01
1.936000000000000000e+03,2.410206236663146129e+01
1.937000000000000000e+03,2.418472667482867422e+01
1.938000000000000000e+03,2.400799427320931301e+01
1.939000000000000000e+03,2.420215847933474507e+01
1.940000000000000000e+03,2.401718415794354655e+01
1.941000000000000000e+03,2.472714103294821086e+01
1.942000000000000000e+03,2.414034713684132782e+01
1.943000000000000000e+03,2.412205513288915881e+01
1.944000000000000000e+03,2.378503383094341217e+01
1.945000000000000000e+03,2.407450542509704761e+01
1.946000000000000000e+03,2.399019621020931936e+01
1.947000000000000000e+03,2.430025171067647349e+01
1.948000000000000000e+03,2.424911311392022384e+01
1.949000000000000000e+03,2.420531606669100100e+01
1.950000000000000000e+03,2.461822807913071998e+01
1.951000000000000000e+03,2.442341513095730932e+01
1.952000000000000000e+03,2.465780990462953781e+01
1.953000000000000000e+03,2.450652078947427270e+01
1.954000000000000000e+03,2.440475824831758800e+01
1.955000000000000000e+03,2.479996878643195402e+01
1.956000000000000000e+03,2.426235465872730757e+01
1.957000000000000000e+03,2.460017671405383410e+01
1.958000000000000000e+03,2.517137751156898418e+01
1.959000000000000000e+03,2.454978133093194614e+01
1.960000000000000000e+03,2.444952753460536954e+01
1.961000000000000000e+03,2.455381247863901351e+01
1.962000000000000000e+03,2.448424815577729774e+01
1.963000000000000000e+03,2.457720201951677197e+01
1.964000000000000000e+03,2.430327259400067064e+01
1.965000000000000000e+03,2.416380239443386557e+01
1.966000000000000000e+03,2.438615389871491246e+01
1.967000000000000000e+03,2.456457553045310860e+01
1.968000000000000000e+03,2.479710177947315231e+01
1.969000000000000000e+03,2.455407756047901557e+01
1.970000000000000000e+03,2.457256979909634254e+01
1.971000000000000000e+03,2.450904508242937041e+01
1.972000000000000000e+03,2.485142596560416095e+01
1.973000000000000000e+03,2.460655936125453636e+01
1.974000000000000000e+03,2.474619449705977914e+01
1.975000000000000000e+03,2.464762512648652759e+01
1.976000000000000000e+03,2.443004936174170538e+01
1.977000000000000000e+03,2.437726043157014644e+01
1.978000000000000000e+03,2.477163531211582281e+01
1.979000000000000000e+03,2.453396658123345375e+01
1.980000000000000000e+03,2.439515843579841814e+01
1.981000000000000000e+03,2.460927442075227844e+01
1.982000000000000000e+03,2.433309564219318588e+01
1.983000000000000000e+03,2.455176873836880347e+01
1.984000000000000000e+03,2.476593411509246323e+01
1.985000000000000000e+03,2.448458972069158790e+01
1.986000000000000000e+03,2.441695250466216649e+01
1.987000000000000000e+03,2.458434749914666995e+01
1.988000000000000000e+03,2.442560324689955209e+01
1.989000000000000000e+03,2.464731366500165777e+01
1.990000000000000000e+03,2.451771241016208691e+01
1.991000000000000000e+03,2.457166457544345661e+01
1.992000000000000000e+03,2.437819689830453740e+01
1.993000000000000000e+03,2.456633736136040014e+01
1.994000000000000000e+03,2.449559605916697791e+01
1.995000000000000000e+03,2.477388743302599394e+01
1.996000000000000000e+03,2.464266970268963775e+01
1.997000000000000000e+03,2.446247171451742020e+01
1.998000000000000000e+03,2.472086883445205885e+01
1.999000000000000000e+03,2.470582449154154858e+01
2.000000000000000000e+03,2.486812200925018956e+01
2.001000000000000000e+03,2.476693936269724006e+01
2.002000000000000000e+03,2.463582093369861425e+01
2.003000000000000000e+03,2.469846189203265752e+01
2.004000000000000000e+03,2.478201722274163288e+01
2.005000000000000000e+03,2.450260772246810603e+01
2.006000000000000000e+03,2.518524083583547579e+01
2.007000000000000000e+03,2.461557443899608089e+01
2.008000000000000000e+03,2.468589539953131506e+01
2.009000000000000000e+03,2.476693866956614443e+01
2.010000000000000000e+03,2.462088969751475176e+01
2.011000000000000000e+03,2.446650923795037613e+01
2.012000000000000000e+03,2.450327151231798695e+01
2.013000000000000000e+03,2.443080173252165821e+01
2.014000000000000000e+03,2.428224108917116908e+01
2.015000000000000000e+03,2.445304184516943735e+01
2.016000000000000000e+03,2.456826724805601003e+01
2.017000000000000000e+03,2.384648619265858116e+01
2.018000000000000000e+03,2.415866000449911866e+01
2.019000000000000000e+03,2.475199631261033772e+01
2.020000000000000000e+03,2.460647593492574359e+01
2.021000000000000000e+03,2.473219263008865099e+01
2.022000000000000000e+03,2.471690813384169871e+01
2.023000000000000000e+03,2.465615126938794432e+01
2.024000000000000000e+03,2.429820327108544475e+01
2.025000000000000000e+03,2.469353869566448623e+01
2.026000000000000000e+03,2.494486298877801644e+01
2.027000000000000000e+03,2.457301539310532945e+01
2.028000000000000000e+03,2.421382766208843407e+01
2.029000000000000000e+03,2.440012270373139813e+01
2.030000000000000000e+03,2.445060892053598067e+01
2.031000000000000000e+03,2.468610643127664162e+01
2.032000000000000000e+03,2.443805050480144914e+01
2.033000000000000000e+03,2.420742492439169524e+01
2.034000000000000000e+03,2.459060551080209933e+01
2.035000000000000000e+03,2.435815515775943041e+01
2.036000000000000000e+03,2.509105897387960127e+01
2.037000000000000000e+03,2.487563434385012329e+01
2.038000000000000000e+03,2.469110607422641479e+01
2.039000000000000000e+03,2.433969604398077635e+01
2.040000000000000000e+03,2.464731187757943331e+01
2.041000000000000000e+03,2.489411515086725046e+01
2.042000000000000000e+03,2.488285567549641542e+01
2.043000000000000000e+03,2.467411502169722937e+01
2.044000000000000000e+03,2.482845266908446291e+01
2.045000000000000000e+03,2.496296742193147011e+01
2.046000000000000000e+03,2.502564481986200562e+01
2.047000000000000000e+03,2.513862973046112970e+01
2.048000000000000000e+03,2.522992448177508962e+01
2.049000000000000000e+03,2.469511853998151452e+01
2.050000000000000000e+03,2.430232914451463699e+01
2.051000000000000000e+03,2.448453291976006696e+01
2.052000000000000000e+03,2.425180170538100555e+01
2.053000000000000000e+03,2.418054165884299778e+01
2.054000000000000000e+03,2.423249494143804483e+01
2.055000000000000000e+03,2.387015945184985455e+01
2.056000000000000000e+03,2.454233707206949333e+01
2.057000000000000000e+03,2.434614753139698351e+01
2.058000000000000000e+03,2.481216790656856830e+01
2.059000000000000000e+03,2.415482547511692601e+01
2.060000000000000000e+03,2.449580222672669905e+01
2.061000000000000000e+03,2.434499777309006063e+01
2.062000000000000000e+03,2.457610248380176898e+01
2.063000000000000000e+03,2.454612495791666049e+01
2.064000000000000000e+03,2.452790619872209632e+01
2.065000000000000000e+03,2.431064864740703158e+01
2.066000000000000000e+03,2.442624274656688499e+01
2.067000000000000000e+03,2.456855452451488020e+01
2.068000000000000000e+03,2.444407251300803807e+01
2.069000000000000000e+03,2.427520200984568177e+01
2.070000000000000000e+03,2.444072538002403761e+01
2.071000000000000000e+03,2.439462010502139577e+01
2.072000000000000000e+03,2.457080217013402645e+01
2.073000000000000000e+03,2.449403724528197301e+01
2.074000000000000000e+03,2.446750493122224768e+01
2.075000000000000000e+03,2.447630592799816185e+01
2.076000000000000000e+03,2.437944928396379751e+01
2.077000000000000000e+03,2.451381763370309841e+01
2.078000000000000000e+03,2.458975972946796063e+01
2.079000000000000000e+03,2.451497614221220545e+01
2.080000000000000000e+03,2.446382576998966130e+01
2.081000000000000000e+03,2.431909608089041441e+01
2.082000000000000000e+03,2.449605471299196680e+01
2.083000000000000000e+03,2.456207167640489786e+01
2.084000000000000000e+03,2.465698853229684318e+01
2.085000000000000000e+03,2.435208205188218500e+01
2.086000000000000000e+03,2.445662206077274092e+01
2.087000000000000000e+03,2.432519533592902761e+01
2.088000000000000000e+03,2.422771460850512426e+01
2.089000000000000000e+03,2.443766891995824864e+01
2.090000000000000000e+03,2.453815478275431516e+01
2.091000000000000000e+03,2.437381173340150298e+01
2.092000000000000000e+03,2.437014038278002559e+01
2.093000000000000000e+03,2.436510404436628363e+01
2.094000000000000000e+03,2.459373087763547616e+01
2.095000000000000000e+03,2.447441676096197227e+01
2.096000000000000000e+03,2.442940249084858095e+01
2.097000000000000000e+03,2.434090850205205570e+01
2.098000000000000000e+03,2.446825547261151002e+01
2.099000000000000000e+03,2.449732495105384800e+01
2.100000000000000000e+03,2.446475774577828588e+01
2.101000000000000000e+03,2.442385685182893695e+01
2.102000000000000000e+03,2.443842634713464079e+01
2.103000000000000000e+03,2.425551268457787302e+01
2.104000000000000000e+03,2.446293668794686482e+01
2.105000000000000000e+03,2.451147511960705927e+01
2.106000000000000000e+03,2.440102058774234095e+01
2.107000000000000000e+03,2.442275624800472755e+01
2.108000000000000000e+03,2.430898398364348267e+01
2.109000000000000000e+03,2.441930842299766979e+01
2.110000000000000000e+03,2.456556549704343695e+01
2.111000000000000000e+03,2.412342900265246115e+01
2.112000000000000000e+03,2.406605671961687776e+01
2.113000000000000000e+03,2.415019204874118586e+01
2.114000000000000000e+03,2.407557413089367770e+01
2.115000000000000000e+03,2.425685884563429084e+01
2.116000000000000000e+03,2.435343921449319637e+01
2.117000000000000000e+03,2.434548538170820819e+01
2.118000000000000000e+03,2.404351093218572899e+01
2.119000000000000000e+03,2.424506869539520793e+01
2.120000000000000000e+03,2.431516208837436821e+01
2.121000000000000000e+03,2.419696807946048267e+01
2.122000000000000000e+03,2.411572313252581878e+01
2.123000000000000000e+03,2.403525991993453559e+01
2.124000000000000000e+03,2.405049277206711977e+01
2.125000000000000000e+03,2.411922762854759128e+01
2.126000000000000000e+03,2.407489945877341952e+01
2.127000000000000000e+03,2.417230615856063736e+01
2.128000000000000000e+03,2.389328617520143894e+01
2.129000000000000000e+03,2.377993627307632352e+01
2.130000000000000000e+03,2.402158843810746092e+01
2.131000000000000000e+03,2.440619484406484574e+01
2.132000000000000000e+03,2.421808831224003811e+01
2.133000000000000000e+03,2.400316391104889036e+01
2.134000000000000000e+03,2.408924085411933191e+01
2.135000000000000000e+03,2.411508969817437276e+01
2.136000000000000000e+03,2.409149506666916807e+01
2.137000000000000000e+03,2.395827593984178350e+01
2.138000000000000000e+03,2.373174362219388556e+01
2.139000000000000000e+03,2.346811803573339361e+01
2.140000000000000000e+03,2.317644474273673083e+01
2.141000000000000000e+03,2.396015786938974657e+01
2.142000000000000000e+03,2.395790426981835708e+01
2.143000000000000000e+03,2.379416561796922380e+01
2.144000000000000000e+03,2.380597355203669352e+01
2.145000000000000000e+03,2.388361563741443305e+01
2.146000000000000000e+03,2.397930816649626351e+01
2.147000000000000000e+03,2.396475496616579548e+01
2.148000000000000000e+03,2.382140926265202552e+01
2.149000000000000000e+03,2.373935769946246310e+01
2.150000000000000000e+03,2.368221648708770033e+01
2.151000000000000000e+03,2.383995692817305923e+01
2.152000000000000000e+03,2.375542611213036182e+01
2.153000000000000000e+03,2.375500323649099954e+01
2.154000000000000000e+03,2.360432263380008067e+01
2.155000000000000000e+03,2.382457144413443473e+01
2.156000000000000000e+03,2.379238795119026051e+01
2.157000000000000000e+03,2.402455210114524675e+01
2.158000000000000000e+03,2.381697394596720940e+01
2.159000000000000000e+03,2.360819910257095344e+01
2.160000000000000000e+03,2.378396099800438535e+01
2.161000000000000000e+03,2.378136278536140580e+01
2.162000000000000000e+03,2.385803507363429077e+01
2.163000000000000000e+03,2.379021515560522460e+01
2.164000000000000000e+03,2.377259748225202074e+01
2.165000000000000000e+03,2.377709712638008099e+01
2.166000000000000000e+03,2.384310003896840868e+01
2.167000000000000000e+03,2.428601841410464957e+01
2.168000000000000000e+03,2.382213128018965875e+01
2.169000000000000000e+03,2.415727437569546510e+01
2.170000000000000000e+03,2.400662654497001469e+01
2.171000000000000000e+03,2.413557836332999429e+01
2.172000000000000000e+03,2.430326336268820597e+01
2.173000000000000000e+03,2.423838713636031983e+01
2.174000000000000000e+03,2.417094096871365849e+01
2.175000000000000000e+03,2.396375000307733316e+01
2.176000000000000000e+03,2.398620092703222184e+01
2.177000000000000000e+03,2.385745418227064008e+01
2.178000000000000000e+03,2.437380977568350460e+01
2.179000000000000000e+03,2.420404120327224007e+01
2.180000000000000000e+03,2.397843334200182142e+01
2.181000000000000000e+03,2.404361604004177977e+01
2.182000000000000000e+03,2.398283691512212812e+01
2.183000000000000000e+03,2.414562850213831169e+01
2.184000000000000000e+03,2.426486794537172642e+01
2.185000000000000000e+03,2.407061440709832922e+01
2.186000000000000000e+03,2.393179636402488342e+01
2.187000000000000000e+03,2.416346279715581247e+01
2.188000000000000000e+03,2.425630296151227583e+01
2.189000000000000000e+03,2.406532449083885794e+01
2.190000000000000000e+03,2.420476130202282050e+01
2.191000000000000000e+03,2.401144856760804913e+01
2.192000000000000000e+03,2.389712591887403192e+01
2.193000000000000000e+03,2.408776215344840566e+01
2.194000000000000000e+03,2.421838747866255304e+01
2.195000000000000000e+03,2.409617520688673409e+01
2.196000000000000000e+03,2.391104122657394626e+01
2.197000000000000000e+03,2.394516533044735951e+01
2.198000000000000000e+03,2.404548161044111865e+01
2.199000000000000000e+03,2.406746913099082974e+01
2.200000000000000000e+03,2.404751755206018871e+01
2.201000000000000000e+03,2.387783103424124675e+01
2.202000000000000000e+03,2.390707667098035927e+01
2.203000000000000000e+03,2.398528149347995964e+01
2.204000000000000000e+03,2.402794299837610126e+01
2.205000000000000000e+03,2.399891261937849407e+01
2.206000000000000000e+03,2.399031083058483560e+01
2.207000000000000000e+03,2.387305034413243376e+01
2.208000000000000000e+03,2.370935362189014128e+01
2.209000000000000000e+03,2.385439388640465097e+01
2.210000000000000000e+03,2.389728413371156535e+01
2.211000000000000000e+03,2.379976927776539242e+01
2.212000000000000000e+03,2.348991825077052198e+01
2.213000000000000000e+03,2.360590826119569385e+01
2.214000000000000000e+03,2.363106849599002501e+01
2.215000000000000000e+03,2.360062278890382359e+01
2.216000000000000000e+03,2.369168287169697606e+01
2.217000000000000000e+03,2.335690473497638209e+01
2.218000000000000000e+03,2.354816943884002001e+01
2.219000000000000000e+03,2.360724519075585093e+01
2.220000000000000000e+03,2.364405461080853144e+01
2.221000000000000000e+03,2.368461064298536911e+01
2.222000000000000000e+03,2.331820715969868729e+01
2.223000000000000000e+03,2.356219533754801887e+01
2.224000000000000000e+03,2.355225298939673806e+01
2.225000000000000000e+03,2.346841194585323365e+01
2.226000000000000000e+03,2.356750147352695279e+01
2.227000000000000000e+03,2.332486030417037526e+01
2.228000000000000000e+03,2.331947600539093557e+01
2.229000000000000000e+03,2.322077900792484328e+01
2.230000000000000000e+03,2.347705746264915305e+01
2.231000000000000000e+03,2.340609026767423373e+01
2.232000000000000000e+03,2.334059308454972381e+01
2.233000000000000000e+03,2.327150890667723004e+01
2.234000000000000000e+03,2.330411782552517153e+01
2.235000000000000000e+03,2.342735334189899987e+01
2.236000000000000000e+03,2.342106569942717087e+01
2.237000000000000000e+03,2.324606837781066560e+01
2.238000000000000000e+03,2.356908030288264655e+01
2.239000000000000000e+03,2.345342917082864176e+01
2.240000000000000000e+03,2.347910986436868086e+01
2.241000000000000000e+03,2.366980129907688379e+01
2.242000000000000000e+03,2.349350577951294028e+01
2.243000000000000000e+03,2.339882677238450270e+01
2.244000000000000000e+03,2.338139124221651244e+01
2.245000000000000000e+03,2.319823351018463953e+01
2.246000000000000000e+03,2.347363652609685047e+01
2.247000000000000000e+03,2.341325895965693960e+01
2.248000000000000000e+03,2.335585412660463334e+01
2.249000000000000000e+03,2.340717556618212214e+01
2.250000000000000000e+03,2.332381412382409636e+01
2.251000000000000000e+03,2.319180496856371931e+01
2.252000000000000000e+03,2.370022577254601970e+01
2.253000000000000000e+03,2.363544445164032481e+01
2.254000000000000000e+03,2.342886329408116808e+01
2.255000000000000000e+03,2.335454388200481546e+01
2.256000000000000000e+03,2.348473678651742347e+01
2.257000000000000000e+03,2.358764326842408821e+01
2.258000000000000000e+03,2.337424613186725253e+01
2.259000000000000000e+03,2.354957985163882839e+01
2.260000000000000000e+03,2.317938676315244351e+01
2.261000000000000000e+03,2.331209882766825103e+01
2.262000000000000000e+03,2.347077575644790315e+01
2.263000000000000000e+03,2.354340588535330880e+01
2.264000000000000000e+03,2.324030560673174861e+01
2.265000000000000000e+03,2.328327975115401927e+01
2.266000000000000000e+03,2.292498354463559807e+01
2.267000000000000000e+03,2.338941812447160373e+01
2.268000000000000000e+03,2.339975042253796289e+01
2.269000000000000000e+03,2.341580609896468701e+01
2.270000000000000000e+03,2.334690326664215831e+01
2.271000000000000000e+03,2.319067665893642172e+01
2.272000000000000000e+03,2.329851477298294427e+01
2.273000000000000000e+03,2.341830576341432035e+01
2.274000000000000000e+03,2.332700934081007560e+01
2.275000000000000000e+03,2.316714328225490505e+01
2.276000000000000000e+03,2.320785308597634966e+01
2.277000000000000000e+03,2.322219417342624581e+01
2.278000000000000000e+03,2.341944791489485311e+01
2.279000000000000000e+03,2.299668987785832286e+01
2.280000000000000000e+03,2.255554236840246318e+01
2.281000000000000000e+03,2.270720604532004216e+01
2.282000000000000000e+03,2.278774955731532259e+01
2.283000000000000000e+03,2.303869585157406163e+01
2.284000000000000000e+03,2.273406460605145440e+01
2.285000000000000000e+03,2.261110744458528643e+01
2.286000000000000000e+03,2.249843488766071076e+01
2.287000000000000000e+03,2.265757665171346957e+01
2.288000000000000000e+03,2.280268306078225038e+01
2.289000000000000000e+03,2.263670882346079338e+01
2.290000000000000000e+03,2.273049312391204779e+01
2.291000000000000000e+03,2.253082214329267785e+01
2.292000000000000000e+03,2.249480004866028438e+01
2.293000000000000000e+03,2.279356839118664979e+01
2.294000000000000000e+03,2.261303869466740579e+01
2.295000000000000000e+03,2.274526686270310094e+01
2.296000000000000000e+03,2.233204683685294611e+01
2.297000000000000000e+03,2.260520543392041048e+01
2.298000000000000000e+03,2.249282443916849061e+01
2.299000000000000000e+03,2.276560601555700103e+01
2.300000000000000000e+03,2.262421000116529157e+01
2.301000000000000000e+03,2.264322400727211004e+01
2.302000000000000000e+03,2.237311826376730650e+01
2.303000000000000000e+03,2.254704106821331422e+01
2.304000000000000000e+03,2.267670913292825929e+01
2.305000000000000000e+03,2.254256894949689638e+01
2.306000000000000000e+03,2.242038685808165965e+01
2.307000000000000000e+03,2.245371862602339519e+01
2.308000000000000000e+03,2.250130631541949455e+01
2.309000000000000000e+03,2.296983505804855241e+01
2.310000000000000000e+03,2.279452188787205458e+01
2.311000000000000000e+03,2.274306809726893519e+01
2.312000000000000000e+03,2.257746649669235239e+01
2.313000000000000000e+03,2.271773566910482600e+01
2.314000000000000000e+03,2.267416952657133677e+01
2.315000000000000000e+03,2.305570316434514666e+01
2.316000000000000000e+03,2.284308791568795982e+01
2.317000000000000000e+03,2.269758085079642385e+01
2.318000000000000000e+03,2.260786273983989858e+01
2.319000000000000000e+03,2.279596058634961153e+01
2.320000000000000000e+03,2.290603463848213295e+01
2.321000000000000000e+03,2.291875150821041629e+01
2.322000000000000000e+03,2.246146650476100248e+01
2.323000000000000000e+03,2.226781776780157429e+01
2.324000000000000000e+03,2.249083389939148603e+01
2.325000000000000000e+03,2.268447482520755898e+01
2.326000000000000000e+03,2.321629204744640518e+01
2.327000000000000000e+03,2.238734938363175431e+01
2.328000000000000000e+03,2.235096831020707953e+01
2.329000000000000000e+03,2.244217642213220998e+01
2.330000000000000000e+03,2.245464604928814012e+01
2.331000000000000000e+03,2.274971463803433736e+01
2.332000000000000000e+03,2.269559441601308336e+01
2.333000000000000000e+03,2.256424760466511970e+01
2.334000000000000000e+03,2.271022335053583774e+01
2.335000000000000000e+03,2.258730620838594660e+01
2.336000000000000000e+03,2.260678154574213394e+01
2.337000000000000000e+03,2.268730880324488552e+01
2.338000000000000000e+03,2.295933459970265389e+01
2.339000000000000000e+03,2.278543799540948811e+01
2.340000000000000000e+03,2.289363246650616546e+01
2.341000000000000000e+03,2.304695677532247089e+01
2.342000000000000000e+03,2.285182248461407184e+01
2.343000000000000000e+03,2.285721725485698386e+01
2.344000000000000000e+03,2.244033282732987900e+01
2.345000000000000000e+03,2.272474706726950799e+01
2.346000000000000000e+03,2.247733946130891880e+01
2.347000000000000000e+03,2.282818977287438500e+01
2.348000000000000000e+03,2.246689541117136102e+01
2.349000000000000000e+03,2.237615079624266556e+01
2.350000000000000000e+03,2.237895106019186287e+01
2.351000000000000000e+03,2.239676671336718883e+01
2.352000000000000000e+03,2.232436977947983436e+01
2.353000000000000000e+03,2.232755035621071116e+01
2.354000000000000000e+03,2.233328382371311704e+01
2.355000000000000000e+03,2.210648092448866464e+01
2.356000000000000000e+03,2.231387767867859395e+01
2.357000000000000000e+03,2.232203832708326985e+01
2.358000000000000000e+03,2.232581009701722508e+01
2.359000000000000000e+03,2.216180418377277306e+01
2.360000000000000000e+03,2.245322744387052083e+01
2.361000000000000000e+03,2.198391975711698976e+01
2.362000000000000000e+03,2.202517567136575494e+01
2.363000000000000000e+03,2.209778046457185852e+01
2.364000000000000000e+03,2.193867914676673081e+01
2.365000000000000000e+03,2.187623211008159529e+01
2.366000000000000000e+03,2.207119760750717674e+01
2.367000000000000000e+03,2.188373620782046913e+01
2.368000000000000000e+03,2.163653145622730634e+01
2.369000000000000000e+03,2.157817631172822459e+01
2.370000000000000000e+03,2.154374673559227205e+01
2.371000000000000000e+03,2.139814585573661532e+01
2.372000000000000000e+03,2.170154620008315760e+01
2.373000000000000000e+03,2.173327650270664790e+01
2.374000000000000000e+03,2.159321647155564605e+01
2.375000000000000000e+03,2.176241498570632515e+01
2.376000000000000000e+03,2.165773878607193126e+01
2.377000000000000000e+03,2.167517871371343929e+01
2.378000000000000000e+03,2.171532800066790614e+01
2.379000000000000000e+03,2.176926699119356812e+01
2.380000000000000000e+03,2.140055981479202529e+01
2.381000000000000000e+03,2.188676317473017363e+01
2.382000000000000000e+03,2.187464696331435476e+01
2.383000000000000000e+03,2.187716164036682898e+01
2.384000000000000000e+03,2.200486050140626659e+01
2.385000000000000000e+03,2.185441980744823454e+01
2.386000000000000000e+03,2.163409458442210465e+01
2.387000000000000000e+03,2.178994331104037130e+01
2.388000000000000000e+03,2.173491284285973535e+01
2.389000000000000000e+03,2.193433592107191288e+01
2.390000000000000000e+03,2.192321648396085010e+01
2.391000000000000000e+03,2.167505672153954421e+01
2.392000000000000000e+03,2.144835900884056556e+01
2.393000000000000000e+03,2.160922977034816128e+01
2.394000000000000000e+03,2.164849482211214493e+01
2.395000000000000000e+03,2.156744882110028882e+01
2.396000000000000000e+03,2.149001532899582756e+01
2.397000000000000000e+03,2.149934541870163329e+01
2.398000000000000000e+03,2.147631639120757185e+01
2.399000000000000000e+03,2.171004542574271312e+01
2.400000000000000000e+03,2.151407497528638757e+01
2.401000000000000000e+03,2.150215026185042433e+01
2.402000000000000000e+03,2.136996472482139353e+01
2.403000000000000000e+03,2.144115132381618949e+01
2.404000000000000000e+03,2.162283003383235425e+01
2.405000000000000000e+03,2.172757440552667063e+01
2.406000000000000000e+03,2.159895669508687277e+01
2.407000000000000000e+03,2.136888641964750590e+01
2.408000000000000000e+03,2.134957211738350935e+01
2.409000000000000000e+03,2.159902563555494837e+01
2.410000000000000000e+03,2.157681006995676753e+01
2.411000000000000000e+03,2.153947682906929018e+01
2.412000000000000000e+03,2.141568701934208718e+01
2.413000000000000000e+03,2.144250895607010676e+01
2.414000000000000000e+03,2.132985504459471215e+01
2.415000000000000000e+03,2.166192931055246973e+01
2.416000000000000000e+03,2.140946405755524395e+01
2.417000000000000000e+03,2.143181090098810770e+01
2.418000000000000000e+03,2.134702123306871613e+01
2.419000000000000000e+03,2.144007176799878067e+01
2.420000000000000000e+03,2.140083682089296246e+01
2.421000000000000000e+03,2.177324595637133697e+01
2.422000000000000000e+03,2.169990859506183511e+01
2.423000000000000000e+03,2.153235563826564203e+01
2.424000000000000000e+03,2.158147969231900376e+01
2.425000000000000000e+03,2.168398509613844283e+01
2.426000000000000000e+03,2.201381684821700091e+01
2.427000000000000000e+03,2.186825770079773079e+01
2.428000000000000000e+03,2.201807495184477759e+01
2.429000000000000000e+03,2.230326398679047628e+01
2.430000000000000000e+03,2.233238827567864604e+01
2.431000000000000000e+03,2.246674201671497784e+01
2.432000000000000000e+03,2.240828533279108115e+01
2.433000000000000000e+03,2.212202354079501987e+01
2.434000000000000000e+03,2.208390458743098250e+01
2.435000000000000000e+03,2.225051940572172171e+01
2.436000000000000000e+03,2.243330805584877652e+01
2.437000000000000000e+03,2.235580925251084139e+01
2.438000000000000000e+03,2.229093420162623573e+01
2.439000000000000000e+03,2.216372323086140739e+01
2.440000000000000000e+03,2.209375601723949600e+01
2.441000000000000000e+03,2.229607367802990225e+01
2.442000000000000000e+03,2.249030333140695959e+01
2.443000000000000000e+03,2.221949018724171054e+01
2.444000000000000000e+03,2.210162480063960189e+01
2.445000000000000000e+03,2.195819738149521427e+01
2.446000000000000000e+03,2.218307089170224700e+01
2.447000000000000000e+03,2.230250884571774606e+01
2.448000000000000000e+03,2.226266417612331594e+01
2.449000000000000000e+03,2.199706940211399342e+01
2.450000000000000000e+03,2.199321739386866525e+01
2.451000000000000000e+03,2.228078208515103853e+01
2.452000000000000000e+03,2.234864752461999871e+01
2.453000000000000000e+03,2.219474428596354443e+01
2.454000000000000000e+03,2.217238925701622421e+01
2.455000000000000000e+03,2.218389073667695399e+01
2.456000000000000000e+03,2.198909267056481909e+01
2.457000000000000000e+03,2.198302544131673386e+01
2.458000000000000000e+03,2.165303755817290821e+01
2.459000000000000000e+03,2.135906572107651868e+01
2.460000000000000000e+03,2.136103504377706486e+01
2.461000000000000000e+03,2.121447523555914216e+01
2.462000000000000000e+03,2.148771777401444893e+01
2.463000000000000000e+03,2.151905770092206183e+01
2.464000000000000000e+03,2.122287922785294256e+01
2.465000000000000000e+03,2.130901026687987709e+01
2.466000000000000000e+03,2.119999798982090056e+01
2.467000000000000000e+03,2.135407770200969679e+01
2.468000000000000000e+03,2.144028527559021668e+01
2.469000000000000000e+03,2.129496303188192030e+01
2.470000000000000000e+03,2.127122463233540728e+01
2.471000000000000000e+03,2.128805649838249892e+01
2.472000000000000000e+03,2.166208935975118877e+01
2.473000000000000000e+03,2.151030568652575070e+01
2.474000000000000000e+03,2.160119951081310674e+01
2.475000000000000000e+03,2.127956299783769012e+01
2.476000000000000000e+03,2.152183231290968379e+01
2.477000000000000000e+03,2.175679300179997000e+01
2.478000000000000000e+03,2.182981363123794338e+01
2.479000000000000000e+03,2.189727941817942281e+01
2.480000000000000000e+03,2.169781970953028605e+01
2.481000000000000000e+03,2.160949202845085892e+01
2.482000000000000000e+03,2.138005184770022993e+01
2.483000000000000000e+03,2.158934952475552294e+01
2.484000000000000000e+03,2.180207552004552340e+01
2.485000000000000000e+03,2.172509592237746645e+01
2.486000000000000000e+03,2.177122576499368733e+01
2.487000000000000000e+03,2.186990405651359026e+01
2.488000000000000000e+03,2.151297285854577268e+01
2.489000000000000000e+03,2.203043011833041120e+01
2.490000000000000000e+03,2.193095434274255595e+01
2.491000000000000000e+03,2.190151144400023853e+01
2.492000000000000000e+03,2.187516381766275231e+01
2.493000000000000000e+03,2.170100173337885963e+01
2.494000000000000000e+03,2.200595374213244781e+01
2.495000000000000000e+03,2.189112459543831690e+01
2.496000000000000000e+03,2.183438985464008297e+01
2.497000000000000000e+03,2.202339862614804034e+01
2.498000000000000000e+03,2.231864684425897138e+01
2.499000000000000000e+03,2.220777850682285148e+01
2.500000000000000000e+03,2.218868659270420807e+01
2.501000000000000000e+03,2.219540352403156547e+01
2.502000000000000000e+03,2.211651414577662678e+01
2.503000000000000000e+03,2.213836900587106982e+01
2.504000000000000000e+03,2.220202399361330592e+01
2.505000000000000000e+03,2.210742820368268369e+01
2.506000000000000000e+03,2.204873257344566184e+01
2.507000000000000000e+03,2.180943030535426885e+01
2.508000000000000000e+03,2.184924194647278028e+01
2.509000000000000000e+03,2.195948542628342182e+01
2.510000000000000000e+03,2.197088691154236173e+01
2.511000000000000000e+03,2.195729742159714704e+01
2.512000000000000000e+03,2.192373160205080396e+01
2.513000000000000000e+03,2.183714217586737050e+01
2.514000000000000000e+03,2.191976446505836762e+01
2.515000000000000000e+03,2.217359901945322420e+01
2.516000000000000000e+03,2.184407391943671328e+01
2.517000000000000000e+03,2.170297570467531401e+01
2.518000000000000000e+03,2.172965928363356980e+01
2.519000000000000000e+03,2.155433306211069677e+01
2.520000000000000000e+03,2.183065802745867856e+01
2.521000000000000000e+03,2.169165512957762232e+01
2.522000000000000000e+03,2.175680526389341907e+01
2.523000000000000000e+03,2.152083741165880681e+01
2.524000000000000000e+03,2.170061722624706135e+01
2.525000000000000000e+03,2.163826917911607595e+01
2.526000000000000000e+03,2.168065325406819355e+01
2.527000000000000000e+03,2.116846331596771691e+01
2.528000000000000000e+03,2.121128691370399721e+01
2.529000000000000000e+03,2.140360708157299996e+01
2.530000000000000000e+03,2.134092792363698265e+01
2.531000000000000000e+03,2.147753914663275765e+01
2.532000000000000000e+03,2.140648780290820952e+01
2.533000000000000000e+03,2.131133237999863184e+01
2.534000000000000000e+03,2.133176839643038747e+01
2.535000000000000000e+03,2.131786417800449840e+01
2.536000000000000000e+03,2.151013379873525011e+01
2.537000000000000000e+03,2.152506572198818091e+01
2.538000000000000000e+03,2.125064389135411957e+01
2.539000000000000000e+03,2.133162013628187736e+01
2.540000000000000000e+03,2.139032169588431742e+01
2.541000000000000000e+03,2.167786420207541198e+01
2.542000000000000000e+03,2.135085658947267362e+01
2.543000000000000000e+03,2.138330774175438265e+01
2.544000000000000000e+03,2.121680441033810638e+01
2.545000000000000000e+03,2.126511654009972219e+01
2.546000000000000000e+03,2.133532903252922708e+01
2.547000000000000000e+03,2.186525367961181487e+01
2.548000000000000000e+03,2.144219912484807367e+01
2.549000000000000000e+03,2.135458045510119973e+01
2.550000000000000000e+03,2.155328644424902151e+01
2.551000000000000000e+03,2.172849721454891281e+01
2.552000000000000000e+03,2.190313299851170470e+01
2.553000000000000000e+03,2.182762284863660085e+01
2.554000000000000000e+03,2.144202460691208856e+01
2.555000000000000000e+03,2.160067618639632059e+01
2.556000000000000000e+03,2.150252467699127124e+01
2.557000000000000000e+03,2.184118410761236717e+01
2.558000000000000000e+03,2.166451542334010227e+01
2.559000000000000000e+03,2.164080118845726020e+01
2.560000000000000000e+03,2.161689958490613250e+01
2.561000000000000000e+03,2.159233070934222098e+01
2.562000000000000000e+03,2.175200874595124034e+01
2.563000000000000000e+03,2.168296979947744418e+01
2.564000000000000000e+03,2.174575185191408977e+01
2.565000000000000000e+03,2.160384964952530495e+01
2.566000000000000000e+03,2.169598888439632489e+01
2.567000000000000000e+03,2.181989961219828089e+01
2.568000000000000000e+03,2.179607034629575324e+01
2.569000000000000000e+03,2.171472085594136203e+01
2.570000000000000000e+03,2.162712711985189173e+01
2.571000000000000000e+03,2.168040917792631106e+01
2.572000000000000000e+03,2.176593130682450905e+01
2.573000000000000000e+03,2.178698096483153890e+01
2.574000000000000000e+03,2.167266617314783517e+01
2.575000000000000000e+03,2.160649476469962948e+01
2.576000000000000000e+03,2.177217532001103706e+01
2.577000000000000000e+03,2.150834621632902000e+01
2.578000000000000000e+03,2.206697388724310471e+01
2.579000000000000000e+03,2.167354863055498981e+01
2.580000000000000000e+03,2.179975131998247662e+01
2.581000000000000000e+03,2.153614830692075799e+01
2.582000000000000000e+03,2.200262663570529398e+01
2.583000000000000000e+03,2.182752915387963455e+01
2.584000000000000000e+03,2.191274467627831513e+01
2.585000000000000000e+03,2.201126022231214918e+01
2.586000000000000000e+03,2.126770351389195923e+01
2.587000000000000000e+03,2.145953406503204164e+01
2.588000000000000000e+03,2.170540824467085983e+01
2.589000000000000000e+03,2.160398647722104570e+01
2.590000000000000000e+03,2.146935856353959338e+01
2.591000000000000000e+03,2.130407634986305609e+01
2.592000000000000000e+03,2.134339918107948009e+01
2.593000000000000000e+03,2.158056928858324142e+01
2.594000000000000000e+03,2.156353449430614333e+01
2.595000000000000000e+03,2.130707733772802825e+01
2.596000000000000000e+03,2.092095976715427952e+01
2.597000000000000000e+03,2.104873123256667711e+01
2.598000000000000000e+03,2.115149815676138800e+01
2.599000000000000000e+03,2.136745724463225216e+01
2.600000000000000000e+03,2.088506879836445762e+01
2.601000000000000000e+03,2.125294135464923784e+01
2.602000000000000000e+03,2.113787234173279117e+01
2.603000000000000000e+03,2.137007903111062745e+01
2.604000000000000000e+03,2.083917460974865321e+01
2.605000000000000000e+03,2.100243287037650575e+01
2.606000000000000000e+03,2.087814451677688155e+01
2.607000000000000000e+03,2.072828219029448249e+01
2.608000000000000000e+03,2.087162500374266472e+01
2.609000000000000000e+03,2.133943014071178013e+01
2.610000000000000000e+03,2.099751993621730151e+01
2.611000000000000000e+03,2.103456142839830534e+01
2.612000000000000000e+03,2.099280190293161397e+01
2.613000000000000000e+03,2.115475176149504577e+01
2.614000000000000000e+03,2.138302309116620137e+01
2.615000000000000000e+03,2.146682297612088064e+01
2.616000000000000000e+03,2.141839230426546692e+01
2.617000000000000000e+03,2.141688352648445814e+01
2.618000000000000000e+03,2.131081278948740021e+01
2.619000000000000000e+03,2.112905872633294280e+01
2.620000000000000000e+03,2.169264748349081628e+01
2.621000000000000000e+03,2.136223886462879662e+01
2.622000000000000000e+03,2.130209735830630180e+01
2.623000000000000000e+03,2.153221345905675221e+01
2.624000000000000000e+03,2.137131032179094703e+01
2.625000000000000000e+03,2.169034916244541833e+01
2.626000000000000000e+03,2.180058385998539450e+01
2.627000000000000000e+03,2.165284071366177443e+01
2.628000000000000000e+03,2.167486046389061727e+01
2.629000000000000000e+03,2.162125838504098141e+01
2.630000000000000000e+03,2.153356060174716902e+01
2.631000000000000000e+03,2.179291243789011290e+01
2.632000000000000000e+03,2.182394841390374296e+01
2.633000000000000000e+03,2.158291819367105902e+01
2.634000000000000000e+03,2.154218961056822579e+01
2.635000000000000000e+03,2.168176146578506902e+01
2.636000000000000000e+03,2.213216221219034452e+01
2.637000000000000000e+03,2.237196853442446809e+01
2.638000000000000000e+03,2.184402429765504294e+01
2.639000000000000000e+03,2.176451307276167668e+01
2.640000000000000000e+03,2.152810684172664324e+01
2.641000000000000000e+03,2.182861911996320003e+01
2.642000000000000000e+03,2.182711132683007804e+01
2.643000000000000000e+03,2.133047023889262306e+01
2.644000000000000000e+03,2.162404003414583897e+01
2.645000000000000000e+03,2.162938508179735919e+01
2.646000000000000000e+03,2.179075008948258940e+01
2.647000000000000000e+03,2.190839757712504365e+01
2.648000000000000000e+03,2.179526422234294003e+01
2.649000000000000000e+03,2.166071145950201426e+01
2.650000000000000000e+03,2.159794186147415829e+01
2.651000000000000000e+03,2.183266518101835985e+01
2.652000000000000000e+03,2.182994445142882967e+01
2.653000000000000000e+03,2.197248488496671115e+01
2.654000000000000000e+03,2.173769062244922878e+01
2.655000000000000000e+03,2.159721599789441271e+01
2.656000000000000000e+03,2.174781598056395993e+01
2.657000000000000000e+03,2.186395664538130745e+01
2.658000000000000000e+03,2.175295550047712823e+01
2.659000000000000000e+03,2.168575394158005309e+01
2.660000000000000000e+03,2.169944646020357126e+01
2.661000000000000000e+03,2.168909809480804540e+01
2.662000000000000000e+03,2.214525898231084611e+01
2.663000000000000000e+03,2.172106186054264754e+01
2.664000000000000000e+03,2.174887994079675124e+01
2.665000000000000000e+03,2.158807497839172029e+01
2.666000000000000000e+03,2.137250282565803516e+01
2.667000000000000000e+03,2.157946002474620073e+01
2.668000000000000000e+03,2.154639181801734082e+01
2.669000000000000000e+03,2.149746724148060650e+01
2.670000000000000000e+03,2.140088870408686006e+01
2.671000000000000000e+03,2.113911276989125199e+01
2.672000000000000000e+03,2.148431000093523480e+01
2.673000000000000000e+03,2.154777808739097011e+01
2.674000000000000000e+03,2.151893912429723699e+01
2.675000000000000000e+03,2.144080110050133214e+01
2.676000000000000000e+03,2.147589737463238180e+01
2.677000000000000000e+03,2.147545168712364472e+01
2.678000000000000000e+03,2.137422451422033376e+01
2.679000000000000000e+03,2.148399272889268374e+01
2.680000000000000000e+03,2.142647919444089410e+01
2.681000000000000000e+03,2.133619010583798570e+01
2.682000000000000000e+03,2.148326116480203041e+01
2.683000000000000000e+03,2.161041833245130306e+01
2.684000000000000000e+03,2.168651121643432944e+01
2.685000000000000000e+03,2.136046973676089067e+01
2.686000000000000000e+03,2.139271003214610190e+01
2.687000000000000000e+03,2.147827427336961392e+01
2.688000000000000000e+03,2.152382690164052548e+01
2.689000000000000000e+03,2.164657205695441178e+01
2.690000000000000000e+03,2.144978098264784805e+01
2.691000000000000000e+03,2.138044798354871645e+01
2.692000000000000000e+03,2.145786872237389886e+01
2.693000000000000000e+03,2.140512436914353955e+01
2.694000000000000000e+03,2.160284030816954015e+01
2.695000000000000000e+03,2.152436773964315719e+01
2.696000000000000000e+03,2.137192141513319399e+01
2.697000000000000000e+03,2.134165423328990130e+01
2.698000000000000000e+03,2.147431984190478715e+01
2.699000000000000000e+03,2.161249886593571290e+01
2.700000000000000000e+03,2.197561543093435787e+01
2.701000000000000000e+03,2.175988642359607539e+01
2.702000000000000000e+03,2.177511917225590565e+01
2.703000000000000000e+03,2.183339719772009957e+01
2.704000000000000000e+03,2.187479229350101662e+01
2.705000000000000000e+03,2.193912455135565054e+01
2.706000000000000000e+03,2.171265219487388265e+01
2.707000000000000000e+03,2.202079983385721818e+01
2.708000000000000000e+03,2.172492799050156620e+01
2.709000000000000000e+03,2.162621201692147821e+01
2.710000000000000000e+03,2.192101262477288515e+01
2.711000000000000000e+03,2.187125271332102372e+01
2.712000000000000000e+03,2.171326899067209482e+01
2.713000000000000000e+03,2.169903864207019950e+01
2.714000000000000000e+03,2.185976666209380426e+01
2.715000000000000000e+03,2.188925447723914175e+01
2.716000000000000000e+03,2.193326327146996846e+01
2.717000000000000000e+03,2.170591728741402449e+01
2.718000000000000000e+03,2.150890040176950535e+01
2.719000000000000000e+03,2.183827554656297210e+01
2.720000000000000000e+03,2.187961143630823457e+01
2.721000000000000000e+03,2.199727944157827864e+01
2.722000000000000000e+03,2.172472809387939208e+01
2.723000000000000000e+03,2.195443501157762967e+01
2.724000000000000000e+03,2.180133627764264048e+01
2.725000000000000000e+03,2.197448950449660288e+01
2.726000000000000000e+03,2.186575716915469769e+01
2.727000000000000000e+03,2.177329818742808598e+01
2.728000000000000000e+03,2.167572670275160718e+01
2.729000000000000000e+03,2.179605218618402063e+01
2.730000000000000000e+03,2.148789297368496065e+01
2.731000000000000000e+03,2.168202274589078371e+01
2.732000000000000000e+03,2.163008260316573228e+01
2.733000000000000000e+03,2.136026434437694732e+01
2.734000000000000000e+03,2.133451781099714140e+01
2.735000000000000000e+03,2.150479268411810452e+01
2.736000000000000000e+03,2.163492449284118280e+01
2.737000000000000000e+03,2.146804726802725583e+01
2.738000000000000000e+03,2.141930155850224082e+01
2.739000000000000000e+03,2.130964768247020302e+01
2.740000000000000000e+03,2.140703647623948314e+01
2.741000000000000000e+03,2.127138850069562181e+01
2.742000000000000000e+03,2.145763497600712100e+01
2.743000000000000000e+03,2.120272648597257614e+01
2.744000000000000000e+03,2.109944518246689427e+01
2.745000000000000000e+03,2.134797746246847439e+01
2.746000000000000000e+03,2.140673445469145264e+01
2.747000000000000000e+03,2.127265631177836269e+01
2.748000000000000000e+03,2.136688805364522992e+01
2.749000000000000000e+03,2.121457736714030062e+01
2.750000000000000000e+03,2.127160883205705133e+01
2.751000000000000000e+03,2.132594836032400210e+01
2.752000000000000000e+03,2.153715286598663781e+01
2.753000000000000000e+03,2.109821375480348493e+01
2.754000000000000000e+03,2.130318885154242281e+01
2.755000000000000000e+03,2.122232651661996883e+01
2.756000000000000000e+03,2.168144824531130155e+01
2.757000000000000000e+03,2.144932588114094685e+01
2.758000000000000000e+03,2.135231653795772999e+01
2.759000000000000000e+03,2.101802300859114325e+01
2.760000000000000000e+03,2.120391994740482744e+01
2.761000000000000000e+03,2.117243620021466555e+01
2.762000000000000000e+03,2.140519859357177168e+01
2.763000000000000000e+03,2.142667171200169562e+01
2.764000000000000000e+03,2.129540465571414387e+01
2.765000000000000000e+03,2.121977141426493318e+01
2.766000000000000000e+03,2.120176049583939459e+01
2.767000000000000000e+03,2.137171783107706702e+01
2.768000000000000000e+03,2.143583102387340489e+01
2.769000000000000000e+03,2.110084216102532650e+01
2.770000000000000000e+03,2.150310310260369207e+01
2.771000000000000000e+03,2.137481652709912794e+01
2.772000000000000000e+03,2.161409451660606962e+01
2.773000000000000000e+03,2.156689842547447000e+01
2.774000000000000000e+03,2.157749099954196481e+01
2.775000000000000000e+03,2.135690831424232172e+01
2.776000000000000000e+03,2.150412810613469361e+01
2.777000000000000000e+03,2.151470997963605569e+01
2.778000000000000000e+03,2.154614403104715592e+01
2.779000000000000000e+03,2.152020806428914668e+01
2.780000000000000000e+03,2.152623000848594259e+01
2.781000000000000000e+03,2.131996050015223076e+01
2.782000000000000000e+03,2.137226960764123262e+01
2.783000000000000000e+03,2.181773588917037898e+01
2.784000000000000000e+03,2.158805284194958318e+01
2.785000000000000000e+03,2.163475158594053838e+01
2.786000000000000000e+03,2.133634817941647910e+01
2.787000000000000000e+03,2.145440984749400215e+01
2.788000000000000000e+03,2.149167622744261408e+01
2.789000000000000000e+03,2.168284591508238890e+01
2.790000000000000000e+03,2.156997525442291419e+01
2.791000000000000000e+03,2.147566806613825818e+01
2.792000000000000000e+03,2.112624706781130612e+01
2.793000000000000000e+03,2.119849204984120306e+01
2.794000000000000000e+03,2.158421917120410782e+01
2.795000000000000000e+03,2.154517233885189498e+01
2.796000000000000000e+03,2.143914320430910792e+01
2.797000000000000000e+03,2.130775601885873272e+01
2.798000000000000000e+03,2.159431555662170865e+01
2.799000000000000000e+03,2.146643906031917126e+01
2.800000000000000000e+03,2.155074437875308391e+01
2.801000000000000000e+03,2.132952223132762626e+01
2.802000000000000000e+03,2.146765931250087789e+01
2.803000000000000000e+03,2.151822270818067295e+01
2.804000000000000000e+03,2.152711989781193935e+01
2.805000000000000000e+03,2.149939880975554374e+01
2.806000000000000000e+03,2.133017478009492507e+01
2.807000000000000000e+03,2.140651474596534953e+01
2.808000000000000000e+03,2.164856981729423069e+01
2.809000000000000000e+03,2.182009142741464558e+01
2.810000000000000000e+03,2.175965485091983709e+01
2.811000000000000000e+03,2.156380381863475293e+01
2.812000000000000000e+03,2.158304610062854323e+01
2.813000000000000000e+03,2.150935051024827160e+01
2.814000000000000000e+03,2.175221862945121387e+01
2.815000000000000000e+03,2.163929079985696546e+01
2.816000000000000000e+03,2.151767252784504336e+01
2.817000000000000000e+03,2.150035103302599993e+01
2.818000000000000000e+03,2.147269764874507203e+01
2.819000000000000000e+03,2.153496424136568166e+01
